objective,dimensionality,population_size,num_iterations
rastrigin,3,50,150
inertia,acc_coef_1,acc_coef_2,best_value,average_value_top_80,median_value,stddev_value,average_time_ms
0.40,0.10000,0.41874,000.00000000,001.13180029,001.49255848,001.47368300,000.30
0.40,0.10000,0.85687,000.00000000,001.79092383,001.98991680,002.13802385,000.33
0.40,0.10000,1.75344,000.00000000,001.89041972,001.98991680,002.33072782,000.33
0.40,0.11960,0.85687,000.00000000,001.64168048,001.98991680,001.85072732,000.33
0.40,0.11960,1.75344,000.00000000,001.74117565,001.98991632,002.50545549,000.34
0.40,0.14305,0.85687,000.00000000,001.54218423,001.98991585,001.70515537,000.32
0.40,0.10000,0.10000,000.04745293,001.24555373,001.38282156,001.00436878,000.38
0.40,0.10000,0.20463,000.00000000,000.93899089,001.01499128,001.37827826,000.38
0.40,0.14305,0.41874,000.00000000,001.29362082,001.98991489,001.67026508,000.34
0.40,0.14305,1.75344,000.00000000,001.86554503,001.98991585,002.10883975,000.35
0.40,0.11960,0.20463,000.00000000,001.10705411,001.07570314,001.26447904,000.41
0.40,0.11960,0.10000,000.00960445,001.36691868,001.61407614,001.33383632,000.42
0.40,0.17109,0.85687,000.00000000,001.52974737,001.98991585,002.11238098,000.36
0.40,0.11960,0.41874,000.00000000,001.20889533,001.09533310,001.47725677,000.51
0.40,0.17109,1.75344,000.00000000,001.85310876,001.98991632,002.00419116,000.39
0.40,0.14305,0.20463,000.00000000,000.91489804,001.00507212,001.07691026,000.53
0.40,0.17109,0.20463,000.00004864,000.94029874,001.03164768,001.10846996,000.49
0.40,0.17109,0.41874,000.00000000,001.14645314,000.99496031,001.30447996,000.47
0.40,0.17109,0.10000,000.03299522,001.45103359,001.68015099,001.18488431,000.54
0.40,0.14305,0.10000,000.02613068,001.42779589,001.64571333,000.95195657,000.59
0.40,0.20463,0.10000,000.02180099,001.63946092,001.98274994,001.23268342,000.50
0.40,0.10000,0.50083,000.00000000,001.52978778,001.98991585,001.61578548,000.35
0.40,0.14305,1.02485,000.00000000,001.95260429,001.98991680,002.04186940,000.32
0.40,0.11960,1.02485,000.00000000,001.82823503,001.98991585,002.31686139,000.35
0.40,0.10000,1.02485,000.00000000,002.20134401,001.98991680,002.57153201,000.38
0.40,0.14305,0.50083,000.00000000,001.43043947,001.98991585,001.72169459,000.33
0.40,0.10000,0.24475,000.00000000,001.08051741,001.00941181,001.03382981,000.36
0.40,0.10000,2.09717,000.00000000,001.91529369,001.98991632,002.32766795,000.40
0.40,0.11960,2.09717,000.00000000,001.59193206,001.98991585,001.93388057,000.38
0.40,0.10000,0.11960,000.00018883,001.16249120,001.33067894,001.18713999,000.42
0.40,0.14305,2.09717,000.00000000,001.71630120,001.98991585,002.09650397,000.40
0.40,0.11960,0.11960,000.00543785,001.24255359,001.39946079,001.12744987,000.39
0.40,0.11960,0.24475,000.00000000,001.12473559,001.10521507,001.39839661,000.41
0.40,0.17109,1.02485,000.00000000,001.86554587,001.98991680,002.35028982,000.36
0.40,0.17109,2.09717,000.00000000,001.65411687,001.98991585,002.10818267,000.34
0.40,0.20463,0.85687,000.00000000,001.62924349,001.98991585,001.62452543,000.35
0.40,0.11960,0.50083,000.00000000,001.46756232,001.98991585,001.27356124,000.35
0.40,0.14305,0.24475,000.00000000,001.07107425,001.05940533,001.30320454,000.44
0.40,0.20463,0.41874,000.00000000,001.25621736,001.98991489,001.31881189,000.44
0.40,0.17109,0.50083,000.00000000,001.31831992,001.98991489,001.41476452,000.35
0.40,0.20463,1.75344,000.00000000,001.62924266,001.98991585,001.89992559,000.43
0.40,0.20463,0.20463,000.00004292,001.03779149,001.07047367,001.12842226,000.54
0.40,0.10000,0.59901,000.00000000,001.46768439,001.98991585,001.98177373,000.32
0.40,0.17109,0.24475,000.00000000,000.94393855,001.00423622,000.95871764,000.43
0.40,0.14305,1.22576,000.00000000,002.20134473,002.48739576,001.91060269,000.38
0.40,0.17109,0.11960,000.00251484,001.17254937,001.35621595,001.14814329,000.43
0.40,0.11960,1.22576,000.00000000,001.97747934,001.98991728,002.33802152,000.34
0.40,0.24475,0.10000,000.00377274,001.90156007,002.19120026,001.25730538,000.47
0.40,0.10000,2.50828,000.00000000,001.25613332,000.99495888,001.51220489,000.33
0.40,0.10000,1.22576,000.00000000,002.15159655,001.98991680,002.64374137,000.34
0.40,0.14305,0.59901,000.00000000,001.59193182,001.98991585,002.04545593,000.34
0.40,0.14305,0.11960,000.01622295,001.00615919,001.19320774,001.10281682,000.46
0.40,0.20463,0.11960,000.05757427,001.47497892,001.75776386,001.08213139,000.48
0.40,0.10000,0.29272,000.00000000,001.10167050,000.99736118,001.09732187,000.44
0.40,0.14305,2.50828,000.00000000,001.25613332,001.49243689,001.62686932,000.32
0.40,0.11960,0.14305,000.00016975,000.93900937,001.07604790,001.09372985,000.42
0.40,0.10000,0.14305,000.00006008,001.07451987,001.15345764,000.91641349,000.43
0.40,0.11960,2.50828,000.00000000,001.49243605,001.98991489,001.65112007,000.43
0.40,0.20463,0.50083,000.00000000,001.13177061,000.99495888,001.13524747,000.34
0.40,0.20463,1.02485,000.00000000,001.71630156,001.98991585,002.19694066,000.46
0.40,0.17109,0.59901,000.00000000,001.36807764,001.98991537,001.53168523,000.31
0.40,0.11960,0.59901,000.00000000,001.34320378,001.98991489,001.36058509,000.37
0.40,0.17109,2.50828,000.00000000,001.20638537,000.99495888,001.78036201,000.41
0.40,0.11960,0.29272,000.00000000,001.25742400,001.98991537,001.21672583,000.47
0.40,0.14305,0.29272,000.00000000,000.98777008,000.99590111,001.12235248,000.42
0.40,0.20463,2.09717,000.00000000,001.86554527,001.98991585,002.25572419,000.35
0.40,0.17109,1.22576,000.00000000,001.85310805,001.98991585,001.88002253,000.49
0.40,0.17109,0.29272,000.00000000,001.10519147,000.99752426,001.19485509,000.36
0.40,0.10000,0.71643,000.00000000,001.59206295,001.98991585,002.01672649,000.37
0.40,0.14305,0.71643,000.00000000,001.49245226,001.98991585,001.85936391,000.37
0.40,0.10000,3.00000,000.00000000,000.69646996,000.99495792,001.21270609,000.35
0.40,0.17109,0.14305,000.01308155,001.19808018,001.31153345,000.97136551,000.41
0.40,0.10000,1.46605,000.00000000,002.02722645,001.98991776,001.95478070,000.35
0.40,0.11960,1.46605,000.00000000,001.97747874,001.98991632,002.13106799,000.44
0.40,0.24475,0.11960,000.06665516,001.38249326,001.48263931,001.28371012,000.43
0.40,0.14305,3.00000,000.00000000,000.79596567,000.99495792,000.87482744,000.33
0.40,0.14305,1.46605,000.00000000,002.03966379,001.98991680,001.99180388,000.39
0.40,0.20463,0.59901,000.00000000,001.29347169,001.98991489,001.41867208,000.31
0.40,0.14305,0.14305,000.00127697,001.23060894,001.47557831,000.97554553,000.45
0.40,0.11960,3.00000,000.00000000,000.73378086,000.99495792,000.91924626,000.35
0.40,0.20463,0.24475,000.00020313,001.04167640,001.04277182,000.97178769,000.65
0.40,0.10000,0.35011,000.00000000,001.06972051,000.99499083,001.08636975,000.47
0.40,0.20463,0.14305,000.01250172,001.05195928,001.22656679,000.95144713,000.51
0.40,0.17109,0.71643,000.00000000,001.72873843,001.98991585,001.90044701,000.33
0.40,0.10000,0.17109,000.00000286,000.83275270,001.01160717,000.99494225,000.41
0.40,0.20463,2.50828,000.00000000,001.24369645,001.98991489,001.38137960,000.33
0.40,0.17109,3.00000,000.00000000,000.75865471,000.99495792,001.10842955,000.34
0.40,0.11960,0.71643,000.00000000,001.77865922,001.98991632,001.86709714,000.35
0.40,0.20463,1.22576,000.00000000,001.61680603,001.98991585,001.74826753,000.40
0.40,0.11960,0.35011,000.00000000,000.99510634,000.99498796,001.16917098,000.38
0.40,0.17109,0.35011,000.00000000,001.07007909,000.99496984,001.08407509,000.36
0.40,0.14305,0.35011,000.00000000,001.13190091,000.99515438,001.30422902,000.43
0.40,0.24475,0.85687,000.00000000,001.55462110,001.98991585,001.86168802,000.33
0.40,0.24475,0.20463,000.00007820,000.95003492,001.10461617,001.12094820,000.41
0.40,0.24475,1.75344,000.00000000,001.66655326,001.98991489,002.04632473,000.35
0.40,0.17109,1.46605,000.00000000,002.11428571,001.98991680,001.98004115,000.48
0.40,0.17109,0.17109,000.00188255,000.98774415,001.12579536,000.97085893,000.42
0.40,0.11960,0.17109,000.00012016,000.86707288,001.02105713,000.99168754,000.68
0.40,0.24475,0.41874,000.00000000,001.35563469,001.98991585,001.39875197,000.45
0.40,0.29272,1.75344,000.00000000,001.54218364,001.98991585,001.65805960,000.30
0.40,0.20463,0.71643,000.00000000,001.38050389,001.98991585,001.60737181,000.43
0.40,0.29272,0.10000,000.53899574,002.26249766,002.53200579,001.21326780,000.52
0.40,0.29272,0.85687,000.00000000,001.41781390,001.98991585,001.36025691,000.34
0.40,0.24475,0.14305,000.01351643,001.25553322,001.37693930,001.11924767,000.53
0.40,0.20463,0.29272,000.00000000,000.99599516,000.99553251,001.18402183,000.43
0.40,0.29272,0.20463,000.00000477,001.01733220,001.17564201,001.11859441,000.44
0.40,0.29272,0.41874,000.00000000,000.97748739,000.99495888,001.30301499,000.45
0.40,0.14305,0.17109,000.00000000,001.05802715,001.17608547,001.22654462,000.46
0.40,0.35011,1.75344,000.00000000,001.38050294,001.98991585,001.52848303,000.33
0.40,0.35011,0.85687,000.00000000,001.46756172,001.98991489,001.42285919,000.35
0.40,0.20463,0.17109,000.00454235,001.11500764,001.20825434,001.17140234,000.47
0.40,0.20463,1.46605,000.00000000,001.76604939,001.98991585,002.10225749,000.36
0.40,0.20463,3.00000,000.00000000,000.60941124,000.99495792,001.27490532,000.33
0.40,0.35011,0.41874,000.00000000,001.09445417,000.99495888,001.00972784,000.46
0.40,0.35011,0.20463,000.00124741,000.83922923,001.09019327,000.95279437,000.50
0.40,0.35011,0.10000,000.58874035,002.55085659,002.91943264,001.35307717,000.53
0.40,0.24475,1.02485,000.00000000,001.56705797,001.98991585,001.93776691,000.39
0.40,0.24475,0.24475,000.00007439,001.00453341,001.10389709,001.20829475,000.44
0.40,0.41874,0.85687,000.00000000,001.39293993,001.98991489,001.44495165,000.32
0.40,0.24475,2.09717,000.00000000,001.34319210,001.98991489,001.60432100,000.38
0.40,0.41874,0.10000,000.90267086,002.75142813,003.24047899,001.55359149,000.54
0.40,0.41874,0.20463,000.01331139,001.28252256,001.33804464,001.10206044,000.53
0.40,0.41874,1.75344,000.00000000,001.59193134,001.98991585,001.33502376,000.39
0.40,0.24475,0.50083,000.00000000,001.05729520,000.99495792,001.69352376,000.37
0.40,0.29272,2.09717,000.00000000,001.40537715,001.98991489,002.05209875,000.37
0.40,0.41874,0.41874,000.00000000,001.07836056,000.99504089,001.15834165,000.45
0.40,0.29272,1.02485,000.00000000,001.47999895,001.98991585,001.68671024,000.34
0.40,0.24475,0.17109,000.00180912,001.03997922,001.16341114,000.97903061,000.41
0.40,0.29272,0.11960,000.06984806,001.65851820,002.03150320,001.33398950,000.46
0.40,0.29272,0.50083,000.00000000,001.06969523,000.99495888,001.21414328,000.38
0.40,0.50083,0.10000,001.02481270,003.00930309,003.34761763,001.48719490,000.55
0.40,0.29272,0.24475,000.00000191,001.07825208,001.10921049,001.53622150,000.46
0.40,0.20463,0.35011,000.00000000,000.93305129,000.99496031,001.00037587,000.48
0.40,0.35011,2.09717,000.00000000,001.59193194,001.98991585,001.82313514,000.34
0.40,0.50083,0.85687,000.00000000,000.97008324,000.99495792,001.47857523,000.38
0.40,0.50083,0.20463,000.00752354,001.07066822,001.20635271,001.40651572,000.58
0.40,0.35011,1.02485,000.00000000,001.24369645,000.99495888,001.55849850,000.40
0.40,0.50083,0.41874,000.00000000,000.87173235,000.99495983,000.93670154,000.60
0.40,0.50083,1.75344,000.00000000,001.30588126,001.98991489,001.59971762,000.43
0.40,0.41874,1.02485,000.00000000,001.29344416,001.98991489,001.50297892,000.32
0.40,0.24475,2.50828,000.00000000,001.01983094,000.99495792,001.48175216,000.32
0.40,0.41874,2.09717,000.00000000,001.26857018,001.98991489,001.07639527,000.42
0.40,0.35011,0.24475,000.00021362,000.96901113,001.06587172,000.99393493,000.43
0.40,0.59901,0.20463,000.00150585,001.23845077,001.25279999,000.98175490,000.48
0.40,0.59901,0.10000,001.03658009,003.16169143,003.44317055,001.69235289,000.52
0.40,0.35011,0.11960,000.02026081,002.00536704,002.29206705,001.34379399,000.48
0.40,0.29272,2.50828,000.00000000,001.28100717,001.49243689,001.42369366,000.33
0.40,0.35011,0.50083,000.00000000,001.14420092,000.99495888,001.21042001,000.37
0.40,0.24475,0.59901,000.00000000,001.28127730,001.98991489,001.34726274,000.50
0.40,0.24475,1.22576,000.00000000,001.54218411,001.98991585,001.89052415,000.35
0.40,0.24475,0.29272,000.00000000,000.90855712,000.99568987,001.06559348,000.55
0.40,0.41874,0.24475,000.00004292,001.12070251,001.18861198,000.99181753,000.45
0.40,0.59901,0.41874,000.00000000,000.81350404,000.99495983,001.01491320,000.51
0.40,0.41874,0.11960,000.72155857,002.30529761,002.48806667,001.44595921,000.57
0.40,0.59901,0.85687,000.00000000,000.99495947,000.99495792,001.18775392,000.41
0.40,0.29272,0.59901,000.00000000,001.44268799,001.98991489,001.59600174,000.38
0.40,0.35011,2.50828,000.00000000,001.08201575,000.99495792,001.33409679,000.36
0.40,0.29272,1.22576,000.00000000,001.52974665,001.98991489,001.65126920,000.53
0.40,0.41874,0.50083,000.00000000,000.83636874,000.99495792,001.03935790,000.60
0.40,0.59901,1.75344,000.00000000,001.19394851,001.98991489,001.26398790,000.40
0.40,0.35011,1.22576,000.00000000,001.55462110,001.98991585,001.82498062,000.40
0.40,0.41874,1.22576,000.00000000,001.45512509,001.98991489,001.87123370,000.31
0.40,0.50083,1.02485,000.00000000,001.24369633,001.98991489,001.35909164,000.41
0.40,0.24475,3.00000,000.00000000,000.55966341,000.99495697,001.19771612,000.31
0.40,0.50083,0.11960,000.06674957,002.40546083,002.97043133,001.38857770,000.51
0.40,0.29272,0.29272,000.00000000,000.94386148,001.03048086,001.08164907,000.51
0.40,0.29272,0.14305,000.06572437,001.37400591,001.62176657,000.98114771,000.51
0.40,0.50083,2.09717,000.00000000,001.10688984,000.99495888,001.33872664,000.43
0.40,0.35011,0.14305,000.04240608,001.59715390,001.94573975,001.18770230,000.48
0.40,0.41874,2.50828,000.00000000,001.14420056,001.98991489,001.38495839,000.44
0.40,0.50083,0.50083,000.00000000,000.94537246,000.99495792,000.89932102,000.64
0.40,0.59901,0.11960,000.47852516,002.54098678,002.80774021,001.56310141,000.58
0.40,0.35011,0.29272,000.00000000,000.90121078,000.99735355,001.09413099,000.49
0.40,0.50083,0.24475,000.00144577,000.96286982,001.14266872,000.91191578,000.64
0.40,0.35011,0.59901,000.00000000,001.18151963,001.49265242,001.28233457,000.48
0.40,0.59901,0.24475,000.00001431,001.05657792,001.18527651,000.93674785,000.53
0.40,0.29272,3.00000,000.00000000,000.57210034,000.99495792,001.12086320,000.53
0.40,0.24475,1.46605,000.00000000,001.65411663,001.98991585,002.01217675,000.31
0.40,0.24475,0.71643,000.00000000,001.65411687,001.98991585,001.49160731,000.35
0.40,0.24475,0.35011,000.00000000,001.01999879,000.99496841,001.20270073,000.39
0.40,0.59901,1.02485,000.00000000,001.15663767,001.49243689,001.33398569,000.34
0.40,0.59901,0.50083,000.00000000,000.94583875,000.99495840,001.17984164,000.41
0.40,0.29272,1.46605,000.00000000,001.70386481,001.98991585,002.06440973,000.32
0.40,0.29272,0.71643,000.00000000,001.40537715,001.98991489,001.47237206,000.35
0.40,0.59901,2.09717,000.00000000,001.08306539,000.99495792,001.26198626,000.34
0.40,0.41874,0.29272,000.00000095,000.92315280,001.00949287,000.97167277,000.53
0.40,0.35011,3.00000,000.00000000,000.48504162,000.99495697,000.95453721,000.44
0.40,0.41874,0.59901,000.00000000,001.14431787,000.99496031,001.27813435,000.40
0.40,0.41874,0.14305,000.02745152,001.96454680,002.24663782,001.26105583,000.54
0.40,0.35011,1.46605,000.00000000,001.64167941,001.98991585,001.99674261,000.39
0.40,0.50083,2.50828,000.00000000,000.99495709,000.99495792,001.01251352,000.33
0.40,0.50083,1.22576,000.00000000,001.31831813,001.98991489,001.08349943,000.39
0.40,0.29272,0.35011,000.00000000,000.92650509,000.99496412,001.28647053,000.43
0.40,0.41874,3.00000,000.00000000,000.57210028,000.99495745,000.82497531,000.40
0.40,0.41874,1.46605,000.00000000,001.24369645,001.98991489,001.91859198,000.31
0.40,0.50083,0.14305,000.03411484,002.00410151,002.45347309,001.21040261,000.48
0.40,0.29272,0.17109,000.00304413,001.32568288,001.42443466,001.18230069,000.47
0.40,0.50083,0.59901,000.00000000,000.97026443,000.99495792,001.43830848,000.39
0.40,0.71643,0.10000,001.02507210,003.41276240,003.92550707,001.58708847,000.53
0.40,0.35011,0.17109,000.00635719,001.24329555,001.42541313,001.18612838,000.49
0.40,0.35011,0.35011,000.00000000,001.02240968,000.99501371,001.09516644,000.59
0.40,0.35011,0.71643,000.00000000,001.31967163,001.98991489,001.31192863,000.32
0.40,0.50083,0.29272,000.00000763,000.74128681,001.01678324,000.92287993,000.47
0.40,0.59901,0.14305,000.13589573,001.97791517,002.28784561,001.34043503,000.50
0.40,0.59901,2.50828,000.00000000,000.68403292,000.99495792,001.06697297,000.36
0.40,0.71643,1.75344,000.00000000,001.10688961,000.99495792,001.28880596,000.32
0.40,0.59901,1.22576,000.00000000,001.26857018,001.98991489,001.28079295,000.32
0.40,0.71643,0.85687,000.00000000,000.98252010,000.99495792,001.11767876,000.34
0.40,0.71643,0.20463,000.01498032,001.26813471,001.44217873,001.04591441,000.47
0.40,0.59901,0.59901,000.00000000,000.68403494,000.99495792,001.04593694,000.43
0.40,0.71643,0.41874,000.00000000,000.63716924,000.99495935,000.80838394,000.51
0.40,0.41874,0.71643,000.00000000,001.14420068,000.99495840,001.17198277,000.38
0.40,0.85687,0.85687,000.00000000,000.52251613,000.99495792,000.84450674,000.40
0.40,0.50083,3.00000,000.00000000,000.27361569,000.00000000,000.73680508,000.39
0.40,0.41874,0.35011,000.00000000,000.88822776,000.99519920,001.34348428,000.49
0.40,0.59901,0.29272,000.00027084,000.98518783,001.08414125,000.86783653,000.48
0.40,0.85687,0.20463,000.06939602,001.04838490,001.24559546,000.96473473,000.52
0.40,0.50083,1.46605,000.00000000,001.08201575,000.99495792,001.40370154,000.44
0.40,0.85687,0.10000,001.13671017,003.36049390,003.77551794,001.65684164,000.53
0.40,0.41874,0.17109,000.00125599,001.68036878,002.00756264,001.17939031,000.50
0.40,0.85687,1.75344,000.00000000,000.94520921,000.99495792,001.11128330,000.39
0.40,0.71643,1.02485,000.00000000,000.89546144,000.99495792,001.03034616,000.37
0.40,0.85687,0.41874,000.00000000,000.30224258,000.05793810,000.60257262,000.59
0.40,0.59901,1.46605,000.00000000,001.18151152,000.99495792,001.42702734,000.44
0.40,1.02485,0.20463,000.03223705,001.15609062,001.35447693,000.83764303,000.51
0.40,1.02485,1.75344,000.00000000,000.65915900,000.99495792,000.90097249,000.34
0.40,1.02485,0.85687,000.00000000,000.42287260,000.99495697,000.69246715,000.41
0.40,1.22576,0.10000,000.97957516,003.33449054,003.99508190,001.58825970,000.49
0.40,1.02485,0.41874,000.00000000,000.08646438,000.02086926,000.49960390,000.66
0.40,0.71643,2.09717,000.00000000,000.90789831,000.99495792,001.01583171,000.32
0.40,0.59901,3.00000,000.00000000,000.14924365,000.00000000,000.51160574,000.36
0.40,1.02485,0.10000,001.05733204,003.56428981,003.81658220,001.53354359,000.73
0.40,0.59901,0.17109,000.08013535,001.80748343,002.06648159,001.19317770,000.47
0.40,0.50083,0.17109,000.01934910,001.49223518,001.84953594,001.25796235,000.81
0.40,0.71643,0.50083,000.00000000,000.54747438,000.99495792,000.83171904,000.41
0.40,0.71643,0.11960,000.30561352,002.54426289,003.03595257,001.57207477,000.69
0.40,0.71643,0.24475,000.00023174,000.99251777,001.21894026,001.28548872,000.46
0.40,1.22576,0.20463,000.01532936,000.96513700,001.15873146,000.65591776,000.71
0.40,0.71643,1.22576,000.00000000,001.21882224,000.99495792,001.12895966,000.38
0.40,0.50083,0.71643,000.00000000,001.04494202,000.99495792,001.03061569,000.58
0.40,0.59901,0.35011,000.00000000,000.72245395,000.99590540,001.15411317,000.48
0.40,1.22576,0.85687,000.00000000,000.08785478,000.00000000,000.46803266,000.51
0.40,0.50083,0.35011,000.00000000,000.91862762,000.99518919,001.10818136,000.69
0.40,1.02485,2.09717,000.00000000,000.48518524,000.99495697,000.80819499,000.37
0.40,0.59901,0.71643,000.00000000,001.07002914,000.99495792,001.11065710,000.71
0.40,1.22576,1.75344,000.00000000,000.33579803,000.00000000,000.70712042,000.63
0.40,0.85687,2.09717,000.00000000,000.74621779,000.99495792,000.92541760,000.44
0.40,1.02485,1.02485,000.00000000,000.37343517,000.51047993,000.79940128,000.59
0.40,0.85687,1.02485,000.00000000,000.90789825,000.99495792,000.86738396,000.53
0.40,0.71643,2.50828,000.00000000,000.65915906,000.99495792,000.89540672,000.45
0.40,1.02485,0.24475,000.00261974,000.66600853,000.90108156,000.83498055,000.54
0.40,1.46605,0.41874,000.00000000,000.11051862,000.09197998,000.32761887,000.63
0.40,0.85687,0.24475,000.00043392,000.89415634,001.04735422,001.00028801,000.64
0.40,1.46605,0.10000,000.47873211,003.18139839,003.62915516,001.61310577,000.71
0.40,1.22576,0.41874,000.00000000,000.08133201,000.05448008,000.38908201,000.74
0.40,1.46605,0.20463,000.02476215,000.98108757,001.10877562,000.66767102,000.69
0.40,1.22576,0.11960,000.24053955,002.85930753,003.18111610,001.55215871,000.54
0.40,0.85687,0.50083,000.00000000,000.38571081,000.96181059,000.64964777,000.69
0.40,0.85687,0.11960,000.43231201,002.67837739,002.99799109,001.37419808,000.73
0.40,1.46605,0.85687,000.00000000,000.00000000,000.00000000,000.26991671,000.47
0.40,1.46605,1.75344,000.00000000,000.16168055,000.00000000,000.61333299,000.45
0.40,1.02485,0.50083,000.00000000,000.11368929,000.00222111,000.50585538,000.59
0.40,0.71643,0.59901,000.00000000,000.53589118,000.99495792,000.83629727,000.44
0.40,1.02485,0.11960,000.30573940,002.86976123,003.14073038,001.26686001,000.52
0.40,1.75344,0.10000,001.00872421,002.91982841,003.21445632,001.42815650,000.52
0.40,0.71643,0.14305,000.03769779,002.21544027,002.47095776,001.44108117,000.49
0.40,0.71643,0.29272,000.00000763,000.76701212,001.00552034,000.90608215,000.52
0.40,0.71643,1.46605,000.00000000,001.18151152,001.49243641,001.41843379,000.32
0.40,1.02485,2.50828,000.00000000,000.19905479,000.00000000,000.64753121,000.36
0.40,1.22576,1.02485,000.00000000,000.21151629,000.00000000,000.61842716,000.38
0.40,1.22576,2.09717,000.00000000,000.23630242,000.00000000,000.63638407,000.39
0.40,0.85687,2.50828,000.00000000,000.31112131,000.00000000,000.75885695,000.37
0.40,1.22576,0.24475,000.03289986,000.57944953,000.73256826,000.59730941,000.49
0.40,1.75344,0.85687,000.00000000,000.00000000,000.00000000,000.13929403,000.40
0.40,0.85687,1.22576,000.00000000,000.87058765,000.99495792,000.80487120,000.36
0.40,1.02485,1.22576,000.00000000,000.63429081,000.99495792,000.97464806,000.38
0.40,0.71643,3.00000,000.00000000,000.06218481,000.00000000,000.48447379,000.36
0.40,1.75344,0.17109,000.33592510,001.49867952,001.66981840,000.65620792,000.48
0.40,1.75344,0.29272,000.00190544,000.44600773,000.58041763,000.37025785,000.54
0.40,1.75344,0.50083,000.00000000,000.02313871,000.00579071,000.25298285,000.55
0.40,1.02485,0.29272,000.00019169,000.40076107,000.44999361,000.58306223,000.49
0.40,0.85687,0.29272,000.00235748,000.50590122,000.67764997,000.90281510,000.51
0.40,1.46605,0.11960,000.29352474,002.56711125,002.90597916,001.33926213,000.51
0.40,1.46605,0.50083,000.00000000,000.02701963,000.00961304,000.26263025,000.53
0.40,1.22576,0.50083,000.00000000,000.00691651,000.00093031,000.34039047,000.57
0.40,1.46605,1.02485,000.00000000,000.00000000,000.00000000,000.43792209,000.39
0.40,0.71643,0.71643,000.00000000,000.85821849,000.99495792,000.96150202,000.36
0.40,1.46605,0.24475,000.00618076,000.55703938,000.71139622,000.51854008,000.52
0.40,1.22576,0.14305,000.52552414,001.95036924,002.19610357,001.11413336,000.51
0.40,0.85687,0.59901,000.00000000,000.37553874,000.52714729,000.63301712,000.50
0.40,1.22576,1.22576,000.00000000,000.26117629,000.00000000,000.73620141,000.43
0.40,1.75344,1.46605,000.00000000,000.07464687,000.00000000,000.46357897,000.38
0.40,1.02485,0.59901,000.00000000,000.08334330,000.00000906,000.48715204,000.53
0.40,1.02485,3.00000,000.00000000,000.00000000,000.00000000,000.29848728,000.40
0.40,1.02485,0.14305,000.02713966,002.13837123,002.44915390,001.36442530,000.52
0.40,0.85687,1.46605,000.00000000,000.92033529,000.99495792,001.22387826,000.33
0.40,0.85687,0.14305,000.71908665,002.29877663,002.44758654,001.24114537,000.73
0.40,0.71643,0.17109,000.00950623,001.65665221,002.01263189,001.20075059,000.74
0.40,1.75344,2.50828,000.00000000,000.00000000,000.00000000,000.29848725,000.41
0.40,1.75344,1.02485,000.00000000,000.00000000,000.00000000,000.25386041,000.54
0.40,1.02485,1.46605,000.00000000,000.60941136,000.99495792,000.78462982,000.45
0.40,1.46605,2.09717,000.00000000,000.07462177,000.00000000,000.51305473,000.68
0.40,0.85687,3.00000,000.00000000,000.00000000,000.00000000,000.42212400,000.60
0.40,1.02485,0.35011,000.00003052,000.28258449,000.24906445,000.50887781,000.46
0.40,1.22576,1.46605,000.00000000,000.43529373,000.99495697,000.80456316,000.44
0.40,1.75344,0.11960,000.21278858,002.30822492,002.49576664,001.14090645,000.84
0.40,0.71643,0.35011,000.00000000,000.56614923,000.99516249,000.76951361,000.82
0.40,2.09717,0.11960,000.03108120,002.19206142,002.25899029,001.18482232,000.51
0.40,0.85687,0.71643,000.00000000,000.37321916,000.49941874,000.98869288,000.47
0.40,1.22576,0.17109,000.36276150,001.53162384,001.76845121,000.95159692,000.49
0.40,1.22576,2.50828,000.00000000,000.09590229,000.00000000,000.51770210,000.72
0.40,0.85687,0.35011,000.00010967,000.48250151,000.99504280,000.82162905,000.51
0.40,1.46605,0.59901,000.00000000,000.00007709,000.00000095,000.29065463,000.52
0.40,1.46605,1.22576,000.00000000,000.13680924,000.00000000,000.60773796,000.56
0.40,1.02485,0.71643,000.00000000,000.19935583,000.00000381,000.54587734,000.44
0.40,1.46605,0.14305,000.39178085,001.99011934,002.14625454,000.89758182,000.60
0.40,1.22576,0.29272,000.00308609,000.42290148,000.49928713,000.53468835,000.78
0.40,1.22576,0.59901,000.00000000,000.00051224,000.00000143,000.35641840,000.64
0.40,1.75344,0.35011,000.00003624,000.31432399,000.42958832,000.30289871,000.67
0.40,1.02485,0.17109,000.06891823,001.47366679,001.72173595,001.01180983,000.49
0.40,2.09717,0.20463,000.01524067,001.03557849,001.19585228,000.58817273,000.52
0.40,1.46605,0.29272,000.00537014,000.46403083,000.51890945,000.46468085,000.76
0.40,1.75344,0.59901,000.00000000,000.00002093,000.00000095,000.11901718,000.87
0.40,1.46605,2.50828,000.00000000,000.00000000,000.00000000,000.31860453,000.42
0.40,1.75344,0.20463,000.00186729,000.95352030,001.09517002,000.58813071,000.89
0.40,1.75344,1.75344,000.00000000,000.07462190,000.00000000,000.48904970,000.77
0.40,1.75344,1.22576,000.00000000,000.00000000,000.00000000,000.36475751,000.47
0.40,2.09717,1.75344,000.00000000,000.00000000,000.00000000,000.31130022,000.54
0.40,0.85687,0.17109,000.20495701,001.55809903,001.96505880,001.04888082,000.58
0.40,1.75344,3.00000,000.00000000,000.00000045,000.00000000,000.00059109,000.59
0.40,2.50828,0.24475,000.00165558,000.63919210,000.95354366,000.44876626,000.54
0.40,2.09717,1.02485,000.00000000,000.00000000,000.00000000,000.21684092,000.62
0.40,2.09717,0.14305,000.17453957,001.75688398,002.04757547,000.84690869,000.48
0.40,2.50828,0.71643,000.00000000,000.00000000,000.00000000,000.09899697,000.47
0.40,2.09717,3.00000,000.00000000,000.00063382,000.00050211,000.08102628,000.66
0.40,1.22576,0.35011,000.00001240,000.17834285,000.16188622,000.49651894,000.48
0.40,2.09717,0.35011,000.00133705,000.35765237,000.44412422,000.36019662,000.74
0.40,1.46605,1.46605,000.00000000,000.13680661,000.00000000,000.50840294,000.50
0.40,2.50828,0.14305,000.25022030,001.72410131,002.01793575,000.77488256,000.72
0.40,2.50828,0.41874,000.00000000,000.01165279,000.00654221,000.22447491,000.68
0.40,1.75344,0.41874,000.00001907,000.16046080,000.16134214,000.30447969,000.51
0.40,1.75344,0.14305,000.08586025,001.88141084,002.15952635,001.01047564,000.79
0.40,3.00000,0.17109,000.01201725,000.73934573,001.02403545,000.52128881,000.54
0.40,2.09717,0.59901,000.00000000,000.00000851,000.00000048,000.19977133,000.90
0.40,2.09717,0.24475,000.00216007,000.67998707,000.99843407,000.50440019,000.52
0.40,1.22576,3.00000,000.00000000,000.00000000,000.00000000,000.13928069,000.73
0.40,2.50828,1.22576,000.00000000,000.00000000,000.00000000,000.25385776,000.73
0.40,2.50828,2.09717,000.00000000,000.00000000,000.00000000,000.09899689,000.75
0.40,1.46605,0.71643,000.00000000,000.00000000,000.00000000,000.21698041,000.76
0.40,1.46605,0.17109,000.22187805,001.49784350,001.67504358,000.75360662,000.86
0.40,1.22576,0.71643,000.00000000,000.00009282,000.00000000,000.41506654,000.77
0.40,1.75344,2.09717,000.00000000,000.00000000,000.00000000,000.40717489,000.45
0.40,1.46605,3.00000,000.00000000,000.00000000,000.00000000,000.00574832,000.48
0.40,3.00000,0.10000,000.31807613,001.68559575,002.01860809,000.87330168,000.87
0.40,2.09717,1.22576,000.00000000,000.00000000,000.00000000,000.34523723,000.46
0.40,1.46605,0.35011,000.00042248,000.28621131,000.34347820,000.36765009,000.63
0.40,2.09717,0.10000,000.04483223,002.27171302,002.59773922,001.38467729,000.52
0.40,1.75344,0.71643,000.00000000,000.00000000,000.00000000,000.19496529,000.61
0.40,1.75344,0.24475,000.01840973,000.63579571,000.88486528,000.48135829,000.63
0.40,2.50828,0.85687,000.00000000,000.00000000,000.00000000,000.16971150,000.48
0.40,2.09717,2.09717,000.00000000,000.00000000,000.00000000,000.31125540,000.67
0.40,2.50828,0.29272,000.00063419,000.40978393,000.51670027,000.38461721,000.68
0.50,0.10000,0.11960,000.00011635,000.93657982,001.10260487,001.12554407,000.41
0.40,3.00000,0.85687,000.00000000,000.00000000,000.00000000,000.00000009,000.50
0.40,3.00000,0.29272,000.00006199,000.03288826,000.03112078,000.25027829,000.79
0.40,2.50828,0.17109,000.03187275,001.25338614,001.35256004,000.48699293,000.49
0.40,3.00000,1.46605,000.00000000,000.00000000,000.00000000,000.00000009,000.52
0.40,3.00000,2.50828,000.00019741,000.04562145,000.04533005,000.22510369,000.48
0.40,2.09717,0.17109,000.03981113,001.39070034,001.56857300,000.67370766,000.85
0.40,2.50828,0.50083,000.00000000,000.00017815,000.00006771,000.02374463,000.56
0.40,2.50828,0.10000,000.00314617,002.22126675,002.42799330,001.13659310,000.60
0.40,3.00000,0.20463,000.00647545,000.55324459,000.78593254,000.43859845,000.55
0.40,3.00000,0.50083,000.00000000,000.00000004,000.00000000,000.09899656,000.78
0.50,0.10000,1.02485,000.00000000,001.64167976,001.98991585,002.30254650,000.37
0.50,0.11960,0.14305,000.00002480,001.01966202,001.15536070,000.93110204,000.41
0.50,0.10000,0.35011,000.00000000,001.36806619,001.98991489,001.64149928,000.44
0.40,2.09717,0.29272,000.00016689,000.51412934,000.58887196,000.35479066,000.49
0.40,2.09717,1.46605,000.00000000,000.00000000,000.00000000,000.37262207,000.38
0.50,0.10000,1.75344,000.00000000,001.69142747,001.98991585,001.87369299,000.50
0.40,2.09717,0.41874,000.00002003,000.11105778,000.07170105,000.29064545,000.82
0.50,0.11960,0.71643,000.00000000,001.59193194,001.98991585,001.75211442,000.35
0.50,0.11960,1.22576,000.00000000,001.70386481,001.98991585,002.03056693,000.36
0.50,0.10000,0.59901,000.00000000,001.49243617,001.98991585,001.66321635,000.56
0.50,0.11960,0.41874,000.00000000,001.38050866,001.98991489,001.48575282,000.37
0.40,2.50828,2.50828,000.00000000,000.00004735,000.00001955,000.00277750,000.59
0.40,2.09717,0.71643,000.00000000,000.00000000,000.00000000,000.13929377,000.66
0.40,2.50828,1.02485,000.00000000,000.00000000,000.00000000,000.00000000,000.41
0.50,0.10000,0.20463,000.00000000,001.03111482,000.99596167,000.91997576,000.71
0.50,0.10000,3.00000,000.00000000,000.50991553,000.99495792,001.07247913,000.61
0.40,2.50828,1.46605,000.00000000,000.00000000,000.00000000,000.25398117,000.63
0.50,0.10000,0.14305,000.00000000,000.90770972,001.03537083,001.10348904,000.45
0.40,3.00000,1.02485,000.00000000,000.00000000,000.00000000,000.00000000,000.43
0.50,0.11960,0.24475,000.00000000,000.94572771,000.99495888,001.03245485,000.52
0.40,2.50828,0.59901,000.00000000,000.00000000,000.00000000,000.09913126,000.46
0.50,0.10000,1.22576,000.00000000,001.49243665,001.98991585,002.33091855,000.34
0.40,2.09717,2.50828,000.00000000,000.00000000,000.00000000,000.01971297,000.68
0.40,3.00000,0.11960,000.00993538,001.27485335,001.43419266,000.71543038,000.85
0.40,2.50828,0.20463,000.01184750,000.94898069,001.05910778,000.44348413,000.50
0.40,2.50828,0.35011,000.00009060,000.09098659,000.06218052,000.31219453,000.70
0.50,0.11960,0.17109,000.00000095,000.80316317,001.00362825,001.00934792,000.40
0.50,0.11960,2.09717,000.00000000,001.21882236,000.99495888,001.60234487,000.53
0.40,3.00000,0.59901,000.00000000,000.00000000,000.00000000,000.00078707,000.46
0.40,3.00000,0.24475,000.00035381,000.29968303,000.31433105,000.43580675,000.48
0.50,0.11960,0.50083,000.00000000,001.59193158,001.98991585,001.65806031,000.31
0.50,0.10000,0.41874,000.00000000,001.46756196,001.98991585,001.46027493,000.44
0.50,0.14305,0.10000,000.00746059,001.37296367,001.58671904,001.31603754,000.42
0.50,0.10000,2.09717,000.00000000,001.25613356,001.98991489,001.74568951,000.37
0.50,0.10000,0.71643,000.00000000,001.74117589,001.98991585,001.85862684,000.37
0.50,0.11960,1.46605,000.00000000,001.89041936,001.98991585,002.34765625,000.38
0.50,0.14305,0.17109,000.00001049,000.93393481,001.06473875,001.23523295,000.40
0.50,0.11960,0.85687,000.00000000,002.01478934,001.98991680,002.59595966,000.41
0.40,3.00000,3.00000,000.00029373,000.37113684,000.43155336,000.49166483,000.74
0.40,3.00000,0.35011,000.00000000,000.00353804,000.00230646,000.14463843,000.94
0.40,2.09717,0.50083,000.00000000,000.00994962,000.00680399,000.21539728,000.60
0.50,0.14305,0.29272,000.00000000,001.10696864,000.99496078,001.10325062,000.41
0.40,3.00000,1.75344,000.00000000,000.00000000,000.00000000,000.00030343,000.90
0.50,0.10000,0.17109,000.00000095,001.04871178,001.01440191,001.04940796,000.42
0.50,0.10000,0.24475,000.00000000,001.14427316,000.99511957,001.22532344,000.43
0.50,0.14305,0.50083,000.00000000,001.38050294,001.98991489,001.59351730,000.35
0.50,0.14305,1.46605,000.00000000,001.91529334,001.98991585,001.86787164,000.35
0.50,0.14305,2.50828,000.00000000,000.85815060,000.99495792,001.37933576,000.33
0.40,2.50828,0.11960,000.16653156,001.92221045,002.21262598,001.00556648,000.85
0.40,2.50828,1.75344,000.00000000,000.00000000,000.00000000,000.13928865,000.47
0.50,0.11960,0.29272,000.00000000,001.30588567,001.98991537,001.30274689,000.42
0.50,0.11960,2.50828,000.00000000,000.94520921,000.99495792,001.51190889,000.37
0.50,0.10000,1.46605,000.00000000,001.69142795,001.98991585,002.30304074,000.42
0.50,0.10000,0.50083,000.00000000,001.66660464,001.98991585,001.58894396,000.33
0.50,0.11960,0.10000,000.00042343,001.20560980,001.34974766,001.14710522,000.54
0.40,3.00000,1.22576,000.00000000,000.00000000,000.00000000,000.00000000,000.49
0.50,0.11960,0.59901,000.00000000,001.60436881,001.98991585,001.59863460,000.37
0.50,0.14305,0.85687,000.00000000,001.45512509,001.98991585,001.83620226,000.48
0.50,0.11960,0.20463,000.00000000,000.99980718,000.99676085,000.97797173,000.48
0.40,2.50828,3.00000,000.00010872,000.04789779,000.03987980,000.14735484,000.85
0.40,2.09717,0.85687,000.00000000,000.00000000,000.00000000,000.13929407,000.69
0.40,3.00000,0.14305,000.13795662,001.13391709,001.20111179,000.58762956,000.65
0.50,0.10000,2.50828,000.00000000,001.04470491,000.99495792,001.40553403,000.36
0.50,0.10000,0.85687,000.00000000,001.82823491,001.98991585,001.95930839,000.34
0.50,0.11960,1.75344,000.00000000,001.34319222,001.98991489,001.42369318,000.34
0.50,0.11960,1.02485,000.00000000,002.02722597,001.98991632,002.26806688,000.33
0.50,0.10000,0.10000,000.00099373,001.15144229,001.35523891,000.99351209,000.48
0.40,3.00000,0.71643,000.00000000,000.00000000,000.00000000,000.00000038,000.65
0.50,0.17109,0.11960,000.00988102,001.23240840,001.33614779,001.25619161,000.66
0.50,0.14305,0.35011,000.00000000,001.34319210,001.98991585,001.31737769,000.33
0.50,0.14305,0.20463,000.00000000,001.00900209,001.00150776,000.97119999,000.41
0.50,0.14305,1.75344,000.00000000,001.30588150,001.98991489,002.24419236,000.31
0.50,0.14305,0.11960,000.00008202,001.00632465,001.26129532,001.01483476,000.44
0.50,0.10000,0.29272,000.00000000,001.19497931,000.99498701,001.41803372,000.37
0.50,0.17109,0.35011,000.00000000,001.05714202,000.99495792,001.38849282,000.40
0.50,0.17109,0.59901,000.00000000,001.57949507,001.98991585,001.91652548,000.40
0.50,0.17109,0.20463,000.00000000,000.93371075,000.99746799,000.96812594,000.45
0.40,3.00000,0.41874,000.00000000,000.00005549,000.00000572,000.09900933,000.53
0.40,3.00000,2.09717,000.00000000,000.00015999,000.00004768,000.09928301,000.53
0.50,0.17109,1.75344,000.00000000,001.55462098,001.98991585,001.95234752,000.35
0.50,0.14305,3.00000,000.00000000,000.38554588,000.99495697,000.77734131,000.38
0.50,0.17109,3.00000,000.00000000,000.46016765,000.99495697,000.83071506,000.38
0.50,0.17109,1.02485,000.00000000,001.69142818,001.98991585,001.70471871,000.41
0.50,0.11960,0.35011,000.00000000,001.34319234,001.98991489,001.38082373,000.35
0.50,0.20463,1.22576,000.00000000,001.51731014,001.98991537,001.84268737,000.33
0.50,0.11960,3.00000,000.00000000,000.44773069,000.99495697,000.85421622,000.37
0.50,0.20463,0.41874,000.00000000,001.23126197,000.99495888,001.45127356,000.34
0.50,0.14305,0.59901,000.00000000,001.70386481,001.98991585,001.77635396,000.33
0.50,0.20463,0.24475,000.00000000,000.97281820,000.99497604,001.01935220,000.47
0.50,0.20463,2.09717,000.00000000,001.30588126,001.98991489,001.56635451,000.39
0.50,0.11960,0.11960,000.00883198,001.21768224,001.40311193,000.99289834,000.44
0.50,0.20463,0.14305,000.01146221,001.14366210,001.31616640,001.11830616,000.53
0.50,0.20463,0.71643,000.00000000,001.40537763,001.98991585,001.79798436,000.48
0.50,0.24475,0.17109,000.00003815,001.02491760,001.09807253,001.14505255,000.47
0.50,0.24475,0.85687,000.00000000,001.49243569,001.98991585,001.51321924,000.32
0.50,0.14305,1.02485,000.00000000,001.82823431,001.98991585,001.90291977,000.34
0.50,0.24475,1.46605,000.00000000,001.59193206,001.98991585,002.01018310,000.32
0.50,0.24475,0.10000,000.14035416,001.83095014,002.12131453,001.26189673,000.55
0.50,0.24475,0.50083,000.00000000,001.38058794,001.98991489,001.61277008,000.38
0.50,0.29272,1.02485,000.00000000,001.51730955,001.98991585,001.86869299,000.32
0.50,0.24475,0.29272,000.00000000,000.89651442,000.99495888,001.14188826,000.46
0.50,0.24475,2.50828,000.00000000,000.82083958,000.99495792,001.15277755,000.42
0.50,0.29272,0.35011,000.00000000,001.03226852,000.99495888,001.26243281,000.43
0.50,0.29272,0.59901,000.00000000,001.24409962,001.98991489,001.64357173,000.44
0.50,0.29272,1.75344,000.00000000,001.23125935,001.98991489,001.25297523,000.39
0.50,0.29272,3.00000,000.00000000,000.31092411,000.00000000,000.99714398,000.38
0.50,0.29272,0.11960,000.00061512,001.68424356,002.08177090,001.24306941,000.50
0.50,0.35011,1.22576,000.00000000,001.31831813,001.98991489,001.30502605,000.33
0.50,0.35011,0.14305,000.00714111,001.38602066,001.69091272,001.03563416,000.45
0.50,0.35011,0.41874,000.00000000,001.03247321,000.99495792,001.19765258,000.40
0.50,0.35011,2.09717,000.00000000,000.98252010,000.99495792,001.51792181,000.33
0.50,0.14305,0.41874,000.00000000,001.29353273,001.98991489,001.22568917,000.34
0.50,0.29272,0.20463,000.00000095,000.80852872,001.02125931,001.00343430,000.70
0.50,0.14305,0.24475,000.00000000,001.09448504,000.99496508,001.41409218,000.37
0.50,0.29272,1.22576,000.00000000,001.49243569,001.98991585,001.76225507,000.40
0.50,0.17109,0.71643,000.00000000,001.71630168,001.98991585,002.08179235,000.32
0.50,0.35011,0.71643,000.00000000,001.29344428,001.98991489,001.68553543,000.59
0.50,0.35011,0.24475,000.00000000,000.88814420,001.00359440,001.10511875,000.67
0.50,0.17109,0.41874,000.00000000,001.16907942,000.99495840,001.39350724,000.33
0.50,0.14305,0.14305,000.00025368,000.88729823,001.07375622,001.00120914,000.46
0.50,0.41874,0.10000,000.17690277,002.35661936,002.77301598,001.49583495,000.56
0.50,0.41874,0.85687,000.00000000,001.28100729,001.98991489,001.49097610,000.40
0.50,0.41874,0.29272,000.00000000,000.78458714,000.99498749,000.97727001,000.53
0.50,0.17109,2.09717,000.00000000,001.19394851,000.99495888,001.52017045,000.32
0.50,0.41874,2.50828,000.00000000,000.64672214,000.99495792,001.07086289,000.33
0.50,0.41874,0.17109,000.01668644,000.93781692,001.10949993,001.18107736,000.64
0.50,0.41874,1.46605,000.00000000,001.19394851,000.99495840,001.22161198,000.34
0.50,0.17109,1.22576,000.00000000,001.75361228,001.98991585,001.96616757,000.33
0.50,0.41874,0.50083,000.00000000,001.02428031,000.99495792,001.35568511,000.61
0.50,0.17109,0.14305,000.00151253,000.97771919,001.13358545,000.92621410,000.73
0.50,0.20463,1.46605,000.00000000,001.33075500,001.98991489,001.65246904,000.30
0.50,0.14305,0.71643,000.00000000,001.40537739,001.98991585,001.78194678,000.31
0.50,0.17109,0.10000,000.01947117,001.17759573,001.36650848,001.02021623,000.53
0.50,0.20463,0.50083,000.00000000,001.45512843,001.98991585,001.31183398,000.33
0.50,0.20463,0.10000,000.02716446,001.50310338,001.73897362,001.21230161,000.54
0.50,0.50083,0.35011,000.00000000,000.75889099,000.99495792,001.04155993,000.44
0.50,0.20463,2.50828,000.00000000,000.90789831,000.99495792,001.51844358,000.38
0.50,0.20463,0.29272,000.00000000,001.04475868,000.99495888,001.22253919,000.42
0.50,0.50083,0.11960,000.03888702,001.98064613,002.28430367,001.19468093,000.59
0.50,0.29272,0.14305,000.00752258,001.41621256,001.67033052,001.00801301,000.71
0.50,0.20463,0.85687,000.00000000,001.33075500,001.98991489,001.82430220,000.32
0.50,0.50083,0.59901,000.00000000,001.00739527,000.99495792,001.18642080,000.41
0.50,0.24475,1.02485,000.00000000,001.57949471,001.98991489,001.68896830,000.34
0.50,0.14305,1.22576,000.00000000,002.01478934,001.98991680,002.33072805,000.31
0.50,0.20463,0.17109,000.00007725,000.98267972,001.11779547,000.92793113,000.45
0.50,0.50083,0.20463,000.00019836,000.89789999,001.06963110,000.98350573,000.66
0.50,0.24475,1.75344,000.00000000,001.35562897,001.98991489,001.51138592,000.33
0.50,0.24475,0.59901,000.00000000,001.39293981,001.98991489,001.51792157,000.35
0.50,0.14305,2.09717,000.00000000,001.26857054,001.98991489,001.44375145,000.35
0.50,0.24475,0.20463,000.00000000,000.94667894,001.04119968,000.89018607,000.45
0.50,0.50083,1.02485,000.00000000,001.19394851,000.99495888,001.28869128,000.55
0.50,0.24475,0.35011,000.00000000,001.14423823,000.99495792,001.23646677,000.38
0.50,0.24475,0.11960,000.00230026,001.23332334,001.28151798,001.22595274,000.47
0.50,0.24475,3.00000,000.00000000,000.49747878,000.99495697,000.65243703,000.37
0.50,0.29272,0.71643,000.00000000,001.30588126,001.98991489,001.57266295,000.34
0.50,0.29272,2.09717,000.00000000,001.14420068,001.98991489,001.81060326,000.34
0.50,0.29272,0.41874,000.00000000,001.09482729,000.99495840,001.18970466,000.38
0.50,0.50083,1.75344,000.00000000,001.01983094,000.99495792,001.30103827,000.51
0.50,0.35011,1.46605,000.00000000,001.31831813,001.98991489,001.42869139,000.31
0.50,0.20463,0.35011,000.00000000,001.19395554,000.99523258,001.24683893,000.47
0.50,0.20463,3.00000,000.00000000,000.49747849,000.99495697,000.69355029,000.51
0.50,0.20463,1.02485,000.00000000,001.65411687,001.98991585,001.87967932,000.39
0.50,0.50083,3.00000,000.00000000,000.18655448,000.00000000,000.69390780,000.39
0.50,0.17109,0.24475,000.00000000,000.88442099,000.99500847,001.07924819,000.39
0.50,0.35011,0.50083,000.00000000,001.10688972,000.99495792,001.24270201,000.34
0.50,0.35011,2.50828,000.00000000,000.74621785,000.99495792,001.33765376,000.31
0.50,0.35011,0.17109,000.00004864,001.10756803,001.17054558,001.06864893,000.42
0.50,0.59901,1.22576,000.00000000,001.06957877,000.99495792,001.37994552,000.30
0.50,0.59901,0.14305,000.05950260,001.46912873,001.86161852,001.01034796,000.53
0.50,0.59901,0.24475,000.00000000,000.50709009,000.99581909,000.77348626,000.48
0.50,0.59901,2.09717,000.00000000,000.87058818,000.99495792,001.15071404,000.37
0.50,0.59901,0.41874,000.00000000,000.62413520,000.99495792,000.92979735,000.45
0.50,0.29272,1.46605,000.00000000,001.23125935,001.49243689,001.43990719,000.30
0.50,0.59901,0.71643,000.00000000,000.99501765,000.99495792,001.04597211,000.44
0.50,0.17109,0.85687,000.00000000,001.70386469,001.98991585,001.85849357,000.30
0.50,0.35011,0.85687,000.00000000,001.41781402,001.98991585,001.38934696,000.31
0.50,0.29272,0.24475,000.00000000,000.86403227,000.99550295,001.11989856,000.43
0.50,0.71643,0.10000,000.08822155,002.59229231,002.80581236,001.52841055,000.46
0.50,0.71643,1.46605,000.00000000,000.79596567,000.99495792,000.86372423,000.31
0.50,0.41874,1.02485,000.00000000,001.28100717,001.49243689,001.42997217,000.29
0.50,0.71643,2.50828,000.00000000,000.47260457,000.99495697,000.72153300,000.36
0.50,0.17109,2.50828,000.00000000,000.89546138,000.99495792,001.45767224,000.29
0.50,0.71643,0.85687,000.00000000,000.83439523,000.99495792,000.78962898,000.49
0.50,0.41874,0.11960,000.00516891,001.92097855,002.35397863,001.33392119,000.43
0.50,0.41874,1.75344,000.00000000,001.21882236,001.49243641,001.45359242,000.29
0.50,0.71643,0.50083,000.00000000,000.37313747,000.49813128,000.88856745,000.54
0.50,0.41874,0.35011,000.00000000,000.73096836,000.99495792,000.87989354,000.38
0.50,0.17109,1.46605,000.00000000,001.76604962,001.98991585,001.90479147,000.29
0.50,0.71643,0.17109,000.02325630,001.30227828,001.50218487,000.96670002,000.61
0.50,0.41874,3.00000,000.00000000,000.14924362,000.00000000,000.57423812,000.33
0.50,0.71643,0.29272,000.00000095,000.29581854,000.07605267,000.63097048,000.62
0.50,0.59901,0.10000,001.00053120,002.76267552,003.09224558,001.56727719,000.57
0.50,0.41874,0.59901,000.00000000,000.93316114,000.99495792,001.07791901,000.33
0.50,0.85687,0.11960,000.04480743,001.87728655,002.10125399,001.29285622,000.50
0.50,0.20463,1.75344,000.00000000,001.41781378,001.98991585,001.54086828,000.29
0.50,0.85687,1.02485,000.00000000,000.58453906,000.99495792,000.74827009,000.32
0.50,0.85687,0.35011,000.00000000,000.18140586,000.01800013,000.53259742,000.46
0.50,0.41874,0.20463,000.00007915,000.91151273,001.12854862,000.94592834,000.44
0.50,0.85687,0.59901,000.00000000,000.15049104,000.00000000,000.62704521,000.38
0.50,0.71643,1.75344,000.00000000,000.90789843,000.99495792,000.95557356,000.36
0.50,0.85687,0.20463,000.00176334,000.73136342,000.96576118,000.86387312,000.56
0.50,0.17109,0.17109,000.00006485,001.01343119,001.04946423,001.16984761,000.50
0.50,0.20463,0.59901,000.00000000,001.45516515,001.98991585,001.47156131,000.30
0.50,0.85687,1.75344,000.00000000,000.63428515,000.99495792,000.92798138,000.32
0.50,0.24475,1.22576,000.00000000,001.67899060,001.98991585,001.92093742,000.29
0.50,0.50083,0.71643,000.00000000,000.99495709,000.99495792,001.05648375,000.30
0.50,0.85687,1.22576,000.00000000,000.64672542,000.99495792,000.97465140,000.31
0.50,0.20463,0.11960,000.00088310,001.27555156,001.45277929,000.98051554,000.40
0.50,0.29272,0.17109,000.00000668,001.06364477,001.21192741,000.95361948,000.41
0.50,0.50083,0.14305,000.04488277,001.31733179,001.67003632,001.03913963,000.42
0.50,0.50083,0.41874,000.00000000,000.78485137,000.99495792,001.13177264,000.43
0.50,0.24475,0.71643,000.00000000,001.56705785,001.98991585,001.83935297,000.28
0.50,0.20463,0.20463,000.00000000,000.84292203,000.99753571,001.00660801,000.40
0.50,1.02485,0.14305,000.03972244,001.75399935,002.05761528,000.94964761,000.46
0.50,0.85687,3.00000,000.00000000,000.00000000,000.00000000,000.32332301,000.47
0.50,1.02485,0.24475,000.00069523,000.43557191,000.53549051,000.55825454,000.42
0.50,0.35011,0.10000,000.02379036,002.31997538,002.42476130,001.36066222,000.44
0.50,0.85687,0.41874,000.00000000,000.10558955,000.00163555,000.46443298,000.46
0.50,0.24475,0.24475,000.00000000,000.87851822,000.99499893,001.08806646,000.36
0.50,0.50083,1.22576,000.00000000,001.20638537,001.98991489,001.35237432,000.28
0.50,0.29272,0.85687,000.00000000,001.52974653,001.98991537,001.63839042,000.26
0.50,0.24475,0.41874,000.00000000,001.19394851,001.49243784,001.23085582,000.30
0.50,0.50083,0.24475,000.00000000,000.68523347,001.00201225,001.19522858,000.51
0.50,1.02485,0.41874,000.00000000,000.00654836,000.00095510,000.34924883,000.40
0.50,0.41874,0.24475,000.00000191,000.89368546,001.00930119,000.77041101,000.47
0.50,0.29272,2.50828,000.00000000,000.90789831,000.99495792,001.28880632,000.28
0.50,0.24475,0.14305,000.00001526,001.24391079,001.51864195,001.18644691,000.37
0.50,0.29272,0.50083,000.00000000,001.24369764,001.98991489,001.11878490,000.30
0.50,0.35011,1.75344,000.00000000,001.29344416,001.98991489,001.71465003,000.29
0.50,0.50083,2.09717,000.00000000,000.99495709,000.99495792,001.22246218,000.30
0.50,0.35011,0.59901,000.00000000,001.20640445,000.99495792,001.18745589,000.29
0.50,0.17109,0.29272,000.00000000,001.08202493,000.99496031,001.12123477,000.33
0.50,0.29272,0.10000,000.00201511,001.90499592,002.18395233,001.39136326,000.47
0.50,0.35011,0.29272,000.00000000,000.92096883,000.99496698,000.95280463,000.36
0.50,1.02485,0.17109,000.02235413,001.16788352,001.30065775,000.75842023,000.41
0.50,1.02485,0.10000,001.38631916,002.85570383,003.17048311,001.56785583,000.41
0.50,1.02485,0.29272,000.00002861,000.20664506,000.21368837,000.47450349,000.40
0.50,0.59901,1.46605,000.00000000,001.04470491,000.99495792,001.23065436,000.27
0.50,0.35011,3.00000,000.00000000,000.34823504,000.00000000,000.94912899,000.30
0.50,0.59901,2.50828,000.00000000,000.62184811,000.99495697,000.93816650,000.30
0.50,0.35011,1.02485,000.00000000,001.33075535,001.98991489,001.56040323,000.28
0.50,0.59901,0.85687,000.00000000,001.10701549,000.99495888,001.09422886,000.30
0.50,0.35011,0.20463,000.00000381,000.92939246,001.05819368,000.95551151,000.39
0.50,0.59901,0.29272,000.00000000,000.73555964,000.99516201,000.87525982,000.38
0.50,0.59901,0.17109,000.00283813,001.27657390,001.46529436,001.12534988,000.45
0.50,0.41874,1.22576,000.00000000,001.09445274,000.99495792,001.33231437,000.27
0.50,0.41874,2.09717,000.00000000,001.00739408,000.99495792,001.50007761,000.27
0.50,0.71643,1.02485,000.00000000,000.83327645,000.99495792,001.06506932,000.29
0.50,0.71643,3.00000,000.00000000,000.00000346,000.00000000,000.42898583,000.39
0.50,0.71643,0.11960,000.91930771,002.39677787,002.77526855,001.37011993,000.44
0.50,0.41874,0.41874,000.00000000,000.86159861,000.99495792,000.97489297,000.33
0.50,1.22576,0.10000,000.07172203,002.72003675,003.18618059,001.43669534,000.40
0.50,0.59901,0.50083,000.00000000,000.71948069,000.99495792,000.72450966,000.62
0.50,1.02485,0.71643,000.00000000,000.06244159,000.00000000,000.50103241,000.59
0.50,1.02485,1.22576,000.00000000,000.42285675,000.99495697,000.79696065,000.50
0.50,0.71643,0.59901,000.00000000,000.48512000,000.99495697,000.75932699,000.38
0.50,0.50083,0.10000,000.57568932,002.54142046,002.73736715,001.64031887,000.40
0.50,1.22576,0.17109,000.00146389,001.09949517,001.25990152,000.72672379,000.41
0.50,0.71643,0.20463,000.00139809,000.75990421,001.03151703,000.79561925,000.41
0.50,0.71643,0.35011,000.00000000,000.43668175,000.99495792,000.71805507,000.39
0.50,0.41874,0.14305,000.00453758,001.30010760,001.68480110,001.10116839,000.48
0.50,1.02485,2.09717,000.00000000,000.26118881,000.00000000,000.63699836,000.60
0.50,0.59901,0.35011,000.00000000,000.49917293,000.99495792,000.87890476,000.39
0.50,0.59901,0.11960,000.29306221,002.27125502,002.65603828,001.35609186,000.39
0.50,0.85687,0.14305,000.10195637,001.63348234,001.97494793,000.97136754,000.40
0.50,0.71643,2.09717,000.00000000,000.75865477,000.99495792,000.97581977,000.29
0.50,1.22576,0.85687,000.00000000,000.00010903,000.00000000,000.42400298,000.34
0.50,1.22576,0.29272,000.00000000,000.20655160,000.21252489,000.37858522,000.47
0.50,0.85687,0.71643,000.00000000,000.36123466,000.02085686,000.74548054,000.37
0.50,1.22576,0.50083,000.00000000,000.00038052,000.00000429,000.29188961,000.40
0.50,1.22576,1.46605,000.00000000,000.24873933,000.00000000,000.66736394,000.30
0.50,1.22576,2.50828,000.00000000,000.00000000,000.00000000,000.41529205,000.32
0.50,0.85687,2.09717,000.00000000,000.50991547,000.99495697,000.89413422,000.30
0.50,0.50083,0.85687,000.00000000,001.24369633,001.98991489,001.39560223,000.29
0.50,0.85687,1.46605,000.00000000,000.79596686,000.99495792,001.04404104,000.30
0.50,0.85687,0.24475,000.00002098,000.43248290,000.55309868,000.68695724,000.44
0.50,0.50083,0.50083,000.00000000,000.78356135,000.99495792,000.97850615,000.35
0.50,0.17109,0.50083,000.00000000,001.51731050,001.98991585,001.97603691,000.28
0.50,0.71643,0.24475,000.00001144,000.55435020,000.99530745,000.81022680,000.41
0.50,1.46605,1.02485,000.00000000,000.00000000,000.00000000,000.34522626,000.33
0.50,0.50083,0.17109,000.00451851,001.23469937,001.46931744,001.02629292,000.40
0.50,1.46605,0.11960,000.29819107,002.08482027,002.30074549,001.01624310,000.46
0.50,1.46605,0.59901,000.00000000,000.00000000,000.00000000,000.25377384,000.40
0.50,1.46605,0.35011,000.00000000,000.13963600,000.16326332,000.30050966,000.41
0.50,1.46605,0.20463,000.02360821,000.70717984,000.96284008,000.55122757,000.44
0.50,1.46605,1.75344,000.00000000,000.12443034,000.00000000,000.52748519,000.32
0.50,0.85687,0.50083,000.00000000,000.07662629,000.00001097,000.50683159,000.37
0.50,1.22576,1.75344,000.00000000,000.14924565,000.00000000,000.53348553,000.33
0.50,0.85687,0.17109,000.00528145,001.05904078,001.16428804,000.90529549,000.50
0.50,1.46605,3.00000,000.00000000,000.00000002,000.00000000,000.00061643,000.38
0.50,0.35011,0.11960,000.03789806,001.65952551,002.14548445,001.34910643,000.53
0.50,1.02485,0.50083,000.00000000,000.00006472,000.00000000,000.36442336,000.39
0.50,1.75344,0.71643,000.00000000,000.00000000,000.00000000,000.13929404,000.37
0.50,1.75344,0.14305,000.25211143,001.57315326,001.87998009,000.64532894,000.44
0.50,0.50083,0.29272,000.00000000,000.64343703,000.99499130,000.98528755,000.44
0.50,1.75344,0.24475,000.00602913,000.52947599,000.72197247,000.41797009,000.43
0.50,1.75344,0.41874,000.00000000,000.01334152,000.01065254,000.26186413,000.46
0.50,0.50083,2.50828,000.00000000,000.78352869,000.99495792,000.93223870,000.33
0.50,0.35011,0.35011,000.00000000,000.82134449,000.99495792,000.90783817,000.35
0.50,1.75344,2.09717,000.00000000,000.00000000,000.00000000,000.19496848,000.35
0.50,1.75344,1.22576,000.00000000,000.00000000,000.00000000,000.31131202,000.38
0.50,0.29272,0.29272,000.00000000,000.82602835,000.99495983,001.01957226,000.44
0.50,1.22576,2.09717,000.00000000,000.00000000,000.00000000,000.39032277,000.34
0.50,1.46605,2.09717,000.00000000,000.02506118,000.00000000,000.41208056,000.40
0.50,2.09717,0.10000,000.18884277,001.92515087,002.16818714,001.19904482,000.44
0.50,1.02485,0.20463,000.00360298,000.66575086,000.84033394,000.77751517,000.43
0.50,2.09717,0.17109,000.08359814,001.16672122,001.26888323,000.60311425,000.46
0.50,0.59901,1.75344,000.00000000,001.03226793,000.99495792,001.59872627,000.29
0.50,2.09717,0.50083,000.00000000,000.00001590,000.00000095,000.07290646,000.44
0.50,0.41874,0.71643,000.00000000,001.16907465,000.99495983,001.38477933,000.30
0.50,0.59901,3.00000,000.00000000,000.16168058,000.00000000,000.57638872,000.35
0.50,2.09717,0.85687,000.00000000,000.00000000,000.00000000,000.16972701,000.37
0.50,0.24475,2.09717,000.00000000,001.26857018,001.98991489,001.42122281,000.29
0.50,0.59901,1.02485,000.00000000,001.11932683,000.99495792,001.39077115,000.32
0.50,1.02485,0.35011,000.00000000,000.04680387,000.02036190,000.34365645,000.43
0.50,0.71643,1.22576,000.00000000,000.95764619,000.99495792,001.14636207,000.30
0.50,2.09717,0.29272,000.00001240,000.31856698,000.39326811,000.38245085,000.59
0.50,2.09717,2.50828,000.00000000,000.00000004,000.00000000,000.01245522,000.40
0.50,0.59901,0.20463,000.00334644,000.90385133,001.08016396,001.01063812,000.41
0.50,2.09717,1.46605,000.00000000,000.00000000,000.00000000,000.21684591,000.44
0.50,0.59901,0.59901,000.00000000,000.83529168,000.99495792,000.94601381,000.32
0.50,2.50828,0.11960,000.16478634,001.61932313,001.99550962,000.87303817,000.44
0.50,1.02485,0.85687,000.00000000,000.18655451,000.00000000,000.54094946,000.33
0.50,0.85687,0.10000,000.87053871,002.59798288,002.97247314,001.36328745,000.45
0.50,0.71643,0.14305,000.06972980,001.48313332,001.81005049,001.07860684,000.45
0.50,1.22576,0.11960,000.01212978,001.97363913,002.22035694,001.07058620,000.41
0.50,1.02485,1.46605,000.00000000,000.57210028,000.99495792,000.69959050,000.30
0.50,2.50828,0.20463,000.02378082,000.66588962,000.96187782,000.43821371,000.45
0.50,0.71643,0.71643,000.00000000,000.47319430,000.99495697,001.02084434,000.32
0.50,1.02485,2.50828,000.00000000,000.12437685,000.00000000,000.61935294,000.32
0.50,2.50828,1.02485,000.00000000,000.00000000,000.00000000,000.13929404,000.37
0.50,0.71643,0.41874,000.00000000,000.31734362,000.00850868,000.72533590,000.38
0.50,1.22576,0.20463,000.00278759,000.74103779,000.99518299,000.52280515,000.42
0.50,2.50828,0.59901,000.00000000,000.00000000,000.00000000,000.09899705,000.46
0.50,1.22576,1.02485,000.00000000,000.18655452,000.00000000,000.59859949,000.34
0.50,0.50083,1.46605,000.00000000,001.16907454,000.99495792,001.32217109,000.28
0.50,2.50828,0.35011,000.00000000,000.01690946,000.01239347,000.20988980,000.48
0.50,2.50828,1.75344,000.00000000,000.00000000,000.00000000,000.16972639,000.45
0.50,0.85687,0.85687,000.00000000,000.41046649,000.99495697,000.74060333,000.34
0.50,2.50828,3.00000,000.00000000,000.08371929,000.06992054,000.32500836,000.48
0.50,1.22576,3.00000,000.00000000,000.00000000,000.00000000,000.09899195,000.36
0.50,1.22576,0.59901,000.00000000,000.00000026,000.00000000,000.25381073,000.38
0.50,3.00000,0.24475,000.00005627,000.08362611,000.07273436,000.33806568,000.52
0.50,0.85687,2.50828,000.00000000,000.22386594,000.00000000,000.58470052,000.32
0.50,3.00000,0.14305,000.00103188,000.83411330,001.02841139,000.54434055,000.56
0.50,1.02485,1.75344,000.00000000,000.43538722,000.99495697,000.76875579,000.40
0.50,1.22576,0.35011,000.00000191,000.11545457,000.12530661,000.33973783,000.55
0.50,1.46605,1.22576,000.00000000,000.06220386,000.00000000,000.48446542,000.34
0.50,0.85687,0.29272,000.00000381,000.15759155,000.06799793,000.59685737,000.40
0.50,3.00000,0.71643,000.00000000,000.00000000,000.00000000,000.00000104,000.40
0.50,1.02485,3.00000,000.00000000,000.00000000,000.00000000,000.16971472,000.40
0.50,3.00000,1.22576,000.00000000,000.00000000,000.00000000,000.09899696,000.38
0.50,3.00000,0.41874,000.00000000,000.00000015,000.00000000,000.09898452,000.43
0.50,1.46605,0.14305,000.11717606,001.45075548,001.57384491,000.66620827,000.47
0.50,1.46605,0.71643,000.00000000,000.00000000,000.00000000,000.26981005,000.37
0.50,2.50828,0.24475,000.00000000,000.41119093,000.49043846,000.40771055,000.53
0.50,1.46605,0.41874,000.00000000,000.02663810,000.01010704,000.32796013,000.42
0.50,1.46605,0.24475,000.00426197,000.46950141,000.61115885,000.40171006,000.44
0.60,0.10000,0.10000,000.00040531,000.81072092,001.04336500,001.02011943,000.35
0.50,1.02485,0.11960,000.14120293,002.13419485,002.42121363,001.32691419,000.43
0.60,0.10000,0.29272,000.00000000,001.43036556,001.98991585,001.71399605,000.30
0.60,0.10000,0.85687,000.00000000,001.44268799,001.98991585,001.90021229,000.28
0.50,1.02485,0.59901,000.00000000,000.00006217,000.00000000,000.39913526,000.52
0.50,3.00000,0.17109,000.00449085,000.59770340,000.92975760,000.45214885,000.49
0.50,1.75344,0.85687,000.00000000,000.00000000,000.00000000,000.13936546,000.52
0.50,1.75344,0.50083,000.00000000,000.00005723,000.00000191,000.19538088,000.42
0.50,1.75344,0.10000,000.12508011,002.13850117,002.48513603,001.22672439,000.59
0.60,0.10000,0.50083,000.00000000,001.46756232,001.98991585,002.14160872,000.31
0.50,1.75344,0.29272,000.00052452,000.30849248,000.32120848,000.38490632,000.44
0.50,1.75344,1.46605,000.00000000,000.00000000,000.00000000,000.29024804,000.37
0.60,0.10000,0.17109,000.00000000,000.90854263,000.99495888,001.03702390,000.41
0.50,1.75344,2.50828,000.00000000,000.00000000,000.00000000,000.00000940,000.41
0.50,3.00000,2.09717,000.00000191,000.00204918,000.00168276,000.16729107,000.58
0.60,0.10000,1.46605,000.00000000,001.23125935,001.49243689,001.75888062,000.28
0.50,1.75344,0.17109,000.05104160,001.18350959,001.26624870,000.50949734,000.62
0.60,0.10000,2.50828,000.00000000,000.72134399,000.99495792,001.38638699,000.31
0.50,1.46605,2.50828,000.00000000,000.00000000,000.00000000,000.25386047,000.42
0.60,0.11960,0.35011,000.00000000,001.35562897,001.98991489,001.39361608,000.29
0.60,0.11960,0.59901,000.00000000,001.87798214,001.98991585,002.14954495,000.30
0.60,0.11960,0.20463,000.00000000,000.85818875,000.99495792,001.02718377,000.32
0.50,2.09717,1.02485,000.00000000,000.00000000,000.00000000,000.00194742,000.34
0.60,0.11960,0.11960,000.00000381,000.72291791,001.00626945,000.88967288,000.35
0.50,2.09717,0.11960,000.12268639,001.71457326,002.07611895,000.91376513,000.42
0.50,2.09717,0.20463,000.00511646,000.82140571,001.04367256,000.51066703,000.42
0.60,0.11960,1.02485,000.00000000,001.61680579,001.98991585,001.55098546,000.30
0.50,2.09717,0.59901,000.00000000,000.00000000,000.00000000,000.13929246,000.47
0.60,0.10000,0.35011,000.00000000,001.30588126,001.98991489,001.72320235,000.30
0.60,0.11960,1.75344,000.00000000,001.29344416,001.98991489,001.54942095,000.30
0.60,0.10000,1.75344,000.00000000,001.08201587,000.99495840,001.60974193,000.29
0.60,0.10000,1.02485,000.00000000,001.60436881,001.98991585,001.93605530,000.40
0.60,0.10000,0.11960,000.00000286,000.84659708,001.00138998,000.86993158,000.35
0.50,2.09717,0.35011,000.00000191,000.09975816,000.07961988,000.32008490,000.43
0.50,1.75344,0.11960,000.09881687,001.83252871,002.06774187,001.08463550,000.46
0.50,1.46605,0.29272,000.00031281,000.30523768,000.37480927,000.36547846,000.43
0.50,1.46605,1.46605,000.00000000,000.10897745,000.00000000,000.49860314,000.33
0.60,0.11960,3.00000,000.00000000,000.16168545,000.00000000,000.49187320,000.35
0.50,1.75344,0.20463,000.02595043,000.86310405,001.02840281,000.50457454,000.43
0.60,0.14305,0.24475,000.00000000,001.21882248,001.98991489,001.17434549,000.32
0.60,0.14305,0.14305,000.00000000,000.90967321,001.00324965,001.02970493,000.36
0.50,1.46605,0.85687,000.00000000,000.00000000,000.00000000,000.16972651,000.43
0.50,3.00000,1.46605,000.00000000,000.00000000,000.00000000,000.09899681,000.40
0.50,3.00000,0.50083,000.00000000,000.00000000,000.00000000,000.09904361,000.43
0.50,1.22576,0.41874,000.00000000,000.01012621,000.00195599,000.34393793,000.43
0.60,0.14305,0.41874,000.00000000,001.40546155,001.98991585,001.58175039,000.30
0.50,3.00000,0.29272,000.00000095,000.00783788,000.00341082,000.21826527,000.43
0.50,1.22576,1.22576,000.00000000,000.17483398,000.00000000,000.57800394,000.31
0.60,0.14305,0.71643,000.00000000,001.76604939,001.98991585,001.80992103,000.30
0.50,1.46605,0.10000,000.30220890,002.27380037,002.51382208,001.27573156,000.54
0.60,0.14305,1.22576,000.00000000,001.38050306,001.98991585,001.54430127,000.30
0.60,0.14305,2.09717,000.00000000,000.94520921,000.99495792,001.64381814,000.31
0.60,0.17109,0.50083,000.00000000,001.30588114,001.98991489,001.25853300,000.29
0.60,0.17109,0.29272,000.00000000,001.16907692,000.99495888,001.36637986,000.32
0.50,2.50828,0.71643,000.00000000,000.00000000,000.00000000,000.00002363,000.50
0.60,0.17109,0.85687,000.00000000,001.52974677,001.98991537,001.73545182,000.31
0.60,0.14305,0.10000,000.00311184,000.91818076,001.13033199,001.04993784,000.39
0.60,0.17109,0.17109,000.00000000,000.86015302,000.99551582,000.88192129,000.36
0.60,0.17109,1.46605,000.00000000,001.38050294,001.98991489,001.75550139,000.31
0.60,0.10000,0.14305,000.00000000,000.76081127,000.99499464,001.14568591,000.56
0.50,3.00000,0.10000,000.01503563,001.25123191,001.34780264,000.58690697,000.76
0.60,0.17109,2.50828,000.00000000,000.57210034,000.99495792,001.20221198,000.36
0.50,2.50828,0.14305,000.01452255,001.21720433,001.32111740,000.59768277,000.44
0.60,0.14305,0.85687,000.00000000,001.35562909,001.98991489,001.69330001,000.28
0.50,2.09717,1.75344,000.00000000,000.00000000,000.00000000,000.28473869,000.44
0.60,0.20463,0.20463,000.00000000,000.96034831,000.99497080,001.50377786,000.37
0.60,0.20463,0.35011,000.00000000,001.25643253,001.98991489,001.13730800,000.35
0.50,3.00000,0.20463,000.00009727,000.32679111,000.28079557,000.47781625,000.49
0.60,0.17109,0.59901,000.00000000,001.34319222,001.98991489,001.93265176,000.28
0.60,0.14305,2.50828,000.00000000,000.65915906,000.99495792,001.07915056,000.34
0.60,0.14305,1.46605,000.00000000,001.33075523,001.98991489,001.63787663,000.39
0.60,0.17109,0.35011,000.00000000,001.01983106,000.99495792,001.43024957,000.38
0.60,0.10000,0.59901,000.00000000,001.75361252,001.98991585,001.96578968,000.28
0.50,2.50828,0.85687,000.00000000,000.00000000,000.00000000,000.05447106,000.41
0.50,2.50828,1.22576,000.00000000,000.00000000,000.00000000,000.13929403,000.35
0.50,3.00000,0.85687,000.00000000,000.00000000,000.00000000,000.00000156,000.67
0.50,1.02485,1.02485,000.00000000,000.36067191,000.00000048,000.68932861,000.32
0.50,2.09717,0.71643,000.00000000,000.00000000,000.00000000,000.16972706,001.02
0.60,0.17109,0.20463,000.00000000,000.94020653,000.99495792,000.95946777,000.43
0.50,1.75344,1.02485,000.00000000,000.00000000,000.00000000,000.32331419,000.34
0.50,1.75344,1.75344,000.00000000,000.00000000,000.00000000,000.38212067,000.36
0.60,0.14305,0.11960,000.00005722,000.87977445,001.04238844,000.79704958,000.48
0.50,1.75344,0.59901,000.00000000,000.00000000,000.00000000,000.13929316,000.39
0.60,0.20463,0.11960,000.00209141,000.99223197,001.17830372,000.99658817,000.76
0.60,0.20463,0.59901,000.00000000,001.29344428,001.98991489,001.20320046,000.28
0.60,0.10000,3.00000,000.00000000,000.08705882,000.00000000,000.53939193,000.36
0.60,0.14305,0.29272,000.00000000,001.31926477,001.98991489,001.53629124,001.02
0.60,0.11960,0.71643,000.00000000,001.52974701,001.98991585,001.74826813,000.28
0.50,1.46605,0.17109,000.06282234,001.01800931,001.13929701,000.69794053,000.45
0.60,0.11960,0.41874,000.00000000,001.41781390,001.98991537,001.37502337,000.29
0.60,0.17109,1.75344,000.00000000,001.24369621,000.99495888,001.92134953,000.67
0.60,0.11960,1.22576,000.00000000,001.47999883,001.98991489,002.27024627,000.29
0.60,0.17109,1.02485,000.00000000,001.51730955,001.98991585,001.91060364,000.74
0.60,0.10000,0.41874,000.00000000,001.66655385,001.98991585,001.66116238,000.29
0.60,0.11960,0.24475,000.00000000,001.05716729,000.99495888,001.14725614,000.32
0.50,1.46605,0.50083,000.00000000,000.00022169,000.00000477,000.27000451,001.02
0.60,0.10000,0.20463,000.00000000,001.00739419,000.99495792,001.35927403,000.67
0.60,0.10000,1.22576,000.00000000,001.57949507,001.98991585,001.81224287,000.28
0.60,0.11960,2.09717,000.00000000,001.15663767,001.98991489,001.29635024,000.30
0.60,0.10000,2.09717,000.00000000,001.01983094,000.99495792,000.98148423,000.30
0.60,0.20463,0.24475,000.00000000,000.90888852,000.99495792,001.24010265,000.65
0.60,0.11960,0.14305,000.00000000,000.85217869,000.99571896,000.83054006,000.37
0.60,0.20463,1.02485,000.00000000,001.25613344,001.98991489,001.86659896,000.28
0.60,0.20463,1.75344,000.00000000,001.14420056,000.99495888,001.60614014,000.29
0.50,2.50828,2.09717,000.00000000,000.00000002,000.00000000,000.13928926,000.41
0.50,2.50828,0.41874,000.00000000,000.00123683,000.00013590,000.16523485,000.86
0.50,1.75344,0.35011,000.00000095,000.12977430,000.13715458,000.28993011,000.76
0.50,2.09717,0.14305,000.01200390,001.45133555,001.62426281,000.72368616,000.45
0.50,2.09717,3.00000,000.00000000,000.00470420,000.00396299,000.11712283,000.79
0.50,2.09717,0.41874,000.00000000,000.01044495,000.00404596,000.17039642,001.45
0.60,0.17109,0.10000,000.00025177,001.06101775,001.23657227,001.19157219,001.44
0.60,0.24475,0.41874,000.00000000,001.06964910,000.99495792,001.63860714,000.30
0.60,0.14305,0.17109,000.00000000,000.78938681,000.99496555,000.94674236,000.36
0.60,0.11960,0.29272,000.00000000,001.26857352,001.98991489,001.19460869,000.33
0.60,0.14305,0.50083,000.00000000,001.54218340,001.98991585,001.47388148,000.30
0.60,0.20463,0.41874,000.00000000,001.25012350,001.98991489,001.34859467,000.89
0.60,0.24475,0.14305,000.00004768,000.85119522,001.07875395,001.08642137,000.41
0.50,2.09717,1.22576,000.00000000,000.00000000,000.00000000,000.13929404,000.70
0.60,0.24475,1.22576,000.00000000,001.21882236,000.99495888,001.40271366,000.29
0.60,0.24475,0.71643,000.00000000,001.67903805,001.98991585,001.61275113,000.29
0.60,0.14305,1.02485,000.00000000,001.56705785,001.98991585,001.48708713,000.28
0.50,3.00000,1.75344,000.00000000,000.00000705,000.00000334,000.00197019,000.42
0.60,0.20463,3.00000,000.00000000,000.22386551,000.00000000,000.52648228,000.51
0.60,0.17109,3.00000,000.00000000,000.17411885,000.00000000,000.53865671,000.39
0.60,0.24475,0.24475,000.00000000,000.80866659,000.99495792,001.04334962,000.50
0.50,3.00000,0.35011,000.00000000,000.00027173,000.00005341,000.14726628,000.44
0.50,1.75344,3.00000,000.00000000,000.00002023,000.00001287,000.00192313,001.15
0.60,0.11960,0.50083,000.00000000,001.57949448,001.98991585,001.58479655,000.58
0.50,1.22576,0.24475,000.00000286,000.33318645,000.35784149,000.40113801,000.74
0.50,2.50828,0.29272,000.00001526,000.17166807,000.18934584,000.33890241,001.05
0.50,2.50828,0.17109,000.03996372,000.97346610,001.11398029,000.55013889,000.45
0.50,2.09717,0.24475,000.00895882,000.57083458,000.73240232,000.41112885,000.87
0.50,1.22576,0.71643,000.00000000,000.00000000,000.00000000,000.28473794,000.47
0.60,0.17109,0.71643,000.00000000,001.60436857,001.98991585,001.56685996,000.29
0.50,3.00000,0.11960,000.00827789,000.95762950,001.11750793,000.56060421,000.53
0.60,0.14305,1.75344,000.00000000,001.15663755,000.99495840,001.39733970,000.30
0.60,0.24475,2.09717,000.00000000,000.94520915,000.99495792,001.13895512,000.42
0.60,0.29272,0.10000,000.00786400,001.67222250,002.08376217,001.08411992,000.43
0.60,0.17109,0.41874,000.00000000,001.33075547,001.98991489,001.69002700,000.29
0.60,0.14305,3.00000,000.00000000,000.11193483,000.00000000,000.50134319,000.35
0.50,2.50828,2.50828,000.00000000,000.00055821,000.00050926,000.10080633,000.60
0.60,0.10000,0.71643,000.00000000,001.72873855,001.98991585,002.15193820,000.32
0.60,0.29272,0.50083,000.00000000,001.16907454,000.99495792,001.11967027,000.30
0.50,2.50828,0.50083,000.00000000,000.00000005,000.00000000,000.13928223,000.63
0.50,3.00000,1.02485,000.00000000,000.00000000,000.00000000,000.00026169,000.38
0.50,2.50828,1.46605,000.00000000,000.00000000,000.00000000,000.09899697,000.38
0.60,0.29272,0.17109,000.00000572,000.72613490,000.99578524,000.88739038,000.39
0.60,0.17109,2.09717,000.00000000,000.95764619,000.99495792,001.51478863,000.82
0.50,3.00000,2.50828,000.00132275,000.07417488,000.08950758,000.25616625,000.42
0.60,0.17109,0.24475,000.00000000,000.98252136,000.99495792,001.06120634,000.32
0.60,0.29272,0.29272,000.00000000,001.06958413,000.99495792,000.89719146,000.42
0.60,0.29272,0.85687,000.00000000,001.24369633,000.99495888,001.27509940,000.28
0.60,0.29272,1.46605,000.00000000,001.21882224,001.49243689,001.38667262,000.30
0.60,0.29272,2.50828,000.00000000,000.37310895,000.49747849,000.88433754,000.32
0.60,0.20463,0.71643,000.00000000,001.19394863,000.99495792,001.24026978,000.28
0.60,0.35011,0.11960,000.00863457,001.21812594,001.41784239,001.10199916,000.40
0.60,0.11960,0.10000,000.00297165,001.10362697,001.34160948,001.17608058,000.35
0.60,0.35011,0.59901,000.00000000,001.09445274,000.99495792,001.18106949,000.31
0.60,0.35011,1.02485,000.00000000,001.29344952,001.49243689,001.31785929,000.30
0.60,0.35011,0.35011,000.00000000,000.72139996,000.99495792,000.83784127,000.35
0.60,0.20463,0.14305,000.00000954,000.77598387,001.01573896,000.85560006,000.37
0.60,0.35011,0.20463,000.00000000,000.68386024,000.99506426,000.89607871,000.39
0.60,0.29272,0.59901,000.00000000,001.33075500,001.98991489,001.45335293,000.34
0.60,0.11960,1.46605,000.00000000,001.40537703,001.98991489,001.63439703,000.28
0.60,0.35011,1.75344,000.00000000,000.97008312,000.99495792,001.13350987,000.29
0.60,0.17109,1.22576,000.00000000,001.69142747,001.98991585,001.68059409,000.29
0.60,0.10000,0.24475,000.00000000,001.11530709,000.99495888,001.34840345,000.32
0.60,0.35011,3.00000,000.00000000,000.06218868,000.00000000,000.72050184,000.35
0.50,1.22576,0.14305,000.00945854,001.46836996,001.69912815,000.88074094,000.41
0.60,0.29272,0.35011,000.00000000,001.19394863,000.99496555,001.30338478,000.37
0.50,3.00000,0.59901,000.00000000,000.00000000,000.00000000,000.00002581,000.42
0.60,0.41874,0.14305,000.00038815,001.05117953,001.22500420,000.86875230,000.40
0.60,0.20463,0.29272,000.00000000,000.90791070,000.99495792,000.94515485,000.32
0.60,0.41874,0.24475,000.00000000,000.52495825,000.99495888,000.73883355,000.39
0.60,0.20463,1.22576,000.00000000,001.46756196,001.98991585,001.52731669,000.29
0.60,0.20463,2.09717,000.00000000,000.90789825,000.99495792,001.20861793,000.30
0.60,0.11960,0.17109,000.00000000,000.84650528,000.99495935,001.10860825,000.34
0.60,0.35011,0.71643,000.00000000,001.23125935,001.49243689,001.21282876,000.33
0.60,0.24475,0.50083,000.00000000,001.21882236,000.99495888,001.26524019,000.32
0.50,2.09717,2.09717,000.00000000,000.00000000,000.00000000,000.13929388,000.36
0.60,0.14305,0.59901,000.00000000,001.65417266,001.98991585,001.75470531,000.29
0.60,0.20463,0.50083,000.00000000,001.47999883,001.98991489,001.61219978,000.29
0.60,0.17109,0.11960,000.00026608,000.97148466,001.06989861,000.82746011,000.38
0.60,0.14305,0.20463,000.00000000,001.02030945,000.99495888,001.22448361,000.34
0.50,2.50828,0.10000,000.11302948,001.79388809,002.09849930,001.08174908,000.42
0.60,0.20463,0.17109,000.00000000,000.83087778,000.99511290,000.79064655,000.42
0.60,0.41874,0.41874,000.00000000,000.83357096,000.99495792,001.20623386,000.35
0.60,0.41874,0.71643,000.00000000,000.92033517,000.99495792,001.31436133,000.30
0.60,0.24475,0.85687,000.00000000,001.38050294,001.98991489,001.31917298,000.28
0.60,0.24475,1.46605,000.00000000,001.20638537,001.98991489,001.52000737,000.29
0.60,0.41874,1.22576,000.00000000,000.89546138,000.99495792,001.05877745,000.29
0.60,0.24475,0.17109,000.00000000,000.79695547,000.99561071,000.85920233,000.37
0.60,0.41874,2.09717,000.00000000,000.70890689,000.99495792,000.90508342,000.32
0.60,0.35011,0.85687,000.00000000,001.03226793,000.99495792,001.52780318,000.30
0.60,0.24475,0.10000,000.00161743,001.34010291,001.54463243,000.95749009,000.39
0.60,0.24475,0.29272,000.00000000,000.89551222,000.99495792,001.26929080,000.34
0.60,0.20463,0.10000,000.04010677,001.26559114,001.52288437,001.02685392,000.40
0.60,0.50083,0.85687,000.00000000,000.82083952,000.99495792,001.02437150,000.29
0.60,0.50083,0.10000,000.10187340,001.90658224,002.17739105,001.31186759,000.41
0.60,0.50083,1.46605,000.00000000,000.93277228,000.99495792,001.42456234,000.30
0.60,0.24475,0.59901,000.00000000,001.36806607,001.98991585,001.36189306,000.35
0.60,0.50083,0.50083,000.00000000,000.54245931,000.99495697,000.80591297,000.33
0.60,0.50083,2.50828,000.00000000,000.39798293,000.99495697,000.73620141,000.32
0.60,0.24475,2.50828,000.00000000,000.70890695,000.99495792,000.98173642,000.31
0.60,0.41874,0.85687,000.00000000,001.05714190,000.99495792,001.33487582,000.33
0.60,0.50083,0.29272,000.00000000,000.47002754,000.99495792,000.81070507,000.38
0.60,0.14305,0.35011,000.00000000,001.52976680,001.98991585,001.56684875,000.30
0.60,0.50083,0.17109,000.00003242,000.64190662,001.00464249,000.93840557,000.42
0.60,0.59901,0.11960,000.14864826,001.64990175,002.01937389,001.04604518,000.40
0.60,0.59901,0.20463,000.00000286,000.42712110,000.53068876,000.79276383,000.41
0.60,0.29272,0.11960,000.00289059,001.17599773,001.41223621,001.00202274,000.40
0.60,0.24475,0.20463,000.00000000,000.62211031,000.99495792,000.74593061,000.38
0.60,0.59901,1.02485,000.00000000,000.84571439,000.99495792,001.33772838,000.31
0.60,0.59901,0.35011,000.00000000,000.34705591,000.06011915,000.63006735,000.39
0.60,0.59901,1.75344,000.00000000,000.68403304,000.99495792,000.77651352,000.31
0.60,0.59901,0.59901,000.00000000,000.57237113,000.99495792,000.81426299,000.38
0.60,0.50083,1.02485,000.00000000,000.80843651,000.99495792,001.18875039,000.30
0.60,0.24475,0.11960,000.00189304,001.06272924,001.21826649,000.97398925,000.43
0.60,0.29272,1.02485,000.00000000,001.43025088,001.98991489,001.74455547,000.29
0.60,0.11960,2.50828,000.00000000,000.60941112,000.99495792,001.24186504,000.30
0.60,0.29272,1.75344,000.00000000,001.11932683,000.99495888,001.17286897,000.29
0.60,0.20463,0.85687,000.00000000,001.45512474,001.98991489,001.66425717,000.30
0.60,0.59901,3.00000,000.00000000,000.00000000,000.00000000,000.19496988,000.42
0.60,0.35011,1.22576,000.00000000,000.99495709,000.99495792,001.36054802,000.31
0.60,0.29272,3.00000,000.00000000,000.14924358,000.00000000,000.48854363,000.39
0.60,0.71643,1.22576,000.00000000,000.58453727,000.99495697,001.03379881,000.31
0.60,0.29272,0.20463,000.00000000,000.73966175,000.99497223,000.85026282,000.48
0.60,0.71643,0.71643,000.00000000,000.36144710,000.03099680,000.84236610,000.35
0.60,0.71643,0.41874,000.00000000,000.07708820,000.00000000,000.48938495,000.40
0.60,0.59901,1.22576,000.00000000,000.97008306,000.99495792,001.30680799,000.35
0.60,0.35011,0.14305,000.00005054,001.08165777,001.31790113,000.93873680,000.46
0.60,0.35011,2.09717,000.00000000,000.77109176,000.99495792,001.00505471,000.31
0.60,0.71643,2.09717,000.00000000,000.44773063,000.99495697,000.68029171,000.32
0.60,0.71643,0.24475,000.00000000,000.09580082,000.03061438,000.47312483,000.56
0.60,0.71643,0.14305,000.03585148,001.13507187,001.29873800,000.94475049,000.62
0.60,0.29272,0.41874,000.00000000,001.08201754,000.99495792,001.45399964,000.33
0.60,0.59901,0.41874,000.00000000,000.37551838,000.59269762,000.72186089,000.45
0.60,0.20463,1.46605,000.00000000,001.55462050,001.98991585,001.62452459,000.29
0.60,0.85687,0.85687,000.00000000,000.44773096,000.99495697,000.63513815,000.33
0.60,0.85687,1.46605,000.00000000,000.48504153,000.99495697,000.78343040,000.30
0.60,0.85687,0.50083,000.00000000,000.08760415,000.00000000,000.47294044,000.39
0.60,0.41874,0.10000,000.02031708,001.75950336,002.05854130,001.24798715,000.41
0.60,0.85687,0.29272,000.00000000,000.09476962,000.04453659,000.42202628,000.41
0.60,0.41874,0.29272,000.00000000,000.79892749,000.99495792,000.91159558,000.37
0.60,0.20463,2.50828,000.00000000,000.53478944,000.99495697,001.27401233,000.31
0.60,0.85687,0.10000,000.50051308,001.89600968,002.13841629,000.99273443,000.51
0.60,0.85687,0.17109,000.00053215,000.55638552,000.70247269,000.58019418,000.53
0.60,0.85687,2.50828,000.00000000,000.01244553,000.00000000,000.51459271,000.33
0.60,0.35011,2.50828,000.00000000,000.46016765,000.99495697,000.82190967,000.31
0.60,1.02485,0.11960,000.10390568,001.50928092,001.75034904,000.70200503,000.42
0.60,0.24475,1.02485,000.00000000,001.15663755,001.49243641,001.45291054,000.28
0.60,0.24475,1.75344,000.00000000,001.11932659,000.99495792,001.39077163,000.29
0.60,0.11960,0.85687,000.00000000,001.52974701,001.98991585,001.59103036,000.29
0.60,1.02485,1.75344,000.00000000,000.22386546,000.00000000,000.56599021,000.32
0.60,1.02485,1.02485,000.00000000,000.12437029,000.00000000,000.54894239,000.32
0.60,1.02485,0.20463,000.00113106,000.39902276,000.53579187,000.48594677,000.41
0.60,0.17109,0.14305,000.00000095,000.86030120,001.01881075,000.96832371,000.37
0.60,0.41874,0.50083,000.00000000,001.01983726,000.99495792,001.05197060,000.35
0.60,0.29272,0.14305,000.00089264,000.91055888,001.07956600,000.96457976,000.83
0.60,0.85687,1.75344,000.00000000,000.38555473,000.99495697,000.73995066,000.35
0.60,1.02485,0.35011,000.00000000,000.01268269,000.00045443,000.30948532,000.41
0.60,0.85687,0.59901,000.00000000,000.12557438,000.00000000,000.54859006,000.37
0.60,0.71643,0.17109,000.00244713,000.63326770,000.86709881,000.73674530,000.45
0.60,1.02485,0.59901,000.00000000,000.00000000,000.00000000,000.37374151,000.42
0.60,0.24475,0.35011,000.00000000,001.04470539,000.99495792,001.22258401,000.34
0.60,1.02485,3.00000,000.00000000,000.00000005,000.00000000,000.09899660,000.38
0.60,1.22576,0.14305,000.00103760,001.10317421,001.20989752,000.68516922,000.42
0.60,0.50083,1.75344,000.00000000,000.98251998,000.99495792,001.18913031,000.29
0.60,0.35011,0.17109,000.00000095,000.83454162,001.02516222,000.76104677,000.69
0.60,0.50083,0.11960,000.00092888,001.52884316,001.86091375,001.06333315,000.42
0.60,0.50083,0.59901,000.00000000,000.75866687,000.99495792,000.81188750,000.31
0.60,0.41874,1.02485,000.00000000,001.20638561,001.98991489,001.22262442,000.29
0.60,0.50083,3.00000,000.00000000,000.00000000,000.00000000,000.32331616,000.34
0.60,0.85687,0.11960,000.03047085,001.56256020,001.86655617,001.00513804,000.48
0.60,1.22576,0.24475,000.00000381,000.28359836,000.34610891,000.38007841,000.42
0.60,0.24475,3.00000,000.00000000,000.13680673,000.00000000,000.48498464,000.34
0.60,0.35011,0.41874,000.00000000,000.99496758,000.99495792,001.06955767,000.33
0.60,0.50083,0.35011,000.00000000,000.66295683,000.99495792,000.83491033,000.38
0.60,1.02485,0.14305,000.00124645,001.15166616,001.33118868,000.64781475,000.47
0.60,1.22576,0.41874,000.00000000,000.00033660,000.00000095,000.26212555,000.41
0.60,0.41874,0.11960,000.00142193,001.42828155,001.76776648,001.04928458,000.68
0.60,0.50083,0.20463,000.00000095,000.38948661,000.15151215,000.71753561,000.40
0.60,0.59901,0.14305,000.00097275,000.97554004,001.13897038,000.87840766,000.40
0.60,1.22576,0.71643,000.00000000,000.00000000,000.00000000,000.28473070,000.36
0.60,0.35011,0.24475,000.00000000,000.69723195,000.99495792,001.07062078,000.37
0.60,0.59901,0.24475,000.00000000,000.30656448,000.04841757,000.78936636,000.41
0.60,0.59901,2.09717,000.00000000,000.48504171,000.99495792,000.76158172,000.31
0.60,0.50083,1.22576,000.00000000,000.84571350,000.99495792,001.23226178,000.28
0.60,1.22576,0.10000,000.25895500,001.96475852,002.15132141,000.92925984,000.44
0.60,0.59901,0.71643,000.00000000,000.70899302,000.99495792,001.01152992,000.35
0.60,0.29272,1.22576,000.00000000,001.30588126,001.98991489,001.55656004,000.28
0.60,1.22576,1.22576,000.00000000,000.08759446,000.00000000,000.46813488,000.32
0.60,0.29272,2.09717,000.00000000,001.03226793,000.99495792,001.42400551,000.30
0.60,0.35011,1.46605,000.00000000,001.11932659,000.99495792,001.13769412,000.31
0.60,1.22576,2.09717,000.00000000,000.00000257,000.00000000,000.39798212,000.34
0.60,0.71643,1.46605,000.00000000,000.53478944,000.99495792,000.83688891,000.30
0.60,0.59901,1.46605,000.00000000,000.69646996,000.99495792,001.12584162,000.29
0.60,0.71643,0.85687,000.00000000,000.57212275,000.99495792,000.77903920,000.31
0.60,0.41874,0.17109,000.00000477,000.77806175,001.01363659,001.01899898,000.44
0.60,0.71643,0.10000,000.09007454,002.22209120,002.44696426,001.12448812,000.43
0.60,0.71643,2.50828,000.00000000,000.18655500,000.00000000,000.51995450,000.32
0.60,0.29272,0.24475,000.00000000,000.93309814,000.99495792,000.93439847,000.36
0.60,0.71643,0.50083,000.00000000,000.32811326,000.01186895,000.67757767,000.37
0.60,0.35011,0.10000,000.06049061,001.75340104,002.08670568,001.22828579,000.42
0.60,0.35011,0.29272,000.00000000,000.72324830,000.99495792,000.98214209,000.38
0.60,0.71643,0.29272,000.00000000,000.11165769,000.00220633,000.46576902,000.40
0.60,1.22576,1.46605,000.00000000,000.14948733,000.00000000,000.48841447,000.34
0.60,0.59901,0.85687,000.00000000,000.68404961,000.99495792,000.85003197,000.42
0.60,1.46605,0.17109,000.02736473,000.85956848,001.07796907,000.57225996,000.45
0.60,0.85687,0.35011,000.00000000,000.00108904,000.00000525,000.28454584,000.42
0.60,0.41874,0.35011,000.00000000,000.62338066,000.99495792,000.95952427,000.39
0.60,0.59901,0.29272,000.00000000,000.25002819,000.00383902,000.69616348,000.54
0.60,1.46605,0.10000,000.63335037,001.98655474,002.14006519,001.00143099,000.53
0.60,0.41874,2.50828,000.00000000,000.57210034,000.99495792,001.04333067,000.46
0.60,1.22576,0.11960,000.02050114,001.48547673,001.64987135,000.70890617,000.55
0.60,1.46605,1.46605,000.00000000,000.00000041,000.00000000,000.37370628,000.34
0.60,0.85687,3.00000,000.00000000,000.00000000,000.00000000,000.25380734,000.38
0.60,1.46605,0.85687,000.00000000,000.00000000,000.00000000,000.21677250,000.39
0.60,0.85687,0.20463,000.00000000,000.29714480,000.33174419,000.56360841,000.45
0.60,1.46605,2.50828,000.00000000,000.00000000,000.00000000,000.22046418,000.39
0.60,1.46605,0.29272,000.00000000,000.12287010,000.10254192,000.35967746,000.54
0.60,0.41874,0.59901,000.00000000,000.99495715,000.99495792,001.34415078,000.34
0.60,1.02485,2.09717,000.00000000,000.07462177,000.00000000,000.51323843,000.35
0.60,1.46605,0.50083,000.00000000,000.00000000,000.00000000,000.17929742,000.47
0.60,0.71643,3.00000,000.00000000,000.00000000,000.00000000,000.21684089,000.48
0.60,1.02485,1.22576,000.00000000,000.29848719,000.00000000,000.63677281,000.40
0.60,1.75344,0.11960,000.06303406,001.37137365,001.55818796,000.78316283,000.46
0.60,1.02485,0.24475,000.00000000,000.14767537,000.11160707,000.39073470,000.43
0.60,1.75344,0.20463,000.00069427,000.53262413,000.67436361,000.47518498,000.44
0.60,1.75344,0.35011,000.00000000,000.03507413,000.02210951,000.26577908,000.45
0.60,1.22576,1.75344,000.00000000,000.13680686,000.00000000,000.53060240,000.35
0.60,0.85687,0.71643,000.00000000,000.20110115,000.00000000,000.59763211,000.35
0.60,1.02485,0.41874,000.00000000,000.00061724,000.00000191,000.31517470,000.41
0.60,0.29272,0.71643,000.00000000,001.25613332,001.49243689,001.47589481,000.30
0.60,1.75344,0.59901,000.00000000,000.00000000,000.00000000,000.16971591,000.42
0.60,0.71643,0.20463,000.00000191,000.34741250,000.39115286,000.68258864,000.45
0.60,0.50083,2.09717,000.00000000,000.58453739,000.99495792,001.05760777,000.31
0.60,0.50083,0.71643,000.00000000,000.92033702,000.99495792,001.07970071,000.32
0.60,1.75344,1.02485,000.00000000,000.00000000,000.00000000,000.00000977,000.40
0.60,0.35011,0.50083,000.00000000,001.04470479,000.99495792,001.31605494,000.31
0.60,1.22576,0.17109,000.01374435,000.66608834,000.93839645,000.59060448,000.46
0.60,1.75344,1.75344,000.00000000,000.00000000,000.00000000,000.29848611,000.53
0.60,0.59901,0.10000,000.11955357,001.92796934,002.25563717,001.23297489,000.42
0.60,1.75344,3.00000,000.00000000,000.00098002,000.00079775,000.02728277,000.49
0.60,0.50083,0.41874,000.00000000,000.62194216,000.99495792,000.73253340,000.37
0.60,2.09717,0.24475,000.00006199,000.19887823,000.18584538,000.39142865,000.48
0.60,0.85687,0.14305,000.01089287,000.94841450,001.14818096,000.82310462,000.44
0.60,1.22576,0.29272,000.00000000,000.07180045,000.08958435,000.24848697,000.45
0.60,2.09717,0.41874,000.00000000,000.00000254,000.00000000,000.12085284,000.43
0.60,1.22576,0.50083,000.00000000,000.00000007,000.00000000,000.19492742,000.40
0.60,2.09717,1.22576,000.00000000,000.00000000,000.00000000,000.09953203,000.39
0.60,2.09717,0.71643,000.00000000,000.00000000,000.00000000,000.00000000,000.46
0.60,0.59901,2.50828,000.00000000,000.31092420,000.00000000,000.68145519,000.32
0.60,0.59901,0.17109,000.00151062,000.55354673,000.76880360,000.67223650,000.40
0.60,1.22576,0.85687,000.00000000,000.00000000,000.00000000,000.31116301,000.35
0.60,0.50083,0.24475,000.00000000,000.61506450,000.99495935,000.85315895,000.42
0.60,0.59901,0.50083,000.00000000,000.47599286,000.99495697,000.70228446,000.36
0.60,2.09717,0.14305,000.00357914,001.05282903,001.12446547,000.68413723,000.68
0.60,2.09717,2.09717,000.00000000,000.00000000,000.00000000,000.13928153,000.39
0.60,0.41874,1.46605,000.00000000,001.06957889,000.99495792,001.31436145,000.29
0.60,0.85687,1.02485,000.00000000,000.42374691,000.99495697,000.70818216,000.31
0.60,2.50828,0.17109,000.01257706,000.60135651,000.90198803,000.46035513,000.44
0.60,2.50828,0.10000,000.03269005,001.25835192,001.35486269,000.66800922,000.46
0.60,2.50828,0.29272,000.00000000,000.01428337,000.00279951,000.27438185,000.46
0.60,0.71643,1.02485,000.00000000,000.71041983,000.99495792,001.01945293,000.30
0.60,1.22576,2.50828,000.00000000,000.00000000,000.00000000,000.32331866,000.37
0.60,2.50828,0.50083,000.00000000,000.00000000,000.00000000,000.00004327,000.44
0.60,2.50828,0.85687,000.00000000,000.00000000,000.00000000,000.00000000,000.45
0.60,0.41874,0.20463,000.00000000,000.51142889,000.99524307,001.05487216,000.38
0.60,2.50828,1.46605,000.00000000,000.00000000,000.00000000,000.13928711,000.47
0.60,0.71643,0.11960,000.03905487,001.51518631,001.75323105,001.05929112,000.42
0.60,0.85687,2.09717,000.00000000,000.33579797,000.00000000,000.76008487,000.32
0.60,1.22576,0.35011,000.00000000,000.00565485,000.00091887,000.29784080,000.51
0.50,3.00000,3.00000,000.03283024,000.50914848,000.55094051,000.42352575,000.47
0.60,0.71643,0.35011,000.00000000,000.10846502,000.00201893,000.46011972,000.42
0.60,1.46605,0.20463,000.00007248,000.47469467,000.58584547,000.45199895,000.41
0.60,0.85687,0.41874,000.00000000,000.00645963,000.00000000,000.42112944,000.39
0.60,1.02485,0.71643,000.00000000,000.06239010,000.00000000,000.48438367,000.39
0.60,3.00000,0.35011,000.00000000,000.00000341,000.00000000,000.07901284,000.50
0.60,3.00000,0.20463,000.00000572,000.05365302,000.03322077,000.33159018,000.57
0.60,2.50828,2.50828,000.00000858,000.00887078,000.00728798,000.18284450,000.63
0.60,0.71643,0.59901,000.00000000,000.26474613,000.00000000,000.65098214,000.67
0.60,0.41874,3.00000,000.00000000,000.11193923,000.00000000,000.61687273,000.38
0.60,1.46605,1.75344,000.00000000,000.07462281,000.00000000,000.43642533,000.35
0.60,1.46605,1.02485,000.00000000,000.00000000,000.00000000,000.35525212,000.35
0.60,1.02485,2.50828,000.00000000,000.00000000,000.00000000,000.36475739,000.35
0.60,1.46605,0.11960,000.06113720,001.38641775,001.67727327,000.79405689,000.55
0.60,3.00000,1.02485,000.00000000,000.00000000,000.00000000,000.00057918,000.46
0.60,3.00000,0.59901,000.00000000,000.00000000,000.00000000,000.00005321,000.62
0.60,0.50083,0.14305,000.00658417,001.01789296,001.15415096,000.99913979,000.41
0.60,1.46605,0.35011,000.00000000,000.00738540,000.00296450,000.18484759,000.45
0.60,1.02485,1.46605,000.00000000,000.23632345,000.00000000,000.58557731,000.31
0.60,3.00000,0.11960,000.01986313,000.74591029,001.01534891,000.46664938,000.90
0.60,1.02485,0.10000,000.14729118,001.91051352,002.11153746,001.01513755,000.62
0.60,1.75344,0.14305,000.04028225,001.17273903,001.26789427,000.50970858,000.43
0.60,1.75344,0.41874,000.00000000,000.00008022,000.00000048,000.14601356,000.42
0.70,0.10000,0.14305,000.00000000,000.94544744,000.99495792,001.30674636,000.33
0.60,1.46605,3.00000,000.00000000,000.00002851,000.00001431,000.00204960,000.66
0.60,1.02485,0.50083,000.00000000,000.00000000,000.00000000,000.23626442,000.39
0.60,0.85687,0.24475,000.00000000,000.13443145,000.12245941,000.42081150,000.69
0.70,0.10000,0.24475,000.00000000,001.33125055,001.98991489,001.38022304,000.33
0.70,0.10000,0.71643,000.00000000,001.56705785,001.98991585,001.56594467,000.30
0.70,0.10000,1.22576,000.00000000,001.04470491,000.99495792,001.11128354,000.30
0.70,0.10000,0.41874,000.00000000,001.40547717,001.98991489,001.48548722,000.30
0.70,0.10000,2.09717,000.00000000,000.53478944,000.99495792,000.73620182,000.34
0.60,1.75344,0.24475,000.00014782,000.26291886,000.33193779,000.36445245,000.54
0.60,1.75344,1.22576,000.00000000,000.00000000,000.00000000,000.28473622,000.34
0.60,1.46605,0.59901,000.00000000,000.00000000,000.00000000,000.00002963,000.64
0.60,1.02485,0.85687,000.00000000,000.11426494,000.00000000,000.52339739,000.58
0.60,3.00000,3.00000,000.01716995,000.56183106,000.64093637,000.44445261,000.59
0.60,1.75344,0.71643,000.00000000,000.00000000,000.00000000,000.00000000,000.41
0.60,1.02485,0.29272,000.00000000,000.05169667,000.01828384,000.33255270,000.59
0.60,1.02485,0.17109,000.00433731,000.66153842,000.91893005,000.52799392,000.53
0.70,0.11960,0.10000,000.00000000,000.59029549,000.99560022,000.88999444,000.38
0.60,1.46605,0.14305,000.04011059,001.21840882,001.31792212,000.63422173,000.47
0.70,0.11960,0.29272,000.00000000,001.23156989,001.98991489,001.34658480,000.31
0.60,0.71643,1.75344,000.00000000,000.49747849,000.99495697,000.86418247,000.31
0.70,0.11960,0.85687,000.00000000,001.18151164,001.98991489,001.29894364,000.30
0.60,3.00000,1.75344,000.00000000,000.00143362,000.00103521,000.02228629,000.86
0.70,0.11960,0.50083,000.00000000,001.10688972,000.99495888,001.62345862,000.31
0.60,1.22576,0.59901,000.00000000,000.00000000,000.00000000,000.28474575,000.39
0.60,1.75344,2.09717,000.00000000,000.00000000,000.00000000,000.16972592,000.59
0.60,2.09717,0.10000,000.33956909,001.66984427,002.02678585,000.81406999,000.60
0.60,2.09717,0.29272,000.00000000,000.06217847,000.05138302,000.28594053,000.43
0.60,2.09717,1.46605,000.00000000,000.00000000,000.00000000,000.25383756,000.41
0.60,0.41874,1.75344,000.00000000,001.03226781,000.99495792,001.45549774,000.30
0.60,2.09717,0.85687,000.00000000,000.00000000,000.00000000,000.09899446,000.42
0.60,2.09717,0.50083,000.00000000,000.00000000,000.00000000,000.01103314,000.49
0.70,0.11960,2.50828,000.00000000,000.07465242,000.00000000,000.48904768,000.35
0.60,1.22576,1.02485,000.00000000,000.08714812,000.00000000,000.58105272,000.37
0.70,0.14305,0.11960,000.00000000,000.69132596,000.99495935,000.80090582,000.36
0.60,2.09717,2.50828,000.00000000,000.00003591,000.00002766,000.01118836,000.40
0.60,2.09717,0.17109,000.00591946,000.75719798,001.01306963,000.47930107,000.46
0.70,0.14305,0.20463,000.00000000,000.99499500,000.99495792,000.96847719,000.43
0.60,2.50828,0.11960,000.00295067,000.91755170,001.10274029,000.67319810,000.44
0.60,2.50828,0.20463,000.00062752,000.34144264,000.36227179,000.41531774,000.44
0.60,2.50828,0.35011,000.00000000,000.00015386,000.00000381,000.19497164,000.45
0.70,0.11960,0.17109,000.00000000,000.98252785,000.99495792,000.99376094,000.67
0.70,0.14305,0.35011,000.00000000,001.19394851,001.98991489,001.30711067,000.35
0.70,0.11960,1.02485,000.00000000,001.18151152,000.99495888,001.45263827,000.32
0.60,1.22576,3.00000,000.00000000,000.00000105,000.00000000,000.09899085,000.39
0.70,0.14305,0.59901,000.00000000,001.40537691,001.98991537,001.34903967,000.31
0.70,0.14305,1.02485,000.00000000,001.28100741,001.98991489,001.47092283,000.33
0.70,0.11960,1.46605,000.00000000,000.98252010,000.99495792,001.43135619,000.61
0.60,2.50828,1.02485,000.00000000,000.00000000,000.00000000,000.00000000,000.42
0.70,0.14305,1.75344,000.00000000,000.72134387,000.99495792,000.95697129,000.33
0.60,2.50828,1.75344,000.00000000,000.00000001,000.00000000,000.09898473,000.42
0.70,0.17109,0.24475,000.00000000,000.95777959,000.99495792,001.34569037,000.35
0.70,0.17109,0.41874,000.00000000,001.10688972,000.99495792,001.39333141,000.31
0.70,0.14305,3.00000,000.00000000,000.00000731,000.00000572,000.09999523,000.40
0.70,0.17109,0.14305,000.00000000,000.91109908,000.99495888,000.99403489,000.39
0.70,0.17109,0.71643,000.00000000,001.34319210,001.98991489,001.34149659,000.30
0.70,0.17109,1.22576,000.00000000,001.05714190,000.99495792,001.31485081,000.31
0.60,1.46605,0.24475,000.00019932,000.30910367,000.34201145,000.44782186,000.43
0.60,1.46605,1.22576,000.00000000,000.00000000,000.00000000,000.28472480,000.33
0.70,0.17109,2.09717,000.00000000,000.42285675,000.99495697,000.96315813,000.32
0.60,1.46605,2.09717,000.00000000,000.00000000,000.00000000,000.39095634,000.35
0.70,0.14305,0.71643,000.00000000,001.41781390,001.98991489,001.50534844,000.31
0.60,3.00000,0.24475,000.00000000,000.00196328,000.00134277,000.17463832,000.44
0.60,2.50828,3.00000,000.00190926,000.20738475,000.21730947,000.35095999,000.42
0.60,3.00000,1.22576,000.00000000,000.00000070,000.00000000,000.00054969,000.39
0.60,3.00000,0.41874,000.00000000,000.00000004,000.00000000,000.09905015,000.48
0.60,1.22576,0.20463,000.00047493,000.39535189,000.43145752,000.42734855,000.42
0.60,3.00000,0.71643,000.00000000,000.00000000,000.00000000,000.00018502,000.40
0.70,0.20463,0.10000,000.00000000,000.72853291,001.01758575,001.06762135,000.38
0.70,0.20463,0.29272,000.00000000,000.94552171,000.99495792,000.97984672,000.33
0.70,0.20463,0.17109,000.00000000,000.83398116,000.99495792,000.88286561,000.36
0.70,0.17109,0.85687,000.00000000,001.10688972,000.99495792,001.42024779,000.30
0.60,1.46605,0.41874,000.00000000,000.00082670,000.00001383,000.20355423,000.42
0.70,0.20463,0.50083,000.00000000,001.21886051,000.99495840,001.07321918,000.31
0.70,0.20463,0.85687,000.00000000,000.97008312,000.99495792,001.14121282,000.31
0.60,1.75344,0.50083,000.00000000,000.00000000,000.00000000,000.10199778,000.41
0.60,3.00000,0.14305,000.00428486,000.58722711,000.99722815,000.49429578,000.44
0.70,0.20463,1.46605,000.00000000,000.90789831,000.99495792,001.29921055,000.32
0.60,1.75344,0.17109,000.02350712,000.79117769,001.01776600,000.49684802,000.45
0.70,0.17109,2.50828,000.00000000,000.14924413,000.00000000,000.74694753,000.35
0.70,0.10000,0.85687,000.00000000,001.23125935,001.49243689,001.37145424,000.30
0.60,1.75344,0.10000,000.05845261,001.65633750,001.99858952,000.91342282,000.42
0.70,0.20463,2.50828,000.00000000,000.09953719,000.00000000,000.63270038,000.38
0.70,0.10000,0.29272,000.00000000,001.34319198,001.98991585,001.61661482,000.32
0.70,0.10000,0.50083,000.00000000,001.23125947,001.98991489,001.28849888,000.29
0.70,0.10000,1.46605,000.00000000,001.04470491,000.99495792,001.48841786,000.30
0.70,0.10000,2.50828,000.00000000,000.07462344,000.00000000,000.48904982,000.34
0.70,0.20463,0.35011,000.00000000,001.10688972,000.99495792,001.18127906,000.33
0.60,1.75344,1.46605,000.00000000,000.00000000,000.00000000,000.37479678,000.33
0.70,0.10000,0.10000,000.00000000,000.68774182,000.99558115,000.88023812,000.35
0.70,0.24475,0.11960,000.00000000,000.48197061,000.99495983,000.84312910,000.38
0.60,0.85687,1.22576,000.00000000,000.34823498,000.00000000,000.89965296,000.30
0.60,1.75344,0.29272,000.00000000,000.13511506,000.11381149,000.35560232,000.43
0.70,0.11960,0.35011,000.00000000,001.30589879,001.98991489,001.38064528,000.30
0.60,1.75344,0.85687,000.00000000,000.00000000,000.00000000,000.19497108,000.37
0.70,0.24475,0.20463,000.00000000,000.67330283,000.99495792,000.90626293,000.36
0.70,0.24475,0.59901,000.00000000,001.04470491,000.99495792,001.20615780,000.30
0.70,0.24475,0.35011,000.00000000,000.93277216,000.99495792,001.04062283,000.33
0.70,0.11960,0.11960,000.00000000,000.78477305,000.99495888,000.82473105,000.36
0.70,0.11960,0.59901,000.00000000,001.39293993,001.98991585,001.51217127,000.30
0.70,0.24475,1.02485,000.00000000,001.05714190,000.99495792,001.15586495,000.30
0.70,0.10000,0.59901,000.00000000,001.33075511,001.98991489,001.52796507,000.31
0.60,2.50828,0.59901,000.00000000,000.00000000,000.00000000,000.00366155,000.40
0.60,3.00000,2.09717,000.00000954,000.02474432,000.02762461,000.18777023,000.43
0.60,1.75344,2.50828,000.00000000,000.00000010,000.00000000,000.00862159,000.44
0.60,2.09717,0.35011,000.00000000,000.00156503,000.00030994,000.17340261,000.43
0.70,0.24475,1.75344,000.00000000,000.64672202,000.99495792,000.87849784,000.31
0.60,2.09717,1.02485,000.00000000,000.00000000,000.00000000,000.16972706,000.36
0.60,2.09717,1.75344,000.00000000,000.00000000,000.00000000,000.25386044,000.39
0.70,0.14305,0.24475,000.00000000,000.98255444,000.99495792,001.36779475,000.32
0.70,0.11960,3.00000,000.00000000,000.00000943,000.00000381,000.17038240,000.36
0.70,0.14305,0.14305,000.00000000,000.93393230,000.99495792,001.03785062,000.36
0.70,0.14305,0.41874,000.00000000,001.38050294,001.98991489,001.45205867,000.30
0.60,2.09717,0.59901,000.00000000,000.00000000,000.00000000,000.09899715,000.41
0.70,0.11960,1.22576,000.00000000,001.28100717,001.98991489,001.20319974,000.30
0.70,0.11960,0.20463,000.00000000,001.23173189,000.99495888,001.04949272,000.34
0.70,0.24475,3.00000,000.00000000,000.00001289,000.00000763,000.23616308,000.42
0.60,2.09717,3.00000,000.00036716,000.02610139,000.03063583,000.12901270,000.42
0.60,2.50828,0.14305,000.00663185,000.90323514,001.06669998,000.46237710,000.43
0.70,0.14305,1.22576,000.00000000,001.08201575,000.99495792,001.45400047,000.30
0.60,2.09717,0.20463,000.00059891,000.53099686,000.78485489,000.45079643,000.45
0.60,2.50828,0.41874,000.00000000,000.00000004,000.00000000,000.09898221,000.42
0.70,0.29272,0.14305,000.00000000,000.69546849,000.99522400,000.87369490,000.40
0.60,2.50828,0.24475,000.00000477,000.09967537,000.08903074,000.36185193,000.46
0.70,0.11960,1.75344,000.00000000,000.75865477,000.99495792,001.07506108,000.31
0.70,0.14305,2.09717,000.00000000,000.44773069,000.99495697,000.79416072,000.33
0.60,2.50828,1.22576,000.00000000,000.00000000,000.00000000,000.16972484,000.38
0.70,0.17109,0.50083,000.00000000,001.26860356,001.98991489,001.34999359,000.30
0.70,0.17109,0.29272,000.00000000,001.05717158,000.99495792,001.18137503,000.32
0.70,0.29272,0.24475,000.00000000,000.74621975,000.99495792,001.00145829,000.39
0.70,0.24475,2.09717,000.00000000,000.53478944,000.99495697,001.16452551,000.41
0.70,0.10000,0.17109,000.00000000,001.16909420,000.99498892,001.24195981,000.33
0.70,0.17109,1.46605,000.00000000,001.00739408,000.99495792,001.16961503,000.30
0.70,0.14305,0.85687,000.00000000,001.25613332,001.98991489,001.32430315,000.31
0.70,0.29272,0.41874,000.00000000,001.08204913,000.99495792,000.80682623,000.32
0.70,0.17109,0.17109,000.00000000,000.85815108,000.99495792,000.95153677,000.36
0.70,0.17109,0.10000,000.00000095,000.68548286,001.00184441,000.91874021,000.38
0.70,0.29272,0.71643,000.00000000,001.13176370,000.99495792,001.12055385,000.31
0.70,0.29272,1.22576,000.00000000,000.70890695,000.99495792,001.09802043,000.34
0.60,3.00000,0.29272,000.00000000,000.00019369,000.00003529,000.13930048,000.44
0.60,3.00000,1.46605,000.00000000,000.00001866,000.00001240,000.02182183,000.40
0.70,0.17109,1.02485,000.00000000,001.08201575,000.99495792,001.40267861,000.31
0.70,0.20463,0.20463,000.00000000,000.80867612,000.99495792,000.87042254,000.36
0.60,3.00000,0.10000,000.00344276,000.72116941,001.02609968,000.56424195,000.44
0.60,3.00000,0.85687,000.00000000,000.00000000,000.00000000,000.00033133,000.41
0.60,1.46605,0.71643,000.00000000,000.00000000,000.00000000,000.09899013,000.39
0.60,3.00000,0.50083,000.00000000,000.00000000,000.00000000,000.00022099,000.50
0.70,0.29272,2.09717,000.00000000,000.42285681,000.99495697,000.78714937,000.37
0.70,0.20463,1.02485,000.00000000,000.95764619,000.99495792,001.17636669,000.30
0.70,0.17109,0.59901,000.00000000,001.30588114,001.49243689,001.42035198,000.33
0.70,0.20463,1.75344,000.00000000,000.60941124,000.99495792,000.73788047,000.32
0.70,0.10000,1.02485,000.00000000,000.99495709,000.99495792,001.52056098,000.30
0.70,0.10000,0.20463,000.00000000,001.05714202,000.99495792,001.34297144,000.34
0.70,0.17109,3.00000,000.00000000,000.00000961,000.00000525,000.09903481,000.37
0.70,0.35011,0.10000,000.00626087,001.06743932,001.22416925,000.88381469,000.42
0.60,3.00000,0.17109,000.00007057,000.27867183,000.23110867,000.46203735,000.44
0.70,0.10000,0.35011,000.00000000,001.51730955,001.98991585,001.57878721,000.32
0.70,0.10000,1.75344,000.00000000,000.75865477,000.99495792,001.08130467,000.31
0.70,0.20463,0.41874,000.00000000,001.05714869,000.99495792,001.34359181,000.31
0.70,0.35011,0.50083,000.00000000,000.88302481,000.99495792,000.95740151,000.32
0.70,0.20463,3.00000,000.00000000,000.00000423,000.00000286,000.19496132,000.42
0.70,0.35011,0.29272,000.00000000,000.56098545,000.99495745,000.79174644,000.38
0.70,0.35011,0.17109,000.00000000,000.41615018,000.99495792,000.98407537,000.46
0.70,0.10000,0.11960,000.00000000,000.64722764,000.99495792,000.83870041,000.35
0.70,0.10000,3.00000,000.00000000,000.00000451,000.00000238,000.09899412,000.38
0.60,2.09717,0.11960,000.00083447,001.28892589,001.38339949,000.72338945,000.43
0.70,0.35011,0.85687,000.00000000,001.00739431,000.99495792,001.43118334,000.30
0.70,0.35011,1.46605,000.00000000,000.83327657,000.99495792,001.19461226,000.31
0.70,0.11960,0.41874,000.00000000,001.16958249,000.99495888,001.50463951,000.30
0.70,0.24475,0.14305,000.00000000,000.71386844,000.99499941,000.90750396,000.40
0.70,0.20463,2.09717,000.00000000,000.44773069,000.99495697,000.74262780,000.35
0.70,0.24475,0.71643,000.00000000,001.10688972,000.99495792,001.22743237,000.30
0.70,0.24475,0.24475,000.00000000,000.81328231,000.99495792,001.20504308,000.35
0.70,0.24475,0.41874,000.00000000,001.03236735,000.99495792,001.29319942,000.31
0.70,0.35011,2.50828,000.00000000,000.11227369,000.00000000,000.45130628,000.45
0.70,0.11960,0.71643,000.00000000,001.36806595,001.98991489,001.51870418,000.29
0.70,0.24475,1.22576,000.00000000,000.93277234,000.99495792,001.11577260,000.30
0.70,0.41874,0.59901,000.00000000,000.63503379,000.99495792,000.93293071,000.31
0.70,0.41874,0.20463,000.00000000,000.39509779,000.98761654,000.80433136,000.48
0.70,0.41874,1.02485,000.00000000,000.94521409,000.99495792,000.83688790,000.31
0.70,0.41874,1.75344,000.00000000,000.50991547,000.99495697,000.85265046,000.31
0.70,0.41874,0.35011,000.00000000,000.55387795,000.99495745,000.72049528,000.37
0.70,0.11960,0.14305,000.00000000,000.93408573,000.99495792,000.78665012,000.45
0.70,0.41874,0.11960,000.00002575,000.57461661,000.99505377,000.79825383,000.58
0.70,0.14305,0.29272,000.00000000,001.13176370,000.99495792,001.41516924,000.32
0.60,2.50828,0.71643,000.00000000,000.00000000,000.00000000,000.00065502,000.42
0.70,0.14305,0.50083,000.00000000,001.23126078,001.49249172,001.28284013,000.30
0.70,0.14305,0.10000,000.00000000,000.74433792,001.00758410,000.89509004,000.37
0.60,3.00000,2.50828,000.00168324,000.19687252,000.21261168,000.38514188,000.48
0.60,2.50828,2.09717,000.00000000,000.00004839,000.00002956,000.09915549,000.43
0.70,0.14305,0.17109,000.00000000,000.80903184,000.99495792,000.92661440,000.34
0.70,0.41874,3.00000,000.00000000,000.00000783,000.00000238,000.13926493,000.37
0.70,0.50083,1.22576,000.00000000,000.76039159,000.99495792,001.02391219,000.30
0.70,0.14305,1.46605,000.00000000,000.90789831,000.99495792,001.55069828,000.31
0.70,0.50083,0.71643,000.00000000,000.59698737,000.99495697,000.77904725,000.32
0.70,0.50083,0.14305,000.00001621,000.45662013,000.52443123,000.61131299,000.40
0.70,0.29272,0.10000,000.00387383,000.88384694,001.15994406,000.85910195,000.38
0.70,0.50083,0.41874,000.00000000,000.31107506,000.00009584,000.71985710,000.36
0.70,0.24475,0.29272,000.00000000,001.04480469,000.99495792,000.99380225,000.42
0.70,0.24475,1.46605,000.00000000,000.90789825,000.99495792,001.08883071,000.37
0.70,0.20463,0.11960,000.00000000,000.54812324,000.99500895,000.71647149,000.39
0.70,0.11960,2.09717,000.00000000,000.44773072,000.99495697,000.75878197,000.32
0.70,0.14305,2.50828,000.00000000,000.05756598,000.00000000,000.48028624,000.34
0.70,0.50083,0.24475,000.00000000,000.25988778,000.00620747,000.52065301,000.47
0.70,0.20463,0.59901,000.00000000,001.29344451,000.99497223,001.34020448,000.31
0.70,0.50083,2.09717,000.00000000,000.16181929,000.00000000,000.76099950,000.37
0.70,0.17109,0.35011,000.00000000,001.03226805,000.99495792,001.40299606,000.31
0.70,0.17109,1.75344,000.00000000,000.54722637,000.99495792,000.83267927,000.32
0.70,0.24475,2.50828,000.00000000,000.13683173,000.00000000,000.58388549,000.35
0.70,0.29272,0.29272,000.00000000,000.84580469,000.99495792,000.95877492,000.38
0.70,0.29272,0.50083,000.00000000,001.09445274,000.99495792,001.20595264,000.33
0.70,0.29272,0.85687,000.00000000,000.92033529,000.99495792,001.23470998,000.31
0.70,0.29272,1.46605,000.00000000,000.72134399,000.99495792,001.04252398,000.31
0.70,0.17109,0.20463,000.00000000,000.89060116,000.99495792,001.28457880,000.36
0.70,0.59901,0.10000,000.01499748,001.34762979,001.54609299,000.91903847,000.45
0.70,0.17109,0.11960,000.00000000,000.68679589,000.99517870,000.78042781,000.38
0.70,0.59901,0.85687,000.00000000,000.47260457,000.99495697,000.85589516,000.33
0.70,0.59901,0.17109,000.00000000,000.26661339,000.22985220,000.51802504,000.42
0.70,0.59901,0.50083,000.00000000,000.34824643,000.00014877,000.63452405,000.37
0.70,0.59901,0.29272,000.00000000,000.05428579,000.00001049,000.45198193,000.42
0.70,0.59901,1.46605,000.00000000,000.50991553,000.99495697,000.97378933,000.34
0.70,0.59901,2.50828,000.00000000,000.00000223,000.00000000,000.39150199,000.37
0.70,0.20463,0.14305,000.00000000,000.78247452,000.99495935,000.86769009,000.40
0.70,0.20463,1.22576,000.00000000,000.93277228,000.99495792,001.13634443,000.31
0.70,0.29272,2.50828,000.00000000,000.13697985,000.00000000,000.53051633,000.36
0.70,0.71643,1.02485,000.00000000,000.42293853,000.99495697,000.73781896,000.34
0.70,0.71643,0.35011,000.00000000,000.00222491,000.00000000,000.38900840,000.42
0.70,0.71643,0.59901,000.00000000,000.28617376,000.00000143,000.60505873,000.38
0.70,0.71643,0.20463,000.00000000,000.06114746,000.02453279,000.39962861,000.44
0.70,0.71643,0.11960,000.00117302,000.80980968,001.01022720,000.68553597,000.48
0.70,0.29272,0.59901,000.00000000,001.08201575,000.99495792,001.03800428,000.32
0.70,0.35011,0.11960,000.00006771,000.76803410,001.02938890,000.94860750,000.42
0.70,0.71643,1.75344,000.00000000,000.28605017,000.00000000,000.55253762,000.37
0.70,0.35011,0.59901,000.00000000,000.80840284,000.99495792,001.08349907,000.33
0.70,0.71643,3.00000,000.00000000,000.00002078,000.00001144,000.01197203,000.39
0.70,0.35011,0.35011,000.00000000,000.74741185,000.99495792,000.85785031,000.36
0.70,0.35011,1.02485,000.00000000,000.92033559,000.99495792,001.19705403,000.31
0.70,0.85687,0.14305,000.00324726,000.58878338,000.75846624,000.52838832,000.43
0.70,0.24475,0.10000,000.00017548,000.92295742,001.06640196,001.06255126,000.43
0.70,0.35011,0.20463,000.00000000,000.42156172,000.99495697,000.73725563,000.40
0.70,0.35011,1.75344,000.00000000,000.57210028,000.99495792,000.85699296,000.32
0.70,0.85687,0.41874,000.00000000,000.00000002,000.00000000,000.28474429,000.42
0.70,0.85687,0.24475,000.00000000,000.05117035,000.01329994,000.33049628,000.45
0.70,0.24475,0.85687,000.00000000,001.05714190,000.99495792,001.23835254,000.30
0.70,0.85687,0.71643,000.00000000,000.14931239,000.00000000,000.59196490,000.36
0.70,0.85687,1.22576,000.00000000,000.18658085,000.00000000,000.58014071,000.32
0.70,0.11960,0.24475,000.00000000,001.16913867,001.98991489,001.49657357,000.32
0.70,0.59901,3.00000,000.00000000,000.00000812,000.00000477,000.09965860,000.46
0.70,0.24475,0.50083,000.00000000,001.05714190,000.99495792,001.38048339,000.32
0.70,0.24475,0.17109,000.00000000,000.68329918,000.99495792,000.81321043,000.37
0.70,0.41874,0.71643,000.00000000,001.00739408,000.99495792,001.07063186,000.31
0.70,0.85687,2.09717,000.00000000,000.06220580,000.00000000,000.43081960,000.34
0.70,0.35011,3.00000,000.00000000,000.00000901,000.00000381,000.13923979,000.41
0.70,0.41874,1.22576,000.00000000,000.63428509,000.99495792,000.97465241,000.30
0.70,0.29272,0.17109,000.00000000,000.57805586,000.99495792,000.81996566,000.39
0.70,0.41874,2.09717,000.00000000,000.23630233,000.00000000,000.77702326,000.32
0.70,0.41874,0.24475,000.00000000,000.46574321,000.99495697,000.69432795,000.39
0.70,0.41874,0.41874,000.00000000,000.63766038,000.99495792,000.93843728,000.35
0.70,0.41874,0.14305,000.00000000,000.47790974,000.80839157,000.72142160,000.40
0.70,1.02485,0.10000,000.02177334,001.26814985,001.44452047,000.71911037,000.43
0.70,1.02485,0.85687,000.00000000,000.00000008,000.00000000,000.38224539,000.35
0.70,1.02485,1.46605,000.00000000,000.00000005,000.00000000,000.50449175,000.35
0.70,1.02485,0.17109,000.00118732,000.40377006,000.46877527,000.45164314,000.42
0.70,1.02485,0.29272,000.00000000,000.00778123,000.00050020,000.24040872,000.42
0.70,1.02485,0.50083,000.00000000,000.00000000,000.00000000,000.25376391,000.39
0.70,1.02485,2.50828,000.00000000,000.00000006,000.00000000,000.21686248,000.37
0.70,0.50083,0.85687,000.00000000,000.72134387,000.99495792,000.75111079,000.32
0.70,0.85687,0.29272,000.00000000,000.00469241,000.00000906,000.38097584,000.43
0.70,0.50083,0.10000,000.03065968,001.24737239,001.42359066,000.92875022,000.42
0.70,1.22576,0.20463,000.00000095,000.26499638,000.34250593,000.38447186,000.42
0.70,1.22576,0.11960,000.00058651,000.98439133,001.11240578,000.63230509,000.45
0.70,0.50083,0.50083,000.00000000,000.48495826,000.99495697,000.76525861,000.33
0.70,0.50083,0.17109,000.00000000,000.33707446,000.34391165,000.61349773,000.40
0.70,0.29272,0.11960,000.00000191,000.50986356,000.99496651,000.75092095,000.41
0.70,0.41874,2.50828,000.00000000,000.07462281,000.00000000,000.48904958,000.37
0.70,0.41874,0.29272,000.00000000,000.49754810,000.99495792,000.72260398,000.39
0.70,1.22576,0.59901,000.00000000,000.00000000,000.00000000,000.00000000,000.39
0.70,1.22576,0.35011,000.00000000,000.00003101,000.00000000,000.19679256,000.47
0.70,0.20463,0.71643,000.00000000,001.28100741,001.98991489,001.45740032,000.30
0.70,0.20463,0.24475,000.00000000,000.93286276,000.99495792,001.00461352,000.34
0.70,1.22576,1.02485,000.00000000,000.00000000,000.00000000,000.33460668,000.35
0.70,1.22576,1.75344,000.00000000,000.00000000,000.00000000,000.39095485,000.34
0.70,0.29272,0.35011,000.00000000,000.72140920,000.99495792,000.86018997,000.33
0.70,0.50083,0.29272,000.00000000,000.21532932,000.00244617,000.50702596,000.39
0.70,0.50083,2.50828,000.00000000,000.00000000,000.00000000,000.28469074,000.39
0.70,0.29272,1.02485,000.00000000,001.10688972,000.99495792,001.19659948,000.32
0.70,0.29272,1.75344,000.00000000,000.62184823,000.99495792,000.93858844,000.33
0.70,1.22576,3.00000,000.00000095,000.00062553,000.00041199,000.00735047,000.43
0.70,1.46605,0.14305,000.00000191,000.72565752,001.00507164,000.47312376,000.44
0.70,1.46605,0.24475,000.00000000,000.10574903,000.08648920,000.32211471,000.43
0.70,1.46605,0.41874,000.00000000,000.00000000,000.00000000,000.14223391,000.41
0.70,0.59901,1.02485,000.00000000,000.48504156,000.99495697,000.71221215,000.31
0.70,0.50083,0.59901,000.00000000,000.57271081,000.99495745,000.90846890,000.37
0.70,1.46605,0.71643,000.00000000,000.00000000,000.00000000,000.19497046,000.37
0.70,0.59901,1.75344,000.00000000,000.34823495,000.00000000,000.73242694,000.34
0.70,0.59901,0.20463,000.00000000,000.05819751,000.00562620,000.49541709,000.42
0.70,0.71643,1.22576,000.00000000,000.42286858,000.99495697,000.69468278,000.33
0.70,1.46605,2.09717,000.00000000,000.00000000,000.00000000,000.19492334,000.37
0.70,0.29272,3.00000,000.00000000,000.00000725,000.00000286,000.16959026,000.36
0.70,1.75344,0.17109,000.00150299,000.49351421,000.56295919,000.43107632,000.42
0.70,1.75344,0.10000,000.02491856,001.17676437,001.27329969,000.76336771,000.45
0.70,0.71643,0.71643,000.00000000,000.18673447,000.00000000,000.69573867,000.34
0.70,1.46605,1.22576,000.00000000,000.00000000,000.00000000,000.29848588,000.51
0.70,0.71643,0.41874,000.00000000,000.00003152,000.00000000,000.37303624,000.43
0.70,0.35011,0.71643,000.00000000,000.95764619,000.99495792,001.02649570,000.31
0.70,0.71643,0.24475,000.00000000,000.10566740,000.00901985,000.42897955,000.41
0.70,1.22576,0.41874,000.00000000,000.00000000,000.00000000,000.19498762,000.58
0.70,1.75344,0.29272,000.00000000,000.00521162,000.00035191,000.27167636,000.44
0.70,0.35011,1.22576,000.00000000,000.77116603,000.99495792,001.03067493,000.31
0.70,0.35011,0.14305,000.00000095,000.55306542,000.99555969,000.81081021,000.43
0.70,0.71643,2.09717,000.00000000,000.00000175,000.00000000,000.45767996,000.47
0.70,0.35011,2.09717,000.00000000,000.46016759,000.99495697,000.61935604,000.33
0.70,0.85687,0.10000,000.04031849,001.29189575,001.51812172,000.91082001,000.43
0.70,0.71643,0.14305,000.00009441,000.54405224,000.70792150,000.55084956,000.54
0.70,0.35011,0.24475,000.00000000,000.61497015,000.99495792,000.71371239,000.38
0.70,0.85687,0.50083,000.00000000,000.00000000,000.00000000,000.21761727,000.40
0.70,0.85687,0.85687,000.00000000,000.17411757,000.00000000,000.53865731,000.35
0.70,1.75344,1.46605,000.00000000,000.00000000,000.00000000,000.13929358,000.37
0.70,1.75344,0.85687,000.00000000,000.00000000,000.00000000,000.09899691,000.38
0.70,0.85687,0.17109,000.00000000,000.22515622,000.25045252,000.40092710,000.43
0.70,1.75344,0.50083,000.00000000,000.00000000,000.00000000,000.00000212,000.44
0.70,0.85687,1.46605,000.00000000,000.23634577,000.00000000,000.52823871,000.33
0.70,1.46605,0.85687,000.00000000,000.00000000,000.00000000,000.23628803,000.52
0.70,0.50083,1.46605,000.00000000,000.63428509,000.99495792,001.18412471,000.33
0.70,0.41874,0.85687,000.00000000,000.89546126,000.99495792,001.24890018,000.33
0.70,1.75344,2.50828,000.00000000,000.00016221,000.00011539,000.00686928,000.41
0.70,0.71643,0.10000,000.00467396,001.32157445,001.63160658,000.83027524,000.43
0.70,0.41874,1.46605,000.00000000,000.50991547,000.99495697,000.77956718,000.31
0.70,2.09717,0.11960,000.00001717,000.86904752,001.04987049,000.53474945,000.44
0.70,0.85687,2.50828,000.00000000,000.00000002,000.00000000,000.23621206,000.41
0.70,0.41874,0.50083,000.00000000,000.80971891,000.99495792,001.00740981,000.33
0.70,0.29272,0.20463,000.00000000,000.76350051,000.99495792,000.78660339,000.39
0.70,1.02485,1.02485,000.00000000,000.00000007,000.00000000,000.40731475,000.33
0.70,0.41874,0.10000,000.01258373,001.14749312,001.32592821,001.01501572,000.48
0.70,0.50083,1.02485,000.00000000,000.73378086,000.99495792,001.23470986,000.31
0.70,2.09717,0.20463,000.00000191,000.20234096,000.18246508,000.39823803,000.46
0.70,0.41874,0.17109,000.00000000,000.41774568,000.99495697,000.73366946,000.41
0.70,1.02485,0.11960,000.03407860,000.89372987,001.11822891,000.68985218,000.42
0.70,1.02485,0.59901,000.00000000,000.00000000,000.00000000,000.31259823,000.39
0.70,1.02485,0.20463,000.00000000,000.22197351,000.20737791,000.38634327,000.41
0.70,1.02485,0.35011,000.00000000,000.00041392,000.00000000,000.31244731,000.42
0.70,1.75344,1.75344,000.00000000,000.00000000,000.00000000,000.22046749,000.44
0.70,1.02485,3.00000,000.00000095,000.00018731,000.00012589,000.10014492,000.41
0.70,0.85687,0.35011,000.00000000,000.00005643,000.00000000,000.26323164,000.40
0.70,0.50083,0.11960,000.00000477,000.75353897,001.01611757,000.73188025,000.40
0.70,1.22576,0.24475,000.00000000,000.05349844,000.02498198,000.30434585,000.42
0.70,0.59901,0.11960,000.00170994,000.75421011,001.01690054,000.72537041,000.40
0.70,0.50083,0.20463,000.00000000,000.22719374,000.02014494,000.51601964,000.42
0.70,1.22576,0.14305,000.00747871,000.63119662,000.96258831,000.50195807,000.42
0.70,2.09717,0.35011,000.00000000,000.00000035,000.00000000,000.00665906,000.43
0.70,2.09717,0.59901,000.00000000,000.00000000,000.00000000,000.00000052,000.39
0.70,0.59901,0.59901,000.00000000,000.33592907,000.00023079,000.76000601,000.33
0.70,1.22576,0.71643,000.00000000,000.00000000,000.00000000,000.21684287,000.37
0.70,1.22576,1.22576,000.00000000,000.00000000,000.00000000,000.30357808,000.34
0.70,2.09717,1.02485,000.00000000,000.00000000,000.00000000,000.16972692,000.42
0.70,0.59901,0.35011,000.00000000,000.00490451,000.00000000,000.45757926,000.43
0.70,1.22576,2.09717,000.00000000,000.00000000,000.00000000,000.23628725,000.37
0.70,0.50083,0.35011,000.00000000,000.25412029,000.00006723,000.67948031,000.37
0.70,2.09717,1.75344,000.00000000,000.00000026,000.00000000,000.01891688,000.43
0.70,2.09717,3.00000,000.00621128,000.18719319,000.20214701,000.39207506,000.47
0.70,0.59901,1.22576,000.00000000,000.55966341,000.99495792,000.88874853,000.31
0.70,1.02485,0.41874,000.00000000,000.00000000,000.00000000,000.16968398,000.47
0.70,2.50828,0.14305,000.00041008,000.41415414,000.58228922,000.54479778,000.46
0.70,2.50828,0.24475,000.00000000,000.00256754,000.00112200,000.18166041,000.45
0.70,2.50828,0.41874,000.00000000,000.00000000,000.00000000,000.00002654,000.45
0.70,1.46605,0.17109,000.00000000,000.41327381,000.49594450,000.42741257,000.45
0.70,0.71643,1.46605,000.00000000,000.32338285,000.00000000,000.65120804,000.31
0.70,1.46605,0.50083,000.00000000,000.00000000,000.00000000,000.09899706,000.40
0.70,2.50828,0.71643,000.00000000,000.00000000,000.00000000,000.00013930,000.39
0.70,1.46605,0.29272,000.00000000,000.01006467,000.00170612,000.22719935,000.43
0.70,2.09717,0.71643,000.00000000,000.00000000,000.00000000,000.00000028,000.43
0.70,0.59901,0.24475,000.00000000,000.04254602,000.00013065,000.40044573,000.42
0.70,2.09717,0.41874,000.00000000,000.00000000,000.00000000,000.09902409,000.47
0.70,1.46605,2.50828,000.00000000,000.00000854,000.00000286,000.13930595,000.40
0.70,2.50828,1.22576,000.00000000,000.00000038,000.00000000,000.00005763,000.39
0.70,1.46605,1.46605,000.00000000,000.00000000,000.00000000,000.21683978,000.35
0.70,1.75344,0.20463,000.00000191,000.19638984,000.21354151,000.36717185,000.43
0.70,0.71643,0.85687,000.00000000,000.38580185,000.99495697,000.67139304,000.42
0.70,1.75344,0.11960,000.00242615,000.88586444,001.03403711,000.52798098,000.45
0.70,0.71643,0.50083,000.00000000,000.11523885,000.00000000,000.49842784,000.40
0.70,2.50828,2.09717,000.00001240,000.00607485,000.00570393,000.17409217,000.41
0.70,0.71643,0.29272,000.00000000,000.03295375,000.00006771,000.39867476,000.41
0.70,1.22576,0.50083,000.00000000,000.00000000,000.00000000,000.11125759,000.40
0.70,1.75344,0.35011,000.00000000,000.00001034,000.00000000,000.14106552,000.43
0.70,3.00000,0.10000,000.00174427,000.45248064,000.63060570,000.51069653,000.44
0.70,3.00000,0.17109,000.00000000,000.09014771,000.06734753,000.36149114,000.44
0.70,0.85687,1.02485,000.00000000,000.13682030,000.00000000,000.55172390,000.33
0.70,3.00000,0.50083,000.00000000,000.00002774,000.00001335,000.10431132,000.43
0.70,3.00000,0.29272,000.00000000,000.00097251,000.00022507,000.03483603,000.45
0.70,0.85687,0.11960,000.02978992,001.08539927,001.24207354,000.64105946,000.42
0.70,1.02485,1.75344,000.00000000,000.00000000,000.00000000,000.32996294,000.36
0.70,1.75344,1.02485,000.00000000,000.00000000,000.00000000,000.13929345,000.37
0.70,3.00000,0.85687,000.00000000,000.00010448,000.00003195,000.00872121,000.41
0.70,0.71643,0.17109,000.00000095,000.19063441,000.18821859,000.42273879,000.46
0.70,0.85687,0.59901,000.00000000,000.00000000,000.00000000,000.32331145,000.42
0.70,1.46605,1.75344,000.00000000,000.00000000,000.00000000,000.19494320,000.38
0.70,0.85687,1.75344,000.00000000,000.16168329,000.00000000,000.59526885,000.33
0.70,0.85687,0.20463,000.00000000,000.15387282,000.14145994,000.38028470,000.41
0.70,0.50083,1.75344,000.00000000,000.47260460,000.99495697,000.70149803,000.33
0.70,1.75344,0.14305,000.00130558,000.73197043,001.01585197,000.48169199,000.45
0.70,1.46605,1.02485,000.00000000,000.00000000,000.00000000,000.25382176,000.44
0.80,0.10000,0.11960,000.00000000,000.85815060,000.99495792,001.08423316,000.36
0.70,3.00000,1.46605,000.00002384,000.00694145,000.00600672,000.04142197,000.43
0.80,0.10000,0.35011,000.00000000,001.01987100,000.99495792,001.10877502,000.33
0.70,1.02485,1.22576,000.00000000,000.02487396,000.00000000,000.46921507,000.35
0.70,1.75344,3.00000,000.00020885,000.04260279,000.04973459,000.15360980,000.43
0.80,0.10000,0.20463,000.00000000,001.03226900,000.99495792,001.13769352,000.37
0.80,0.10000,1.02485,000.00000000,000.65915906,000.99495792,000.87301534,000.35
0.80,0.10000,0.59901,000.00000000,001.03226781,000.99495792,001.19771612,000.35
0.80,0.10000,1.75344,000.00000000,000.05014352,000.00000477,000.47950882,000.36
0.70,0.85687,3.00000,000.00000000,000.00003911,000.00002146,000.00440934,000.40
0.70,3.00000,2.50828,000.00063038,000.41931218,000.46506882,000.43223456,000.47
0.70,2.09717,0.14305,000.00064278,000.66579944,000.99869156,000.49763188,000.45
0.70,2.09717,0.24475,000.00000000,000.01736150,000.00829935,000.24786647,000.45
0.70,1.02485,0.71643,000.00000000,000.00000000,000.00000000,000.35260952,000.37
0.70,3.00000,1.02485,000.00000000,000.00018504,000.00014210,000.03287232,000.43
0.70,0.50083,3.00000,000.00000000,000.00001178,000.00000811,000.19494107,000.41
0.70,1.02485,0.24475,000.00000000,000.05658243,000.01657200,000.33496964,000.46
0.70,1.75344,2.09717,000.00000000,000.00000061,000.00000000,000.13739426,000.38
0.80,0.11960,0.14305,000.00000000,000.85818988,000.99495792,000.87555504,000.38
0.80,0.10000,3.00000,000.00000381,000.01970061,000.01880312,000.23811696,000.45
0.80,0.11960,0.24475,000.00000000,001.10689187,000.99495792,000.91189319,000.35
0.80,0.11960,0.41874,000.00000000,001.04491460,000.99495792,001.07241833,000.32
0.70,0.35011,0.41874,000.00000000,000.93775529,000.99495792,001.07004011,000.34
0.70,0.59901,2.09717,000.00000000,000.22394428,000.00000000,000.69578809,000.35
0.70,0.59901,0.71643,000.00000000,000.36068431,000.00049210,000.71268940,000.33
0.70,1.46605,0.10000,000.06926537,001.27041531,001.33962822,000.56122375,000.44
0.70,1.22576,1.46605,000.00000000,000.00044539,000.00000000,000.45751694,000.34
0.70,0.59901,0.14305,000.00000381,000.36717319,000.39293480,000.69011277,000.42
0.70,1.22576,0.29272,000.00000000,000.00532273,000.00095081,000.25689214,000.43
0.70,1.22576,0.85687,000.00000000,000.00000000,000.00000000,000.29846644,000.37
0.70,1.22576,0.17109,000.00001907,000.36943960,000.39192915,000.44013840,000.44
0.70,2.09717,1.22576,000.00000000,000.00000000,000.00000000,000.16972519,000.38
0.70,0.59901,0.41874,000.00000000,000.22462387,000.00000000,000.54960990,000.39
0.80,0.11960,0.71643,000.00000000,000.77109176,000.99495792,001.23354709,000.32
0.70,1.22576,2.50828,000.00000000,000.00000086,000.00000000,000.09899209,000.39
0.70,2.09717,2.09717,000.00000000,000.00005252,000.00002527,000.00300243,000.39
0.80,0.11960,1.22576,000.00000000,000.46016788,000.99495697,000.72917593,000.37
0.80,0.11960,0.17109,000.00000000,000.89622480,000.99495792,001.01250434,000.35
0.70,2.50828,0.10000,000.00076962,000.89272326,001.06168461,000.55699098,000.47
0.70,0.71643,2.50828,000.00000000,000.00000010,000.00000000,000.33459374,000.40
0.70,2.50828,0.17109,000.00000095,000.18257935,000.14800835,000.41926226,000.45
0.70,2.50828,0.50083,000.00000000,000.00000000,000.00000000,000.00005404,000.42
0.70,2.50828,0.29272,000.00000000,000.00008029,000.00000572,000.17839502,000.46
0.70,2.50828,0.85687,000.00000000,000.00000000,000.00000000,000.09899715,000.39
0.80,0.14305,0.10000,000.00000000,000.54953802,000.99495792,000.85229295,000.40
0.70,1.46605,0.59901,000.00000000,000.00000000,000.00000000,000.09899686,000.44
0.80,0.11960,2.09717,000.00000000,000.00010364,000.00004578,000.23601291,000.41
0.70,2.09717,0.50083,000.00000000,000.00000000,000.00000000,000.00000048,000.41
0.70,2.50828,1.46605,000.00000000,000.00000528,000.00000191,000.08540331,000.40
0.70,1.46605,0.35011,000.00000000,000.00000176,000.00000000,000.15458758,000.45
0.70,1.46605,3.00000,000.00000286,000.00461741,000.00444937,000.11393049,000.43
0.80,0.14305,0.17109,000.00000000,000.79597551,000.99495792,000.88186216,000.36
0.80,0.14305,0.50083,000.00000000,000.87058747,000.99495792,000.94996321,000.31
0.70,1.46605,0.20463,000.00000000,000.20997016,000.23937082,000.41010496,000.58
0.80,0.14305,0.29272,000.00000000,001.04472136,000.99495792,001.10125637,000.36
0.80,0.14305,0.85687,000.00000000,000.72134382,000.99495792,000.84331089,000.32
0.70,2.09717,1.46605,000.00000000,000.00000000,000.00000000,000.09899693,000.49
0.70,1.75344,0.24475,000.00000095,000.03831540,000.01669884,000.33397287,000.45
0.70,2.50828,2.50828,000.00133801,000.08631448,000.08801603,000.23706202,000.43
0.80,0.14305,1.46605,000.00000000,000.24874017,000.00000000,000.63638711,000.35
0.70,1.75344,0.41874,000.00000000,000.00000000,000.00000000,000.09899700,000.44
0.70,3.00000,0.20463,000.00000000,000.01360025,000.01017189,000.21557088,000.45
0.80,0.14305,2.50828,000.00000572,000.00087056,000.00051498,000.13908701,000.39
0.70,3.00000,0.59901,000.00000000,000.00002360,000.00001097,000.01195958,000.42
0.70,2.50828,0.11960,000.00023460,000.61473095,000.93051624,000.45752510,000.47
0.70,3.00000,0.35011,000.00000000,000.00011090,000.00003004,000.09893920,000.44
0.80,0.17109,0.20463,000.00000000,000.88433427,000.99495792,000.92340666,000.35
0.80,0.17109,0.35011,000.00000000,000.95780468,000.99495792,000.92108130,000.34
0.80,0.17109,1.02485,000.00000000,000.49747857,000.99495792,000.77447104,000.35
0.70,1.75344,1.22576,000.00000000,000.00000000,000.00000000,000.21684276,000.42
0.80,0.17109,0.59901,000.00000000,000.82086581,000.99495792,000.74581790,000.36
0.80,0.17109,0.11960,000.00000000,000.71608484,000.99495792,000.83927643,000.38
0.70,1.02485,2.09717,000.00000000,000.00000000,000.00000000,000.31130809,000.44
0.70,1.02485,0.14305,000.00081348,000.63987386,000.83845997,000.53096753,000.41
0.80,0.17109,1.75344,000.00000000,000.06221940,000.00000381,000.43081450,000.36
0.80,0.10000,0.41874,000.00000000,000.97008312,000.99495792,000.87962461,000.33
0.70,1.22576,0.10000,000.00010109,001.25012124,001.37729454,000.59890336,000.53
0.80,0.20463,0.14305,000.00000000,000.41897184,000.99495697,000.73916143,000.38
0.80,0.10000,0.14305,000.00000000,001.04470491,000.99495792,000.93885195,000.43
0.80,0.10000,0.24475,000.00000000,001.26857018,001.98991489,001.07363749,000.33
0.80,0.17109,3.00000,000.00013065,000.01350546,000.01455593,000.17995885,000.50
0.80,0.10000,1.22576,000.00000000,000.49747890,000.99495792,000.78821778,000.35
0.80,0.10000,0.71643,000.00000000,000.83327663,000.99495792,000.88293773,000.32
0.80,0.20463,0.71643,000.00000000,000.91412389,000.99495792,000.90178251,000.33
0.80,0.20463,0.41874,000.00000000,000.90790969,000.99495792,001.16217506,000.33
0.70,2.09717,0.10000,000.00358391,000.97522354,001.11955357,000.60430801,000.44
0.80,0.10000,2.09717,000.00000000,000.00009013,000.00006580,000.19550067,000.37
0.80,0.20463,0.24475,000.00000000,000.82215136,000.99495792,000.85077941,000.37
0.80,0.20463,1.22576,000.00000000,000.34823498,000.00000000,000.71995354,000.34
0.70,3.00000,1.75344,000.00011539,000.02962611,000.03216982,000.20412727,000.55
0.80,0.20463,2.09717,000.00000000,000.00004348,000.00002956,000.13975714,000.38
0.70,3.00000,1.22576,000.00000381,000.00068320,000.00047827,000.01878505,000.41
0.70,3.00000,3.00000,000.02882671,000.72349519,000.92396307,000.49999407,000.44
0.70,2.09717,0.29272,000.00000000,000.00017539,000.00001192,000.10791138,000.44
0.80,0.24475,0.10000,000.00000000,000.52530372,000.99495888,000.79684192,000.42
0.80,0.17109,1.22576,000.00000000,000.41042012,000.99495697,000.81288767,000.44
0.80,0.17109,2.09717,000.00000000,000.00003742,000.00002623,000.19483417,000.39
0.80,0.11960,0.29272,000.00000000,000.99496949,000.99495840,001.05502129,000.32
0.80,0.11960,0.50083,000.00000000,000.94520921,000.99495792,001.08714783,000.36
0.80,0.11960,0.10000,000.00000000,000.63892919,000.99495792,000.76034886,000.43
0.80,0.24475,0.50083,000.00000000,000.59697425,000.99495792,001.09824574,000.34
0.80,0.24475,0.29272,000.00000000,000.66064298,000.99495792,000.97478187,000.36
0.80,0.24475,0.17109,000.00000000,000.42272195,000.99495792,000.96492493,000.39
0.80,0.24475,0.85687,000.00000000,000.54726183,000.99495745,000.92803764,000.35
0.70,1.46605,0.11960,000.07753181,001.12734866,001.22630548,000.56371272,000.43
0.80,0.10000,0.85687,000.00000000,000.83327657,000.99495792,000.91967696,000.36
0.80,0.24475,1.46605,000.00000000,000.21143126,000.00000000,000.56450099,000.36
0.70,2.09717,0.85687,000.00000000,000.00000000,000.00000000,000.00326989,000.38
0.80,0.11960,0.85687,000.00000000,000.85815048,000.99495792,001.02721882,000.32
0.80,0.24475,2.50828,000.00000000,000.00069723,000.00072956,000.10005466,000.41
0.80,0.29272,0.35011,000.00000000,000.71025753,000.99495792,000.90009499,000.35
0.80,0.29272,0.11960,000.00000000,000.35363764,000.14155102,000.58998477,000.40
0.80,0.29272,0.20463,000.00000000,000.35221067,000.07913446,000.59009778,000.40
0.80,0.11960,1.46605,000.00000000,000.37322167,000.50194454,000.66371852,000.38
0.80,0.29272,0.59901,000.00000000,000.64672232,000.99495792,000.70712030,000.33
0.70,1.75344,0.59901,000.00000000,000.00000000,000.00000000,000.09899706,000.43
0.80,0.17109,2.50828,000.00000000,000.00095158,000.00070763,000.19499643,000.42
0.70,2.09717,2.50828,000.00000000,000.00517627,000.00548887,000.09372519,000.45
0.70,3.00000,0.11960,000.00072479,000.34744594,000.25349998,000.48275095,000.44
0.80,0.24475,0.20463,000.00000000,000.46202350,000.99495792,000.83269823,000.38
0.70,2.50828,0.59901,000.00000000,000.00000000,000.00000000,000.00693362,000.40
0.70,2.50828,0.20463,000.00000000,000.04340901,000.02020311,000.31812188,000.44
0.80,0.29272,1.02485,000.00000000,000.50991547,000.99495697,000.80314720,000.34
0.70,2.50828,0.35011,000.00000000,000.00000204,000.00000000,000.11856122,000.43
0.80,0.14305,0.11960,000.00000000,000.67554486,000.99495792,000.88941145,000.36
0.80,0.24475,1.75344,000.00000000,000.00002540,000.00000191,000.36452329,000.39
0.80,0.11960,2.50828,000.00001335,000.00083200,000.00072956,000.10363603,000.40
0.80,0.29272,1.75344,000.00000000,000.00009362,000.00000095,000.42226979,000.37
0.80,0.14305,0.59901,000.00000000,000.98252010,000.99495792,000.90185130,000.33
0.80,0.14305,0.20463,000.00000000,000.93322307,000.99495792,001.13592863,000.37
0.80,0.14305,0.35011,000.00000000,000.95764655,000.99495792,001.30230010,000.32
0.80,0.14305,1.02485,000.00000000,000.54722643,000.99495697,000.90841353,000.33
0.70,2.50828,1.75344,000.00000000,000.00014174,000.00008345,000.10278752,000.46
0.80,0.29272,3.00000,000.00007439,000.01475416,000.01662779,000.17258196,000.45
0.80,0.35011,0.14305,000.00000000,000.18271753,000.02228355,000.49939075,000.43
0.80,0.35011,0.24475,000.00000000,000.29850000,000.00000238,000.59316635,000.41
0.80,0.35011,0.41874,000.00000000,000.42287874,000.99495697,000.78444916,000.39
0.80,0.14305,1.75344,000.00000000,000.06222854,000.00000191,000.43093538,000.38
0.70,2.50828,3.00000,000.04075527,000.44935098,000.53656864,000.39868045,000.42
0.80,0.35011,0.71643,000.00000000,000.50991553,000.99495745,000.72543257,000.35
0.80,0.35011,1.22576,000.00000000,000.42285681,000.99495697,000.75616795,000.39
0.80,0.35011,2.09717,000.00000000,000.00003597,000.00001955,000.25362420,000.37
0.80,0.17109,0.24475,000.00000000,000.80840266,000.99495792,000.88607115,000.34
0.80,0.14305,3.00000,000.00012875,000.01365271,000.01217747,000.21974523,000.41
0.70,3.00000,0.71643,000.00000000,000.00004873,000.00003910,000.00337995,000.41
0.80,0.17109,0.41874,000.00000000,000.85826600,000.99495792,000.80853701,000.33
0.80,0.17109,0.71643,000.00000000,000.87058747,000.99495792,000.93948472,000.32
0.70,3.00000,0.41874,000.00000000,000.00006679,000.00002241,000.05006038,000.44
0.80,0.17109,0.14305,000.00000000,000.60429108,000.99495792,000.93396199,000.37
0.80,0.10000,0.50083,000.00000000,001.11932683,000.99495840,001.11221862,000.33
0.80,0.41874,0.10000,000.00000000,000.38102931,000.42586231,000.70350361,000.41
0.80,0.41874,0.50083,000.00000000,000.38578886,000.99495697,000.68418294,000.35
0.70,2.09717,0.17109,000.00022888,000.37495336,000.49372768,000.43376204,000.46
0.80,0.10000,0.29272,000.00000000,000.88581502,000.99495792,001.23843741,000.32
0.80,0.10000,0.17109,000.00000000,001.03257334,000.99495792,000.98984039,000.34
0.80,0.20463,0.17109,000.00000000,000.58575070,000.99495792,000.88234878,000.38
0.80,0.41874,0.29272,000.00000000,000.08932237,000.00000000,000.55829298,000.42
0.80,0.41874,0.17109,000.00000000,000.13022706,000.00236034,000.47989812,000.51
0.80,0.20463,0.50083,000.00000000,000.88302630,000.99495792,001.04707026,000.32
0.80,0.41874,0.85687,000.00000000,000.38565299,000.99495697,000.77343965,000.33
0.80,0.20463,0.85687,000.00000000,000.67159593,000.99495792,000.95349967,000.34
0.80,0.35011,0.85687,000.00000000,000.47261333,000.99495697,000.74638873,000.41
0.80,0.10000,1.46605,000.00000000,000.46016884,000.99495792,000.76158154,000.37
0.80,0.20463,0.10000,000.00000000,000.51005924,000.99495792,000.73152006,000.47
0.80,0.41874,1.46605,000.00000000,000.13725033,000.00000000,000.62147462,000.36
0.80,0.20463,0.29272,000.00000000,000.79596567,000.99495792,000.94027478,000.35
0.80,0.20463,1.46605,000.00000000,000.24873979,000.00000000,000.62063390,000.34
0.80,0.10000,2.50828,000.00001240,000.00059962,000.00058317,000.00667142,000.38
0.80,0.41874,0.59901,000.00000000,000.37313074,000.49813604,000.75635666,000.35
0.80,0.20463,2.50828,000.00000191,000.00077744,000.00055361,000.21785495,000.39
0.80,0.24475,0.11960,000.00000000,000.33038300,000.09908295,000.70423251,000.39
0.80,0.50083,0.11960,000.00000000,000.17688480,000.15319729,000.40379649,000.41
0.80,0.11960,0.20463,000.00000000,000.92140323,000.99495792,000.98097354,000.33
0.70,3.00000,2.09717,000.00118828,000.14320689,000.16084623,000.30789775,000.43
0.80,0.10000,0.10000,000.00000000,000.75042236,000.99495792,000.87934107,000.43
0.80,0.50083,0.20463,000.00000000,000.00404841,000.00000095,000.33243105,000.41
0.80,0.50083,0.35011,000.00000000,000.00049846,000.00000000,000.41442963,000.40
0.80,0.41874,2.50828,000.00000191,000.00039599,000.00028038,000.10305699,000.48
0.80,0.11960,0.59901,000.00000000,001.05714190,000.99495792,001.10954547,000.33
0.80,0.11960,0.35011,000.00000000,001.00739408,000.99495792,000.95660967,000.33
0.80,0.24475,0.59901,000.00000000,000.88302439,000.99495792,000.90097255,000.32
0.80,0.24475,0.35011,000.00000000,000.62185961,000.99495792,000.94906771,000.35
0.80,0.11960,0.11960,000.00000000,000.64972007,000.99495792,000.82432538,000.37
0.80,0.24475,1.02485,000.00000000,000.62184823,000.99495792,000.82353413,000.35
0.80,0.50083,0.59901,000.00000000,000.29511976,000.00000000,000.57086408,000.35
0.70,2.50828,1.02485,000.00000000,000.00000000,000.00000000,000.09899688,000.40
0.80,0.41874,1.75344,000.00000000,000.00000097,000.00000000,000.37275979,000.37
0.80,0.20463,1.75344,000.00000000,000.09955744,000.00000477,000.44671455,000.38
0.80,0.50083,1.02485,000.00000000,000.18661687,000.00000000,000.59852153,000.35
0.80,0.11960,1.02485,000.00000000,000.53478944,000.99495697,000.87165350,000.34
0.80,0.29272,0.41874,000.00000000,000.74633962,000.99495792,000.91913933,000.35
0.80,0.29272,0.71643,000.00000000,000.62184870,000.99495697,000.77937621,000.35
0.80,0.24475,3.00000,000.00007153,000.01501528,000.01274395,000.24134140,000.43
0.80,0.29272,0.14305,000.00000000,000.26879874,000.01020813,000.59476119,000.42
0.70,1.75344,0.71643,000.00000000,000.00000000,000.00000000,000.13929403,000.41
0.80,0.59901,0.41874,000.00000000,000.00016743,000.00000000,000.38169608,000.39
0.80,0.50083,1.75344,000.00000000,000.00000386,000.00000095,000.29814124,000.58
0.80,0.29272,0.24475,000.00000000,000.43690747,000.99495697,000.75381368,000.62
0.80,0.59901,2.09717,000.00000000,000.00003343,000.00001907,000.25357696,000.40
0.80,0.59901,0.71643,000.00000000,000.13681667,000.00000000,000.48516247,000.42
0.80,0.14305,0.71643,000.00000000,000.79596555,000.99495792,001.12439048,000.34
0.80,0.14305,0.14305,000.00000000,000.89546156,000.99495792,001.07512057,000.43
0.80,0.14305,0.24475,000.00000000,000.97013891,000.99495792,000.94936323,000.35
0.80,0.24475,2.09717,000.00000000,000.00009621,000.00002575,000.32324955,000.42
0.80,0.59901,1.22576,000.00000000,000.07505471,000.00000000,000.46340019,000.47
0.80,0.14305,0.41874,000.00000000,000.93277228,000.99495792,000.95515943,000.36
0.80,0.29272,2.09717,000.00000000,000.00003209,000.00001287,000.24448331,000.40
0.80,0.24475,0.24475,000.00000000,000.57238722,000.99495792,000.93129689,000.56
0.70,3.00000,0.24475,000.00000000,000.00158942,000.00152588,000.19849922,000.54
0.80,0.59901,0.14305,000.00000000,000.16625091,000.10609102,000.42835537,000.62
0.80,0.50083,3.00000,000.00001621,000.01603535,000.01363373,000.18837191,000.69
0.80,0.14305,1.22576,000.00000000,000.52235252,000.99495745,000.87556291,000.39
0.80,0.59901,0.24475,000.00000000,000.00002831,000.00000000,000.29795185,000.68
0.70,3.00000,0.14305,000.00000000,000.10723723,000.08748198,000.38841701,000.65
0.80,0.11960,3.00000,000.00007629,000.01586680,000.01500368,000.14540112,000.52
0.80,0.35011,0.50083,000.00000000,000.52447271,000.99495697,000.80331218,000.35
0.80,0.35011,0.29272,000.00000000,000.35082778,000.03260183,000.58662337,000.39
0.80,0.35011,0.10000,000.00000000,000.31324062,000.32133293,000.61153525,000.42
0.80,0.71643,0.10000,000.00011063,000.68812686,000.99599218,000.51686788,000.44
0.80,0.14305,2.09717,000.00000000,000.00015051,000.00003719,000.25383443,000.39
0.80,0.29272,0.17109,000.00000000,000.38182151,000.60799694,000.67004544,000.44
0.80,0.35011,1.46605,000.00000000,000.22387092,000.00000000,000.54668218,000.36
0.80,0.71643,0.17109,000.00000000,000.02408976,000.00235176,000.22231308,000.44
0.80,0.17109,0.85687,000.00000000,000.58453721,000.99495697,000.96848840,000.33
0.80,0.17109,0.29272,000.00000000,000.85937583,000.99495792,001.04197478,000.34
0.80,0.17109,0.50083,000.00000000,000.72134399,000.99495792,001.00170064,000.34
0.80,0.71643,0.50083,000.00000000,000.00000000,000.00000000,000.28464091,000.39
0.80,0.71643,0.85687,000.00000000,000.08717946,000.00000000,000.51694030,000.36
0.80,0.35011,2.50828,000.00000286,000.00034119,000.00032043,000.16960354,000.41
0.80,0.17109,0.10000,000.00000000,000.56300342,000.99495792,000.77959019,000.41
0.80,0.17109,0.17109,000.00000000,000.68690240,000.99495792,000.87623960,000.39
0.80,0.71643,0.29272,000.00000000,000.00000056,000.00000000,000.14451186,000.44
0.80,0.17109,1.46605,000.00000000,000.29848769,000.00000000,000.73727655,000.37
0.80,0.71643,1.46605,000.00000000,000.01499938,000.00000000,000.40458229,000.38
0.80,0.20463,0.20463,000.00000000,000.77279663,000.99495792,000.83024424,000.39
0.80,0.41874,0.35011,000.00000000,000.17481646,000.00000000,000.63185710,000.39
0.80,0.41874,1.02485,000.00000000,000.29849347,000.00000000,000.73727286,000.35
0.80,0.20463,1.02485,000.00000000,000.52235252,000.99495697,000.81707811,000.34
0.80,0.41874,0.11960,000.00000000,000.12490976,000.10537672,000.42845219,000.43
0.80,0.35011,1.02485,000.00000000,000.49747857,000.99495697,000.71912807,000.36
0.80,0.41874,0.20463,000.00000000,000.13528028,000.00000238,000.47877145,000.47
0.80,0.71643,0.11960,000.00000000,000.32336000,000.36620998,000.50195378,000.46
0.80,0.71643,2.50828,000.00000191,000.00106058,000.00062132,000.16965786,000.43
0.80,0.20463,0.35011,000.00000000,000.95765305,000.99495792,001.05010319,000.34
0.80,0.20463,0.11960,000.00000000,000.56047839,000.99495792,000.81651032,000.41
0.80,0.41874,0.71643,000.00000000,000.48505712,000.99495697,000.73621631,000.35
0.80,0.85687,0.11960,000.00118828,000.57757360,000.87033987,000.50113171,000.45
0.80,0.11960,1.75344,000.00000000,000.00001084,000.00000191,000.38209292,000.38
0.80,0.85687,0.35011,000.00000000,000.00000001,000.00000000,000.28152966,000.43
0.80,0.85687,0.20463,000.00000000,000.00839114,000.00149393,000.22201365,000.43
0.80,0.24475,0.14305,000.00000000,000.52457827,000.99495697,000.78161281,000.41
0.80,0.20463,3.00000,000.00012112,000.01602788,000.01927185,000.19555503,000.44
0.80,0.50083,0.14305,000.00000000,000.06784737,000.04174709,000.38575396,000.44
0.80,0.85687,1.02485,000.00000000,000.01255720,000.00000000,000.40520543,000.37
0.80,0.85687,0.59901,000.00000000,000.00000000,000.00000000,000.26976180,000.40
0.80,0.24475,0.71643,000.00000000,000.59697425,000.99495792,000.85218620,000.33
0.80,0.50083,0.41874,000.00000000,000.16227803,000.00000000,000.61133939,000.38
0.80,0.85687,1.75344,000.00000000,000.00000333,000.00000000,000.22333269,000.40
0.80,0.50083,0.24475,000.00000000,000.00004209,000.00000000,000.27729592,000.44
0.80,0.41874,3.00000,000.00016499,000.01426237,000.01282692,000.16060412,000.45
0.80,0.24475,1.22576,000.00000000,000.41051045,000.99495697,000.64140660,000.37
0.80,0.41874,0.24475,000.00000000,000.00103277,000.00000000,000.45734325,000.44
0.80,0.85687,3.00000,000.00054073,000.02520933,000.02305746,000.15893333,000.45
0.80,0.29272,1.22576,000.00000000,000.42285690,000.99495697,000.86572760,000.37
0.80,1.02485,0.14305,000.00000000,000.38318467,000.44452000,000.42010376,000.45
0.80,0.29272,0.50083,000.00000000,000.70891511,000.99495792,000.76417667,000.33
0.80,0.41874,2.09717,000.00000000,000.00003985,000.00002098,000.21667172,000.41
0.80,0.29272,0.85687,000.00000000,000.44773069,000.99495697,000.72153306,000.34
0.80,0.50083,1.22576,000.00000000,000.33579937,000.00000048,000.60447800,000.38
0.80,0.29272,0.10000,000.00000000,000.33480757,000.20981264,000.55690855,000.41
0.80,1.02485,0.41874,000.00000000,000.00000000,000.00000000,000.00005966,000.42
0.80,0.59901,0.50083,000.00000000,000.10057429,000.00000000,000.59457785,000.38
0.80,0.50083,2.09717,000.00000000,000.00002184,000.00001383,000.09897429,000.38
0.80,1.02485,0.71643,000.00000000,000.00000000,000.00000000,000.23627415,000.39
0.80,0.29272,0.29272,000.00000000,000.63673419,000.99495792,000.80940998,000.38
0.80,0.35011,0.17109,000.00000000,000.21322747,000.00859547,000.76950181,000.42
0.80,1.02485,0.24475,000.00000000,000.00144646,000.00000191,000.22767250,000.49
0.80,0.59901,0.85687,000.00000000,000.18681622,000.00000000,000.54080504,000.36
0.80,0.59901,2.50828,000.00000191,000.00059472,000.00043440,000.14891516,000.40
0.80,1.02485,2.09717,000.00000000,000.00004090,000.00002623,000.00333984,000.40
0.80,1.02485,1.22576,000.00000000,000.00000004,000.00000000,000.28464878,000.49
0.80,1.22576,0.10000,000.02196884,000.86329365,001.03385305,000.49186972,000.44
0.80,1.02485,0.10000,000.00000000,000.68592036,001.01719475,000.54664570,000.45
0.80,1.22576,0.17109,000.00000000,000.07715617,000.04721451,000.33704698,000.47
0.80,0.59901,1.46605,000.00000000,000.02562038,000.00000000,000.44142753,000.37
0.80,1.22576,0.50083,000.00000000,000.00000000,000.00000000,000.19496949,000.42
0.80,1.22576,0.29272,000.00000000,000.00000024,000.00000000,000.00905392,000.45
0.80,0.29272,2.50828,000.00001240,000.00087901,000.00054646,000.15599790,000.43
0.80,1.22576,0.85687,000.00000000,000.00000000,000.00000000,000.10235685,000.38
0.80,0.35011,0.59901,000.00000000,000.49747854,000.99495697,000.79598123,000.35
0.80,1.22576,1.46605,000.00000000,000.00000044,000.00000000,000.16971913,000.39
0.80,0.59901,0.10000,000.00275230,000.64214075,000.97921038,000.55447119,000.44
0.80,0.59901,0.29272,000.00000000,000.00000008,000.00000000,000.17031102,000.42
0.80,0.59901,1.02485,000.00000000,000.16168238,000.00000000,000.74694788,000.38
0.80,0.59901,0.17109,000.00000000,000.03450989,000.00749874,000.33521926,000.44
0.80,1.22576,2.50828,000.00005627,000.00503950,000.00426245,000.16525848,000.44
0.80,1.46605,0.11960,000.00097466,000.54604161,000.80384731,000.44979545,000.45
0.80,1.46605,0.20463,000.00000000,000.00818751,000.00173616,000.20174953,000.45
0.80,0.20463,0.59901,000.00000000,000.75865507,000.99495792,001.02798927,000.33
0.80,0.59901,3.00000,000.00020790,000.01870649,000.01832771,000.18448517,000.44
0.80,0.35011,1.75344,000.00000000,000.00000370,000.00000000,000.34514844,000.37
0.80,1.46605,0.35011,000.00000000,000.00000007,000.00000000,000.00947220,000.45
0.80,1.46605,0.59901,000.00000000,000.00000000,000.00000000,000.09899247,000.42
0.80,0.71643,0.20463,000.00000000,000.00317534,000.00003481,000.24063386,000.45
0.80,1.22576,0.11960,000.00000477,000.48128748,000.61907291,000.49313056,000.51
0.80,1.46605,1.02485,000.00000000,000.00000008,000.00000000,000.21684428,000.41
0.80,0.71643,1.02485,000.00000000,000.06233591,000.00000000,000.50890917,000.37
0.80,0.71643,0.59901,000.00000000,000.00960470,000.00000000,000.45821387,000.40
0.80,1.46605,1.75344,000.00000000,000.00002419,000.00000906,000.10319383,000.43
0.80,1.46605,3.00000,000.00084591,000.14387619,000.15515375,000.36341169,000.45
0.80,0.35011,3.00000,000.00009632,000.01218871,000.01200199,000.16789736,000.46
0.80,0.71643,1.75344,000.00000000,000.00000252,000.00000095,000.26987368,000.39
0.80,0.71643,0.35011,000.00000000,000.00000000,000.00000000,000.24212867,000.43
0.80,1.75344,0.41874,000.00000000,000.00000060,000.00000000,000.01413307,000.44
0.80,1.75344,0.71643,000.00000000,000.00000019,000.00000000,000.00460745,000.41
0.80,1.75344,0.24475,000.00000000,000.00014451,000.00002956,000.10093208,000.46
0.80,1.75344,0.14305,000.00000095,000.23870401,000.21422529,000.42601997,000.47
0.80,1.22576,3.00000,000.00039959,000.12114947,000.12237215,000.38060957,000.45
0.80,0.41874,0.14305,000.00000000,000.01698617,000.00047398,000.45736700,000.44
0.80,1.46605,0.14305,000.00000000,000.30838543,000.31505728,000.42656389,000.48
0.80,0.24475,0.41874,000.00000000,000.73378098,000.99495792,001.04252398,000.35
0.80,1.75344,1.22576,000.00000000,000.00000309,000.00000095,000.09897935,000.41
0.80,0.50083,0.71643,000.00000000,000.38576549,000.99495697,000.64464515,000.34
0.80,0.71643,0.14305,000.00000000,000.16167617,000.19298363,000.35595012,000.42
0.80,0.71643,3.00000,000.00081062,000.03036571,000.03465891,000.23278186,000.45
0.80,1.75344,2.09717,000.00000858,000.00367039,000.00345039,000.19846718,000.43
0.80,0.85687,0.14305,000.00000000,000.25445274,000.21482229,000.45388857,000.43
0.80,2.09717,0.10000,000.00405121,000.54373306,000.74298859,000.47650754,000.45
0.80,2.09717,0.17109,000.00000191,000.07526696,000.04642248,000.36494392,000.44
0.80,0.85687,0.41874,000.00000000,000.00000000,000.00000000,000.23628736,000.40
0.80,0.85687,1.22576,000.00000000,000.00000128,000.00000000,000.35515827,000.36
0.80,0.85687,0.71643,000.00000000,000.00000001,000.00000000,000.34523579,000.36
0.80,0.85687,0.24475,000.00000000,000.00022967,000.00000238,000.24156901,000.42
0.80,0.50083,0.50083,000.00000000,000.12607405,000.00000000,000.50427991,000.36
0.80,2.09717,0.50083,000.00000000,000.00001276,000.00000477,000.00665295,000.42
0.80,0.50083,0.17109,000.00000000,000.01055120,000.00002909,000.34517905,000.41
0.80,2.09717,0.29272,000.00000000,000.00047175,000.00012255,000.12112074,000.47
0.80,2.09717,0.85687,000.00000000,000.00001141,000.00000477,000.00265019,000.40
0.80,0.85687,2.09717,000.00000000,000.00005167,000.00001764,000.18379512,000.39
0.80,0.50083,0.29272,000.00000000,000.00004469,000.00000000,000.32807481,000.40
0.80,0.50083,0.10000,000.00000477,000.45594040,000.61427975,000.55198169,000.42
0.80,0.29272,1.46605,000.00000000,000.18688540,000.00000000,000.54077142,000.36
0.80,2.09717,1.46605,000.00000381,000.00051893,000.00037384,000.02414084,000.42
0.80,0.50083,1.46605,000.00000000,000.13684544,000.00000000,000.68433803,000.36
0.80,1.02485,0.17109,000.00000000,000.08037946,000.04305315,000.32727864,000.43
0.80,2.09717,2.50828,000.00440693,000.19775197,000.19380522,000.33528632,000.53
0.80,2.50828,0.11960,000.00003433,000.29956719,000.28348207,000.44994023,000.44
0.80,0.59901,0.59901,000.00000000,000.11259796,000.00000000,000.47758707,000.35
0.80,2.50828,0.35011,000.00000000,000.00274267,000.00164366,000.11347530,000.43
0.80,2.50828,0.20463,000.00000095,000.04164837,000.03110456,000.23826514,000.47
0.80,1.02485,0.50083,000.00000000,000.00000000,000.00000000,000.09899630,000.39
0.80,2.50828,0.59901,000.00000381,000.00076653,000.00056028,000.01951200,000.43
0.80,1.02485,0.85687,000.00000000,000.00000000,000.00000000,000.29885337,000.39
0.80,0.35011,0.35011,000.00000000,000.44803032,000.99495697,000.71308243,000.37
0.80,0.50083,2.50828,000.00000191,000.00034466,000.00032759,000.05034135,000.42
0.80,2.50828,1.02485,000.00001812,000.00146579,000.00106144,000.04405534,000.43
0.80,0.35011,0.20463,000.00000000,000.28246397,000.00506353,000.71286887,000.43
0.80,1.02485,0.29272,000.00000000,000.00000088,000.00000000,000.19480553,000.44
0.80,1.02485,2.50828,000.00000095,000.00157547,000.00135612,000.17058969,000.41
0.80,0.85687,2.50828,000.00000191,000.00131708,000.00096130,000.10082575,000.47
0.80,1.02485,1.46605,000.00000000,000.00000006,000.00000000,000.17005725,000.46
0.80,2.50828,1.75344,000.00026321,000.05239583,000.05432129,000.30995521,000.46
0.80,1.02485,0.11960,000.00005436,000.47259846,000.66533232,000.48696047,000.45
0.80,0.59901,1.75344,000.00000000,000.00000066,000.00000000,000.29848388,000.36
0.80,1.22576,0.59901,000.00000000,000.00000000,000.00000000,000.13928585,000.40
0.80,1.22576,0.35011,000.00000000,000.00000000,000.00000000,000.09899202,000.42
0.80,1.22576,0.20463,000.00000000,000.00974102,000.00133657,000.27083310,000.44
0.80,2.09717,1.75344,000.00000381,000.00304567,000.00232506,000.11370480,000.57
0.80,1.22576,1.02485,000.00000000,000.00000011,000.00000000,000.16968372,000.37
0.80,2.50828,0.14305,000.00008392,000.20677142,000.20007467,000.44324374,000.46
0.80,1.22576,1.75344,000.00000000,000.00000484,000.00000238,000.21680611,000.40
0.80,3.00000,0.14305,000.00003719,000.26602668,000.28738546,000.49489060,000.46
0.80,3.00000,0.24475,000.00031376,000.16255629,000.18749857,000.39421797,000.43
0.80,0.59901,0.35011,000.00000000,000.00000329,000.00000000,000.35230401,000.39
0.80,2.50828,3.00000,000.05072594,000.63923013,000.75605488,000.44993621,000.48
0.80,0.59901,0.11960,000.00000000,000.20436771,000.19372702,000.38450888,000.43
0.80,3.00000,0.41874,000.00091743,000.06500234,000.04380941,000.35328630,000.43
0.80,0.41874,0.41874,000.00000000,000.28638315,000.00000095,000.66727459,000.35
0.80,0.41874,1.22576,000.00000000,000.36068529,000.00053453,000.82981336,000.34
0.80,0.59901,0.20463,000.00000000,000.00460351,000.00001764,000.29941797,000.42
0.80,1.46605,0.24475,000.00000000,000.00015492,000.00000525,000.15014626,000.44
0.80,3.00000,1.22576,000.00056076,000.13410720,000.15852213,000.30297601,000.42
0.80,3.00000,2.09717,000.03130054,000.52127010,000.59211302,000.49533030,000.42
0.80,1.46605,0.71643,000.00000000,000.00000000,000.00000000,000.00001808,000.38
0.80,0.71643,1.22576,000.00000000,000.00000062,000.00000000,000.36486968,000.35
0.80,3.00000,0.71643,000.00011349,000.04801265,000.04664421,000.31104067,000.51
0.80,1.46605,0.41874,000.00000000,000.00000000,000.00000000,000.00105509,000.42
0.80,1.46605,1.22576,000.00000000,000.00000026,000.00000000,000.13927709,000.38
0.80,0.71643,0.71643,000.00000000,000.04985078,000.00000000,000.42488390,000.35
0.80,0.71643,0.24475,000.00000000,000.00060285,000.00000000,000.22285254,000.41
0.80,1.22576,0.14305,000.00000763,000.28842938,000.30520964,000.43122777,000.43
0.80,1.46605,2.09717,000.00000191,000.00056957,000.00056887,000.07723911,000.40
0.80,0.71643,0.41874,000.00000000,000.00000025,000.00000000,000.26986310,000.39
0.80,1.75344,0.50083,000.00000000,000.00000000,000.00000000,000.00025968,000.40
0.80,1.75344,0.85687,000.00000000,000.00000074,000.00000048,000.09899726,000.40
0.80,3.00000,0.29272,000.00027466,000.12522046,000.10787392,000.42282522,000.45
0.80,0.50083,0.85687,000.00000000,000.23630266,000.00000000,000.68212312,000.37
0.80,1.75344,0.29272,000.00000000,000.00002604,000.00000381,000.11515669,000.43
0.80,1.75344,1.46605,000.00000000,000.00000643,000.00000429,000.09898621,000.39
0.80,1.46605,0.10000,000.00208187,000.71324146,001.01076460,000.56944448,000.45
0.80,1.46605,0.17109,000.00000000,000.08310194,000.05867577,000.32135555,000.42
0.80,1.46605,0.29272,000.00000000,000.00000037,000.00000000,000.03338479,000.45
0.80,0.85687,0.85687,000.00000000,000.00000000,000.00000000,000.26992235,000.35
0.80,0.85687,1.46605,000.00000000,000.00000000,000.00000000,000.25377333,000.36
0.80,0.85687,0.50083,000.00000000,000.00000000,000.00000000,000.28484982,000.40
0.80,3.00000,1.46605,000.00309753,000.18900539,000.20483637,000.41400015,000.46
0.80,1.75344,2.50828,000.00067616,000.04884864,000.05758333,000.28162694,000.45
0.80,0.85687,0.17109,000.00000000,000.07052972,000.03640985,000.31437778,000.43
0.80,2.09717,0.11960,000.00001335,000.38558948,000.42330933,000.46801403,000.45
0.80,1.46605,0.50083,000.00000000,000.00000000,000.00000000,000.00002633,000.45
0.80,0.85687,0.29272,000.00000000,000.00000125,000.00000000,000.13937622,000.42
0.80,2.09717,1.02485,000.00000000,000.00005623,000.00002146,000.13965979,000.39
0.80,0.35011,0.11960,000.00000000,000.23055327,000.10396338,000.52125376,000.39
0.80,2.09717,0.59901,000.00000000,000.00000552,000.00000191,000.00351859,000.43
0.80,2.09717,0.35011,000.00000000,000.00008627,000.00004005,000.00490208,000.43
0.80,1.02485,0.20463,000.00000000,000.01780241,000.00612640,000.29512253,000.42
0.80,2.09717,3.00000,000.03501987,000.48680639,000.62243938,000.45317551,000.43
0.80,1.75344,1.75344,000.00000000,000.00013064,000.00009727,000.14010806,000.45
0.80,2.50828,0.41874,000.00000000,000.00100310,000.00090075,000.05116332,000.43
0.80,2.50828,0.24475,000.00000572,000.01263399,000.00832319,000.20676783,000.44
0.80,1.02485,0.59901,000.00000000,000.00000000,000.00000000,000.13929349,000.38
0.80,1.02485,1.02485,000.00000000,000.00000000,000.00000000,000.13928419,000.37
0.80,2.50828,0.71643,000.00000000,000.00115024,000.00071144,000.03845095,000.42
0.80,2.50828,1.22576,000.00000858,000.00330849,000.00331068,000.10685781,000.41
0.80,1.02485,1.75344,000.00000000,000.00000795,000.00000143,000.23615526,000.37
0.80,1.02485,0.35011,000.00000000,000.00000002,000.00000000,000.19674636,000.40
0.80,1.22576,0.71643,000.00000000,000.00000000,000.00000000,000.25385714,000.37
0.80,1.02485,3.00000,000.00233459,000.04254091,000.04318857,000.20005763,000.42
0.80,2.50828,2.09717,000.00423908,000.15573628,000.17813635,000.35072660,000.42
0.80,1.22576,0.41874,000.00000000,000.00000000,000.00000000,000.09915549,000.42
0.80,1.22576,0.24475,000.00000000,000.00005490,000.00000191,000.19639905,000.42
0.80,2.50828,0.17109,000.00000000,000.08079895,000.07876253,000.32481381,000.42
0.80,2.09717,0.71643,000.00000000,000.00000428,000.00000381,000.00808183,000.43
0.80,2.09717,1.22576,000.00000000,000.00008837,000.00008678,000.10212976,000.45
0.80,3.00000,0.17109,000.00042343,000.23290510,000.18665648,000.49239796,000.45
0.80,0.71643,2.09717,000.00000000,000.00001667,000.00001049,000.16969207,000.37
0.80,1.75344,0.10000,000.00102806,000.69151449,001.00765848,000.50129157,000.43
0.80,3.00000,0.10000,000.00539684,000.58481544,000.97836447,000.55521822,000.43
0.80,2.50828,0.29272,000.00000095,000.01043155,000.00701094,000.09797388,000.43
0.80,1.75344,0.17109,000.00000000,000.06942216,000.04873800,000.30137885,000.43
0.80,3.00000,0.50083,000.00023270,000.05539898,000.05389500,000.28246570,000.48
0.80,0.85687,0.10000,000.00615406,000.74466169,001.00665140,000.52828914,000.45
0.80,1.46605,0.85687,000.00000000,000.00000000,000.00000000,000.13928334,000.37
0.80,3.00000,2.50828,000.04193401,000.72725582,000.86133337,000.46670070,000.43
0.80,1.46605,1.46605,000.00000000,000.00000257,000.00000095,000.16962700,000.38
0.80,3.00000,0.85687,000.00016403,000.06383149,000.07472134,000.24106351,000.43
0.80,2.09717,0.20463,000.00000000,000.00514485,000.00194025,000.19075230,000.43
0.80,1.46605,2.50828,000.00005627,000.00827591,000.00768280,000.16615771,000.41
0.80,1.75344,0.59901,000.00000000,000.00000025,000.00000000,000.00056033,000.41
0.80,1.75344,1.02485,000.00000000,000.00000057,000.00000000,000.13928325,000.40
0.80,1.75344,0.35011,000.00000000,000.00000086,000.00000000,000.09898272,000.41
0.80,3.00000,1.75344,000.00575829,000.30520034,000.32216501,000.37852940,000.42
0.80,1.75344,3.00000,000.00362015,000.30514139,000.31192684,000.44291723,000.43
0.80,2.09717,0.14305,000.00000000,000.09325676,000.07703876,000.36774054,000.46
0.80,3.00000,0.20463,000.00089264,000.20258120,000.20218897,000.39038667,000.48
0.80,2.09717,2.09717,000.00022888,000.03419477,000.03333187,000.28839165,000.48
0.80,1.22576,2.09717,000.00000000,000.00006634,000.00004768,000.12096410,000.43
0.80,1.75344,0.11960,000.00038242,000.45422202,000.54548550,000.45703179,000.49
0.80,2.09717,0.41874,000.00000000,000.00003573,000.00000954,000.10521266,000.43
0.80,1.22576,1.22576,000.00000000,000.00000001,000.00000000,000.13926458,000.36
0.80,2.50828,0.10000,000.00287819,000.43049726,000.45621300,000.54369080,000.43
0.80,2.50828,0.85687,000.00000095,000.00093269,000.00067616,000.13933910,000.41
0.80,2.50828,2.50828,000.01000309,000.49453345,000.59367180,000.41691133,000.41
0.80,2.50828,1.46605,000.00008106,000.01917061,000.01826668,000.18902095,000.42
0.80,3.00000,0.35011,000.00000954,000.07288351,000.06934977,000.29498997,000.42
0.80,1.75344,0.20463,000.00000000,000.00679057,000.00233650,000.21747458,000.41
0.80,3.00000,0.11960,000.00050449,000.46958089,000.61563349,000.52479565,000.41
0.80,2.50828,0.50083,000.00000000,000.00156933,000.00104666,000.06676857,000.39
0.80,3.00000,0.59901,000.00030327,000.03810991,000.03300142,000.21999955,000.42
0.80,3.00000,3.00000,000.00251579,000.78657937,001.00768280,000.50584906,000.40
0.80,3.00000,1.02485,000.00092983,000.06358133,000.07361269,000.20498693,000.39
0.80,2.09717,0.24475,000.00000000,000.00274321,000.00159264,000.10935944,000.40
