objective,dimensionality,population_size,num_iterations
rastrigin,3,50,150
inertia,acc_coef_1,acc_coef_2,best_value,average_value_top_80,median_value,stddev_value,average_time_ms
0.40,0.10000,0.40078,000.00000000,001.29966605,001.98991489,001.38915896,000.31
0.40,0.11489,0.40078,000.00000000,001.16779900,000.99561882,001.46375704,000.31
0.40,0.11489,1.60625,000.00000000,001.77226830,001.98991680,002.05672407,000.33
0.40,0.10719,0.80234,000.00000000,001.73495770,001.98991680,002.22265530,000.34
0.40,0.10000,1.60625,000.00000000,001.93394911,001.98991680,002.07445598,000.36
0.40,0.13200,0.40078,000.00000000,001.18776178,000.99544859,001.31765747,000.36
0.40,0.15166,1.60625,000.00000000,001.73495770,001.98991680,002.05884123,000.35
0.40,0.12315,0.80234,000.00000000,001.60436940,001.98991585,001.90839326,000.38
0.40,0.14149,0.80234,000.00000000,001.54840267,001.98991585,001.94360173,000.37
0.40,0.13200,1.60625,000.00000000,001.69764650,001.98991585,002.06711698,000.37
0.40,0.10719,0.20020,000.00000000,001.02347612,001.05652094,001.05379772,000.39
0.40,0.10000,0.10000,000.00324535,001.15843439,001.38953686,001.06714702,000.40
0.40,0.11489,0.10000,000.01653290,001.21521282,001.35284996,000.98830700,000.44
0.40,0.12315,0.20020,000.00000000,000.99668378,001.03623915,001.01803398,000.46
0.40,0.14149,0.20020,000.00000191,001.03252447,001.06358576,001.00984538,000.46
0.40,0.15166,0.40078,000.00000000,001.25017715,001.98991489,001.12536275,000.45
0.40,0.15166,0.10000,000.00925541,001.36200309,001.52494287,001.11638749,000.46
0.40,0.16256,0.80234,000.00000000,001.66033578,001.98991585,001.84750926,000.43
0.40,0.16256,0.20020,000.00000000,001.04647553,001.10606480,001.01562428,000.55
0.40,0.17425,0.10000,000.02120113,001.58535933,001.81833267,001.29126358,000.49
0.40,0.13200,0.10000,000.00150871,001.32517159,001.50150156,001.05627108,000.63
0.40,0.11489,0.42959,000.00000000,001.19441187,001.98991489,001.32468438,000.34
0.40,0.10000,0.42959,000.00000000,001.44891024,001.98991585,001.54522133,000.36
0.40,0.11489,1.72170,000.00000000,001.95260489,001.98991585,002.08160210,000.37
0.40,0.10719,0.86001,000.00000000,001.90907538,001.98991680,002.12397170,000.36
0.40,0.15166,1.72170,000.00000000,001.72873878,001.98991585,002.15907335,000.36
0.40,0.13200,1.72170,000.00000000,001.75983119,001.98991585,002.36276007,000.33
0.40,0.13200,0.42959,000.00000000,001.31843400,001.98991537,001.48221219,000.36
0.40,0.10000,1.72170,000.00000000,002.00857115,001.98991680,002.24202800,000.38
0.40,0.14149,0.86001,000.00000000,001.56084836,001.98991585,001.81997204,000.37
0.40,0.12315,0.86001,000.00000000,001.75983143,001.98991680,001.99656332,000.39
0.40,0.10719,0.21458,000.00000000,000.99552411,001.01548767,001.23288095,000.38
0.40,0.15166,0.42959,000.00000000,001.24407220,001.98991489,001.45136464,000.32
0.40,0.10000,0.10719,000.00000191,001.11954749,001.33876753,001.12491894,000.41
0.40,0.11489,0.10719,000.00091267,001.31106484,001.59096479,001.01698756,000.39
0.40,0.16256,0.86001,000.00000000,001.46134365,001.98991585,001.68097091,000.37
0.40,0.12315,0.21458,000.00000000,001.00581360,001.02639341,001.04795396,000.47
0.40,0.15166,0.10719,000.00424767,001.35667682,001.58415222,001.09986627,000.45
0.40,0.14149,0.21458,000.00000000,000.98134482,001.04440689,001.04780805,000.49
0.40,0.11489,0.46047,000.00000000,001.45513988,001.98991585,001.51092851,000.36
0.40,0.10000,0.46047,000.00000000,001.43768525,001.98991585,001.71005154,000.34
0.40,0.11489,1.84546,000.00000000,001.79714179,001.98991585,001.94409180,000.36
0.40,0.10719,0.92182,000.00000000,001.92151237,001.98991680,002.13431692,000.36
0.40,0.14149,0.92182,000.00000000,001.92151237,001.98991680,001.94358230,000.33
0.40,0.13200,1.84546,000.00000000,001.68520963,001.98991585,001.79588425,000.37
0.40,0.10000,1.84546,000.00000000,001.85932708,001.98991680,001.96516132,000.36
0.40,0.13200,0.46047,000.00000000,001.32453799,001.98991489,001.36565816,000.39
0.40,0.15166,1.84546,000.00000000,001.74117601,001.98991585,002.05139136,000.40
0.40,0.13200,0.10719,000.00057888,001.16741109,001.35091496,001.10251927,000.47
0.40,0.15166,0.46047,000.00000000,001.35562968,001.98991489,001.38649392,000.36
0.40,0.16256,0.21458,000.00000000,001.07625985,001.15170479,001.20788717,000.53
0.40,0.17425,0.10719,000.03318024,001.37073541,001.58892250,001.05096674,000.53
0.40,0.12315,0.92182,000.00000000,002.03344512,001.98991680,002.27266622,000.41
0.40,0.10719,0.23001,000.00000000,001.09150457,001.05449486,001.39467621,000.42
0.40,0.10000,0.11489,000.00268269,001.18185627,001.33151579,001.06378317,000.51
0.40,0.16256,0.92182,000.00000000,001.95882297,001.98991680,002.25914383,000.37
0.40,0.11489,0.11489,000.00465202,001.22136068,001.38657999,001.01971996,000.46
0.40,0.17425,0.40078,000.00000000,001.22522664,001.98991489,001.25820601,000.43
0.40,0.18677,0.80234,000.00000000,001.37428522,001.98991489,001.75010085,000.37
0.40,0.11489,0.49356,000.00000000,001.36188018,001.98991585,001.61633766,000.34
0.40,0.12315,0.23001,000.00000000,001.06073856,001.03932381,001.16651928,000.46
0.40,0.10000,0.49356,000.00000000,001.39298916,001.98991585,001.54750311,000.34
0.40,0.10719,0.98808,000.00000000,001.69764638,001.98991585,001.97918451,000.35
0.40,0.11489,1.97810,000.00000000,001.66033530,001.98991585,002.14522886,000.36
0.40,0.18677,0.20020,000.00001335,000.99444848,001.10105515,001.03341722,000.45
0.40,0.17425,1.60625,000.00000000,001.72873902,001.98991585,001.86388648,000.54
0.40,0.14149,0.98808,000.00000000,001.97126067,001.98991680,002.27973175,000.37
0.40,0.15166,1.97810,000.00000000,001.67277265,001.98991585,002.17156029,000.34
0.40,0.13200,1.97810,000.00000000,001.72873902,001.98991585,002.06508183,000.38
0.40,0.15166,0.11489,000.00974846,001.31353176,001.61377954,001.05275035,000.48
0.40,0.10000,1.97810,000.00000000,001.71008325,001.98991585,002.12207699,000.36
0.40,0.14149,0.23001,000.00000000,001.00853086,001.02606916,000.99249190,000.46
0.40,0.13200,0.49356,000.00000000,001.23747802,001.98991489,001.48057473,000.37
0.40,0.20020,0.10000,000.00775719,001.55959916,001.92505932,001.23646677,000.47
0.40,0.15166,0.49356,000.00000000,001.29344416,001.98991489,001.46973991,000.40
0.40,0.13200,0.11489,000.00447845,001.32473075,001.69642925,001.20549786,000.43
0.40,0.12315,0.98808,000.00000000,001.71630192,001.98991585,002.09909463,000.33
0.40,0.16256,0.23001,000.00000954,000.94115651,001.03152466,000.98939323,000.48
0.40,0.18677,0.86001,000.00000000,001.67277277,001.98991585,001.63759696,000.33
0.40,0.11489,0.52904,000.00000000,001.44900024,001.98991585,001.64409745,000.33
0.40,0.10719,0.24654,000.00000000,000.98567522,001.00352764,001.14623845,000.39
0.40,0.16256,0.98808,000.00000000,001.77848697,001.98991585,001.83616793,000.38
0.40,0.17425,0.42959,000.00000000,001.24999833,001.98991489,001.25431931,000.37
0.40,0.11489,0.12315,000.00123405,001.17247772,001.35880566,001.05143642,000.42
0.40,0.17425,0.11489,000.00350857,001.28144383,001.58784103,001.16293037,000.45
0.40,0.10000,0.52904,000.00000000,001.36806655,001.98991585,001.88106918,000.36
0.40,0.10719,1.05911,000.00000000,002.07697439,001.98991680,002.07514691,000.36
0.40,0.11489,2.12028,000.00000000,001.61680603,001.98991585,002.21350026,000.36
0.40,0.10000,0.12315,000.00034428,001.00153065,001.12290525,001.01665485,000.46
0.40,0.12315,0.24654,000.00000000,001.06218660,001.04369736,001.26895320,000.40
0.40,0.13200,2.12028,000.00000000,001.41781425,001.98991585,001.99527955,000.33
0.40,0.15166,2.12028,000.00000000,001.47999930,001.98991585,001.93797159,000.37
0.40,0.17425,1.72170,000.00000000,001.85932732,001.98991585,002.27103305,000.42
0.40,0.18677,0.21458,000.00000000,000.94105494,001.03197098,001.24401712,000.46
0.40,0.20020,0.10719,000.03617859,001.52696395,001.73555994,001.13287055,000.51
0.40,0.10000,2.12028,000.00000000,001.49865496,001.98991585,001.97227001,000.42
0.40,0.15166,0.12315,000.00626755,001.28597856,001.43295145,001.05159640,000.46
0.40,0.13200,0.52904,000.00000000,001.32456195,001.98991489,001.63939750,000.32
0.40,0.14149,1.05911,000.00000000,001.84067178,001.98991680,002.28924489,000.35
0.40,0.15166,0.52904,000.00000000,001.43025732,001.98991585,001.48391616,000.37
0.40,0.14149,0.24654,000.00000000,001.03508985,001.00958300,001.15085280,000.43
0.40,0.11489,0.56707,000.00000000,001.48622012,001.98991585,001.71720850,000.34
0.40,0.10719,1.13524,000.00000000,001.83445334,001.98991680,001.94907594,000.37
0.40,0.10719,0.26426,000.00000000,001.10011530,001.05856466,001.29478002,000.38
0.40,0.17425,0.46047,000.00000000,001.16375375,000.99495935,001.22408938,000.38
0.40,0.10000,0.56707,000.00000000,001.56083989,001.98991585,001.66784549,000.34
0.40,0.13200,0.12315,000.00003624,001.27196276,001.41977978,001.01440215,000.46
0.40,0.20020,0.40078,000.00000000,001.08065569,000.99495888,001.19413614,000.39
0.40,0.18677,0.92182,000.00000000,001.56705844,001.98991585,001.80177331,000.34
0.40,0.17425,0.12315,000.00149536,001.24555528,001.44722128,001.16412580,000.47
0.40,0.16256,1.05911,000.00000000,001.89663768,001.98991585,002.01335096,000.43
0.40,0.16256,0.24654,000.00000000,001.05339742,001.02864313,001.27725279,000.48
0.40,0.11489,0.13200,000.00000000,001.00249302,001.15055180,001.01451159,000.44
0.40,0.12315,1.05911,000.00000000,001.70387053,001.98991585,001.91360462,000.42
0.40,0.10000,0.13200,000.00001717,000.96488905,001.08009195,001.05188847,000.42
0.40,0.13200,2.27268,000.00000000,001.51731038,001.98991585,001.76440835,000.35
0.40,0.11489,2.27268,000.00000000,001.55462086,001.98991585,002.12161040,000.43
0.40,0.12315,0.26426,000.00000000,001.06854892,001.00598526,001.21151531,000.43
0.40,0.17425,1.84546,000.00000000,001.82201636,001.98991680,001.94787562,000.33
0.40,0.15166,2.27268,000.00000000,001.33697414,001.98991489,001.88451970,000.42
0.40,0.18677,0.23001,000.00000000,000.88919604,001.02392149,001.00278473,000.41
0.40,0.10000,2.27268,000.00000000,001.65411723,001.98991585,002.07276225,000.34
0.40,0.15166,0.56707,000.00000000,001.31219864,001.98991489,001.58828604,000.31
0.40,0.14149,1.13524,000.00000000,001.95260453,001.98991680,002.06220412,000.34
0.40,0.10719,1.21684,000.00000000,002.01478934,001.98991680,002.07261276,000.34
0.40,0.15166,0.13200,000.00016689,001.23747039,001.45628214,001.10677266,000.39
0.40,0.13200,0.56707,000.00000000,001.44892621,001.98991585,001.77825689,000.38
0.40,0.18677,0.98808,000.00000000,001.65411699,001.98991585,001.80742884,000.31
0.40,0.17425,0.49356,000.00000000,001.33095753,001.98991585,001.50544310,000.36
0.40,0.20020,0.11489,000.00933838,001.35746801,001.64777565,000.99034417,000.51
0.40,0.16256,1.13524,000.00000000,001.77226806,001.98991585,001.95548272,000.44
0.40,0.14149,0.26426,000.00000000,001.02939630,000.99966908,001.02074766,000.45
0.40,0.10000,0.60783,000.00000000,001.53280663,001.98991585,001.55988479,000.41
0.40,0.20020,0.42959,000.00000000,001.14421213,000.99495888,001.30448103,000.44
0.40,0.11489,0.60783,000.00000000,001.60438251,001.98991585,001.98929095,000.33
0.40,0.10719,0.28326,000.00000000,001.19875705,001.11323833,001.18396056,000.37
0.40,0.13200,0.13200,000.00645924,001.01857495,001.17210054,001.09672093,000.51
0.40,0.16256,0.26426,000.00000000,000.98322642,001.00195026,001.15175498,000.53
0.40,0.12315,1.13524,000.00000000,001.78470540,001.98991680,002.10187483,000.36
0.40,0.11489,2.43603,000.00000000,001.41159594,001.98991585,001.65294790,000.35
0.40,0.17425,0.13200,000.00799847,001.23797512,001.44441509,001.09948885,000.53
0.40,0.13200,2.43603,000.00000000,001.24991536,001.98991489,001.79343593,000.36
0.40,0.17425,1.97810,000.00000000,001.61058772,001.98991585,001.91433012,000.36
0.40,0.10000,2.43603,000.00000000,001.29344440,001.98991489,001.77531552,000.33
0.40,0.11489,0.14149,000.00101376,001.07938457,001.16616201,001.00448847,000.49
0.40,0.12315,0.28326,000.00000000,001.09871340,001.00361109,001.21675861,000.42
0.40,0.10719,1.30430,000.00000000,002.10184884,001.98991680,002.21355104,000.38
0.40,0.10000,0.14149,000.00002003,001.05476069,001.12368488,001.11554170,000.46
0.40,0.15166,0.60783,000.00000000,001.45514297,001.98991585,001.79395235,000.35
0.40,0.15166,2.43603,000.00000000,001.36184788,001.98991489,001.87305117,000.34
0.40,0.14149,1.21684,000.00000000,002.08941174,001.98991680,001.99001443,000.36
0.40,0.20020,1.60625,000.00000000,001.88420129,001.98991680,002.30218101,000.40
0.40,0.13200,0.60783,000.00000000,001.53600299,001.98991585,001.73764062,000.35
0.40,0.18677,1.05911,000.00000000,001.62925434,001.98991585,002.08902860,000.36
0.40,0.18677,0.24654,000.00000095,001.08218479,001.08362150,001.07194877,000.57
0.40,0.15166,0.14149,000.00008678,001.09177995,001.25518179,001.07937026,000.43
0.40,0.21458,0.80234,000.00000000,001.45512497,001.98991585,001.74636173,000.39
0.40,0.17425,0.52904,000.00000000,001.35639393,001.98991537,001.31699741,000.38
0.40,0.21458,0.20020,000.00009823,001.07406163,001.18535280,001.25534439,000.53
0.40,0.10000,0.65151,000.00000000,001.59815037,001.98991585,001.68244267,000.33
0.40,0.16256,1.21684,000.00000000,001.79714239,001.98991585,002.25388002,000.38
0.40,0.11489,0.65151,000.00000000,001.47378147,001.98991585,001.78818727,000.35
0.40,0.10719,0.30362,000.00000000,001.13876998,001.00181103,001.41016710,000.35
0.40,0.20020,0.12315,000.01042461,001.36638963,001.68619967,001.13795030,000.47
0.40,0.14149,0.28326,000.00000000,001.02781749,000.99636936,001.01941073,000.45
0.40,0.20020,0.46047,000.00000000,001.22504139,000.99495888,001.24334097,000.45
0.40,0.11489,2.61112,000.00000000,001.01361251,000.99495792,001.43618977,000.38
0.40,0.23001,0.10000,000.00797081,001.80115986,002.13714170,001.32968009,000.59
0.40,0.13200,2.61112,000.00000000,001.15663743,000.99495888,001.43473244,000.37
0.40,0.16256,0.28326,000.00000000,001.02149653,001.00254488,001.09499502,000.46
0.40,0.10000,2.61112,000.00000000,001.26235223,001.98991489,001.79633224,000.33
0.40,0.12315,1.21684,000.00000000,002.13294077,001.98991680,002.36060762,000.43
0.40,0.17425,2.12028,000.00000000,001.50487351,001.98991585,001.92096257,000.34
0.40,0.13200,0.14149,000.00147915,001.07886910,001.23746252,001.02129734,000.48
0.40,0.17425,0.14149,000.00043488,001.17969215,001.31439590,001.08848584,000.48
0.40,0.15166,0.65151,000.00000000,001.56084645,001.98991585,001.68474054,000.32
0.40,0.10719,1.39805,000.00000000,001.66033518,001.98991585,002.18047166,000.37
0.40,0.15166,2.61112,000.00000000,001.24369669,001.98991489,001.63597155,000.32
0.40,0.14149,1.30430,000.00000000,001.98369730,001.98991680,002.27015543,000.34
0.40,0.11489,0.15166,000.00001240,001.03913379,001.15927410,001.02321804,000.58
0.40,0.23001,0.40078,000.00000000,001.08206689,000.99495888,001.15145850,000.67
0.40,0.23001,1.60625,000.00000000,001.73495734,001.98991585,001.91083634,000.49
0.40,0.18677,1.13524,000.00000000,001.70386505,001.98991585,001.75674140,000.51
0.40,0.11489,0.69834,000.00000000,002.00236845,001.98991680,002.04408693,000.32
0.40,0.12315,0.30362,000.00000000,001.05040252,000.99595356,001.22946584,000.62
0.40,0.18677,0.26426,000.00000000,001.11493325,001.05458879,001.15115476,000.42
0.40,0.15166,0.15166,000.00068951,001.12520885,001.28334904,001.12028933,000.41
0.40,0.10719,0.32544,000.00000000,001.20833683,000.99543953,001.25694847,000.40
0.40,0.10000,0.15166,000.00000191,001.12760472,001.17560291,000.89432937,000.65
0.40,0.17425,0.56707,000.00000000,001.43025577,001.98991585,001.57237422,000.49
0.40,0.13200,0.65151,000.00000000,001.54224265,001.98991585,001.79984796,000.65
0.40,0.12315,1.30430,000.00000000,001.92773032,001.98991680,002.03592157,000.51
0.40,0.20020,1.72170,000.00000000,001.82823503,001.98991585,001.97753918,000.67
0.40,0.21458,0.86001,000.00000000,001.67899132,001.98991585,001.82806242,000.52
0.40,0.16256,1.30430,000.00000000,001.98369718,001.98991680,002.12412930,000.53
0.40,0.11489,2.79883,000.00000000,000.98251998,000.99495792,001.45983505,000.38
0.40,0.10000,2.79883,000.00000000,001.03226781,000.99495792,001.46832919,000.38
0.40,0.17425,2.27268,000.00000000,001.39915907,001.98991489,001.89679134,000.39
0.40,0.20020,0.13200,000.00157833,001.28241217,001.42882490,001.02290571,000.43
0.40,0.20020,0.49356,000.00000000,001.26239324,001.98991489,001.30954671,000.42
0.40,0.14149,0.30362,000.00000000,001.12499475,001.00801611,001.13310778,000.43
0.40,0.16256,0.30362,000.00000000,001.17603862,001.08889961,001.12457490,000.44
0.40,0.24654,0.20020,000.00001144,001.10636425,001.20573950,001.00913012,000.66
0.40,0.21458,0.21458,000.00000000,001.14367008,001.22986031,001.12037361,000.64
0.40,0.10000,0.69834,000.00000000,001.82203925,001.98991680,002.06663275,000.47
0.40,0.15166,2.79883,000.00000000,000.97630155,000.99495792,001.57661474,000.33
0.40,0.13200,2.79883,000.00000000,001.00739396,000.99495888,001.48057377,000.49
0.40,0.10719,1.49854,000.00000000,001.66033554,001.98991585,002.07273674,000.34
0.40,0.23001,0.10719,000.05348492,001.91242278,002.23362017,001.27129579,000.50
0.40,0.15166,0.69834,000.00000000,001.62924314,001.98991585,001.66306913,000.35
0.40,0.14149,1.39805,000.00000000,001.77848697,001.98991632,002.17845583,000.47
0.40,0.17425,0.15166,000.00005913,001.11585617,001.28026724,001.13595784,000.49
0.40,0.13200,0.15166,000.00012207,001.00765407,001.14671803,000.98998159,000.55
0.40,0.18677,1.21684,000.00000000,001.75361276,001.98991585,002.07703114,000.35
0.40,0.23001,1.72170,000.00000000,001.54840302,001.98991585,001.83490801,000.37
0.40,0.11489,0.74854,000.00000000,001.70386505,001.98991585,002.10637450,000.37
0.40,0.10719,0.34883,000.00000000,001.21703815,001.00076437,001.43819273,000.35
0.40,0.17425,0.60783,000.00000000,001.29971385,001.98991585,001.52479982,000.34
0.40,0.23001,0.42959,000.00000000,001.09451437,000.99495888,001.11240411,000.42
0.40,0.13200,0.69834,000.00000000,001.52352881,001.98991585,001.73299098,000.32
0.40,0.16256,1.39805,000.00000000,001.89041972,001.98991632,002.13852787,000.34
0.40,0.11489,3.00000,000.00000000,000.74621773,000.99495792,001.31408846,000.34
0.40,0.12315,1.39805,000.00000000,001.83445323,001.98991680,002.07791257,000.35
0.40,0.20020,1.84546,000.00000000,001.86554563,001.98991680,002.13681984,000.35
0.40,0.12315,0.32544,000.00000000,001.08883548,000.99706125,001.35209095,000.43
0.40,0.18677,0.28326,000.00000000,000.98198271,000.99778271,001.20887101,000.43
0.40,0.17425,2.43603,000.00000000,001.23125982,001.98991489,001.89355159,000.36
0.40,0.15166,0.16256,000.00015259,000.99869585,001.16073227,001.07232845,000.44
0.40,0.21458,0.92182,000.00000000,001.63546157,001.98991585,002.09175420,000.37
0.40,0.10000,3.00000,000.00000000,000.65294051,000.99495792,001.02580857,000.39
0.40,0.10000,0.16256,000.00000095,000.95308161,001.03198147,000.94509655,000.49
0.40,0.15166,0.74854,000.00000000,001.72873914,001.98991585,001.99577713,000.38
0.40,0.20020,0.52904,000.00000000,001.33075881,001.98991489,001.37288642,000.37
0.40,0.11489,0.16256,000.00000095,000.95637131,001.06743336,000.96672261,000.67
0.40,0.15166,3.00000,000.00000000,000.67781442,000.99495792,001.14050794,000.34
0.40,0.24654,0.80234,000.00000000,001.61058772,001.98991585,001.57567298,000.41
0.40,0.18677,1.30430,000.00000000,001.97747838,001.98991680,002.09281874,000.36
0.40,0.10719,1.60625,000.00000000,001.77848661,001.98991585,001.98243845,000.39
0.40,0.14149,1.49854,000.00000000,001.93394923,001.98991680,002.01826191,000.38
0.40,0.11489,0.80234,000.00000000,001.66655421,001.98991585,001.84225738,000.33
0.40,0.16256,0.32544,000.00000000,001.14746070,001.02311754,001.21370494,000.48
0.40,0.10000,0.74854,000.00000000,001.91529393,001.98991680,001.96583474,000.47
0.40,0.20020,0.14149,000.00193787,001.16186190,001.32125425,001.15572512,000.47
0.40,0.10719,0.37391,000.00000000,001.17530513,000.99496698,001.28658187,000.39
0.40,0.14149,0.32544,000.00000000,001.07772017,000.99501514,001.11200833,000.57
0.40,0.17425,0.16256,000.00000000,001.01183689,001.15790033,001.02043438,000.54
0.40,0.17425,0.65151,000.00000000,001.56708598,001.98991585,001.74827898,000.39
0.40,0.13200,0.16256,000.00111961,001.13213086,001.20225239,001.04113734,000.57
0.40,0.24654,0.21458,000.00000000,000.98261964,001.06070185,001.09498990,000.63
0.40,0.20020,1.97810,000.00000000,001.88420105,001.98991680,001.83849156,000.33
0.40,0.23001,0.11489,000.00348949,001.46122813,001.86326885,001.19859469,000.62
0.40,0.16256,1.49854,000.00000000,001.88420141,001.98991680,001.95983887,000.35
0.40,0.23001,1.84546,000.00000000,001.72873914,001.98991585,001.99512517,000.57
0.40,0.13200,3.00000,000.00000000,000.73999923,000.99495792,001.19931650,000.66
0.40,0.13200,0.74854,000.00000000,001.74117601,001.98991680,002.00373936,000.43
0.40,0.23001,0.46047,000.00000000,001.19408143,001.98991489,001.38349771,000.47
0.40,0.17425,2.61112,000.00000000,001.21260417,001.98991489,001.64272809,000.37
0.40,0.12315,0.10000,000.00688076,001.38632047,001.61118841,001.18368435,000.49
0.40,0.12315,1.49854,000.00000000,001.80336058,001.98991680,002.08492780,000.52
0.40,0.21458,0.98808,000.00000000,001.62302470,001.98991585,001.70291221,000.35
0.40,0.21458,0.23001,000.00000095,000.94451761,001.04138613,001.08532882,000.89
0.40,0.15166,0.80234,000.00000000,001.84689045,001.98991680,001.92168534,000.38
0.40,0.14149,1.60625,000.00000000,001.95260465,001.98991680,002.22567534,000.54
0.40,0.10719,0.10000,000.01788616,001.28960395,001.48468161,001.05614495,000.46
0.40,0.12315,0.34883,000.00000000,001.21024871,001.98991489,001.38730693,000.64
0.40,0.15166,0.17425,000.00007534,001.04235256,001.12258053,001.10608697,000.58
0.40,0.18677,0.30362,000.00000000,000.95839345,000.99513531,001.09941626,000.63
0.40,0.10000,0.17425,000.00000000,000.97101486,001.04056215,001.06562293,000.47
0.40,0.10719,1.72170,000.00000000,002.01478910,001.98991680,002.15140915,000.35
0.40,0.18677,1.39805,000.00000000,001.75983167,001.98991585,002.02392507,000.38
0.40,0.10000,0.80234,000.00000000,001.71008372,001.98991585,002.04979849,000.34
0.40,0.11489,0.17425,000.00001240,000.94637597,001.02994871,001.03372467,000.46
0.40,0.10719,0.40078,000.00000000,001.34329617,001.98991585,001.51012444,000.33
0.40,0.17425,0.69834,000.00000000,001.47378075,001.98991585,001.56666398,000.32
0.40,0.20020,0.56707,000.00000000,001.38676822,001.98991585,001.37575495,000.54
0.40,0.11489,0.86001,000.00000000,001.84067214,001.98991680,002.20915890,000.43
0.40,0.16256,0.34883,000.00000000,001.12928176,000.99496841,001.21864474,000.47
0.40,0.16256,0.10000,000.07215595,001.53367817,001.97198582,001.11468351,000.58
0.40,0.20020,0.15166,000.00024033,001.16941786,001.38623714,001.31823623,000.51
0.40,0.13200,0.17425,000.00020313,000.93895227,001.06154633,001.05491471,000.44
0.40,0.20020,2.12028,000.00000000,001.44268858,001.98991585,001.85989892,000.47
0.40,0.24654,0.86001,000.00000000,001.50487316,001.98991585,001.46417713,000.64
0.40,0.17425,2.79883,000.00000000,000.98873854,000.99495792,001.45723116,000.32
0.40,0.17425,0.17425,000.00002098,000.96204358,001.07533550,001.07828355,000.52
0.40,0.16256,1.60625,000.00000000,001.87176418,001.98991680,002.19604015,000.31
0.40,0.23001,1.97810,000.00000000,001.46756244,001.98991585,002.03429246,000.43
0.40,0.15166,0.86001,000.00000000,001.80957925,001.98991680,001.89397621,000.32
0.40,0.14149,0.34883,000.00000000,001.11334443,000.99498558,001.24255431,000.55
0.40,0.14149,1.72170,000.00000000,001.75361311,001.98991585,002.24913096,000.33
0.40,0.13200,0.80234,000.00000000,001.63546157,001.98991585,001.94446802,000.41
0.40,0.23001,0.49356,000.00000000,001.29968917,001.98991489,001.48170161,000.41
0.40,0.12315,1.60625,000.00000000,002.29462171,001.98991776,002.43367672,000.41
0.40,0.12315,0.10719,000.00126743,001.25564742,001.55190945,001.16176975,000.43
0.40,0.10719,0.10719,000.00793076,001.27102280,001.40921450,001.01880944,000.39
0.40,0.24654,0.23001,000.00000095,001.04068136,001.09671736,001.05154622,000.65
0.40,0.21458,1.05911,000.00000000,001.84067154,001.98991585,002.31333518,000.58
0.40,0.23001,0.12315,000.05169296,001.54124928,001.86593056,001.14856803,000.65
0.40,0.18677,0.32544,000.00000000,001.12729311,000.99544334,001.17280793,000.38
0.40,0.12315,0.37391,000.00000000,001.20672214,001.00206661,001.20658910,000.41
0.40,0.10000,0.18677,000.00000572,000.97482538,001.03368568,001.11935234,000.39
0.40,0.15166,0.18677,000.00002480,001.01348102,001.09471321,001.02752614,000.45
0.40,0.18677,1.49854,000.00000000,001.69764638,001.98991585,002.20243168,000.31
0.40,0.10719,1.84546,000.00000000,001.75361276,001.98991585,001.96687269,000.38
0.40,0.14149,0.10000,000.05405235,001.45421457,001.68849945,001.00972033,000.61
0.40,0.10000,0.86001,000.00000000,001.75361288,001.98991680,002.17960858,000.29
0.40,0.21458,0.24654,000.00000000,000.96506613,001.03870630,001.05571747,000.62
0.40,0.17425,0.74854,000.00000000,001.48622048,001.98991585,001.80663371,000.29
0.40,0.10719,0.42959,000.00000000,001.44963479,001.98991585,001.63569403,000.35
0.40,0.20020,0.60783,000.00000000,001.46800399,001.98991585,001.51438296,000.28
0.40,0.11489,0.92182,000.00000000,002.03966379,001.98991680,002.09035063,000.30
0.40,0.20020,2.27268,000.00000000,001.38050342,001.98991489,001.77158415,000.29
0.40,0.24654,0.92182,000.00000000,001.51731050,001.98991585,001.66154230,000.30
0.40,0.16256,0.37391,000.00000000,001.01565146,000.99495888,001.20749080,000.35
0.40,0.17425,3.00000,000.00000000,000.69025141,000.99495792,001.19291663,000.30
0.40,0.16256,1.72170,000.00000000,001.96504152,001.98991680,002.17779136,000.30
0.40,0.11489,0.18677,000.00000000,000.86037505,001.01952887,000.99982816,000.46
0.40,0.20020,0.16256,000.00292397,001.12226212,001.21334267,001.10193706,000.38
0.40,0.16256,0.10719,000.00227642,001.35241508,001.53495836,001.17209840,000.39
0.40,0.15166,0.92182,000.00000000,001.76605010,001.98991680,001.76866770,000.29
0.40,0.17425,0.18677,000.00000286,001.04198539,001.17485428,001.01392782,000.39
0.40,0.26426,0.10000,000.11156082,002.10865164,002.47832108,001.49735701,000.55
0.40,0.23001,2.12028,000.00000000,001.69142783,001.98991585,001.91383100,000.38
0.40,0.13200,0.18677,000.00002098,001.09323049,001.10468531,001.12594831,000.48
0.40,0.13200,0.86001,000.00000000,001.82201636,001.98991585,002.04375339,000.35
0.40,0.14149,1.84546,000.00000000,001.80336070,001.98991680,002.03077960,000.36
0.40,0.14149,0.37391,000.00000000,001.23748279,001.98991489,001.24902713,000.39
0.40,0.23001,0.52904,000.00000000,001.21269155,001.98991489,001.42858207,000.33
0.40,0.12315,1.72170,000.00000000,001.85932755,001.98991680,002.04186893,000.33
0.40,0.20020,0.65151,000.00000000,001.44894063,001.98991585,001.60308063,000.30
0.40,0.10719,0.11489,000.00519943,001.21958852,001.51639366,001.27198994,000.36
0.40,0.18677,0.34883,000.00000000,001.16415763,000.99556065,001.18666613,000.32
0.40,0.20020,2.43603,000.00000000,001.19394863,000.99495888,001.76609135,000.28
0.40,0.12315,0.11489,000.00139046,001.30458522,001.57108688,001.07635093,000.42
0.40,0.21458,1.13524,000.00000000,001.84067190,001.98991680,001.86584973,000.39
0.40,0.10719,1.97810,000.00000000,001.97126043,001.98991680,001.89345300,000.29
0.40,0.10000,0.92182,000.00000000,001.84067178,001.98991680,002.10545182,000.28
0.40,0.10719,0.46047,000.00000000,001.41781449,001.98991585,001.83026695,000.28
0.40,0.18677,1.60625,000.00000000,001.80336094,001.98991585,002.01507139,000.30
0.40,0.17425,0.80234,000.00000000,001.71008372,001.98991585,002.00932121,000.28
0.40,0.10000,0.20020,000.00000000,001.07251382,001.09490156,001.19971311,000.34
0.40,0.15166,0.20020,000.00000095,001.08465695,001.17962646,001.07325733,000.37
0.40,0.11489,0.98808,000.00000000,001.71008372,001.98991585,002.15974498,000.27
0.40,0.21458,0.26426,000.00000000,001.04464650,001.01989508,001.09744895,000.38
0.40,0.14149,0.10719,000.01294041,001.40726125,001.69436646,001.09399223,000.40
0.40,0.24654,0.24654,000.00000095,001.00198388,001.01612520,001.06263697,000.53
0.40,0.12315,0.40078,000.00000000,001.21276784,001.98991489,001.53670597,000.29
0.40,0.24654,0.98808,000.00000000,001.46134377,001.98991585,001.71802461,000.31
0.40,0.16256,0.40078,000.00000000,001.12266850,000.99495888,001.29552853,000.30
0.40,0.16256,1.84546,000.00000000,001.93394923,001.98991585,002.26830673,000.29
0.40,0.15166,0.98808,000.00000000,001.95882344,001.98991680,002.05258179,000.30
0.40,0.23001,2.27268,000.00000000,001.35562932,001.98991489,001.82215035,000.29
0.40,0.23001,0.13200,000.00533104,001.30854630,001.52248764,001.02583075,000.44
0.40,0.18677,0.10000,000.01228333,001.48029780,001.79418516,001.33628583,000.41
0.40,0.13200,0.92182,000.00000000,001.80336070,001.98991632,002.00699830,000.29
0.40,0.14149,1.97810,000.00000000,001.69142795,001.98991585,002.09857607,000.30
0.40,0.11489,0.20020,000.00000000,001.02766931,001.03649187,000.95830733,000.41
0.40,0.20020,0.17425,000.00003529,001.17930162,001.35024500,001.05765212,000.38
0.40,0.13200,0.20020,000.00000000,001.06846988,001.08618689,001.09818912,000.37
0.40,0.14149,0.40078,000.00000000,001.24399233,001.98991489,001.21223891,000.29
0.40,0.17425,0.20020,000.00000191,000.98282987,001.10365200,001.04212260,000.40
0.40,0.16256,0.11489,000.00162697,001.35584617,001.58090115,001.17329884,000.41
0.40,0.20020,0.69834,000.00000000,001.54218495,001.98991585,001.59329140,000.29
0.40,0.12315,1.84546,000.00000000,001.64789867,001.98991585,002.00477719,000.33
0.40,0.26426,0.40078,000.00000000,001.07604134,000.99495983,001.07135761,000.35
0.40,0.26426,0.10719,000.00712872,001.87815070,002.21859598,001.25906360,000.50
0.40,0.23001,0.56707,000.00000000,001.36808085,001.98991489,001.57001603,000.39
0.40,0.20020,2.61112,000.00000000,001.13176370,000.99495888,001.42455435,000.29
0.40,0.18677,0.37391,000.00000000,001.12596703,000.99498224,001.30411649,000.31
0.40,0.10719,0.12315,000.00222015,001.03587937,001.16493464,001.00142694,000.36
0.40,0.21458,1.21684,000.00000000,001.74117589,001.98991585,002.00231266,000.28
0.40,0.10719,2.12028,000.00000000,001.75983119,001.98991585,002.07464695,000.29
0.40,0.10719,0.49356,000.00000000,001.32453692,001.98991489,001.68350172,000.28
0.40,0.10000,0.98808,000.00000000,001.80336070,001.98991680,002.07580924,000.29
0.40,0.18677,1.72170,000.00000000,001.69142795,001.98991585,001.78992701,000.31
0.40,0.17425,0.86001,000.00000000,001.57949519,001.98991585,002.11988926,000.29
0.40,0.11489,1.05911,000.00000000,001.85932696,001.98991585,002.02340555,000.27
0.40,0.12315,0.12315,000.00050545,001.04942775,001.20973921,001.06730604,000.39
0.40,0.12315,0.42959,000.00000000,001.17530072,000.99496126,001.30920076,000.29
0.40,0.10000,0.21458,000.00000000,001.04769039,001.03791475,001.18020439,000.33
0.40,0.24654,1.05911,000.00000000,001.41159594,001.98991585,001.67906308,000.30
0.40,0.16256,0.42959,000.00000000,001.14420056,000.99495888,001.41393685,000.32
0.40,0.15166,0.21458,000.00000000,001.07637382,001.10472155,001.19067836,000.37
0.40,0.14149,0.11489,000.00294971,001.30655694,001.53519773,001.25142622,000.39
0.40,0.16256,1.97810,000.00000000,001.71008372,001.98991585,002.19567895,000.29
0.40,0.15166,1.05911,000.00000000,002.02100801,001.98991680,002.30056882,000.32
0.40,0.21458,0.28326,000.00000000,001.05010211,001.01722670,001.01208127,000.44
0.40,0.24654,0.26426,000.00000000,000.89763868,001.00018072,001.13419652,000.48
0.40,0.23001,2.43603,000.00000000,001.28100753,001.98991489,001.65582013,000.34
0.40,0.14149,2.12028,000.00000000,001.67277217,001.98991585,001.82838786,000.30
0.40,0.13200,0.98808,000.00000000,001.89663792,001.98991585,001.97943413,000.33
0.40,0.18677,0.10719,000.00025749,001.44062960,001.70115376,001.20310187,000.39
0.40,0.11489,0.21458,000.00000095,001.01813471,001.01548433,000.86031026,000.37
0.40,0.14149,0.42959,000.00000000,001.32459569,001.98991489,001.36664546,000.36
0.40,0.23001,0.14149,000.00576115,001.35490215,001.63215923,001.30535996,000.44
0.40,0.20020,0.18677,000.00000763,001.04364705,001.15046501,001.03374290,000.39
0.40,0.17425,0.21458,000.00001717,001.07920241,001.18461418,001.10811937,000.37
0.40,0.13200,0.21458,000.00000477,001.02561545,001.10329342,001.06125927,000.38
0.40,0.20020,0.74854,000.00000000,001.53596783,001.98991585,001.48281848,000.30
0.40,0.23001,0.60783,000.00000000,001.29985225,001.98991489,001.31140196,000.29
0.40,0.12315,1.97810,000.00000000,002.07075572,001.98991680,002.11338305,000.33
0.40,0.26426,0.42959,000.00000000,001.14089859,000.99495888,001.03815222,000.34
0.40,0.20020,2.79883,000.00000000,000.97008306,000.99495792,001.42772114,000.34
0.40,0.16256,0.12315,000.01471806,001.23096478,001.48661613,001.01893187,000.50
0.40,0.10719,0.52904,000.00000000,001.34984851,001.98991585,001.48810458,000.28
0.40,0.10000,1.05911,000.00000000,002.06453753,001.98991680,002.46580291,000.29
0.40,0.10719,0.13200,000.00127888,001.01715815,001.13466263,001.01803100,000.42
0.40,0.18677,1.84546,000.00000000,001.89041972,001.98991680,002.08397841,000.30
0.40,0.10719,2.27268,000.00000000,001.46134377,001.98991585,002.09153461,000.40
0.40,0.18677,0.40078,000.00000000,001.13199627,000.99497509,001.37546122,000.48
0.40,0.21458,1.30430,000.00000000,001.65411699,001.98991585,002.26666927,000.43
0.40,0.17425,0.92182,000.00000000,001.86554527,001.98991585,001.83741486,000.30
0.40,0.11489,1.13524,000.00000000,002.03344488,001.98991680,002.19694114,000.29
0.40,0.26426,0.11489,000.02748680,001.63645113,001.99739790,001.18800008,000.57
0.40,0.24654,1.13524,000.00000000,001.66033530,001.98991585,001.81464541,000.29
0.40,0.16256,0.46047,000.00000000,001.33080089,001.98991537,001.38292003,000.28
0.40,0.16256,2.12028,000.00000000,001.75983119,001.98991585,001.73755515,000.28
0.40,0.10000,0.23001,000.00000000,000.89822876,001.00097036,001.15703118,000.32
0.40,0.14149,2.27268,000.00000000,001.54840267,001.98991585,001.99348712,000.29
0.40,0.23001,2.61112,000.00000000,001.02604938,000.99495792,001.63060641,000.33
0.40,0.15166,0.23001,000.00000000,001.09332049,001.10765028,001.32345963,000.35
0.40,0.12315,0.46047,000.00000000,001.39917791,001.98991585,001.40862072,000.38
0.40,0.15166,1.13524,000.00000000,001.70386481,001.98991585,002.07299352,000.35
0.40,0.12315,0.13200,000.00080204,001.15469027,001.30096054,000.99429029,000.43
0.40,0.21458,0.30362,000.00000000,001.08313930,000.99919796,001.15036333,000.44
0.40,0.26426,1.60625,000.00000000,001.56083941,001.98991585,001.67518854,000.51
0.40,0.11489,0.23001,000.00000000,001.06860077,001.03779221,001.05520952,000.33
0.40,0.14149,0.12315,000.00474834,001.15490031,001.42510080,001.01439595,000.47
0.40,0.18677,0.11489,000.01017284,001.49749589,001.77759123,001.14107251,000.38
0.40,0.24654,0.28326,000.00000000,001.02736688,001.02091646,001.21573234,000.51
0.40,0.20020,0.20020,000.00000000,000.97696704,001.09668684,001.12508202,000.36
0.40,0.14149,0.46047,000.00000000,001.33093858,001.98991585,001.46198905,000.39
0.40,0.23001,0.65151,000.00000000,001.42404997,001.98991489,001.74067724,000.29
0.40,0.12315,2.12028,000.00000000,001.47378087,001.98991585,002.07524300,000.30
0.40,0.13200,1.05911,000.00000000,001.93394911,001.98991680,002.35615802,000.47
0.40,0.10719,0.56707,000.00000000,001.51732409,001.98991585,001.79637241,000.28
0.40,0.26426,0.46047,000.00000000,001.11310971,000.99495888,001.20047259,000.31
0.40,0.10000,1.13524,000.00000000,001.95260501,001.98991680,002.07962060,000.29
0.40,0.20020,3.00000,000.00000000,000.65915900,000.99495792,001.22301865,000.30
0.40,0.23001,0.15166,000.00116634,001.28206384,001.44483232,000.98056382,000.49
0.40,0.18677,1.97810,000.00000000,001.68520963,001.98991585,001.78421497,000.32
0.40,0.10719,0.14149,000.00000000,001.11295187,001.20838499,001.02018762,000.36
0.40,0.20020,0.80234,000.00000000,001.66655886,001.98991585,001.86380994,000.40
0.40,0.13200,0.23001,000.00000000,000.94362640,001.00138044,001.12460077,000.41
0.40,0.10719,2.43603,000.00000000,001.24369645,001.98991489,001.74020672,000.31
0.40,0.17425,0.23001,000.00000000,001.08441138,001.07215309,000.99709904,000.52
0.40,0.16256,0.13200,000.00040913,001.22799897,001.39071655,001.12101436,000.45
0.40,0.21458,1.39805,000.00000000,001.97126031,001.98991680,002.02343655,000.28
0.40,0.11489,1.21684,000.00000000,001.82823467,001.98991680,002.23007441,000.31
0.40,0.24654,1.21684,000.00000000,001.70386469,001.98991585,001.71940553,000.30
0.40,0.17425,0.98808,000.00000000,001.87176394,001.98991585,001.90616822,000.33
0.40,0.16256,0.49356,000.00000000,001.33776045,001.98991489,001.30445147,000.28
0.40,0.16256,2.27268,000.00000000,001.40537763,001.98991585,001.77077317,000.29
0.40,0.18677,0.42959,000.00000000,001.13798654,000.99496222,001.17908883,000.39
0.40,0.14149,2.43603,000.00000000,001.47378063,001.98991585,002.03647542,000.31
0.40,0.10000,0.24654,000.00000000,001.08685720,001.12342691,001.33423042,000.34
0.40,0.15166,1.21684,000.00000000,002.07697439,001.98991680,002.11782670,000.31
0.40,0.23001,2.79883,000.00000000,000.87680590,000.99495792,001.22968912,000.36
0.40,0.12315,0.49356,000.00000000,001.43051159,001.98991489,001.64363348,000.35
0.40,0.26426,0.12315,000.01101398,001.58650899,001.96684980,001.19784856,000.45
0.40,0.15166,0.24654,000.00000000,001.02030003,001.01980591,001.09055483,000.43
0.40,0.11489,0.24654,000.00000000,001.06106269,001.02206421,001.24498618,000.35
0.40,0.26426,1.72170,000.00000000,001.44268835,001.98991585,001.65324032,000.39
0.40,0.12315,0.14149,000.00004578,001.00002944,001.10804319,001.12948275,000.40
0.40,0.23001,0.69834,000.00000000,001.46756768,001.98991585,001.55987692,000.28
0.40,0.21458,0.32544,000.00000000,001.00687039,000.99500895,001.19572318,000.44
0.40,0.12315,2.27268,000.00000000,001.41159570,001.98991585,001.87220514,000.29
0.40,0.18677,0.12315,000.00284195,001.20408082,001.36542416,001.09317124,000.40
0.40,0.14149,0.49356,000.00000000,001.46136451,001.98991585,001.61254787,000.33
0.40,0.10719,0.60783,000.00000000,001.48626518,001.98991585,001.73357165,000.28
0.40,0.20020,0.21458,000.00000191,001.01051342,001.07566071,000.91011328,000.40
0.40,0.26426,0.49356,000.00000000,001.13804269,000.99495935,001.45747972,000.31
0.40,0.24654,0.30362,000.00000000,000.92161024,000.99542904,001.12117779,000.44
0.40,0.13200,1.13524,000.00000000,001.92151225,001.98991585,001.98283815,000.33
0.40,0.18677,2.12028,000.00000000,001.80336094,001.98991585,001.96314549,000.30
0.40,0.28326,0.80234,000.00000000,001.57327867,001.98991585,001.68849826,000.38
0.40,0.10000,1.21684,000.00000000,002.02100801,001.98991680,002.16471362,000.38
0.40,0.14149,0.13200,000.00028515,001.11410797,001.28373098,001.16212249,000.58
0.40,0.10719,0.15166,000.00006294,001.03342438,001.09198952,000.98526078,000.39
0.40,0.23001,0.16256,000.00131035,001.19671822,001.43351126,001.09153879,000.41
0.40,0.28326,0.20020,000.00001717,001.07023263,001.25311756,001.20663357,000.47
0.40,0.10719,2.61112,000.00000000,001.18773019,001.49243689,001.65276027,000.29
0.40,0.21458,0.10000,000.08919621,001.88476503,002.16910934,001.14165497,000.47
0.40,0.13200,0.24654,000.00000000,001.07818687,001.02885008,001.39852405,000.36
0.40,0.20020,0.86001,000.00000000,001.72873902,001.98991585,001.92374444,000.39
0.40,0.11489,1.30430,000.00000000,001.95882320,001.98991680,002.16334105,000.30
0.40,0.16256,0.52904,000.00000000,001.37285244,001.98991489,001.55980873,000.28
0.40,0.16256,2.43603,000.00000000,001.36806655,001.98991585,001.85013247,000.28
0.40,0.18677,0.46047,000.00000000,001.29983747,001.00807905,001.52577579,000.30
0.40,0.17425,1.05911,000.00000000,001.77226853,001.98991632,001.90891147,000.30
0.40,0.21458,1.49854,000.00000000,001.64168012,001.98991585,002.00230718,000.33
0.40,0.14149,2.61112,000.00000000,001.21260440,000.99495888,001.90346551,000.30
0.40,0.16256,0.14149,000.00443745,001.29736400,001.54355431,001.18603432,000.37
0.40,0.15166,1.30430,000.00000000,001.82823491,001.98991680,002.02829170,000.30
0.40,0.17425,0.24654,000.00000095,001.09967375,001.04608965,001.16860414,000.43
0.40,0.10000,0.26426,000.00000000,001.08739829,001.02614975,001.29635882,000.35
0.40,0.23001,3.00000,000.00000000,000.63428509,000.99495792,001.02432346,000.36
0.40,0.24654,1.30430,000.00000000,001.82201636,001.98991585,002.06740403,000.45
0.40,0.11489,0.26426,000.00000000,001.09445047,001.01164246,001.18623912,000.34
0.40,0.12315,0.52904,000.00000000,001.54218435,001.98991585,001.47037685,000.41
0.40,0.15166,0.26426,000.00000000,000.98186600,001.00525904,001.02771747,000.36
0.40,0.23001,0.74854,000.00000000,001.31831884,001.98991489,001.67365921,000.29
0.40,0.26426,0.13200,000.01281643,001.41346288,001.62939739,001.23817229,000.44
0.40,0.26426,1.84546,000.00000000,001.51109147,001.98991585,001.48765278,000.31
0.40,0.10719,0.65151,000.00000000,001.62302434,001.98991585,001.63850343,000.29
0.40,0.12315,2.43603,000.00000000,001.41159606,001.98991489,001.77457070,000.33
0.40,0.12315,0.15166,000.00022507,001.07746148,001.18384266,001.00102460,000.37
0.40,0.18677,2.27268,000.00000000,001.51731002,001.98991537,002.16077566,000.32
0.40,0.21458,0.34883,000.00000000,001.04533589,000.99499559,001.15522218,000.38
0.40,0.13200,1.21684,000.00000000,002.26974773,001.98991728,002.41816998,000.33
0.40,0.18677,0.13200,000.00004578,001.15630603,001.33098269,001.13735807,000.39
0.40,0.28326,0.86001,000.00000000,001.54218459,001.98991585,001.67599440,000.36
0.40,0.26426,0.52904,000.00000000,001.29372478,001.98991489,001.43464339,000.40
0.40,0.20020,0.23001,000.00000095,000.96510476,001.03202820,001.14689994,000.40
0.40,0.14149,0.52904,000.00000000,001.36807418,001.98991585,001.71522498,000.42
0.40,0.10000,0.28326,000.00000000,001.10643744,001.01757193,001.27642810,000.31
0.40,0.10000,1.30430,000.00000000,002.02722621,001.98991680,002.00403666,000.44
0.40,0.10719,0.16256,000.00000000,000.99394763,001.06074667,000.93706888,000.42
0.40,0.16256,0.56707,000.00000000,001.49874699,001.98991585,001.73600650,000.28
0.40,0.24654,0.32544,000.00000000,000.97825396,000.99504662,001.06453967,000.53
0.40,0.10719,2.79883,000.00000000,001.01983094,000.99495792,001.35880029,000.29
0.40,0.11489,1.39805,000.00000000,001.98369718,001.98991680,002.05042696,000.28
0.40,0.18677,0.49356,000.00000000,001.36186385,001.98991585,001.64391112,000.29
0.40,0.13200,0.26426,000.00000000,001.12370789,001.05502081,001.16254783,000.33
0.40,0.20020,0.92182,000.00000000,001.77254486,001.98991585,001.99028826,000.34
0.40,0.17425,0.26426,000.00000000,001.00143182,001.01386690,001.07962573,000.55
0.40,0.16256,2.61112,000.00000000,001.15041912,000.99495888,001.43487072,000.34
0.40,0.12315,2.61112,000.00000000,001.15663743,000.99495888,001.55811632,000.34
0.40,0.23001,0.17425,000.00000000,001.08253002,001.27670383,001.10398436,000.49
0.40,0.10719,0.69834,000.00000000,001.69765246,001.98991585,001.81221521,000.37
0.40,0.21458,0.10719,000.02882385,001.55172765,001.96809053,001.17022145,000.38
0.40,0.14149,2.79883,000.00000000,001.01361251,000.99495792,001.53507388,000.30
0.40,0.15166,1.39805,000.00000000,002.17647028,001.98991680,002.22340727,000.29
0.40,0.21458,1.60625,000.00000000,001.69142818,001.98991585,001.93180048,000.34
0.40,0.24654,1.39805,000.00000000,001.89663827,001.98991680,001.93748057,000.29
0.40,0.16256,0.15166,000.00024605,001.03198779,001.16972256,001.00368416,000.37
0.40,0.28326,0.21458,000.00000191,001.06577480,001.15252876,001.25376678,000.52
0.40,0.11489,0.28326,000.00000000,001.14245284,001.03022099,001.23595500,000.33
0.40,0.14149,0.14149,000.00706863,001.07296693,001.19773388,001.09564352,000.38
0.40,0.12315,0.56707,000.00000000,001.43647015,001.98991537,001.80386007,000.30
0.40,0.23001,0.80234,000.00000000,001.56705844,001.98991585,001.59736443,000.28
0.40,0.12315,0.16256,000.00001907,000.98875219,001.06327391,001.28696775,000.53
0.40,0.24654,0.10000,000.00962639,001.91138113,002.21946669,001.31699145,000.45
0.40,0.15166,0.28326,000.00000000,001.07801795,001.02425909,001.10574007,000.34
0.40,0.13200,1.30430,000.00000000,001.94638658,001.98991680,002.31487489,000.28
0.40,0.17425,1.13524,000.00000000,001.77226806,001.98991585,001.99240088,000.30
0.40,0.26426,1.97810,000.00000000,001.79092371,001.98991585,001.75174046,000.33
0.40,0.26426,0.56707,000.00000000,001.35577238,001.98991489,001.46163869,000.31
0.40,0.21458,0.37391,000.00000000,001.06772995,000.99496698,001.27271283,000.34
0.40,0.26426,0.14149,000.02860546,001.34233022,001.58346367,001.13199103,000.39
0.40,0.28326,0.92182,000.00000000,001.59193194,001.98991585,001.81865013,000.36
0.40,0.14149,0.56707,000.00000000,001.41164231,001.98991585,001.45033097,000.29
0.40,0.18677,0.14149,000.00279808,001.21076536,001.42368269,001.18638945,000.39
0.40,0.10000,0.30362,000.00000000,001.09228313,001.00113583,001.08039165,000.31
0.40,0.16256,2.79883,000.00000000,000.99495697,000.99495792,001.40911269,000.45
0.40,0.30362,0.10000,000.07110405,002.36675215,002.71433640,001.47809219,000.59
0.40,0.20020,0.24654,000.00000000,001.07031691,001.07074881,001.07153034,000.44
0.40,0.10719,0.17425,000.00000000,000.92911863,001.03164959,001.04802287,000.39
0.40,0.10000,1.39805,000.00000000,002.22621870,001.98991776,002.00601196,000.43
0.40,0.10719,3.00000,000.00000000,000.67159593,000.99495792,001.08537114,000.31
0.40,0.16256,0.60783,000.00000000,001.41160583,001.98991537,001.60616148,000.34
0.40,0.11489,1.49854,000.00000000,001.94016802,001.98991680,002.07314372,000.31
0.40,0.18677,0.52904,000.00000000,001.36190283,001.98991585,001.45651042,000.30
0.40,0.18677,2.43603,000.00000000,001.23747802,001.98991489,001.88380265,000.32
0.40,0.24654,0.34883,000.00000000,000.97493267,000.99499989,001.11300480,000.36
0.40,0.20020,0.98808,000.00000000,001.52352858,001.98991585,002.02794957,000.33
0.40,0.12315,2.79883,000.00000000,000.89546126,000.99495792,001.56622124,000.30
0.40,0.13200,0.28326,000.00000000,001.04835200,001.00430250,001.21024406,000.37
0.40,0.10719,0.74854,000.00000000,001.52352881,001.98991585,001.83080196,000.33
0.40,0.15166,1.49854,000.00000000,001.96504152,001.98991680,001.88642871,000.31
0.40,0.23001,0.18677,000.00007057,001.10411406,001.24283838,001.09255290,000.39
0.40,0.24654,1.49854,000.00000000,001.54218423,001.98991585,001.94828200,000.37
0.40,0.21458,0.11489,000.00249577,001.33432102,001.60457945,001.06609786,000.42
0.40,0.14149,3.00000,000.00000000,000.65294051,000.99495792,001.19053435,000.40
0.40,0.17425,0.28326,000.00000000,001.00765836,001.00595379,001.15931702,000.50
0.40,0.21458,1.72170,000.00000000,001.71630192,001.98991585,001.98886323,000.40
0.40,0.16256,0.16256,000.00001526,001.03418386,001.23046541,001.07855880,000.40
0.40,0.11489,0.30362,000.00000000,001.11767662,001.00407267,001.29920173,000.32
0.40,0.28326,0.23001,000.00000763,001.12103093,001.14091825,000.94168359,000.41
0.40,0.23001,0.86001,000.00000000,001.62924409,001.98991585,001.78624690,000.30
0.40,0.12315,0.60783,000.00000000,001.51856196,001.98991585,001.87287354,000.33
0.40,0.17425,1.21684,000.00000000,001.90285707,001.98991680,002.06018686,000.28
0.40,0.26426,2.12028,000.00000000,001.29966295,001.98991489,001.87408900,000.31
0.40,0.13200,1.39805,000.00000000,001.88420129,001.98991680,002.23624110,000.32
0.40,0.28326,0.98808,000.00000000,001.51109183,001.98991585,001.65724707,000.28
0.40,0.26426,0.60783,000.00000000,001.34949744,001.98991489,001.48033071,000.32
0.40,0.15166,0.30362,000.00000000,001.17105675,001.01964378,001.14051092,000.36
0.40,0.14149,0.15166,000.00005341,001.06857562,001.20368385,001.09028471,000.41
0.40,0.21458,0.40078,000.00000000,001.05093670,000.99496031,001.33092785,000.33
0.40,0.12315,0.17425,000.00000858,001.05094969,001.09824133,000.95177740,000.38
0.40,0.30362,0.40078,000.00000000,001.02657056,000.99495983,001.02097380,000.37
0.40,0.14149,0.60783,000.00000000,001.33075535,001.98991585,001.37390554,000.28
0.40,0.24654,0.10719,000.04175091,001.79548955,002.19420671,001.34189427,000.47
0.40,0.26426,0.15166,000.00004387,001.13868511,001.45181227,001.15335643,000.46
0.40,0.30362,1.60625,000.00000000,001.71630228,001.98991585,002.01167870,000.34
0.40,0.10000,0.32544,000.00000000,001.16163862,000.99692774,001.31043053,000.30
0.40,0.16256,3.00000,000.00000000,000.81462109,000.99495792,001.13547349,000.31
0.40,0.18677,0.15166,000.00002575,001.06867695,001.19523573,001.02575517,000.40
0.40,0.16256,0.65151,000.00000000,001.51731229,001.98991585,001.53526652,000.28
0.40,0.18677,0.56707,000.00000000,001.44268990,001.98991585,001.59378958,000.29
0.40,0.10000,1.49854,000.00000000,001.77226853,001.98991585,002.32539177,000.30
0.40,0.18677,2.61112,000.00000000,001.15041900,000.99495888,001.43693864,000.30
0.40,0.20020,1.05911,000.00000000,001.87176418,001.98991585,001.96850657,000.28
0.40,0.30362,0.10719,000.04977512,002.00482559,002.29429245,001.43750143,000.41
0.40,0.32544,0.80234,000.00000000,001.29966295,001.98991489,001.57063890,000.45
0.40,0.20020,0.26426,000.00000000,001.02108324,001.01003313,001.24704766,000.37
0.40,0.32544,0.20020,000.00008965,001.16663146,001.28983450,001.02686000,000.47
0.40,0.10719,0.18677,000.00000191,001.01100099,001.05705595,001.06816852,000.37
0.40,0.34883,0.10000,000.15502167,002.58418345,002.99490118,001.36545181,000.41
0.40,0.12315,3.00000,000.00000000,000.83949500,000.99495792,001.14847541,000.30
0.40,0.34883,0.40078,000.00000000,001.00277340,000.99495888,001.25296736,000.41
0.40,0.34883,1.60625,000.00000000,001.60436916,001.98991585,001.72302186,000.31
0.40,0.24654,0.37391,000.00000000,001.09128845,000.99497604,001.23165250,000.43
0.40,0.37391,0.80234,000.00000000,001.31210029,001.98991489,001.63336051,000.30
0.40,0.13200,0.30362,000.00000000,001.01332676,000.99515820,001.32961190,000.36
0.40,0.24654,1.60625,000.00000000,001.86554563,001.98991680,002.05953121,000.31
0.40,0.17425,1.30430,000.00000000,001.93394923,001.98991585,001.98492813,000.29
0.40,0.40078,1.60625,000.00000000,001.47999930,001.98991489,001.56151235,000.29
0.40,0.11489,0.32544,000.00000000,001.09554720,000.99505520,001.28213418,000.30
0.40,0.21458,1.84546,000.00000000,001.64789867,001.98991585,001.88041651,000.33
0.40,0.37391,0.20020,000.00010872,001.21120322,001.48557901,001.15253818,000.48
0.40,0.40078,0.40078,000.00000000,000.98347741,000.99501133,001.13694763,000.36
0.40,0.16256,0.17425,000.00000668,001.07668746,001.15287924,001.12193096,000.37
0.40,0.12315,0.65151,000.00000000,001.50489390,001.98991585,001.89858246,000.34
0.40,0.23001,0.20020,000.00000763,001.02469659,001.15912628,000.98681128,000.50
0.40,0.26426,0.65151,000.00000000,001.34010267,001.98991489,001.42861593,000.29
0.40,0.23001,0.92182,000.00000000,001.44268847,001.98991489,001.70145798,000.38
0.40,0.15166,0.32544,000.00000000,001.06080294,000.99503565,001.32558203,000.31
0.40,0.21458,0.12315,000.00857925,001.36757576,001.63113546,001.15121722,000.51
0.40,0.13200,1.49854,000.00000000,001.96504188,001.98991680,002.13651872,000.39
0.40,0.40078,0.10000,000.11400127,002.79251814,003.11691093,001.54939985,000.55
0.40,0.30362,0.42959,000.00000000,001.03852046,000.99495888,001.18436694,000.34
0.40,0.17425,0.30362,000.00000000,001.17631400,001.11658382,001.25159836,000.53
0.40,0.14149,0.65151,000.00000000,001.52975667,001.98991585,001.49256122,000.27
0.40,0.21458,0.42959,000.00000000,001.15045130,000.99497032,001.35180378,000.39
0.40,0.28326,1.05911,000.00000000,001.48621798,001.98991585,001.71756268,000.47
0.40,0.14149,0.16256,000.00006294,000.97200489,001.05117369,001.09825134,000.43
0.40,0.28326,0.24654,000.00000000,000.94171953,001.05289078,001.01331949,000.56
0.40,0.18677,0.60783,000.00000000,001.43647265,001.98991585,001.65114152,000.28
0.40,0.10000,0.34883,000.00000000,001.15070486,000.99564743,001.27901685,000.32
0.40,0.30362,1.72170,000.00000000,001.61058772,001.98991585,001.86455739,000.32
0.40,0.18677,2.79883,000.00000000,000.90167981,000.99495792,001.43141675,000.28
0.40,0.16256,0.69834,000.00000000,001.50488234,001.98991585,001.62395179,000.32
0.40,0.32544,0.86001,000.00000000,001.46134400,001.98991489,001.55925393,000.28
0.40,0.20020,1.13524,000.00000000,001.71008372,001.98991585,001.85870743,000.29
0.40,0.18677,0.16256,000.00077534,001.11946034,001.30322886,001.06874180,000.37
0.40,0.12315,0.18677,000.00000191,000.92061263,001.04239798,000.89165753,000.54
0.40,0.42959,0.80234,000.00000000,001.29344487,001.98991489,001.44243944,000.35
0.40,0.24654,0.11489,000.05552769,001.71593547,002.11695337,001.14016140,000.45
0.40,0.26426,0.16256,000.00117111,001.28545356,001.49920845,001.04459178,000.45
0.40,0.42959,0.20020,000.00117207,001.24680924,001.36287594,001.16896522,000.45
0.40,0.20020,0.28326,000.00000000,000.94359684,000.99631596,001.15146565,000.36
0.40,0.26426,2.27268,000.00000000,001.26857018,001.98991489,001.70588100,000.35
0.40,0.32544,0.21458,000.00030518,001.19054222,001.38698483,001.14623809,000.40
0.40,0.30362,0.11489,000.00369072,001.74849725,002.11736250,001.31372559,000.45
0.40,0.34883,0.10719,000.30832386,002.28935957,002.60730886,001.40658617,000.42
0.40,0.34883,1.72170,000.00000000,001.54218423,001.98991585,001.68843377,000.30
0.40,0.37391,0.86001,000.00000000,001.39915919,001.98991489,001.51376748,000.29
0.40,0.24654,1.72170,000.00000000,001.79092431,001.98991585,001.97718120,000.30
0.40,0.40078,1.72170,000.00000000,001.45512509,001.98991489,001.55543840,000.30
0.40,0.11489,0.34883,000.00000000,001.23146117,001.98991489,001.27113008,000.30
0.40,0.21458,1.97810,000.00000000,001.78470540,001.98991585,002.14410329,000.33
0.40,0.40078,0.42959,000.00000000,001.09451127,000.99496460,001.12994337,000.34
0.40,0.46047,0.10000,000.02311134,002.93016076,003.30590630,001.63669276,000.54
0.40,0.13200,0.32544,000.00000000,001.04364347,000.99501371,001.29216051,000.43
0.40,0.24654,0.40078,000.00000000,000.98432076,000.99495888,001.12344086,000.45
0.40,0.17425,1.39805,000.00000000,001.79092383,001.98991585,001.82853091,000.45
0.40,0.34883,0.42959,000.00000000,001.02633929,000.99495888,001.08741558,000.51
0.40,0.26426,0.69834,000.00000000,001.29352117,001.98991489,001.45860481,000.29
0.40,0.15166,0.34883,000.00000000,001.19464433,001.01151848,001.18948638,000.30
0.40,0.12315,0.69834,000.00000000,001.72873950,001.98991585,001.95654690,000.42
0.40,0.23001,0.98808,000.00000000,001.82201612,001.98991632,001.92816472,000.36
0.40,0.14149,0.69834,000.00000000,001.54218590,001.98991585,001.40004432,000.28
0.40,0.18677,0.65151,000.00000000,001.55468833,001.98991585,001.78970230,000.29
0.40,0.10000,0.37391,000.00000000,001.15678811,000.99498844,001.17035306,000.28
0.40,0.30362,0.46047,000.00000000,001.16955090,001.03297949,001.18544984,000.31
0.40,0.46047,1.60625,000.00000000,001.33697414,001.98991489,001.59967923,000.31
0.40,0.18677,3.00000,000.00000000,000.65915900,000.99495792,001.21424544,000.29
0.40,0.11489,0.37391,000.00000000,001.18172169,000.99502993,001.42272365,000.28
0.40,0.21458,0.46047,000.00000000,001.21268153,000.99880791,001.37758529,000.35
0.40,0.23001,0.21458,000.00006104,001.07365441,001.18121481,001.01956081,000.48
0.40,0.17425,0.32544,000.00000000,001.11095035,000.99524879,001.10605657,000.40
0.40,0.28326,1.13524,000.00000000,001.62924325,001.98991585,001.72420812,000.42
0.40,0.32544,0.92182,000.00000000,001.28722560,001.98991489,001.75597346,000.28
0.40,0.14149,0.17425,000.00003338,000.90969181,001.05688572,001.03681242,000.47
0.40,0.16256,0.18677,000.00000000,000.98841560,001.07355022,001.00091624,000.68
0.40,0.30362,1.84546,000.00000000,001.61680603,001.98991585,001.62515748,000.48
0.40,0.21458,2.12028,000.00000000,001.79714262,001.98991680,001.80444252,000.37
0.40,0.21458,0.13200,000.00061035,001.30430245,001.42483616,001.15836036,000.53
0.40,0.20020,1.21684,000.00000000,001.79714227,001.98991585,001.91615832,000.38
0.40,0.18677,0.17425,000.00040627,001.03790116,001.11735249,001.09948862,000.39
0.40,0.26426,2.43603,000.00000000,001.29966307,001.98991489,001.85547602,000.29
0.40,0.37391,0.21458,000.00004959,001.08131099,001.20968628,001.11037993,000.84
0.40,0.24654,0.12315,000.00831985,001.59139562,002.00495291,001.18936932,000.39
0.40,0.26426,0.17425,000.00189972,001.12082136,001.30632401,001.15969217,000.39
0.40,0.37391,0.92182,000.00000000,001.47378099,001.98991585,001.54970145,000.29
0.40,0.28326,0.26426,000.00000000,000.93359023,001.00601721,001.01344585,000.63
0.40,0.24654,1.84546,000.00000000,001.61058736,001.98991585,001.85098779,000.30
0.40,0.20020,0.30362,000.00000000,001.08237576,000.99784040,001.24203217,000.37
0.40,0.42959,0.86001,000.00000000,001.19394839,000.99495888,001.28498960,000.45
0.40,0.34883,1.84546,000.00000000,001.57949495,001.98991585,001.68083084,000.35
0.40,0.32544,0.23001,000.00069523,001.01739931,001.13794851,001.11995947,000.39
0.40,0.34883,0.11489,000.10505962,002.16974521,002.50128651,001.41283357,000.40
0.40,0.46047,0.40078,000.00000000,000.91708124,000.99496412,001.16671169,000.86
0.40,0.40078,0.10719,000.16372299,002.53292561,002.93967867,001.39547002,000.77
0.40,0.40078,0.46047,000.00000000,000.89595878,000.99495792,001.07225966,000.33
0.40,0.42959,0.21458,000.00004292,001.28266537,001.53499460,001.06321311,000.50
0.40,0.49356,0.20020,000.00000381,001.30222774,001.60693550,001.17287219,000.60
0.40,0.21458,0.49356,000.00000000,001.19408286,001.98991489,001.50880063,000.41
0.40,0.17425,1.49854,000.00000000,001.69764650,001.98991585,002.11553621,000.29
0.40,0.26426,0.74854,000.00000000,001.28722954,001.98991489,001.50353479,000.29
0.40,0.12315,0.74854,000.00000000,001.63546145,001.98991585,001.88438177,000.28
0.40,0.18677,0.69834,000.00000000,001.51731038,001.98991585,001.59739459,000.28
0.40,0.14149,0.74854,000.00000000,001.62924349,001.98991585,002.04864526,000.28
0.40,0.15166,0.37391,000.00000000,001.16297758,000.99497080,001.25573921,000.30
0.40,0.23001,1.05911,000.00000000,001.67899060,001.98991585,001.86765862,000.30
0.40,0.49356,0.80234,000.00000000,001.10688972,000.99495792,001.20549071,000.30
0.40,0.30362,0.49356,000.00000000,001.11943686,000.99495888,001.13846874,000.31
0.40,0.13200,0.34883,000.00000000,001.20697892,001.98991585,001.36398888,000.40
0.40,0.46047,0.10719,000.18040657,002.77643681,003.22458363,001.54203868,000.53
0.40,0.30362,0.12315,000.00205231,001.64471686,001.98761225,001.28848898,000.70
0.40,0.34883,0.46047,000.00000000,001.15286565,000.99678993,001.31512725,000.43
0.40,0.16256,0.74854,000.00000000,001.77226853,001.98991585,002.01570868,000.49
0.40,0.46047,1.72170,000.00000000,001.46756244,001.98991489,001.64318764,000.33
0.40,0.24654,0.42959,000.00000000,001.12568939,000.99495888,001.11662817,000.47
0.40,0.40078,1.84546,000.00000000,001.34941077,001.98991489,001.52321935,000.29
0.40,0.32544,0.98808,000.00000000,001.59193242,001.98991585,001.66487515,000.30
0.40,0.52904,0.40078,000.00000000,000.78709495,000.99496365,000.90579951,000.38
0.40,0.52904,0.10000,000.10692024,003.06295443,003.53513479,001.68490469,000.41
0.40,0.28326,1.21684,000.00000000,001.82201636,001.98991585,001.91098547,000.34
0.40,0.17425,0.34883,000.00000000,001.08204079,000.99496078,001.25131142,000.36
0.40,0.52904,1.60625,000.00000000,001.27478862,001.98991489,001.42910600,000.29
0.40,0.20020,1.30430,000.00000000,001.55462110,001.98991585,002.12660336,000.28
0.40,0.30362,1.97810,000.00000000,001.71008360,001.98991585,001.98477817,000.28
0.40,0.21458,2.27268,000.00000000,001.42403305,001.98991537,001.82345533,000.29
0.40,0.26426,2.61112,000.00000000,001.10067117,000.99495792,001.57392061,000.29
0.40,0.14149,0.18677,000.00000381,000.96299899,001.04594851,001.12911963,000.36
0.40,0.46047,0.42959,000.00000000,000.97645730,000.99496031,000.95729399,000.48
0.40,0.21458,0.14149,000.00037289,001.41662860,001.82224989,001.12672710,000.39
0.40,0.37391,0.23001,000.00000000,001.02432561,001.13373661,001.04312801,000.43
0.40,0.24654,1.97810,000.00000000,001.51731026,001.98991585,001.62600887,000.29
0.40,0.18677,0.18677,000.00061989,001.03814721,001.19673920,001.07695031,000.49
0.40,0.34883,1.97810,000.00000000,001.41781461,001.98991489,001.67247522,000.29
0.40,0.37391,0.98808,000.00000000,001.50487316,001.98991489,001.44730508,000.35
0.40,0.56707,0.20020,000.01921177,001.35529220,001.47960186,001.22789025,000.51
0.40,0.20020,0.32544,000.00000000,001.09698784,000.99524117,001.06984079,000.34
0.40,0.42959,0.92182,000.00000000,001.38675261,001.98991489,001.39911103,000.32
0.40,0.26426,0.18677,000.00005913,001.12094176,001.24429893,001.05678022,000.40
0.40,0.24654,0.13200,000.00051498,001.28498340,001.49459457,001.23174620,000.41
0.40,0.28326,0.28326,000.00000000,001.04658961,001.02743673,001.11187112,000.37
0.40,0.21458,0.52904,000.00000000,001.16907716,001.98991489,001.37072301,000.28
0.40,0.26426,0.80234,000.00000000,001.38672185,001.98991489,001.61182427,000.29
0.40,0.56707,0.80234,000.00000000,000.97008610,000.99495792,001.14744055,000.30
0.40,0.40078,0.49356,000.00000000,001.04475594,000.99495792,001.11079955,000.34
0.40,0.18677,0.74854,000.00000000,001.75361347,001.98991585,001.82896364,000.29
0.40,0.32544,0.24654,000.00000954,000.90133679,001.04073238,001.05317557,000.43
0.40,0.34883,0.12315,000.03560829,001.82861745,002.19023752,001.38793457,000.45
0.40,0.40078,0.11489,000.03930283,002.24235010,002.53761721,001.47773719,000.47
0.40,0.60783,1.60625,000.00000000,001.16907442,001.49243689,001.42968714,000.29
0.40,0.42959,0.23001,000.00005722,001.05377984,001.14605904,001.14566982,000.51
0.40,0.23001,1.13524,000.00000000,001.75361276,001.98991585,001.71421635,000.30
0.40,0.23001,0.23001,000.00000668,000.96067810,001.03701305,000.98526388,000.54
0.40,0.49356,0.86001,000.00000000,001.24991488,001.98991489,001.38495779,000.29
0.40,0.30362,0.52904,000.00000000,001.11315703,000.99497509,001.09890497,000.30
0.40,0.49356,0.21458,000.00033188,001.03249085,001.21590710,000.92875063,000.53
0.40,0.60783,0.10000,000.14758778,003.17259598,003.56099558,001.72374380,000.50
0.40,0.32544,1.05911,000.00000000,001.59815109,001.98991585,001.72698247,000.28
0.40,0.40078,1.97810,000.00000000,001.43025136,001.98991489,001.62443352,000.29
0.40,0.60783,0.40078,000.00000000,000.79295224,000.99496269,001.08738768,000.43
0.40,0.46047,1.84546,000.00000000,001.45512509,001.98991489,001.50872278,000.32
0.40,0.13200,0.37391,000.00000000,001.17624462,001.98991489,001.21260560,000.41
0.40,0.52904,1.72170,000.00000000,001.41159582,001.98991489,001.55069757,000.32
0.40,0.24654,0.46047,000.00000000,001.10689282,000.99495888,001.14726722,000.38
0.40,0.46047,0.11489,000.51821899,002.47065830,002.88559198,001.52906120,000.47
0.40,0.34883,0.49356,000.00000000,001.01494193,000.99495792,001.18334556,000.40
0.40,0.30362,0.13200,000.01570511,001.61842251,002.03706169,001.36380315,000.47
0.40,0.52904,0.42959,000.00000000,000.79761446,000.99495983,000.95850098,000.40
0.40,0.28326,1.30430,000.00000000,001.61680627,001.98991585,001.89919639,000.40
0.40,0.21458,2.43603,000.00000000,001.16907454,000.99495888,001.84788382,000.28
0.40,0.26426,2.79883,000.00000000,000.89546126,000.99495792,001.47361183,000.30
0.40,0.20020,1.39805,000.00000000,001.68520987,001.98991585,002.03115225,000.32
0.40,0.65151,0.80234,000.00000000,000.88324052,000.99495792,001.09597242,000.31
0.40,0.24654,2.12028,000.00000000,001.60436916,001.98991585,001.86721027,000.30
0.40,0.17425,0.37391,000.00000000,001.13867259,000.99496174,001.23487771,000.46
0.40,0.52904,0.10719,000.41991997,002.74209547,003.02113199,001.47349834,000.47
0.40,0.30362,2.12028,000.00000000,001.30588162,001.98991489,001.62728858,000.36
0.40,0.37391,1.05911,000.00000000,001.33075523,001.98991489,001.65889561,000.28
0.40,0.46047,0.46047,000.00000000,000.93940276,000.99495888,000.98330623,000.38
0.40,0.34883,2.12028,000.00000000,001.44890666,001.98991537,001.67359269,000.29
0.40,0.65151,0.20020,000.03202534,001.21603513,001.40566158,001.26461768,000.59
0.40,0.21458,0.15166,000.00124168,001.23571730,001.39941597,000.95404923,000.42
0.40,0.69834,0.10000,000.17180061,003.29239154,003.82454920,001.73300636,000.41
0.40,0.37391,0.24654,000.00000191,001.01613545,001.05551910,001.01879489,000.43
0.40,0.42959,0.98808,000.00000000,001.20016694,001.98991489,001.42164087,000.28
0.40,0.20020,0.34883,000.00000000,001.20664859,000.99518299,001.04723883,000.37
0.40,0.21458,0.56707,000.00000000,001.33096051,001.98991489,001.31857836,000.29
0.40,0.26426,0.86001,000.00000000,001.48621774,001.98991585,001.74415004,000.30
0.40,0.56707,0.21458,000.00003433,001.12287402,001.33833647,001.16676557,000.43
0.40,0.56707,0.86001,000.00000000,001.17548800,000.99495840,001.13778710,000.30
0.40,0.40078,0.52904,000.00000000,001.16290641,000.99504852,001.15215671,000.33
0.40,0.69834,1.60625,000.00000000,001.23747778,001.98991489,001.41786683,000.30
0.40,0.60783,1.72170,000.00000000,001.24991488,001.98991489,001.59316719,000.30
0.40,0.26426,0.20020,000.00000191,000.97401780,001.11591101,000.99758726,000.50
0.40,0.32544,0.26426,000.00000668,000.94191635,001.05549479,000.94811136,000.41
0.40,0.28326,0.30362,000.00000000,000.92753363,000.99573517,001.05048490,000.48
0.40,0.49356,0.92182,000.00000000,001.41781461,001.98991489,001.50333202,000.30
0.40,0.30362,0.56707,000.00000000,001.27487493,001.98991489,001.45816803,000.31
0.40,0.40078,0.12315,000.04816437,002.19328737,002.45204020,001.26954091,000.47
0.40,0.34883,0.13200,000.07614803,001.73029304,002.05954742,001.13073957,000.50
0.40,0.32544,1.13524,000.00000000,001.47999871,001.98991585,001.33454227,000.30
0.40,0.40078,2.12028,000.00000000,001.24991477,001.49243689,001.52130914,000.30
0.40,0.23001,1.21684,000.00000000,001.60436940,001.98991585,002.05086112,000.43
0.40,0.52904,1.84546,000.00000000,001.19394851,000.99495792,001.48725355,000.30
0.40,0.52904,0.46047,000.00000000,000.93223810,000.99495888,001.09626114,000.37
0.40,0.24654,0.49356,000.00000000,001.15669537,000.99495888,001.41036403,000.39
0.40,0.60783,1.84546,000.00000000,001.26235175,001.98991489,001.30926740,000.31
0.40,0.46047,1.97810,000.00000000,001.36184740,001.98991489,001.50708103,000.46
0.40,0.42959,0.24654,000.00000858,000.94637764,001.08324003,001.16383374,000.64
0.40,0.34883,0.52904,000.00000000,001.07580602,000.99495792,001.13371968,000.45
0.40,0.26426,3.00000,000.00000000,000.63428509,000.99495792,000.94650435,000.34
0.40,0.69834,0.40078,000.00000000,000.68549836,000.99496984,000.96355855,000.78
0.40,0.24654,2.27268,000.00000000,001.15663767,000.99495888,001.83983099,000.31
0.40,0.24654,0.14149,000.00003815,001.36096072,001.63307762,001.16236579,000.83
0.40,0.74854,0.80234,000.00000000,000.70268881,000.99495792,001.11416411,000.54
0.40,0.37391,1.13524,000.00000000,001.40537715,001.98991585,001.59392095,000.29
0.40,0.20020,1.49854,000.00000000,001.77848661,001.98991585,002.06054044,000.37
0.40,0.34883,2.27268,000.00000000,001.20016694,000.99495888,001.48504698,000.29
0.40,0.21458,2.61112,000.00000000,001.11310816,000.99495888,001.40988529,000.44
0.40,0.30362,2.27268,000.00000000,001.28100753,000.99495888,001.79820442,000.35
0.40,0.28326,1.39805,000.00000000,001.54218459,001.98991585,001.76587522,000.51
0.40,0.46047,0.12315,000.05944443,002.26516867,002.54902124,001.46690321,000.59
0.40,0.23001,0.24654,000.00000000,000.92760718,001.00961065,001.11537647,000.78
0.40,0.65151,0.86001,000.00000000,000.88302439,000.99495792,001.18692708,000.46
0.40,0.49356,0.23001,000.00037479,001.08727229,001.19274187,001.14961815,000.72
0.40,0.60783,0.42959,000.00000000,000.70185888,000.99495888,000.95220852,000.71
0.40,0.52904,0.11489,000.08624172,002.42496037,002.80060101,001.70022476,000.49
0.40,0.60783,0.10719,000.27287960,003.10162425,003.48210955,001.71004903,000.75
0.40,0.74854,0.20020,000.00869560,001.29433203,001.40461159,001.20299566,000.77
0.40,0.37391,0.26426,000.00000095,001.05403841,001.09117460,001.09538126,000.42
0.40,0.69834,0.10719,000.16763687,003.00449729,003.40977812,001.64118290,000.44
0.40,0.20020,0.37391,000.00000000,001.24557233,001.98991489,001.08269203,000.32
0.40,0.42959,1.05911,000.00000000,001.39294028,001.98991489,001.58409178,000.32
0.40,0.30362,0.14149,000.00164795,001.60031927,001.95304871,001.21546888,000.72
0.40,0.80234,0.10000,000.61604595,003.37007284,003.82920027,001.74107766,000.55
0.40,0.21458,0.60783,000.00000000,001.24992275,001.98991489,001.38005698,000.29
0.40,0.46047,0.49356,000.00000000,000.89883375,000.99495792,001.02541304,000.52
0.40,0.26426,0.92182,000.00000000,001.55462170,001.98991585,001.65366590,000.30
0.40,0.69834,1.72170,000.00000000,001.24991477,001.98991489,001.19725108,000.29
0.40,0.56707,0.92182,000.00000000,001.21260679,001.98991489,001.25962782,000.34
0.40,0.21458,0.16256,000.00012684,001.19603574,001.47637653,001.08072639,000.59
0.40,0.40078,0.56707,000.00000000,001.09446645,000.99495840,001.08463550,000.39
0.40,0.56707,0.23001,000.00000286,001.02321470,001.20973825,001.02290487,000.42
0.40,0.65151,0.21458,000.00002003,001.21487606,001.44410181,001.10181355,000.66
0.40,0.32544,0.28326,000.00000000,001.00187993,001.04286289,001.10012007,000.40
0.40,0.26426,0.21458,000.00012398,001.05919385,001.21633339,001.13901341,000.43
0.40,0.49356,0.98808,000.00000000,001.24369621,000.99495888,001.47344446,000.29
0.40,0.30362,0.60783,000.00000000,001.21891427,000.99499655,001.36576211,000.29
0.40,0.32544,1.21684,000.00000000,001.57949519,001.98991585,001.77592981,000.28
0.40,0.40078,2.27268,000.00000000,001.28722584,001.98991489,001.48444819,000.28
0.40,0.60783,1.97810,000.00000000,001.13798213,000.99495792,001.27043247,000.29
0.40,0.28326,0.32544,000.00000000,000.94347876,000.99512577,001.05222619,000.45
0.40,0.34883,0.14149,000.00376320,001.56300557,001.91096640,001.15951204,000.40
0.40,0.52904,0.49356,000.00000000,000.93294209,000.99495792,001.15188789,000.39
0.40,0.34883,0.56707,000.00000000,001.23148084,001.98991489,001.44121408,000.31
0.40,0.23001,1.30430,000.00000000,001.62302458,001.98991585,001.82426775,000.43
0.40,0.24654,0.52904,000.00000000,001.26867187,001.98991489,001.38264287,000.41
0.40,0.24654,2.43603,000.00000000,001.33075547,001.98991489,001.70998764,000.29
0.40,0.40078,0.13200,000.02060890,001.78716910,002.16460276,001.23813522,000.51
0.40,0.37391,1.21684,000.00000000,001.38672185,001.98991489,001.75462699,000.28
0.40,0.28326,0.10000,000.10089302,002.05186272,002.33950853,001.30509281,000.43
0.40,0.52904,1.97810,000.00000000,001.17321014,000.99495792,001.57666373,000.53
0.40,0.80234,1.60625,000.00000000,000.95142764,000.99495792,001.26147902,000.30
0.40,0.34883,2.43603,000.00000000,001.08201575,000.99495792,001.57869375,000.31
0.40,0.46047,2.12028,000.00000000,001.16285622,000.99495840,001.63002372,000.47
0.40,0.40078,2.43603,000.00000000,001.06336033,000.99495792,001.43645644,000.30
0.40,0.69834,0.42959,000.00000000,000.63823259,000.99495983,000.96576864,000.54
0.40,0.21458,2.79883,000.00000000,000.97008306,000.99495792,001.53336465,000.44
0.40,0.74854,0.86001,000.00000000,000.80218828,000.99495792,001.01031017,000.47
0.40,0.30362,2.43603,000.00000000,001.11310816,000.99495888,001.50797713,000.48
0.40,0.42959,0.26426,000.00000191,000.92248553,001.06740189,001.00349414,000.65
0.40,0.28326,1.49854,000.00000000,001.59815085,001.98991585,001.74312961,000.50
0.40,0.26426,0.98808,000.00000000,001.65411687,001.98991585,001.68494809,000.30
0.40,0.52904,0.12315,000.34630394,002.43962526,002.65706825,001.60100162,000.43
0.40,0.69834,1.84546,000.00000000,001.03848636,000.99495792,001.28175771,000.29
0.40,0.69834,0.11489,000.19090748,002.69261265,003.13091993,001.58340693,000.41
0.40,0.65151,0.92182,000.00000000,000.99496901,000.99495792,001.40534651,000.49
0.40,0.37391,0.28326,000.00000000,000.80232322,001.00053740,001.14953291,000.47
0.40,0.42959,1.13524,000.00000000,001.51731074,001.98991585,001.62789655,000.36
0.40,0.21458,0.65151,000.00000000,001.46756291,001.98991585,001.64620006,000.36
0.40,0.40078,0.60783,000.00000000,000.96386653,000.99495792,001.23109019,000.31
0.40,0.24654,0.15166,000.00022125,001.20938563,001.41000175,001.00750923,000.67
0.40,0.23001,0.26426,000.00000000,000.85394251,000.99983692,001.08264899,000.64
0.40,0.46047,0.13200,000.02502632,002.18251276,002.53703403,001.39288366,000.65
0.40,0.86001,0.20020,000.02717304,001.17875755,001.39390707,001.00039828,000.51
0.40,0.49356,0.24654,000.00001240,000.96417153,001.15837955,001.13173127,000.61
0.40,0.28326,0.34883,000.00000000,000.90887964,000.99496317,001.06570530,000.57
0.40,0.80234,0.40078,000.00000000,000.40804249,000.99495745,000.83545285,000.93
0.40,0.60783,0.11489,000.02780247,002.68722773,003.08527136,001.57267296,000.57
0.40,0.46047,0.52904,000.00000000,000.96393907,000.99495792,001.03045249,000.46
0.40,0.56707,0.98808,000.00000000,001.14420056,000.99495792,001.20632219,000.43
0.40,0.30362,0.15166,000.00355911,001.45346427,001.70816422,001.19016695,000.50
0.40,0.49356,1.05911,000.00000000,001.39294016,001.98991489,001.37843585,000.29
0.40,0.74854,0.21458,000.00003052,001.22094846,001.40360117,001.00031173,000.63
0.40,0.80234,0.10719,000.40465164,002.96844935,003.35304356,001.84876931,000.53
0.40,0.21458,0.17425,000.00000381,001.19539547,001.35126877,000.97696733,000.51
0.40,0.26426,0.23001,000.00000095,001.01269865,001.13477659,001.06176651,000.38
0.40,0.30362,0.65151,000.00000000,001.29348886,001.98991489,001.22728944,000.29
0.40,0.56707,0.24654,000.00001144,001.04919648,001.25261068,001.03946471,000.53
0.40,0.32544,0.30362,000.00000000,000.95585668,001.00030470,001.01592541,000.43
0.40,0.32544,1.30430,000.00000000,001.55462098,001.98991585,001.91786873,000.29
0.40,0.65151,0.23001,000.00056458,000.97735327,001.16965628,001.00764048,000.45
0.40,0.60783,2.12028,000.00000000,001.10688961,000.99495792,001.37069583,000.29
0.40,0.23001,1.39805,000.00000000,001.81579781,001.98991585,002.15457630,000.27
0.40,0.34883,0.15166,000.00917912,001.48987234,001.82789516,001.22687328,000.40
0.40,0.60783,0.46047,000.00000000,000.75469810,000.99495792,000.86559945,000.36
0.40,0.24654,2.61112,000.00000000,001.15663743,000.99495888,001.47736084,000.28
0.40,0.24654,0.56707,000.00000000,001.26857352,001.98991489,001.32108068,000.28
0.40,0.34883,0.60783,000.00000000,001.18774414,000.99549246,001.19677186,000.30
0.40,0.86001,0.80234,000.00000000,000.46640071,000.99495697,000.85234946,000.35
0.40,0.37391,1.30430,000.00000000,001.47999930,001.98991585,001.61691403,000.29
0.40,0.52904,0.52904,000.00000000,000.92229140,000.99495792,001.08952844,000.34
0.40,0.52904,2.12028,000.00000000,001.13798213,000.99495792,001.50543857,000.29
0.40,0.40078,0.14149,000.00116062,001.68093705,002.12088346,001.33174872,000.41
0.40,0.34883,2.61112,000.00000000,001.05092335,000.99495792,001.18140519,000.29
0.40,0.40078,2.61112,000.00000000,000.99495697,000.99495792,001.44079101,000.31
0.40,0.74854,0.92182,000.00000000,000.80842388,000.99495792,001.08078301,000.30
0.40,0.80234,1.72170,000.00000000,000.90789855,000.99495792,001.33857882,000.35
0.40,0.30362,2.61112,000.00000000,001.08201575,000.99495792,001.37520242,000.30
0.40,0.28326,1.60625,000.00000000,001.64789844,001.98991585,001.83598650,000.27
0.40,0.26426,1.05911,000.00000000,001.61680627,001.98991585,001.96901000,000.29
0.40,0.69834,1.97810,000.00000000,000.97630155,000.99495792,001.26539683,000.30
0.40,0.21458,3.00000,000.00000000,000.53478938,000.99495792,000.97321677,000.42
0.40,0.42959,1.21684,000.00000000,001.41781402,001.98991489,001.41926372,000.28
0.40,0.40078,0.65151,000.00000000,001.23126900,001.98991489,001.18953168,000.30
0.40,0.42959,0.28326,000.00000000,000.89299154,001.02971601,001.07427084,000.39
0.40,0.46047,2.27268,000.00000000,001.13798213,000.99495792,001.52503812,000.53
0.40,0.52904,0.13200,000.03963852,002.09816790,002.35234499,001.28391683,000.40
0.40,0.69834,0.46047,000.00000000,000.58943635,000.99495792,000.93949699,000.54
0.40,0.69834,0.12315,000.02178764,002.55134177,002.92797804,001.54830396,000.41
0.40,0.65151,0.98808,000.00000000,001.15041912,000.99495840,001.25376475,000.37
0.40,0.21458,0.69834,000.00000000,001.48000395,001.98991585,001.51605356,000.36
0.40,0.37391,0.30362,000.00000095,000.90140915,000.99643946,001.01069832,000.38
0.40,0.28326,0.10719,000.23697853,001.82577932,002.17976999,001.14088988,000.69
0.40,0.80234,1.84546,000.00000000,000.92655373,000.99495792,001.41016519,000.30
0.40,0.86001,0.21458,000.00891876,001.14289343,001.42820835,000.94160086,000.40
0.40,0.56707,1.05911,000.00000000,001.20086980,000.99495792,001.23683250,000.32
0.40,0.30362,0.69834,000.00000000,001.32517457,001.98991489,001.40428817,000.28
0.40,0.28326,0.37391,000.00000000,001.01998496,000.99496078,001.05783331,000.50
0.40,0.46047,0.56707,000.00000000,001.11945319,000.99495792,001.01297164,000.40
0.40,0.49356,0.26426,000.00004864,001.02612412,001.09215403,001.02534544,000.53
0.40,0.23001,0.28326,000.00000000,000.91889173,000.99681568,001.22679925,000.56
0.40,0.32544,1.39805,000.00000000,001.61680603,001.98991585,001.65112042,000.34
0.40,0.26426,0.24654,000.00000000,001.10956001,001.15187359,001.05821419,000.40
0.40,0.46047,0.14149,000.09505081,001.94204044,002.26397943,001.40295005,000.62
0.40,0.24654,0.16256,000.00102615,001.23965371,001.37293148,001.22902441,000.63
0.40,0.30362,0.16256,000.00205898,001.44282389,001.73116016,001.12479520,000.47
0.40,0.32544,0.32544,000.00000000,000.96722949,000.99549294,001.12189555,000.40
0.40,0.24654,2.79883,000.00000000,000.94520915,000.99495792,001.34223461,000.29
0.40,0.60783,2.27268,000.00000000,000.90167981,000.99495792,001.20648599,000.40
0.40,0.37391,1.39805,000.00000000,001.67899072,001.98991585,001.58292055,000.30
0.40,0.34883,0.65151,000.00000000,001.21260381,000.99495888,001.27878273,000.30
0.40,0.23001,1.49854,000.00000000,001.86554587,001.98991680,002.07323432,000.43
0.40,0.24654,0.60783,000.00000000,001.20639014,001.98991489,001.44969523,000.33
0.40,0.52904,2.27268,000.00000000,001.08823419,000.99495792,001.37520242,000.31
0.40,0.80234,0.11489,001.04107094,002.75842714,003.07591772,001.66475928,000.53
0.40,0.52904,0.56707,000.00000000,000.97655487,000.99495792,001.10793781,000.33
0.40,0.86001,0.86001,000.00000000,000.57222986,000.99495792,000.92537087,000.35
0.40,0.60783,0.49356,000.00000000,000.80590773,000.99495792,001.01899290,000.40
0.40,0.60783,0.12315,000.04971409,002.26035190,002.62767935,001.49417400,000.67
0.40,0.65151,0.24654,000.00273895,001.08948696,001.33610106,001.06025934,000.50
0.40,0.80234,0.42959,000.00000000,000.45178723,000.99495792,000.79831892,000.75
0.40,0.21458,0.18677,000.00100422,001.04433274,001.17676592,001.16024053,000.60
0.40,0.34883,0.16256,000.00507450,001.42355216,001.84708643,001.11122251,000.52
0.40,0.34883,2.79883,000.00000000,000.87058735,000.99495792,001.12878394,000.29
0.40,0.40078,2.79883,000.00000000,000.59075570,000.99495697,001.17807972,000.29
0.40,0.28326,1.72170,000.00000000,001.67899132,001.98991585,001.80400407,000.28
0.40,0.92182,0.10000,001.00361729,003.67578936,004.14931726,001.83638585,000.74
0.40,0.74854,0.23001,000.00035477,001.10025311,001.29148388,001.04678214,000.74
0.40,0.69834,2.12028,000.00000000,000.94520915,000.99495792,001.23994923,000.29
0.40,0.26426,1.13524,000.00000000,001.66655374,001.98991585,001.59782088,000.30
0.40,0.30362,2.79883,000.00000000,000.80218410,000.99495792,001.34697413,000.30
0.40,0.56707,0.26426,000.00000858,000.88483715,001.06695700,000.94331342,000.70
0.40,0.74854,0.98808,000.00000000,000.89546335,000.99495792,000.90486449,000.31
0.40,0.49356,1.13524,000.00000000,001.43025136,001.98991489,001.60246062,000.29
0.40,0.42959,1.30430,000.00000000,001.36184776,001.98991489,001.42086601,000.27
0.40,0.40078,0.15166,000.03418255,001.56751132,001.85825396,001.17547810,000.49
0.40,0.46047,2.43603,000.00000000,001.00739396,000.99495792,001.44700527,000.28
0.40,0.40078,0.69834,000.00000000,001.13376641,000.99495792,001.28221130,000.33
0.40,0.65151,1.05911,000.00000000,001.13798213,000.99495792,001.15474021,000.29
0.40,0.21458,0.74854,000.00000000,001.44268823,001.98991585,001.57944691,000.28
0.40,0.69834,0.49356,000.00000000,000.62681973,000.99495792,000.93665940,000.40
0.40,0.92182,0.40078,000.00000000,000.25510460,000.05724621,000.64451629,000.47
0.40,0.56707,1.13524,000.00000000,001.31210005,001.98991489,001.53519583,000.29
0.40,0.80234,1.97810,000.00000000,000.87058735,000.99495792,001.17724979,000.30
0.40,0.69834,0.13200,000.08138752,002.41879201,002.80911398,001.53288078,000.43
0.40,0.42959,0.30362,000.00000000,000.85346413,001.00323486,001.10983396,000.48
0.40,0.52904,0.14149,000.01174927,001.95358753,002.31868315,001.51534247,000.46
0.40,0.37391,0.32544,000.00000000,001.10839343,001.00670910,001.02354550,000.41
0.40,0.46047,0.60783,000.00000000,001.06449056,000.99495792,001.28009319,000.35
0.40,0.28326,0.40078,000.00000000,001.08210361,000.99495983,000.92211413,000.36
0.40,0.28326,0.11489,000.06799030,001.79881215,002.09964132,001.27537239,000.42
0.40,0.30362,0.74854,000.00000000,001.25136912,001.98991489,001.41917706,000.38
0.40,0.32544,1.49854,000.00000000,001.57949519,001.98991585,001.89611125,000.31
0.40,0.24654,3.00000,000.00000000,000.59075570,000.99495697,001.18344438,000.29
0.40,0.26426,0.26426,000.00000095,000.97260904,001.01940966,001.12806380,000.37
0.40,0.32544,0.34883,000.00000000,000.90226060,000.99497700,000.95529789,000.36
0.40,0.23001,0.30362,000.00000000,001.15571904,001.00489330,001.30019021,000.42
0.40,0.60783,2.43603,000.00000000,000.92655373,000.99495792,001.13053632,000.36
0.40,0.49356,0.28326,000.00000381,000.81479168,001.01338530,000.93045920,000.51
0.40,0.30362,0.17425,000.00037193,001.20979357,001.48795795,001.08443415,000.43
0.40,0.37391,1.49854,000.00000000,001.41781449,001.98991489,001.69486940,000.41
0.40,0.34883,0.69834,000.00000000,001.33698380,001.98991489,001.50062633,000.30
0.40,0.52904,2.43603,000.00000000,000.99495697,000.99495792,001.44422233,000.30
0.40,0.52904,0.60783,000.00000000,000.90174329,000.99495792,001.02548122,000.31
0.40,0.24654,0.65151,000.00000000,001.49243724,001.98991585,001.49014544,000.39
0.40,0.34883,3.00000,000.00000000,000.54100788,000.99495697,000.92032242,000.29
0.40,0.40078,3.00000,000.00000000,000.47260457,000.99495697,000.82191247,000.30
0.40,0.69834,2.27268,000.00000000,000.83949500,000.99495792,001.12672043,000.29
0.40,0.34883,0.17425,000.00100517,001.18632817,001.38588047,001.11057842,000.39
0.40,0.26426,1.21684,000.00000000,001.49865496,001.98991585,001.66663587,000.29
0.40,0.80234,0.12315,000.51481438,002.72510386,003.16500044,001.50852144,000.47
0.40,0.28326,1.84546,000.00000000,001.64168012,001.98991585,002.00221443,000.34
0.40,0.65151,0.26426,000.00001240,000.97400063,001.12406397,000.92232811,000.43
0.40,0.30362,3.00000,000.00000000,000.50991547,000.99495697,001.07656741,000.30
0.40,0.49356,1.21684,000.00000000,001.20638537,001.49243689,001.49372947,000.29
0.40,0.92182,1.60625,000.00000000,000.86436892,000.99495792,001.12732565,000.59
0.40,0.98808,0.20020,000.00168419,001.17085385,001.43121576,000.83342093,000.50
0.40,0.42959,1.39805,000.00000000,001.56705821,001.98991585,001.59347808,000.29
0.40,0.40078,0.74854,000.00000000,001.21260393,001.98991489,001.32369554,000.30
0.40,0.60783,0.52904,000.00000000,000.76693910,000.99495792,001.04403019,000.54
0.40,0.86001,0.23001,000.00005436,000.94590700,001.17330360,000.88142186,000.95
0.40,0.46047,0.15166,000.03107262,001.60636902,001.94001484,001.30880678,000.84
0.40,0.86001,0.92182,000.00000000,000.65300649,000.99495792,000.94380373,000.59
0.40,0.74854,1.05911,000.00000000,000.97008306,000.99495792,001.09946179,000.42
0.40,0.65151,1.13524,000.00000000,001.24994588,001.98991489,001.47048831,000.35
0.40,0.46047,2.61112,000.00000000,000.85815036,000.99495792,001.26354754,000.42
0.40,0.40078,0.16256,000.00404930,001.49271858,001.84538460,001.20928991,000.42
0.40,0.24654,0.17425,000.00002575,001.12874389,001.24153757,001.21487617,000.90
0.40,0.60783,0.13200,000.40017128,002.30945873,002.51113367,001.25462639,000.66
0.40,0.80234,2.12028,000.00000000,000.81368530,000.99495792,001.18572986,000.31
0.40,0.80234,0.46047,000.00000000,000.44333395,000.99495792,000.68462098,000.71
0.40,0.24654,0.69834,000.00000000,001.38050401,001.98991489,001.58974564,000.40
0.40,0.98808,0.80234,000.00000000,000.34209278,000.00000143,000.66530746,000.45
0.40,0.92182,0.10719,000.01902866,003.10647798,003.33782244,001.61306870,000.64
0.40,0.56707,1.21684,000.00000000,001.27478874,001.98991489,001.32370484,000.41
0.40,0.42959,0.32544,000.00000000,000.80516404,000.99527597,000.92677343,000.39
0.40,0.69834,0.14149,000.02718830,002.22991920,002.65174484,001.46799028,000.42
0.40,0.69834,0.52904,000.00000000,000.57395279,000.99495792,000.76485074,000.52
0.40,0.46047,0.65151,000.00000000,001.18152606,001.98991489,001.12790811,000.34
0.40,0.37391,0.34883,000.00000000,000.93566817,000.99535227,001.05753732,000.41
0.40,0.28326,0.42959,000.00000000,001.08206582,000.99495888,001.31082070,000.33
0.40,0.52904,0.15166,000.00502396,001.91553092,002.23522425,001.40399206,000.42
0.40,0.56707,0.28326,000.00020599,000.88033211,001.06480742,001.05738914,000.63
0.40,0.74854,0.24654,000.00058079,000.97553653,001.20532846,000.96312290,000.74
0.40,0.30362,0.80234,000.00000000,001.33697379,001.98991489,001.61446166,000.34
0.40,0.32544,1.60625,000.00000000,001.41159594,001.98991489,001.74543512,000.32
0.40,0.28326,0.12315,000.01533508,001.59523141,001.78480434,001.32217538,000.45
0.40,0.32544,0.37391,000.00000000,001.05779231,000.99500751,001.10652936,000.35
0.40,1.05911,0.10000,000.42956829,003.40196347,003.74133110,001.70896339,000.42
0.40,0.60783,2.61112,000.00000000,000.57831872,000.99495697,001.06927836,000.31
0.40,0.37391,1.60625,000.00000000,001.26235187,001.98991489,001.83309317,000.29
0.40,1.05911,0.40078,000.00000000,000.05533929,000.02849770,000.41907999,000.43
0.40,0.23001,0.32544,000.00000000,001.14255524,001.00801182,001.17473066,000.35
0.40,0.52904,2.61112,000.00000000,000.80218410,000.99495792,001.03913605,000.29
0.40,0.26426,0.28326,000.00000000,000.89543170,001.00026608,001.14645886,000.46
0.40,0.34883,0.74854,000.00000000,001.29966331,001.98991489,001.47639704,000.31
0.40,0.30362,0.86001,000.00000000,001.39294004,001.98991489,001.36693490,000.27
0.40,0.69834,2.43603,000.00000000,000.58453727,000.99495792,001.02648342,000.30
0.40,0.52904,0.65151,000.00000000,001.02005744,000.99495792,000.97026849,000.32
0.40,0.30362,0.18677,000.00008202,001.14700103,001.37490749,001.12992501,000.39
0.40,0.49356,0.30362,000.00000000,000.93332243,001.02385855,000.95339835,000.44
0.40,0.37391,0.10000,000.40144253,002.48377371,002.89039564,001.58205044,000.40
0.40,0.34883,0.18677,000.00237560,001.20768476,001.52702475,001.18672287,000.40
0.40,0.92182,0.42959,000.00000000,000.23228320,000.01724100,000.62915021,000.41
0.40,0.42959,0.10000,000.22804546,002.71523428,003.03020763,001.58651829,000.41
0.40,0.28326,1.97810,000.00000000,001.63546157,001.98991585,002.06553054,000.30
0.40,0.49356,1.30430,000.00000000,001.46134365,001.98991489,001.49412704,000.29
0.40,0.42959,1.49854,000.00000000,001.48621762,001.98991585,001.56066501,000.28
0.40,0.40078,0.80234,000.00000000,001.28100753,001.98991489,001.38973033,000.29
0.40,0.80234,0.13200,000.09047318,002.44822741,002.69751596,001.35888743,000.50
0.40,0.92182,1.72170,000.00000000,000.83327645,000.99495792,000.99035847,000.35
0.40,0.65151,0.28326,000.00004673,000.80995524,001.03280067,001.02952206,000.45
0.40,0.86001,0.98808,000.00000000,000.71512729,000.99495792,000.85807407,000.32
0.40,0.74854,1.13524,000.00000000,000.93899071,000.99495792,001.08809233,000.34
0.40,0.60783,0.56707,000.00000000,000.77897739,000.99495792,001.06513703,000.39
0.40,0.98808,0.21458,000.00014782,000.92601901,001.09901667,000.86892086,000.41
0.40,0.65151,1.21684,000.00000000,001.24991477,001.49243689,001.33746016,000.34
0.40,0.86001,0.24654,000.00067902,000.81716883,001.09183168,000.97461361,000.41
0.40,0.32544,0.10000,000.13066673,002.58874226,002.98293447,001.47526002,000.48
0.40,0.80234,2.27268,000.00000000,000.58453721,000.99495697,001.11666000,000.29
0.40,0.24654,0.74854,000.00000000,001.43647003,001.98991585,001.53796554,000.28
0.40,0.46047,0.16256,000.03898048,001.56322110,001.91208839,001.12684226,000.43
0.40,0.40078,0.17425,000.00278664,001.29786754,001.46413040,001.05649257,000.41
0.40,0.30362,0.20020,000.00065804,000.97008437,001.10035038,001.20593762,000.42
0.40,0.80234,0.49356,000.00000000,000.39535123,000.99495697,000.71671921,000.38
0.40,0.60783,0.14149,000.00946045,002.25071931,002.51468658,001.38784003,000.41
0.40,0.49356,0.32544,000.00000000,000.89782840,000.99811077,001.01507723,000.41
0.40,0.98808,0.86001,000.00000000,000.41691989,000.99495697,000.74509144,000.34
0.40,0.42959,0.10719,000.04276752,002.46437073,002.73979568,001.55419791,000.44
0.40,0.56707,1.30430,000.00000000,001.31209958,001.98991489,001.47361207,000.28
0.40,0.92182,0.11489,000.96774197,002.98624897,003.30276489,001.45679402,000.41
0.40,0.46047,0.69834,000.00000000,001.19394839,001.98991489,001.23370779,000.30
0.40,0.42959,0.34883,000.00000000,000.93709695,000.99541759,001.07457709,000.37
0.40,0.28326,0.46047,000.00000000,001.13799143,000.99495888,001.10658252,000.31
0.40,0.69834,0.56707,000.00000000,000.71722901,000.99495792,000.91457993,000.35
0.40,0.26426,1.30430,000.00000000,001.64168000,001.98991585,001.66766822,000.31
0.40,0.32544,1.72170,000.00000000,001.61058772,001.98991585,001.67803085,000.31
0.40,0.69834,0.15166,000.02831364,002.01950431,002.30755663,001.22693324,000.44
0.40,0.37391,0.37391,000.00000000,000.93524063,000.99496794,001.11324227,000.40
0.40,0.56707,0.30362,000.00000095,000.68808115,000.99701881,001.19781435,000.39
0.40,0.60783,2.79883,000.00000000,000.53494012,000.99495697,000.78576851,000.32
0.40,0.52904,0.16256,000.01302910,001.54724240,001.90901279,001.27447891,000.44
0.40,0.32544,0.40078,000.00000000,000.94735700,000.99495888,001.25637531,000.37
0.40,0.28326,0.13200,000.00353146,001.45709431,001.81761742,001.19048190,000.39
0.40,0.74854,0.26426,000.00026226,000.91252738,001.14921999,000.91962922,000.43
0.40,0.52904,2.79883,000.00000000,000.55966330,000.99495792,000.95246053,000.30
0.40,0.23001,0.34883,000.00000000,000.95458585,000.99496794,001.10956931,000.33
0.40,0.80234,0.52904,000.00000000,000.39037043,000.99495697,000.71953648,000.36
0.40,1.05911,0.10719,000.01740932,003.09071088,003.61353159,001.56706715,000.41
0.40,0.34883,0.80234,000.00000000,001.31831837,001.98991489,001.36436319,000.28
0.40,0.26426,0.30362,000.00000000,001.03105342,001.00219393,001.03382254,000.36
0.40,0.30362,0.92182,000.00000000,001.50487316,001.98991585,001.50748312,000.28
0.40,1.05911,0.42959,000.00000000,000.06596465,000.02582502,000.41937304,000.43
0.40,0.69834,2.61112,000.00000000,000.57831872,000.99495745,001.01650131,000.30
0.40,0.46047,2.79883,000.00000000,000.65915900,000.99495792,001.06788886,000.29
0.40,0.52904,0.69834,000.00000000,001.00740230,000.99495792,001.13520575,000.31
0.40,0.28326,2.12028,000.00000000,001.49865484,001.98991585,001.66321635,000.29
0.40,0.49356,1.39805,000.00000000,001.42403269,001.98991489,001.66392291,000.29
0.40,0.42959,1.60625,000.00000000,001.38050342,001.98991489,001.64017165,000.28
0.40,0.24654,0.18677,000.00082207,001.18152404,001.27596188,001.05482399,000.38
0.40,0.40078,0.86001,000.00000000,001.38672137,001.98991489,001.40652013,000.29
0.40,0.92182,1.84546,000.00000000,000.94520915,000.99495792,001.00485814,000.32
0.40,0.86001,1.05911,000.00000000,000.72756231,000.99495792,001.10932219,000.32
0.40,0.34883,0.20020,000.00198364,001.11440241,001.24173498,001.07783091,000.44
0.40,0.37391,0.10719,000.01240826,002.47884154,002.65392828,001.53597307,000.48
0.40,0.74854,1.21684,000.00000000,001.03227067,000.99495792,001.15329051,000.34
0.40,0.65151,1.30430,000.00000000,001.28100705,001.98991489,001.15427959,000.31
0.40,0.60783,0.60783,000.00000000,000.93910825,000.99495792,000.97724128,000.34
0.40,0.92182,0.46047,000.00000000,000.28766519,000.04941893,000.59068620,000.51
0.40,0.80234,2.43603,000.00000000,000.50377619,000.99495697,000.91008216,000.35
0.40,0.80234,0.14149,000.01595783,002.17991233,002.42145061,001.40629721,000.50
0.40,0.37391,1.72170,000.00000000,001.58571362,001.98991585,001.63703084,000.30
0.40,0.86001,0.26426,000.00052261,000.75954312,001.02181292,001.00713050,000.45
0.40,1.05911,1.60625,000.00000000,000.52859491,000.99495697,000.78402579,000.41
0.40,0.56707,1.39805,000.00000000,001.34319270,001.98991489,001.66485167,000.29
0.40,0.98808,0.23001,000.00274277,000.80256474,001.02856588,000.84156191,000.52
0.40,0.65151,0.30362,000.00000763,000.84360915,001.02242661,001.04267383,000.58
0.40,0.32544,0.10719,000.08965206,002.36115193,002.57217264,001.41037714,000.51
0.40,0.98808,0.92182,000.00000000,000.42907524,000.99495697,000.71938360,000.40
0.40,0.46047,0.17425,000.00793648,001.38203561,001.69771576,001.16582072,000.44
0.40,0.32544,1.84546,000.00000000,001.43025148,001.98991489,001.79764795,000.29
0.40,0.40078,0.18677,000.00343132,001.29594123,001.53415823,001.12560654,000.43
0.40,0.60783,0.15166,000.11598873,001.86692238,002.16214037,001.17304373,000.42
0.40,0.92182,0.12315,000.14094353,002.57514524,002.83096790,001.34673405,000.41
0.40,0.42959,0.11489,000.35342216,002.48016953,002.80975819,001.36719751,000.45
0.40,0.28326,0.49356,000.00000000,001.15670323,001.98991489,001.32470167,000.33
0.40,0.30362,0.21458,000.00007629,000.93266737,001.07297707,001.09175730,000.47
0.40,0.26426,1.39805,000.00000000,001.66033530,001.98991585,001.92666960,000.35
0.40,0.37391,0.40078,000.00000000,001.08826232,000.99496794,001.15172195,000.37
0.40,0.49356,0.34883,000.00000000,000.78088170,000.99508762,001.12302887,000.53
0.40,0.42959,0.37391,000.00000000,000.90554905,000.99497890,000.99937147,000.43
0.40,0.69834,0.60783,000.00000000,000.59739667,000.99495792,000.79750222,000.44
0.40,0.69834,0.16256,000.01336288,001.66800654,002.06400299,001.20153475,000.45
0.40,1.13524,0.20020,000.04022503,001.12314773,001.28390789,000.81945139,000.53
0.40,0.60783,3.00000,000.00000000,000.26739469,000.00000000,000.60355109,000.35
0.40,1.13524,0.80234,000.00000000,000.20801660,000.00000000,000.55339575,000.36
0.40,0.56707,0.32544,000.00000000,000.88261110,000.99956894,000.84168339,000.41
0.40,0.34883,0.86001,000.00000000,001.38672185,001.98991489,001.47736204,000.28
0.40,0.52904,3.00000,000.00000000,000.30061454,000.00000000,000.62827283,000.31
0.40,0.32544,0.42959,000.00000000,001.01371276,000.99495888,001.11596358,000.35
0.40,0.52904,0.17425,000.00177288,001.49646521,001.83846331,001.11131334,000.40
0.40,0.69834,2.79883,000.00000000,000.40420732,000.99495697,000.64480156,000.31
0.40,0.30362,0.98808,000.00000000,001.41781509,001.98991585,001.59998870,000.40
0.40,0.52904,0.74854,000.00000000,001.00739408,000.99495792,001.24203265,000.31
0.40,1.05911,0.11489,000.70211983,002.89193892,003.18639517,001.52242792,000.45
0.40,0.28326,2.27268,000.00000000,001.25613332,001.98991489,001.67599392,000.29
0.40,0.28326,0.14149,000.00515652,001.52048767,001.85451555,001.23683381,000.47
0.40,0.26426,0.32544,000.00000000,001.10311282,000.99604464,001.14286029,000.48
0.40,0.80234,0.56707,000.00000000,000.43627080,000.99495697,000.72105038,000.49
0.40,1.05911,0.46047,000.00000000,000.03807811,000.00590277,000.41342688,000.45
0.40,0.23001,0.37391,000.00000000,001.06638432,000.99495983,001.15093505,000.50
0.40,0.49356,1.49854,000.00000000,001.34941077,001.98991489,001.64366817,000.33
0.40,0.42959,1.72170,000.00000000,001.54840291,001.98991585,001.52750349,000.30
0.40,0.40078,0.92182,000.00000000,001.39915872,001.98991489,001.37055147,000.31
0.40,0.74854,0.28326,000.00001812,000.83619910,001.05919361,000.95144725,000.58
0.40,0.46047,0.74854,000.00000000,001.21998715,001.98991489,001.21710253,000.32
0.40,0.46047,3.00000,000.00000000,000.43529367,000.99495697,000.85728204,000.48
0.40,0.86001,1.13524,000.00000000,000.85815161,000.99495792,001.11110413,000.33
0.40,0.65151,1.39805,000.00000000,001.11932659,000.99495792,001.35442102,000.28
0.40,0.92182,1.97810,000.00000000,000.70268834,000.99495792,000.96336311,000.34
0.40,0.37391,1.84546,000.00000000,001.39294028,001.98991489,001.64646709,000.29
0.40,0.74854,1.30430,000.00000000,000.98873854,000.99495792,001.12864137,000.31
0.40,0.34883,0.21458,000.00009155,001.16594291,001.21935177,001.12422228,000.40
0.40,0.60783,0.65151,000.00000000,000.87884885,000.99495792,001.18999565,000.36
0.40,0.37391,0.11489,000.15116405,002.19892049,002.56293392,001.31917632,000.41
0.40,0.80234,0.15166,000.04543686,001.78256822,002.08992910,001.31360757,000.45
0.40,0.86001,0.28326,000.00000000,000.65103275,001.00576162,000.86313361,000.41
0.40,0.80234,2.61112,000.00000000,000.47260922,000.99495697,000.64432347,000.49
0.40,0.56707,1.49854,000.00000000,001.34941065,001.98991489,001.46633041,000.30
0.40,0.69834,3.00000,000.00000000,000.16789898,000.00000000,000.60258597,000.40
0.40,0.98808,0.98808,000.00000000,000.51613712,000.99495792,000.78972441,000.33
0.40,0.32544,1.97810,000.00000000,001.42403305,001.98991537,001.72707415,000.30
0.40,0.92182,0.49356,000.00000000,000.19527535,000.00261497,000.58442104,000.62
0.40,0.65151,0.32544,000.00000000,000.69267929,000.99756050,001.01800001,000.41
0.40,0.26426,1.49854,000.00000000,001.75983143,001.98991585,001.93533969,000.31
0.40,0.46047,0.18677,000.00005913,001.26934814,001.59183931,001.21826744,000.44
0.40,0.60783,0.16256,000.00520897,001.67474687,002.02441692,001.14975727,000.42
0.40,0.42959,0.12315,000.06673527,002.28439665,002.68421745,001.55184662,000.42
0.40,0.28326,0.52904,000.00000000,001.15694809,000.99495888,001.36812413,000.40
0.40,0.60783,0.69834,000.00000000,000.98265922,000.99495792,001.16145480,000.37
0.40,0.69834,0.65151,000.00000000,000.71020079,000.99495792,000.91592860,000.34
0.40,0.98808,0.24654,000.00201130,000.62439269,000.80331039,000.79001236,000.52
0.40,0.37391,0.42959,000.00000000,001.00755763,000.99495888,001.06491172,000.41
0.40,0.40078,0.20020,000.00209141,001.21806383,001.33575964,001.12044704,000.49
0.40,0.32544,0.11489,000.10562515,001.96985471,002.23633432,001.21122396,000.56
0.40,0.92182,0.13200,000.10047817,002.31205511,002.57609749,001.40635765,000.48
0.40,0.42959,0.40078,000.00000000,000.96519881,000.99496078,001.04900122,000.39
0.40,0.30362,0.23001,000.00002861,000.99743444,001.11747694,000.98113215,000.46
0.40,0.49356,0.37391,000.00000000,000.80475903,000.99497318,000.92571843,000.43
0.40,0.69834,0.17425,000.00346470,001.58157396,001.92323875,001.12747836,000.43
0.40,0.65151,0.10000,000.56943321,003.36410952,003.83997679,001.56444263,000.44
0.40,0.34883,0.92182,000.00000000,001.36184788,001.98991489,001.63790679,000.28
0.40,1.13524,0.21458,000.01921368,000.90792048,001.11002970,000.77901846,000.46
0.40,1.13524,0.86001,000.00000000,000.11815691,000.00000000,000.52589500,000.41
0.40,1.05911,1.72170,000.00000000,000.53478938,000.99495697,000.82105130,000.29
0.40,0.52904,0.80234,000.00000000,001.07580483,000.99495792,001.22139180,000.30
0.40,0.28326,2.43603,000.00000000,001.07579732,000.99495792,001.37663269,000.29
0.40,0.32544,0.46047,000.00000000,001.02416265,000.99495792,001.18389714,000.41
0.40,0.30362,1.05911,000.00000000,001.62924325,001.98991585,001.82517123,000.37
0.40,0.49356,1.60625,000.00000000,001.23125970,000.99495792,001.68118382,000.30
0.40,0.52904,0.18677,000.00010777,001.42127955,001.68319035,001.10342836,000.44
0.40,0.56707,0.34883,000.00000000,000.72814333,000.99521732,001.01240718,000.53
0.40,1.21684,0.10000,000.87699604,003.30562735,003.65436554,001.64496219,000.53
0.40,1.05911,0.12315,000.09947014,002.58577871,002.87312365,001.46486044,000.45
0.40,0.26426,0.34883,000.00000000,001.09638429,000.99515772,001.16864812,000.44
0.40,0.42959,1.84546,000.00000000,001.47378063,001.98991489,001.66817951,000.31
0.40,0.56707,0.10000,001.05486202,003.18561649,003.59795332,001.63048351,000.57
0.40,0.40078,0.98808,000.00000000,001.33697391,001.98991489,001.41898322,000.31
0.40,0.86001,1.21684,000.00000000,000.87681830,000.99495792,001.01343489,000.30
0.40,1.05911,0.49356,000.00000000,000.01386547,000.00205469,000.43490988,000.47
0.40,0.37391,1.97810,000.00000000,001.43025124,001.98991585,001.58381927,000.31
0.40,0.32544,0.12315,000.00555706,001.72703338,002.11398363,001.28959644,000.49
0.40,0.46047,0.80234,000.00000000,001.23760724,001.98991489,001.38939691,000.33
0.40,1.21684,1.60625,000.00000000,000.49747849,000.99495697,000.73788512,000.37
0.40,0.80234,0.60783,000.00000000,000.49088249,000.99495697,000.70158827,000.51
0.40,0.65151,1.49854,000.00000000,001.21882224,001.49243689,001.15987277,000.40
0.40,1.21684,0.40078,000.00000000,000.11525659,000.08630466,000.39846069,000.54
0.40,0.92182,2.12028,000.00000000,000.54722637,000.99495792,000.99035752,000.41
0.40,0.74854,1.39805,000.00000000,001.19394839,000.99495792,001.16588449,000.30
0.40,0.74854,0.30362,000.00000286,000.65770686,001.00672102,000.80710006,000.43
0.40,0.49356,0.10000,000.21166515,002.93372869,003.20705533,001.68163276,000.48
0.40,0.34883,0.23001,000.00002384,001.04376912,001.16525078,001.11547387,000.40
0.40,0.32544,2.12028,000.00000000,001.33697391,001.98991489,001.58719134,000.31
0.40,0.37391,0.12315,000.04275036,002.04289269,002.38036060,001.25787771,000.42
0.40,0.98808,1.05911,000.00000000,000.57210040,000.99495697,000.77569717,000.33
0.40,0.56707,1.60625,000.00000000,001.34319210,001.98991489,001.47880900,000.42
0.40,0.80234,2.79883,000.00000000,000.19899145,000.00000000,000.62212688,000.58
0.40,0.92182,0.52904,000.00000000,000.13851118,000.00086927,000.56322050,000.53
0.40,0.80234,0.16256,000.04301834,001.65292072,001.94740009,001.15345335,000.64
0.40,0.46047,0.20020,000.00274181,001.23546124,001.33711338,001.17137969,000.48
0.40,0.69834,0.69834,000.00000000,000.75430340,000.99495792,000.93712574,000.42
0.40,0.74854,0.10000,000.14146996,003.36571455,003.89245844,001.90227735,000.60
0.40,1.30430,0.20020,000.12106514,001.11334419,001.27431679,000.73984212,000.53
0.40,0.60783,0.17425,000.00150776,001.55694342,001.96965837,001.27683735,000.47
0.40,0.42959,0.13200,000.07213306,002.02579021,002.28382635,001.39605904,000.43
0.40,0.60783,0.74854,000.00000000,001.00120378,000.99495792,001.16995776,000.44
0.40,0.37391,0.46047,000.00000000,001.00759375,000.99495888,001.00125194,000.44
0.40,0.28326,0.56707,000.00000000,001.22508538,001.98991489,001.57769418,000.46
0.40,0.86001,0.30362,000.00000572,000.54246795,000.77035379,000.81737918,000.70
0.40,0.28326,0.15166,000.00336170,001.23125255,001.35212564,000.99376249,000.48
0.40,1.30430,0.80234,000.00000000,000.00000000,000.00000000,000.34372994,000.63
0.40,1.05911,1.84546,000.00000000,000.50369698,000.99495697,000.90698200,000.38
0.40,0.65151,0.10719,000.69167900,003.04240870,003.34095478,001.62584150,000.41
0.40,0.69834,0.18677,000.00963783,001.45588946,001.80438805,001.15510857,000.41
0.40,0.65151,0.34883,000.00000286,000.76589620,000.99606514,000.95722842,000.68
0.40,1.13524,0.92182,000.00000000,000.24876213,000.00000000,000.64442599,000.42
0.40,0.52904,0.86001,000.00000000,001.10689008,000.99495792,001.18547261,000.42
0.40,0.34883,0.98808,000.00000000,001.51731014,001.98991585,001.53829670,000.43
0.40,0.42959,0.42959,000.00000000,001.01180482,000.99495983,000.99441040,000.46
0.40,0.30362,1.13524,000.00000000,001.48621774,001.98991585,001.74187934,000.29
0.40,0.49356,1.72170,000.00000000,001.34941101,001.98991489,001.61342788,000.30
0.40,0.30362,0.24654,000.00002861,000.99255961,001.04928541,000.89657217,000.48
0.40,0.92182,0.14149,000.11616135,002.02946138,002.28442383,001.23256922,000.54
0.40,0.32544,0.49356,000.00000000,001.16907680,000.99495888,001.26026654,000.32
0.40,0.98808,0.26426,000.00210285,000.60136592,000.85561419,000.76407892,000.64
0.40,0.28326,2.61112,000.00000000,001.07579732,000.99495792,001.43645644,000.34
0.40,0.49356,0.40078,000.00000000,000.74779791,000.99495888,001.00881338,000.50
0.40,0.40078,0.21458,000.00029278,001.11985826,001.32572079,001.17744088,000.66
0.40,1.13524,0.23001,000.00098991,000.82324696,001.04133892,000.70458376,000.52
0.40,0.56707,0.37391,000.00000000,000.90076923,000.99516678,001.00018477,000.41
0.40,0.52904,0.20020,000.00012302,001.15208793,001.37672281,001.07612526,000.53
0.40,0.42959,1.97810,000.00000000,001.29966307,001.98991489,001.51664948,000.32
0.40,0.86001,1.30430,000.00000000,000.91411674,000.99495792,000.98232847,000.30
0.40,0.26426,0.37391,000.00000000,000.99510831,000.99496078,001.21818042,000.35
0.40,0.46047,0.86001,000.00000000,001.19394851,001.98991489,001.28484452,000.29
0.40,0.40078,1.05911,000.00000000,001.35563147,001.98991489,001.53332508,000.33
0.40,0.37391,2.12028,000.00000000,001.29344463,001.98991489,001.58662879,000.30
0.40,1.21684,1.72170,000.00000000,000.38559690,000.99495697,000.65836620,000.33
0.40,1.05911,0.13200,000.07499695,002.30261397,002.42351770,001.48553240,000.49
0.40,0.32544,2.27268,000.00000000,001.36184776,001.98991489,001.53158927,000.35
0.40,1.21684,0.10719,000.45004368,003.02120161,003.29876280,001.67767322,000.60
0.40,1.05911,0.52904,000.00000000,000.05881233,000.00011206,000.46808484,000.43
0.40,0.92182,2.27268,000.00000000,000.51613390,000.99495697,000.78265649,000.41
0.40,0.34883,0.24654,000.00000477,001.02166879,001.09559917,001.00551534,000.44
0.40,0.98808,0.28326,000.00003052,000.48615399,000.55875063,000.76930302,000.45
0.40,0.65151,1.60625,000.00000000,001.26235187,001.98991489,001.46417713,000.47
0.40,0.56707,0.10719,000.12959862,002.96652269,003.34654808,001.69107664,000.60
0.40,1.21684,0.42959,000.00000000,000.03343971,000.02231503,000.28970361,000.55
0.40,0.32544,0.13200,000.08706570,001.71585917,002.00219107,001.19269311,000.59
0.40,0.98808,1.13524,000.00000000,000.53479898,000.99495697,000.82453245,000.35
0.40,0.69834,0.74854,000.00000000,000.70928091,000.99495792,000.94428813,000.35
0.40,0.92182,0.15166,000.04205608,001.98951745,002.36799955,001.20914209,000.66
0.40,0.37391,0.49356,000.00000000,000.96390533,000.99495792,001.11448228,000.33
0.40,0.49356,0.10719,000.53080559,002.46866393,002.72249126,001.56346846,000.65
0.40,0.28326,2.79883,000.00000000,000.72756231,000.99495792,001.26589572,000.51
0.40,0.56707,1.72170,000.00000000,001.26857030,001.98991489,001.64784026,000.41
0.40,0.74854,0.10719,000.12900257,003.00441694,003.39452553,001.65829492,000.42
0.40,0.74854,0.32544,000.00000095,000.59502238,000.99639893,000.75790423,000.70
0.40,0.92182,0.56707,000.00000000,000.22413638,000.00089931,000.59421515,000.43
0.40,0.46047,0.92182,000.00000000,001.38050342,001.98991585,001.47186494,000.46
0.40,1.30430,0.21458,000.00417614,000.91539037,001.11180210,000.70033115,000.46
0.40,0.60783,0.80234,000.00000000,000.96404326,000.99495792,001.07207453,000.43
0.40,0.60783,0.18677,000.00100613,001.38698280,001.62677860,001.17463613,000.46
0.40,0.42959,0.14149,000.02447319,001.77632213,002.13695335,001.33147788,000.47
0.40,0.86001,0.32544,000.00000095,000.47999018,000.81970501,000.69187003,000.41
0.40,1.05911,1.97810,000.00000000,000.41042233,000.99495697,000.71676475,000.40
0.40,0.28326,0.16256,000.00026417,001.19750810,001.35806465,001.05534899,000.42
0.40,0.52904,0.92182,000.00000000,001.21882224,001.98991489,001.10094273,000.29
0.40,0.28326,0.60783,000.00000000,001.31831837,001.98991585,001.35343528,000.52
0.40,0.80234,3.00000,000.00000000,000.01959750,000.00000000,000.45253178,000.61
0.40,1.13524,0.98808,000.00000000,000.19310364,000.00000000,000.63192791,000.33
0.40,0.69834,0.20020,000.00694180,001.48041737,001.91403389,001.14476955,000.47
0.40,0.92182,2.43603,000.00000000,000.33580008,000.00000000,000.86961609,000.51
0.40,0.80234,0.17425,000.01742458,001.43029249,001.63340902,001.04344523,000.69
0.40,1.30430,0.86001,000.00000000,000.00000005,000.00000000,000.36925805,000.60
0.40,0.34883,1.05911,000.00000000,001.43647027,001.98991489,001.88106799,000.33
0.40,0.74854,1.49854,000.00000000,001.03226781,000.99495792,001.23467016,000.30
0.40,0.65151,0.37391,000.00000000,000.67773414,000.99499893,000.88216138,000.61
0.40,0.80234,0.65151,000.00000000,000.49239001,000.99495792,000.70938039,000.39
0.40,0.42959,0.46047,000.00000000,001.16927075,000.99497080,001.29485583,000.40
0.40,0.86001,1.39805,000.00000000,000.88302433,000.99495792,001.15688097,000.28
0.40,0.30362,1.21684,000.00000000,001.59815073,001.98991585,001.82530606,000.41
0.40,0.49356,1.84546,000.00000000,001.29966283,001.98991489,001.51611888,000.45
0.40,0.32544,0.52904,000.00000000,001.13801432,000.99495888,001.32075381,000.45
0.40,0.42959,2.12028,000.00000000,001.23747778,001.98991489,001.59868753,000.34
0.40,0.30362,0.26426,000.00000000,000.99294645,001.03088570,001.05829394,000.46
0.40,0.56707,0.40078,000.00000000,000.81041610,000.99496555,000.90422118,000.40
0.40,1.13524,0.24654,000.00933266,000.57932556,000.67849731,000.59724635,000.43
0.40,0.49356,0.42959,000.00000000,000.96487492,000.99495935,000.94814593,000.46
0.40,1.21684,1.84546,000.00000000,000.41041985,000.99495697,000.75190061,000.37
0.40,0.32544,2.43603,000.00000000,001.13798213,000.99495888,001.64483440,000.35
0.40,0.40078,0.23001,000.00054741,001.09278798,001.19836664,001.00916672,000.50
0.40,0.52904,0.21458,000.00007915,001.15125906,001.29193354,001.17763579,000.49
0.40,0.37391,0.13200,000.04320812,001.96493506,002.35440397,001.39020109,000.52
0.40,1.39805,0.10000,000.52612209,003.16291690,003.64847136,001.60328841,000.49
0.40,1.39805,0.40078,000.00001812,000.11337986,000.08671188,000.36135799,000.44
0.40,0.40078,1.13524,000.00000000,001.47999978,001.98991489,001.78180683,000.51
0.40,0.46047,0.21458,000.00045967,001.11195827,001.31908226,001.21297240,000.51
0.40,1.21684,0.11489,000.32135963,002.68030214,003.02466631,001.42441821,000.46
0.40,0.37391,2.27268,000.00000000,001.24991477,001.98991489,001.34388351,000.51
0.40,0.65151,0.11489,000.37688541,002.71700501,003.06293440,001.52647960,000.47
0.40,0.65151,1.72170,000.00000000,001.13798213,000.99495792,001.18260908,000.31
0.40,0.37391,0.52904,000.00000000,001.08823609,000.99495888,001.17731404,000.31
0.40,0.69834,0.80234,000.00000000,001.02617741,000.99495792,001.26662052,000.34
0.40,0.56707,1.84546,000.00000000,001.13176358,000.99495792,001.34329414,000.29
0.40,0.28326,3.00000,000.00000000,000.60941112,000.99495792,001.00228071,000.29
0.40,0.69834,0.21458,000.00011158,001.16288555,001.33487463,001.10657728,000.50
0.40,0.32544,2.61112,000.00000000,001.04470479,000.99495792,001.44881642,000.29
0.40,0.56707,0.11489,000.09866810,002.48630738,002.89396954,001.59507382,000.41
0.40,0.98808,0.30362,000.00003433,000.36606076,000.38390112,000.69189149,000.42
0.40,0.32544,0.14149,000.00610447,001.60591960,001.92418098,001.12241602,000.43
0.40,0.98808,1.21684,000.00000000,000.65915900,000.99495792,000.77346385,000.44
0.40,0.74854,0.11489,000.05978680,002.90425920,003.34262896,001.66138315,000.40
0.40,1.05911,0.14149,000.04689598,002.07628918,002.31893492,001.21652567,000.79
0.40,1.21684,0.46047,000.00000000,000.03425533,000.01544762,000.37589353,000.53
0.40,0.46047,0.98808,000.00000000,001.25613320,001.98991489,001.35853648,000.35
0.40,0.37391,0.14149,000.01080132,001.71361518,001.99402571,001.28051066,000.49
0.40,0.92182,0.16256,000.01802731,001.76599979,002.11012173,001.29020512,000.60
0.40,1.39805,0.10719,000.02833176,003.05158138,003.40265942,001.42001200,000.47
0.40,0.49356,0.11489,000.40320873,002.70886230,003.08268261,001.54676962,000.59
0.40,0.92182,2.61112,000.00000000,000.22813365,000.00000000,000.60988081,000.67
0.40,0.60783,0.86001,000.00000000,001.05098271,000.99495792,001.20210016,000.42
0.40,1.30430,0.23001,000.00030518,000.71448833,000.94864941,000.62238693,000.45
0.40,0.52904,0.98808,000.00000000,001.20016694,001.98991489,001.33917010,000.29
0.40,0.42959,0.15166,000.00803280,001.67601931,002.06529856,001.16753423,000.45
0.40,1.05911,2.12028,000.00000000,000.46045280,000.99495697,000.75410181,000.37
0.40,0.28326,0.65151,000.00000000,001.15044999,000.99495888,001.49113429,000.35
0.40,0.86001,0.34883,000.00000000,000.35794255,000.22266054,000.80431205,000.41
0.40,1.13524,1.05911,000.00000000,000.37946966,000.99495697,000.68593252,000.35
0.40,0.28326,0.17425,000.00073147,001.17801917,001.37514400,001.01582932,000.41
0.40,0.74854,0.34883,000.00000191,000.56368411,000.99546099,000.79017085,000.61
0.40,0.34883,0.26426,000.00000858,000.93939906,001.06043768,000.94804031,000.39
0.40,0.60783,0.20020,000.00319099,001.26928997,001.65326881,001.20087397,000.63
0.40,0.30362,1.30430,000.00000000,001.56083965,001.98991585,001.74840212,000.29
0.40,0.86001,1.49854,000.00000000,000.93295062,000.99495792,001.18792117,000.30
0.40,0.49356,1.97810,000.00000000,001.31831825,001.98991489,001.50214720,000.30
0.40,0.74854,1.60625,000.00000000,001.21882224,001.98991489,001.24572504,000.33
0.40,0.32544,0.56707,000.00000000,001.10688984,000.99495792,001.24453580,000.31
0.40,0.34883,1.13524,000.00000000,001.43025136,001.98991489,001.76618350,000.40
0.40,1.39805,0.42959,000.00000000,000.07616728,000.06859112,000.34437451,000.85
0.40,1.05911,0.56707,000.00000000,000.04544602,000.00005722,000.42553976,000.61
0.40,0.80234,0.69834,000.00000000,000.45538840,000.99495697,000.84996963,000.40
0.40,0.42959,2.27268,000.00000000,001.19394839,001.98991489,001.47629642,000.40
0.40,0.86001,0.10000,000.09754372,003.49148178,003.91615152,001.70506585,000.69
0.40,1.30430,0.92182,000.00000000,000.00273639,000.00000000,000.39808151,000.54
0.40,0.56707,0.42959,000.00000000,000.88574713,000.99496078,000.97931880,000.41
0.40,1.21684,1.97810,000.00000000,000.30470556,000.00000000,000.70178020,000.35
0.40,0.42959,0.49356,000.00000000,001.13803720,001.49560833,001.05295110,000.48
0.40,0.40078,1.21684,000.00000000,001.29344440,001.98991489,001.43163252,000.29
0.40,0.42959,0.16256,000.03149414,001.28672373,001.51441526,001.19161582,000.42
0.40,0.65151,0.40078,000.00000000,000.67976499,000.99496984,000.92877662,000.52
0.40,0.80234,0.18677,000.02054787,001.33043170,001.52505922,000.99941057,000.68
0.40,0.92182,0.60783,000.00000000,000.22810197,000.00036335,000.58084702,000.40
0.40,1.13524,0.26426,000.00034142,000.47426564,000.58873177,000.55048889,000.53
0.40,0.30362,0.28326,000.00000858,000.99006063,001.01932716,001.26627934,000.53
0.40,0.52904,0.23001,000.00055599,001.16057026,001.32004881,000.98228341,000.42
0.40,0.37391,2.43603,000.00000000,001.03848636,000.99495792,001.48057306,000.31
0.40,0.49356,0.46047,000.00000000,000.94107902,000.99495888,001.02676606,000.49
0.40,0.65151,1.84546,000.00000000,001.08823419,000.99495792,001.38238215,000.29
0.40,0.46047,0.23001,000.00042057,001.10153556,001.31935978,001.11283910,000.43
0.40,0.37391,0.56707,000.00000000,001.03849661,000.99495792,001.14180982,000.33
0.40,1.21684,0.12315,000.15044308,002.57025385,002.94308186,001.37921846,000.43
0.40,0.40078,0.24654,000.00001335,000.98083162,001.05972528,001.09843516,000.54
0.40,0.56707,1.97810,000.00000000,001.22504079,000.99495792,001.24666786,000.29
0.40,0.69834,0.86001,000.00000000,000.98401630,000.99495792,000.95705664,000.36
0.40,0.32544,2.79883,000.00000000,000.74621773,000.99495792,001.24841452,000.30
0.40,0.65151,0.12315,000.03486156,002.39808321,002.83802462,001.65026748,000.53
0.40,0.46047,1.05911,000.00000000,001.33075500,001.98991489,001.35237384,000.29
0.40,1.49854,0.20020,000.01451111,001.02068079,001.15765333,000.60456347,000.42
0.40,0.98808,1.30430,000.00000000,000.60401899,000.99495792,000.93471992,000.37
0.40,0.69834,0.23001,000.00277710,001.09941316,001.29257441,000.99108708,000.43
0.40,0.56707,0.12315,000.07593727,002.32045221,002.59266853,001.44448841,000.43
0.40,1.39805,1.60625,000.00000000,000.17413263,000.00000000,000.63923562,000.46
0.40,0.32544,0.15166,000.01269627,001.40930331,001.84899426,001.24637318,000.41
0.40,0.74854,0.12315,000.22488403,002.51472402,002.94281673,001.46282101,000.42
0.40,0.98808,0.32544,000.00002193,000.42331600,000.44322157,000.71425909,000.44
0.40,0.52904,1.05911,000.00000000,001.23125923,001.98991489,001.35050678,000.29
0.40,1.05911,0.15166,000.09884739,001.96205044,002.22998953,001.25975537,000.43
0.40,1.21684,0.49356,000.00000000,000.01051525,000.00176716,000.37011898,000.45
0.40,0.60783,0.92182,000.00000000,001.08201575,000.99495792,001.12527108,000.39
0.40,0.37391,0.15166,000.00042820,001.36092496,001.55213690,001.17383838,000.44
0.40,0.92182,2.79883,000.00000000,000.11815114,000.00000000,000.47920924,000.48
0.40,0.49356,0.12315,000.16794872,002.21036100,002.55182362,001.32531822,000.49
0.40,1.05911,2.27268,000.00000000,000.32336131,000.00000000,000.63613123,000.36
0.40,0.30362,1.39805,000.00000000,001.52974725,001.98991585,001.60740316,000.29
0.40,1.13524,1.13524,000.00000000,000.38556030,000.99495697,000.69956231,000.32
0.40,1.39805,0.11489,000.06501102,002.64055371,003.01068258,001.39533639,000.58
0.40,0.49356,2.12028,000.00000000,001.17529297,000.99495888,001.45167518,000.29
0.40,0.32544,0.60783,000.00000000,001.12022984,000.99497366,001.18031073,000.29
0.40,0.28326,0.69834,000.00000000,001.27478886,001.98991489,001.50761795,000.45
0.40,0.34883,0.28326,000.00000000,000.95419538,001.02596855,001.00607646,000.38
0.40,0.28326,0.18677,000.00166225,001.23599041,001.36009645,001.11144960,000.41
0.40,1.30430,0.24654,000.00418854,000.63206112,000.77035618,000.53361905,000.67
0.40,0.92182,0.17425,000.01245499,001.56271672,001.91166258,000.89625454,000.72
0.40,1.21684,2.12028,000.00000000,000.27983624,000.00000000,000.60447013,000.32
0.40,1.05911,0.60783,000.00000000,000.00504215,000.00000286,000.39919978,000.39
0.40,0.74854,1.72170,000.00000000,001.08201575,000.99495792,001.27319539,000.46
0.40,0.80234,0.74854,000.00000000,000.54855877,000.99495697,000.81607693,000.38
0.40,0.86001,1.60625,000.00000000,000.88302433,000.99495792,001.22161210,000.48
0.40,0.56707,0.46047,000.00000000,000.90445071,000.99495792,000.97174299,000.41
0.40,0.40078,1.30430,000.00000000,001.56705880,001.98991585,001.65706778,000.29
0.40,0.34883,1.21684,000.00000000,001.46134377,001.98991585,001.54958010,000.47
0.40,0.74854,0.37391,000.00000000,000.51472652,000.99502134,000.93874884,000.60
0.40,0.60783,0.21458,000.00090885,001.20178926,001.41393137,001.20017815,000.62
0.40,0.37391,2.61112,000.00000000,000.89546126,000.99495792,001.31755769,000.29
0.40,0.37391,0.60783,000.00000000,001.16914237,000.99495888,001.26610947,000.31
0.40,0.42959,2.43603,000.00000000,000.97008306,000.99495792,001.50152886,000.55
0.40,0.42959,0.17425,000.00005913,001.43760180,001.79521322,001.16137207,000.42
0.40,0.65151,1.97810,000.00000000,001.07579732,000.99495792,001.23033321,000.36
0.40,0.92182,0.65151,000.00000000,000.25525236,000.00002050,000.60102791,000.40
0.40,0.52904,0.24654,000.00029659,001.12432456,001.24091148,001.04024446,000.41
0.40,0.69834,0.92182,000.00000000,000.96407861,000.99495792,000.98992139,000.30
0.40,0.32544,3.00000,000.00000000,000.54722631,000.99495792,000.92052376,000.32
0.40,0.86001,0.37391,000.00000000,000.34582347,000.26810932,000.79236007,000.86
0.40,1.13524,0.28326,000.00053215,000.38658851,000.43242645,000.56681103,000.45
0.40,1.21684,0.13200,000.20003128,002.26705980,002.56127501,001.31869936,000.44
0.40,1.30430,0.98808,000.00000000,000.16794614,000.00000000,000.55784196,000.77
0.40,0.86001,0.10719,000.04015160,003.06005383,003.41336823,001.48769367,000.78
0.40,0.56707,2.12028,000.00000000,001.17529297,000.99495840,001.43473327,000.49
0.40,0.46047,0.24654,000.00002289,001.00884819,001.15923834,000.89589870,000.58
0.40,0.42959,0.52904,000.00000000,001.03851926,000.99495792,001.11939192,000.79
0.40,0.65151,0.13200,000.11437511,002.31292677,002.57218790,001.43284237,000.46
0.40,0.49356,0.49356,000.00000000,000.91427070,000.99495792,001.08620095,000.60
0.40,1.39805,0.46047,000.00000000,000.05985187,000.03373146,000.34951144,000.88
0.40,0.98808,1.39805,000.00000000,000.70269054,000.99495792,000.95015669,000.46
0.40,0.46047,1.13524,000.00000000,001.50487304,001.98991585,001.58492124,000.48
0.40,0.52904,1.13524,000.00000000,001.15041900,000.99495792,001.59934604,000.33
0.40,0.60783,0.98808,000.00000000,001.06957877,000.99495792,001.24221396,000.30
0.40,0.65151,0.42959,000.00000000,000.64043009,000.99495888,000.89706242,000.75
0.40,1.39805,1.72170,000.00000000,000.24873924,000.00000000,000.64411521,000.44
0.40,0.69834,0.24654,000.00020981,000.93860340,001.16558552,001.02185249,000.55
0.40,0.30362,0.30362,000.00000000,000.96222878,000.99758959,001.05899560,000.79
0.40,0.30362,1.49854,000.00000000,001.44268835,001.98991585,001.90409017,000.34
0.40,0.92182,3.00000,000.00000000,000.00000000,000.00000000,000.38673764,000.34
0.40,0.80234,0.20020,000.00579929,001.29585445,001.47270250,001.07498825,000.80
0.40,1.05911,2.43603,000.00000000,000.17432857,000.00000000,000.66130352,000.36
0.40,1.13524,1.21684,000.00000000,000.42285997,000.99495697,000.65920854,000.31
0.40,0.40078,0.26426,000.00000572,001.02816510,001.11439180,001.08881116,000.71
0.40,0.56707,0.13200,000.01839352,002.15417790,002.53121042,001.41784894,000.54
0.40,0.49356,2.27268,000.00000000,001.01361251,000.99495792,001.51713884,000.35
0.40,1.21684,0.52904,000.00000000,000.00741931,000.00084734,000.31262678,000.42
0.40,0.49356,0.13200,000.00041485,002.05247927,002.32572079,001.38003743,000.42
0.40,0.74854,0.13200,000.37621403,002.41617966,002.72891521,001.41243255,000.53
0.40,1.05911,0.16256,000.02481174,001.78763890,002.12063169,000.91997308,000.47
0.40,1.49854,0.21458,000.00087166,000.85929215,001.04908180,000.62329835,000.64
0.40,0.37391,0.16256,000.00710583,001.44193351,001.70583725,001.14385974,000.45
0.40,0.32544,0.16256,000.00116634,001.25545323,001.49317265,001.17243576,000.55
0.40,0.32544,0.65151,000.00000000,001.16907537,000.99495888,001.27459538,000.33
0.40,0.28326,0.74854,000.00000000,001.41788340,001.98991489,001.49053228,000.28
0.40,1.39805,0.12315,000.01109409,002.36306739,002.68903732,001.39780140,000.45
0.40,0.98808,0.34883,000.00000191,000.29015011,000.24038267,000.62160635,000.58
0.40,0.74854,1.84546,000.00000000,001.03226781,000.99495792,001.08167005,000.30
0.40,1.21684,2.27268,000.00000000,000.20229121,000.00000000,000.57995093,000.33
0.40,0.86001,1.72170,000.00000000,000.93899071,000.99495792,001.01324642,000.30
0.40,0.34883,1.30430,000.00000000,001.64789844,001.98991585,001.66283071,000.29
0.40,1.49854,0.80234,000.00000000,000.00000000,000.00000000,000.28470218,000.39
0.40,0.40078,1.39805,000.00000000,001.49243641,001.98991489,001.73359704,000.31
0.40,0.34883,0.30362,000.00000572,000.87246752,000.99633884,000.99491435,000.39
0.40,1.05911,0.65151,000.00000000,000.11415684,000.00000000,000.46423680,000.38
0.40,0.37391,2.79883,000.00000000,000.72756231,000.99495792,001.08963728,000.31
0.40,1.30430,0.26426,000.00012779,000.45519966,000.60232258,000.54114199,000.44
0.40,0.80234,0.80234,000.00000000,000.68488204,000.99495792,000.85238910,000.50
0.40,0.56707,0.49356,000.00000000,000.87067509,000.99495792,001.10501885,000.48
0.40,0.92182,0.18677,000.01124001,001.37764966,001.63774776,000.96981621,000.58
0.40,0.42959,2.61112,000.00000000,000.95764607,000.99495792,001.47572684,000.48
0.40,0.37391,0.65151,000.00000000,001.18152165,000.99495888,001.17487299,000.48
0.40,1.60625,0.10000,000.56589222,002.89525604,003.20266151,001.45728600,000.62
0.40,0.74854,0.40078,000.00000000,000.51842517,000.99496317,000.78388739,000.56
0.40,0.37391,0.17425,000.00027180,001.43466151,001.71048450,001.25130332,000.56
0.40,0.65151,2.12028,000.00000000,001.03226781,000.99495792,001.18561852,000.42
0.40,0.69834,0.98808,000.00000000,001.06968772,000.99495792,001.13995421,000.34
0.40,0.92182,0.69834,000.00000000,000.32992393,000.00017548,000.71387434,000.42
0.40,0.46047,1.21684,000.00000000,001.43646991,001.98991585,001.50392699,000.30
0.40,0.56707,2.27268,000.00000000,001.03848636,000.99495792,001.25805116,000.36
0.40,0.52904,0.26426,000.00001240,000.99782991,001.12849855,001.11702597,000.41
0.40,0.42959,0.56707,000.00000000,001.03232312,000.99495792,001.18952680,000.38
0.40,0.86001,0.40078,000.00000000,000.35802984,000.16828966,000.76280665,000.42
0.40,0.98808,1.49854,000.00000000,000.68403292,000.99495697,000.93566996,000.39
0.40,0.52904,1.21684,000.00000000,001.29966295,001.98991489,001.37028992,000.35
0.40,0.37391,3.00000,000.00000000,000.50991738,000.99495697,001.16013801,000.37
0.40,1.21684,0.14149,000.01496029,002.13480926,002.40145731,001.22766292,000.44
0.40,1.60625,0.40078,000.00000000,000.14880772,000.16582060,000.29689133,000.45
0.40,1.13524,0.30362,000.00013638,000.34158230,000.40809393,000.48875806,000.47
0.40,0.65151,0.14149,000.02024174,001.95762181,002.32868242,001.48419893,000.47
0.40,0.60783,1.05911,000.00000000,001.17529321,000.99495792,001.38394785,000.31
0.40,0.60783,0.23001,000.00056839,001.03096449,001.23991013,001.07400239,000.78
0.40,1.30430,1.05911,000.00000000,000.22406812,000.00000000,000.54663229,000.49
0.40,1.30430,0.28326,000.00065041,000.38227615,000.42492104,000.46919003,000.47
0.40,0.46047,0.26426,000.00008202,000.89632481,001.03502607,001.08811438,000.53
0.40,0.42959,0.18677,000.00210190,001.38641310,001.71796656,001.12624156,000.80
0.40,0.86001,0.11489,000.31482601,002.84010291,003.27892351,001.64712465,000.58
0.40,0.49356,0.52904,000.00000000,000.98317212,000.99495792,000.97979808,000.59
0.40,1.39805,0.49356,000.00000000,000.01308081,000.00415754,000.24479914,000.62
0.40,1.13524,1.30430,000.00000000,000.46638614,000.99495697,000.78790349,000.31
0.40,1.60625,1.60625,000.00000000,000.04974787,000.00000000,000.49225271,000.32
0.40,0.49356,2.43603,000.00000000,000.93277216,000.99495792,001.32933879,000.29
0.40,1.05911,2.61112,000.00000000,000.04974952,000.00000000,000.60184598,000.33
0.40,0.65151,0.46047,000.00000000,000.79273498,000.99495888,000.90100914,000.46
0.40,1.39805,1.84546,000.00000000,000.14308202,000.00000000,000.53204107,000.41
0.40,0.30362,0.32544,000.00000000,000.96222794,000.99612236,001.02916455,000.42
0.40,0.69834,0.26426,000.00004005,000.86425686,001.06896591,000.93599838,000.44
0.40,0.40078,0.28326,000.00000000,000.98006964,001.04135370,000.87139803,000.40
0.40,0.32544,0.69834,000.00000000,001.41159558,001.98991489,001.36529624,000.29
0.40,0.98808,0.10000,000.69249153,003.21443248,003.62425327,001.67546105,000.44
0.40,0.56707,0.14149,000.03103065,002.08760548,002.33302355,001.51672494,000.42
0.40,0.49356,0.14149,000.03396034,001.96667218,002.26173830,001.34567559,000.42
0.40,0.80234,0.21458,000.00123501,000.99467981,001.21167898,001.07415402,000.47
0.40,1.21684,0.56707,000.00000000,000.00059929,000.00001049,000.31419110,000.44
0.40,1.05911,0.17425,000.11175823,001.60207391,001.88418436,001.03122365,000.41
0.40,0.32544,0.17425,000.00103760,001.18900645,001.33409882,001.10549259,000.40
0.40,0.74854,0.14149,000.01497936,002.23356581,002.62329483,001.48939276,000.51
0.40,1.49854,0.23001,000.01009750,000.72551781,001.00369167,000.62129825,000.42
0.40,1.39805,0.13200,000.10848331,002.20982385,002.50182056,001.16815162,000.43
0.40,1.72170,0.20020,000.00055599,001.14666724,001.31036758,000.64839327,000.45
0.40,0.74854,1.97810,000.00000000,000.87058735,000.99495792,001.21494853,000.36
0.40,0.40078,1.49854,000.00000000,001.34319234,001.98991489,001.64920068,000.30
0.40,0.34883,1.39805,000.00000000,001.65411735,001.98991585,001.80314589,000.31
0.40,1.21684,2.43603,000.00000000,000.07462211,000.00000000,000.48904955,000.40
0.40,0.86001,1.84546,000.00000000,000.77110320,000.99495792,000.90423751,000.36
0.40,0.42959,2.79883,000.00000000,000.72134382,000.99495792,001.27257359,000.30
0.40,0.37391,0.69834,000.00000000,001.37431836,001.98991489,001.58723819,000.30
0.40,0.98808,0.37391,000.00000000,000.14206412,000.07546186,000.47836050,000.49
0.40,1.49854,0.86001,000.00000000,000.00000000,000.00000000,000.32080817,000.40
0.40,0.34883,0.32544,000.00000000,000.95703208,000.99570942,001.09543037,000.37
0.40,1.05911,0.69834,000.00000000,000.15941909,000.00000000,000.51196641,000.38
0.40,0.80234,0.86001,000.00000000,000.72775328,000.99495792,000.97146183,000.43
0.40,0.46047,1.30430,000.00000000,001.36806965,001.98991489,001.43715298,000.28
0.40,0.56707,2.43603,000.00000000,000.86436892,000.99495792,001.24904835,000.30
0.40,0.69834,1.05911,000.00000000,001.10070097,000.99495792,001.20957875,000.37
0.40,0.42959,0.60783,000.00000000,001.06337440,000.99495888,001.12665474,000.31
0.40,0.37391,0.18677,000.00051594,001.47230041,001.75623798,001.17934656,000.42
0.40,0.65151,2.27268,000.00000000,000.94520915,000.99495792,001.22984946,000.41
0.40,0.52904,1.30430,000.00000000,001.34941077,001.98991489,001.41437161,000.30
0.40,0.56707,0.52904,000.00000000,000.82773244,000.99495792,000.99175036,000.54
0.40,1.72170,0.80234,000.00000000,000.00000000,000.00000000,000.15533622,000.70
0.40,1.60625,0.10719,000.73126125,002.74657059,003.03934860,001.33981776,000.48
0.40,0.86001,0.42959,000.00000000,000.33673808,000.07237673,000.71052933,000.41
0.40,0.74854,0.42959,000.00000000,000.52552432,000.99495888,000.70221275,000.51
0.40,0.52904,0.28326,000.00001526,000.90525675,001.02968788,001.03061163,000.47
0.40,0.92182,0.20020,000.01692200,001.17835689,001.37983322,000.95150030,000.63
0.40,0.98808,1.60625,000.00000000,000.60319269,000.99495792,000.86210316,000.41
0.40,0.60783,1.13524,000.00000000,001.10067117,000.99495792,001.27878213,000.32
0.40,0.92182,0.74854,000.00000000,000.36133659,000.01083755,000.68310547,000.55
0.40,1.84546,0.10000,000.40197182,002.75918055,003.01378274,001.39487684,000.43
0.40,1.21684,0.15166,000.01994133,001.76684928,002.13240910,001.13990903,000.43
0.40,1.60625,0.42959,000.00000000,000.11903401,000.12626791,000.31361523,000.42
0.40,0.65151,0.15166,000.00026131,001.92344153,002.34514618,001.39976013,000.42
0.40,1.30430,1.13524,000.00000000,000.24878731,000.00000000,000.66711342,000.40
0.40,1.30430,0.30362,000.00008678,000.34430218,000.48289108,000.46870440,000.43
0.40,1.13524,0.32544,000.00003147,000.23325202,000.22337818,000.48787621,000.49
0.40,0.60783,0.24654,000.00033855,001.00266314,001.22013092,001.07430363,000.48
0.40,0.49356,0.56707,000.00000000,001.02774346,000.99495792,001.11673474,000.35
0.40,1.13524,1.39805,000.00000000,000.49125999,000.99495697,000.90698200,000.30
0.40,1.60625,1.72170,000.00000000,000.07462211,000.00000000,000.55744278,000.33
0.40,0.49356,2.61112,000.00000000,000.71512538,000.99495792,001.18327880,000.29
0.40,0.46047,0.28326,000.00000668,000.94571161,001.04221296,000.99934244,000.52
0.40,1.84546,0.40078,000.00000000,000.15623638,000.17267418,000.29267764,000.55
0.40,0.32544,0.74854,000.00000000,001.43690360,001.98991489,001.43788481,000.29
0.40,1.39805,1.97810,000.00000000,000.09949571,000.00000000,000.56379956,000.43
0.40,1.39805,0.52904,000.00000000,000.00407979,000.00097561,000.26073802,000.55
0.40,0.86001,0.12315,000.37200356,002.62494707,002.88687754,001.48102629,000.60
0.40,1.05911,2.79883,000.00000000,000.00000000,000.00000000,000.37357253,000.49
0.40,1.84546,1.60625,000.00000000,000.00000000,000.00000000,000.42667103,000.41
0.40,0.74854,2.12028,000.00000000,000.85193193,000.99495792,001.19890273,000.35
0.40,0.37391,0.74854,000.00000000,001.28722620,001.98991489,001.37304175,000.32
0.40,0.56707,0.15166,000.03957844,001.78002477,002.09136248,001.34084654,000.47
0.40,1.21684,2.61112,000.00000000,000.02487667,000.00000000,000.45571536,000.34
0.40,1.05911,0.18677,000.02324772,001.35821748,001.57049322,000.89635229,000.41
0.40,0.74854,0.15166,000.10158920,002.06897831,002.24784994,001.26804137,000.41
0.40,0.98808,0.10719,000.36594582,003.25362444,003.79063940,001.66878426,000.51
0.40,1.39805,0.14149,000.10465240,002.00650764,002.24220276,001.13536644,000.42
0.40,1.21684,0.60783,000.00000000,000.00015325,000.00000000,000.35053000,000.45
0.40,0.86001,1.97810,000.00000000,000.70269382,000.99495792,000.99534267,000.40
0.40,0.34883,1.49854,000.00000000,001.50487351,001.98991489,001.78027844,000.43
0.40,1.97810,0.20020,000.00424194,001.06588030,001.18497181,000.55341673,000.46
0.40,0.34883,0.34883,000.00000000,001.00863397,000.99513388,001.09467375,000.37
0.40,0.65151,0.49356,000.00000000,000.68569118,000.99495792,000.84479713,000.76
0.40,0.49356,0.15166,000.14119816,001.80932868,002.19301414,001.21823096,000.58
0.40,1.05911,0.74854,000.00000000,000.13199937,000.00000000,000.63117176,000.36
0.40,0.30362,0.34883,000.00000000,000.95293915,000.99503183,001.12562311,000.77
0.40,0.42959,3.00000,000.00000000,000.47260457,000.99495697,000.74040860,000.56
0.40,0.32544,0.18677,000.00004578,001.13453698,001.29193735,001.15657043,000.63
0.40,0.69834,0.28326,000.00000095,000.91013288,001.09116983,001.19550657,000.83
0.40,0.40078,0.30362,000.00000000,000.92208612,001.00154638,001.01198447,000.76
0.40,0.52904,1.39805,000.00000000,001.30588102,001.98991489,001.29756200,000.29
0.40,0.80234,0.23001,000.00201988,001.01764655,001.26493263,001.08445466,000.70
0.40,0.80234,0.92182,000.00000000,000.72759175,000.99495792,000.94656754,000.35
0.40,1.72170,0.21458,000.01384830,000.87924939,001.05680895,000.52342594,000.71
0.40,1.49854,0.92182,000.00000000,000.00000000,000.00000000,000.33458894,000.58
0.40,0.46047,1.39805,000.00000000,001.28722572,001.98991489,001.53055465,000.37
0.40,1.97810,0.80234,000.00000000,000.00000000,000.00000000,000.16987196,000.39
0.40,0.56707,2.61112,000.00000000,000.64672202,000.99495792,000.98450589,000.39
0.40,0.42959,0.65151,000.00000000,001.11311185,000.99495792,001.21933711,000.40
0.40,0.46047,0.30362,000.00000000,000.96589166,001.01832294,001.04793978,000.62
0.40,1.49854,0.24654,000.00441170,000.61346394,000.79763889,000.50466144,000.78
0.40,1.72170,0.86001,000.00000000,000.00000000,000.00000000,000.22676930,000.41
0.40,0.65151,2.43603,000.00000000,000.75865471,000.99495792,000.99195659,000.43
0.40,0.60783,1.21684,000.00000000,001.15041900,000.99495792,001.34874547,000.30
0.40,1.60625,0.11489,000.14992809,002.40071726,002.77621889,001.33297527,000.45
0.40,0.98808,1.72170,000.00000000,000.61563104,000.99495792,001.03148460,000.32
0.40,0.69834,1.13524,000.00000000,001.16285598,000.99495792,001.23085511,000.49
0.40,0.86001,0.46047,000.00000000,000.19988529,000.00789404,000.54597241,000.46
0.40,0.56707,0.56707,000.00000000,000.79197633,000.99495792,000.94246846,000.50
0.40,0.52904,0.30362,000.00000000,000.85110903,001.01867867,000.90036684,000.45
0.40,0.92182,0.21458,000.00132942,001.06996191,001.25742912,000.88469940,000.43
0.40,1.21684,0.16256,000.11196423,001.68243158,002.03281069,001.06658757,000.47
0.40,1.84546,0.10719,000.08921242,002.53713489,002.95932055,001.26987505,000.48
0.40,0.74854,0.46047,000.00000000,000.43236518,000.99495792,000.74525195,000.56
0.40,0.92182,0.80234,000.00000000,000.38594526,000.99495697,000.69945776,000.52
0.40,1.60625,0.46047,000.00000000,000.06724111,000.04828358,000.28466222,000.51
0.40,1.30430,1.21684,000.00000000,000.14924359,000.00000000,000.59373379,000.31
0.40,0.65151,0.16256,000.00232601,001.81194341,002.20936775,001.20102835,000.43
0.40,1.13524,1.49854,000.00000000,000.43529367,000.99495697,000.83230734,000.33
0.40,1.60625,1.84546,000.00000000,000.07462639,000.00000000,000.51305282,000.33
0.40,0.49356,2.79883,000.00000000,000.57831872,000.99495792,000.99416113,000.36
0.40,0.49356,0.60783,000.00000000,001.07616746,000.99495792,001.00076866,000.39
0.40,1.39805,2.12028,000.00000000,000.06840329,000.00000000,000.57155949,000.33
0.40,0.60783,0.26426,000.00003338,000.88932198,001.02801132,001.03815675,000.45
0.40,0.74854,2.27268,000.00000000,000.71512532,000.99495792,001.06599855,000.30
0.40,1.49854,0.26426,000.00631142,000.51721865,000.61584711,000.46179974,000.51
0.40,1.30430,0.32544,000.00090313,000.30283397,000.37270784,000.43802920,000.52
0.40,1.05911,3.00000,000.00000000,000.00000000,000.00000000,000.28471524,000.37
0.40,1.39805,0.56707,000.00000000,000.00088694,000.00005770,000.26035041,000.42
0.40,1.84546,1.72170,000.00000000,000.00000000,000.00000000,000.42341134,000.42
0.40,0.86001,0.13200,000.15167046,002.47941160,002.79466391,001.26757658,000.42
0.40,0.98808,0.40078,000.00000000,000.19663505,000.09969473,000.49531844,000.48
0.40,2.12028,0.10000,000.19115925,002.50977254,002.84210396,001.30442607,000.58
0.40,1.84546,0.42959,000.00000095,000.11782034,000.12143803,000.29566109,000.49
0.40,2.12028,1.60625,000.00000000,000.00000000,000.00000000,000.35527387,000.38
0.40,1.21684,2.79883,000.00000000,000.00000000,000.00000000,000.31741115,000.36
0.40,2.12028,0.40078,000.00000191,000.14628956,000.17546368,000.28373635,000.54
0.40,0.56707,0.16256,000.02771854,001.65682054,001.94563007,001.32358956,000.42
0.40,1.05911,0.20020,000.00654507,001.05865741,001.25783396,000.82077372,000.43
0.40,0.74854,0.16256,000.01844883,001.72901940,002.10261297,001.27062583,000.42
0.40,0.86001,2.12028,000.00000000,000.69025141,000.99495792,001.01015115,000.30
0.40,0.98808,0.11489,000.10610771,002.89600015,003.29347229,001.56360888,000.42
0.40,0.34883,0.37391,000.00000000,000.96528083,000.99497223,001.04288375,000.35
0.40,1.39805,0.15166,000.13248730,001.92640972,002.14907694,000.94469661,000.43
0.40,0.65151,0.52904,000.00000000,000.67067540,000.99495792,001.06939054,000.36
0.40,1.21684,0.65151,000.00000000,000.00005215,000.00000000,000.36966720,000.40
0.40,0.52904,1.49854,000.00000000,001.26235223,001.98991489,001.66897261,000.30
0.40,0.30362,0.37391,000.00000000,000.94627893,000.99496651,001.22669053,000.37
0.40,1.97810,0.21458,000.00062847,000.91329879,001.09239769,000.56905317,000.45
0.40,2.27268,0.80234,000.00000000,000.00000000,000.00000000,000.12093954,000.38
0.40,0.98808,0.42959,000.00000000,000.03764310,000.00636339,000.42763042,000.41
0.40,0.69834,0.30362,000.00000000,000.67914754,001.01392555,000.85166079,000.41
0.40,2.43603,0.10000,000.77000999,002.33721399,002.57118511,001.16131306,000.48
0.40,0.40078,0.32544,000.00000000,000.85721713,000.99538803,000.98023331,000.45
0.40,2.27268,0.20020,000.00738239,000.94834912,001.06258965,000.50771463,000.58
0.40,0.80234,0.98808,000.00000000,000.82088292,000.99495792,000.91460443,000.43
0.40,1.72170,0.23001,000.00140953,000.84832442,001.03357077,000.49839354,000.43
0.40,0.46047,1.49854,000.00000000,001.34941077,001.98991489,001.47003818,000.33
0.40,0.49356,0.16256,000.00088406,001.56189466,001.99459791,001.12951720,000.56
0.40,1.49854,0.98808,000.00000000,000.00000000,000.00000000,000.34522060,000.42
0.40,0.56707,2.79883,000.00000000,000.55344480,000.99495745,000.78815478,000.30
0.40,0.42959,0.69834,000.00000000,001.11932683,000.99495792,001.20529759,000.30
0.40,0.60783,1.30430,000.00000000,001.11932659,000.99495792,001.41326010,000.29
0.40,1.97810,0.86001,000.00000000,000.00000000,000.00000000,000.26206261,000.39
0.40,0.80234,0.24654,000.00296879,000.89692706,001.09376526,001.00841534,000.54
0.40,0.65151,2.61112,000.00000000,000.57831872,000.99495697,001.03355956,000.33
0.40,0.69834,1.21684,000.00000000,001.14420056,000.99495792,001.09372938,000.30
0.40,0.46047,0.32544,000.00000000,000.87738353,000.99784231,000.97006625,000.38
0.40,0.98808,1.84546,000.00000000,000.57262033,000.99495697,001.04808450,000.32
0.40,1.72170,0.92182,000.00000000,000.00000000,000.00000000,000.23626453,000.39
0.40,2.27268,0.86001,000.00000000,000.00000000,000.00000000,000.16972038,000.39
0.40,1.60625,0.12315,000.37406063,002.30129242,002.54068708,001.17645347,000.48
0.40,0.86001,0.49356,000.00000000,000.40684199,000.99495697,000.68580675,000.47
0.40,0.98808,0.46047,000.00000000,000.11248837,000.00864267,000.48278090,000.40
0.40,1.13524,0.34883,000.00000286,000.21410234,000.23501110,000.44437978,000.56
0.40,0.92182,0.23001,000.00115108,000.86174744,001.12881994,000.82583237,000.41
0.40,0.52904,0.32544,000.00000000,000.89170283,001.00416803,000.91661334,000.45
0.40,0.92182,0.86001,000.00000000,000.44151396,000.99495697,000.79415953,000.32
0.40,1.21684,0.17425,000.00206375,001.50413513,001.85084867,000.92012674,000.46
0.40,1.30430,1.30430,000.00000000,000.26740545,000.00000000,000.66741318,000.33
0.40,0.74854,0.49356,000.00000000,000.53144115,000.99495792,000.80438298,000.37
0.40,1.84546,0.11489,000.18827915,002.50428247,002.83009672,001.24975383,000.43
0.40,1.13524,1.60625,000.00000000,000.42285675,000.99495697,000.75641352,000.34
0.40,0.74854,2.43603,000.00000000,000.51613390,000.99495697,000.91014147,000.30
0.40,2.43603,0.40078,000.00000095,000.05024941,000.03487110,000.29533109,000.44
0.40,0.49356,3.00000,000.00000000,000.37310889,000.49747944,000.74827182,000.32
0.40,1.60625,1.97810,000.00000000,000.04352940,000.00000000,000.53095227,000.33
0.40,1.39805,2.27268,000.00000000,000.02487410,000.00000000,000.42722383,000.34
0.40,0.49356,0.65151,000.00000000,000.93918979,000.99495792,001.16637719,000.35
0.40,1.60625,0.49356,000.00000000,000.04605925,000.02167654,000.29613116,000.44
0.40,0.65151,0.17425,000.00622940,001.57381105,001.96968699,001.15459621,000.44
0.40,0.60783,0.28326,000.00007153,000.91968602,001.06055975,001.04439855,000.40
0.40,1.49854,0.28326,000.00086403,000.34868276,000.43777752,000.41567090,000.43
0.40,1.30430,0.34883,000.00000954,000.21484029,000.25350714,000.35935929,000.44
0.40,1.13524,0.10000,001.00898361,003.37813759,003.59494829,001.59615886,000.43
0.40,1.05911,0.80234,000.00000000,000.21156248,000.00000000,000.58321857,000.36
0.40,1.39805,0.60783,000.00000000,000.00004612,000.00000095,000.29531705,000.43
0.40,1.84546,1.84546,000.00000000,000.00000000,000.00000000,000.45593747,000.41
0.40,0.86001,2.27268,000.00000000,000.59076124,000.99495792,000.90840924,000.30
0.40,1.21684,3.00000,000.00000000,000.00000000,000.00000000,000.18283968,000.36
0.40,2.43603,1.60625,000.00000000,000.00000000,000.00000000,000.31741324,000.36
0.40,0.86001,0.14149,000.05564213,002.16688013,002.40929508,001.16296160,000.45
0.40,1.84546,0.46047,000.00000000,000.08700092,000.07354879,000.29169402,000.42
0.40,2.12028,1.72170,000.00000000,000.00000000,000.00000000,000.32327649,000.41
0.40,2.12028,0.10719,000.12658787,002.41191864,002.56372881,001.35305440,000.44
0.40,0.56707,0.17425,000.02152729,001.63668442,001.94216347,001.23683691,000.41
0.40,0.49356,0.69834,000.00000000,001.15669322,000.99495888,001.20757008,000.35
0.40,0.74854,0.17425,000.03420544,001.66340601,002.01706362,001.23113275,000.42
0.40,0.98808,0.12315,000.06828594,002.58910227,003.00311899,001.49851716,000.42
0.40,0.65151,0.56707,000.00000000,000.80054462,000.99495792,001.01983964,000.36
0.40,2.12028,0.42959,000.00000000,000.07734639,000.05494165,000.25757426,000.47
0.40,1.21684,0.69834,000.00000000,000.00020112,000.00000000,000.37391275,000.38
0.40,2.61112,0.80234,000.00000000,000.00000000,000.00000000,000.00005220,000.39
0.40,2.61112,0.20020,000.00014114,000.96563721,001.10791588,000.48311442,000.49
0.40,2.79883,0.10000,000.02177525,001.74126303,002.05184317,000.95485783,000.44
0.40,1.97810,0.23001,000.00188255,000.85497057,001.03243017,000.49170509,000.43
0.40,0.56707,0.60783,000.00000000,000.85440093,000.99495792,000.92377424,000.33
0.40,0.80234,1.05911,000.00000000,000.82735491,000.99495792,001.07384944,000.34
0.40,0.49356,0.74854,000.00000000,001.05092347,000.99495792,001.53171718,000.30
0.40,1.49854,1.05911,000.00000000,000.04380303,000.00000000,000.45035091,000.32
0.40,0.40078,0.34883,000.00000000,000.90818250,000.99504709,000.93042237,000.41
0.40,2.43603,0.10719,000.10486889,002.28516173,002.44922638,001.15094721,000.44
0.40,0.60783,1.39805,000.00000000,001.30588102,001.98991489,001.26362538,000.31
0.40,0.65151,2.79883,000.00000000,000.43529367,000.99495697,000.84565574,000.34
0.40,1.97810,0.92182,000.00000000,000.00000000,000.00000000,000.18285304,000.36
0.40,0.74854,0.18677,000.02517509,001.34929645,001.61538124,001.04281652,000.40
0.40,2.27268,0.21458,000.00194359,000.91429698,001.08780050,000.51173890,000.50
0.40,1.72170,0.24654,000.00013161,000.63383305,000.82559872,000.46456650,000.45
0.40,0.69834,1.30430,000.00000000,001.21882224,000.99495840,001.18746471,000.38
0.40,1.21684,0.74854,000.00000000,000.00000454,000.00000000,000.38220325,000.38
0.40,2.79883,0.40078,000.00000000,000.00242532,000.00109959,000.13643239,000.48
0.40,0.98808,0.13200,000.44009304,002.41772604,002.73587847,001.32714844,000.42
0.40,1.72170,0.98808,000.00000000,000.00000000,000.00000000,000.24523075,000.35
0.40,0.49356,0.17425,000.02794933,001.48604620,001.77765894,001.07087910,000.56
0.40,0.69834,0.32544,000.00000000,000.52612966,000.99561119,000.94135934,000.67
0.40,2.27268,0.92182,000.00000000,000.00000000,000.00000000,000.16972707,000.37
0.40,0.86001,0.52904,000.00000000,000.33351570,000.02943707,000.63431048,000.38
0.40,0.98808,1.97810,000.00000000,000.49747849,000.99495697,000.82281220,000.43
0.40,1.60625,0.13200,000.18037796,002.09355330,002.28279591,001.09429836,000.44
0.40,0.46047,0.34883,000.00000000,000.84810317,000.99520111,000.95147687,000.56
0.40,0.98808,0.49356,000.00000000,000.05970355,000.00065708,000.45037714,000.42
0.40,1.30430,1.39805,000.00000000,000.30470604,000.00000000,000.76603657,000.31
0.40,0.92182,0.92182,000.00000000,000.53486413,000.99495745,000.84061593,000.36
0.40,1.13524,1.72170,000.00000000,000.49747849,000.99495697,000.86801159,000.32
0.40,0.52904,0.34883,000.00000000,000.82564962,000.99535608,001.10510528,000.45
0.40,0.92182,0.24654,000.00133610,000.77207369,001.06508827,000.85898399,000.45
0.40,1.60625,2.12028,000.00000000,000.00000000,000.00000000,000.34000048,000.34
0.40,0.74854,2.61112,000.00000000,000.50369698,000.99495697,000.93356472,000.35
0.40,1.13524,0.37391,000.00000000,000.12337482,000.09416819,000.45665690,000.51
0.40,0.74854,0.52904,000.00000000,000.56018811,000.99495792,000.81385016,000.42
0.40,1.21684,0.18677,000.00916958,001.24718773,001.44212866,000.84164006,000.47
0.40,1.84546,0.12315,000.08967209,002.25468993,002.56781387,001.04256165,000.44
0.40,2.43603,0.42959,000.00000000,000.02211947,000.01183987,000.22215383,000.44
0.40,1.39805,2.43603,000.00000000,000.00000000,000.00000000,000.33460775,000.38
0.40,1.05911,0.21458,000.01119232,000.84602487,001.05229044,000.81146693,000.46
0.40,1.60625,0.52904,000.00000000,000.00715061,000.00227785,000.25761124,000.45
0.40,1.39805,0.16256,000.23632336,001.66953313,001.90553999,000.97607434,000.46
0.40,0.60783,0.30362,000.00000191,000.79693496,001.00066662,001.01047981,000.40
0.40,1.49854,0.30362,000.00076485,000.39042756,000.49660683,000.42654639,000.42
0.40,1.05911,0.86001,000.00000000,000.30491176,000.00000000,000.58949190,000.34
0.40,0.49356,0.18677,000.00042057,001.39681876,001.79306412,001.15489531,000.44
0.40,1.30430,0.37391,000.00000191,000.12783425,000.09848404,000.39122063,000.45
0.40,0.86001,2.43603,000.00000000,000.46029663,000.99495697,000.89311945,000.30
0.40,1.84546,1.97810,000.00000000,000.00000000,000.00000000,000.39095250,000.34
0.40,1.13524,0.10719,000.40353203,003.09416080,003.44614983,001.51785684,000.41
0.40,1.39805,0.65151,000.00000000,000.00000211,000.00000000,000.18404913,000.43
0.40,2.43603,1.72170,000.00000000,000.00000000,000.00000000,000.22681729,000.36
0.40,1.30430,0.10000,000.37337875,003.39145017,003.78603959,001.56804371,000.41
0.40,2.79883,1.60625,000.00000000,000.00000000,000.00000000,000.09899712,000.39
0.40,2.12028,1.84546,000.00000000,000.00000000,000.00000000,000.37808350,000.35
0.40,1.84546,0.49356,000.00000000,000.03283297,000.01544237,000.26845515,000.41
0.40,0.86001,0.15166,000.01385021,001.77951717,002.11162710,001.24770463,000.43
0.40,0.56707,3.00000,000.00000000,000.32777518,000.00000000,000.81202066,000.34
0.40,0.42959,0.74854,000.00000000,001.24991477,001.98991489,001.47947967,000.30
0.40,2.12028,0.11489,000.37565804,002.25370073,002.53623772,001.12218928,000.43
0.40,0.56707,0.18677,000.00780106,001.31376374,001.54942703,001.22937250,000.42
0.40,0.65151,0.60783,000.00000000,000.65337193,000.99495792,001.01674247,000.35
0.40,0.80234,1.13524,000.00000000,001.06336033,000.99495792,001.17715502,000.31
0.40,2.61112,0.86001,000.00000000,000.00000000,000.00000000,000.09899706,000.38
0.40,0.56707,0.65151,000.00000000,000.95155847,000.99495792,001.10618544,000.35
0.40,0.80234,0.26426,000.00000000,000.77012473,001.01451397,000.89047629,000.43
0.40,2.12028,0.46047,000.00000000,000.06407790,000.05570126,000.28323734,000.45
0.40,2.61112,0.21458,000.01550198,000.82600176,001.02807617,000.45551074,000.43
0.40,0.60783,1.49854,000.00000000,001.28100717,001.98991489,001.32025099,000.29
0.40,1.97810,0.24654,000.00501156,000.72468305,001.00399303,000.42028865,000.45
0.40,2.79883,0.10719,000.01963997,001.87956810,002.13893795,001.01432443,000.46
0.40,0.40078,0.37391,000.00000000,000.94929725,000.99497128,000.93821615,000.37
0.40,0.69834,1.39805,000.00000000,001.07579732,000.99495792,001.32406962,000.28
0.40,0.65151,3.00000,000.00000000,000.24873924,000.00000000,000.63513821,000.34
0.40,1.49854,1.13524,000.00000000,000.00520917,000.00000000,000.53699821,000.42
0.40,3.00000,0.20020,000.00056362,000.57730728,000.83636236,000.50891364,000.47
0.40,1.97810,0.98808,000.00000000,000.00000000,000.00000000,000.22490948,000.37
0.40,3.00000,0.80234,000.00000000,000.00000000,000.00000000,000.00000235,000.40
0.40,2.43603,0.11489,000.21318722,002.02589798,002.26171827,001.10251081,000.50
0.40,1.72170,0.26426,000.00324821,000.53910279,000.75728464,000.43041867,000.43
0.40,1.21684,0.80234,000.00000000,000.00000000,000.00000000,000.31738696,000.39
0.40,2.27268,0.23001,000.01310921,000.77789813,001.02242899,000.50930202,000.47
0.40,1.72170,1.05911,000.00000000,000.00000000,000.00000000,000.28473860,000.35
0.40,2.27268,0.98808,000.00000000,000.00000000,000.00000000,000.09899588,000.37
0.40,0.98808,2.12028,000.00000000,000.43529376,000.99495697,000.88271308,000.36
0.40,1.30430,1.49854,000.00000000,000.29226860,000.00000000,000.78746367,000.30
0.40,2.79883,0.42959,000.00000000,000.00051447,000.00017214,000.16449061,000.45
0.40,0.86001,0.56707,000.00000000,000.34999022,000.03417492,000.70134437,000.41
0.40,0.65151,0.18677,000.02021027,001.48780406,001.83926296,001.23540807,000.46
0.40,0.98808,0.52904,000.00000000,000.03690635,000.00031042,000.46854964,000.39
0.40,0.69834,0.34883,000.00000000,000.60088098,000.99513054,000.88499427,000.47
0.40,0.92182,0.98808,000.00000000,000.49747849,000.99495697,000.79596567,000.34
0.40,1.13524,1.84546,000.00000000,000.42919007,000.99495697,000.69716507,000.32
0.40,0.98808,0.14149,000.33052921,002.28841543,002.52968240,001.28415549,000.51
0.40,0.46047,0.37391,000.00000000,000.92830926,000.99518490,001.18063712,000.45
0.40,0.74854,2.79883,000.00000000,000.29228979,000.00000000,000.69612497,000.33
0.40,0.52904,0.37391,000.00000000,000.88017333,000.99509382,000.96497595,000.40
0.40,1.60625,0.14149,000.09173584,001.88486159,002.18857622,000.96713501,000.57
0.40,1.60625,2.27268,000.00000000,000.00000000,000.00000000,000.34891176,000.40
0.40,0.92182,0.26426,000.00016975,000.64375037,000.96922588,000.78309107,000.48
0.40,1.39805,2.61112,000.00000000,000.00000000,000.00000000,000.26992095,000.39
0.40,2.43603,0.46047,000.00000000,000.00623320,000.00241613,000.21670218,000.44
0.40,1.21684,0.20020,000.02539349,001.14930582,001.35033751,000.79729038,000.45
0.40,1.84546,0.13200,000.09320164,001.90874100,002.15491104,000.99744177,000.46
0.40,0.74854,0.56707,000.00000000,000.50746834,000.99495792,000.74551243,000.46
0.40,0.92182,1.05911,000.00000000,000.65917933,000.99495792,000.88984400,000.30
0.40,1.13524,0.40078,000.00000000,000.06633417,000.04649687,000.40470695,000.49
0.40,1.05911,0.23001,000.00016594,000.85543919,001.06789589,000.82810670,000.48
0.40,1.39805,0.17425,000.01668930,001.47504437,001.75378036,000.88862956,000.44
0.40,1.60625,0.56707,000.00000000,000.00163503,000.00008440,000.22113118,000.45
0.50,0.10000,0.10000,000.00011539,001.08447802,001.28988552,000.95129758,000.39
0.40,0.86001,2.61112,000.00000000,000.34829655,000.00000000,000.65626240,000.33
0.40,0.60783,0.32544,000.00000000,000.85580361,001.00424147,000.98253047,000.42
0.40,1.49854,0.32544,000.00019836,000.32102460,000.39338446,000.35179135,000.45
0.40,1.84546,2.12028,000.00000000,000.00000000,000.00000000,000.33455575,000.42
0.40,2.43603,1.84546,000.00000000,000.00000000,000.00000000,000.27746147,000.39
0.40,1.39805,0.69834,000.00000000,000.00000006,000.00000000,000.30145717,000.42
0.40,1.30430,0.40078,000.00000000,000.15750144,000.16069126,000.35165432,000.52
0.40,1.13524,0.11489,000.72683907,002.84025335,003.13892174,001.44310021,000.45
0.40,2.12028,1.97810,000.00000000,000.00000000,000.00000000,000.27741897,000.36
0.50,0.10000,0.40078,000.00000000,001.41781569,001.98991585,001.43835819,000.28
0.50,0.10000,1.60625,000.00000000,001.66033554,001.98991585,001.91114819,000.29
0.40,1.30430,0.10719,000.62421036,003.12888885,003.40567970,001.49245560,000.45
0.40,1.84546,0.52904,000.00000000,000.00695805,000.00223494,000.22870773,000.42
0.40,2.79883,1.72170,000.00000000,000.00000000,000.00000000,000.00683902,000.45
0.40,0.80234,1.21684,000.00000000,000.94520932,000.99495792,001.07794547,000.29
0.50,0.10719,0.20020,000.00000000,000.88419741,000.99521875,001.11642730,000.37
0.40,0.65151,0.65151,000.00000000,000.77880269,000.99495792,000.95327532,000.35
0.40,0.56707,0.69834,000.00000000,000.91412818,000.99495792,001.14793861,000.33
0.40,0.86001,0.16256,000.02489090,001.68971276,002.06450319,001.17240405,000.42
0.40,2.12028,0.12315,000.28788853,002.21096492,002.48127794,001.04621565,000.43
0.50,0.10719,0.80234,000.00000000,001.75361288,001.98991680,001.88438153,000.28
0.40,0.80234,0.28326,000.00003338,000.70490080,001.04078579,000.87194288,000.42
0.50,0.11489,0.40078,000.00000000,001.26236129,001.98991489,001.50419188,000.29
0.40,0.69834,1.49854,000.00000000,001.16285598,000.99495792,001.28035808,000.28
0.40,2.61112,0.92182,000.00000000,000.00000000,000.00000000,000.18285178,000.46
0.50,0.11489,1.60625,000.00000000,001.55462110,001.98991585,001.96658778,000.28
0.40,2.12028,0.49356,000.00000000,000.00739805,000.00295067,000.23071770,000.42
0.50,0.11489,0.10000,000.00022888,001.10336912,001.30899143,001.14315701,000.35
0.40,1.49854,1.21684,000.00000000,000.12448881,000.00000000,000.55922556,000.34
0.40,2.61112,0.23001,000.00277424,000.73845732,001.00645304,000.46615312,000.46
0.40,1.97810,0.26426,000.00199318,000.56095439,000.74783611,000.40046516,000.46
0.40,2.79883,0.11489,000.07590771,001.74270475,002.03054619,000.83023638,000.44
0.40,1.97810,1.05911,000.00000000,000.00000000,000.00000000,000.32682237,000.35
0.40,3.00000,0.86001,000.00000000,000.00000000,000.00000000,000.09899640,000.38
0.40,1.21684,0.86001,000.00000000,000.03213929,000.00000000,000.43006647,000.34
0.40,1.72170,1.13524,000.00000000,000.00000000,000.00000000,000.32332301,000.33
0.40,0.98808,2.27268,000.00000000,000.39798278,000.99495697,000.94389999,000.31
0.40,3.00000,0.21458,000.00212002,000.56370008,000.78437710,000.46510568,000.48
0.40,2.43603,0.12315,000.22143364,001.96360660,002.11865044,000.95663863,000.43
0.40,1.30430,1.60625,000.00000000,000.23630233,000.00000000,000.65906131,000.30
0.40,2.27268,1.05911,000.00000000,000.00000000,000.00000000,000.25385836,000.36
0.40,1.72170,0.28326,000.00309563,000.43242043,000.52246094,000.36216047,000.45
0.40,2.27268,0.24654,000.00526810,000.70408219,000.99886847,000.45038137,000.43
0.40,0.86001,0.60783,000.00000000,000.39307603,000.99495697,000.66425490,000.36
0.50,0.12315,0.20020,000.00000000,000.99782866,000.99563599,001.08626044,000.35
0.40,0.98808,0.56707,000.00000000,000.11024106,000.00001287,000.50535226,000.38
0.50,0.12315,0.80234,000.00000000,001.76604974,001.98991585,001.76019609,000.28
0.40,2.79883,0.46047,000.00000000,000.00003820,000.00000763,000.04229141,000.42
0.40,1.05911,0.92182,000.00000000,000.28012756,000.00000000,000.62908483,000.33
0.40,1.13524,1.97810,000.00000000,000.38554585,000.99495697,000.82765603,000.31
0.40,0.69834,0.37391,000.00000000,000.63269669,000.99507952,000.98381865,000.42
0.40,0.74854,3.00000,000.00000000,000.12436964,000.00000000,000.52751535,000.38
0.40,0.98808,0.15166,000.02359772,001.91833496,002.23673725,001.18418658,000.46
0.50,0.13200,0.10000,000.00074196,001.26451421,001.49931908,001.20600295,000.40
0.40,1.60625,2.43603,000.00000000,000.00000000,000.00000000,000.29847780,000.38
0.40,1.39805,2.79883,000.00000000,000.00000000,000.00000000,000.13929364,000.38
0.40,0.92182,1.13524,000.00000000,000.68403310,000.99495792,001.03436100,000.32
0.40,0.74854,0.60783,000.00000000,000.52583009,000.99495792,000.84186214,000.35
0.40,0.92182,0.28326,000.00031567,000.50588417,000.59146833,000.83160937,000.45
0.40,2.43603,0.49356,000.00000000,000.00125597,000.00029278,000.14962839,000.43
0.40,1.21684,0.21458,000.01666927,000.85628784,001.06953335,000.77617157,000.43
0.40,1.60625,0.15166,000.01404762,001.66032982,001.99927664,000.89220792,000.51
0.40,1.84546,0.14149,000.03050613,001.74732327,002.05837345,000.82763016,000.45
0.50,0.10000,0.10719,000.00039387,001.07875395,001.23261929,001.14400113,000.36
0.40,0.86001,2.79883,000.00000000,000.19277291,000.00000000,000.54202378,000.36
0.40,1.05911,0.24654,000.00138474,000.70271891,000.96616840,000.72986299,000.42
0.40,1.84546,2.27268,000.00000000,000.00000000,000.00000000,000.32904994,000.37
0.40,1.60625,0.60783,000.00000000,000.00002043,000.00000095,000.18345828,000.44
0.40,1.13524,0.42959,000.00000000,000.04093555,000.01889467,000.36008227,000.48
0.40,2.43603,1.97810,000.00000000,000.00000000,000.00000000,000.18284926,000.41
0.40,1.49854,0.34883,000.00104237,000.25327626,000.28919983,000.32643035,000.47
0.40,1.39805,0.18677,000.00325775,001.21190000,001.35827446,000.73400187,000.55
0.40,0.60783,0.34883,000.00000000,000.70709187,000.99530602,000.80764449,000.55
0.40,1.39805,0.74854,000.00000000,000.00000004,000.00000000,000.33456951,000.47
0.40,2.12028,2.12028,000.00000000,000.00000000,000.00000000,000.25518331,000.38
0.50,0.10000,0.42959,000.00000000,001.43647015,001.98991585,001.53337932,000.36
0.40,1.30430,0.42959,000.00000000,000.04967379,000.03657532,000.30642655,000.45
0.50,0.10000,1.72170,000.00000000,001.44268811,001.98991585,001.66722977,000.37
0.40,0.80234,1.30430,000.00000000,000.94520915,000.99495792,001.04352057,000.30
0.40,1.30430,0.11489,000.17550468,002.74370265,003.11632133,001.27835619,000.41
0.40,0.56707,0.74854,000.00000000,000.96388608,000.99495792,001.01745331,000.31
0.50,0.10719,0.86001,000.00000000,001.80336094,001.98991585,001.96881151,000.31
0.50,0.13200,0.40078,000.00000000,001.38058639,001.98991585,001.70889151,000.31
0.50,0.10719,0.21458,000.00000000,001.01083469,000.99501228,001.26244593,000.33
0.40,1.84546,0.56707,000.00000000,000.00054281,000.00007629,000.21589535,000.43
0.50,0.11489,1.72170,000.00000000,001.73495746,001.98991585,001.81529284,000.32
0.40,2.79883,1.84546,000.00000000,000.00000000,000.00000000,000.09990892,000.42
0.50,0.11489,0.42959,000.00000000,001.38674557,001.98991585,001.66277313,000.36
0.40,2.61112,0.98808,000.00000000,000.00000000,000.00000000,000.16972704,000.37
0.40,1.13524,0.12315,000.70125008,002.47329187,002.76651716,001.40472746,000.58
0.40,2.12028,0.13200,000.00221729,001.98281479,002.22973108,001.07769918,000.44
0.40,2.12028,0.52904,000.00000000,000.00153354,000.00054407,000.21942902,000.42
0.40,0.86001,3.00000,000.00000000,000.00000000,000.00000000,000.40655509,000.46
0.40,0.86001,0.17425,000.09676170,001.55384624,001.99307537,001.16552901,000.49
0.40,1.49854,1.30430,000.00000000,000.09949570,000.00000000,000.48536760,000.32
0.50,0.11489,0.10719,000.00002956,001.00974727,001.26854706,000.97262406,000.36
0.40,0.80234,0.30362,000.00000477,000.62410027,001.00620270,000.77283603,000.51
0.50,0.13200,0.42959,000.00000000,001.25635958,001.98991585,001.59432757,000.29
0.40,2.61112,0.24654,000.00022888,000.63008440,000.94678116,000.43958005,000.44
0.40,1.72170,1.21684,000.00000000,000.04353211,000.00000000,000.46401620,000.34
0.40,1.97810,0.28326,000.00162792,000.43388376,000.52473402,000.36551422,000.43
0.40,1.30430,1.72170,000.00000000,000.32336101,000.00000000,000.69503021,000.32
0.40,1.97810,1.13524,000.00000000,000.00000000,000.00000000,000.25382879,000.39
0.40,0.98808,2.43603,000.00000000,000.35445341,000.00000000,000.67903543,000.35
0.40,3.00000,0.92182,000.00000000,000.00000000,000.00000000,000.07268623,000.39
0.50,0.12315,0.86001,000.00000000,001.91529393,001.98991585,001.99487698,000.29
0.40,2.79883,0.12315,000.16027355,001.57873106,001.91983604,000.80865461,000.49
0.40,2.27268,1.13524,000.00000000,000.00000000,000.00000000,000.19497113,000.41
0.50,0.12315,0.21458,000.00000000,001.10217977,000.99806452,001.06523597,000.34
0.40,2.43603,0.13200,000.10772800,001.78856599,002.07098198,000.87445039,000.44
0.40,3.00000,0.23001,000.00009632,000.40742677,000.49385071,000.43809068,000.45
0.40,1.05911,0.98808,000.00000000,000.37933713,000.99495697,000.67978394,000.32
0.40,0.86001,0.65151,000.00000000,000.43882832,000.99495697,000.69601327,000.39
0.40,0.98808,0.60783,000.00000000,000.10507314,000.00000095,000.50761974,000.38
0.50,0.13200,1.60625,000.00000000,001.56705785,001.98991585,001.88073325,000.29
0.40,2.12028,0.14149,000.00433064,001.75629270,002.01629066,000.82239163,000.44
0.40,1.72170,0.30362,000.00001144,000.38907203,000.47253561,000.37936127,000.48
0.50,0.11489,0.11489,000.00148487,001.08055484,001.22342443,001.02670455,000.42
0.40,1.13524,2.12028,000.00000000,000.26174054,000.00000000,000.69615549,000.37
0.50,0.14149,0.80234,000.00000000,001.75361311,001.98991585,002.08302879,000.28
0.50,0.14149,0.20020,000.00000000,000.84847939,000.99638128,000.90244246,000.36
0.40,0.92182,1.21684,000.00000000,000.85194552,000.99495792,000.96976328,000.30
0.50,0.13200,0.10719,000.00031853,001.06765580,001.19304228,000.92368227,000.36
0.40,1.60625,2.61112,000.00000000,000.00000000,000.00000000,000.26991957,000.36
0.40,0.74854,0.65151,000.00000000,000.50903428,000.99495792,000.84065014,000.34
0.40,1.39805,3.00000,000.00000000,000.00000000,000.00000000,000.13954429,000.38
0.40,0.98808,0.16256,000.13539124,001.83261931,002.13832521,001.06075728,000.43
0.40,0.65151,0.69834,000.00000000,000.81470203,000.99495792,000.95658791,000.33
0.50,0.10000,0.11489,000.00020123,001.03090060,001.18665695,001.03183031,000.36
0.40,1.21684,0.23001,000.00059128,000.74076426,000.97145176,000.62350702,000.41
0.40,2.43603,0.52904,000.00000000,000.00010098,000.00001144,000.19489852,000.42
0.40,1.60625,0.16256,000.17309761,001.57917714,001.95527887,000.84859133,000.42
0.40,1.84546,2.43603,000.00000000,000.00000000,000.00000000,000.20623659,000.37
0.40,0.92182,0.30362,000.00000668,000.47469920,000.61867905,000.69775170,000.46
0.40,1.84546,0.15166,000.97407055,001.68029881,002.00145864,000.71297020,000.43
0.40,1.05911,0.26426,000.00463200,000.48164019,000.64102173,000.63214010,000.41
0.40,1.60625,0.65151,000.00000000,000.00000046,000.00000000,000.18283056,000.39
0.40,2.43603,2.12028,000.00000000,000.00000000,000.00000000,000.07028417,000.37
0.50,0.10000,0.46047,000.00000000,001.42403293,001.98991489,001.80933988,000.28
0.40,1.13524,0.46047,000.00000000,000.02859538,000.00342274,000.43643501,000.43
0.40,1.49854,0.37391,000.00002098,000.20576838,000.24149752,000.33511114,000.42
0.50,0.10000,1.84546,000.00000000,001.54840291,001.98991585,001.98752499,000.28
0.40,1.39805,0.80234,000.00000000,000.00000000,000.00000000,000.33449566,000.37
0.40,1.39805,0.20020,000.03454304,001.11140287,001.25398636,000.77790743,000.42
0.40,0.80234,1.39805,000.00000000,001.06962228,000.99495792,001.21836388,000.29
0.40,2.12028,2.27268,000.00000000,000.00000000,000.00000000,000.19495232,000.42
0.40,0.60783,0.37391,000.00000000,000.61337221,000.99497461,000.90007216,000.46
0.50,0.10719,0.92182,000.00000000,001.71630192,001.98991585,001.99961746,000.28
0.40,1.30430,0.46047,000.00000000,000.03753017,000.02245569,000.31086749,000.43
0.50,0.11489,1.84546,000.00000000,001.31209993,001.98991585,001.73088312,000.30
0.50,0.10719,0.23001,000.00000000,001.05204713,000.99498940,001.06313002,000.32
0.40,1.21684,0.92182,000.00000000,000.12468445,000.00000000,000.54879892,000.34
0.50,0.15166,0.10000,000.00328636,001.21230006,001.39739656,001.09421659,000.38
0.50,0.11489,0.46047,000.00000000,001.36806691,001.98991489,001.51041126,000.32
0.40,1.84546,0.60783,000.00000000,000.00000929,000.00000000,000.14045599,000.41
0.40,1.30430,0.12315,000.58384514,002.47842836,002.91634464,001.13673103,000.47
0.40,2.61112,1.05911,000.00000000,000.00000000,000.00000000,000.18285304,000.36
0.50,0.15166,0.40078,000.00000000,001.17533040,000.99557781,001.47720444,000.29
0.50,0.13200,0.46047,000.00000000,001.43066382,001.98991489,001.68718410,000.29
0.40,1.49854,1.39805,000.00000000,000.16789898,000.00000000,000.53743833,000.33
0.40,2.79883,1.97810,000.00000000,000.00000000,000.00000000,000.07020215,000.45
0.40,1.13524,0.13200,000.00569057,002.33961225,002.66612625,001.49774504,000.42
0.40,2.12028,0.56707,000.00000000,000.00009691,000.00000429,000.19125137,000.41
0.40,0.86001,0.18677,000.02345657,001.36548102,001.53760242,000.96262801,000.42
0.40,0.80234,0.32544,000.00000000,000.54017657,000.99551725,000.75580752,000.43
0.40,1.72170,1.30430,000.00000000,000.01450573,000.00000000,000.48960695,000.33
0.40,2.27268,0.26426,000.00034332,000.61517793,000.85587597,000.42733181,000.48
0.40,1.30430,1.84546,000.00000000,000.35445341,000.00000000,000.77190995,000.31
0.40,2.79883,0.49356,000.00000000,000.00000184,000.00000000,000.10532913,000.47
0.40,2.61112,0.26426,000.00092602,000.46463364,000.60343075,000.43009147,000.46
0.50,0.12315,0.92182,000.00000000,001.66655421,001.98991585,001.82296574,000.29
0.40,0.98808,2.61112,000.00000000,000.22387722,000.00000000,000.54667681,000.40
0.40,1.97810,1.21684,000.00000000,000.00000000,000.00000000,000.36418036,000.45
0.40,2.27268,1.21684,000.00000000,000.00000000,000.00000000,000.26206315,000.36
0.50,0.12315,0.23001,000.00000000,000.95189840,000.99496651,001.15679216,000.36
0.40,3.00000,0.98808,000.00000000,000.00000000,000.00000000,000.10035660,000.44
0.40,1.05911,1.05911,000.00000000,000.40420127,000.99495697,000.72734046,000.31
0.50,0.13200,1.72170,000.00000000,001.71008337,001.98991585,001.84536386,000.29
0.40,1.97810,0.30362,000.00033855,000.36732402,000.43485260,000.39787817,000.53
0.40,0.86001,0.69834,000.00000000,000.34235358,000.00027657,000.79338121,000.37
0.40,2.79883,0.13200,000.03463840,001.50635588,001.86939287,000.71921486,000.48
0.40,0.92182,1.30430,000.00000000,000.77109212,000.99495792,001.00506735,000.30
0.40,1.13524,2.27268,000.00000000,000.19911472,000.00000000,000.59088659,000.34
0.50,0.14149,0.86001,000.00000000,001.51731062,001.98991585,001.75602996,000.34
0.40,0.98808,0.65151,000.00000000,000.16379957,000.00000095,000.61881191,000.43
0.40,2.43603,0.14149,000.14701939,001.59448624,001.92591572,000.66791987,000.54
0.50,0.11489,0.12315,000.01033401,001.15868342,001.25327206,001.08843946,000.41
0.40,3.00000,0.24654,000.00018787,000.26148826,000.24106693,000.41656870,000.54
0.50,0.13200,0.11489,000.00298786,001.10255575,001.32210493,000.95932406,000.39
0.40,1.60625,2.79883,000.00000000,000.00000000,000.00000000,000.12096635,000.40
0.40,2.12028,0.15166,000.20643425,001.67327368,001.99521971,000.83692777,000.47
0.40,1.72170,0.32544,000.00002384,000.32694322,000.41376877,000.33330870,000.55
0.40,0.65151,0.74854,000.00000000,000.95144379,000.99495792,000.97381890,000.36
0.50,0.14149,0.21458,000.00000000,001.13708961,001.00015783,000.96419185,000.53
0.40,0.74854,0.69834,000.00000000,000.66122937,000.99495792,000.87798381,000.49
0.40,1.21684,0.24654,000.00514317,000.55743831,000.69419289,000.59940326,000.44
0.50,0.10000,0.12315,000.00007915,000.92211020,001.09119081,001.00263274,000.44
0.40,1.84546,2.61112,000.00000000,000.00000000,000.00000000,000.15533753,000.46
0.40,0.98808,0.17425,000.06877995,001.52331495,001.91197205,001.09614301,000.51
0.40,2.43603,0.56707,000.00000000,000.00000214,000.00000000,000.19486615,000.51
0.40,1.84546,0.16256,000.00089455,001.42403817,001.62704182,000.73452973,000.46
0.40,1.60625,0.17425,000.01313782,001.34219575,001.51907539,000.73140711,000.52
0.50,0.10000,0.49356,000.00000000,001.45512521,001.98991585,001.80314553,000.30
0.40,0.92182,0.32544,000.00018787,000.41660386,000.44712448,000.60647947,000.48
0.40,1.49854,0.10000,000.02420998,003.12211680,003.54278326,001.51559412,000.56
0.40,1.05911,0.28326,000.00221539,000.42789704,000.44719934,000.58360445,000.43
0.50,0.10000,1.97810,000.00000000,001.43025136,001.98991585,001.68831599,000.32
0.40,1.60625,0.69834,000.00000000,000.00000002,000.00000000,000.21014987,000.41
0.40,2.43603,2.27268,000.00000000,000.00000000,000.00000000,000.07017889,000.43
0.40,1.39805,0.86001,000.00000000,000.00000001,000.00000000,000.36007833,000.36
0.40,0.80234,1.49854,000.00000000,001.05092335,000.99495792,001.03489900,000.36
0.50,0.15166,1.60625,000.00000000,001.74739456,001.98991585,002.00995469,000.30
0.40,2.12028,2.43603,000.00000000,000.00000000,000.00000000,000.00355272,000.41
0.40,1.49854,0.40078,000.00000191,000.13267039,000.14073229,000.32317886,000.43
0.40,1.39805,0.21458,000.02494144,000.85085469,001.03941774,000.64553797,000.44
0.40,1.13524,0.49356,000.00000000,000.00724513,000.00039816,000.32824549,000.45
0.50,0.10719,0.98808,000.00000000,001.56083941,001.98991585,002.02627110,000.29
0.50,0.16256,0.20020,000.00000000,000.93609267,001.00755215,001.04135537,000.40
0.50,0.11489,1.97810,000.00000000,001.29966283,001.98991489,001.60412753,000.29
0.50,0.10719,0.24654,000.00000000,001.13862050,000.99565792,001.17564034,000.32
0.50,0.11489,0.49356,000.00000000,001.54846025,001.98991585,001.82902801,000.32
0.40,1.21684,0.98808,000.00000000,000.20632930,000.00000000,000.53336293,000.34
0.50,0.15166,0.42959,000.00000000,001.10140228,000.99495840,001.38492370,000.29
0.50,0.13200,0.49356,000.00000000,001.39296663,001.98991585,001.60235143,000.28
0.50,0.15166,0.10719,000.00001240,001.29420769,001.53973770,001.07016909,000.38
0.40,2.61112,1.13524,000.00000000,000.00000000,000.00000000,000.15534873,000.36
0.40,1.49854,1.49854,000.00000000,000.18106249,000.00000000,000.52777576,000.32
0.40,1.30430,0.49356,000.00000000,000.01988790,000.00820398,000.30369407,000.43
0.40,1.84546,0.65151,000.00000000,000.00000011,000.00000000,000.15529540,000.42
0.40,1.30430,0.13200,000.32557011,002.22684431,002.43881416,001.19376028,000.42
0.50,0.16256,0.80234,000.00000000,001.61680639,001.98991585,001.59751093,000.32
0.40,1.72170,1.39805,000.00000000,000.00456092,000.00000000,000.41473004,000.33
0.40,1.13524,0.14149,000.04136658,002.12801790,002.40305185,001.21677828,000.42
0.40,2.79883,2.12028,000.00000000,000.00000159,000.00000000,000.02153645,000.44
0.40,2.12028,0.60783,000.00000000,000.00000293,000.00000000,000.12652622,000.41
0.50,0.12315,0.98808,000.00000000,001.62924314,001.98991585,001.66469729,000.28
0.40,1.30430,1.97810,000.00000000,000.23633119,000.00000000,000.64384878,000.31
0.40,0.80234,0.34883,000.00000191,000.45039806,000.99496841,000.80305934,000.45
0.40,0.98808,2.79883,000.00000000,000.13681030,000.00000000,000.50861341,000.34
0.40,2.27268,0.28326,000.00014877,000.49099818,000.63350916,000.37862098,000.47
0.40,1.97810,1.30430,000.00000000,000.00000000,000.00000000,000.34523728,000.34
0.40,2.27268,1.30430,000.00000000,000.00000000,000.00000000,000.28764805,000.35
0.50,0.13200,1.84546,000.00000000,001.30588162,001.98991489,001.94981265,000.28
0.50,0.12315,0.24654,000.00000000,001.02639902,000.99496746,001.21815443,000.35
0.40,2.61112,0.28326,000.00011826,000.33994421,000.38968801,000.40504006,000.43
0.40,1.05911,1.13524,000.00000000,000.52235281,000.99495697,000.89920086,000.30
0.40,2.79883,0.52904,000.00000000,000.00000004,000.00000000,000.07018073,000.45
0.40,3.00000,1.05911,000.00000000,000.00000000,000.00000000,000.07017787,000.38
0.40,0.92182,1.39805,000.00000000,000.91414022,000.99495792,001.09709680,000.29
0.40,0.86001,0.74854,000.00000000,000.49930945,000.99495697,000.72496146,000.34
0.40,1.13524,2.43603,000.00000000,000.13680676,000.00000000,000.56193078,000.32
0.50,0.14149,0.92182,000.00000000,001.78470576,001.98991585,002.06360602,000.30
0.40,1.97810,0.32544,000.00003815,000.37159950,000.43925762,000.40942171,000.44
0.40,0.98808,0.69834,000.00000000,000.23422594,000.00000000,000.57487726,000.36
0.40,2.79883,0.14149,000.03159714,001.46143854,001.79608774,000.63124377,000.45
0.50,0.11489,0.13200,000.00010586,001.01393592,001.16633606,001.14804733,000.36
0.40,2.43603,0.15166,000.10455227,001.43884981,001.63146400,000.70452541,000.43
0.50,0.13200,0.12315,000.00075054,001.00992262,001.19342518,001.07509375,000.36
0.40,0.74854,0.74854,000.00000000,000.82382441,000.99495792,000.89124793,000.33
0.40,3.00000,0.26426,000.00005341,000.12365928,000.08192301,000.38362572,000.45
0.40,1.60625,3.00000,000.00000000,000.00000000,000.00000000,000.09899691,000.42
0.50,0.17425,0.10000,000.00583267,001.29797363,001.55993843,001.02914548,000.38
0.50,0.14149,0.23001,000.00000000,000.90285379,000.99498749,001.13980579,000.39
0.50,0.10000,0.13200,000.00000286,000.97553575,001.10480881,000.99163091,000.36
0.40,1.72170,0.34883,000.00130272,000.32484505,000.38327932,000.35576150,000.43
0.50,0.17425,0.40078,000.00000000,001.33092403,001.98991489,001.43960440,000.40
0.50,0.10000,0.52904,000.00000000,001.61058998,001.98991585,001.78970528,000.28
0.40,2.12028,0.16256,000.06932545,001.44069731,001.64629459,000.81305248,000.48
0.40,1.84546,2.79883,000.00000000,000.00000000,000.00000000,000.00003140,000.39
0.40,1.21684,0.26426,000.00022697,000.48540697,000.55765867,000.55698884,000.48
0.40,0.98808,0.18677,000.01385403,001.27601695,001.52507925,000.88933533,000.42
0.40,2.43603,0.60783,000.00000000,000.00000000,000.00000000,000.09904967,000.41
0.40,1.84546,0.17425,000.03422451,001.45873821,001.66632605,000.67062485,000.42
0.40,1.60625,0.18677,000.00690365,001.18115234,001.28854990,000.67300051,000.42
0.50,0.10000,2.12028,000.00000000,001.51109147,001.98991585,002.00011110,000.29
0.40,0.92182,0.34883,000.00000000,000.31602615,000.19408512,000.61114967,000.41
0.40,1.49854,0.10719,000.25428772,002.95588136,003.38942337,001.38109982,000.42
0.50,0.15166,1.72170,000.00000000,001.50487316,001.98991585,001.73458874,000.29
0.40,1.05911,0.30362,000.00000191,000.33889282,000.39937162,000.59877336,000.44
0.50,0.17425,1.60625,000.00000000,001.46134388,001.98991537,001.91835940,000.31
0.40,1.60625,0.74854,000.00000000,000.00000000,000.00000000,000.18286052,000.39
0.40,1.39805,0.92182,000.00000000,000.00000000,000.00000000,000.36420614,000.35
0.50,0.10719,1.05911,000.00000000,001.66033554,001.98991585,001.89554524,000.29
0.40,2.43603,2.43603,000.00000000,000.00000119,000.00000095,000.09900887,000.40
0.50,0.11489,0.52904,000.00000000,001.50514483,001.98991585,001.82148111,000.29
0.40,2.12028,2.61112,000.00000000,000.00000004,000.00000000,000.00043974,000.40
0.50,0.10719,0.26426,000.00000000,000.98900986,000.99495888,001.48804164,000.30
0.50,0.11489,2.12028,000.00000000,001.44268835,001.98991585,001.57057595,000.32
0.40,1.13524,0.52904,000.00000000,000.01309034,000.00086069,000.38694608,000.40
0.50,0.16256,0.21458,000.00000000,000.92317742,000.99542379,001.07693899,000.38
0.40,1.49854,0.42959,000.00000000,000.09244488,000.07464790,000.30388230,000.43
0.40,1.39805,0.23001,000.00695324,000.66468602,000.86316061,000.64445436,000.43
0.50,0.15166,0.46047,000.00000000,001.54843736,001.98991585,001.61839569,000.29
0.50,0.13200,0.52904,000.00000000,001.59194541,001.98991585,001.73641288,000.29
0.40,1.84546,0.18677,000.08827400,001.18603599,001.23359680,000.55423605,000.44
0.40,1.60625,0.20020,000.08258629,001.09682226,001.20776796,000.59237587,000.46
0.40,1.49854,1.60625,000.00000000,000.19899139,000.00000000,000.61743522,000.33
0.50,0.16256,0.86001,000.00000000,001.77848685,001.98991585,002.00892043,000.28
0.50,0.15166,0.11489,000.00374794,001.11374414,001.28279209,001.06661093,000.38
0.40,2.61112,1.21684,000.00000000,000.00000000,000.00000000,000.15567695,000.38
0.40,1.72170,1.49854,000.00000000,000.07462331,000.00000000,000.46358976,000.33
0.50,0.12315,1.05911,000.00000000,001.74117601,001.98991585,001.99614787,000.27
0.40,1.30430,0.52904,000.00000000,000.00464153,000.00045013,000.30906931,000.42
0.40,1.84546,0.69834,000.00000000,000.00000000,000.00000000,000.21760610,000.40
0.40,1.30430,0.14149,000.09361744,001.97898674,002.23961544,001.21902275,000.42
0.40,1.30430,2.12028,000.00000000,000.14302507,000.00000000,000.52119052,000.32
0.40,1.97810,1.39805,000.00000000,000.00000000,000.00000000,000.41856256,000.33
0.40,0.98808,3.00000,000.00000000,000.00000000,000.00000000,000.29846153,000.36
0.40,1.13524,0.15166,000.06368160,001.80182898,002.07952070,001.09344959,000.42
0.40,2.79883,2.27268,000.00000000,000.00011352,000.00008583,000.09964871,000.42
0.40,2.27268,1.39805,000.00000000,000.00000000,000.00000000,000.26205960,000.34
0.50,0.13200,1.97810,000.00000000,001.46134400,001.98991585,001.65024364,000.29
0.40,2.12028,0.65151,000.00000000,000.00000000,000.00000000,000.16971828,000.45
0.50,0.12315,0.26426,000.00000000,001.10689855,000.99495983,001.16258371,000.32
0.40,2.27268,0.30362,000.00000858,000.36159045,000.45693064,000.36713088,000.46
0.40,0.80234,0.37391,000.00000000,000.46017021,000.99496222,000.69125128,000.47
0.40,1.05911,1.21684,000.00000000,000.54722631,000.99495697,000.80487072,000.30
0.50,0.14149,0.98808,000.00000000,001.50487363,001.98991585,001.74738312,000.28
0.40,0.92182,1.49854,000.00000000,000.74621773,000.99495792,001.00946462,000.29
0.40,3.00000,1.13524,000.00000000,000.00000000,000.00000000,000.00000457,000.37
0.40,2.61112,0.30362,000.00030613,000.25443155,000.29702759,000.36715180,000.43
0.50,0.18677,0.20020,000.00000000,000.91395777,001.00192451,001.09954488,000.37
0.40,1.13524,2.61112,000.00000000,000.06840330,000.00000000,000.47414708,000.38
0.50,0.18677,0.80234,000.00000000,001.49243617,001.98991585,001.63208663,000.28
0.40,0.98808,0.74854,000.00000000,000.28098783,000.00000286,000.61736155,000.35
0.40,2.79883,0.56707,000.00000000,000.00000000,000.00000000,000.00045101,000.50
0.50,0.13200,0.13200,000.00000381,001.11685514,001.35004663,001.13479245,000.36
0.40,1.84546,0.74854,000.00000000,000.00000000,000.00000000,000.19496898,000.42
0.40,2.79883,0.15166,000.03684044,001.29958165,001.44259357,000.65821403,000.43
0.50,0.17425,0.42959,000.00000000,001.25649035,001.98991489,001.20400727,000.29
0.40,2.43603,0.16256,000.02596378,001.24610496,001.28743124,000.62769568,000.43
0.50,0.14149,0.24654,000.00000000,000.98982894,000.99495983,001.04202402,000.34
0.40,1.72170,0.10000,000.64953995,002.89924765,003.16866350,001.29640627,000.45
0.50,0.11489,0.14149,000.00003433,001.01216483,001.09646082,000.93225443,000.48
0.50,0.10000,0.14149,000.00000000,000.86261719,001.02298832,000.94849008,000.36
0.40,2.79883,2.43603,000.00000000,000.00210887,000.00153255,000.15139647,000.45
0.50,0.10000,0.56707,000.00000000,001.54841077,001.98991585,001.77202189,000.35
0.40,3.00000,0.28326,000.00000286,000.03952645,000.03000212,000.30395895,000.52
0.40,1.72170,0.37391,000.00025463,000.25309780,000.32359314,000.34012336,000.46
0.40,1.84546,3.00000,000.00000000,000.00000585,000.00000381,000.00057488,000.42
0.50,0.10000,2.27268,000.00000000,001.08201575,000.99495888,001.52715397,000.28
0.40,2.12028,0.17425,000.37828350,001.45199728,001.60685301,000.56712836,000.43
0.40,1.21684,1.05911,000.00000000,000.19277294,000.00000000,000.57155979,000.31
0.50,0.15166,1.84546,000.00000000,001.24991512,001.49243689,001.65873849,000.28
0.40,1.21684,0.28326,000.00072098,000.38219422,000.47212267,000.59506243,000.42
0.50,0.20020,0.10000,000.02966499,001.35599494,001.65775537,001.22879088,000.39
0.50,0.17425,1.72170,000.00000000,001.45512521,001.98991585,001.87651622,000.28
0.40,2.43603,0.65151,000.00000000,000.00000000,000.00000000,000.12105446,000.41
0.40,0.92182,0.37391,000.00000000,000.21428314,000.09739351,000.59830612,000.43
0.40,1.49854,0.11489,000.02790356,002.58286428,002.97567606,001.35756826,000.42
0.40,1.05911,0.32544,000.00005436,000.29236406,000.30324268,000.51643634,000.42
0.50,0.10719,1.13524,000.00000000,001.77226830,001.98991585,001.84780967,000.30
0.40,1.39805,0.98808,000.00000000,000.00000000,000.00000000,000.44825569,000.33
0.50,0.20020,0.40078,000.00000000,001.12000513,000.99495792,001.38414288,000.32
0.50,0.11489,0.56707,000.00000000,001.67899156,001.98991632,001.65126216,000.30
0.40,1.60625,0.80234,000.00000000,000.00000000,000.00000000,000.25382480,000.38
0.50,0.10719,0.28326,000.00000000,001.04738343,000.99495888,001.34099770,000.31
0.50,0.11489,2.27268,000.00000000,001.30588162,001.98991489,001.77230144,000.30
0.50,0.15166,0.49356,000.00000000,001.48790610,001.98991585,001.53553498,000.29
0.40,2.12028,2.79883,000.00000000,000.00001521,000.00000906,000.02774217,000.43
0.50,0.20020,1.60625,000.00000000,001.46134365,001.98991585,001.72836411,000.33
0.50,0.13200,0.56707,000.00000000,001.51609540,001.98991585,001.63320553,000.29
0.50,0.16256,0.23001,000.00000000,000.88668269,000.99498129,001.10573208,000.38
0.40,1.13524,0.56707,000.00000000,000.00159007,000.00000525,000.36750138,000.41
0.40,2.43603,2.61112,000.00000000,000.00014412,000.00008154,000.07415930,000.54
0.40,1.49854,0.46047,000.00000000,000.04853174,000.03742790,000.25898278,000.43
0.50,0.16256,0.92182,000.00000000,001.72873914,001.98991585,001.95654631,000.30
0.40,1.39805,0.24654,000.00099850,000.56425488,000.69233418,000.51780087,000.43
0.50,0.12315,1.13524,000.00000000,001.96504176,001.98991680,002.05154443,000.28
0.40,1.49854,1.72170,000.00000000,000.17411748,000.00000000,000.56876004,000.33
0.40,1.72170,1.60625,000.00000000,000.08705874,000.00000000,000.50535131,000.34
0.40,1.60625,0.21458,000.05605125,000.92303550,001.08804989,000.55328250,000.44
0.50,0.15166,0.12315,000.00031471,001.03996265,001.25116014,001.12265491,000.38
0.50,0.21458,0.80234,000.00000000,001.57949543,001.98991585,001.86338663,000.30
0.40,1.84546,0.20020,000.01206684,001.03520513,001.13630342,000.58141834,000.47
0.40,2.61112,1.30430,000.00000000,000.00000000,000.00000000,000.23858245,000.38
0.50,0.21458,0.20020,000.00000000,000.89917171,001.00766373,000.96784806,000.41
0.40,1.30430,0.56707,000.00000000,000.00086793,000.00002670,000.27716175,000.42
0.40,1.30430,2.27268,000.00000000,000.02502686,000.00000000,000.44166073,000.32
0.40,1.97810,1.49854,000.00000000,000.00000000,000.00000000,000.39934880,000.32
0.40,1.97810,0.34883,000.00055981,000.25990969,000.30237961,000.33214831,000.43
0.50,0.23001,0.40078,000.00000000,001.11945653,000.99495840,001.37661242,000.32
0.40,1.30430,0.15166,000.05730438,001.91352975,002.18442392,000.97543490,000.41
0.50,0.23001,0.10000,000.03019047,001.50734651,001.85842514,001.18857062,000.41
0.50,0.13200,2.12028,000.00000000,001.35562944,001.98991489,001.73051023,000.33
0.40,2.27268,1.49854,000.00000000,000.00000000,000.00000000,000.32074299,000.37
0.50,0.12315,0.28326,000.00000000,001.04470694,000.99495888,001.23874927,000.32
0.40,1.13524,0.16256,000.00601768,001.73722231,002.04278898,001.02981818,000.42
0.50,0.14149,1.05911,000.00000000,001.62302458,001.98991585,001.68882060,000.27
0.40,1.05911,1.30430,000.00000000,000.63428515,000.99495792,000.92263252,000.30
0.50,0.23001,1.60625,000.00000000,001.33697414,001.98991585,001.66461492,000.34
0.40,2.12028,0.69834,000.00000000,000.00000000,000.00000000,000.10095175,000.43
0.50,0.24654,0.20020,000.00000095,000.92318213,001.03102398,001.13122106,000.37
0.40,3.00000,1.21684,000.00000000,000.00000000,000.00000000,000.07017804,000.37
0.50,0.17425,0.10719,000.00385761,001.25407851,001.49931574,001.15066469,000.53
0.50,0.18677,0.86001,000.00000000,001.56084025,001.98991585,001.85766232,000.31
0.50,0.21458,0.21458,000.00000000,000.98356324,001.01389408,001.12116301,000.41
0.50,0.24654,0.80234,000.00000000,001.40537727,001.98991585,001.57655203,000.35
0.40,1.13524,2.79883,000.00000000,000.00000000,000.00000000,000.30500543,000.39
0.50,0.17425,0.46047,000.00000000,001.38678098,001.98991489,001.39712548,000.32
0.40,2.61112,0.32544,000.00004101,000.14946356,000.15136003,000.31595498,000.51
0.40,2.27268,0.32544,000.00009918,000.30471373,000.38694096,000.36630845,000.59
0.50,0.13200,0.14149,000.00002766,000.99558818,001.12538481,001.00250030,000.38
0.50,0.14149,0.26426,000.00000000,001.10697818,000.99501276,001.24231076,000.35
0.40,1.84546,0.80234,000.00000000,000.00000000,000.00000000,000.23628935,000.39
0.50,0.23001,1.72170,000.00000000,001.38672209,001.98991489,001.67433941,000.29
0.50,0.10000,0.15166,000.00006008,000.97389108,001.02299929,000.99936712,000.40
0.40,2.79883,0.60783,000.00000000,000.00000000,000.00000000,000.00004250,000.48
0.40,2.79883,2.61112,000.00000572,000.01826035,000.01750469,000.18490848,000.43
0.40,2.79883,0.16256,000.02344799,001.09845853,001.17844820,000.53276879,000.45
0.40,2.43603,0.17425,000.08336639,001.24061072,001.29948092,000.57734209,000.45
0.40,1.72170,0.10719,000.05614662,002.49689460,002.87771416,001.40091693,000.45
0.50,0.11489,0.15166,000.00000381,000.87913883,001.02083254,001.09763491,000.46
0.40,1.13524,0.17425,000.02410316,001.37613678,001.66976643,000.91210777,000.45
0.40,1.21684,1.13524,000.00000000,000.21766686,000.00000000,000.60173267,000.31
0.50,0.24654,0.21458,000.00000000,000.85732824,001.00000381,001.09196484,000.40
0.40,1.72170,0.40078,000.00000000,000.17060328,000.17064762,000.34521475,000.44
0.40,1.97810,0.10000,000.43289280,002.55080795,002.88790798,001.40212166,000.44
0.40,2.12028,0.18677,000.04192352,001.26658344,001.38596344,000.55217767,000.43
0.50,0.15166,1.97810,000.00000000,001.33697391,001.98991489,001.79191792,000.29
0.50,0.17425,1.84546,000.00000000,001.51731038,001.98991585,001.61355007,000.28
0.50,0.10719,1.21684,000.00000000,001.86554587,001.98991585,001.98637295,000.29
0.50,0.11489,0.60783,000.00000000,001.66655385,001.98991585,001.94716895,000.27
0.40,1.21684,0.30362,000.00046921,000.29632676,000.35675287,000.49494520,000.42
0.50,0.20020,0.42959,000.00000000,001.08858812,000.99495840,001.30774248,000.30
0.50,0.10719,0.30362,000.00000000,001.12555504,000.99495888,001.31635821,000.29
0.50,0.20020,0.10719,000.00174522,001.34910691,001.57082081,001.14863324,000.44
0.40,2.43603,0.69834,000.00000000,000.00000000,000.00000000,000.12093949,000.44
0.50,0.11489,2.43603,000.00000000,000.99495697,000.99495792,001.39875615,000.28
0.40,1.39805,1.05911,000.00000000,000.00000720,000.00000000,000.39798006,000.34
0.50,0.26426,0.10000,000.00003529,001.69269919,001.98107576,001.32297242,000.43
0.50,0.15166,0.52904,000.00000000,001.45137608,001.98991585,001.94549608,000.28
0.40,1.60625,0.86001,000.00000000,000.00000000,000.00000000,000.19497088,000.36
0.40,1.49854,0.12315,000.13361454,002.18688130,002.36865997,001.15656745,000.45
0.40,1.05911,0.34883,000.00004101,000.24320939,000.21421862,000.54687548,000.42
0.50,0.20020,1.72170,000.00000000,001.51109195,001.98991585,001.74398768,000.30
0.50,0.13200,0.60783,000.00000000,001.52352905,001.98991585,001.71899605,000.30
0.40,2.12028,3.00000,000.00000000,000.00110503,000.00077200,000.02997128,000.43
0.40,1.13524,0.60783,000.00000000,000.00353326,000.00000143,000.37747991,000.39
0.50,0.16256,0.98808,000.00000000,001.87176394,001.98991585,001.91928780,000.28
0.50,0.12315,1.21684,000.00000000,001.62302470,001.98991585,001.77303517,000.28
0.40,2.12028,0.20020,000.01721954,001.08457279,001.14919996,000.52917767,000.45
0.40,2.43603,2.79883,000.00001621,000.00436572,000.00386572,000.12656341,000.43
0.40,1.49854,0.49356,000.00000000,000.01580271,000.00459623,000.27947876,000.42
0.50,0.21458,0.86001,000.00000000,001.59815061,001.98991585,001.93185663,000.28
0.40,1.49854,1.84546,000.00000000,000.09949643,000.00000000,000.54110944,000.32
0.40,1.72170,1.72170,000.00000000,000.00000000,000.00000000,000.43707356,000.35
0.50,0.20020,1.84546,000.00000000,001.35562968,001.98991489,001.70940959,000.28
0.50,0.15166,0.13200,000.00003147,001.00884032,001.20313168,001.04933882,000.37
0.40,1.39805,0.26426,000.00133610,000.46992025,000.60959482,000.48155189,000.44
0.50,0.13200,0.65151,000.00000000,001.55462146,001.98991585,001.67967474,000.28
0.40,2.61112,1.39805,000.00000000,000.00000000,000.00000000,000.16971734,000.37
0.40,1.30430,2.43603,000.00000000,000.00000000,000.00000000,000.39495018,000.33
0.50,0.18677,0.21458,000.00000000,000.99202693,000.99692869,001.02152038,000.39
0.50,0.23001,0.42959,000.00000000,001.00802159,000.99495792,001.31977773,000.30
0.40,1.60625,0.23001,000.00023556,000.70192611,000.99368620,000.52817667,000.46
0.40,1.84546,0.21458,000.01541042,000.94885194,001.11492062,000.51117170,000.45
0.40,1.30430,0.60783,000.00000000,000.00016008,000.00000095,000.35284433,000.43
0.50,0.13200,2.27268,000.00000000,001.24369657,001.98991489,001.72703850,000.30
0.50,0.14149,1.13524,000.00000000,001.64789867,001.98991585,001.63063133,000.28
0.40,1.30430,0.16256,000.01151752,001.68294549,001.99225426,000.81539363,000.42
0.50,0.12315,0.30362,000.00000000,001.27117753,001.98991489,001.44695246,000.30
0.50,0.10000,0.60783,000.00000000,001.90907502,001.98991585,001.97693157,000.28
0.40,2.27268,1.60625,000.00000000,000.00000000,000.00000000,000.28473270,000.34
0.40,1.05911,1.39805,000.00000000,000.59115911,000.99495792,000.84846216,000.31
0.50,0.23001,0.10719,000.00575733,001.32215369,001.44350910,001.29097319,000.41
0.50,0.10000,2.43603,000.00000000,001.06957877,000.99495840,001.56552482,000.29
0.50,0.18677,0.92182,000.00000000,001.58571398,001.98991585,001.59806943,000.29
0.50,0.24654,0.86001,000.00000000,001.56705809,001.98991585,001.70186424,000.29
0.40,2.12028,0.74854,000.00000000,000.00000000,000.00000000,000.12093883,000.39
0.50,0.17425,0.49356,000.00000000,001.26891875,001.98991489,001.54443216,000.29
0.40,3.00000,1.30430,000.00000000,000.00000000,000.00000000,000.09899629,000.38
0.50,0.21458,0.23001,000.00000000,000.87509280,000.99636984,000.96592969,000.38
0.40,3.00000,0.30362,000.00002575,000.02868683,000.02277517,000.29630753,000.44
0.50,0.17425,0.11489,000.00909615,001.28748775,001.50421238,001.01176584,000.39
0.50,0.26426,0.40078,000.00000000,001.18183422,000.99495840,001.16171491,000.33
0.40,1.13524,3.00000,000.00000000,000.00000000,000.00000000,000.16972694,000.36
0.50,0.23001,1.84546,000.00000000,001.39294016,001.98991489,001.64152122,000.29
0.50,0.14149,0.28326,000.00000000,001.21353161,000.99558544,001.26362264,000.32
0.40,2.61112,0.34883,000.00002861,000.08713515,000.07478714,000.28067791,000.42
0.50,0.13200,0.15166,000.00004673,000.86566621,001.05639982,001.22432733,000.36
0.40,1.84546,0.86001,000.00000000,000.00000000,000.00000000,000.16983406,000.36
0.40,2.27268,0.34883,000.00033379,000.28015250,000.33085108,000.34833467,000.43
0.50,0.10000,0.16256,000.00000000,001.01244485,001.02401018,001.10749543,000.37
0.40,2.79883,0.65151,000.00000000,000.00000000,000.00000000,000.07017798,000.41
0.40,2.79883,2.79883,000.00052071,000.08727545,000.09331560,000.25869513,000.43
0.40,1.21684,1.21684,000.00000000,000.35445350,000.00000095,000.66379404,000.31
0.50,0.15166,2.12028,000.00000000,001.23747814,001.98991489,001.72100985,000.28
0.50,0.11489,0.16256,000.00000095,000.99759978,001.03865290,000.99245214,000.36
0.40,2.79883,0.17425,000.00136852,001.03208864,001.14867878,000.56586176,000.43
0.40,2.43603,0.18677,000.02500248,001.13973165,001.21646404,000.55690104,000.43
0.50,0.16256,0.24654,000.00000000,001.06999874,000.99522877,001.07943630,000.34
0.50,0.24654,0.23001,000.00000000,000.84910744,000.99584627,000.86279440,000.37
0.40,1.72170,0.11489,000.74930859,002.48871827,002.73855209,001.18500435,000.42
0.50,0.17425,1.97810,000.00000000,001.47378087,001.98991585,001.68684876,000.29
0.40,1.13524,0.18677,000.02748203,001.25000417,001.43587494,000.94012326,000.41
0.50,0.11489,0.65151,000.00000000,001.63546157,001.98991585,002.00438786,000.29
0.40,1.72170,0.42959,000.00000191,000.13208012,000.13929701,000.31475621,000.42
0.40,1.97810,0.10719,000.05005264,002.45985079,002.76332617,001.35406244,000.43
0.50,0.20020,0.46047,000.00000000,001.33090580,001.98991489,001.35832763,000.30
0.50,0.14149,0.30362,000.00000000,001.10689032,000.99495888,001.27455032,000.34
0.50,0.10719,0.32544,000.00000000,001.24377215,001.98991489,001.54170251,000.30
0.50,0.11489,2.61112,000.00000000,000.84571344,000.99495792,001.28865290,000.29
0.40,1.21684,0.32544,000.00004196,000.25466675,000.28396797,000.46321523,000.44
0.40,1.39805,1.13524,000.00000000,000.16794384,000.00000000,000.53741407,000.32
0.50,0.15166,0.56707,000.00000000,001.52974725,001.98991585,001.61041117,000.28
0.50,0.20020,0.11489,000.00287533,001.25636923,001.48388910,000.98771077,000.43
0.40,2.43603,0.74854,000.00000000,000.00000000,000.00000000,000.07023991,000.40
0.40,1.97810,1.60625,000.00000000,000.01249710,000.00000000,000.40522993,000.34
0.50,0.26426,0.10719,000.00431824,001.53745675,001.99696875,001.28333426,000.40
0.50,0.16256,1.05911,000.00000000,001.55462122,001.98991585,001.98467779,000.28
0.40,1.60625,0.92182,000.00000000,000.00000000,000.00000000,000.29846558,000.36
0.50,0.12315,1.30430,000.00000000,001.82201636,001.98991632,001.92044902,000.29
0.50,0.21458,0.92182,000.00000000,001.57327700,001.98991585,001.75394833,000.28
0.40,1.05911,0.37391,000.00000000,000.18142836,000.09226322,000.49982306,000.42
0.40,2.43603,0.20020,000.00231838,001.08380878,001.15617418,000.50379056,000.44
0.40,1.13524,0.65151,000.00000000,000.03574909,000.00000000,000.50202996,000.39
0.40,2.27268,0.10000,000.23153782,002.41398382,002.63819885,001.34614873,000.43
0.40,1.97810,0.37391,000.00012684,000.25131509,000.27573013,000.37185654,000.44
0.40,1.49854,1.97810,000.00000000,000.08105094,000.00000000,000.45269397,000.32
0.40,2.12028,0.21458,000.01277924,000.94306594,001.08520699,000.45392221,000.43
0.40,2.43603,3.00000,000.00002098,000.03172032,000.02983379,000.21647021,000.44
0.40,1.49854,0.52904,000.00000000,000.00547270,000.00136948,000.24121450,000.42
0.40,1.72170,1.84546,000.00000000,000.04975981,000.00000000,000.48099107,000.38
0.50,0.13200,0.69834,000.00000000,001.62302423,001.98991585,001.74543393,000.28
0.50,0.20020,1.97810,000.00000000,001.31209970,001.98991489,001.66915143,000.36
0.50,0.15166,0.14149,000.00086975,001.02256405,001.22166300,001.21415985,000.36
0.50,0.23001,0.46047,000.00000000,001.13799155,000.99495888,001.33130717,000.30
0.40,1.30430,2.61112,000.00000000,000.00000000,000.00000000,000.31739828,000.37
0.50,0.21458,0.98808,000.00000000,001.67277217,001.98991585,001.60219145,000.30
0.50,0.18677,0.23001,000.00000000,000.95412910,000.99520016,001.13838148,000.38
0.40,2.61112,1.49854,000.00000000,000.00000000,000.00000000,000.24528281,000.41
0.40,1.39805,0.28326,000.00020027,000.40272704,000.54204416,000.49544895,000.46
0.50,0.12315,0.32544,000.00000000,001.27557540,001.98991489,001.46343935,000.29
0.50,0.10000,0.65151,000.00000000,001.63546157,001.98991585,001.90801024,000.30
0.50,0.14149,1.21684,000.00000000,001.66655445,001.98991585,001.94452477,000.36
0.40,1.84546,0.23001,000.00981808,000.79521477,001.03631020,000.53259218,000.44
0.40,1.60625,0.24654,000.00023556,000.68390000,000.91738796,000.43259764,000.45
0.40,1.05911,1.49854,000.00000000,000.64672202,000.99495792,000.90370101,000.30
0.50,0.10000,2.61112,000.00000000,000.95142764,000.99495792,001.30030501,000.29
0.40,2.27268,1.72170,000.00000000,000.00000000,000.00000000,000.33828565,000.35
0.50,0.18677,0.98808,000.00000000,001.62302458,001.98991585,002.01202297,000.29
0.40,1.30430,0.17425,000.06105804,001.42616558,001.72453833,000.88762790,000.42
0.50,0.24654,0.92182,000.00000000,001.59815085,001.98991585,001.60431397,000.29
0.40,1.30430,0.65151,000.00000000,000.00000849,000.00000000,000.31136459,000.50
0.50,0.17425,0.52904,000.00000000,001.38672268,001.98991489,001.57831788,000.29
0.40,2.12028,0.80234,000.00000000,000.00000000,000.00000000,000.15533684,000.39
0.50,0.23001,0.11489,000.00039577,001.34664798,001.60372543,001.14755130,000.44
0.40,3.00000,1.39805,000.00000000,000.00000000,000.00000000,000.00381216,000.40
0.50,0.26426,1.60625,000.00000000,001.39915907,001.98991537,001.52989960,000.29
0.50,0.26426,0.42959,000.00000000,001.16926014,000.99866056,001.30693948,000.32
0.50,0.21458,0.24654,000.00000000,000.98640740,000.99539042,001.27596486,000.38
0.50,0.23001,1.97810,000.00000000,001.33075500,001.98991489,001.48937333,000.30
0.50,0.10719,1.30430,000.00000000,001.69142783,001.98991585,001.89302862,000.30
0.50,0.17425,0.12315,000.00049973,001.06499076,001.22819233,001.16829431,000.38
0.40,3.00000,0.32544,000.00000000,000.01047231,000.00718164,000.20248948,000.44
0.40,1.84546,0.92182,000.00000000,000.00000000,000.00000000,000.18285069,000.36
0.40,1.21684,1.30430,000.00000000,000.41674298,000.99495697,000.72042757,000.31
0.50,0.10000,0.17425,000.00000000,000.97415751,001.00942278,001.12023818,000.36
0.50,0.13200,0.16256,000.00000000,001.00338614,001.11882448,001.14330256,000.43
0.40,2.61112,0.37391,000.00000763,000.04568008,000.02626324,000.30972832,000.43
0.40,2.27268,0.37391,000.00000763,000.17983451,000.20100498,000.34396735,000.44
0.50,0.15166,2.27268,000.00000000,001.22504079,001.49243689,001.35416663,000.37
0.40,2.79883,3.00000,000.00196648,000.23220566,000.26721096,000.38974124,000.49
0.50,0.16256,0.26426,000.00000000,001.08841312,000.99497366,001.09382904,000.33
0.50,0.11489,0.17425,000.00000000,000.97504556,001.00697136,001.13839185,000.43
0.50,0.11489,0.69834,000.00000000,001.69161248,001.98991585,001.78435445,000.28
0.40,1.49854,0.13200,000.72258854,002.27508807,002.52268839,001.08853376,000.43
0.50,0.28326,0.20020,000.00000000,000.88795185,001.03177834,000.92155355,000.44
0.50,0.17425,2.12028,000.00000000,001.24369645,001.98991489,001.55098510,000.40
0.50,0.28326,0.80234,000.00000000,001.24991488,001.98991489,001.55735517,000.38
0.50,0.10719,0.34883,000.00000000,001.31832802,001.98991489,001.59651542,000.29
0.40,1.72170,0.12315,000.44479942,002.12452173,002.38852835,001.07250524,000.42
0.40,2.79883,0.18677,000.01212788,000.87874472,001.06314468,000.52393866,000.53
0.40,2.79883,0.69834,000.00000000,000.00000000,000.00000000,000.10003817,000.62
0.50,0.20020,0.49356,000.00000000,001.26236892,001.98991489,001.54439068,000.39
0.50,0.24654,0.24654,000.00000000,000.89353150,000.99503660,000.98181236,000.49
0.40,1.39805,1.21684,000.00000000,000.14924359,000.00000000,000.64319229,000.31
0.40,1.97810,0.11489,000.09837055,002.30824709,002.65059280,001.10930169,000.46
0.50,0.11489,2.79883,000.00000000,000.69025141,000.99495792,001.36674523,000.38
0.40,1.72170,0.46047,000.00000095,000.07084922,000.05446434,000.31351489,000.48
0.50,0.14149,0.32544,000.00000000,001.23760343,001.98991489,001.27465570,000.41
0.50,0.15166,0.60783,000.00000000,001.71630251,001.98991585,001.71972287,000.36
0.40,1.97810,1.72170,000.00000000,000.00000000,000.00000000,000.40656456,000.35
0.40,2.43603,0.80234,000.00000000,000.00000000,000.00000000,000.07017801,000.39
0.40,1.21684,0.34883,000.00002289,000.19872591,000.19093418,000.42902043,000.43
0.50,0.16256,1.13524,000.00000000,001.51109195,001.98991585,001.83191180,000.30
0.50,0.12315,1.39805,000.00000000,001.52352881,001.98991585,001.88674378,000.28
0.50,0.20020,0.12315,000.00026131,001.18787754,001.34854317,001.03369784,000.45
0.50,0.13200,2.43603,000.00000000,001.10688961,000.99495888,001.41448522,000.32
0.50,0.26426,0.11489,000.00829983,001.41683793,001.64412260,001.21505272,000.40
0.40,1.60625,0.98808,000.00000000,000.00000000,000.00000000,000.24524471,000.37
0.50,0.30362,0.10000,000.02626228,002.18096781,002.43388939,001.31386971,000.42
0.50,0.13200,0.74854,000.00000000,001.84067178,001.98991585,001.90427220,000.28
0.40,1.49854,2.12028,000.00000000,000.00001591,000.00000000,000.45439923,000.34
0.40,1.13524,0.69834,000.00000000,000.00071515,000.00000000,000.43675596,000.40
0.40,2.43603,0.21458,000.03043556,000.93860090,001.07178307,000.50536042,000.48
0.50,0.20020,2.12028,000.00000000,001.20638549,000.99495792,001.82335198,000.30
0.40,1.72170,1.97810,000.00000000,000.00000002,000.00000000,000.38624269,000.36
0.50,0.23001,0.49356,000.00000000,001.20019829,000.99497366,001.53222358,000.32
0.50,0.21458,1.05911,000.00000000,001.61058748,001.98991585,001.59875011,000.30
0.40,1.97810,0.40078,000.00005817,000.16328828,000.15779400,000.32529601,000.46
0.40,2.12028,0.23001,000.00689411,000.89882171,001.04125023,000.42374605,000.44
0.40,1.49854,0.56707,000.00000000,000.00062432,000.00002241,000.23970988,000.42
0.50,0.15166,0.15166,000.00000477,001.00649858,001.10483885,001.07276571,000.38
0.40,2.61112,0.10000,000.41660309,002.08761859,002.28321362,001.18469167,000.46
0.40,2.27268,0.10719,000.47652817,002.17607069,002.42212343,001.18122983,000.49
0.50,0.18677,0.24654,000.00000000,001.02635074,000.99499750,001.21812379,000.36
0.40,1.30430,2.79883,000.00000000,000.00000000,000.00000000,000.28473806,000.37
0.50,0.12315,0.34883,000.00000000,001.29363668,001.98991489,001.48488045,000.32
0.50,0.10000,0.69834,000.00000000,001.85932732,001.98991680,001.87017691,000.31
0.50,0.20020,0.13200,000.00002670,001.05399942,001.19876671,000.94341642,000.40
0.40,1.39805,0.30362,000.00032425,000.29571974,000.34547234,000.41636664,000.44
0.50,0.14149,1.30430,000.00000000,001.72873914,001.98991585,001.80736876,000.33
0.50,0.30362,1.60625,000.00000000,001.43647003,001.98991489,001.71190596,000.31
0.50,0.18677,1.05911,000.00000000,001.75362277,001.98991585,001.92080379,000.30
0.50,0.10000,2.79883,000.00000000,000.62184811,000.99495792,001.27276719,000.33
0.50,0.30362,0.40078,000.00000000,001.03852081,000.99495792,001.15961707,000.40
0.40,2.27268,1.84546,000.00000000,000.00000000,000.00000000,000.28471589,000.37
0.50,0.24654,0.98808,000.00000000,001.64789891,001.98991585,001.69154418,000.34
0.40,1.84546,0.24654,000.00605583,000.67025548,000.98209667,000.49371138,000.46
0.50,0.26426,1.72170,000.00000000,001.14420056,000.99495792,001.62667906,000.30
0.50,0.17425,0.56707,000.00000000,001.49243689,001.98991489,001.52624595,000.36
0.40,1.60625,0.26426,000.00224018,000.52822936,000.69615602,000.44063589,000.49
0.40,1.30430,0.69834,000.00000000,000.00000067,000.00000000,000.34896222,000.39
0.40,2.12028,0.86001,000.00000000,000.00000000,000.00000000,000.19673766,000.38
0.50,0.26426,0.46047,000.00000000,001.09479928,000.99518204,001.34007633,000.35
0.40,1.30430,0.18677,000.06695938,001.21114218,001.35177279,000.76686084,000.44
0.40,3.00000,1.49854,000.00000000,000.00000000,000.00000000,000.00000106,000.39
0.50,0.23001,2.12028,000.00000000,001.11932671,000.99495888,001.55175185,000.35
0.50,0.10719,1.39805,000.00000000,001.89041972,001.98991585,002.09649897,000.29
0.40,1.21684,1.39805,000.00000000,000.38554582,000.99495697,000.70747638,000.34
0.50,0.23001,0.12315,000.00530148,001.41248035,001.61318684,001.14131284,000.51
0.40,1.84546,0.98808,000.00000000,000.00000000,000.00000000,000.21684584,000.37
0.50,0.17425,0.13200,000.00002766,001.00032520,001.15302277,001.18409634,000.38
0.50,0.21458,0.26426,000.00000000,000.93588430,000.99497128,001.06290805,000.49
0.50,0.10000,0.18677,000.00000000,000.88880026,000.99625254,001.27607000,000.37
0.50,0.13200,0.17425,000.00000000,000.96234971,001.01901817,001.07224834,000.38
0.40,3.00000,0.34883,000.00000000,000.00464632,000.00268555,000.20175667,000.46
0.50,0.11489,0.74854,000.00000000,001.66655421,001.98991585,001.74074090,000.29
0.50,0.17425,2.27268,000.00000000,001.26857066,001.98991489,001.74894679,000.29
0.50,0.10719,0.37391,000.00000000,001.29977059,001.98991489,001.50073910,000.29
0.50,0.28326,0.86001,000.00000000,001.44890714,001.98991585,001.81371057,000.29
0.40,2.61112,0.40078,000.00000000,000.01217385,000.00854921,000.20504768,000.43
0.50,0.16256,0.28326,000.00000000,001.04481208,000.99495888,001.32647085,000.35
0.50,0.15166,2.43603,000.00000000,000.96386462,000.99495792,001.28899825,000.40
0.40,2.27268,0.40078,000.00000000,000.10348960,000.08841181,000.30609706,000.43
0.50,0.11489,0.18677,000.00000000,000.95708811,000.99950743,001.08636785,000.40
0.50,0.28326,0.21458,000.00000763,000.89557427,001.01613760,001.14452004,000.38
0.50,0.20020,0.52904,000.00000000,001.49869001,001.98991585,001.57973266,000.31
0.40,1.39805,1.30430,000.00000000,000.08705875,000.00000000,000.50535131,000.31
0.40,1.72170,0.13200,000.19888878,002.06867552,002.23610568,000.95107317,000.43
0.50,0.11489,3.00000,000.00000000,000.48504153,000.99495697,000.96341479,000.30
0.40,1.49854,0.14149,000.17446995,002.05338573,002.33006001,000.85792482,000.49
0.50,0.14149,0.34883,000.00000000,001.18775618,001.98991489,001.32639515,000.30
0.40,3.00000,0.10000,000.03201008,001.65096974,001.99892282,000.90486097,000.59
0.40,2.79883,0.74854,000.00000000,000.00000000,000.00000000,000.07017788,000.45
0.50,0.15166,0.65151,000.00000000,001.66033578,001.98991585,001.77847135,000.28
0.40,2.79883,0.20020,000.01641273,000.77230042,001.02605629,000.49308941,000.49
0.40,1.97810,0.12315,000.39338303,002.04738283,002.34062147,001.13426387,000.43
0.50,0.24654,0.26426,000.00000000,001.00891531,000.99498844,001.09558249,000.46
0.50,0.16256,1.21684,000.00000000,001.49243641,001.98991585,001.71721041,000.28
0.50,0.12315,1.49854,000.00000000,001.71630192,001.98991585,001.93929899,000.28
0.40,1.97810,1.84546,000.00000000,000.00000039,000.00000000,000.41093779,000.34
0.40,1.72170,0.49356,000.00000000,000.02671134,000.01577234,000.22909158,000.45
0.50,0.13200,2.61112,000.00000000,001.09445262,000.99495792,001.40905070,000.30
0.40,2.61112,1.60625,000.00000000,000.00000000,000.00000000,000.16971098,000.37
0.40,2.43603,0.86001,000.00000000,000.00000000,000.00000000,000.13929406,000.38
0.40,1.60625,1.05911,000.00000000,000.00000000,000.00000000,000.37752712,000.34
0.40,1.21684,0.37391,000.00000286,000.10809124,000.10323572,000.32166991,000.42
0.50,0.13200,0.80234,000.00000000,001.64168012,001.98991585,001.93666184,000.29
0.50,0.26426,0.12315,000.00187016,001.37551641,001.59520864,001.15281713,000.40
0.40,1.49854,2.27268,000.00000000,000.00000000,000.00000000,000.35043409,000.34
0.50,0.20020,2.27268,000.00000000,001.04470479,000.99495792,001.27769840,000.29
0.50,0.30362,0.10719,000.01679230,001.78541851,002.05712795,001.24489510,000.40
0.50,0.21458,1.13524,000.00000000,001.55462146,001.98991585,001.87516463,000.28
0.50,0.23001,0.52904,000.00000000,001.35562921,001.98991489,001.37865329,000.29
0.40,1.13524,0.74854,000.00000000,000.04475141,000.00000000,000.49945489,000.37
0.40,1.72170,2.12028,000.00000000,000.00000000,000.00000000,000.41544813,000.35
0.40,2.43603,0.23001,000.00541496,000.78234464,001.01171064,000.41825402,000.44
0.50,0.15166,0.16256,000.00000191,000.89743996,001.06037235,001.05446291,000.37
0.50,0.12315,0.37391,000.00000000,001.25616097,001.98991489,001.63789451,000.29
0.50,0.10000,0.74854,000.00000000,001.56705844,001.98991585,001.67587674,000.27
0.40,1.49854,0.60783,000.00000000,000.00012963,000.00000095,000.22080688,000.41
0.40,2.12028,0.24654,000.00644302,000.68270963,000.99659204,000.45008725,000.43
0.50,0.18677,0.26426,000.00000000,001.01471686,000.99496222,000.88715267,000.35
0.40,1.97810,0.42959,000.00000000,000.13710138,000.14465284,000.33534765,000.45
0.40,1.30430,3.00000,000.00000000,000.00000000,000.00000000,000.22443727,000.38
0.40,2.27268,0.11489,000.17669106,002.12111163,002.34594679,001.17490411,000.45
0.40,2.61112,0.10719,000.06479549,001.95310879,002.15164661,001.06570590,000.47
0.50,0.14149,1.39805,000.00000000,001.61058772,001.98991585,001.84563172,000.29
0.50,0.20020,0.14149,000.00013447,001.11982214,001.32984018,001.07720923,000.38
0.50,0.18677,1.13524,000.00000000,001.44890702,001.98991585,001.76524985,000.27
0.50,0.30362,1.72170,000.00000000,001.33697379,001.98991489,001.50589895,000.30
0.50,0.23001,0.56707,000.00000000,001.40538931,001.98991489,001.50359118,000.29
0.50,0.10000,3.00000,000.00000000,000.47882304,000.99495697,000.83539408,000.30
0.40,1.39805,0.32544,000.00007629,000.25742573,000.30604601,000.37013701,000.41
0.50,0.24654,1.05911,000.00000000,001.72252047,001.98991585,001.75145698,000.29
0.50,0.26426,1.84546,000.00000000,001.18151140,000.99495888,001.90021086,000.30
0.50,0.17425,0.60783,000.00000000,001.55462134,001.98991585,001.74028671,000.33
0.40,2.27268,1.97810,000.00000000,000.00000000,000.00000000,000.30154526,000.44
0.50,0.32544,0.80234,000.00000000,001.46134377,001.98991489,001.42400682,000.29
0.50,0.23001,2.27268,000.00000000,001.08823419,000.99495792,001.24944425,000.28
0.50,0.26426,0.49356,000.00000000,001.20638537,001.98991489,001.32294726,000.31
0.40,1.30430,0.74854,000.00000000,000.00000048,000.00000000,000.31747270,000.39
0.40,3.00000,1.60625,000.00000000,000.00000000,000.00000000,000.00001083,000.39
0.40,1.84546,1.05911,000.00000000,000.00000000,000.00000000,000.27741954,000.35
0.50,0.10719,1.49854,000.00000000,001.75983119,001.98991585,001.92065310,000.40
0.40,1.60625,0.28326,000.00029850,000.40886813,000.51347017,000.41992262,000.52
0.50,0.13200,0.18677,000.00000000,000.92884302,001.00851011,001.05703783,000.37
0.40,2.12028,0.92182,000.00000000,000.00000000,000.00000000,000.10101421,000.52
0.50,0.10719,0.40078,000.00000000,001.52974713,001.98991585,001.43256998,000.29
0.50,0.32544,0.20020,000.00000095,000.92495930,001.03972006,000.87379813,000.56
0.40,1.21684,1.49854,000.00000000,000.34203357,000.00000000,000.92950368,000.50
0.50,0.32544,0.86001,000.00000000,001.47378206,001.98991585,001.52263391,000.29
0.40,1.84546,0.26426,000.00241375,000.56792706,000.72426319,000.43589669,000.70
0.50,0.11489,0.80234,000.00000000,001.82823443,001.98991585,002.09838605,000.46
0.50,0.14149,0.37391,000.00000000,001.24369621,001.98991489,001.45807946,000.29
0.50,0.17425,2.43603,000.00000000,000.97008306,000.99495792,001.20918000,000.40
0.50,0.10000,0.20020,000.00000000,000.92780364,000.99542809,001.03103220,000.55
0.50,0.28326,0.23001,000.00000000,000.83188546,000.99845934,001.01258349,000.38
0.40,1.39805,1.39805,000.00000000,000.28605014,000.00000000,000.61325377,000.39
0.50,0.28326,0.92182,000.00000000,001.48621786,001.98991489,001.68015349,000.41
0.50,0.20020,0.56707,000.00000000,001.44277167,001.98991585,001.50112009,000.42
0.40,1.72170,0.14149,000.15389156,001.82643533,002.07166862,000.85108680,000.42
0.50,0.23001,0.13200,000.01123428,001.23093104,001.44872904,001.21326160,000.66
0.40,3.00000,0.37391,000.00000000,000.00098813,000.00051975,000.15752527,000.62
0.50,0.15166,2.61112,000.00000000,000.80218410,000.99495792,001.30327165,000.45
0.50,0.21458,0.28326,000.00000000,001.07581317,000.99497509,001.17715585,000.64
0.50,0.16256,0.30362,000.00000000,001.10288882,000.99496174,001.32515943,000.46
0.50,0.17425,0.14149,000.00142479,001.04257798,001.16312742,001.04965293,000.66
0.50,0.15166,0.69834,000.00000000,001.59815073,001.98991585,001.72313809,000.39
0.50,0.11489,0.20020,000.00000000,000.91537189,000.99529314,000.85802865,000.55
0.50,0.16256,1.30430,000.00000000,001.59815073,001.98991585,001.78864801,000.34
0.40,2.27268,0.42959,000.00000000,000.05034285,000.03078651,000.27342293,000.60
0.50,0.12315,0.10000,000.00004005,001.21873927,001.48813725,001.12483478,000.55
0.40,1.49854,0.15166,000.03310871,001.79087234,002.11242294,000.73876899,000.58
0.40,1.97810,0.13200,000.72237015,002.01281738,002.21946096,000.94541860,000.46
0.50,0.24654,0.28326,000.00000000,000.96550608,000.99496222,001.06718504,000.44
0.40,2.79883,0.80234,000.00000000,000.00000000,000.00000000,000.09899706,000.51
0.50,0.12315,1.60625,000.00000000,001.61680639,001.98991585,001.59440947,000.35
0.50,0.13200,2.79883,000.00000000,000.65294051,000.99495792,000.93588120,000.30
0.40,3.00000,0.10719,000.18203354,001.52074301,001.76343822,000.83710998,000.58
0.40,2.79883,0.21458,000.00143242,000.70366323,001.00646305,000.43439278,000.55
0.40,1.97810,1.97810,000.00000000,000.00000000,000.00000000,000.36002615,000.38
0.50,0.13200,0.86001,000.00000000,001.79714239,001.98991585,002.15572953,000.28
0.50,0.21458,1.21684,000.00000000,001.72873855,001.98991585,001.85582888,000.28
0.50,0.20020,2.43603,000.00000000,001.05714178,000.99495792,001.26930201,000.29
0.40,1.60625,1.13524,000.00000000,000.00702549,000.00000000,000.45743895,000.35
0.40,2.61112,1.72170,000.00000000,000.00000000,000.00000000,000.19497107,000.39
0.40,1.72170,0.52904,000.00000000,000.00727700,000.00182676,000.20850533,000.43
0.40,2.43603,0.92182,000.00000000,000.00000000,000.00000000,000.15532777,000.39
0.40,1.49854,2.43603,000.00000000,000.00000000,000.00000000,000.30500096,000.34
0.50,0.34883,0.10000,000.08171463,002.20109177,002.56088161,001.57612848,000.44
0.50,0.26426,0.13200,000.00140858,001.28249097,001.43705940,001.09310353,000.41
0.50,0.30362,0.42959,000.00000000,000.93916571,000.99495792,001.16597664,000.36
0.50,0.30362,0.11489,000.00540924,001.67073727,002.03921556,001.29321802,000.47
0.50,0.10000,0.80234,000.00000000,001.71008372,001.98991585,001.77401197,000.28
0.50,0.12315,0.40078,000.00000000,001.34325600,001.98991585,001.48273742,000.31
0.50,0.34883,0.40078,000.00000000,001.00129724,000.99495792,001.04364598,000.35
0.40,1.72170,2.27268,000.00000000,000.00000000,000.00000000,000.31462198,000.38
0.50,0.15166,0.17425,000.00000381,000.89391422,001.02562141,001.17381632,000.37
0.50,0.30362,1.84546,000.00000000,001.10688961,000.99495840,001.30027664,000.28
0.50,0.18677,1.21684,000.00000000,001.75983143,001.98991585,001.82625496,000.29
0.50,0.14149,1.49854,000.00000000,001.59815097,001.98991585,001.90751719,000.29
0.50,0.34883,1.60625,000.00000000,001.24369621,001.98991489,001.38473475,000.30
0.50,0.18677,0.28326,000.00000000,000.95157892,000.99495888,001.13701499,000.33
0.40,2.43603,0.24654,000.00103664,000.63922751,000.94172478,000.44674492,000.46
0.40,1.49854,0.65151,000.00000000,000.00000197,000.00000000,000.22233620,000.41
0.50,0.20020,0.15166,000.00030804,001.08438420,001.14033318,001.13442051,000.38
0.40,2.43603,0.98808,000.00000000,000.00000000,000.00000000,000.12093958,000.36
0.40,2.12028,0.26426,000.00919247,000.57765210,000.77302933,000.42322448,000.46
0.40,1.97810,0.46047,000.00000000,000.05895755,000.04992199,000.26225051,000.42
0.40,2.27268,0.12315,000.29487610,002.01824379,002.20928907,001.04070497,000.44
0.40,2.61112,0.11489,000.04464626,001.93498361,002.17358923,001.01115119,000.44
0.50,0.24654,1.13524,000.00000000,001.52974749,001.98991585,001.83393598,000.29
0.50,0.26426,1.97810,000.00000000,001.21260417,001.49243689,001.68720806,000.29
0.50,0.17425,0.65151,000.00000000,001.59193218,001.98991585,001.79930532,000.31
0.50,0.10719,0.10000,000.00117302,001.10283113,001.32402706,001.02887499,000.39
0.50,0.23001,2.43603,000.00000000,000.88302433,000.99495792,001.41507137,000.29
0.40,1.39805,0.34883,000.00000668,000.25157553,000.30021048,000.39879739,000.46
0.40,2.27268,2.12028,000.00000000,000.00000000,000.00000000,000.20639552,000.38
0.50,0.26426,0.52904,000.00000000,001.13177371,000.99495888,001.29412019,000.35
0.50,0.10719,1.60625,000.00000000,001.75983107,001.98991585,001.88651311,000.30
0.40,1.84546,1.13524,000.00000000,000.00000000,000.00000000,000.28473264,000.34
0.50,0.10719,0.42959,000.00000000,001.52974749,001.98991585,001.67309093,000.28
0.40,3.00000,1.72170,000.00000000,000.00000000,000.00000000,000.07017793,000.41
0.50,0.37391,0.80234,000.00000000,001.43025136,001.98991537,001.73954666,000.30
0.40,2.61112,0.42959,000.00000000,000.00290854,000.00169373,000.13314897,000.46
0.50,0.32544,0.92182,000.00000000,001.40537715,001.98991489,001.63715053,000.33
0.50,0.37391,0.20020,000.00000000,000.87862432,001.06948423,001.15878272,000.45
0.50,0.11489,0.86001,000.00000000,001.89663827,001.98991632,002.06977415,000.28
0.50,0.13200,0.20020,000.00000000,001.00789523,000.99901628,001.00213659,000.36
0.40,1.60625,0.30362,000.00658703,000.38357559,000.46880198,000.37567458,000.44
0.40,2.43603,1.05911,000.00000000,000.00000000,000.00000000,000.16972710,000.39
0.50,0.14149,0.40078,000.00000000,001.28722596,001.98991489,001.45655036,000.29
0.50,0.32544,0.21458,000.00000000,000.84095383,001.00461483,000.90111166,000.41
0.50,0.17425,2.61112,000.00000000,000.87680590,000.99495792,001.52689445,000.30
0.50,0.10000,0.21458,000.00000000,001.00658715,000.99531364,001.19013119,000.34
0.40,1.39805,1.49854,000.00000000,000.23653039,000.00000000,000.59433067,000.32
0.50,0.28326,0.24654,000.00000000,000.81948483,000.99503183,000.96060371,000.39
0.40,2.27268,0.13200,000.01617050,001.79809093,002.09168816,000.89813846,000.48
0.50,0.20020,0.60783,000.00000000,001.35562909,001.98991489,001.51397109,000.31
0.50,0.28326,0.98808,000.00000000,001.52352870,001.98991585,001.67583907,000.36
0.50,0.15166,2.79883,000.00000000,000.78352863,000.99495792,001.46765423,000.31
0.50,0.16256,1.39805,000.00000000,001.75361311,001.98991585,001.88438118,000.28
0.40,1.72170,0.15166,000.02283096,001.73147047,002.03091145,000.80513519,000.43
0.50,0.13200,0.21458,000.00000000,000.94729835,000.99520826,001.13177192,000.35
0.50,0.17425,0.15166,000.00000954,001.07456946,001.26248884,001.12892532,000.39
0.50,0.16256,0.32544,000.00000000,001.10729373,000.99495888,001.28548312,000.41
0.50,0.40078,0.10000,000.17646217,002.36139226,002.58998013,001.58632243,000.53
0.50,0.11489,0.21458,000.00000000,001.02681434,000.99541950,001.08801234,000.34
0.50,0.23001,0.14149,000.00288105,001.16558969,001.34395885,001.18703699,000.50
0.40,3.00000,0.40078,000.00000000,000.00024850,000.00007057,000.09943882,000.48
0.40,1.60625,0.32544,000.00079060,000.36546817,000.47556973,000.36287940,000.43
0.50,0.21458,0.30362,000.00000000,000.93332928,000.99495792,001.02670062,000.48
0.50,0.40078,0.40078,000.00000000,000.87755775,000.99495792,001.00415981,000.34
0.50,0.24654,0.30362,000.00000000,000.98876429,000.99495888,001.20432854,000.38
0.50,0.10000,0.23001,000.00000000,001.10477006,000.99525452,001.18564296,000.36
0.40,2.27268,0.46047,000.00000000,000.01914873,000.01193142,000.17623383,000.42
0.50,0.12315,0.10719,000.00082493,001.21262777,001.38207102,001.11648166,000.42
0.50,0.13200,3.00000,000.00000000,000.49747849,000.99495697,000.91967654,000.31
0.40,1.49854,0.16256,000.01300716,001.63110960,001.99228954,000.74362713,000.44
0.40,1.97810,0.14149,000.05709839,001.82859957,002.07792377,000.90642112,000.44
0.50,0.12315,1.72170,000.00000000,001.49865508,001.98991585,001.94910002,000.38
0.50,0.13200,0.92182,000.00000000,001.74117601,001.98991585,002.20341587,000.28
0.50,0.20020,2.61112,000.00000000,000.88924283,000.99495792,001.32249904,000.29
0.40,3.00000,0.11489,000.03465462,001.47154784,001.80162048,000.76525402,000.44
0.40,1.60625,1.21684,000.00000000,000.00000000,000.00000000,000.36930892,000.32
0.40,1.97810,2.12028,000.00000000,000.00000000,000.00000000,000.34000015,000.36
0.50,0.21458,1.30430,000.00000000,001.54840279,001.98991585,001.82408524,000.38
0.50,0.23001,0.60783,000.00000000,001.33076048,001.98991489,001.66338837,000.28
0.50,0.10000,0.86001,000.00000000,001.72873938,001.98991632,002.09971333,000.28
0.40,2.79883,0.23001,000.00094795,000.62518895,000.98152685,000.48181912,000.49
0.40,2.61112,1.84546,000.00000000,000.00000000,000.00000000,000.19548154,000.38
0.40,1.49854,2.61112,000.00000000,000.00000000,000.00000000,000.18284295,000.36
0.50,0.30362,0.46047,000.00000000,001.12559307,000.99495935,001.32809150,000.38
0.40,1.72170,0.56707,000.00000000,000.00089173,000.00004530,000.21868955,000.41
0.50,0.12315,0.42959,000.00000000,001.42403269,001.98991489,001.55531931,000.36
0.50,0.26426,0.14149,000.00037479,001.15579200,001.33548546,001.30170453,000.41
0.50,0.30362,1.97810,000.00000000,001.21882224,001.49243689,001.62061942,000.35
0.50,0.18677,1.30430,000.00000000,001.52352893,001.98991585,001.99100947,000.28
0.40,1.72170,2.43603,000.00000000,000.00000000,000.00000000,000.25556770,000.38
0.50,0.34883,0.10719,000.04904556,002.15725851,002.46626568,001.33843768,000.45
0.50,0.30362,0.12315,000.00102043,001.47253108,001.74277973,001.19722807,000.44
0.50,0.15166,0.18677,000.00000000,000.91954792,001.00678873,001.17521000,000.39
0.50,0.34883,1.72170,000.00000000,001.21260405,000.99495888,001.48604655,000.28
0.50,0.14149,1.60625,000.00000000,001.56705832,001.98991585,001.77735746,000.31
0.50,0.18677,0.30362,000.00000000,001.12565958,000.99496031,001.35460019,000.35
0.40,1.97810,0.15166,000.16850185,001.61049771,001.95300770,000.78303456,000.52
0.40,2.12028,0.98808,000.00000000,000.00000000,000.00000000,000.20623896,000.36
0.40,2.43603,0.26426,000.00177193,000.51424080,000.65330982,000.44361302,000.43
0.40,1.49854,0.69834,000.00000000,000.00000004,000.00000000,000.21134815,000.40
0.50,0.20020,0.16256,000.00008202,000.92741746,001.05976963,001.22326744,000.41
0.50,0.24654,1.21684,000.00000000,001.52352881,001.98991585,001.84790516,000.28
0.50,0.26426,2.12028,000.00000000,001.20016694,000.99495888,001.44100606,000.29
0.50,0.17425,0.69834,000.00000000,001.61058736,001.98991585,001.62040722,000.28
0.50,0.23001,2.61112,000.00000000,000.75243622,000.99495792,001.24468100,000.31
0.40,1.84546,0.28326,000.00002480,000.46648461,000.56541777,000.42293349,000.43
0.40,2.12028,0.28326,000.00852585,000.45576042,000.58042717,000.40146244,000.44
0.40,2.61112,0.12315,000.34401798,001.77006185,002.06142235,000.95061243,000.44
0.40,1.97810,0.49356,000.00000000,000.02079552,000.00959063,000.27083191,000.44
0.50,0.26426,0.56707,000.00000000,001.29344428,001.98991489,001.37415826,000.29
0.50,0.10719,1.72170,000.00000000,001.52974701,001.98991489,001.99239969,000.29
0.50,0.10719,0.10719,000.00138950,001.06341434,001.29434919,001.00562918,000.36
0.40,1.84546,1.21684,000.00000000,000.00000000,000.00000000,000.34376469,000.33
0.40,2.27268,2.27268,000.00000000,000.00000000,000.00000000,000.12093846,000.39
0.50,0.10719,0.46047,000.00000000,001.61680603,001.98991585,001.69069493,000.31
0.40,1.39805,0.37391,000.00000381,000.19815221,000.21270037,000.36279225,000.42
0.50,0.37391,0.86001,000.00000000,001.31840992,001.98991489,001.44863582,000.29
0.50,0.32544,0.98808,000.00000000,001.20638537,001.49243689,001.47294009,000.28
0.50,0.11489,0.92182,000.00000000,001.72252047,001.98991585,001.89031506,000.28
0.40,3.00000,1.84546,000.00000000,000.00000029,000.00000000,000.09898800,000.40
0.50,0.15166,0.74854,000.00000000,001.62302470,001.98991585,001.92080212,000.28
0.50,0.14149,0.42959,000.00000000,001.30673766,001.98991489,001.48234534,000.29
0.50,0.17425,2.79883,000.00000000,000.59078360,000.99495792,001.16667950,000.29
0.40,2.43603,1.13524,000.00000000,000.00000000,000.00000000,000.16972704,000.35
0.50,0.20020,0.65151,000.00000000,001.56084001,001.98991585,001.66559637,000.28
0.50,0.28326,1.05911,000.00000000,001.44890690,001.98991489,001.62759304,000.29
0.40,2.61112,0.46047,000.00000000,000.00074496,000.00030470,000.11232770,000.44
0.50,0.26426,0.60783,000.00000000,001.26938641,001.98991489,001.43072701,000.33
0.50,0.37391,0.21458,000.00000286,000.96383774,001.05468655,001.01080656,000.45
0.50,0.15166,3.00000,000.00000000,000.49125999,000.99495697,000.92675358,000.33
0.50,0.16256,1.49854,000.00000000,001.48621750,001.98991489,001.97467661,000.28
0.40,2.79883,0.86001,000.00000000,000.00000000,000.00000000,000.09899695,000.38
0.50,0.32544,0.23001,000.00000000,000.90251267,001.00070238,000.90465111,000.38
0.50,0.28326,0.26426,000.00000000,001.01065421,000.99507141,001.10720634,000.39
0.50,0.13200,0.23001,000.00000000,000.98379338,000.99498749,001.13969922,000.34
0.50,0.16256,0.34883,000.00000000,001.11960649,000.99495888,001.28248751,000.31
0.50,0.17425,0.16256,000.00001240,000.94963962,001.08546019,000.85780966,000.40
0.50,0.11489,0.23001,000.00000000,001.04281402,000.99501657,001.05287755,000.33
0.40,1.72170,0.16256,000.02703857,001.52599788,001.78014135,000.71722281,000.43
0.50,0.23001,0.15166,000.00000477,001.14297247,001.22289324,001.12720191,000.39
0.50,0.40078,0.10719,000.19969082,002.14103198,002.50366926,001.50789285,000.42
0.50,0.21458,0.32544,000.00000000,001.02105021,000.99495792,001.22599232,000.38
0.50,0.12315,1.84546,000.00000000,001.46756244,001.98991585,001.66785300,000.29
0.50,0.10000,0.24654,000.00000000,001.16303706,000.99501371,001.08523917,000.35
0.50,0.40078,0.42959,000.00000000,000.95769185,000.99495792,001.35428298,000.39
0.50,0.24654,0.32544,000.00000000,001.11314642,000.99495983,001.15171194,000.37
0.40,1.60625,0.34883,000.00000381,000.30260694,000.36863518,000.38522780,000.43
0.40,3.00000,0.42959,000.00000000,000.00001757,000.00000381,000.10066929,000.45
0.50,0.12315,0.11489,000.00031281,001.05585647,001.21453524,001.08611000,000.38
0.50,0.20020,2.79883,000.00000000,000.59075570,000.99495792,000.95867646,000.30
0.50,0.28326,0.28326,000.00000000,000.97665995,000.99496603,001.02719724,000.37
0.50,0.14149,0.10000,000.00095177,001.28728032,001.49493170,001.08482897,000.40
0.40,2.27268,0.49356,000.00000000,000.00538861,000.00187206,000.22202797,000.45
0.40,1.49854,0.17425,000.03068542,001.44955802,001.61416531,000.67930448,000.44
0.50,0.34883,0.42959,000.00000000,001.01464808,000.99495792,001.17711651,000.43
0.40,1.60625,1.30430,000.00000000,000.08706068,000.00000000,000.55910420,000.34
0.50,0.21458,1.39805,000.00000000,001.57949519,001.98991585,001.63536596,000.29
0.50,0.23001,0.65151,000.00000000,001.53596544,001.98991585,001.58787727,000.29
0.50,0.10000,0.92182,000.00000000,001.90285647,001.98991680,002.25438476,000.30
0.40,1.97810,2.27268,000.00000000,000.00000000,000.00000000,000.24548960,000.39
0.40,3.00000,0.12315,000.05342865,001.34543264,001.48596430,000.69205809,000.45
0.50,0.12315,0.46047,000.00000000,001.45512593,001.98991585,001.92527997,000.34
0.50,0.18677,1.39805,000.00000000,001.52974772,001.98991585,001.83514345,000.30
0.40,2.79883,0.24654,000.00061417,000.43858689,000.52966213,000.46836105,000.46
0.50,0.30362,2.12028,000.00000000,001.14420056,001.49243689,001.43817830,000.34
0.40,2.61112,1.97810,000.00000000,000.00000000,000.00000000,000.07034691,000.48
0.50,0.30362,0.49356,000.00000000,001.05736160,000.99495792,001.25375044,000.41
0.50,0.34883,1.84546,000.00000000,001.21260381,001.98991489,001.33023286,000.29
0.40,1.49854,2.79883,000.00000000,000.00000000,000.00000000,000.18283784,000.46
0.50,0.26426,0.15166,000.00050831,001.01412809,001.12524509,001.11200953,000.41
0.50,0.18677,0.32544,000.00000000,001.01983678,000.99495792,001.09710217,000.32
0.40,1.72170,2.61112,000.00000000,000.00000000,000.00000000,000.13929395,000.38
0.50,0.30362,0.13200,000.00187588,001.36263108,001.68373537,001.05173516,000.40
0.50,0.14149,1.72170,000.00000000,001.59193206,001.98991585,001.89480531,000.37
0.50,0.34883,0.11489,000.00098133,001.74922943,002.09468365,001.33615994,000.46
0.50,0.24654,1.30430,000.00000000,001.47999918,001.98991585,001.55950642,000.29
0.50,0.15166,0.20020,000.00000000,000.92445821,000.99818277,001.13388765,000.43
0.40,2.12028,1.05911,000.00000000,000.00000000,000.00000000,000.19494830,000.40
0.50,0.26426,2.27268,000.00000000,001.16907442,000.99495888,001.36522377,000.32
0.40,1.72170,0.60783,000.00000000,000.00005320,000.00000095,000.18844201,000.58
0.50,0.20020,0.17425,000.00001907,001.00628924,001.08326769,001.11801684,000.38
0.50,0.17425,0.74854,000.00000000,001.67899096,001.98991585,001.74975991,000.32
0.40,1.49854,0.74854,000.00000000,000.00000001,000.00000000,000.26201349,000.40
0.40,1.97810,0.16256,000.03258038,001.51609802,001.81493378,000.66695505,000.54
0.50,0.23001,2.79883,000.00000000,000.68403292,000.99495792,001.13520038,000.30
0.40,2.43603,0.28326,000.01015759,000.47249818,000.58370686,000.38950327,000.48
0.50,0.10719,1.84546,000.00000000,001.39294052,001.98991489,001.76183271,000.29
0.50,0.10719,0.49356,000.00000000,001.50487673,001.98991585,001.83859110,000.27
0.50,0.30362,0.52904,000.00000000,001.11933029,000.99495792,001.38558936,000.32
0.40,1.84546,1.30430,000.00000000,000.00000000,000.00000000,000.36930886,000.33
0.50,0.32544,1.05911,000.00000000,001.29966331,001.98991489,001.65425825,000.28
0.50,0.37391,0.92182,000.00000000,001.29344440,001.98991489,001.46288359,000.28
0.50,0.10719,0.11489,000.00006008,001.07708776,001.19816446,000.99519545,000.39
0.40,2.12028,0.30362,000.00021553,000.43361679,000.52803087,000.36410397,000.44
0.50,0.11489,0.98808,000.00000000,001.99613404,001.98991680,001.98667300,000.30
0.50,0.40078,1.60625,000.00000000,001.20638549,000.99495888,001.54034483,000.40
0.40,1.97810,0.52904,000.00000000,000.00448605,000.00103283,000.25205377,000.46
0.40,2.27268,0.14149,000.07267857,001.68690467,002.03332329,000.85854024,000.48
0.40,2.27268,2.43603,000.00000000,000.00000000,000.00000000,000.07236367,000.52
0.40,1.84546,0.30362,000.00054836,000.42631307,000.55223322,000.38075119,000.63
0.40,3.00000,1.97810,000.00000000,000.00001560,000.00000620,000.07065017,000.45
0.50,0.14149,0.46047,000.00000000,001.33697581,001.98991489,001.66309345,000.38
0.40,2.43603,1.21684,000.00000000,000.00000000,000.00000000,000.28026587,000.35
0.50,0.26426,0.65151,000.00000000,001.24383426,001.98991489,001.41418886,000.30
0.50,0.16256,1.60625,000.00000000,001.38672185,001.98991489,001.51937985,000.29
0.50,0.17425,3.00000,000.00000000,000.46638608,000.99495697,000.96848792,000.40
0.50,0.15166,0.80234,000.00000000,001.72252059,001.98991585,001.67211354,000.49
0.50,0.13200,0.24654,000.00000000,001.18252122,000.99502611,001.16066539,000.33
0.40,2.61112,0.49356,000.00000000,000.00005986,000.00001287,000.07163689,000.43
0.50,0.37391,0.23001,000.00000000,000.88991261,001.00928211,001.03168261,000.40
0.40,2.79883,0.92182,000.00000000,000.00000000,000.00000000,000.09899645,000.38
0.50,0.11489,0.24654,000.00000000,001.12263262,000.99500322,001.13758206,000.32
0.50,0.20020,0.69834,000.00000000,001.50487280,001.98991585,001.61990964,000.50
0.50,0.17425,0.17425,000.00000381,000.99577588,001.10133886,001.23731911,000.37
0.50,0.28326,1.13524,000.00000000,001.49243593,001.98991585,001.58395231,000.53
0.50,0.32544,0.24654,000.00000000,000.87912524,000.99695778,001.05278492,000.46
0.50,0.13200,0.98808,000.00000000,001.76604998,001.98991585,001.90512872,000.50
0.50,0.16256,0.37391,000.00000000,001.21296978,001.01420403,001.28938663,000.50
0.40,1.72170,0.17425,000.03872681,001.37034857,001.52778769,000.67493123,000.48
0.50,0.40078,0.46047,000.00000000,001.09465587,000.99495792,001.07558227,000.33
0.50,0.40078,0.11489,000.03011990,002.00244284,002.24074364,001.34500897,000.44
0.50,0.12315,1.97810,000.00000000,001.51731026,001.98991537,001.98038328,000.34
0.50,0.21458,0.34883,000.00000000,001.18774474,000.99495888,001.13047683,000.43
0.50,0.16256,0.10000,000.00379086,001.21331036,001.47235250,001.00453365,000.62
0.50,0.20020,3.00000,000.00000000,000.40420127,000.99495697,000.92931414,000.32
0.50,0.23001,0.16256,000.00002003,001.08114839,001.24019718,001.06876576,000.51
0.50,0.10000,0.26426,000.00000000,001.15048659,000.99495983,001.35181189,000.40
0.50,0.28326,0.30362,000.00000000,000.85781401,000.99495792,001.07440066,000.35
0.40,1.60625,0.37391,000.00000191,000.20516267,000.22548294,000.33319896,000.44
0.50,0.24654,0.34883,000.00000000,001.15669274,000.99495888,001.40267277,000.44
0.40,3.00000,0.46047,000.00000000,000.00000193,000.00000000,000.08313543,000.43
0.50,0.14149,0.10719,000.00185204,001.19426477,001.33680964,000.98688930,000.37
0.50,0.34883,0.46047,000.00000000,001.11311972,000.99495792,001.35180736,000.33
0.50,0.12315,0.12315,000.00300312,001.00971580,001.13597584,000.97316569,000.44
0.50,0.21458,1.49854,000.00000000,001.44890702,001.98991537,001.69563615,000.29
0.40,1.60625,1.39805,000.00000000,000.09327723,000.00000000,000.53013581,000.32
0.50,0.23001,0.69834,000.00000000,001.33075905,001.98991489,001.57237804,000.29
0.50,0.10000,0.98808,000.00000000,001.76604962,001.98991585,002.07858038,000.28
0.40,2.27268,0.52904,000.00000000,000.00079311,000.00010014,000.15967630,000.43
0.40,1.49854,0.18677,000.01289940,001.31980848,001.56182718,000.71968448,000.47
0.50,0.12315,0.49356,000.00000000,001.61058748,001.98991585,001.55851483,000.30
0.50,0.18677,1.49854,000.00000000,001.42403281,001.98991585,001.76894784,000.30
0.50,0.30362,2.27268,000.00000000,001.09445262,000.99495792,001.57309544,000.33
0.50,0.34883,1.97810,000.00000000,001.18151140,000.99495792,001.50692487,000.29
0.40,1.97810,2.43603,000.00000000,000.00000000,000.00000000,000.16972272,000.41
0.40,3.00000,0.13200,000.04233742,001.29776323,001.34880781,000.65365762,000.45
0.50,0.18677,0.34883,000.00000000,001.09462798,000.99495888,001.05555987,000.32
0.40,2.61112,2.12028,000.00000000,000.00000000,000.00000000,000.12105136,000.42
0.50,0.14149,1.84546,000.00000000,001.28722572,001.98991489,001.46024168,000.33
0.50,0.26426,2.43603,000.00000000,000.97008306,000.99495792,001.21685278,000.30
0.50,0.26426,0.16256,000.00008392,001.05501664,001.19481516,001.10715675,000.44
0.40,2.12028,1.13524,000.00000000,000.00000000,000.00000000,000.22680819,000.34
0.50,0.34883,0.12315,000.01245213,001.69998431,002.08699369,001.26581335,000.40
0.50,0.17425,0.80234,000.00000000,001.56083989,001.98991585,001.93952858,000.28
0.50,0.15166,0.21458,000.00000000,001.02876115,000.99777842,001.10424829,000.38
0.50,0.10719,1.97810,000.00000000,001.51109195,001.98991585,001.72761321,000.28
0.50,0.10719,0.52904,000.00000000,001.56092572,001.98991585,001.82473457,000.29
0.50,0.20020,0.18677,000.00000000,000.87135398,001.02779865,000.94795752,000.38
0.40,2.61112,0.13200,000.01138401,001.65265346,002.00198364,000.91310585,000.60
0.40,2.79883,0.26426,000.00025368,000.26832315,000.29670095,000.37882519,000.64
0.50,0.24654,1.39805,000.00000000,001.47999942,001.98991585,001.66124272,000.53
0.50,0.24654,0.37391,000.00000000,001.02605796,000.99495792,001.06699777,000.61
0.40,1.72170,2.79883,000.00000000,000.00000000,000.00000000,000.07022538,000.60
0.40,1.97810,0.17425,000.01763058,001.38051534,001.53320217,000.67706615,000.45
0.50,0.30362,0.14149,000.00551510,001.20299983,001.38215685,001.06849289,000.63
0.50,0.32544,1.13524,000.00000000,001.52974725,001.98991537,001.66695476,000.33
0.50,0.37391,0.98808,000.00000000,001.30588114,001.98991489,001.56002271,000.31
0.40,1.84546,1.39805,000.00000000,000.00000000,000.00000000,000.41856262,000.36
0.50,0.23001,3.00000,000.00000000,000.45394912,000.99495697,000.79470623,000.43
0.50,0.30362,0.56707,000.00000000,001.23126006,001.98991489,001.37972128,000.40
0.50,0.40078,1.72170,000.00000000,001.11932659,000.99495792,001.49323237,000.36
0.50,0.11489,1.05911,000.00000000,001.65411699,001.98991585,001.80862689,000.39
0.50,0.42959,0.20020,000.00001621,000.89475393,001.06271029,001.03066540,000.60
0.40,1.72170,0.65151,000.00000000,000.00000008,000.00000000,000.17068432,000.61
0.40,2.43603,0.30362,000.00097466,000.33471996,000.39077520,000.39019701,000.57
0.50,0.10719,0.12315,000.00000000,000.99483269,001.11665106,001.09390044,000.50
0.40,1.97810,0.56707,000.00000000,000.00027885,000.00001287,000.20608762,000.43
0.40,2.12028,0.32544,000.00006676,000.34094888,000.40328550,000.36367345,000.51
0.40,2.27268,0.15166,000.04290009,001.62695193,001.97700548,000.68864030,000.44
0.50,0.14149,0.49356,000.00000000,001.47378147,001.98991585,001.86000502,000.33
0.50,0.26426,0.69834,000.00000000,001.37428510,001.98991489,001.51049411,000.29
0.40,2.27268,2.61112,000.00000000,000.00000321,000.00000095,000.00218905,000.44
0.40,3.00000,2.12028,000.00000000,000.00025806,000.00009775,000.02730784,000.44
0.40,2.43603,1.30430,000.00000000,000.00000000,000.00000000,000.25385797,000.35
0.50,0.16256,1.72170,000.00000000,001.38672185,001.98991489,001.60998774,000.29
0.40,1.84546,0.32544,000.00033283,000.35280639,000.43702793,000.35868439,000.48
0.50,0.13200,0.26426,000.00000000,001.16925085,000.99502707,001.11103868,000.33
0.50,0.15166,0.86001,000.00000000,001.96504176,001.98991680,001.96094346,000.33
0.50,0.20020,0.74854,000.00000000,001.52974701,001.98991537,001.76132095,000.30
0.50,0.11489,0.26426,000.00000000,001.12554765,000.99496460,001.31312168,000.31
0.50,0.37391,0.24654,000.00000000,000.85811120,000.99769878,000.79293084,000.41
0.40,2.61112,0.52904,000.00000000,000.00000266,000.00000000,000.10678668,000.42
0.50,0.18677,0.10000,000.00196362,001.36696661,001.80348635,001.15138316,000.43
0.50,0.28326,1.21684,000.00000000,001.36184776,001.98991489,001.55569422,000.29
0.50,0.13200,1.05911,000.00000000,001.66033578,001.98991585,002.14522886,000.29
0.40,2.79883,0.98808,000.00000000,000.00000000,000.00000000,000.12093883,000.38
0.50,0.17425,0.18677,000.00000000,000.94809520,001.02354956,000.97632027,000.37
0.50,0.16256,0.40078,000.00000000,001.29344678,001.98991489,001.51898730,000.30
0.50,0.32544,0.26426,000.00000000,000.92060804,000.99506998,001.07558858,000.38
0.50,0.12315,2.12028,000.00000000,001.31831837,001.98991489,001.54201508,000.29
0.50,0.16256,1.84546,000.00000000,001.43025136,001.98991585,001.77084875,000.31
0.50,0.40078,0.49356,000.00000000,001.02002156,000.99495792,001.09994197,000.36
0.50,0.21458,0.37391,000.00000000,001.16921556,000.99495792,001.16834283,000.33
0.50,0.10000,0.28326,000.00000000,001.22504127,001.49244499,001.26790094,000.30
0.50,0.16256,0.10719,000.00233078,001.27287185,001.54407740,001.19624317,000.38
0.50,0.40078,0.12315,000.12501049,001.77835727,002.08459759,001.20146012,000.43
0.50,0.42959,0.80234,000.00000000,001.35562885,001.98991489,001.35398340,000.29
0.40,1.72170,0.18677,000.02031708,001.28898716,001.47936010,000.69056100,000.47
0.50,0.28326,0.32544,000.00000000,001.00790966,000.99495888,001.13148582,000.35
0.50,0.34883,0.49356,000.00000000,001.20641458,000.99518013,001.26637638,000.32
0.50,0.21458,1.60625,000.00000000,001.49865496,001.98991489,001.70355785,000.29
0.50,0.14149,0.11489,000.00082684,001.10694873,001.25954342,001.06805027,000.36
0.40,1.84546,0.34883,000.00044823,000.30925113,000.36993074,000.34342256,000.46
0.50,0.23001,0.74854,000.00000000,001.56705832,001.98991489,001.90187633,000.29
0.40,1.49854,3.00000,000.00000000,000.00000000,000.00000000,000.00088969,000.38
0.50,0.12315,0.13200,000.00018501,000.99148238,001.14173317,000.98331815,000.35
0.50,0.10000,1.05911,000.00000000,001.69764650,001.98991585,002.04571962,000.29
0.40,1.60625,1.49854,000.00000000,000.11825272,000.00000000,000.55783838,000.34
0.40,3.00000,0.49356,000.00000000,000.00000001,000.00000000,000.07017761,000.43
0.50,0.12315,0.52904,000.00000000,001.63546276,001.98991585,001.73732674,000.28
0.50,0.18677,1.60625,000.00000000,001.53596592,001.98991585,001.62147582,000.29
0.50,0.30362,2.43603,000.00000000,000.97630155,000.99495792,001.34572411,000.30
0.50,0.34883,2.12028,000.00000000,001.00117552,000.99495792,001.45983529,000.29
0.50,0.46047,0.10000,000.06582642,002.43934870,002.74526548,001.40407884,000.40
0.40,2.27268,0.56707,000.00000000,000.00001680,000.00000191,000.14148939,000.42
0.50,0.18677,0.37391,000.00000000,001.18152297,000.99497938,001.45630300,000.31
0.50,0.26426,2.61112,000.00000000,000.83949500,000.99495792,001.42691481,000.30
0.50,0.14149,1.97810,000.00000000,001.51731026,001.98991585,001.92399514,000.30
0.40,1.97810,2.61112,000.00000000,000.00000000,000.00000000,000.00011978,000.40
0.50,0.17425,0.86001,000.00000000,001.56705832,001.98991585,001.86681175,000.28
0.50,0.10719,2.12028,000.00000000,001.33075523,001.98991489,001.65126264,000.29
0.40,3.00000,0.14149,000.03023434,001.09776318,001.16894722,000.57470304,000.44
0.40,2.12028,1.21684,000.00000000,000.00000000,000.00000000,000.27744287,000.35
0.40,2.61112,2.27268,000.00000000,000.00000151,000.00000000,000.05991866,000.41
0.50,0.10719,0.56707,000.00000000,001.74117601,001.98991585,002.02079153,000.32
0.50,0.15166,0.23001,000.00000000,001.00251555,000.99529934,001.06932473,000.36
0.50,0.26426,0.17425,000.00005245,001.05074489,001.15102577,000.95764732,000.40
0.50,0.24654,1.49854,000.00000000,001.28100753,001.98991489,001.68553495,000.29
0.50,0.20020,0.20020,000.00000000,000.91080970,001.01737452,001.10817397,000.37
0.50,0.34883,0.13200,000.00178051,001.40993881,001.70032597,001.15849221,000.44
0.50,0.24654,0.40078,000.00000000,001.15668130,000.99502659,001.18676937,000.31
0.50,0.32544,1.21684,000.00000000,001.39915860,001.98991489,001.45536220,000.30
0.40,2.79883,0.28326,000.00004005,000.22831015,000.21874475,000.39291996,000.45
0.40,2.61112,0.14149,000.00350189,001.55335248,001.84775543,000.74981272,000.47
0.50,0.37391,1.05911,000.00000000,001.31209981,001.98991489,001.44649112,000.29
0.40,1.72170,3.00000,000.00000000,000.00000015,000.00000000,000.00050528,000.41
0.50,0.30362,0.15166,000.00380135,001.34633374,001.52039289,001.12465203,000.42
0.50,0.11489,1.13524,000.00000000,002.02722692,001.98991680,002.03844881,000.30
0.50,0.30362,0.60783,000.00000000,001.21882224,001.98991489,001.41016960,000.33
0.40,1.97810,0.18677,000.00350952,001.14124930,001.25525522,000.56561804,000.52
0.40,1.84546,1.49854,000.00000000,000.00000000,000.00000000,000.36004344,000.41
0.50,0.40078,1.84546,000.00000000,001.13798213,000.99495792,001.34439981,000.38
0.50,0.24654,0.10000,000.01434708,001.71752834,002.06304502,001.27299619,000.41
0.40,1.72170,0.69834,000.00000000,000.00000000,000.00000000,000.23627044,000.41
0.50,0.26426,0.74854,000.00000000,001.29344440,001.98991489,001.62941504,000.28
0.50,0.42959,0.21458,000.00001240,000.93952560,001.06945658,001.03861713,000.44
0.40,1.97810,0.60783,000.00000000,000.00001320,000.00000000,000.13928536,000.42
0.40,2.43603,0.32544,000.00011635,000.27380317,000.29185295,000.39378688,000.45
0.50,0.26426,0.18677,000.00000000,000.87568855,001.03698063,001.20946395,000.43
0.50,0.14149,0.52904,000.00000000,001.56709766,001.98991585,001.65205550,000.37
0.50,0.13200,0.28326,000.00000000,001.09470117,000.99495888,001.05714917,000.30
0.40,2.27268,0.16256,000.10201168,001.38913143,001.47762346,000.71632272,000.45
0.40,2.12028,0.34883,000.00009155,000.27152890,000.30057478,000.35809693,000.46
0.50,0.15166,0.92182,000.00000000,001.60436893,001.98991585,001.90180027,000.28
0.50,0.20020,0.80234,000.00000000,001.73495734,001.98991585,002.05221248,000.28
0.40,2.43603,1.39805,000.00000000,000.00000000,000.00000000,000.26206321,000.36
0.50,0.23001,0.17425,000.00008678,000.97362757,001.08516312,000.97373742,000.38
0.40,3.00000,2.27268,000.00000191,000.00336758,000.00212145,000.16506025,000.43
0.50,0.11489,0.28326,000.00000000,001.22811997,001.98991585,001.32356989,000.37
0.50,0.21458,0.10000,000.00432110,001.48394704,001.68807411,001.16425931,000.41
0.40,2.27268,2.79883,000.00000000,000.00028417,000.00017309,000.03651197,000.45
0.50,0.28326,1.30430,000.00000000,001.53596568,001.98991585,001.71802342,000.27
0.50,0.37391,0.26426,000.00000000,000.88371259,000.99548340,001.04322124,000.47
0.50,0.13200,1.13524,000.00000000,001.69142818,001.98991585,001.82073700,000.31
0.50,0.12315,2.27268,000.00000000,001.20016742,000.99495888,001.79299450,000.28
0.50,0.16256,0.42959,000.00000000,001.37440658,001.98991585,001.53490150,000.30
0.50,0.16256,1.97810,000.00000000,001.44890666,001.98991585,001.69563591,000.29
0.50,0.18677,0.10719,000.00201607,001.25457358,001.47593021,001.05640185,000.42
0.50,0.17425,0.20020,000.00000000,001.02141559,001.01352930,001.12298644,000.36
0.40,2.79883,1.05911,000.00000000,000.00000000,000.00000000,000.15533392,000.38
0.40,2.61112,0.56707,000.00000000,000.00000001,000.00000000,000.09898821,000.47
0.50,0.10000,0.30362,000.00000000,001.16923976,000.99495888,001.22422540,000.29
0.50,0.40078,0.52904,000.00000000,001.03848898,000.99495792,001.15514767,000.31
0.50,0.32544,0.28326,000.00000000,000.88735771,000.99496412,000.87566406,000.36
0.50,0.20020,0.86001,000.00000000,001.60440660,001.98991585,001.67965865,000.29
0.50,0.42959,0.86001,000.00000000,001.31209981,001.98991489,001.47890174,000.29
0.50,0.21458,0.40078,000.00000000,001.10762429,000.99495792,001.14260602,000.37
0.50,0.34883,0.52904,000.00000000,001.11939931,000.99495792,001.22405231,000.30
0.50,0.46047,0.40078,000.00000000,000.78336561,000.99495792,001.02747977,000.36
0.50,0.28326,0.34883,000.00000000,001.00180936,000.99495792,001.13673019,000.34
0.50,0.23001,0.80234,000.00000000,001.50552738,001.98991585,001.63023794,000.28
0.50,0.21458,1.72170,000.00000000,001.40537727,001.98991489,001.77408969,000.29
0.50,0.40078,0.13200,000.00678253,001.50421166,001.89932394,001.21232593,000.48
0.50,0.46047,1.60625,000.00000000,001.06957877,000.99495792,001.26519060,000.29
0.50,0.14149,0.12315,000.00093746,001.10700560,001.27062988,001.12102485,000.37
0.50,0.10000,1.13524,000.00000000,001.84067154,001.98991585,001.91394258,000.28
0.50,0.12315,0.56707,000.00000000,001.47378099,001.98991585,002.00793529,000.28
0.50,0.18677,1.72170,000.00000000,001.46134388,001.98991489,001.63002336,000.29
0.50,0.34883,2.27268,000.00000000,000.92033517,000.99495792,001.25680065,000.29
0.50,0.30362,2.61112,000.00000000,000.78352863,000.99495792,001.13746595,000.31
0.50,0.12315,0.14149,000.00000858,000.91595572,001.09141159,000.88644993,000.40
0.40,1.84546,0.37391,000.00002098,000.22499642,000.27641582,000.32682601,000.47
0.50,0.18677,0.40078,000.00000000,001.20638871,000.99523258,001.39641798,000.34
0.40,3.00000,0.52904,000.00000000,000.00000000,000.00000000,000.06131519,000.43
0.50,0.49356,0.20020,000.00132942,001.01471937,001.18805265,001.03036284,000.44
0.50,0.14149,2.12028,000.00000000,001.34319198,001.98991489,001.86510575,000.30
0.50,0.26426,2.79883,000.00000000,000.64672202,000.99495792,001.07711899,000.31
0.50,0.10719,2.27268,000.00000000,001.15041900,000.99495888,001.64513600,000.30
0.50,0.46047,0.10719,000.00003433,002.27670455,002.76332092,001.42850041,000.45
0.50,0.17425,0.92182,000.00000000,001.74117541,001.98991585,001.93901169,000.31
0.40,2.27268,0.60783,000.00000000,000.00000016,000.00000000,000.15745167,000.41
0.40,2.12028,1.30430,000.00000000,000.00000000,000.00000000,000.35021341,000.35
0.50,0.10719,0.60783,000.00000000,001.56705832,001.98991585,001.56293869,000.29
0.40,3.00000,0.15166,000.00438595,001.02217650,001.17447519,000.61133897,000.44
0.50,0.15166,0.24654,000.00000000,001.05765224,000.99502420,001.14451516,000.34
0.40,1.97810,2.79883,000.00000000,000.00000024,000.00000000,000.00210899,000.48
0.50,0.24654,1.60625,000.00000000,001.54840255,001.98991585,001.72113287,000.32
0.50,0.24654,0.42959,000.00000000,001.23126054,001.98991489,001.24822474,000.31
0.40,2.61112,2.43603,000.00000000,000.00007503,000.00006437,000.00340691,000.44
0.50,0.20020,0.21458,000.00000000,000.95543307,001.00069141,001.05967426,000.39
0.50,0.32544,1.30430,000.00000000,001.38050330,001.98991489,001.71201336,000.29
0.50,0.37391,1.13524,000.00000000,001.43025088,001.98991585,001.52970397,000.29
0.50,0.18677,0.42959,000.00000000,001.20639277,001.98991489,001.43494999,000.31
0.50,0.34883,0.14149,000.01092052,001.47528481,001.84795475,001.33739376,000.43
0.50,0.10719,0.13200,000.00004578,000.88153374,001.05097723,000.95963889,000.45
0.50,0.11489,1.21684,000.00000000,001.55462110,001.98991585,001.83080196,000.28
0.50,0.49356,0.80234,000.00000000,001.13231480,000.99495792,001.07997847,000.31
0.50,0.30362,0.65151,000.00000000,001.18151152,000.99495792,001.23374760,000.30
0.50,0.40078,1.97810,000.00000000,001.11310816,000.99495792,001.40918219,000.29
0.50,0.52904,0.40078,000.00000000,000.61682570,000.99495792,000.94008172,000.37
0.50,0.30362,0.16256,000.00004673,000.95050704,001.11651993,001.13741755,000.41
0.40,2.61112,0.15166,000.04551792,001.48303497,001.74985504,000.64798558,000.44
0.50,0.52904,0.10000,000.21816730,002.28112030,002.57523918,001.44355631,000.43
0.50,0.26426,0.80234,000.00000000,001.33697367,001.98991489,001.58869565,000.28
0.50,0.14149,0.56707,000.00000000,001.48000026,001.98991489,001.73476768,000.29
0.50,0.13200,0.30362,000.00000000,001.11011481,000.99556065,001.24882543,000.29
0.50,0.24654,0.10719,000.00116253,001.54280734,001.91641474,001.07028484,000.41
0.40,1.72170,0.74854,000.00000000,000.00000000,000.00000000,000.13929833,000.39
0.50,0.42959,0.23001,000.00000000,000.74283993,001.00284624,000.96590400,000.39
0.50,0.26426,0.20020,000.00000763,000.93625849,001.05791235,001.05759978,000.38
0.50,0.15166,0.98808,000.00000000,001.67899132,001.98991585,001.76053333,000.32
0.40,1.97810,0.65151,000.00000000,000.00000006,000.00000000,000.21094210,000.45
0.40,2.43603,1.49854,000.00000000,000.00000000,000.00000000,000.24527970,000.35
0.40,2.43603,0.34883,000.00003624,000.20020592,000.23485327,000.34910771,000.43
0.50,0.11489,0.30362,000.00000000,001.12554872,000.99495888,001.19280601,000.30
0.50,0.23001,0.18677,000.00003815,000.89939082,001.04178047,001.04520607,000.38
0.40,2.27268,0.17425,000.02445984,001.25764823,001.37696981,000.60514283,000.43
0.50,0.16256,0.11489,000.00085545,001.25538039,001.44594431,001.19160187,000.42
0.40,2.12028,0.37391,000.00002480,000.20199175,000.22793961,000.33821234,000.44
0.50,0.28326,1.39805,000.00000000,001.29344475,000.99495888,001.91993201,000.29
0.40,3.00000,2.43603,000.00001335,000.01979637,000.01605082,000.16016862,000.43
0.50,0.21458,0.10719,000.02226543,001.37307191,001.61725426,001.05268800,000.41
0.50,0.13200,1.21684,000.00000000,001.64789891,001.98991585,002.01948833,000.33
0.50,0.12315,2.43603,000.00000000,001.05092335,000.99495792,001.30327189,000.30
0.50,0.16256,2.12028,000.00000000,001.35562909,001.98991489,001.92774606,000.30
0.40,2.27268,3.00000,000.00003719,000.00772658,000.00650740,000.09360555,000.45
0.50,0.37391,0.28326,000.00000000,000.82947236,000.99497080,001.06644797,000.42
0.50,0.16256,0.46047,000.00000000,001.46135545,001.98991585,001.50024366,000.33
0.50,0.40078,0.56707,000.00000000,001.11310816,000.99495792,001.04309511,000.33
0.50,0.10000,0.32544,000.00000000,001.11936688,000.99495888,001.40991807,000.34
0.50,0.42959,0.92182,000.00000000,001.21260381,000.99495792,001.33946538,000.30
0.50,0.20020,0.92182,000.00000000,001.56705797,001.98991585,001.58081579,000.31
0.50,0.34883,0.56707,000.00000000,001.15041900,000.99495792,001.17939234,000.31
0.40,2.79883,1.13524,000.00000000,000.00000000,000.00000000,000.12093955,000.42
0.50,0.21458,0.42959,000.00000000,001.18790329,001.98991489,001.38565373,000.34
0.50,0.23001,0.86001,000.00000000,001.56084001,001.98991585,001.63638723,000.29
0.50,0.21458,1.84546,000.00000000,001.52352881,001.98991489,001.70593214,000.31
0.50,0.18677,0.11489,000.00162125,001.24798393,001.53053761,001.14911699,000.51
0.50,0.28326,0.37391,000.00000000,001.02612221,000.99495792,001.17220592,000.35
0.50,0.32544,0.30362,000.00000000,001.09453619,000.99503040,001.11233473,000.45
0.40,2.61112,0.60783,000.00000000,000.00000000,000.00000000,000.09899583,000.50
0.50,0.12315,0.60783,000.00000000,001.79092371,001.98991585,001.95371032,000.29
0.50,0.17425,0.21458,000.00000000,000.97413743,000.99587870,001.15140522,000.56
0.50,0.46047,1.72170,000.00000000,001.14420056,000.99495792,001.45209241,000.34
0.50,0.10000,1.21684,000.00000000,001.57949495,001.98991585,001.75304663,000.31
0.50,0.18677,1.84546,000.00000000,001.38672173,001.98991489,001.67729235,000.29
0.50,0.46047,0.42959,000.00000000,000.97092569,000.99495792,001.01450849,000.47
0.50,0.34883,2.43603,000.00000000,001.05092335,000.99495792,001.32650614,000.31
0.50,0.30362,2.79883,000.00000000,000.52857089,000.99495697,000.93545854,000.32
0.50,0.14149,0.13200,000.00007248,001.00627506,001.17349052,001.06097329,000.38
0.50,0.40078,0.14149,000.00998974,001.35410583,001.59025335,001.08617496,000.47
0.50,0.52904,1.60625,000.00000000,001.29966259,001.98991489,001.21847844,000.31
0.50,0.12315,0.15166,000.00000286,000.97727072,001.07008505,000.95263487,000.39
0.50,0.14149,2.27268,000.00000000,001.33697391,001.98991489,001.58257735,000.31
0.50,0.26426,3.00000,000.00000000,000.46016759,000.99495697,000.74562049,000.33
0.50,0.10719,2.43603,000.00000000,001.01361251,000.99495792,001.52705657,000.33
0.50,0.17425,0.98808,000.00000000,001.75361288,001.98991585,001.89512002,000.30
0.50,0.10719,0.65151,000.00000000,001.57327676,001.98991585,002.09591413,000.32
0.50,0.49356,0.21458,000.00007534,000.93135357,001.08796501,001.06691408,000.45
0.50,0.24654,0.46047,000.00000000,001.18773866,001.49271393,001.35136962,000.31
0.50,0.15166,0.26426,000.00000000,001.05118716,000.99495935,001.12488604,000.35
0.40,2.12028,1.39805,000.00000000,000.00000000,000.00000000,000.31130347,000.37
0.50,0.46047,0.11489,000.01237774,002.01709557,002.31393003,001.37999558,000.43
0.40,2.79883,0.30362,000.00023174,000.11692786,000.10601759,000.34929132,000.51
0.40,3.00000,0.56707,000.00000000,000.00000000,000.00000000,000.09900097,000.49
0.50,0.24654,1.72170,000.00000000,001.39294028,001.98991585,001.48911655,000.38
0.40,1.97810,3.00000,000.00000000,000.00010393,000.00006676,000.01246750,000.43
0.40,2.27268,0.65151,000.00000000,000.00000000,000.00000000,000.07018264,000.46
0.50,0.32544,1.39805,000.00000000,001.26235175,001.98991489,001.67784560,000.32
0.50,0.37391,1.21684,000.00000000,001.41781414,001.98991489,001.74716306,000.28
0.40,3.00000,0.16256,000.00300121,000.88676882,001.05347633,000.52965546,000.48
0.40,2.61112,2.61112,000.00000000,000.00180181,000.00152445,000.08287352,000.45
0.50,0.18677,0.46047,000.00000000,001.20016718,000.99495888,001.49870455,000.31
0.50,0.20020,0.23001,000.00000000,000.90587294,000.99509907,001.03540957,000.40
0.50,0.11489,1.30430,000.00000000,001.72252011,001.98991585,002.05462241,000.28
0.50,0.30362,0.69834,000.00000000,001.26245666,001.98991489,001.44430578,000.30
0.50,0.34883,0.15166,000.00003815,001.15431046,001.37592840,001.09230614,000.42
0.50,0.40078,2.12028,000.00000000,001.13176358,000.99495792,001.50469136,000.32
0.50,0.10719,0.14149,000.00000000,001.01560998,001.15898180,001.10923660,000.38
0.50,0.49356,0.86001,000.00000000,001.08823431,000.99495792,001.31315637,000.40
0.50,0.26426,0.86001,000.00000000,001.40537775,001.98991489,001.65447485,000.31
0.50,0.52904,0.42959,000.00000000,000.77218676,000.99495792,000.85713601,000.37
0.50,0.14149,0.60783,000.00000000,001.62924314,001.98991585,001.77088439,000.29
0.50,0.30362,0.17425,000.00012493,001.16619313,001.27737856,001.04448318,000.40
0.50,0.13200,0.32544,000.00000000,001.19394875,000.99496269,001.27847719,000.35
0.50,0.15166,1.05911,000.00000000,001.71008372,001.98991585,002.23716593,000.28
0.50,0.56707,0.80234,000.00000000,001.10770035,000.99495792,001.22872651,000.30
0.40,2.61112,0.16256,000.02489662,001.26412368,001.31373310,000.60495991,000.47
0.50,0.52904,0.10719,000.26989269,002.44974399,002.79134130,001.48413408,000.49
0.50,0.24654,0.11489,000.00313473,001.38227785,001.51979685,001.15728951,000.40
0.50,0.42959,0.24654,000.00000095,000.84137630,001.00053215,000.81382126,000.41
0.50,0.11489,0.32544,000.00000000,001.34320474,001.98991585,001.52165866,000.32
0.50,0.56707,0.20020,000.00002956,000.97674859,001.12484789,001.04722738,000.42
0.50,0.26426,0.21458,000.00000000,000.83869964,000.99963140,001.00760078,000.40
0.50,0.28326,1.49854,000.00000000,001.36806643,001.98991489,001.63983989,000.28
0.50,0.13200,1.30430,000.00000000,001.78470540,001.98991585,001.82323730,000.28
0.40,1.97810,0.69834,000.00000000,000.00000000,000.00000000,000.13929322,000.59
0.50,0.16256,2.27268,000.00000000,001.24369621,001.98991489,001.59971726,000.31
0.50,0.23001,0.20020,000.00000763,000.87823123,001.00851774,001.27799332,000.47
0.50,0.12315,2.61112,000.00000000,000.85815036,000.99495792,001.33367980,000.35
0.40,2.43603,0.37391,000.00002003,000.12522274,000.11567926,000.32411426,000.59
0.50,0.60783,0.10000,000.01303959,002.54662657,003.00753212,001.46577096,000.44
0.40,3.00000,2.61112,000.00029945,000.09148045,000.10348797,000.32328850,000.44
0.50,0.10000,0.34883,000.00000000,001.32453668,001.98991489,001.44990933,000.31
0.50,0.16256,0.49356,000.00000000,001.47379935,001.98991585,001.55715752,000.32
0.50,0.21458,1.97810,000.00000000,001.16907442,000.99495888,001.55123162,000.29
0.50,0.42959,0.98808,000.00000000,001.18772995,000.99495840,001.58292103,000.32
0.50,0.21458,0.11489,000.00131607,001.27509940,001.65161848,001.17880726,000.43
0.50,0.20020,0.98808,000.00000000,001.45512509,001.98991585,001.65796268,000.32
0.50,0.34883,0.60783,000.00000000,001.21260428,000.99496317,001.23069525,000.34
0.50,0.37391,0.30362,000.00000000,001.04103887,000.99498606,000.92568237,000.43
0.50,0.21458,0.46047,000.00000000,001.30588591,001.98991489,001.49169600,000.36
0.50,0.40078,0.60783,000.00000000,001.10688972,000.99495792,001.22161973,000.38
0.40,2.27268,0.18677,000.06113052,001.22232568,001.31267643,000.56841892,000.65
0.50,0.28326,0.40078,000.00000000,001.10696363,000.99495792,001.22000313,000.34
0.50,0.60783,0.40078,000.00000000,000.44411692,000.99495697,000.77722472,000.51
0.50,0.16256,0.12315,000.00304890,001.02914310,001.19356012,000.99742150,000.66
0.40,2.79883,1.21684,000.00000000,000.00000000,000.00000000,000.07017804,000.45
0.50,0.12315,0.65151,000.00000000,001.72252047,001.98991585,001.90842581,000.28
0.50,0.18677,0.12315,000.00031376,001.04803360,001.19460106,001.06486976,000.46
0.40,2.61112,0.65151,000.00000000,000.00000000,000.00000000,000.07019728,000.40
0.50,0.10000,1.30430,000.00000000,001.64168012,001.98991585,002.11525512,000.29
0.50,0.18677,1.97810,000.00000000,001.36806655,001.98991489,001.67902672,000.29
0.50,0.46047,1.84546,000.00000000,001.20638537,001.98991489,001.39818120,000.29
0.50,0.52904,1.72170,000.00000000,001.03848648,000.99495792,001.48392189,000.29
0.50,0.34883,2.61112,000.00000000,000.77109164,000.99495792,001.09946203,000.30
0.50,0.30362,3.00000,000.00000000,000.34201646,000.00000000,000.71455318,000.31
0.50,0.14149,2.43603,000.00000000,001.06957877,000.99495792,001.57140243,000.29
0.50,0.12315,0.16256,000.00000000,000.95349568,001.03827810,001.06289232,000.36
0.50,0.14149,0.14149,000.00000858,001.04558921,001.17709684,000.93822694,000.40
0.50,0.10719,2.61112,000.00000000,000.92033517,000.99495792,001.41003406,000.29
0.50,0.32544,0.32544,000.00000000,000.95852220,000.99495888,000.99047387,000.56
0.50,0.17425,1.05911,000.00000000,001.56083977,001.98991585,001.61795330,000.28
0.50,0.10719,0.69834,000.00000000,001.79714203,001.98991585,002.01156163,000.28
0.50,0.46047,0.46047,000.00000000,000.71556127,000.99495792,000.98710597,000.47
0.50,0.56707,0.21458,000.00022030,000.86250126,001.04115582,000.99216557,000.70
0.50,0.17425,0.23001,000.00000000,000.82244766,000.99498892,001.09583986,000.52
0.50,0.24654,0.49356,000.00000000,001.20693910,001.03925753,001.31311095,000.32
0.50,0.28326,0.10000,000.02469444,001.69873011,002.09455538,001.19387066,000.42
0.50,0.40078,0.15166,000.00695419,001.34557211,001.55779934,001.13107228,000.54
0.50,0.15166,0.28326,000.00000000,001.15046954,000.99504137,001.17845976,000.33
0.50,0.32544,1.49854,000.00000000,001.20638585,000.99495888,001.70538771,000.28
0.50,0.24654,1.84546,000.00000000,001.49865460,001.98991489,001.41322470,000.29
0.50,0.60783,1.60625,000.00000000,001.06336033,000.99495792,001.18536806,000.29
0.50,0.37391,1.30430,000.00000000,001.26857018,001.98991489,001.39308393,000.28
0.50,0.49356,0.23001,000.00000191,000.88286579,001.05140591,000.94193137,000.42
0.40,2.12028,1.49854,000.00000000,000.00000000,000.00000000,000.32902750,000.33
0.40,2.27268,0.69834,000.00000000,000.00000000,000.00000000,000.09899664,000.39
0.40,3.00000,0.60783,000.00000000,000.00000000,000.00000000,000.00000511,000.40
0.50,0.46047,0.12315,000.01490116,001.80708098,002.14506769,001.29697406,000.42
0.50,0.18677,0.49356,000.00000000,001.39916801,001.98991489,001.54407287,000.29
0.40,2.79883,0.32544,000.00000000,000.04692449,000.03484201,000.32443312,000.44
0.50,0.11489,1.39805,000.00000000,001.67899108,001.98991585,002.04341483,000.28
0.50,0.20020,0.24654,000.00000000,000.82828361,000.99496889,001.12674475,000.37
0.50,0.30362,0.74854,000.00000000,001.41159606,001.98991537,001.54259324,000.30
0.40,2.61112,2.79883,000.00002384,000.01701383,000.01519489,000.20252961,000.42
0.40,3.00000,0.17425,000.00189209,000.75810975,001.04046392,000.55205464,000.48
0.50,0.40078,2.27268,000.00000000,000.85815036,000.99495792,001.11656082,000.29
0.50,0.49356,0.92182,000.00000000,001.21262181,001.98991489,001.12422609,000.29
0.50,0.14149,0.65151,000.00000000,001.44890654,001.98991585,001.48311245,000.28
0.50,0.26426,0.92182,000.00000000,001.51109195,001.98991489,001.80961215,000.31
0.50,0.10719,0.15166,000.00000095,000.87725484,001.02239704,000.96180552,000.36
0.50,0.13200,0.34883,000.00000000,001.37505662,001.98991489,001.29647040,000.30
0.50,0.52904,0.46047,000.00000000,000.73869622,000.99495792,001.01795197,000.35
0.50,0.34883,0.16256,000.00055599,001.20136082,001.38708591,001.03102756,000.46
0.50,0.30362,0.18677,000.00000000,000.93700570,001.06518650,001.01953566,000.40
0.50,0.15166,1.13524,000.00000000,001.45512545,001.98991585,002.02999926,000.33
0.50,0.56707,0.86001,000.00000000,001.06957889,000.99495792,001.11149466,000.31
0.50,0.11489,0.34883,000.00000000,001.30588126,001.98991489,001.53558278,000.30
0.50,0.28326,1.60625,000.00000000,001.46134388,001.98991489,001.77726626,000.29
0.50,0.23001,0.92182,000.00000000,001.52974701,001.98991585,001.65519226,000.29
0.50,0.16256,2.43603,000.00000000,001.06957877,000.99495792,001.44973946,000.30
0.40,2.61112,0.17425,000.01397610,001.16037571,001.24856186,000.56442827,000.43
0.50,0.24654,0.12315,000.00266933,001.29692471,001.52661180,001.08243573,000.40
0.50,0.42959,0.26426,000.00000000,000.84149808,000.99568987,000.94747204,000.40
0.50,0.12315,2.79883,000.00000000,000.72756231,000.99495792,000.99091995,000.31
0.50,0.13200,1.39805,000.00000000,001.54840302,001.98991585,001.90392745,000.33
0.50,0.46047,0.13200,000.01220608,001.65978122,002.02463722,001.11486804,000.45
0.50,0.26426,0.23001,000.00000000,001.00648296,001.01980639,001.05078244,000.38
0.50,0.23001,0.21458,000.00000095,000.88992584,000.99867249,001.12802136,000.39
0.40,1.97810,0.74854,000.00000000,000.00000000,000.00000000,000.15533473,000.40
0.50,0.10000,0.37391,000.00000000,001.35670102,001.98991489,001.61032701,000.31
0.50,0.21458,2.12028,000.00000000,001.21260428,000.99495888,001.56742120,000.29
0.50,0.16256,0.52904,000.00000000,001.47378099,001.98991585,001.73761809,000.29
0.50,0.42959,1.05911,000.00000000,001.34941077,001.98991489,001.52620506,000.29
0.50,0.65151,0.20020,000.00006866,000.85199034,001.06500435,000.92922169,000.41
0.50,0.60783,0.10719,000.32152557,002.50366116,002.77430105,001.49814713,000.42
0.50,0.20020,1.05911,000.00000000,001.52974725,001.98991585,001.67448723,000.28
0.40,3.00000,2.79883,000.00277138,000.19800487,000.23294687,000.36618599,000.43
0.50,0.34883,0.65151,000.00000000,001.26878512,001.98991489,001.43743396,000.32
0.50,0.40078,0.65151,000.00000000,001.19428074,001.49243689,001.21780169,000.31
0.50,0.65151,0.80234,000.00000000,000.87078732,000.99495792,001.03369737,000.32
0.50,0.21458,0.12315,000.00816345,001.23042560,001.45735741,001.00149882,000.45
0.50,0.21458,0.49356,000.00000000,001.42928493,001.98991489,001.41050446,000.36
0.50,0.12315,0.69834,000.00000000,001.85310841,001.98991585,001.88336372,000.28
0.50,0.37391,0.32544,000.00000000,000.90314376,000.99495888,001.04576921,000.37
0.50,0.60783,0.42959,000.00000000,000.57077473,000.99495792,000.80771911,000.38
0.50,0.28326,0.42959,000.00000000,001.22519708,001.98991489,001.12245107,000.39
0.40,2.79883,1.30430,000.00000000,000.00000000,000.00000000,000.12093954,000.36
0.50,0.10000,1.39805,000.00000000,001.32453716,001.98991489,001.83827591,000.28
0.50,0.16256,0.13200,000.00001717,001.02012813,001.21137810,000.99389523,000.41
0.50,0.46047,1.97810,000.00000000,001.21882224,001.98991489,001.29488802,000.29
0.50,0.52904,1.84546,000.00000000,001.06341541,000.99495792,001.52194536,000.29
0.50,0.18677,2.12028,000.00000000,001.28722608,001.98991489,001.57768238,000.33
0.40,2.61112,0.69834,000.00000000,000.00000000,000.00000000,000.07017785,000.40
0.50,0.34883,2.79883,000.00000000,000.47882304,000.99495697,001.00533819,000.32
0.50,0.14149,2.61112,000.00000000,000.98251998,000.99495792,001.28961205,000.29
0.50,0.18677,0.13200,000.00033283,001.19457567,001.40553999,001.25022459,000.45
0.50,0.32544,0.10000,000.00248814,001.90418792,002.26402903,001.45588899,000.40
0.50,0.10719,0.74854,000.00000000,001.74739456,001.98991585,002.32120943,000.28
0.50,0.17425,1.13524,000.00000000,001.87798238,001.98991585,002.01757503,000.28
0.50,0.10719,2.79883,000.00000000,000.63428509,000.99495792,000.91448170,000.29
0.50,0.46047,0.49356,000.00000000,000.99584103,000.99495792,001.03394520,000.33
0.50,0.24654,0.52904,000.00000000,001.23804820,001.98991489,001.31184196,000.30
0.50,0.14149,0.15166,000.00059795,001.05211484,001.08928585,001.08539891,000.53
0.50,0.32544,1.60625,000.00000000,001.31209958,001.98991489,001.53041697,000.29
0.50,0.60783,1.72170,000.00000000,001.05092335,000.99495792,001.21852911,000.29
0.50,0.12315,0.17425,000.00000000,001.02488637,001.03273392,001.20893121,000.57
0.50,0.37391,1.39805,000.00000000,001.24991500,000.99495888,001.59378970,000.30
0.50,0.15166,0.30362,000.00000000,001.20800114,001.98991489,001.13036335,000.32
0.50,0.28326,0.10719,000.00472832,001.72751904,002.11965895,001.36712253,000.40
0.50,0.18677,0.52904,000.00000000,001.48000097,001.98991585,001.60058343,000.29
0.50,0.24654,1.97810,000.00000000,001.15041900,000.99495888,001.75089109,000.42
0.50,0.17425,1.21684,000.00000000,001.55462122,001.98991585,001.76188254,000.30
0.50,0.49356,0.24654,000.00000191,000.81393230,001.00205994,000.99968654,000.42
0.50,0.17425,0.24654,000.00000000,001.01751781,000.99505091,001.31748152,000.52
0.50,0.69834,0.10000,000.02224827,002.55911875,002.89449263,001.43762529,000.47
0.50,0.32544,0.34883,000.00000000,000.92751610,000.99495792,001.04262424,000.67
0.50,0.20020,0.26426,000.00000000,001.00129199,000.99496078,000.97617722,000.40
0.50,0.56707,0.23001,000.00000000,000.78854024,001.01504230,000.99075419,000.62
0.50,0.52904,0.11489,000.16162586,002.20770788,002.47768736,001.26594734,000.47
0.50,0.11489,1.49854,000.00000000,001.52352870,001.98991585,001.68813956,000.42
0.50,0.40078,2.43603,000.00000000,000.67781442,000.99495792,001.04995084,000.36
0.40,2.61112,3.00000,000.00114632,000.09213547,000.09685993,000.27806714,000.45
0.50,0.49356,0.98808,000.00000000,001.22504079,000.99495792,001.36679089,000.31
0.50,0.30362,0.80234,000.00000000,001.46135449,001.98991489,001.57126808,000.44
0.50,0.26426,0.98808,000.00000000,001.49865508,001.98991585,001.71802461,000.31
0.40,3.00000,0.65151,000.00000000,000.00000000,000.00000000,000.02131901,000.55
0.50,0.13200,0.37391,000.00000000,001.26863396,001.98991489,001.44437230,000.31
0.50,0.14149,0.69834,000.00000000,001.85310876,001.98991585,002.02294683,000.34
0.40,2.27268,0.74854,000.00000000,000.00000000,000.00000000,000.09899700,000.59
0.50,0.40078,0.16256,000.00006199,001.21680820,001.48674393,001.17181420,000.69
0.40,2.79883,0.34883,000.00000095,000.02428608,000.01837921,000.28238243,000.61
0.50,0.52904,0.49356,000.00000000,000.77959895,000.99495792,001.02272379,000.37
0.50,0.56707,0.92182,000.00000000,001.09446955,000.99495792,001.23145175,000.37
0.50,0.10719,0.16256,000.00000000,000.93674242,001.03227472,001.17114925,000.52
0.50,0.23001,0.98808,000.00000000,001.54218435,001.98991489,001.88633072,000.38
