objective,dimensionality,population_size,num_iterations
rastrigin,4,64,128
selection,crossover,mutation,crossover_prob,mutation_prob,best_value,average_value_top_80,median_value,stddev_value,average_time_ms
Tournament (k=2),Arithmetic,Gaussian,0.40000,0.02000,000.00005722,000.02903414,000.03011894,000.24027121,000.17
Tournament (k=2),Arithmetic,Gaussian,0.41200,0.03686,000.00000381,000.00618086,000.00615692,000.03387697,000.18
Tournament (k=2),Arithmetic,Gaussian,0.42436,0.02183,000.00000763,000.02715187,000.03030014,000.15500002,000.19
Tournament (k=2),Arithmetic,Gaussian,0.40000,0.06226,000.00000000,000.00183768,000.00146675,000.01569095,000.22
Tournament (k=2),Arithmetic,Gaussian,0.41200,0.11476,000.00005722,000.00388503,000.00348473,000.05182751,000.25
Tournament (k=2),Arithmetic,Gaussian,0.43709,0.04023,000.00000763,000.00522804,000.00448608,000.03117397,000.26
Tournament (k=2),Arithmetic,Gaussian,0.45020,0.02382,000.00020599,000.02060261,000.02103424,000.23489580,000.25
Tournament (k=2),Arithmetic,Gaussian,0.40000,0.19383,000.01136017,000.10339499,000.12130928,000.31820330,000.30
Tournament (k=2),Arithmetic,Gaussian,0.40000,0.02183,000.00039673,000.04010520,000.03244591,000.32437104,000.16
Tournament (k=2),Arithmetic,Gaussian,0.46371,0.04390,000.00001144,000.00432720,000.00401688,000.01518938,000.27
Tournament (k=2),Arithmetic,Gaussian,0.45020,0.07415,000.00002289,000.00082388,000.00087357,000.01850782,000.29
Tournament (k=2),Arithmetic,Gaussian,0.47762,0.02599,000.00006485,000.01317601,000.01320839,000.20063971,000.27
Tournament (k=2),Arithmetic,Gaussian,0.43709,0.12524,000.00008392,000.00638981,000.00564575,000.05738076,000.35
Tournament (k=2),Arithmetic,Gaussian,0.47762,0.08092,000.00000381,000.00104485,000.00093460,000.00913568,000.29
Tournament (k=2),Arithmetic,Gaussian,0.42436,0.06795,000.00000763,000.00159807,000.00140572,000.01105033,000.39
Tournament (k=2),Arithmetic,Gaussian,0.42436,0.21153,000.00337219,000.21812153,000.23906326,000.43536073,000.39
Tournament (k=2),Arithmetic,Gaussian,0.42436,0.02382,000.00000000,000.02045941,000.02109909,000.19636802,000.17
Tournament (k=2),Arithmetic,Gaussian,0.49195,0.04791,000.00003052,000.00233326,000.00239944,000.01170771,000.32
Tournament (k=2),Arithmetic,Gaussian,0.46371,0.13667,000.00016022,000.01588264,000.01634979,000.12732331,000.38
Tournament (k=2),Arithmetic,Gaussian,0.49195,0.14915,000.00071335,000.03179598,000.03740501,000.22302590,000.33
Tournament (k=2),Arithmetic,Gaussian,0.50670,0.02837,000.00000000,000.01322532,000.01089096,000.10884968,000.28
Tournament (k=2),Arithmetic,Gaussian,0.45020,0.23084,000.01124573,000.31703120,000.33501434,000.50718421,000.43
Tournament (k=2),Arithmetic,Gaussian,0.45020,0.02599,000.00000763,000.01489758,000.01755142,000.16632536,000.20
Tournament (k=2),Arithmetic,Gaussian,0.41200,0.04023,000.00001907,000.00451741,000.00399017,000.10776988,000.29
Tournament (k=2),Arithmetic,Gaussian,0.43709,0.04390,000.00007248,000.00405288,000.00395966,000.02178485,000.24
Tournament (k=2),Arithmetic,Gaussian,0.47762,0.25191,000.02989578,000.46348423,000.53817368,000.50258446,000.46
Tournament (k=2),Arithmetic,Gaussian,0.47762,0.02837,000.00000000,000.01307092,000.01150131,000.06068249,000.19
Tournament (k=2),Arithmetic,Gaussian,0.40000,0.06795,000.00000000,000.00101767,000.00087738,000.00495117,000.29
Tournament (k=2),Arithmetic,Gaussian,0.41200,0.12524,000.00015640,000.00610251,000.00702667,000.02192547,000.31
Tournament (k=2),Arithmetic,Gaussian,0.40000,0.02382,000.00000763,000.02456465,000.02260017,000.15737575,000.28
Tournament (k=2),Arithmetic,Gaussian,0.45020,0.08092,000.00000000,000.00056906,000.00047112,000.01573613,000.26
Tournament (k=2),Arithmetic,Gaussian,0.46371,0.04791,000.00000763,000.00322299,000.00327110,000.03680047,000.27
Tournament (k=2),Arithmetic,Gaussian,0.42436,0.02599,000.00005341,000.01484318,000.01251030,000.11135212,000.23
Tournament (k=2),Arithmetic,Gaussian,0.47762,0.08830,000.00000763,000.00071111,000.00086212,000.00516481,000.32
Tournament (k=2),Arithmetic,Gaussian,0.40000,0.21153,000.02502441,000.19868279,000.21835899,000.36429513,000.39
Tournament (k=2),Arithmetic,Gaussian,0.45020,0.02837,000.00003052,000.01310673,000.01282501,000.10885874,000.19
Tournament (k=2),Arithmetic,Gaussian,0.41200,0.04390,000.00005722,000.00345511,000.00334740,000.01693616,000.20
Tournament (k=2),Arithmetic,Gaussian,0.42436,0.07415,000.00000381,000.00076842,000.00074577,000.00435672,000.34
Tournament (k=2),Arithmetic,Gaussian,0.43709,0.13667,000.00083160,000.01776466,000.02176857,000.17824213,000.39
Tournament (k=2),Arithmetic,Gaussian,0.50670,0.03095,000.00000000,000.00998697,000.01045799,000.20939623,000.28
Tournament (k=2),Arithmetic,Gaussian,0.49195,0.05228,000.00001144,000.00277185,000.00251007,000.02305068,000.33
Tournament (k=2),Arithmetic,Gaussian,0.47762,0.03095,000.00003052,000.00855012,000.01076508,000.07606162,000.21
Tournament (k=2),Arithmetic,Gaussian,0.42436,0.23084,000.02457047,000.29893947,000.30889702,000.44616309,000.40
Tournament (k=2),Arithmetic,Gaussian,0.43709,0.04791,000.00000000,000.00323415,000.00377655,000.01507379,000.29
Tournament (k=2),Arithmetic,Gaussian,0.40000,0.07415,000.00000000,000.00097566,000.00097656,000.00515144,000.22
Tournament (k=2),Arithmetic,Gaussian,0.49195,0.16276,000.00400162,000.05273700,000.05225372,000.18404642,000.40
Tournament (k=2),Arithmetic,Gaussian,0.46371,0.14915,000.00160599,000.03226776,000.03392410,000.19982834,000.43
Tournament (k=2),Arithmetic,Gaussian,0.45020,0.25191,000.02347565,000.31549582,000.34434700,000.54843742,000.40
Tournament (k=2),Arithmetic,Gaussian,0.46371,0.05228,000.00000763,000.00227203,000.00194740,000.01668257,000.32
Tournament (k=2),Arithmetic,Gaussian,0.47762,0.27490,000.01158142,000.61051041,000.74223328,000.59374690,000.42
Tournament (k=2),Arithmetic,Gaussian,0.40000,0.02599,000.00000000,000.02033510,000.01810455,000.17701539,000.32
Tournament (k=2),Arithmetic,Gaussian,0.45020,0.08830,000.00000763,000.00070295,000.00060844,000.00958285,000.26
Tournament (k=2),Arithmetic,Gaussian,0.53756,0.03095,000.00004196,000.00896673,000.00943184,000.14360787,000.23
Tournament (k=2),Arithmetic,Gaussian,0.42436,0.02837,000.00000763,000.01050797,000.01074409,000.14532705,000.19
Tournament (k=2),Arithmetic,Gaussian,0.41200,0.13667,000.00034332,000.01365633,000.01441193,000.05999300,000.29
Tournament (k=2),Arithmetic,Gaussian,0.41200,0.04791,000.00000000,000.00305872,000.00301361,000.02019131,000.20
Tournament (k=2),Arithmetic,Gaussian,0.52190,0.05228,000.00000381,000.00180039,000.00164795,000.10958642,000.32
Tournament (k=2),Arithmetic,Gaussian,0.50670,0.08830,000.00000000,000.00066566,000.00064087,000.00995036,000.47
Tournament (k=2),Arithmetic,Gaussian,0.42436,0.08092,000.00000381,000.00051255,000.00041199,000.00470119,000.32
Tournament (k=2),Arithmetic,Gaussian,0.45020,0.03095,000.00000381,000.00962667,000.00933838,000.05108171,000.26
Tournament (k=2),Arithmetic,Gaussian,0.40000,0.23084,000.01655960,000.26867002,000.27007675,000.46411949,000.33
Tournament (k=2),Arithmetic,Gaussian,0.47762,0.09637,000.00000763,000.00102654,000.00091362,000.00500009,000.36
Tournament (k=2),Arithmetic,Gaussian,0.53756,0.09637,000.00000381,000.00105996,000.00089073,000.00734516,000.37
Tournament (k=2),Arithmetic,Gaussian,0.52190,0.16276,000.00419998,000.06400199,000.06592560,000.30115235,000.43
Tournament (k=2),Arithmetic,Gaussian,0.47762,0.03378,000.00000763,000.00645261,000.00636292,000.02919528,000.19
Tournament (k=2),Arithmetic,Gaussian,0.50670,0.27490,000.00684738,000.54192799,000.61506081,000.59260595,000.57
Tournament (k=2),Arithmetic,Gaussian,0.50670,0.03378,000.00003815,000.00855169,000.00785637,000.04227693,000.29
Tournament (k=2),Arithmetic,Gaussian,0.43709,0.05228,000.00001526,000.00272717,000.00273705,000.07426735,000.22
Tournament (k=2),Arithmetic,Gaussian,0.40000,0.02837,000.00000000,000.00974979,000.01094055,000.11320843,000.19
Tournament (k=2),Arithmetic,Gaussian,0.43709,0.14915,000.00111389,000.03240547,000.03316307,000.07854539,000.39
Tournament (k=2),Arithmetic,Gaussian,0.41200,0.05228,000.00000763,000.00266533,000.00315094,000.00777773,000.28
Tournament (k=2),Arithmetic,Gaussian,0.49195,0.05705,000.00000381,000.00223513,000.00232315,000.01390179,000.34
Tournament (k=2),Arithmetic,Gaussian,0.42436,0.03095,000.00001144,000.00894141,000.00960732,000.15929653,000.21
Tournament (k=2),Arithmetic,Gaussian,0.53756,0.03378,000.00004196,000.00484748,000.00424957,000.10458358,000.25
Tournament (k=2),Arithmetic,Gaussian,0.46371,0.05705,000.00003815,000.00247235,000.00257111,000.01036263,000.31
Tournament (k=2),Arithmetic,Gaussian,0.45020,0.09637,000.00000763,000.00085883,000.00086212,000.02245268,000.30
Tournament (k=2),Arithmetic,Gaussian,0.53756,0.30000,000.10160065,000.70532608,000.87508774,000.58095461,000.63
Tournament (k=2),Arithmetic,Gaussian,0.42436,0.25191,000.02042389,000.35374767,000.36664200,000.49355680,000.45
Tournament (k=2),Arithmetic,Gaussian,0.41200,0.14915,000.00091171,000.02609067,000.03175163,000.15442674,000.32
Tournament (k=2),Arithmetic,Gaussian,0.52190,0.05705,000.00000381,000.00163517,000.00195503,000.01026110,000.32
Tournament (k=2),Arithmetic,Gaussian,0.46371,0.16276,000.00318146,000.06658711,000.06211662,000.31205714,000.45
Tournament (k=2),Arithmetic,Gaussian,0.42436,0.08830,000.00000000,000.00064411,000.00057602,000.02027842,000.27
Tournament (k=2),Arithmetic,Gaussian,0.47762,0.30000,000.05901718,000.73155272,001.00432968,000.67118663,000.43
Tournament (k=2),Arithmetic,Gaussian,0.40000,0.08092,000.00000763,000.00077963,000.00078583,000.00681083,000.23
Tournament (k=2),Arithmetic,Gaussian,0.49195,0.17762,000.00082397,000.09505415,000.10256958,000.27218246,000.50
Tournament (k=2),Arithmetic,Gaussian,0.55369,0.05705,000.00000381,000.00158668,000.00158119,000.02481239,000.37
Tournament (k=2),Arithmetic,Gaussian,0.47762,0.03686,000.00000000,000.00585084,000.00593758,000.02410545,000.20
Tournament (k=2),Arithmetic,Gaussian,0.45020,0.03378,000.00000000,000.00882669,000.00893593,000.08433549,000.30
Tournament (k=2),Arithmetic,Gaussian,0.50670,0.09637,000.00001526,000.00085468,000.00095177,000.04499933,000.40
Tournament (k=2),Arithmetic,Gaussian,0.47762,0.10516,000.00000763,000.00170627,000.00181389,000.01338974,000.30
Tournament (k=2),Arithmetic,Gaussian,0.45020,0.27490,000.00504303,000.58322352,000.73681831,000.54988062,000.58
Tournament (k=2),Arithmetic,Gaussian,0.40000,0.25191,000.02341461,000.36477455,000.40488243,000.46580976,000.37
Tournament (k=2),Arithmetic,Gaussian,0.53756,0.10516,000.00003815,000.00160389,000.00147057,000.01278554,000.33
Tournament (k=2),Arithmetic,Gaussian,0.57030,0.03378,000.00003052,000.00558662,000.00690079,000.02720265,000.33
Tournament (k=2),Arithmetic,Gaussian,0.50670,0.03686,000.00000000,000.00589905,000.00584984,000.07174981,000.27
Tournament (k=2),Arithmetic,Gaussian,0.41200,0.05705,000.00000000,000.00266519,000.00289345,000.01141816,000.21
Tournament (k=2),Arithmetic,Gaussian,0.40000,0.03095,000.00001144,000.01142402,000.01089096,000.07028746,000.23
Tournament (k=2),Arithmetic,Gaussian,0.53756,0.03686,000.00002670,000.00665488,000.00645447,000.14020211,000.20
Tournament (k=2),Arithmetic,Gaussian,0.42436,0.03378,000.00001144,000.00702920,000.00707817,000.10598523,000.25
Tournament (k=2),Arithmetic,Gaussian,0.55369,0.17762,000.00172424,000.11881661,000.11650848,000.40423846,000.48
Tournament (k=2),Arithmetic,Gaussian,0.52190,0.17762,000.00045776,000.10191469,000.10985374,000.29899517,000.40
Tournament (k=2),Arithmetic,Gaussian,0.50670,0.30000,000.00949860,000.64913207,000.79955482,000.64055121,000.37
Tournament (k=2),Arithmetic,Gaussian,0.43709,0.05705,000.00000000,000.00195837,000.00187111,000.01694408,000.29
Tournament (k=2),Arithmetic,Gaussian,0.49195,0.06226,000.00001144,000.00147204,000.00144005,000.01221910,000.28
Tournament (k=2),Arithmetic,Gaussian,0.43709,0.16276,000.00152969,000.05872955,000.07947540,000.16615632,000.35
Tournament (k=2),Arithmetic,Gaussian,0.46371,0.06226,000.00000000,000.00173192,000.00181580,000.02927074,000.29
Tournament (k=2),Arithmetic,Gaussian,0.57030,0.10516,000.00000763,000.00293651,000.00274849,000.07489294,000.39
Tournament (k=2),Arithmetic,Gaussian,0.49195,0.02000,000.00002289,000.04088206,000.04047585,000.27783999,000.18
Tournament (k=2),Arithmetic,Gaussian,0.52190,0.06226,000.00000000,000.00120492,000.00160408,000.03376315,000.23
Tournament (k=2),Arithmetic,Gaussian,0.55369,0.02000,000.00022125,000.04635281,000.04650116,000.26489305,000.27
Tournament (k=2),Arithmetic,Gaussian,0.45020,0.10516,000.00000763,000.00109124,000.00107956,000.01143231,000.34
Tournament (k=2),Arithmetic,Gaussian,0.40000,0.08830,000.00000763,000.00105982,000.00097275,000.00646916,000.27
Tournament (k=2),Arithmetic,Gaussian,0.41200,0.16276,000.00114441,000.06249943,000.07055473,000.25087130,000.34
Tournament (k=2),Arithmetic,Gaussian,0.45020,0.03686,000.00000763,000.00564623,000.00503731,000.03136394,000.27
Tournament (k=2),Arithmetic,Gaussian,0.55369,0.06226,000.00000763,000.00140262,000.00164795,000.09895715,000.28
Tournament (k=2),Arithmetic,Gaussian,0.42436,0.09637,000.00004578,000.00084910,000.00099754,000.00836080,000.34
Tournament (k=2),Arithmetic,Gaussian,0.47762,0.11476,000.00001907,000.00386243,000.00348663,000.01586454,000.28
Tournament (k=2),Arithmetic,Gaussian,0.58741,0.02000,000.00000381,000.03830380,000.03774452,000.35109228,000.25
Tournament (k=2),Arithmetic,Gaussian,0.40000,0.03378,000.00000000,000.01119885,000.01129532,000.03163181,000.19
Tournament (k=2),Arithmetic,Gaussian,0.46371,0.17762,000.00177765,000.08029695,000.08459663,000.33734748,000.43
Tournament (k=2),Arithmetic,Gaussian,0.42436,0.27490,000.01831055,000.45260030,000.48883438,000.53904551,000.45
Tournament (k=2),Arithmetic,Gaussian,0.50670,0.10516,000.00003815,000.00201774,000.00210190,000.01205879,000.37
Tournament (k=2),Arithmetic,Gaussian,0.41200,0.06226,000.00003815,000.00147820,000.00143433,000.00686710,000.22
Tournament (k=2),Arithmetic,Gaussian,0.49195,0.19383,000.00703430,000.16253038,000.17788887,000.31558904,000.43
Tournament (k=2),Arithmetic,Gaussian,0.42436,0.03686,000.00000000,000.00626822,000.00534058,000.12177327,000.21
Tournament (k=2),Arithmetic,Gaussian,0.53756,0.04023,000.00006104,000.00594273,000.00633621,000.02028486,000.25
Tournament (k=2),Arithmetic,Gaussian,0.57030,0.03686,000.00001907,000.00444489,000.00403595,000.06470727,000.30
Tournament (k=2),Arithmetic,Gaussian,0.50670,0.04023,000.00001907,000.00506949,000.00418282,000.10340095,000.30
Tournament (k=2),Arithmetic,Gaussian,0.52190,0.02000,000.00004578,000.03405404,000.02998352,000.31577605,000.17
Tournament (k=2),Arithmetic,Gaussian,0.47762,0.04023,000.00000381,000.00452309,000.00505257,000.06384172,000.19
Tournament (k=2),Arithmetic,Gaussian,0.45020,0.30000,000.02825928,000.74718136,001.02613640,000.61331463,000.48
Tournament (k=2),Arithmetic,Gaussian,0.52190,0.19383,000.00461197,000.11158805,000.12456703,000.33005431,000.51
Tournament (k=2),Arithmetic,Gaussian,0.43709,0.06226,000.00000763,000.00146527,000.00128365,000.00695108,000.24
Tournament (k=2),Arithmetic,Gaussian,0.49195,0.06795,000.00000763,000.00116553,000.00121307,000.00440445,000.25
Tournament (k=2),Arithmetic,Gaussian,0.53756,0.11476,000.00025940,000.00482874,000.00511551,000.04474593,000.42
Tournament (k=2),Arithmetic,Gaussian,0.49195,0.02183,000.00006866,000.02124987,000.02193069,000.14012848,000.18
Tournament (k=2),Arithmetic,Gaussian,0.40000,0.27490,000.01776123,000.42264384,000.49803543,000.48411378,000.47
Tournament (k=2),Arithmetic,Gaussian,0.55369,0.02183,000.00000000,000.02766809,000.03480721,000.23603038,000.20
Tournament (k=2),Arithmetic,Gaussian,0.46371,0.06795,000.00000000,000.00086913,000.00083542,000.00599510,000.22
Tournament (k=2),Arithmetic,Gaussian,0.40000,0.09637,000.00001526,000.00085096,000.00081635,000.00660306,000.26
Tournament (k=2),Arithmetic,Gaussian,0.45020,0.04023,000.00001526,000.00550866,000.00642395,000.02670129,000.24
Tournament (k=2),Arithmetic,Gaussian,0.52190,0.06795,000.00000000,000.00116143,000.00085449,000.00651682,000.31
Tournament (k=2),Arithmetic,Gaussian,0.45020,0.11476,000.00015640,000.00445681,000.00480461,000.02824481,000.29
Tournament (k=2),Arithmetic,Gaussian,0.55369,0.19383,000.00573730,000.17116332,000.17336655,000.40530244,000.45
Tournament (k=2),Arithmetic,Gaussian,0.53756,0.04390,000.00000763,000.00391011,000.00382233,000.04103903,000.29
Tournament (k=2),Arithmetic,Gaussian,0.43709,0.17762,000.00197601,000.08667207,000.09117317,000.33979356,000.43
Tournament (k=2),Arithmetic,Gaussian,0.40000,0.03686,000.00005722,000.00762057,000.00827789,000.02564556,000.19
Tournament (k=2),Arithmetic,Gaussian,0.47762,0.12524,000.00028610,000.00753179,000.00846291,000.10486502,000.29
Tournament (k=2),Arithmetic,Gaussian,0.55369,0.06795,000.00000000,000.00121317,000.00093269,000.01034784,000.32
Tournament (k=2),Arithmetic,Gaussian,0.57030,0.11476,000.00003052,000.00412335,000.00392532,000.04234229,000.40
Tournament (k=2),Arithmetic,Gaussian,0.58741,0.02183,000.00001144,000.02020831,000.02200508,000.16922742,000.28
Tournament (k=2),Arithmetic,Gaussian,0.42436,0.10516,000.00000381,000.00188146,000.00205421,000.00594984,000.36
Tournament (k=2),Arithmetic,Gaussian,0.41200,0.06795,000.00000381,000.00116000,000.00109482,000.00737292,000.28
Tournament (k=2),Arithmetic,Gaussian,0.52190,0.02183,000.00000381,000.02765131,000.02421570,000.23001561,000.19
Tournament (k=2),Arithmetic,Gaussian,0.46371,0.19383,000.00635910,000.12983856,000.13272476,000.44187045,000.36
Tournament (k=2),Arithmetic,Gaussian,0.55369,0.02382,000.00000381,000.01214399,000.01177979,000.20322885,000.33
Tournament (k=2),Arithmetic,Gaussian,0.46371,0.02000,000.00004196,000.03013649,000.02544975,000.21949635,000.18
Tournament (k=2),Arithmetic,Gaussian,0.50670,0.11476,000.00010681,000.00296950,000.00265312,000.01361920,000.38
Tournament (k=2),Arithmetic,Gaussian,0.41200,0.17762,000.00592422,000.08200689,000.09117889,000.36322221,000.34
Tournament (k=2),Arithmetic,Gaussian,0.57030,0.04023,000.00001907,000.00527711,000.00489616,000.10300646,000.29
Tournament (k=2),Arithmetic,Gaussian,0.50670,0.04390,000.00000763,000.00415344,000.00382233,000.04817182,000.29
Tournament (k=2),Arithmetic,Gaussian,0.42436,0.04023,000.00000763,000.00515099,000.00514030,000.01694178,000.21
Tournament (k=2),Arithmetic,Gaussian,0.43709,0.06795,000.00000381,000.00108490,000.00111771,000.00736793,000.24
Tournament (k=2),Arithmetic,Gaussian,0.49195,0.02382,000.00000763,000.01521750,000.01716995,000.13454740,000.24
Tournament (k=2),Arithmetic,Gaussian,0.47762,0.04390,000.00000763,000.00328851,000.00306702,000.10814857,000.29
Tournament (k=2),Arithmetic,Gaussian,0.49195,0.21153,000.01106262,000.21390863,000.21512794,000.43669456,000.46
Tournament (k=2),Arithmetic,Gaussian,0.42436,0.30000,000.02660370,000.54315293,000.51325226,000.60881770,000.52
Tournament (k=2),Arithmetic,Gaussian,0.49195,0.07415,000.00000000,000.00074449,000.00056076,000.09951503,000.32
Tournament (k=2),Arithmetic,Gaussian,0.52190,0.21153,000.00626373,000.22787675,000.24785423,000.41000932,000.34
Tournament (k=2),Arithmetic,Gaussian,0.53756,0.12524,000.00047302,000.00747981,000.00760651,000.06734921,000.38
Tournament (k=2),Arithmetic,Gaussian,0.46371,0.07415,000.00000000,000.00100708,000.00104523,000.06655334,000.32
Tournament (k=2),Arithmetic,Gaussian,0.52190,0.07415,000.00000000,000.00059161,000.00048447,000.00659981,000.24
Tournament (k=2),Arithmetic,Gaussian,0.40000,0.30000,000.01145172,000.59418172,000.62402725,000.59412599,000.41
Tournament (k=2),Arithmetic,Gaussian,0.53756,0.04791,000.00000000,000.00227189,000.00162125,000.01280222,000.21
Tournament (k=2),Arithmetic,Gaussian,0.45020,0.04390,000.00002289,000.00459242,000.00466156,000.09949576,000.29
Tournament (k=2),Arithmetic,Gaussian,0.40000,0.10516,000.00000763,000.00141811,000.00165176,000.06362668,000.34
Tournament (k=2),Arithmetic,Gaussian,0.40000,0.04023,000.00000000,000.00500312,000.00475883,000.02189411,000.28
Tournament (k=2),Arithmetic,Gaussian,0.47762,0.13667,000.00033569,000.01300602,000.01479340,000.10410908,000.29
Tournament (k=2),Arithmetic,Gaussian,0.52190,0.02382,000.00013351,000.01448917,000.01567841,000.19323184,000.23
Tournament (k=2),Arithmetic,Gaussian,0.42436,0.11476,000.00000000,000.00373254,000.00390053,000.01857595,000.27
Tournament (k=2),Arithmetic,Gaussian,0.57030,0.12524,000.00019073,000.01016946,000.01076317,000.05905108,000.29
Tournament (k=2),Arithmetic,Gaussian,0.45020,0.12524,000.00028229,000.00735230,000.00659180,000.09550594,000.37
Tournament (k=2),Arithmetic,Gaussian,0.55369,0.07415,000.00000000,000.00114584,000.00100708,000.09989329,000.33
Tournament (k=2),Arithmetic,Gaussian,0.47762,0.04791,000.00000000,000.00320911,000.00382233,000.01723810,000.34
Tournament (k=2),Arithmetic,Gaussian,0.41200,0.07415,000.00000000,000.00093422,000.00074196,000.01185671,000.30
Tournament (k=2),Arithmetic,Gaussian,0.46371,0.02183,000.00000000,000.01582623,000.01364326,000.18543820,000.18
Tournament (k=2),Arithmetic,Gaussian,0.55369,0.21153,000.01307678,000.27039814,000.28488159,000.51510847,000.44
Tournament (k=2),Arithmetic,Gaussian,0.55369,0.02599,000.00000381,000.02368107,000.02592659,000.20095317,000.21
Tournament (k=2),Arithmetic,Gaussian,0.57030,0.04390,000.00000000,000.00270090,000.00270081,000.01843450,000.20
Tournament (k=2),Arithmetic,Gaussian,0.42436,0.04390,000.00001526,000.00336270,000.00316429,000.02883806,000.20
Tournament (k=2),Arithmetic,Gaussian,0.43709,0.19383,000.00831604,000.16178150,000.16867065,000.38243026,000.48
Tournament (k=2),Arithmetic,Gaussian,0.49195,0.02599,000.00000381,000.01631207,000.01714706,000.17502074,000.18
Tournament (k=2),Arithmetic,Gaussian,0.50670,0.04791,000.00000000,000.00249085,000.00253487,000.13329810,000.29
Tournament (k=2),Arithmetic,Gaussian,0.43709,0.07415,000.00000381,000.00080147,000.00090599,000.00348061,000.23
Tournament (k=2),Arithmetic,Gaussian,0.41200,0.02000,000.00000000,000.03716297,000.04051399,000.25226292,000.18
Tournament (k=2),Arithmetic,Gaussian,0.50670,0.12524,000.00045013,000.00766025,000.00821877,000.22074920,000.36
Tournament (k=2),Arithmetic,Gaussian,0.46371,0.21153,000.00824738,000.21765932,000.19187164,000.44458744,000.48
Tournament (k=2),Arithmetic,Gaussian,0.49195,0.08092,000.00000381,000.00047231,000.00046158,000.00731359,000.24
Tournament (k=2),Arithmetic,Gaussian,0.40000,0.04390,000.00004578,000.00446892,000.00448418,000.01096119,000.20
Tournament (k=2),Arithmetic,Gaussian,0.52190,0.08092,000.00000000,000.00067620,000.00061226,000.01022490,000.28
Tournament (k=2),Arithmetic,Gaussian,0.42436,0.12524,000.00009918,000.00619011,000.00713158,000.06248725,000.39
Tournament (k=2),Arithmetic,Gaussian,0.47762,0.05228,000.00000000,000.00199981,000.00179672,000.02084254,000.21
Tournament (k=2),Arithmetic,Gaussian,0.58741,0.02382,000.00000763,000.01452017,000.01336479,000.15343872,000.26
Tournament (k=2),Arithmetic,Gaussian,0.41200,0.08092,000.00000381,000.00094113,000.00084686,000.00677440,000.26
Tournament (k=2),Arithmetic,Gaussian,0.41200,0.19383,000.00846100,000.13215852,000.16518211,000.25718004,000.61
Tournament (k=2),Arithmetic,Gaussian,0.42436,0.04791,000.00001144,000.00271850,000.00288773,000.03093319,000.26
Tournament (k=2),Arithmetic,Gaussian,0.43709,0.02000,000.00003052,000.03047504,000.02783775,000.29870862,000.51
Tournament (k=2),Arithmetic,Gaussian,0.40000,0.04791,000.00000000,000.00286608,000.00267982,000.04730390,000.23
Tournament (k=2),Arithmetic,Gaussian,0.49195,0.02837,000.00000381,000.00724692,000.00592232,000.06419784,000.18
Tournament (k=2),Arithmetic,Gaussian,0.40000,0.11476,000.00003433,000.00364275,000.00396729,000.03498963,000.48
Tournament (k=2),Arithmetic,Gaussian,0.41200,0.02183,000.00000000,000.02028003,000.01831245,000.17445019,000.18
Tournament (k=2),Arithmetic,Gaussian,0.53756,0.05228,000.00000763,000.00184302,000.00159264,000.10818696,000.50
Tournament (k=2),Arithmetic,Gaussian,0.52190,0.08830,000.00000000,000.00056915,000.00048828,000.00524406,000.25
Tournament (k=2),Arithmetic,Gaussian,0.46371,0.23084,000.01588058,000.33392516,000.39246750,000.40721351,000.35
Tournament (k=2),Arithmetic,Gaussian,0.46371,0.08092,000.00000000,000.00050621,000.00049210,000.00448593,000.56
Tournament (k=2),Arithmetic,Gaussian,0.45020,0.04791,000.00002289,000.00332279,000.00347519,000.01683924,000.53
Tournament (k=2),Arithmetic,Gaussian,0.47762,0.05705,000.00005341,000.00240564,000.00246239,000.00813408,000.23
Tournament (k=2),Arithmetic,Gaussian,0.52190,0.02599,000.00001526,000.01839523,000.01351738,000.19477528,000.58
Tournament (k=2),Arithmetic,Gaussian,0.50670,0.05228,000.00000381,000.00194407,000.00209618,000.00707549,000.29
Tournament (k=2),Arithmetic,Gaussian,0.55369,0.08092,000.00000000,000.00065374,000.00080109,000.02051591,000.51
Tournament (k=2),Arithmetic,Gaussian,0.45020,0.13667,000.00034332,000.01699743,000.01731491,000.11250922,000.54
Tournament (k=2),Arithmetic,Gaussian,0.49195,0.23084,000.01497650,000.27497369,000.29187965,000.37150404,000.73
Tournament (k=2),Arithmetic,Gaussian,0.46371,0.02382,000.00000763,000.01688948,000.01987076,000.09796528,000.51
Tournament (k=2),Arithmetic,Gaussian,0.52190,0.23084,000.01890945,000.29489702,000.30072784,000.52879441,000.70
Tournament (k=2),Arithmetic,Gaussian,0.55369,0.02837,000.00000381,000.00859261,000.00756073,000.19798887,000.51
Tournament (k=2),Arithmetic,Gaussian,0.41200,0.08830,000.00000381,000.00087132,000.00104523,000.00495219,000.25
Tournament (k=2),Arithmetic,Gaussian,0.42436,0.05228,000.00000381,000.00261917,000.00267029,000.01022395,000.21
Tournament (k=2),Arithmetic,Gaussian,0.53756,0.13667,000.00068665,000.02413845,000.02705765,000.15909979,000.70
Tournament (k=2),Arithmetic,Gaussian,0.40000,0.05228,000.00001526,000.00319843,000.00302315,000.01455261,000.23
Tournament (k=2),Arithmetic,Gaussian,0.57030,0.04791,000.00000763,000.00326376,000.00370598,000.14305836,000.57
Tournament (k=2),Arithmetic,Gaussian,0.49195,0.03095,000.00000000,000.00919995,000.00768280,000.13554661,000.24
Tournament (k=2),Arithmetic,Gaussian,0.43709,0.02183,000.00004196,000.02584662,000.02095985,000.19428627,000.25
Tournament (k=2),Arithmetic,Gaussian,0.47762,0.14915,000.00041962,000.03853669,000.04158211,000.11819793,000.73
Tournament (k=2),Arithmetic,Gaussian,0.50670,0.13667,000.00017166,000.01630812,000.01729202,000.03771006,000.43
Tournament (k=2),Arithmetic,Gaussian,0.43709,0.08092,000.00000000,000.00103092,000.00095558,000.00842760,000.44
Tournament (k=2),Arithmetic,Gaussian,0.41200,0.21153,000.00536728,000.21223363,000.26474762,000.41744468,000.32
Tournament (k=2),Arithmetic,Gaussian,0.55369,0.23084,000.00988388,000.33110029,000.29797745,000.51529729,000.61
Tournament (k=2),Arithmetic,Gaussian,0.57030,0.13667,000.00041199,000.01898165,000.01743126,000.11832006,000.69
Tournament (k=2),Arithmetic,Gaussian,0.41200,0.02382,000.00009155,000.02465162,000.02749062,000.22446132,000.17
Tournament (k=2),Arithmetic,Gaussian,0.49195,0.08830,000.00000381,000.00063672,000.00057793,000.00487847,000.61
Tournament (k=2),Arithmetic,Gaussian,0.42436,0.13667,000.00058365,000.01570306,000.01483345,000.07116895,000.50
Tournament (k=2),Arithmetic,Gaussian,0.43709,0.21153,000.00439835,000.24814907,000.23490143,000.42175663,000.55
Tournament (k=2),Arithmetic,Gaussian,0.58741,0.02599,000.00001907,000.01689720,000.01818466,000.20112412,000.42
Tournament (k=2),Arithmetic,Gaussian,0.40000,0.12524,000.00014114,000.00550656,000.00544739,000.02380386,000.30
Tournament (k=2),Arithmetic,Gaussian,0.52190,0.09637,000.00001526,000.00197725,000.00220871,000.03110183,000.25
Tournament (k=2),Arithmetic,Gaussian,0.47762,0.06226,000.00000000,000.00200157,000.00212479,000.00634989,000.22
Tournament (k=2),Arithmetic,Gaussian,0.45020,0.05228,000.00000381,000.00223069,000.00226021,000.01942909,000.23
Tournament (k=2),Arithmetic,Gaussian,0.53756,0.05705,000.00000000,000.00160146,000.00148392,000.01296278,000.34
Tournament (k=2),Arithmetic,Gaussian,0.52190,0.02837,000.00000381,000.01377921,000.01331711,000.18328315,000.28
Tournament (k=2),Arithmetic,Gaussian,0.46371,0.08830,000.00000381,000.00078001,000.00099564,000.00520047,000.31
Tournament (k=2),Arithmetic,Gaussian,0.46371,0.02599,000.00017166,000.01821127,000.01736259,000.10143671,000.24
Tournament (k=2),Arithmetic,Gaussian,0.58741,0.06226,000.00000000,000.00148125,000.00091553,000.10161006,000.35
Tournament (k=2),Arithmetic,Gaussian,0.55369,0.03095,000.00004196,000.00843639,000.00834084,000.17222853,000.24
Tournament (k=2),Arithmetic,Gaussian,0.55369,0.08830,000.00000000,000.00075607,000.00055504,000.00802410,000.31
Tournament (k=2),Arithmetic,Gaussian,0.41200,0.09637,000.00000763,000.00114174,000.00113869,000.02905037,000.29
Tournament (k=2),Arithmetic,Gaussian,0.40000,0.05705,000.00000381,000.00162125,000.00180244,000.00855795,000.22
Tournament (k=2),Arithmetic,Gaussian,0.46371,0.25191,000.02718735,000.39318410,000.44172859,000.53975111,000.43
Tournament (k=2),Arithmetic,Gaussian,0.47762,0.16276,000.00151443,000.04880500,000.05513763,000.13056947,000.40
Tournament (k=2),Arithmetic,Gaussian,0.45020,0.14915,000.00027466,000.03535857,000.04245758,000.20814602,000.37
Tournament (k=2),Arithmetic,Gaussian,0.58741,0.19383,000.01125336,000.16220728,000.17471695,000.43373796,000.44
Tournament (k=2),Arithmetic,Gaussian,0.53756,0.14915,000.00170135,000.03818450,000.04104614,000.09070010,000.32
Tournament (k=2),Arithmetic,Gaussian,0.49195,0.25191,000.01299667,000.45616108,000.42799759,000.54291606,000.38
Tournament (k=2),Arithmetic,Gaussian,0.52190,0.25191,000.01225281,000.55915749,000.61201668,000.53253597,000.37
Tournament (k=2),Arithmetic,Gaussian,0.57030,0.05228,000.00001907,000.00152197,000.00148773,000.10054651,000.24
Tournament (k=2),Arithmetic,Gaussian,0.43709,0.02382,000.00022125,000.01647024,000.01837540,000.13219994,000.26
Tournament (k=2),Arithmetic,Gaussian,0.47762,0.06795,000.00000000,000.00141349,000.00130463,000.00854017,000.27
Tournament (k=2),Arithmetic,Gaussian,0.43709,0.23084,000.01176453,000.34855914,000.36549759,000.49584514,000.43
Tournament (k=2),Arithmetic,Gaussian,0.41200,0.02599,000.00003052,000.02013936,000.02330208,000.15545782,000.20
Tournament (k=2),Arithmetic,Gaussian,0.50670,0.05705,000.00000000,000.00129857,000.00115776,000.01003509,000.34
Tournament (k=2),Arithmetic,Gaussian,0.50670,0.14915,000.00244904,000.03448324,000.03810501,000.20941050,000.36
Tournament (k=2),Arithmetic,Gaussian,0.58741,0.02837,000.00002289,000.00677381,000.00620079,000.14750846,000.22
Tournament (k=2),Arithmetic,Gaussian,0.41200,0.23084,000.01246643,000.26771289,000.27010918,000.47029173,000.32
Tournament (k=2),Arithmetic,Gaussian,0.43709,0.08830,000.00000763,000.00087681,000.00094986,000.01552876,000.35
Tournament (k=2),Arithmetic,Gaussian,0.42436,0.05705,000.00000000,000.00177956,000.00208282,000.01450306,000.23
Tournament (k=2),Arithmetic,Gaussian,0.42436,0.14915,000.00051880,000.02895231,000.02924347,000.18181080,000.30
Tournament (k=2),Arithmetic,Gaussian,0.62318,0.02183,000.00000381,000.03136091,000.02785873,000.24661049,000.29
Tournament (k=2),Arithmetic,Gaussian,0.49195,0.09637,000.00000763,000.00076275,000.00079346,000.01219727,000.35
Tournament (k=2),Arithmetic,Gaussian,0.60503,0.03686,000.00000763,000.00543771,000.00554466,000.10231144,000.33
Tournament (k=2),Arithmetic,Gaussian,0.49195,0.03378,000.00000763,000.00672717,000.00750351,000.02706432,000.20
Tournament (k=2),Arithmetic,Gaussian,0.52190,0.10516,000.00002670,000.00194225,000.00227547,000.00948583,000.29
Tournament (k=2),Arithmetic,Gaussian,0.57030,0.14915,000.00239182,000.04266815,000.05083466,000.21341218,000.41
Tournament (k=2),Arithmetic,Gaussian,0.40000,0.13667,000.00094604,000.01498036,000.01194000,000.06210670,000.39
Tournament (k=2),Arithmetic,Gaussian,0.62318,0.06795,000.00000000,000.00132732,000.00102615,000.10561807,000.37
Tournament (k=2),Arithmetic,Gaussian,0.45020,0.05705,000.00001144,000.00303650,000.00327873,000.03986211,000.24
Tournament (k=2),Arithmetic,Gaussian,0.55369,0.25191,000.01115799,000.51271999,000.56012535,000.53268802,000.51
Tournament (k=2),Arithmetic,Gaussian,0.60503,0.11476,000.00019073,000.00535984,000.00573921,000.05325854,000.44
Tournament (k=2),Arithmetic,Gaussian,0.52190,0.03095,000.00007629,000.01028681,000.01039124,000.12272470,000.24
Tournament (k=2),Arithmetic,Gaussian,0.46371,0.02837,000.00010300,000.01522565,000.01319695,000.08790108,000.22
Tournament (k=2),Arithmetic,Gaussian,0.53756,0.06226,000.00000000,000.00101171,000.00096893,000.00962114,000.32
Tournament (k=2),Arithmetic,Gaussian,0.55369,0.03378,000.00000381,000.00660152,000.00719070,000.05382446,000.21
Tournament (k=2),Arithmetic,Gaussian,0.58741,0.06795,000.00000000,000.00098147,000.00091934,000.10861622,000.28
Tournament (k=2),Arithmetic,Gaussian,0.46371,0.09637,000.00000000,000.00080218,000.00092697,000.00602146,000.36
Tournament (k=2),Arithmetic,Gaussian,0.66113,0.02382,000.00032043,000.02315736,000.01945496,000.25054690,000.29
Tournament (k=2),Arithmetic,Gaussian,0.41200,0.10516,000.00000763,000.00143991,000.00156021,000.00569060,000.29
Tournament (k=2),Arithmetic,Gaussian,0.55369,0.09637,000.00000000,000.00080481,000.00076294,000.07596430,000.30
Tournament (k=2),Arithmetic,Gaussian,0.64187,0.04023,000.00001144,000.00629072,000.00710297,000.10308878,000.39
Tournament (k=2),Arithmetic,Gaussian,0.66113,0.23084,000.02297211,000.33572206,000.32767677,000.45625749,000.36
Tournament (k=2),Arithmetic,Gaussian,0.66113,0.07415,000.00000000,000.00119505,000.00085831,000.11542982,000.46
Tournament (k=2),Arithmetic,Gaussian,0.68096,0.04390,000.00001907,000.00846391,000.00717163,000.28139046,000.35
Tournament (k=2),Arithmetic,Gaussian,0.43709,0.02599,000.00002289,000.01364584,000.01297760,000.07347927,000.17
Tournament (k=2),Arithmetic,Gaussian,0.47762,0.07415,000.00000381,000.00063581,000.00054169,000.00902505,000.21
Tournament (k=2),Arithmetic,Gaussian,0.41200,0.02837,000.00000381,000.01229410,000.01344299,000.08034495,000.18
Tournament (k=2),Arithmetic,Gaussian,0.45020,0.16276,000.00350952,000.05144300,000.05649948,000.22437292,000.44
Tournament (k=2),Arithmetic,Gaussian,0.57030,0.05705,000.00000000,000.00246968,000.00199509,000.04363000,000.29
Tournament (k=2),Arithmetic,Gaussian,0.47762,0.17762,000.00144196,000.12749724,000.11541367,000.36680675,000.54
Tournament (k=2),Arithmetic,Gaussian,0.62318,0.21153,000.00874329,000.32911706,000.30462456,000.46874529,000.79
Tournament (k=2),Arithmetic,Gaussian,0.50670,0.06226,000.00000381,000.00121479,000.00112534,000.00547087,000.30
Tournament (k=2),Arithmetic,Gaussian,0.42436,0.06226,000.00000000,000.00163922,000.00161171,000.00764878,000.22
Tournament (k=2),Arithmetic,Gaussian,0.53756,0.16276,000.00124741,000.06561609,000.07468224,000.20259386,000.51
Tournament (k=2),Arithmetic,Gaussian,0.64187,0.12524,000.00019073,000.00922446,000.01093674,000.16343212,000.75
Tournament (k=2),Arithmetic,Gaussian,0.62318,0.02382,000.00000000,000.03055115,000.03024483,000.26088381,000.22
Tournament (k=2),Arithmetic,Gaussian,0.58741,0.03095,000.00000000,000.00813694,000.00756073,000.12263867,000.27
Tournament (k=2),Arithmetic,Gaussian,0.46371,0.27490,000.06623459,000.55101979,000.57961082,000.53902370,000.72
Tournament (k=2),Arithmetic,Gaussian,0.49195,0.27490,000.00069427,000.53368556,000.58616638,000.61140895,000.52
Tournament (k=2),Arithmetic,Gaussian,0.52190,0.27490,000.01603699,000.66319108,001.06233597,000.62226522,000.52
Tournament (k=2),Arithmetic,Gaussian,0.49195,0.03686,000.00001144,000.00589519,000.00563240,000.10581437,000.21
Tournament (k=2),Arithmetic,Gaussian,0.43709,0.09637,000.00000000,000.00072513,000.00054932,000.02983258,000.28
Tournament (k=2),Arithmetic,Gaussian,0.70139,0.02599,000.00002670,000.02939019,000.02970123,000.32922503,000.57
Tournament (k=2),Arithmetic,Gaussian,0.68096,0.13667,000.00104141,000.01749616,000.01846504,000.19295625,000.63
Tournament (k=2),Arithmetic,Gaussian,0.60503,0.04023,000.00002289,000.00413780,000.00405121,000.07206379,000.28
Tournament (k=2),Arithmetic,Gaussian,0.42436,0.16276,000.00122452,000.05916185,000.06207466,000.21625625,000.35
Tournament (k=2),Arithmetic,Gaussian,0.41200,0.25191,000.00893402,000.38672218,000.34924126,000.52351099,000.37
Tournament (k=2),Arithmetic,Gaussian,0.58741,0.21153,000.00605774,000.18221951,000.20526695,000.44933817,000.66
Tournament (k=2),Arithmetic,Gaussian,0.43709,0.25191,000.02317810,000.40914536,000.46778107,000.53547293,000.49
Tournament (k=2),Arithmetic,Gaussian,0.50670,0.16276,000.00077057,000.07886133,000.08631897,000.29057550,000.42
Tournament (k=2),Arithmetic,Gaussian,0.49195,0.10516,000.00000763,000.00197039,000.00226212,000.00917776,000.35
Tournament (k=2),Arithmetic,Gaussian,0.41200,0.03095,000.00000000,000.00856924,000.00933838,000.03340308,000.34
Tournament (k=2),Arithmetic,Gaussian,0.70139,0.25191,000.01210022,000.52600330,000.53845024,000.60381544,000.62
Tournament (k=2),Arithmetic,Gaussian,0.72243,0.04791,000.00001144,000.00407877,000.00295639,000.27008900,000.60
Tournament (k=2),Arithmetic,Gaussian,0.52190,0.03378,000.00001144,000.00638556,000.00608444,000.02429016,000.22
Tournament (k=2),Arithmetic,Gaussian,0.45020,0.06226,000.00000763,000.00196614,000.00190544,000.01525008,000.24
Tournament (k=2),Arithmetic,Gaussian,0.53756,0.06795,000.00000763,000.00077777,000.00071335,000.00616959,000.21
Tournament (k=2),Arithmetic,Gaussian,0.62318,0.07415,000.00000000,000.00056372,000.00040054,000.02255123,000.25
Tournament (k=2),Arithmetic,Gaussian,0.40000,0.14915,000.00113297,000.02710619,000.02901840,000.15134709,000.30
Tournament (k=2),Arithmetic,Gaussian,0.55369,0.03686,000.00000000,000.00527253,000.00507927,000.11298404,000.23
Tournament (k=2),Arithmetic,Gaussian,0.46371,0.03095,000.00000000,000.00824342,000.00835037,000.15547222,000.25
Tournament (k=2),Arithmetic,Gaussian,0.60503,0.12524,000.00030518,000.00849390,000.00876999,000.04469608,000.35
Tournament (k=2),Arithmetic,Gaussian,0.66113,0.02599,000.00017548,000.02360878,000.02120781,000.21202794,000.26
Tournament (k=2),Arithmetic,Gaussian,0.74410,0.08830,000.00000381,000.00108566,000.00069809,000.20295416,000.33
Tournament (k=2),Arithmetic,Gaussian,0.57030,0.16276,000.00009537,000.07237063,000.08018494,000.29230136,000.47
Tournament (k=2),Arithmetic,Gaussian,0.43709,0.02837,000.00000763,000.00783200,000.00809097,000.03121617,000.21
Tournament (k=2),Arithmetic,Gaussian,0.64187,0.04390,000.00002670,000.00399418,000.00362778,000.03355873,000.28
Tournament (k=2),Arithmetic,Gaussian,0.66113,0.08092,000.00000000,000.00097194,000.00045013,000.13329676,000.24
Tournament (k=2),Arithmetic,Gaussian,0.58741,0.07415,000.00000000,000.00062451,000.00050354,000.10161323,000.43
Tournament (k=2),Arithmetic,Gaussian,0.46371,0.10516,000.00000000,000.00156751,000.00182152,000.01048659,000.37
Tournament (k=2),Arithmetic,Gaussian,0.74410,0.02837,000.00019836,000.03113189,000.02466202,000.42377695,000.46
Tournament (k=2),Arithmetic,Gaussian,0.55369,0.27490,000.01706696,000.63363785,000.82238579,000.54286069,000.52
Tournament (k=2),Arithmetic,Gaussian,0.66113,0.25191,000.01612854,000.49319458,000.46451187,000.52321982,000.36
Tournament (k=2),Arithmetic,Gaussian,0.55369,0.10516,000.00000000,000.00228033,000.00175667,000.02312509,000.38
Tournament (k=2),Arithmetic,Gaussian,0.53756,0.07415,000.00000763,000.00094585,000.00085449,000.01956791,000.31
Tournament (k=2),Arithmetic,Gaussian,0.70139,0.08092,000.00000000,000.00270352,000.00130272,000.16045512,001.06
Tournament (k=2),Arithmetic,Gaussian,0.47762,0.19383,000.00712585,000.12686267,000.12453461,000.36706793,000.31
Tournament (k=2),Arithmetic,Gaussian,0.45020,0.06795,000.00000000,000.00125308,000.00106430,000.00978770,000.36
Tournament (k=2),Arithmetic,Gaussian,0.72243,0.14915,000.00088501,000.04012852,000.03928947,000.23932655,000.63
Tournament (k=2),Arithmetic,Gaussian,0.62318,0.02599,000.00000000,000.02036543,000.01959038,000.24805126,000.20
Tournament (k=2),Arithmetic,Gaussian,0.74410,0.27490,000.01344299,000.58455336,000.65366936,000.63938558,000.39
Tournament (k=2),Arithmetic,Gaussian,0.76642,0.05228,000.00000000,000.00634213,000.00573349,000.32964343,000.22
Tournament (k=2),Arithmetic,Gaussian,0.45020,0.17762,000.00326157,000.08127794,000.08355713,000.24905543,000.43
Tournament (k=2),Arithmetic,Gaussian,0.62318,0.08092,000.00000000,000.00088482,000.00066757,000.03661225,000.40
Tournament (k=2),Arithmetic,Gaussian,0.46371,0.03378,000.00000000,000.00771351,000.00982094,000.03596350,000.29
Tournament (k=2),Arithmetic,Gaussian,0.50670,0.06795,000.00000000,000.00154400,000.00156784,000.01309325,000.30
Tournament (k=2),Arithmetic,Gaussian,0.58741,0.03378,000.00004959,000.00813284,000.00894928,000.14617789,000.27
Tournament (k=2),Arithmetic,Gaussian,0.60503,0.04390,000.00001907,000.00367765,000.00355911,000.10755330,000.21
Tournament (k=2),Arithmetic,Gaussian,0.53756,0.17762,000.00046539,000.10567870,000.11362648,000.35107532,000.42
Tournament (k=2),Arithmetic,Gaussian,0.46371,0.30000,000.02928925,000.68482983,000.92500114,000.60081673,000.39
Tournament (k=2),Arithmetic,Gaussian,0.70139,0.02837,000.00007629,000.01574368,000.01507378,000.27548224,000.29
Tournament (k=2),Arithmetic,Gaussian,0.68096,0.14915,000.00070572,000.03280258,000.03301620,000.32082215,000.30
Tournament (k=2),Arithmetic,Gaussian,0.41200,0.03378,000.00003052,000.00671835,000.00696182,000.03448816,000.21
Tournament (k=2),Arithmetic,Gaussian,0.70139,0.27490,000.00314331,000.66464239,000.86782837,000.64849567,000.80
Tournament (k=2),Arithmetic,Gaussian,0.43709,0.10516,000.00001907,000.00208879,000.00196457,000.01574604,000.41
Tournament (k=2),Arithmetic,Gaussian,0.58741,0.23084,000.01366425,000.41127935,000.47827530,000.50683171,000.34
Tournament (k=2),Arithmetic,Gaussian,0.41200,0.27490,000.02170181,000.53904301,000.65196228,000.55190992,000.35
Tournament (k=2),Arithmetic,Gaussian,0.52190,0.30000,000.05025482,000.51355207,000.56312370,000.57685590,000.44
Tournament (k=2),Arithmetic,Gaussian,0.64187,0.13667,000.00042725,000.02040463,000.02169418,000.20570959,000.57
Tournament (k=2),Arithmetic,Gaussian,0.68096,0.04791,000.00003433,000.00485630,000.00440979,000.04270200,000.24
Tournament (k=2),Arithmetic,Gaussian,0.72243,0.05228,000.00000381,000.00596714,000.00356293,000.19223519,000.31
Tournament (k=2),Arithmetic,Gaussian,0.76642,0.16276,000.00530243,000.06127162,000.06324387,000.35619628,000.32
Tournament (k=2),Arithmetic,Gaussian,0.66113,0.02837,000.00009155,000.02386832,000.02325058,000.20444727,000.20
Tournament (k=2),Arithmetic,Gaussian,0.52190,0.11476,000.00007629,000.00315008,000.00332642,000.02239144,000.27
Tournament (k=2),Arithmetic,Gaussian,0.55369,0.04023,000.00000000,000.00479784,000.00509644,000.03017363,000.27
Tournament (k=2),Arithmetic,Gaussian,0.49195,0.30000,000.04237366,000.65582716,000.94503593,000.57157022,000.61
Tournament (k=2),Arithmetic,Gaussian,0.57030,0.06226,000.00000381,000.00096650,000.00094223,000.00899853,000.31
Tournament (k=2),Arithmetic,Gaussian,0.60503,0.13667,000.00075912,000.01684093,000.01896667,000.13644610,000.33
Tournament (k=2),Arithmetic,Gaussian,0.66113,0.08830,000.00000763,000.00110435,000.00083542,000.12683138,000.26
Tournament (k=2),Arithmetic,Gaussian,0.49195,0.04023,000.00002289,000.00580158,000.00650024,000.10442688,000.20
Tournament (k=2),Arithmetic,Gaussian,0.68096,0.05228,000.00000000,000.00598784,000.00479698,000.15035270,000.23
Tournament (k=2),Arithmetic,Gaussian,0.50670,0.17762,000.00450897,000.11189914,000.12363434,000.31200224,000.62
Tournament (k=2),Arithmetic,Gaussian,0.40000,0.16276,000.00144958,000.05022802,000.05424500,000.09893527,000.39
Tournament (k=2),Arithmetic,Gaussian,0.64187,0.04791,000.00000000,000.00307965,000.00256157,000.05524453,000.29
Tournament (k=2),Arithmetic,Gaussian,0.62318,0.08830,000.00000000,000.00106802,000.00098801,000.00533293,000.56
Tournament (k=2),Arithmetic,Gaussian,0.66113,0.03095,000.00004196,000.01246996,000.01129532,000.20446520,000.22
Tournament (k=2),Arithmetic,Gaussian,0.74410,0.03095,000.00003052,000.02307105,000.01542664,000.46609709,000.27
Tournament (k=2),Arithmetic,Gaussian,0.58741,0.03686,000.00020218,000.00883446,000.00770569,000.08979969,000.59
Tournament (k=2),Arithmetic,Gaussian,0.70139,0.08830,000.00000763,000.00124526,000.00099373,000.05694592,000.77
Tournament (k=2),Arithmetic,Gaussian,0.76642,0.17762,000.00275421,000.09805560,000.11781502,000.38022169,000.35
Tournament (k=2),Arithmetic,Gaussian,0.66113,0.27490,000.03359222,000.64723849,000.85347557,000.62073147,000.89
Tournament (k=2),Arithmetic,Gaussian,0.62318,0.23084,000.01498413,000.41526341,000.37814331,000.50584751,000.55
Tournament (k=2),Arithmetic,Gaussian,0.43709,0.27490,000.03660202,000.49386510,000.54605865,000.52077305,000.80
Tournament (k=2),Arithmetic,Gaussian,0.52190,0.12524,000.00051117,000.01152210,000.01169205,000.14685157,000.31
Tournament (k=2),Arithmetic,Gaussian,0.53756,0.08092,000.00000381,000.00063257,000.00056458,000.00608214,000.23
Tournament (k=2),Arithmetic,Gaussian,0.74410,0.09637,000.00000763,000.00105920,000.00091362,000.07956768,000.48
Tournament (k=2),Arithmetic,Gaussian,0.64187,0.14915,000.00052643,000.03416114,000.03666878,000.17183952,000.46
Tournament (k=2),Arithmetic,Gaussian,0.62318,0.02837,000.00000763,000.01528621,000.01383400,000.18685248,000.19
Tournament (k=2),Arithmetic,Gaussian,0.46371,0.11476,000.00008011,000.00309658,000.00302124,000.01300446,000.50
Tournament (k=2),Arithmetic,Gaussian,0.58741,0.08092,000.00000000,000.00046616,000.00040627,000.01273036,000.51
Tournament (k=2),Arithmetic,Gaussian,0.41200,0.30000,000.04080963,000.56800640,000.56304741,000.58649349,000.52
Tournament (k=2),Arithmetic,Gaussian,0.45020,0.19383,000.00883484,000.11982837,000.12288475,000.28118700,000.84
Tournament (k=2),Arithmetic,Gaussian,0.57030,0.17762,000.00396347,000.10410281,000.11621284,000.41627461,000.55
Tournament (k=2),Arithmetic,Gaussian,0.78941,0.03095,000.00006866,000.09449844,000.05428505,000.59668207,000.28
Tournament (k=2),Arithmetic,Gaussian,0.76642,0.05705,000.00000000,000.00605378,000.00340271,000.42161083,000.22
Tournament (k=2),Arithmetic,Gaussian,0.68096,0.05705,000.00000763,000.00162978,000.00122261,000.02675123,000.28
Tournament (k=2),Arithmetic,Gaussian,0.55369,0.04390,000.00001526,000.00359774,000.00324059,000.01399824,000.34
Tournament (k=2),Arithmetic,Gaussian,0.47762,0.21153,000.00477600,000.27635399,000.24731827,000.45634541,000.34
Tournament (k=2),Arithmetic,Gaussian,0.47762,0.02000,000.00000000,000.02936206,000.02260971,000.28160065,000.18
Tournament (k=2),Arithmetic,Gaussian,0.52190,0.03686,000.00002289,000.00724044,000.00727463,000.10131111,000.20
Tournament (k=2),Arithmetic,Gaussian,0.60503,0.04791,000.00001526,000.00299468,000.00268173,000.07321610,000.22
Tournament (k=2),Arithmetic,Gaussian,0.74410,0.30000,000.05619049,000.84883463,001.10486794,000.70797813,000.38
Tournament (k=2),Arithmetic,Gaussian,0.42436,0.17762,000.00318146,000.08862281,000.08319092,000.29755110,000.45
Tournament (k=2),Arithmetic,Gaussian,0.46371,0.03686,000.00000000,000.00544157,000.00534630,000.02465288,000.27
Tournament (k=2),Arithmetic,Gaussian,0.53756,0.02000,000.00001144,000.03613577,000.03136063,000.31626129,000.18
Tournament (k=2),Arithmetic,Gaussian,0.50670,0.07415,000.00000000,000.00066404,000.00070190,000.00495944,000.31
Tournament (k=2),Arithmetic,Gaussian,0.70139,0.03095,000.00000763,000.02034364,000.01653671,000.39819443,000.27
Tournament (k=2),Arithmetic,Gaussian,0.49195,0.11476,000.00003815,000.00353575,000.00345612,000.01095378,000.35
Tournament (k=2),Arithmetic,Gaussian,0.68096,0.16276,000.00547028,000.06722565,000.08439827,000.28549123,000.30
Tournament (k=2),Arithmetic,Gaussian,0.50670,0.02000,000.00002670,000.02764220,000.02704239,000.29626828,000.25
Tournament (k=2),Arithmetic,Gaussian,0.47762,0.02183,000.00000000,000.01883883,000.02283478,000.16567643,000.20
Tournament (k=2),Arithmetic,Gaussian,0.72243,0.05705,000.00000000,000.00609312,000.00460625,000.22539440,000.81
Tournament (k=2),Arithmetic,Gaussian,0.50670,0.19383,000.00794601,000.14435077,000.12570953,000.40991923,000.61
Tournament (k=2),Arithmetic,Gaussian,0.58741,0.25191,000.00777054,000.49153766,000.56483459,000.51530635,000.34
Tournament (k=2),Arithmetic,Gaussian,0.52190,0.04023,000.00000381,000.00564547,000.00621986,000.03314403,000.24
Tournament (k=2),Arithmetic,Gaussian,0.57030,0.06795,000.00000000,000.00085526,000.00077248,000.08432804,000.32
Tournament (k=2),Arithmetic,Gaussian,0.60503,0.05228,000.00000000,000.00258117,000.00253677,000.07288145,000.24
Tournament (k=2),Arithmetic,Gaussian,0.78941,0.09637,000.00002289,000.00142865,000.00124359,000.04180939,000.40
Tournament (k=2),Arithmetic,Gaussian,0.53756,0.19383,000.00166321,000.12367020,000.14006805,000.31672955,000.46
Tournament (k=2),Arithmetic,Gaussian,0.76642,0.02000,000.00037384,000.14892392,000.12292862,000.49391705,000.23
Tournament (k=2),Arithmetic,Gaussian,0.43709,0.11476,000.00001526,000.00306640,000.00307655,000.01410471,000.40
Tournament (k=2),Arithmetic,Gaussian,0.49195,0.04390,000.00000000,000.00374541,000.00342369,000.02744382,000.20
Tournament (k=2),Arithmetic,Gaussian,0.60503,0.14915,000.00105286,000.02660742,000.02956200,000.24721660,000.29
Tournament (k=2),Arithmetic,Gaussian,0.66113,0.09637,000.00000763,000.00087552,000.00080490,000.07297584,000.25
Tournament (k=2),Arithmetic,Gaussian,0.66113,0.03378,000.00000000,000.00983539,000.00653076,000.26871648,000.20
Tournament (k=2),Arithmetic,Gaussian,0.40000,0.17762,000.00230408,000.07765498,000.07686234,000.31701371,000.76
Tournament (k=2),Arithmetic,Gaussian,0.64187,0.05228,000.00000381,000.00274353,000.00238419,000.10417771,000.28
Tournament (k=2),Arithmetic,Gaussian,0.74410,0.03378,000.00002289,000.02909155,000.01325607,000.46147004,000.27
Tournament (k=2),Arithmetic,Gaussian,0.70139,0.30000,000.00944519,000.73980564,000.97464180,000.59335947,000.59
Tournament (k=2),Arithmetic,Gaussian,0.47762,0.02382,000.00000000,000.01757641,000.01631355,000.13083532,000.26
Tournament (k=2),Arithmetic,Gaussian,0.62318,0.09637,000.00000000,000.00117159,000.00103188,000.04818282,000.33
Tournament (k=2),Arithmetic,Gaussian,0.62318,0.03095,000.00001144,000.01517501,000.01970673,000.16595168,000.20
Tournament (k=2),Arithmetic,Gaussian,0.53756,0.08830,000.00000381,000.00093060,000.00059128,000.01312052,000.25
Tournament (k=2),Arithmetic,Gaussian,0.76642,0.19383,000.00131226,000.19720502,000.19588470,000.40765670,000.31
Tournament (k=2),Arithmetic,Gaussian,0.70139,0.09637,000.00001144,000.00169249,000.00144196,000.11632401,000.32
Tournament (k=2),Arithmetic,Gaussian,0.52190,0.13667,000.00049973,000.02350578,000.02512550,000.08592967,000.28
Tournament (k=2),Arithmetic,Gaussian,0.66113,0.30000,000.02570724,000.65201348,000.69002151,000.68758816,000.37
Tournament (k=2),Arithmetic,Gaussian,0.55369,0.30000,000.07450104,000.72675335,000.91505814,000.70215893,000.72
Tournament (k=2),Arithmetic,Gaussian,0.46371,0.12524,000.00007629,000.00752616,000.00740814,000.02735891,000.37
Tournament (k=2),Arithmetic,Gaussian,0.76642,0.06226,000.00000000,000.00500226,000.00334740,000.26236022,000.23
Tournament (k=2),Arithmetic,Gaussian,0.53756,0.02183,000.00000000,000.02441645,000.02837372,000.13187402,000.19
Tournament (k=2),Arithmetic,Gaussian,0.43709,0.03095,000.00002670,000.00817375,000.00899315,000.02924073,000.24
Tournament (k=2),Arithmetic,Gaussian,0.58741,0.08830,000.00000000,000.00117254,000.00059509,000.10951477,000.39
Tournament (k=2),Arithmetic,Gaussian,0.68096,0.06226,000.00000000,000.00339684,000.00270653,000.19753312,000.24
Tournament (k=2),Arithmetic,Gaussian,0.64187,0.16276,000.00382996,000.07015581,000.07155609,000.26497185,000.42
Tournament (k=2),Arithmetic,Gaussian,0.66113,0.03686,000.00000763,000.00813503,000.00749779,000.23337553,000.41
Tournament (k=2),Arithmetic,Gaussian,0.78941,0.03378,000.00005341,000.04852371,000.02214622,000.53672594,000.88
Tournament (k=2),Arithmetic,Gaussian,0.72243,0.16276,000.00166702,000.07238074,000.08154106,000.32016972,000.64
Tournament (k=2),Arithmetic,Gaussian,0.46371,0.04023,000.00000000,000.00418739,000.00449181,000.14173405,000.27
Tournament (k=2),Arithmetic,Gaussian,0.70139,0.03378,000.00000381,000.01430049,000.01426888,000.21069579,000.29
Tournament (k=2),Arithmetic,Gaussian,0.66113,0.10516,000.00001526,000.00356770,000.00336647,000.03623801,000.49
Tournament (k=2),Arithmetic,Gaussian,0.55369,0.04791,000.00000763,000.00269170,000.00260544,000.10267119,000.30
Tournament (k=2),Arithmetic,Gaussian,0.74410,0.10516,000.00011063,000.00358038,000.00309944,000.11389158,000.52
Tournament (k=2),Arithmetic,Gaussian,0.43709,0.30000,000.00857544,000.54099357,000.62868881,000.64228600,000.58
Tournament (k=2),Arithmetic,Gaussian,0.50670,0.08092,000.00000000,000.00081325,000.00070763,000.03715035,000.32
Tournament (k=2),Arithmetic,Gaussian,0.47762,0.23084,000.01598740,000.31176215,000.29834175,000.52463031,000.34
Tournament (k=2),Arithmetic,Gaussian,0.42436,0.19383,000.00124741,000.13340668,000.14658165,000.30028191,000.35
Tournament (k=2),Arithmetic,Gaussian,0.50670,0.02183,000.00004196,000.02178488,000.01532364,000.16334186,000.25
Tournament (k=2),Arithmetic,Gaussian,0.55369,0.11476,000.00012207,000.00337944,000.00272942,000.08590657,000.37
Tournament (k=2),Arithmetic,Gaussian,0.58741,0.04023,000.00000381,000.00646300,000.00622940,000.08780596,000.29
Tournament (k=2),Arithmetic,Gaussian,0.68096,0.17762,000.00514221,000.09557547,000.08682823,000.38663772,000.32
Tournament (k=2),Arithmetic,Gaussian,0.57030,0.02000,000.00000000,000.03953958,000.02825165,000.25116822,000.31
Tournament (k=2),Arithmetic,Gaussian,0.72243,0.06226,000.00000763,000.00285773,000.00149727,000.19761965,000.32
Tournament (k=2),Arithmetic,Gaussian,0.52190,0.04390,000.00000763,000.00350685,000.00336647,000.06373928,000.21
Tournament (k=2),Arithmetic,Gaussian,0.60503,0.05705,000.00000000,000.00210876,000.00243568,000.14918268,000.22
Tournament (k=2),Arithmetic,Gaussian,0.42436,0.02000,000.00000000,000.02219300,000.02290344,000.16369231,000.18
Tournament (k=2),Arithmetic,Gaussian,0.76642,0.02183,000.00000763,000.12775783,000.07515335,000.54651439,000.21
Tournament (k=2),Arithmetic,Gaussian,0.83749,0.03378,000.00000381,000.17378016,000.06517601,000.63201314,000.20
Tournament (k=2),Arithmetic,Gaussian,0.78941,0.30000,000.03923798,000.71224558,000.88368225,000.70297319,000.72
Tournament (k=2),Arithmetic,Gaussian,0.58741,0.27490,000.01484299,000.59312546,000.70890045,000.61779386,000.37
Tournament (k=2),Arithmetic,Gaussian,0.57030,0.07415,000.00000000,000.00083523,000.00078773,000.10175460,000.32
Tournament (k=2),Arithmetic,Gaussian,0.74410,0.03686,000.00002670,000.01662769,000.01626968,000.43739596,000.70
Tournament (k=2),Arithmetic,Gaussian,0.62318,0.03378,000.00000000,000.00956068,000.00897217,000.22601974,000.19
Tournament (k=2),Arithmetic,Gaussian,0.60503,0.16276,000.00314713,000.06646895,000.07913971,000.30039722,000.30
Tournament (k=2),Arithmetic,Gaussian,0.81310,0.05705,000.00000763,000.00748191,000.00354576,000.34671471,000.39
Tournament (k=2),Arithmetic,Gaussian,0.72243,0.02000,000.00001907,000.06068411,000.05687332,000.40331927,000.26
Tournament (k=2),Arithmetic,Gaussian,0.83749,0.10516,000.00004959,000.00289202,000.00243187,000.04230420,000.27
Tournament (k=2),Arithmetic,Gaussian,0.68096,0.02000,000.00001144,000.04105787,000.04582405,000.30860683,000.18
Tournament (k=2),Arithmetic,Gaussian,0.64187,0.05705,000.00000000,000.00156093,000.00128937,000.02730025,000.30
Tournament (k=2),Arithmetic,Gaussian,0.86261,0.02000,000.00042725,000.40336227,000.32187271,000.75279397,000.19
Tournament (k=2),Arithmetic,Gaussian,0.76642,0.02382,000.00005341,000.09195270,000.03177261,000.50337285,000.20
Tournament (k=2),Arithmetic,Gaussian,0.60503,0.06226,000.00000000,000.00117555,000.00107765,000.10090924,000.26
Tournament (k=2),Arithmetic,Gaussian,0.76642,0.06795,000.00000000,000.00401487,000.00153160,000.22882389,000.22
Tournament (k=2),Arithmetic,Gaussian,0.66113,0.04023,000.00001144,000.00917950,000.00748634,000.23948680,000.20
Tournament (k=2),Arithmetic,Gaussian,0.68096,0.06795,000.00000000,000.00210824,000.00150681,000.25476867,000.24
Tournament (k=2),Arithmetic,Gaussian,0.43709,0.03378,000.00000763,000.01068292,000.01269722,000.05798078,000.26
Tournament (k=2),Arithmetic,Gaussian,0.86261,0.06226,000.00000000,000.01244416,000.00385094,000.34714583,000.31
Tournament (k=2),Arithmetic,Gaussian,0.68096,0.02183,000.00003052,000.04416499,000.03192711,000.34157005,000.19
Tournament (k=2),Arithmetic,Gaussian,0.76642,0.02599,000.00003815,000.10568704,000.05275536,000.50085396,000.21
Tournament (k=2),Arithmetic,Gaussian,0.88849,0.03686,000.00008774,000.19831762,000.02758408,000.68587530,000.20
Tournament (k=2),Arithmetic,Gaussian,0.45020,0.02000,000.00000000,000.03137011,000.02968979,000.23403655,000.24
Tournament (k=2),Arithmetic,Gaussian,0.78941,0.03686,000.00009155,000.03961153,000.02363586,000.53004354,000.29
Tournament (k=2),Arithmetic,Gaussian,0.66113,0.11476,000.00007248,000.00424867,000.00464630,000.01745656,000.27
Tournament (k=2),Arithmetic,Gaussian,0.70139,0.03686,000.00008774,000.01332040,000.01082039,000.36917233,000.28
Tournament (k=2),Arithmetic,Gaussian,0.60503,0.06795,000.00000000,000.00132327,000.00102615,000.12638611,000.24
Tournament (k=2),Arithmetic,Gaussian,0.55369,0.05228,000.00000381,000.00219216,000.00222397,000.09975217,000.29
Tournament (k=2),Arithmetic,Gaussian,0.62318,0.10516,000.00006104,000.00210733,000.00216866,000.01547494,000.60
Tournament (k=2),Arithmetic,Gaussian,0.76642,0.07415,000.00000381,000.00147433,000.00066185,000.11625425,000.24
Tournament (k=2),Arithmetic,Gaussian,0.50670,0.21153,000.00462341,000.22296004,000.26359177,000.45224687,000.84
Tournament (k=2),Arithmetic,Gaussian,0.49195,0.12524,000.00003815,000.00787320,000.00916862,000.02031931,000.50
Tournament (k=2),Arithmetic,Gaussian,0.70139,0.10516,000.00001144,000.00302753,000.00210953,000.04233380,001.00
Tournament (k=2),Arithmetic,Gaussian,0.62318,0.25191,000.00369644,000.43010575,000.52709961,000.57008731,000.78
Tournament (k=2),Arithmetic,Gaussian,0.66113,0.04390,000.00003433,000.00444717,000.00403595,000.07676149,000.24
Tournament (k=2),Arithmetic,Gaussian,0.53756,0.21153,000.00468063,000.27588588,000.23481750,000.44346201,000.79
Tournament (k=2),Arithmetic,Gaussian,0.58741,0.09637,000.00000763,000.00157285,000.00172234,000.10091329,000.50
Tournament (k=2),Arithmetic,Gaussian,0.78941,0.10516,000.00003052,000.00227938,000.00227547,000.10221631,001.43
Tournament (k=2),Arithmetic,Gaussian,0.64187,0.17762,000.00362396,000.09668484,000.09597778,000.36152670,000.50
Tournament (k=2),Arithmetic,Gaussian,0.68096,0.07415,000.00000000,000.00113153,000.00051498,000.09027635,000.26
Tournament (k=2),Arithmetic,Gaussian,0.81310,0.17762,000.00316620,000.08859692,000.09643745,000.30677333,000.83
Tournament (k=2),Arithmetic,Gaussian,0.50670,0.02382,000.00006104,000.01721268,000.01613426,000.09739307,000.25
Tournament (k=2),Arithmetic,Gaussian,0.52190,0.04791,000.00000381,000.00239143,000.00244522,000.01310099,000.21
Tournament (k=2),Arithmetic,Gaussian,0.74410,0.11476,000.00016785,000.00737233,000.00583076,000.08605064,000.47
Tournament (k=2),Arithmetic,Gaussian,0.57030,0.19383,000.00177002,000.14772435,000.14059067,000.42314780,000.79
Tournament (k=2),Arithmetic,Gaussian,0.45020,0.21153,000.00214767,000.23344579,000.25814629,000.43327424,000.80
Tournament (k=2),Arithmetic,Gaussian,0.88849,0.04023,000.00001526,000.12590870,000.02535439,000.69397098,000.28
Tournament (k=2),Arithmetic,Gaussian,0.72243,0.17762,000.00112915,000.10525694,000.12326813,000.43987060,000.56
Tournament (k=2),Arithmetic,Gaussian,0.58741,0.04390,000.00001144,000.00318136,000.00378227,000.03180428,000.29
Tournament (k=2),Arithmetic,Gaussian,0.86261,0.19383,000.00186157,000.20760374,000.17340088,000.47316602,000.49
Tournament (k=2),Arithmetic,Gaussian,0.88849,0.11476,000.00016785,000.00764360,000.00573921,000.13942868,000.27
Tournament (k=2),Arithmetic,Gaussian,0.68096,0.19383,000.00616455,000.15838924,000.14956856,000.39486656,000.32
Tournament (k=2),Arithmetic,Gaussian,0.55369,0.12524,000.00039673,000.01193495,000.01296997,000.18480076,000.37
Tournament (k=2),Arithmetic,Gaussian,0.72243,0.06795,000.00000000,000.00213485,000.00105858,000.16655558,000.31
Tournament (k=2),Arithmetic,Gaussian,0.43709,0.03686,000.00001144,000.00777245,000.00682449,000.02654776,000.38
Tournament (k=2),Arithmetic,Gaussian,0.57030,0.08092,000.00000000,000.00050716,000.00047684,000.01588656,000.67
Tournament (k=2),Arithmetic,Gaussian,0.83749,0.03686,000.00015259,000.13915038,000.03864861,000.63152450,000.20
Tournament (k=2),Arithmetic,Gaussian,0.76642,0.02837,000.00001526,000.07291422,000.03720665,000.50062340,000.37
Tournament (k=2),Arithmetic,Gaussian,0.76642,0.21153,000.01102448,000.29411864,000.31607628,000.51863146,000.32
Tournament (k=2),Arithmetic,Gaussian,0.52190,0.14915,000.00108337,000.04059830,000.04728508,000.19166917,000.31
Tournament (k=2),Arithmetic,Gaussian,0.53756,0.02382,000.00002670,000.01668262,000.01535797,000.21213976,000.19
Tournament (k=2),Arithmetic,Gaussian,0.81310,0.02000,000.00064850,000.37077427,000.22567558,000.70059884,000.26
Tournament (k=2),Arithmetic,Gaussian,0.62318,0.03686,000.00003052,000.00677228,000.00640488,000.09935606,000.20
Tournament (k=2),Arithmetic,Gaussian,0.86261,0.02183,000.00010681,000.30384636,000.17252731,000.74600190,000.18
Tournament (k=2),Arithmetic,Gaussian,0.68096,0.02382,000.00006866,000.02709546,000.02595139,000.25609833,000.19
Tournament (k=2),Arithmetic,Gaussian,0.58741,0.30000,000.05889893,000.75264162,000.93197632,000.64789504,000.36
Tournament (k=2),Arithmetic,Gaussian,0.74410,0.04023,000.00002289,000.01826148,000.01224518,000.40653896,000.30
Tournament (k=2),Arithmetic,Gaussian,0.72243,0.02183,000.00007248,000.05685487,000.05627441,000.34961039,000.26
Tournament (k=2),Arithmetic,Gaussian,0.45020,0.02183,000.00000000,000.01490784,000.01238823,000.18995459,000.54
Tournament (k=2),Arithmetic,Gaussian,0.81310,0.06226,000.00000381,000.01337800,000.00427246,000.35414678,000.30
Tournament (k=2),Arithmetic,Gaussian,0.60503,0.07415,000.00000381,000.00077748,000.00070572,000.10941120,000.24
Tournament (k=2),Arithmetic,Gaussian,0.57030,0.02183,000.00007629,000.01923947,000.02284241,000.30065277,000.26
Tournament (k=2),Arithmetic,Gaussian,0.53756,0.02599,000.00003052,000.01509562,000.01557922,000.13641663,000.20
Tournament (k=2),Arithmetic,Gaussian,0.91514,0.02183,000.00021362,000.30717954,000.23145103,000.65070164,000.28
Tournament (k=2),Arithmetic,Gaussian,0.66113,0.12524,000.00025940,000.01109500,000.01080132,000.10391463,000.28
Tournament (k=2),Arithmetic,Gaussian,0.64187,0.06226,000.00000381,000.00246205,000.00192261,000.15711531,000.32
Tournament (k=2),Arithmetic,Gaussian,0.70139,0.04023,000.00000000,000.00926485,000.01066589,000.14735842,000.29
Tournament (k=2),Arithmetic,Gaussian,0.78941,0.04023,000.00000000,000.05198288,000.03471375,000.47932971,000.30
Tournament (k=2),Arithmetic,Gaussian,0.83749,0.11476,000.00021362,000.00582018,000.00551605,000.12377305,000.34
Tournament (k=2),Arithmetic,Gaussian,0.62318,0.04023,000.00001144,000.00484133,000.00538254,000.10984011,000.23
Tournament (k=2),Arithmetic,Gaussian,0.76642,0.08092,000.00000000,000.00198202,000.00125313,000.14779371,000.25
Tournament (k=2),Arithmetic,Gaussian,0.91514,0.06795,000.00000000,000.01086597,000.00176811,000.44252473,000.31
Tournament (k=2),Arithmetic,Gaussian,0.68096,0.02599,000.00000763,000.02563791,000.02630424,000.30430037,000.20
Tournament (k=2),Arithmetic,Gaussian,0.57030,0.02382,000.00019073,000.01688461,000.01778984,000.16120204,000.19
Tournament (k=2),Arithmetic,Gaussian,0.66113,0.04791,000.00000763,000.00282998,000.00217819,000.18194981,000.21
Tournament (k=2),Arithmetic,Gaussian,0.86261,0.06795,000.00000381,000.00748224,000.00337410,000.41627878,000.51
Tournament (k=2),Arithmetic,Gaussian,0.68096,0.08092,000.00000000,000.00105705,000.00074196,000.11300366,000.24
Tournament (k=2),Arithmetic,Gaussian,0.78941,0.11476,000.00002670,000.00566592,000.00528717,000.16863436,000.27
Tournament (k=2),Arithmetic,Gaussian,0.50670,0.02599,000.00000000,000.01432290,000.01514244,000.15162987,000.23
Tournament (k=2),Arithmetic,Gaussian,0.88849,0.04390,000.00000381,000.15705070,000.03227997,000.55505627,000.64
Tournament (k=2),Arithmetic,Gaussian,0.68096,0.02837,000.00007629,000.01371412,000.01402283,000.23894460,000.19
Tournament (k=2),Arithmetic,Gaussian,0.60503,0.02000,000.00000000,000.03762426,000.03501701,000.25886443,000.44
Tournament (k=2),Arithmetic,Gaussian,0.94259,0.04023,000.00015259,000.27681923,000.06427956,000.70177358,000.29
Tournament (k=2),Arithmetic,Gaussian,0.49195,0.13667,000.00036240,000.01946263,000.02182388,000.13786387,000.38
Tournament (k=2),Arithmetic,Gaussian,0.50670,0.23084,000.00279999,000.31344754,000.30249977,000.49572045,000.48
Tournament (k=2),Arithmetic,Gaussian,0.91514,0.21153,000.00583267,000.24476476,000.20484543,000.48068288,000.32
Tournament (k=2),Arithmetic,Gaussian,0.81310,0.02183,000.00019073,000.17894569,000.10709381,000.59876025,000.55
Tournament (k=2),Arithmetic,Gaussian,0.60503,0.17762,000.00997925,000.12229824,000.15160751,000.30021283,000.32
Tournament (k=2),Arithmetic,Gaussian,0.53756,0.02837,000.00000381,000.01249680,000.01370049,000.07626397,000.41
Tournament (k=2),Arithmetic,Gaussian,0.91514,0.07415,000.00000000,000.00899086,000.00261307,000.36065090,000.34
Tournament (k=2),Arithmetic,Gaussian,0.58741,0.10516,000.00000381,000.00274339,000.00226212,000.02178694,000.43
Tournament (k=2),Arithmetic,Gaussian,0.53756,0.23084,000.00957870,000.34205556,000.38179398,000.51134169,000.45
Tournament (k=2),Arithmetic,Gaussian,0.72243,0.07415,000.00000763,000.00114088,000.00061417,000.09797897,000.79
Tournament (k=2),Arithmetic,Gaussian,0.81310,0.19383,000.00481415,000.14551115,000.16916466,000.43310910,000.46
Tournament (k=2),Arithmetic,Gaussian,0.74410,0.12524,000.00026703,000.01086402,000.01367378,000.06880150,000.46
Tournament (k=2),Arithmetic,Gaussian,0.74410,0.04390,000.00002670,000.01007175,000.00568199,000.44312000,000.60
Tournament (k=2),Arithmetic,Gaussian,0.64187,0.06795,000.00000000,000.00178490,000.00102043,000.17186700,000.50
Tournament (k=2),Arithmetic,Gaussian,0.57030,0.02599,000.00006485,000.02009759,000.01978493,000.17786211,000.22
Tournament (k=2),Arithmetic,Gaussian,0.57030,0.21153,000.01058578,000.23797087,000.25143814,000.42176771,000.50
Tournament (k=2),Arithmetic,Gaussian,0.76642,0.03095,000.00016403,000.08386993,000.03701973,000.52518910,000.19
Tournament (k=2),Arithmetic,Gaussian,0.83749,0.04023,000.00000763,000.15692635,000.04176903,000.65274823,000.19
Tournament (k=2),Arithmetic,Gaussian,0.88849,0.12524,000.00035477,000.01559176,000.01524353,000.23212332,000.27
Tournament (k=2),Arithmetic,Gaussian,0.97087,0.02382,000.00011444,000.59492350,001.01171875,000.85602146,000.27
Tournament (k=2),Arithmetic,Gaussian,0.86261,0.02382,000.00000763,000.28405190,000.11305428,000.68249971,000.18
Tournament (k=2),Arithmetic,Gaussian,0.97087,0.07415,000.00000381,000.01159110,000.00300980,000.29775900,000.24
Tournament (k=2),Arithmetic,Gaussian,0.57030,0.08830,000.00000000,000.00066729,000.00066185,000.00611321,000.32
Tournament (k=2),Arithmetic,Gaussian,0.94259,0.12524,000.00015259,000.01240220,000.01206398,000.07312642,000.44
Tournament (k=2),Arithmetic,Gaussian,0.55369,0.13667,000.00072479,000.01807237,000.01874161,000.10669398,000.39
Tournament (k=2),Arithmetic,Gaussian,0.60503,0.08092,000.00000763,000.00092802,000.00069618,000.01398686,000.24
Tournament (k=2),Arithmetic,Gaussian,0.68096,0.21153,000.01066971,000.30153018,000.26280975,000.50491387,000.41
Tournament (k=2),Arithmetic,Gaussian,0.76642,0.23084,000.01980591,000.40825257,000.42977524,000.59737271,000.39
Tournament (k=2),Arithmetic,Gaussian,0.81310,0.06795,000.00000381,000.00788197,000.00118828,000.28830871,000.26
Tournament (k=2),Arithmetic,Gaussian,0.72243,0.02382,000.00004959,000.06614456,000.04483414,000.45003885,000.26
Tournament (k=2),Arithmetic,Gaussian,0.72243,0.19383,000.00546265,000.16431609,000.15646362,000.38775453,000.73
Tournament (k=2),Arithmetic,Gaussian,0.81310,0.02382,000.00124741,000.28325129,000.15002060,000.68312502,000.44
Tournament (k=2),Arithmetic,Gaussian,0.66113,0.13667,000.00040436,000.01751270,000.01978493,000.14504592,000.28
Tournament (k=2),Arithmetic,Gaussian,0.62318,0.11476,000.00006485,000.00435672,000.00521088,000.07943412,000.40
Tournament (k=2),Arithmetic,Gaussian,0.62318,0.04390,000.00000763,000.00318217,000.00369453,000.15569428,000.21
Tournament (k=2),Arithmetic,Gaussian,0.91514,0.02382,000.00020981,000.30481833,000.11973953,000.63032782,000.29
Tournament (k=2),Arithmetic,Gaussian,0.70139,0.11476,000.00007629,000.00457106,000.00370789,000.06176459,000.36
Tournament (k=2),Arithmetic,Gaussian,0.66113,0.05228,000.00001907,000.00315275,000.00212860,000.23189718,000.22
Tournament (k=2),Arithmetic,Gaussian,0.86261,0.21153,000.00812912,000.36111456,000.37712097,000.55666572,000.60
Tournament (k=2),Arithmetic,Gaussian,0.70139,0.04390,000.00003052,000.00736556,000.00623322,000.30374193,000.30
Tournament (k=2),Arithmetic,Gaussian,0.83749,0.12524,000.00097656,000.01239133,000.01187706,000.13554311,000.28
Tournament (k=2),Arithmetic,Gaussian,0.97087,0.02599,000.00052643,000.43638936,000.92333603,000.76996273,000.30
Tournament (k=2),Arithmetic,Gaussian,0.76642,0.08830,000.00000381,000.00141664,000.00083542,000.14386475,000.27
Tournament (k=2),Arithmetic,Gaussian,0.68096,0.03095,000.00000000,000.01767979,000.01667786,000.27551326,000.20
Tournament (k=2),Arithmetic,Gaussian,0.88849,0.04791,000.00001526,000.23121949,000.05764580,000.65752792,000.21
Tournament (k=2),Arithmetic,Gaussian,0.78941,0.12524,000.00032425,000.01171536,000.01184654,000.03283047,000.27
Tournament (k=2),Arithmetic,Gaussian,1.00000,0.04390,000.00004196,000.32170829,000.08856583,000.60720396,000.23
Tournament (k=2),Arithmetic,Gaussian,0.58741,0.04791,000.00001526,000.00332437,000.00274658,000.03338072,000.29
Tournament (k=2),Arithmetic,Gaussian,0.60503,0.02183,000.00000763,000.02648544,000.01984024,000.26689243,000.19
Tournament (k=2),Arithmetic,Gaussian,0.88849,0.13667,000.00025177,000.01805124,000.01937866,000.22422767,000.52
Tournament (k=2),Arithmetic,Gaussian,0.97087,0.23084,000.01706696,000.46367282,000.52520752,000.51108116,000.59
Tournament (k=2),Arithmetic,Gaussian,0.94259,0.04390,000.00000763,000.23737368,000.04155540,000.65073580,000.22
Tournament (k=2),Arithmetic,Gaussian,0.86261,0.07415,000.00000381,000.00347147,000.00057983,000.32522768,000.35
Tournament (k=2),Arithmetic,Gaussian,0.62318,0.27490,000.03694534,000.55640179,000.60929298,000.61583745,000.57
Tournament (k=2),Arithmetic,Uniform,0.40000,0.02599,000.00046539,000.17444515,000.15466118,000.41845962,000.23
Tournament (k=2),Arithmetic,Gaussian,0.68096,0.08830,000.00000000,000.00096574,000.00085258,000.01042556,000.38
Tournament (k=2),Arithmetic,Gaussian,0.64187,0.19383,000.01327896,000.16124496,000.14505005,000.43798822,000.60
Tournament (k=2),Arithmetic,Gaussian,0.68096,0.03378,000.00003052,000.01299124,000.01286888,000.21399552,000.19
Tournament (k=2),Arithmetic,Gaussian,0.88849,0.05228,000.00000000,000.10428099,000.03083420,000.58302307,000.22
Tournament (k=2),Arithmetic,Gaussian,0.91514,0.08092,000.00000381,000.00464430,000.00143814,000.29656196,000.34
Tournament (k=2),Arithmetic,Gaussian,0.72243,0.08092,000.00000000,000.00055113,000.00047684,000.11467230,000.31
Tournament (k=2),Arithmetic,Gaussian,0.58741,0.11476,000.00004959,000.00310898,000.00311470,000.02698753,000.35
Tournament (k=2),Arithmetic,Gaussian,1.00000,0.13667,000.00045013,000.01485472,000.01372910,000.21324164,000.38
Tournament (k=2),Arithmetic,Gaussian,0.53756,0.25191,000.01686096,000.44900113,000.48140717,000.47150567,000.34
Tournament (k=2),Arithmetic,Gaussian,0.83749,0.04390,000.00000000,000.09199052,000.01858330,000.55964404,000.20
Tournament (k=2),Arithmetic,Gaussian,0.76642,0.03378,000.00019836,000.04193483,000.02467537,000.46408930,000.21
Tournament (k=2),Arithmetic,Gaussian,0.60503,0.19383,000.00886536,000.19366193,000.18702888,000.36196268,000.41
Tournament (k=2),Arithmetic,Gaussian,0.50670,0.25191,000.01242447,000.33639807,000.37964058,000.46730611,000.43
Tournament (k=2),Arithmetic,Gaussian,0.97087,0.02837,000.00022507,000.37207380,000.21250534,000.71810585,000.42
Tournament (k=2),Arithmetic,Gaussian,0.57030,0.02837,000.00001144,000.00960298,000.00985527,000.03694906,000.26
Tournament (k=2),Arithmetic,Gaussian,0.86261,0.02599,000.00050354,000.34085923,000.22426224,000.70831746,000.20
Tournament (k=2),Arithmetic,Uniform,0.40000,0.02837,000.00001526,000.09473781,000.09940910,000.37406760,000.23
Tournament (k=2),Arithmetic,Gaussian,0.83749,0.13667,000.00112915,000.02347760,000.02438354,000.25425592,000.49
Tournament (k=2),Arithmetic,Gaussian,0.64187,0.07415,000.00000381,000.00113502,000.00094032,000.10027534,000.32
Tournament (k=2),Arithmetic,Gaussian,0.81310,0.21153,000.00970840,000.22297025,000.23028755,000.54098547,000.46
Tournament (k=2),Arithmetic,Gaussian,0.97087,0.08092,000.00000000,000.00824728,000.00293159,000.30498618,000.23
Tournament (k=2),Arithmetic,Gaussian,1.00000,0.04791,000.00000381,000.10296641,000.02655792,000.53501236,000.34
Tournament (k=2),Arithmetic,Gaussian,0.60503,0.08830,000.00000381,000.00087152,000.00059319,000.03275970,000.24
Tournament (k=2),Arithmetic,Gaussian,0.94259,0.13667,000.00081635,000.02204847,000.02257538,000.22238873,000.27
Tournament (k=2),Arithmetic,Gaussian,0.57030,0.23084,000.02321625,000.42408147,000.47659302,000.47494331,000.43
Tournament (k=2),Arithmetic,Gaussian,0.72243,0.02599,000.00001526,000.02907081,000.02724838,000.40149698,000.23
Tournament (k=2),Arithmetic,Gaussian,0.62318,0.04791,000.00000381,000.00220938,000.00226784,000.10340291,000.21
Tournament (k=2),Arithmetic,Gaussian,0.81310,0.02599,000.00012970,000.19284892,000.07666779,000.58630675,000.27
Tournament (k=2),Arithmetic,Gaussian,0.66113,0.14915,000.00135040,000.04074788,000.04151726,000.27846804,000.29
Tournament (k=2),Arithmetic,Gaussian,0.68096,0.23084,000.02369690,000.28628439,000.30361748,000.46214584,000.33
Tournament (k=2),Arithmetic,Gaussian,0.81310,0.07415,000.00000000,000.00393753,000.00155830,000.16383709,000.32
Tournament (k=2),Arithmetic,Gaussian,0.66113,0.05705,000.00000000,000.00229793,000.00177765,000.16936867,000.24
Tournament (k=2),Arithmetic,Gaussian,0.91514,0.02599,000.00001907,000.30331460,000.12545013,000.75852281,000.27
Tournament (k=2),Arithmetic,Gaussian,0.68096,0.03686,000.00003815,000.00666876,000.00609398,000.20650092,000.48
Tournament (k=2),Arithmetic,Gaussian,0.70139,0.04791,000.00000763,000.00458126,000.00416565,000.22764765,000.29
Tournament (k=2),Arithmetic,Gaussian,0.91514,0.23084,000.00793457,000.37848988,000.35006142,000.57228446,000.32
Tournament (k=2),Arithmetic,Uniform,0.40000,0.08092,000.00005341,000.00436449,000.00492287,000.04473083,000.22
Tournament (k=2),Arithmetic,Gaussian,0.60503,0.02382,000.00009537,000.02304201,000.02548790,000.21118143,000.19
Tournament (k=2),Arithmetic,Gaussian,0.62318,0.12524,000.00048828,000.01033030,000.01003456,000.05135799,000.41
Tournament (k=2),Arithmetic,Gaussian,0.62318,0.05228,000.00001144,000.00165815,000.00156593,000.14886899,000.24
Tournament (k=2),Arithmetic,Gaussian,0.78941,0.13667,000.00098419,000.03068662,000.02277374,000.16424862,000.29
Tournament (k=2),Arithmetic,Gaussian,0.74410,0.04791,000.00000000,000.00656838,000.00329590,000.29441085,000.28
Tournament (k=2),Arithmetic,Gaussian,0.58741,0.05228,000.00000763,000.00160956,000.00149536,000.08192758,000.29
Tournament (k=2),Arithmetic,Gaussian,0.88849,0.05705,000.00000000,000.07593331,000.01601028,000.59616613,000.21
Tournament (k=2),Arithmetic,Gaussian,0.74410,0.13667,000.00173950,000.02534032,000.02752113,000.21625717,000.33
Tournament (k=2),Arithmetic,Gaussian,0.68096,0.09637,000.00000000,000.00130038,000.00106621,000.09378571,000.26
Tournament (k=2),Arithmetic,Gaussian,0.86261,0.23084,000.01010132,000.34624347,000.34263039,000.49780041,000.52
Tournament (k=2),Arithmetic,Gaussian,0.78941,0.04390,000.00000381,000.02017655,000.01398087,000.30493540,000.29
Tournament (k=2),Arithmetic,Gaussian,0.60503,0.02599,000.00001907,000.01539607,000.01516724,000.24065802,000.19
Tournament (k=2),Arithmetic,Gaussian,0.76642,0.03686,000.00001526,000.13148899,000.01880836,000.54761243,000.21
Tournament (k=2),Arithmetic,Gaussian,0.83749,0.04791,000.00001526,000.09251237,000.03151512,000.48618826,000.22
Tournament (k=2),Arithmetic,Gaussian,0.57030,0.09637,000.00000000,000.00074930,000.00060272,000.02309154,000.87
Tournament (k=2),Arithmetic,Gaussian,0.86261,0.02837,000.00051880,000.21684757,000.08789253,000.59092361,000.19
Tournament (k=2),Arithmetic,Uniform,0.40000,0.08830,000.00000000,000.00416360,000.00438690,000.01742695,000.40
Tournament (k=2),Arithmetic,Gaussian,0.55369,0.14915,000.00368500,000.03667884,000.03648376,000.19047619,000.93
Tournament (k=2),Arithmetic,Gaussian,0.86261,0.08092,000.00000000,000.00223417,000.00072479,000.18388243,000.56
Tournament (k=2),Arithmetic,Gaussian,0.72243,0.08830,000.00000000,000.00089779,000.00066376,000.02044724,000.37
Tournament (k=2),Arithmetic,Uniform,0.40000,0.03095,000.00011826,000.11300888,000.10363770,000.33717948,000.27
Tournament (k=2),Arithmetic,Gaussian,0.57030,0.03095,000.00001526,000.00922542,000.00938797,000.03607597,000.28
Tournament (k=2),Arithmetic,Gaussian,0.97087,0.08830,000.00000000,000.00363193,000.00123024,000.14073823,000.26
Tournament (k=2),Arithmetic,Gaussian,0.76642,0.09637,000.00001144,000.00293260,000.00146484,000.14919212,000.26
Tournament (k=2),Arithmetic,Gaussian,0.76642,0.25191,000.03520966,000.61060512,000.74010086,000.60297883,000.94
Tournament (k=2),Arithmetic,Gaussian,0.83749,0.14915,000.00115204,000.05168824,000.04659843,000.29522955,000.31
Tournament (k=2),Arithmetic,Gaussian,0.60503,0.21153,000.00421143,000.25962514,000.24297333,000.50426018,000.39
Tournament (k=2),Arithmetic,Gaussian,0.58741,0.12524,000.00023651,000.00954218,000.00896454,000.16206823,000.41
Tournament (k=2),Arithmetic,Gaussian,0.60503,0.09637,000.00000381,000.00116630,000.00101852,000.01876806,000.26
Tournament (k=2),Arithmetic,Gaussian,0.60503,0.02837,000.00002289,000.01333880,000.01007462,000.19760083,000.32
Tournament (k=2),Arithmetic,Gaussian,0.97087,0.03095,000.00002670,000.33625865,000.17854118,000.73492271,000.94
Tournament (k=2),Arithmetic,Gaussian,1.00000,0.14915,000.00083923,000.03870787,000.03973579,000.24731614,000.43
Tournament (k=2),Arithmetic,Gaussian,0.76642,0.04023,000.00001144,000.03712978,000.01470566,000.54000235,000.21
Tournament (k=2),Arithmetic,Gaussian,0.81310,0.08092,000.00000381,000.00204082,000.00104141,000.27398938,000.69
Tournament (k=2),Arithmetic,Gaussian,1.00000,0.05228,000.00000381,000.21126266,000.03391838,000.68488741,000.81
Tournament (k=2),Arithmetic,Gaussian,0.91514,0.02837,000.00041199,000.42835647,000.64779091,000.72720253,000.67
Tournament (k=2),Arithmetic,Gaussian,0.97087,0.25191,000.04671478,000.45180982,000.46932602,000.56721890,000.72
Tournament (k=2),Arithmetic,Gaussian,0.91514,0.08830,000.00000381,000.00134740,000.00097847,000.12781344,000.62
Tournament (k=2),Arithmetic,Uniform,0.40000,0.25191,000.16295624,001.53638709,001.90153122,000.93093920,000.50
Tournament (k=2),Arithmetic,Gaussian,0.62318,0.05705,000.00000381,000.00176005,000.00172615,000.02813008,000.55
Tournament (k=2),Arithmetic,Gaussian,0.78941,0.14915,000.00128937,000.05576487,000.05330086,000.27707064,000.55
Tournament (k=2),Arithmetic,Gaussian,0.88849,0.06226,000.00000000,000.02647452,000.01401901,000.38171279,000.50
Tournament (k=2),Arithmetic,Gaussian,0.70139,0.12524,000.00017166,000.01184707,000.01357079,000.11374901,001.08
Tournament (k=2),Arithmetic,Gaussian,0.64187,0.08092,000.00000381,000.00086551,000.00089264,000.15078817,000.49
Tournament (k=2),Arithmetic,Gaussian,0.66113,0.06226,000.00000000,000.00182080,000.00149727,000.20103411,000.21
Tournament (k=2),Arithmetic,Gaussian,0.68096,0.04023,000.00000000,000.01029530,000.00745392,000.30098596,000.21
Tournament (k=2),Arithmetic,Gaussian,0.53756,0.27490,000.02546692,000.52113760,000.57951164,000.61214679,000.65
Tournament (k=2),Arithmetic,Gaussian,0.81310,0.23084,000.01867294,000.36809054,000.31242371,000.62827319,000.51
Tournament (k=2),Arithmetic,Gaussian,0.81310,0.02837,000.00062561,000.29298225,000.12465477,000.64461905,000.27
Tournament (k=2),Arithmetic,Gaussian,0.62318,0.30000,000.01805115,000.73583806,001.00217056,000.65747362,000.88
Tournament (k=2),Arithmetic,Gaussian,0.88849,0.14915,000.00041962,000.02550201,000.02515793,000.26966068,000.28
Tournament (k=2),Arithmetic,Gaussian,0.66113,0.16276,000.00074768,000.09853673,000.10439682,000.34559256,000.29
Tournament (k=2),Arithmetic,Gaussian,0.94259,0.04791,000.00000000,000.15678196,000.02961731,000.63004851,000.29
Tournament (k=2),Arithmetic,Gaussian,0.83749,0.16276,000.00783157,000.08074827,000.08507729,000.34090719,000.31
Tournament (k=2),Arithmetic,Gaussian,0.68096,0.25191,000.01438904,000.47843736,000.48142815,000.58321685,000.33
Tournament (k=2),Arithmetic,Gaussian,0.62318,0.13667,000.00085831,000.01705546,000.01885414,000.23868643,000.84
Tournament (k=2),Arithmetic,Uniform,0.41200,0.04791,000.00011444,000.02769942,000.02622032,000.16079870,000.24
Tournament (k=2),Arithmetic,Gaussian,0.70139,0.05228,000.00001526,000.00498347,000.00379944,000.22404586,000.29
Tournament (k=2),Arithmetic,Gaussian,0.74410,0.14915,000.00034714,000.04005365,000.04014778,000.27443755,000.48
Tournament (k=2),Arithmetic,Gaussian,0.74410,0.05228,000.00001526,000.00910268,000.00491142,000.39139485,000.30
Tournament (k=2),Arithmetic,Gaussian,0.91514,0.25191,000.01618576,000.56626952,000.56336975,000.65041745,000.33
Tournament (k=2),Arithmetic,Gaussian,0.64187,0.21153,000.01048279,000.26039106,000.21970177,000.43063864,000.42
Tournament (k=2),Arithmetic,Gaussian,0.83749,0.05228,000.00001526,000.02067833,000.01170158,000.43525323,000.20
Tournament (k=2),Arithmetic,Gaussian,0.86261,0.03095,000.00000381,000.18812609,000.04892731,000.66289628,000.18
Tournament (k=2),Arithmetic,Gaussian,0.58741,0.05705,000.00000000,000.00122337,000.00079346,000.06007748,000.31
Tournament (k=2),Arithmetic,Uniform,0.40000,0.09637,000.00009918,000.00647669,000.00588036,000.03878570,000.21
Tournament (k=2),Arithmetic,Gaussian,0.68096,0.10516,000.00000763,000.00260329,000.00235367,000.11473881,000.27
Tournament (k=2),Arithmetic,Gaussian,0.94259,0.14915,000.00279617,000.04380798,000.05118942,000.32788289,000.28
Tournament (k=2),Arithmetic,Gaussian,0.78941,0.04791,000.00001526,000.01670437,000.01040649,000.51839936,000.29
Tournament (k=2),Arithmetic,Gaussian,0.81310,0.03095,000.00016785,000.08509550,000.05890274,000.45953646,000.29
Tournament (k=2),Arithmetic,Uniform,0.41200,0.05228,000.00003052,000.01283975,000.01315880,000.11664934,000.24
Tournament (k=2),Arithmetic,Uniform,0.40000,0.03378,000.00008774,000.07922406,000.08687401,000.27327660,000.24
Tournament (k=2),Arithmetic,Gaussian,0.57030,0.25191,000.01073074,000.46923441,000.47986603,000.57693118,000.67
Tournament (k=2),Arithmetic,Gaussian,0.76642,0.10516,000.00010681,000.00415325,000.00321388,000.07290027,000.27
Tournament (k=2),Arithmetic,Gaussian,0.60503,0.03095,000.00001907,000.00973802,000.01190567,000.13524453,000.19
Tournament (k=2),Arithmetic,Gaussian,0.97087,0.09637,000.00001526,000.00280924,000.00226402,000.25001043,000.27
Tournament (k=2),Arithmetic,Gaussian,0.76642,0.04390,000.00002289,000.02223973,000.01443863,000.58954954,000.21
Tournament (k=2),Arithmetic,Gaussian,0.60503,0.10516,000.00002289,000.00244551,000.00211334,000.10250114,000.27
Tournament (k=2),Arithmetic,Gaussian,0.72243,0.02837,000.00007248,000.04573722,000.03779984,000.48358616,000.30
Tournament (k=2),Arithmetic,Gaussian,0.60503,0.23084,000.01561356,000.33219180,000.34557724,000.51812017,000.33
Tournament (k=2),Arithmetic,Gaussian,0.76642,0.27490,000.01952744,000.57923144,000.71949196,000.55834621,000.37
Tournament (k=2),Arithmetic,Gaussian,0.62318,0.06226,000.00000000,000.00177846,000.00128365,000.10889589,000.22
Tournament (k=2),Arithmetic,Gaussian,0.86261,0.08830,000.00000763,000.00449305,000.00140190,000.10571652,000.53
Tournament (k=2),Arithmetic,Gaussian,0.72243,0.21153,000.00165558,000.27439278,000.24664116,000.49668020,000.64
Tournament (k=2),Arithmetic,Gaussian,0.72243,0.09637,000.00001144,000.00147371,000.00108147,000.14987448,000.56
Tournament (k=2),Arithmetic,Gaussian,0.88849,0.06795,000.00000000,000.01310286,000.00538635,000.31877464,000.23
Tournament (k=2),Arithmetic,Gaussian,1.00000,0.05705,000.00000381,000.04877639,000.01693916,000.55234766,000.30
Tournament (k=2),Arithmetic,Gaussian,0.76642,0.04791,000.00004578,000.02215676,000.00680733,000.32600066,000.20
Tournament (k=2),Arithmetic,Gaussian,0.94259,0.05228,000.00000000,000.18470554,000.04066277,000.62623858,000.62
Tournament (k=2),Arithmetic,Gaussian,0.91514,0.03095,000.00000381,000.24389367,000.06966972,000.72749662,000.33
Tournament (k=2),Arithmetic,Gaussian,0.97087,0.10516,000.00005341,000.00436139,000.00341225,000.18260835,000.28
Tournament (k=2),Arithmetic,Gaussian,0.62318,0.14915,000.00194550,000.03940739,000.03509140,000.21555422,000.67
Tournament (k=2),Arithmetic,Uniform,0.41200,0.14915,000.00688934,000.40446061,000.35321426,000.59265935,000.25
Tournament (k=2),Arithmetic,Uniform,0.42436,0.02837,000.00041580,000.08580007,000.10233879,000.31549290,000.17
Tournament (k=2),Arithmetic,Gaussian,0.78941,0.05228,000.00000000,000.01364331,000.00864029,000.31697056,000.56
Tournament (k=2),Arithmetic,Gaussian,0.74410,0.16276,000.00030518,000.08404627,000.09155464,000.33316123,000.68
Tournament (k=2),Arithmetic,Gaussian,0.70139,0.05705,000.00000381,000.00259352,000.00189018,000.12159237,000.73
Tournament (k=2),Arithmetic,Gaussian,0.91514,0.09637,000.00001526,000.00463080,000.00210571,000.16280168,000.51
Tournament (k=2),Arithmetic,Gaussian,0.58741,0.13667,000.00035095,000.01839409,000.01732445,000.06189286,000.68
Tournament (k=2),Arithmetic,Uniform,0.40000,0.27490,000.16946030,001.70202255,001.99796295,001.05179310,000.54
Tournament (k=2),Arithmetic,Uniform,0.42436,0.08830,000.00007629,000.00578971,000.00429916,000.09251627,000.24
Tournament (k=2),Arithmetic,Gaussian,1.00000,0.16276,000.00087738,000.05318732,000.05016136,000.36047032,000.65
Tournament (k=2),Arithmetic,Gaussian,0.72243,0.03095,000.00003052,000.02770123,000.01738739,000.45661306,000.41
Tournament (k=2),Arithmetic,Gaussian,0.60503,0.03378,000.00001526,000.00927196,000.00876045,000.20103596,000.20
Tournament (k=2),Arithmetic,Gaussian,0.64187,0.02000,000.00005341,000.03814058,000.03589821,000.27659568,000.26
Tournament (k=2),Arithmetic,Gaussian,0.66113,0.06795,000.00000000,000.00151262,000.00084686,000.15594837,000.22
Tournament (k=2),Arithmetic,Gaussian,0.66113,0.17762,000.00122070,000.09229551,000.09512901,000.33669508,000.94
Tournament (k=2),Arithmetic,Gaussian,0.64187,0.08830,000.00002289,000.00127182,000.00088882,000.01487557,000.37
Tournament (k=2),Arithmetic,Gaussian,0.86261,0.09637,000.00000763,000.00181994,000.00179863,000.15606743,000.39
Tournament (k=2),Arithmetic,Gaussian,0.60503,0.25191,000.03271103,000.40976453,000.42077637,000.47229716,000.45
Tournament (k=2),Arithmetic,Gaussian,0.88849,0.07415,000.00000000,000.01887855,000.00658417,000.40421149,000.28
Tournament (k=2),Arithmetic,Gaussian,0.70139,0.13667,000.00046539,000.01834168,000.01615715,000.26468766,000.55
Tournament (k=2),Arithmetic,Gaussian,0.88849,0.16276,000.00090027,000.06726837,000.06937790,000.30042648,000.30
Tournament (k=2),Arithmetic,Gaussian,0.81310,0.25191,000.00816345,000.57226402,000.77466965,000.61941600,001.04
Tournament (k=2),Arithmetic,Gaussian,0.76642,0.30000,000.01191330,000.71946526,000.85138130,000.75088990,000.46
Tournament (k=2),Arithmetic,Gaussian,0.97087,0.27490,000.02722931,000.55896789,000.64557648,000.61780745,000.66
Tournament (k=2),Arithmetic,Uniform,0.42436,0.27490,000.08760071,002.02292442,002.47090912,001.03349268,000.34
Tournament (k=2),Arithmetic,Gaussian,0.81310,0.03378,000.00010681,000.10906754,000.03400803,000.62273568,000.77
Tournament (k=2),Arithmetic,Gaussian,0.86261,0.25191,000.02278137,000.56372362,000.69519806,000.67030668,000.45
Tournament (k=2),Arithmetic,Gaussian,0.78941,0.16276,000.00131226,000.05328054,000.05981445,000.36864212,000.29
Tournament (k=2),Arithmetic,Gaussian,0.72243,0.10516,000.00006485,000.00226164,000.00177765,000.15038541,000.39
Tournament (k=2),Arithmetic,Gaussian,0.57030,0.27490,000.03705597,000.51469910,000.55565834,000.54914105,000.71
Tournament (k=2),Arithmetic,Gaussian,0.76642,0.11476,000.00007248,000.00585337,000.00497627,000.04927236,000.27
Tournament (k=2),Arithmetic,Uniform,0.41200,0.05705,000.00000763,000.01124187,000.00934029,000.15992741,000.20
Tournament (k=2),Arithmetic,Gaussian,0.94259,0.05705,000.00000000,000.05186420,000.02093124,000.52967680,000.49
Tournament (k=2),Arithmetic,Uniform,0.40000,0.10516,000.00038910,000.01543612,000.01519966,000.17405923,000.22
Tournament (k=2),Arithmetic,Gaussian,0.83749,0.05705,000.00000763,000.03222346,000.01158714,000.49809462,000.21
Tournament (k=2),Arithmetic,Gaussian,0.86261,0.03378,000.00008774,000.29007506,000.09945679,000.66795659,000.24
Tournament (k=2),Arithmetic,Uniform,0.43709,0.05228,000.00002289,000.01757083,000.02474785,000.11211158,000.25
Tournament (k=2),Arithmetic,Gaussian,0.68096,0.11476,000.00006485,000.00300970,000.00327492,000.02441317,000.26
Tournament (k=2),Arithmetic,Gaussian,0.97087,0.03378,000.00047684,000.23170395,000.07448769,000.66220331,000.28
Tournament (k=2),Arithmetic,Gaussian,0.94259,0.16276,000.00334930,000.06503248,000.08264160,000.35209098,000.30
Tournament (k=2),Arithmetic,Gaussian,0.72243,0.23084,000.01665115,000.36497951,000.38859558,000.49877745,000.63
Tournament (k=2),Arithmetic,Gaussian,0.91514,0.03378,000.00014877,000.33360505,000.14713287,000.77458686,000.27
Tournament (k=2),Arithmetic,Uniform,0.45020,0.03095,000.00004196,000.08560844,000.08407974,000.28997543,000.21
Tournament (k=2),Arithmetic,Gaussian,0.81310,0.08830,000.00001144,000.00084405,000.00076485,000.17800491,000.36
Tournament (k=2),Arithmetic,Gaussian,0.74410,0.05705,000.00000763,000.00524440,000.00224686,000.36030152,000.30
Tournament (k=2),Arithmetic,Uniform,0.43709,0.16276,000.03009796,000.60326689,000.72232819,000.64480436,000.33
Tournament (k=2),Arithmetic,Uniform,0.40000,0.03686,000.00026321,000.05331850,000.04759789,000.28433105,000.25
Tournament (k=2),Arithmetic,Gaussian,0.68096,0.27490,000.01108170,000.58346188,000.72185898,000.64118874,000.35
Tournament (k=2),Arithmetic,Gaussian,0.83749,0.06226,000.00000763,000.01056085,000.00362968,000.30165192,000.26
Tournament (k=2),Arithmetic,Gaussian,0.83749,0.17762,000.00158691,000.08093772,000.07929611,000.35868028,000.32
Tournament (k=2),Arithmetic,Uniform,0.42436,0.03095,000.00002289,000.10184703,000.07543755,000.42630944,000.18
Tournament (k=2),Arithmetic,Gaussian,0.97087,0.11476,000.00003433,000.00721555,000.00692749,000.20447508,000.28
Tournament (k=2),Arithmetic,Uniform,0.45020,0.09637,000.00003052,000.01256456,000.01215935,000.12408218,000.30
Tournament (k=2),Arithmetic,Gaussian,1.00000,0.06226,000.00000381,000.11034727,000.03283882,000.56012481,000.33
Tournament (k=2),Arithmetic,Gaussian,0.78941,0.05705,000.00000381,000.01040826,000.00360489,000.33324993,000.22
Tournament (k=2),Arithmetic,Gaussian,0.55369,0.16276,000.00201416,000.05779972,000.06228638,000.26743215,000.42
Tournament (k=2),Arithmetic,Gaussian,0.70139,0.06226,000.00000000,000.00306935,000.00234985,000.19404180,000.31
Tournament (k=2),Arithmetic,Uniform,0.42436,0.09637,000.00008774,000.00782189,000.00764656,000.09545350,000.22
Tournament (k=2),Arithmetic,Gaussian,0.64187,0.23084,000.01424789,000.36540803,000.34648323,000.54950792,000.47
Tournament (k=2),Arithmetic,Uniform,0.46371,0.05705,000.00007629,000.01187224,000.01227760,000.06544562,000.20
Tournament (k=2),Arithmetic,Gaussian,0.91514,0.10516,000.00013733,000.00388646,000.00339317,000.18814169,000.37
Tournament (k=2),Arithmetic,Uniform,0.42436,0.30000,000.28017426,001.93435931,002.34900475,000.94919795,000.62
Tournament (k=2),Arithmetic,Gaussian,0.72243,0.03378,000.00001526,000.02087584,000.01228905,000.28674644,000.29
Tournament (k=2),Arithmetic,Gaussian,0.62318,0.16276,000.00372314,000.05584068,000.06917572,000.27544281,000.49
Tournament (k=2),Arithmetic,Gaussian,0.58741,0.14915,000.00249481,000.03679805,000.03841209,000.25042683,000.42
Tournament (k=2),Arithmetic,Uniform,0.46371,0.17762,000.06694031,000.87060034,001.14898491,000.66835546,000.27
Tournament (k=2),Arithmetic,Gaussian,0.74410,0.17762,000.00356293,000.10305019,000.10943031,000.39705575,000.44
Tournament (k=2),Arithmetic,Gaussian,0.64187,0.02183,000.00004196,000.02992468,000.02973175,000.29222351,000.29
Tournament (k=2),Arithmetic,Gaussian,0.86261,0.03686,000.00004196,000.24705286,000.06424141,000.70058334,000.55
Tournament (k=2),Arithmetic,Gaussian,0.94259,0.17762,000.00566864,000.06011786,000.06142616,000.38542113,000.50
Tournament (k=2),Arithmetic,Gaussian,0.66113,0.19383,000.00755310,000.17013136,000.15493011,000.40194967,000.32
Tournament (k=2),Arithmetic,Gaussian,0.81310,0.09637,000.00001907,000.00178118,000.00152969,000.02217625,000.43
Tournament (k=2),Arithmetic,Uniform,0.45020,0.30000,000.31885529,002.17540359,002.52391434,001.03119791,000.41
Tournament (k=2),Arithmetic,Uniform,0.45020,0.10516,000.00006866,000.01682539,000.01659203,000.15107381,000.36
Tournament (k=2),Arithmetic,Gaussian,0.86261,0.10516,000.00012589,000.00500917,000.00410080,000.13930601,000.34
Tournament (k=2),Arithmetic,Gaussian,0.60503,0.27490,000.01287079,000.57736927,000.61185837,000.59808433,000.35
Tournament (k=2),Arithmetic,Gaussian,1.00000,0.17762,000.00454712,000.16464205,000.12696457,000.47968358,000.46
Tournament (k=2),Arithmetic,Gaussian,0.78941,0.02000,000.00051498,000.18432598,000.09180832,000.60183024,000.19
Tournament (k=2),Arithmetic,Gaussian,0.88849,0.08092,000.00000763,000.00497828,000.00138283,000.35493422,000.23
Tournament (k=2),Arithmetic,Uniform,0.41200,0.06226,000.00003052,000.01066642,000.01095200,000.04218182,000.19
Tournament (k=2),Arithmetic,Gaussian,0.88849,0.17762,000.00353241,000.13201466,000.13583946,000.32147002,000.32
Tournament (k=2),Arithmetic,Gaussian,0.81310,0.03686,000.00000763,000.06002555,000.02754021,000.55379522,000.28
Tournament (k=2),Arithmetic,Gaussian,0.76642,0.12524,000.00035858,000.01134920,000.01174927,000.04884318,000.27
Tournament (k=2),Arithmetic,Gaussian,0.70139,0.14915,000.00168991,000.04724322,000.04281616,000.28844884,000.36
Tournament (k=2),Arithmetic,Uniform,0.40000,0.11476,000.00180817,000.03875389,000.03791428,000.19057050,000.23
Tournament (k=2),Arithmetic,Gaussian,0.97087,0.03686,000.00002289,000.18016382,000.03188896,000.53273678,000.21
Tournament (k=2),Arithmetic,Uniform,0.41200,0.16276,000.01681900,000.62470984,000.69899559,000.69556177,000.25
Tournament (k=2),Arithmetic,Gaussian,0.94259,0.06226,000.00000000,000.03896313,000.01864243,000.56133246,000.31
Tournament (k=2),Arithmetic,Gaussian,0.78941,0.17762,000.00608063,000.08767104,000.08146477,000.36300471,000.41
Tournament (k=2),Arithmetic,Gaussian,0.72243,0.11476,000.00003052,000.00587082,000.00608826,000.02599714,000.43
Tournament (k=2),Arithmetic,Gaussian,0.91514,0.27490,000.02763367,000.62275964,000.77740097,000.71860766,000.46
Tournament (k=2),Arithmetic,Gaussian,0.81310,0.27490,000.02010345,000.66286314,000.85991478,000.63897455,000.52
Tournament (k=2),Arithmetic,Gaussian,0.91514,0.03686,000.00006104,000.32286161,000.16514397,000.76105684,000.25
Tournament (k=2),Arithmetic,Gaussian,0.97087,0.30000,000.03477097,000.73742700,000.98012543,000.59863657,000.50
Tournament (k=2),Arithmetic,Uniform,0.45020,0.03378,000.00014496,000.06071835,000.05528069,000.30855158,000.21
Tournament (k=2),Arithmetic,Gaussian,0.57030,0.30000,000.02034378,000.71901673,000.97957993,000.65298325,000.51
Tournament (k=2),Arithmetic,Uniform,0.45020,0.11476,000.00057983,000.05720758,000.05537224,000.25867698,000.40
Tournament (k=2),Arithmetic,Gaussian,0.86261,0.27490,000.02622604,000.65386724,000.94865036,000.68841839,000.54
Tournament (k=2),Arithmetic,Gaussian,0.81310,0.04023,000.00000000,000.08919911,000.02651215,000.57468408,000.26
Tournament (k=2),Arithmetic,Gaussian,0.68096,0.12524,000.00013733,000.01370139,000.01356125,000.10728774,000.43
Tournament (k=2),Arithmetic,Uniform,0.40000,0.04023,000.00013733,000.04734025,000.04631042,000.25519234,000.21
Tournament (k=2),Arithmetic,Gaussian,1.00000,0.19383,000.01184082,000.19178796,000.18064880,000.42034754,000.48
Tournament (k=2),Arithmetic,Gaussian,0.74410,0.06226,000.00000381,000.00288177,000.00120544,000.24857248,000.32
Tournament (k=2),Arithmetic,Gaussian,0.83749,0.06795,000.00000763,000.00405383,000.00094986,000.36818105,000.23
Tournament (k=2),Arithmetic,Uniform,0.42436,0.03378,000.00006485,000.06834602,000.06417847,000.25365511,000.17
Tournament (k=2),Arithmetic,Uniform,0.40000,0.12524,000.00266266,000.10095954,000.08901596,000.35022914,000.31
Tournament (k=2),Arithmetic,Uniform,0.40000,0.30000,000.11483002,002.06738019,002.40825844,001.13840997,000.36
Tournament (k=2),Arithmetic,Uniform,0.43709,0.17762,000.02921677,000.90358126,001.14653778,000.80032569,000.35
Tournament (k=2),Arithmetic,Uniform,0.42436,0.10516,000.00010681,000.02126870,000.02304459,000.19718479,000.23
Tournament (k=2),Arithmetic,Uniform,0.47762,0.03378,000.00006866,000.06061072,000.06106377,000.27611142,000.25
Tournament (k=2),Arithmetic,Gaussian,0.88849,0.19383,000.00537491,000.20414791,000.18203545,000.42800099,000.49
Tournament (k=2),Arithmetic,Gaussian,0.97087,0.12524,000.00013351,000.01681190,000.02053833,000.15658064,000.27
Tournament (k=2),Arithmetic,Gaussian,0.78941,0.06226,000.00000000,000.00780115,000.00284767,000.40722582,000.27
Tournament (k=2),Arithmetic,Gaussian,0.70139,0.06795,000.00000000,000.00110197,000.00060654,000.21653840,000.26
Tournament (k=2),Arithmetic,Uniform,0.43709,0.02000,000.00102234,000.29271650,000.30310440,000.51609272,000.17
Tournament (k=2),Arithmetic,Gaussian,1.00000,0.06795,000.00000000,000.01145477,000.00270844,000.52153599,000.34
Tournament (k=2),Arithmetic,Uniform,0.46371,0.06226,000.00001526,000.00901775,000.00838089,000.20410621,000.27
Tournament (k=2),Arithmetic,Gaussian,0.64187,0.09637,000.00000763,000.00113254,000.00098419,000.01719244,000.37
Tournament (k=2),Arithmetic,Gaussian,0.64187,0.25191,000.02182007,000.39929461,000.36786270,000.59013945,000.36
Tournament (k=2),Arithmetic,Uniform,0.46371,0.02000,000.00000763,000.30478153,000.29536438,000.59788370,000.17
Tournament (k=2),Arithmetic,Gaussian,0.72243,0.03686,000.00000000,000.01335607,000.00984383,000.24463804,000.30
Tournament (k=2),Arithmetic,Gaussian,0.64187,0.02382,000.00000000,000.02336888,000.02481842,000.30207834,000.27
Tournament (k=2),Arithmetic,Gaussian,0.68096,0.30000,000.01230240,000.79443163,001.11250496,000.69206196,000.56
Tournament (k=2),Arithmetic,Uniform,0.46371,0.19383,000.02708435,001.04599392,001.32442856,000.96042717,000.28
Tournament (k=2),Arithmetic,Gaussian,0.86261,0.04023,000.00003052,000.10948157,000.03170013,000.51227319,000.28
Tournament (k=2),Arithmetic,Gaussian,0.58741,0.16276,000.00180054,000.05756903,000.05985260,000.31072971,000.34
Tournament (k=2),Arithmetic,Gaussian,0.91514,0.11476,000.00012207,000.00615134,000.00571060,000.18439531,000.41
Tournament (k=2),Arithmetic,Gaussian,0.94259,0.19383,000.00901794,000.18285289,000.16968536,000.43405139,000.32
Tournament (k=2),Arithmetic,Uniform,0.43709,0.02183,000.00004196,000.25879359,000.26331520,000.42415008,000.24
Tournament (k=2),Arithmetic,Gaussian,0.94259,0.06795,000.00000000,000.02575645,000.01330757,000.53617233,000.60
Tournament (k=2),Arithmetic,Gaussian,0.66113,0.21153,000.00984955,000.29989776,000.27184677,000.50056452,000.33
Tournament (k=2),Arithmetic,Gaussian,0.78941,0.02183,000.00204468,000.14964680,000.07489777,000.59721333,000.20
Tournament (k=2),Arithmetic,Gaussian,0.81310,0.10516,000.00016403,000.00385003,000.00280380,000.12665105,000.37
Tournament (k=2),Arithmetic,Gaussian,0.62318,0.17762,000.00304413,000.10977020,000.10879898,000.39647302,000.47
Tournament (k=2),Arithmetic,Gaussian,0.86261,0.11476,000.00017548,000.00589185,000.00586891,000.22771075,000.38
Tournament (k=2),Arithmetic,Uniform,0.46371,0.06795,000.00000000,000.00979233,000.01088524,000.14221914,000.29
Tournament (k=2),Arithmetic,Uniform,0.46371,0.02183,000.00027847,000.23467565,000.24423599,000.48617876,000.23
Tournament (k=2),Arithmetic,Gaussian,0.74410,0.19383,000.00253296,000.12113290,000.12173462,000.37690279,000.51
Tournament (k=2),Arithmetic,Uniform,0.41200,0.06795,000.00000000,000.00719976,000.00772667,000.02509784,000.21
Tournament (k=2),Arithmetic,Gaussian,1.00000,0.07415,000.00000000,000.01662049,000.00460625,000.36643761,000.38
Tournament (k=2),Arithmetic,Gaussian,0.88849,0.08830,000.00000763,000.00133615,000.00081253,000.22120818,000.25
Tournament (k=2),Arithmetic,Gaussian,0.64187,0.10516,000.00004578,000.00188093,000.00182343,000.02148764,000.42
Tournament (k=2),Arithmetic,Gaussian,0.97087,0.04023,000.00001526,000.29727140,000.11480331,000.73925740,000.25
Tournament (k=2),Arithmetic,Gaussian,0.60503,0.30000,000.02108002,000.69068390,000.95590591,000.64559102,000.57
Tournament (k=2),Arithmetic,Uniform,0.41200,0.17762,000.01101685,000.77451909,001.14202499,000.78122997,000.26
Tournament (k=2),Arithmetic,Gaussian,0.91514,0.04023,000.00000763,000.26815042,000.06237221,000.70163435,000.23
Tournament (k=2),Arithmetic,Gaussian,0.83749,0.19383,000.00624847,000.15929595,000.17706108,000.40314057,000.32
Tournament (k=2),Arithmetic,Gaussian,0.72243,0.12524,000.00014496,000.01264338,000.01391220,000.12594675,000.29
Tournament (k=2),Arithmetic,Uniform,0.49195,0.02000,000.00000763,000.26949295,000.24199295,000.55857378,000.18
Tournament (k=2),Arithmetic,Uniform,0.45020,0.03686,000.00000000,000.05571461,000.04882431,000.30214959,000.24
Tournament (k=2),Arithmetic,Gaussian,1.00000,0.02000,000.00054932,000.64460480,001.02580070,000.82348263,000.28
Tournament (k=2),Arithmetic,Uniform,0.45020,0.12524,000.00444031,000.12424669,000.11299515,000.46137825,000.26
Tournament (k=2),Arithmetic,Gaussian,0.78941,0.19383,000.00435638,000.16056418,000.17249680,000.40335196,000.41
Tournament (k=2),Arithmetic,Uniform,0.47762,0.10516,000.00002289,000.02152815,000.02129936,000.13157839,000.30
Tournament (k=2),Arithmetic,Gaussian,0.72243,0.25191,000.01778412,000.56270468,000.66834641,000.59073037,000.55
Tournament (k=2),Arithmetic,Gaussian,0.81310,0.04390,000.00002289,000.09248190,000.02358627,000.54932576,000.29
Tournament (k=2),Arithmetic,Gaussian,0.70139,0.16276,000.00404358,000.08343077,000.08665657,000.37798283,000.49
Tournament (k=2),Arithmetic,Uniform,0.42436,0.03686,000.00003052,000.04631772,000.04229736,000.23322314,000.20
Tournament (k=2),Arithmetic,Uniform,0.40000,0.04390,000.00000000,000.02777286,000.02760124,000.19277754,000.25
Tournament (k=2),Arithmetic,Gaussian,0.83749,0.07415,000.00000381,000.00500774,000.00269699,000.28808054,000.24
Tournament (k=2),Arithmetic,Uniform,0.41200,0.02000,000.00042725,000.27798510,000.29511261,000.43897483,000.17
Tournament (k=2),Arithmetic,Gaussian,0.58741,0.17762,000.00588989,000.09503355,000.10249710,000.35679698,000.56
Tournament (k=2),Arithmetic,Gaussian,0.74410,0.06795,000.00000000,000.00241914,000.00193024,000.19911109,000.26
Tournament (k=2),Arithmetic,Gaussian,0.64187,0.27490,000.01956177,000.62234008,000.74929237,000.59253550,000.71
Tournament (k=2),Arithmetic,Gaussian,0.81310,0.30000,000.03094482,000.67371547,000.82362747,000.71673560,000.51
Tournament (k=2),Arithmetic,Gaussian,0.86261,0.30000,000.05361938,000.78498578,001.08838272,000.69373018,000.45
Tournament (k=2),Arithmetic,Uniform,0.42436,0.11476,000.00148010,000.04472318,000.03978539,000.30445156,000.24
Tournament (k=2),Arithmetic,Uniform,0.40000,0.13667,000.01552963,000.26240554,000.24653625,000.49354041,000.31
Tournament (k=2),Arithmetic,Gaussian,0.62318,0.19383,000.00580597,000.12534328,000.12808228,000.47457355,000.58
Tournament (k=2),Arithmetic,Gaussian,1.00000,0.02183,000.00031281,000.27451760,000.11537933,000.78345567,000.26
Tournament (k=2),Arithmetic,Gaussian,0.70139,0.02000,000.00021744,000.05378880,000.05310822,000.41513017,000.19
Tournament (k=2),Arithmetic,Gaussian,0.70139,0.07415,000.00000000,000.00095186,000.00065613,000.04616289,000.25
Tournament (k=2),Arithmetic,Uniform,0.43709,0.19383,000.07415009,000.97356331,001.23054886,000.80409521,000.36
Tournament (k=2),Arithmetic,Gaussian,0.86261,0.04390,000.00000000,000.13507041,000.01979256,000.59907711,000.21
Tournament (k=2),Arithmetic,Gaussian,1.00000,0.21153,000.00584412,000.30989799,000.27744865,000.53195691,000.47
Tournament (k=2),Arithmetic,Uniform,0.43709,0.05705,000.00004959,000.01636839,000.01522636,000.16639802,000.28
Tournament (k=2),Arithmetic,Gaussian,0.64187,0.02599,000.00001144,000.01443148,000.01474571,000.23430473,000.26
Tournament (k=2),Arithmetic,Gaussian,0.78941,0.06795,000.00000000,000.00573788,000.00208664,000.23564564,000.32
Tournament (k=2),Arithmetic,Gaussian,0.72243,0.04023,000.00016785,000.01429892,000.01295853,000.27939323,000.28
Tournament (k=2),Arithmetic,Gaussian,0.97087,0.13667,000.00083160,000.02203231,000.02373695,000.21009444,000.37
Tournament (k=2),Arithmetic,Uniform,0.46371,0.21153,000.04153442,001.18357277,001.43029976,000.81884980,000.29
Tournament (k=2),Arithmetic,Gaussian,0.88849,0.21153,000.00523376,000.23993516,000.17736244,000.52536976,000.42
Tournament (k=2),Arithmetic,Gaussian,0.76642,0.13667,000.00025177,000.01870155,000.01818848,000.19981866,000.30
Tournament (k=2),Arithmetic,Gaussian,0.78941,0.02382,000.00022125,000.14440766,000.07560730,000.61804205,000.20
Tournament (k=2),Arithmetic,Uniform,0.49195,0.06226,000.00002289,000.00851598,000.00934792,000.03703644,000.28
Tournament (k=2),Arithmetic,Uniform,0.46371,0.02382,000.00006485,000.26621222,000.20583916,000.53684437,000.19
Tournament (k=2),Arithmetic,Gaussian,0.94259,0.21153,000.01799774,000.29273623,000.27708817,000.50361359,000.38
Tournament (k=2),Arithmetic,Uniform,0.46371,0.07415,000.00000381,000.00416408,000.00384140,000.04647363,000.22
Tournament (k=2),Arithmetic,Uniform,0.41200,0.07415,000.00000763,000.00788279,000.00771523,000.10171302,000.22
Tournament (k=2),Arithmetic,Gaussian,0.62318,0.02000,000.00000381,000.03638563,000.03580475,000.26253924,000.20
Tournament (k=2),Arithmetic,Uniform,0.49195,0.02183,000.00008011,000.12934804,000.12096977,000.45052883,000.18
Tournament (k=2),Arithmetic,Gaussian,0.88849,0.09637,000.00004959,000.00345640,000.00197792,000.15791941,000.27
Tournament (k=2),Arithmetic,Uniform,0.49195,0.19383,000.06972504,001.03384423,001.27053452,000.79047596,000.39
Tournament (k=2),Arithmetic,Gaussian,0.97087,0.04390,000.00000763,000.18552899,000.04388809,000.70501274,000.31
Tournament (k=2),Arithmetic,Gaussian,0.91514,0.12524,000.00015640,000.00999532,000.01090813,000.14994948,000.59
Tournament (k=2),Arithmetic,Gaussian,0.94259,0.07415,000.00000000,000.00285578,000.00070572,000.34382173,000.51
Tournament (k=2),Arithmetic,Uniform,0.49195,0.06795,000.00000000,000.00281434,000.00258446,000.09104709,000.22
Tournament (k=2),Arithmetic,Gaussian,0.91514,0.04390,000.00004578,000.23343524,000.05421638,000.73249024,000.31
Tournament (k=2),Arithmetic,Gaussian,0.76642,0.14915,000.00154495,000.03329835,000.03144264,000.26362658,000.34
Tournament (k=2),Arithmetic,Gaussian,0.70139,0.02183,000.00002289,000.03504290,000.03655434,000.31717113,000.47
Tournament (k=2),Arithmetic,Uniform,0.43709,0.21153,000.04709625,001.36733079,001.60160637,000.90692192,000.46
Tournament (k=2),Arithmetic,Uniform,0.50670,0.03686,000.00000763,000.03900657,000.03211212,000.24757224,000.19
Tournament (k=2),Arithmetic,Uniform,0.41200,0.08092,000.00003052,000.00560398,000.00536346,000.03683980,000.22
Tournament (k=2),Arithmetic,Uniform,0.47762,0.03686,000.00000000,000.04251170,000.04178238,000.24238820,000.26
Tournament (k=2),Arithmetic,Uniform,0.49195,0.02382,000.00022507,000.13285689,000.10805702,000.44483736,000.18
Tournament (k=2),Arithmetic,Gaussian,0.78941,0.21153,000.00513458,000.32237759,000.26828384,000.61167401,000.33
Tournament (k=2),Arithmetic,Uniform,0.42436,0.04023,000.00000381,000.03928842,000.04064178,000.25468117,000.18
Tournament (k=2),Arithmetic,Gaussian,0.88849,0.10516,000.00006104,000.00432010,000.00395584,000.09056965,000.28
Tournament (k=2),Arithmetic,Gaussian,0.72243,0.13667,000.00114441,000.02250538,000.02445602,000.17284109,000.49
Tournament (k=2),Arithmetic,Gaussian,0.74410,0.21153,000.01663971,000.34152031,000.28717232,000.55241930,000.59
Tournament (k=2),Arithmetic,Gaussian,0.70139,0.02382,000.00001907,000.04224019,000.04567719,000.40452915,000.21
Tournament (k=2),Arithmetic,Uniform,0.43709,0.02382,000.00141907,000.19896141,000.20596313,000.43306568,000.17
Tournament (k=2),Arithmetic,Gaussian,0.83749,0.08092,000.00000763,000.00126204,000.00088882,000.12359367,000.24
Tournament (k=2),Arithmetic,Uniform,0.41200,0.02183,000.00006104,000.20650645,000.21411324,000.51419628,000.24
Tournament (k=2),Arithmetic,Gaussian,0.81310,0.04791,000.00000000,000.09185505,000.01476860,000.55406398,000.29
Tournament (k=2),Arithmetic,Uniform,0.40000,0.04791,000.00010300,000.02650466,000.02386475,000.21006693,000.27
Tournament (k=2),Arithmetic,Gaussian,0.88849,0.02000,000.00186920,000.51477206,000.99936676,000.80632913,000.85
Tournament (k=2),Arithmetic,Uniform,0.42436,0.12524,000.00202942,000.07747402,000.07258606,000.31749842,000.24
Tournament (k=2),Arithmetic,Gaussian,1.00000,0.08092,000.00000381,000.00819888,000.00182724,000.27159557,000.68
Tournament (k=2),Arithmetic,Gaussian,0.83749,0.02000,000.00003433,000.35651404,000.20930290,000.75654352,000.26
Tournament (k=2),Arithmetic,Gaussian,0.91514,0.30000,000.02628326,000.68041670,000.90362930,000.63699508,000.76
Tournament (k=2),Arithmetic,Uniform,0.40000,0.14915,000.01397324,000.37120336,000.30507851,000.57200909,000.26
Tournament (k=2),Arithmetic,Gaussian,0.64187,0.11476,000.00003815,000.00385828,000.00432968,000.10440300,000.69
Tournament (k=2),Arithmetic,Gaussian,0.86261,0.04791,000.00001144,000.05988050,000.01588440,000.57227921,000.21
Tournament (k=2),Arithmetic,Gaussian,0.74410,0.07415,000.00000000,000.00114865,000.00044823,000.28427413,000.31
Tournament (k=2),Arithmetic,Gaussian,0.83749,0.21153,000.00097656,000.29382429,000.24308395,000.51705807,000.68
Tournament (k=2),Arithmetic,Uniform,0.42436,0.04390,000.00001526,000.03921814,000.04756165,000.28125593,000.23
Tournament (k=2),Arithmetic,Uniform,0.43709,0.02599,000.00020218,000.10455932,000.09409904,000.34141213,000.17
Tournament (k=2),Arithmetic,Gaussian,1.00000,0.02382,000.00106049,000.39859128,000.23031425,000.76448452,000.27
Tournament (k=2),Arithmetic,Uniform,0.52190,0.02183,000.00133896,000.22610274,000.18718338,000.50646907,000.22
Tournament (k=2),Arithmetic,Gaussian,0.97087,0.04791,000.00001907,000.13944750,000.03640938,000.60602796,000.46
Tournament (k=2),Arithmetic,Gaussian,0.70139,0.17762,000.00645447,000.09146447,000.09355927,000.32813859,000.45
Tournament (k=2),Arithmetic,Uniform,0.50670,0.11476,000.00097275,000.04791865,000.04925919,000.29268324,000.31
Tournament (k=2),Arithmetic,Uniform,0.45020,0.13667,000.00222397,000.20440468,000.16378212,000.53934741,000.65
Tournament (k=2),Arithmetic,Gaussian,0.72243,0.04390,000.00001526,000.00727820,000.00574875,000.34344187,000.21
Tournament (k=2),Arithmetic,Gaussian,0.81310,0.11476,000.00017166,000.00613627,000.00615692,000.01789100,000.35
Tournament (k=2),Arithmetic,Gaussian,0.64187,0.30000,000.10391998,000.77137905,001.03041840,000.61735225,000.47
Tournament (k=2),Arithmetic,Gaussian,0.86261,0.12524,000.00083160,000.01275582,000.01203156,000.14863834,000.41
Tournament (k=2),Arithmetic,Uniform,0.41200,0.02382,000.00023270,000.28661805,000.17111778,000.52555436,000.30
Tournament (k=2),Arithmetic,Gaussian,0.78941,0.07415,000.00000000,000.00271516,000.00111961,000.27023897,000.30
Tournament (k=2),Arithmetic,Gaussian,0.83749,0.08830,000.00000763,000.00192447,000.00191689,000.14931345,000.32
Tournament (k=2),Arithmetic,Uniform,0.46371,0.23084,000.19300842,001.58311498,001.95715904,000.85553581,000.28
Tournament (k=2),Arithmetic,Uniform,0.42436,0.13667,000.00678253,000.23209992,000.21056366,000.51525259,000.28
Tournament (k=2),Arithmetic,Gaussian,0.78941,0.02599,000.00011826,000.19869909,000.10039330,000.54977077,000.19
Tournament (k=2),Arithmetic,Uniform,0.46371,0.02599,000.00004578,000.14798760,000.14801407,000.40484396,000.18
Tournament (k=2),Arithmetic,Gaussian,0.97087,0.14915,000.00207520,000.03777885,000.03424263,000.28795722,000.29
Tournament (k=2),Arithmetic,Uniform,0.49195,0.21153,000.07521439,001.42950702,001.60341072,000.82699269,000.64
Tournament (k=2),Arithmetic,Gaussian,0.81310,0.05228,000.00000000,000.01796656,000.00569344,000.53227550,000.35
Tournament (k=2),Arithmetic,Uniform,0.45020,0.04023,000.00000381,000.03711848,000.02639389,000.21153484,000.24
Tournament (k=2),Arithmetic,Uniform,0.46371,0.08092,000.00000000,000.00457754,000.00450325,000.17679438,000.21
Tournament (k=2),Arithmetic,Uniform,0.52190,0.06795,000.00009537,000.00519195,000.00558090,000.03990921,000.30
Tournament (k=2),Arithmetic,Gaussian,0.94259,0.23084,000.01798248,000.32186747,000.31025124,000.58716148,000.34
Tournament (k=2),Arithmetic,Uniform,0.47762,0.11476,000.00082397,000.05333896,000.05052376,000.32116616,000.30
Tournament (k=2),Arithmetic,Uniform,0.49195,0.02599,000.00013351,000.08399840,000.08237839,000.31587297,000.18
Tournament (k=2),Arithmetic,Gaussian,1.00000,0.08830,000.00003052,000.00223975,000.00135612,000.20792691,000.39
Tournament (k=2),Arithmetic,Uniform,0.50670,0.04023,000.00016785,000.03490891,000.03117943,000.17167087,000.19
Tournament (k=2),Arithmetic,Uniform,0.49195,0.07415,000.00003815,000.00342426,000.00311470,000.03339319,000.21
Tournament (k=2),Arithmetic,Gaussian,0.78941,0.02837,000.00000000,000.09035759,000.04019547,000.54156941,000.20
Tournament (k=2),Arithmetic,Uniform,0.53756,0.04023,000.00003815,000.02532272,000.02535820,000.20652619,000.25
Tournament (k=2),Arithmetic,Uniform,0.47762,0.04023,000.00000381,000.04972844,000.05040932,000.19631548,000.24
Tournament (k=2),Arithmetic,Gaussian,0.91514,0.13667,000.00122070,000.02414069,000.02316475,000.20531665,000.36
Tournament (k=2),Arithmetic,Gaussian,0.91514,0.04791,000.00000381,000.16991501,000.04605293,000.76749879,000.29
Tournament (k=2),Arithmetic,Uniform,0.53756,0.12524,000.00057983,000.11589084,000.12674332,000.44679597,000.25
Tournament (k=2),Arithmetic,Gaussian,0.94259,0.08092,000.00000000,000.00371470,000.00137901,000.31385466,000.32
Tournament (k=2),Arithmetic,Uniform,0.45020,0.04390,000.00008392,000.02786884,000.03561401,000.21808144,000.25
Tournament (k=2),Arithmetic,Uniform,0.52190,0.21153,000.07301712,001.54426491,001.95435715,001.00590265,000.34
Tournament (k=2),Arithmetic,Uniform,0.43709,0.23084,000.07273102,001.45053780,001.68524361,000.83593047,000.35
Tournament (k=2),Arithmetic,Gaussian,0.97087,0.16276,000.00353622,000.06066756,000.06249237,000.29638010,000.35
Tournament (k=2),Arithmetic,Uniform,0.55369,0.02382,000.00012207,000.17567506,000.12269020,000.45935452,000.21
Tournament (k=2),Arithmetic,Gaussian,0.72243,0.27490,000.01518631,000.67157865,000.90714264,000.62330484,000.48
Tournament (k=2),Arithmetic,Gaussian,0.83749,0.02183,000.00019073,000.33461636,000.24452400,000.69239783,000.20
Tournament (k=2),Arithmetic,Gaussian,0.94259,0.02000,000.00019073,000.45126429,000.62218857,000.80446178,000.19
Tournament (k=2),Arithmetic,Uniform,0.40000,0.05228,000.00003052,000.01773768,000.01898193,000.10140993,000.24
Tournament (k=2),Arithmetic,Gaussian,0.64187,0.02837,000.00006866,000.01513786,000.01623154,000.24896252,000.27
Tournament (k=2),Arithmetic,Uniform,0.49195,0.23084,000.16792297,001.47241557,001.63263893,000.98009074,000.40
Tournament (k=2),Arithmetic,Uniform,0.49195,0.08092,000.00001526,000.00325794,000.00305176,000.03073330,000.26
Tournament (k=2),Arithmetic,Gaussian,0.88849,0.02183,000.00003815,000.27378911,000.17084312,000.63872522,000.26
Tournament (k=2),Arithmetic,Uniform,0.55369,0.07415,000.00004578,000.00333748,000.00249100,000.10904572,000.22
Tournament (k=2),Arithmetic,Uniform,0.43709,0.02837,000.00002289,000.08933458,000.06723976,000.38162982,000.18
Tournament (k=2),Arithmetic,Uniform,0.41200,0.19383,000.05958557,000.94785929,001.19323921,000.80137700,000.27
Tournament (k=2),Arithmetic,Gaussian,0.88849,0.23084,000.00171661,000.39919573,000.40427208,000.58357775,000.34
Tournament (k=2),Arithmetic,Uniform,0.40000,0.16276,000.02040100,000.57174903,000.71638298,000.70985049,000.27
Tournament (k=2),Arithmetic,Gaussian,1.00000,0.23084,000.01860046,000.32380804,000.29139519,000.54127496,000.46
Tournament (k=2),Arithmetic,Uniform,0.53756,0.13667,000.00077820,000.31193200,000.26132584,000.50336677,000.33
Tournament (k=2),Arithmetic,Gaussian,1.00000,0.02599,000.00001144,000.30830675,000.12777901,000.76668394,000.27
Tournament (k=2),Arithmetic,Gaussian,0.74410,0.08092,000.00000381,000.00101275,000.00043106,000.02209701,000.32
Tournament (k=2),Arithmetic,Gaussian,0.97087,0.05228,000.00000000,000.15870591,000.03644371,000.62973756,000.29
Tournament (k=2),Arithmetic,Uniform,0.52190,0.23084,000.02357101,001.44951212,001.65540886,000.85674030,000.33
Tournament (k=2),Arithmetic,Gaussian,0.83749,0.23084,000.01849365,000.49215883,000.51441193,000.59316421,000.38
Tournament (k=2),Arithmetic,Gaussian,0.66113,0.02000,000.00001144,000.03511181,000.02680969,000.28687826,000.25
Tournament (k=2),Arithmetic,Uniform,0.50670,0.12524,000.00181580,000.10389853,000.10124207,000.37700978,000.30
Tournament (k=2),Arithmetic,Gaussian,0.88849,0.02382,000.00013351,000.40867314,000.41288567,000.77276403,000.27
Tournament (k=2),Arithmetic,Uniform,0.45020,0.14915,000.02159119,000.41613966,000.44326782,000.63915795,000.31
Tournament (k=2),Arithmetic,Uniform,0.41200,0.02599,000.00095749,000.15644240,000.14709473,000.47257581,000.22
Tournament (k=2),Arithmetic,Uniform,0.55369,0.08092,000.00001526,000.00390353,000.00303268,000.04179225,000.24
Tournament (k=2),Arithmetic,Gaussian,0.83749,0.09637,000.00003052,000.00156698,000.00120735,000.13271901,000.24
Tournament (k=2),Arithmetic,Uniform,0.55369,0.23084,000.08945847,001.62920702,002.05057907,001.09052384,000.34
Tournament (k=2),Arithmetic,Gaussian,0.97087,0.17762,000.00823212,000.06395517,000.06632042,000.33086479,000.41
Tournament (k=2),Arithmetic,Gaussian,0.81310,0.12524,000.00046539,000.01431341,000.01462364,000.14730157,000.35
Tournament (k=2),Arithmetic,Gaussian,0.86261,0.13667,000.00085449,000.02239428,000.02184296,000.21894069,000.27
Tournament (k=2),Arithmetic,Gaussian,0.70139,0.19383,000.01109695,000.26975927,000.25566101,000.54809153,000.39
Tournament (k=2),Arithmetic,Uniform,0.46371,0.02837,000.00272369,000.14000063,000.10426903,000.43700469,000.16
Tournament (k=2),Arithmetic,Uniform,0.41200,0.08830,000.00002289,000.00824079,000.00753021,000.11251257,000.20
Tournament (k=2),Arithmetic,Uniform,0.42436,0.14915,000.00951385,000.22521892,000.23298264,000.52749741,000.26
Tournament (k=2),Arithmetic,Uniform,0.46371,0.25191,000.64997482,001.85589063,002.09800720,000.87443960,000.29
Tournament (k=2),Arithmetic,Uniform,0.57030,0.04390,000.00001907,000.02122598,000.01631546,000.24874161,000.23
Tournament (k=2),Arithmetic,Uniform,0.46371,0.08830,000.00001144,000.00532684,000.00492477,000.09003104,000.22
Tournament (k=2),Arithmetic,Uniform,0.43709,0.06226,000.00000381,000.00913391,000.01004219,000.04794590,000.23
Tournament (k=2),Arithmetic,Gaussian,0.78941,0.23084,000.01969147,000.32818967,000.36963272,000.43731225,000.30
Tournament (k=2),Arithmetic,Gaussian,0.88849,0.25191,000.01933289,000.47267786,000.56238365,000.59657472,000.43
Tournament (k=2),Arithmetic,Uniform,0.52190,0.07415,000.00000763,000.00377455,000.00375175,000.01297531,000.24
Tournament (k=2),Arithmetic,Uniform,0.49195,0.02837,000.00006866,000.09908547,000.11366653,000.36256599,000.21
Tournament (k=2),Arithmetic,Gaussian,0.86261,0.05228,000.00000763,000.03045635,000.01846695,000.44927812,000.20
Tournament (k=2),Arithmetic,Uniform,0.45020,0.16276,000.04788971,000.56002170,000.53030014,000.68401790,000.26
Tournament (k=2),Arithmetic,Uniform,0.53756,0.04390,000.00000763,000.02530999,000.02125549,000.18561982,000.22
Tournament (k=2),Arithmetic,Uniform,0.57030,0.13667,000.00548553,000.22859764,000.23447227,000.59626746,000.24
Tournament (k=2),Arithmetic,Uniform,0.47762,0.12524,000.00245667,000.12368713,000.13428688,000.37207854,000.27
Tournament (k=2),Arithmetic,Uniform,0.41200,0.09637,000.00016785,000.01074576,000.01027679,000.11983524,000.20
Tournament (k=2),Arithmetic,Gaussian,0.91514,0.05228,000.00000763,000.02946305,000.01331711,000.46170771,000.26
Tournament (k=2),Arithmetic,Gaussian,0.74410,0.23084,000.00601578,000.33132106,000.31046867,000.52551091,000.39
Tournament (k=2),Arithmetic,Uniform,0.42436,0.04791,000.00000763,000.01968613,000.01898384,000.23849031,000.18
Tournament (k=2),Arithmetic,Uniform,0.45020,0.04791,000.00002670,000.02463632,000.02544212,000.18559919,000.19
Tournament (k=2),Arithmetic,Uniform,0.52190,0.02382,000.00022125,000.24524045,000.26332092,000.51700836,000.16
Tournament (k=2),Arithmetic,Uniform,0.55369,0.02599,000.00000381,000.13679413,000.10924721,000.42179534,000.16
Tournament (k=2),Arithmetic,Gaussian,0.86261,0.14915,000.00135803,000.03771496,000.03993607,000.20243813,000.33
Tournament (k=2),Arithmetic,Gaussian,0.91514,0.14915,000.00348663,000.04385309,000.04286194,000.33118966,000.34
Tournament (k=2),Arithmetic,Gaussian,0.97087,0.19383,000.00347137,000.23241368,000.18017960,000.48739702,000.37
Tournament (k=2),Arithmetic,Uniform,0.55369,0.25191,000.22429276,001.69128191,001.92387009,001.10179901,000.39
Tournament (k=2),Arithmetic,Uniform,0.42436,0.16276,000.06192017,000.58608687,000.77197838,000.71502787,000.32
Tournament (k=2),Arithmetic,Gaussian,0.94259,0.02183,000.00004578,000.38607621,000.31612206,000.81621885,000.17
Tournament (k=2),Arithmetic,Uniform,0.43709,0.03095,000.00038147,000.08506908,000.10267639,000.28615981,000.16
Tournament (k=2),Arithmetic,Uniform,0.52190,0.08092,000.00000000,000.00598063,000.00523567,000.04490538,000.24
Tournament (k=2),Arithmetic,Uniform,0.49195,0.08830,000.00004196,000.00433488,000.00476837,000.14734766,000.20
Tournament (k=2),Arithmetic,Uniform,0.40000,0.05705,000.00001526,000.01126790,000.01313210,000.12581353,000.22
Tournament (k=2),Arithmetic,Gaussian,0.64187,0.03095,000.00006104,000.01439376,000.01129341,000.21868193,000.23
Tournament (k=2),Arithmetic,Uniform,0.43709,0.25191,000.22219849,001.60518265,001.86705589,000.98720717,000.31
Tournament (k=2),Arithmetic,Uniform,0.41200,0.21153,000.10645294,001.35608554,001.64815712,000.85318208,000.25
Tournament (k=2),Arithmetic,Uniform,0.42436,0.05228,000.00016403,000.01825752,000.01682281,000.16594081,000.19
Tournament (k=2),Arithmetic,Uniform,0.57030,0.14915,000.01219940,000.57428086,000.70952988,000.67309338,000.30
Tournament (k=2),Arithmetic,Uniform,0.58741,0.02599,000.00000763,000.11213808,000.08924103,000.33372000,000.21
Tournament (k=2),Arithmetic,Uniform,0.53756,0.14915,000.01851654,000.48219711,000.48757362,000.73665291,000.23
Tournament (k=2),Arithmetic,Uniform,0.43709,0.03378,000.00014114,000.06082845,000.06385231,000.27730012,000.16
Tournament (k=2),Arithmetic,Gaussian,1.00000,0.02837,000.00011444,000.39051205,000.16531563,000.85637259,000.24
Tournament (k=2),Arithmetic,Gaussian,0.78941,0.08092,000.00000000,000.00160995,000.00074005,000.21346262,000.28
Tournament (k=2),Arithmetic,Gaussian,0.66113,0.02183,000.00015259,000.03088031,000.03221321,000.26429546,000.22
Tournament (k=2),Arithmetic,Gaussian,0.97087,0.05705,000.00000000,000.11494379,000.02731895,000.59583789,000.26
Tournament (k=2),Arithmetic,Gaussian,0.72243,0.30000,000.02093124,000.71265298,000.86885452,000.64662522,000.45
Tournament (k=2),Arithmetic,Uniform,0.52190,0.25191,000.31826782,001.67840064,001.87422943,001.11011267,000.26
Tournament (k=2),Arithmetic,Uniform,0.50670,0.04390,000.00000000,000.03113408,000.03321457,000.21255238,000.17
Tournament (k=2),Arithmetic,Uniform,0.50670,0.13667,000.00472260,000.41534290,000.37133789,000.61269289,000.27
Tournament (k=2),Arithmetic,Uniform,0.52190,0.08830,000.00004578,000.00875978,000.00754166,000.12233638,000.25
Tournament (k=2),Arithmetic,Uniform,0.47762,0.04390,000.00001526,000.02490630,000.02099800,000.23665074,000.18
Tournament (k=2),Arithmetic,Gaussian,0.83749,0.25191,000.02368164,000.60407716,000.80110931,000.58724415,000.31
Tournament (k=2),Arithmetic,Gaussian,1.00000,0.25191,000.01582336,000.52091759,000.52569008,000.61695975,000.38
Tournament (k=2),Arithmetic,Uniform,0.49195,0.09637,000.00001526,000.00949364,000.00973511,000.26588374,000.28
Tournament (k=2),Arithmetic,Gaussian,0.94259,0.25191,000.03701401,000.63054323,000.82198715,000.62070650,000.30
Tournament (k=2),Arithmetic,Gaussian,1.00000,0.09637,000.00003433,000.00586858,000.00255966,000.30651912,000.30
Tournament (k=2),Arithmetic,Uniform,0.58741,0.02837,000.00000763,000.07476668,000.08230591,000.35373014,000.21
Tournament (k=2),Arithmetic,Uniform,0.41200,0.23084,000.10956573,001.38404155,001.54451942,000.83629239,000.30
Tournament (k=2),Arithmetic,Uniform,0.46371,0.27490,000.01625443,001.69011712,002.09301376,001.05627000,000.26
Tournament (k=2),Arithmetic,Uniform,0.50670,0.04791,000.00000763,000.02219362,000.02137375,000.20305508,000.19
Tournament (k=2),Arithmetic,Gaussian,0.81310,0.13667,000.00091553,000.02144098,000.02265739,000.22856808,000.33
Tournament (k=2),Arithmetic,Uniform,0.46371,0.09637,000.00024796,000.00690269,000.00588799,000.12415802,000.24
Tournament (k=2),Arithmetic,Gaussian,0.94259,0.08830,000.00000381,000.00334692,000.00215340,000.20714065,000.29
Tournament (k=2),Arithmetic,Uniform,0.49195,0.03095,000.00000000,000.08421683,000.07146645,000.34696740,000.17
Tournament (k=2),Arithmetic,Uniform,0.43709,0.06795,000.00000763,000.00766954,000.00493050,000.13478680,000.23
Tournament (k=2),Arithmetic,Uniform,0.47762,0.04791,000.00000763,000.01676760,000.01423645,000.15200695,000.19
Tournament (k=2),Arithmetic,Gaussian,1.00000,0.03095,000.00006104,000.43061399,000.89326096,000.71554703,000.31
Tournament (k=2),Arithmetic,Gaussian,0.70139,0.21153,000.00654602,000.21506949,000.18385124,000.48851970,000.37
Tournament (k=2),Arithmetic,Uniform,0.53756,0.04791,000.00000381,000.01210542,000.01394081,000.10685676,000.21
Tournament (k=2),Arithmetic,Uniform,0.52190,0.27490,000.33222961,002.09755015,002.44227409,000.98897123,000.30
Tournament (k=2),Arithmetic,Gaussian,0.88849,0.27490,000.03995132,000.59581137,000.59344292,000.61478919,000.32
Tournament (k=2),Arithmetic,Uniform,0.41200,0.10516,000.00004578,000.01233630,000.01119995,000.07778922,000.21
Tournament (k=2),Arithmetic,Uniform,0.50670,0.14915,000.00954437,000.45245132,000.43402100,000.58452785,000.30
Tournament (k=2),Arithmetic,Uniform,0.52190,0.02599,000.00001526,000.14984050,000.11281776,000.43680948,000.15
Tournament (k=2),Arithmetic,Uniform,0.45020,0.17762,000.02581787,000.69998270,000.82675552,000.70413697,000.29
Tournament (k=2),Arithmetic,Uniform,0.40000,0.17762,000.02037811,000.70464146,001.02705765,000.73351008,000.24
Tournament (k=2),Arithmetic,Uniform,0.47762,0.13667,000.00267792,000.21264243,000.19790649,000.47335869,000.28
Tournament (k=2),Arithmetic,Uniform,0.49195,0.25191,000.12321472,001.66567206,002.05184364,001.08159471,000.31
Tournament (k=2),Arithmetic,Uniform,0.45020,0.05228,000.00000000,000.01387534,000.01400185,000.08494401,000.21
Tournament (k=2),Arithmetic,Uniform,0.55369,0.02837,000.00001526,000.10264101,000.12587166,000.32300463,000.21
Tournament (k=2),Arithmetic,Gaussian,1.00000,0.10516,000.00004959,000.00404582,000.00381279,000.15368934,000.29
Tournament (k=2),Arithmetic,Gaussian,0.74410,0.25191,000.00627899,000.51168138,000.55461502,000.64591175,000.31
Tournament (k=2),Arithmetic,Uniform,0.41200,0.02837,000.00002670,000.12964420,000.15018082,000.32218322,000.18
Tournament (k=2),Arithmetic,Uniform,0.42436,0.17762,000.03629684,000.82350808,001.09537506,000.73068249,000.24
Tournament (k=2),Arithmetic,Gaussian,0.88849,0.02599,000.00039291,000.37383500,000.27809906,000.68205243,000.23
Tournament (k=2),Arithmetic,Gaussian,0.64187,0.03378,000.00001907,000.00954027,000.01039886,000.25832325,000.19
Tournament (k=2),Arithmetic,Gaussian,0.86261,0.16276,000.00153351,000.06739368,000.07795525,000.29967707,000.34
Tournament (k=2),Arithmetic,Gaussian,0.91514,0.16276,000.00218964,000.05061669,000.05838776,000.30020952,000.34
Tournament (k=2),Arithmetic,Uniform,0.55369,0.27490,000.16996765,002.02098441,002.33250809,001.08106697,000.31
Tournament (k=2),Arithmetic,Uniform,0.41200,0.11476,000.00016403,000.04167185,000.04018211,000.24140534,000.25
Tournament (k=2),Arithmetic,Uniform,0.42436,0.05705,000.00004959,000.01527715,000.01334381,000.14323239,000.17
Tournament (k=2),Arithmetic,Gaussian,0.97087,0.21153,000.01455688,000.26842704,000.21194839,000.49618465,000.36
Tournament (k=2),Arithmetic,Uniform,0.58741,0.08092,000.00000381,000.00466099,000.00485039,000.12427628,000.20
Tournament (k=2),Arithmetic,Uniform,0.46371,0.03095,000.00017929,000.09502296,000.07508087,000.38637748,000.16
Tournament (k=2),Arithmetic,Gaussian,0.70139,0.23084,000.01271820,000.36792064,000.35464096,000.58752793,000.36
Tournament (k=2),Arithmetic,Uniform,0.43709,0.03686,000.00000381,000.04558096,000.04716110,000.21996503,000.16
Tournament (k=2),Arithmetic,Uniform,0.50670,0.16276,000.02000046,000.68222845,001.00063515,000.67826623,000.30
Tournament (k=2),Arithmetic,Uniform,0.45020,0.19383,000.03693390,001.07953739,001.27550316,000.80201316,000.30
Tournament (k=2),Arithmetic,Uniform,0.47762,0.14915,000.00448608,000.52435231,000.59333229,000.67413592,000.28
Tournament (k=2),Arithmetic,Uniform,0.40000,0.19383,000.01657867,001.02436721,001.19246864,000.76442862,000.30
Tournament (k=2),Arithmetic,Uniform,0.53756,0.16276,000.00494003,000.67133558,001.03278923,000.68850285,000.25
Tournament (k=2),Arithmetic,Uniform,0.49195,0.27490,000.09736633,001.81065619,002.08433151,001.01412523,000.32
Tournament (k=2),Arithmetic,Gaussian,1.00000,0.11476,000.00053787,000.00730062,000.00813103,000.12145361,000.32
Tournament (k=2),Arithmetic,Uniform,0.57030,0.04791,000.00000763,000.01129322,000.01161194,000.16279589,000.22
Tournament (k=2),Arithmetic,Gaussian,0.88849,0.30000,000.09879303,000.89741230,001.18092346,000.67791581,000.43
Tournament (k=2),Arithmetic,Gaussian,0.97087,0.06226,000.00000000,000.02573962,000.00632668,000.47650570,000.21
Tournament (k=2),Arithmetic,Gaussian,0.78941,0.08830,000.00001526,000.00169253,000.00105858,000.12681052,000.23
Tournament (k=2),Arithmetic,Gaussian,0.83749,0.02382,000.00028992,000.42638081,000.37506104,000.75241196,000.23
Tournament (k=2),Arithmetic,Gaussian,0.86261,0.05705,000.00000000,000.01622238,000.00971603,000.34889278,000.25
Tournament (k=2),Arithmetic,Uniform,0.49195,0.10516,000.00022125,000.02351418,000.02213860,000.24872747,000.21
Tournament (k=2),Arithmetic,Uniform,0.52190,0.09637,000.00000763,000.01542306,000.01116753,000.19366650,000.25
Tournament (k=2),Arithmetic,Uniform,0.58741,0.08830,000.00000763,000.00557747,000.00516129,000.06607018,000.25
Tournament (k=2),Arithmetic,Uniform,0.58741,0.25191,000.05434799,001.86136973,002.24611092,001.04073822,000.31
Tournament (k=2),Arithmetic,Gaussian,0.78941,0.25191,000.02111435,000.52153462,000.57345772,000.60997355,000.30
Tournament (k=2),Arithmetic,Uniform,0.58741,0.03095,000.00001526,000.09111376,000.08509827,000.36404389,000.22
Tournament (k=2),Arithmetic,Uniform,0.55369,0.30000,000.12663269,002.29732847,002.71548462,001.23146415,000.34
Tournament (k=2),Arithmetic,Uniform,0.49195,0.03378,000.00032806,000.04840603,000.04158401,000.25120133,000.17
Tournament (k=2),Arithmetic,Gaussian,0.91514,0.05705,000.00000000,000.09548559,000.01443291,000.58756334,000.26
Tournament (k=2),Arithmetic,Gaussian,0.91514,0.02000,000.00100708,000.43244332,000.46894264,000.80547297,000.20
Tournament (k=2),Arithmetic,Gaussian,1.00000,0.27490,000.01034927,000.67350739,000.95042229,000.72359693,000.34
Tournament (k=2),Arithmetic,Uniform,0.57030,0.05228,000.00002289,000.00983267,000.01051903,000.19393478,000.24
Tournament (k=2),Arithmetic,Gaussian,0.94259,0.27490,000.01825714,000.56636363,000.62499237,000.57205027,000.34
Tournament (k=2),Arithmetic,Uniform,0.41200,0.25191,000.20721054,001.65765226,001.98761368,001.06115317,000.31
Tournament (k=2),Arithmetic,Uniform,0.53756,0.17762,000.05774689,000.87604159,001.13809013,000.83812195,000.31
Tournament (k=2),Arithmetic,Uniform,0.43709,0.07415,000.00003815,000.00378680,000.00340080,000.06668852,000.23
Tournament (k=2),Arithmetic,Gaussian,0.94259,0.02382,000.00098419,000.42367482,000.49665833,000.74672031,000.17
Tournament (k=2),Arithmetic,Gaussian,0.83749,0.02599,000.00060272,000.18001886,000.09456635,000.61538386,000.23
Tournament (k=2),Arithmetic,Uniform,0.60503,0.04791,000.00001526,000.02201676,000.02214813,000.18261430,000.20
Tournament (k=2),Arithmetic,Uniform,0.52190,0.02837,000.00000381,000.11644964,000.13448334,000.29476887,000.16
Tournament (k=2),Arithmetic,Uniform,0.49195,0.30000,000.12054825,002.15303254,002.44144249,001.03005850,000.34
Tournament (k=2),Arithmetic,Gaussian,0.81310,0.14915,000.00576019,000.04100800,000.03819656,000.22752750,000.34
Tournament (k=2),Arithmetic,Uniform,0.53756,0.05228,000.00003815,000.01151876,000.00982666,000.20242453,000.23
Tournament (k=2),Arithmetic,Uniform,0.40000,0.06226,000.00000000,000.01003132,000.00930023,000.05178678,000.20
Tournament (k=2),Arithmetic,Uniform,0.55369,0.03095,000.00001526,000.08390174,000.08113098,000.38684139,000.16
Tournament (k=2),Arithmetic,Uniform,0.52190,0.30000,000.27575302,002.17852092,002.62664032,001.23804617,000.27
Tournament (k=2),Arithmetic,Uniform,0.45020,0.05705,000.00004578,000.01792183,000.01532745,000.17310555,000.22
Tournament (k=2),Arithmetic,Uniform,0.55369,0.08830,000.00000763,000.00560350,000.00570488,000.03523663,000.26
Tournament (k=2),Arithmetic,Uniform,0.43709,0.27490,000.30090332,002.04807091,002.46079445,000.97921419,000.27
Tournament (k=2),Arithmetic,Uniform,0.41200,0.03095,000.00097656,000.08242431,000.08080101,000.32828233,000.20
Tournament (k=2),Arithmetic,Uniform,0.57030,0.16276,000.02333069,000.73390830,001.08851624,000.74535674,000.28
Tournament (k=2),Arithmetic,Uniform,0.52190,0.03095,000.00000763,000.08218837,000.08183479,000.29849070,000.16
Tournament (k=2),Arithmetic,Uniform,0.42436,0.19383,000.07333374,000.99063981,001.20326233,000.80200154,000.25
Tournament (k=2),Arithmetic,Uniform,0.60503,0.14915,000.00974274,000.50875986,000.52948380,000.64889842,000.26
Tournament (k=2),Arithmetic,Gaussian,0.64187,0.03686,000.00008774,000.00805402,000.01029015,000.27696413,000.23
Tournament (k=2),Arithmetic,Gaussian,0.88849,0.02837,000.00000000,000.35631365,000.20262146,000.73076743,000.24
Tournament (k=2),Arithmetic,Uniform,0.46371,0.03378,000.00028229,000.06399302,000.06728554,000.32916102,000.17
Tournament (k=2),Arithmetic,Uniform,0.43709,0.04023,000.00003052,000.04653039,000.04419518,000.26185247,000.17
Tournament (k=2),Arithmetic,Uniform,0.40000,0.06795,000.00000763,000.00600700,000.00507355,000.05947402,000.18
Tournament (k=2),Arithmetic,Uniform,0.42436,0.06226,000.00000763,000.00901113,000.00829887,000.13620144,000.22
Tournament (k=2),Arithmetic,Gaussian,0.74410,0.02000,000.00002289,000.10426807,000.06335258,000.54447252,000.22
Tournament (k=2),Arithmetic,Uniform,0.60503,0.05228,000.00002670,000.01624513,000.01662445,000.15477046,000.21
Tournament (k=2),Arithmetic,Uniform,0.53756,0.02000,000.00022125,000.27251530,000.23009109,000.48975864,000.18
Tournament (k=2),Arithmetic,Gaussian,0.86261,0.17762,000.00284195,000.11124573,000.12587738,000.32446060,000.35
Tournament (k=2),Arithmetic,Uniform,0.45020,0.06226,000.00003052,000.01058898,000.01129150,000.06316681,000.21
Tournament (k=2),Arithmetic,Gaussian,0.91514,0.17762,000.00777817,000.08179717,000.09087181,000.36856732,000.35
Tournament (k=2),Arithmetic,Uniform,0.41200,0.03378,000.00011063,000.07481074,000.05085373,000.34970549,000.20
Tournament (k=2),Arithmetic,Uniform,0.55369,0.09637,000.00009155,000.01176991,000.01161194,000.16545710,000.26
Tournament (k=2),Arithmetic,Uniform,0.50670,0.05228,000.00000381,000.01531134,000.01794434,000.18500310,000.18
Tournament (k=2),Arithmetic,Uniform,0.46371,0.10516,000.00013733,000.02178464,000.02165031,000.18200061,000.21
Tournament (k=2),Arithmetic,Uniform,0.43709,0.04390,000.00019455,000.03268547,000.03065681,000.22202657,000.19
Tournament (k=2),Arithmetic,Uniform,0.62318,0.02837,000.00007629,000.09005885,000.08673477,000.37520504,000.21
Tournament (k=2),Arithmetic,Uniform,0.40000,0.21153,000.07089615,001.25578904,001.45651245,000.86565071,000.24
Tournament (k=2),Arithmetic,Gaussian,0.83749,0.27490,000.00538635,000.65139496,000.83631897,000.62503105,000.39
Tournament (k=2),Arithmetic,Uniform,0.42436,0.06795,000.00000381,000.00584316,000.00547218,000.03764764,000.20
Tournament (k=2),Arithmetic,Uniform,0.45020,0.21153,000.07804489,001.17061210,001.50416756,000.94804138,000.30
Tournament (k=2),Arithmetic,Uniform,0.49195,0.11476,000.00039673,000.04635134,000.05269051,000.21336344,000.22
Tournament (k=2),Arithmetic,Uniform,0.40000,0.07415,000.00012207,000.00898833,000.00854874,000.17304632,000.23
Tournament (k=2),Arithmetic,Uniform,0.46371,0.30000,000.04806137,001.86854482,002.22156525,000.99376780,000.29
Tournament (k=2),Arithmetic,Uniform,0.58741,0.09637,000.00002289,000.01315346,000.01451302,000.13101351,000.21
Tournament (k=2),Arithmetic,Uniform,0.52190,0.10516,000.00041199,000.03708377,000.03678131,000.27440110,000.26
Tournament (k=2),Arithmetic,Gaussian,0.94259,0.09637,000.00001526,000.00404429,000.00217438,000.16761258,000.30
Tournament (k=2),Arithmetic,Gaussian,1.00000,0.12524,000.00049973,000.01129026,000.01008987,000.12284093,000.32
Tournament (k=2),Arithmetic,Uniform,0.49195,0.03686,000.00018692,000.04329724,000.03909683,000.30045235,000.17
Tournament (k=2),Arithmetic,Uniform,0.57030,0.02000,000.00039673,000.31053615,000.27555847,000.51237941,000.21
Tournament (k=2),Arithmetic,Uniform,0.58741,0.03378,000.00045395,000.06633453,000.05960846,000.27971965,000.22
Tournament (k=2),Arithmetic,Uniform,0.58741,0.27490,000.15266418,002.08296418,002.38898849,001.07856894,000.26
Tournament (k=2),Arithmetic,Uniform,0.62318,0.08830,000.00008011,000.00607443,000.00573921,000.04063010,000.20
Tournament (k=2),Arithmetic,Gaussian,0.91514,0.06226,000.00000000,000.02077265,000.00546265,000.47065514,000.26
Tournament (k=2),Arithmetic,Uniform,0.57030,0.05705,000.00002289,000.00691509,000.00767708,000.19344148,000.23
Tournament (k=2),Arithmetic,Uniform,0.42436,0.07415,000.00003433,000.00511556,000.00444603,000.03580566,000.23
Tournament (k=2),Arithmetic,Uniform,0.49195,0.12524,000.00670624,000.15878563,000.16109085,000.41795510,000.24
Tournament (k=2),Arithmetic,Uniform,0.64187,0.05228,000.00000763,000.01056967,000.00695419,000.13922727,000.18
Tournament (k=2),Arithmetic,Gaussian,0.78941,0.27490,000.05164337,000.62190497,000.75350952,000.56607109,000.37
Tournament (k=2),Arithmetic,Uniform,0.41200,0.27490,000.16360855,001.94370365,002.24881172,001.03408611,000.26
Tournament (k=2),Arithmetic,Uniform,0.50670,0.02000,000.00000381,000.25895771,000.22055054,000.48853299,000.20
Tournament (k=2),Arithmetic,Gaussian,0.83749,0.02837,000.00003052,000.16118583,000.05411339,000.70136136,000.23
Tournament (k=2),Arithmetic,Uniform,0.55369,0.03378,000.00024796,000.06098738,000.06546211,000.26419443,000.17
Tournament (k=2),Arithmetic,Gaussian,0.94259,0.30000,000.03229904,000.70404387,000.86270905,000.62933272,000.32
Tournament (k=2),Arithmetic,Gaussian,1.00000,0.30000,000.12111664,000.80509681,001.07045364,000.58683032,000.34
Tournament (k=2),Arithmetic,Uniform,0.45020,0.23084,000.13439178,001.48039937,001.64853477,000.93406528,000.31
Tournament (k=2),Arithmetic,Uniform,0.53756,0.05705,000.00000000,000.01150236,000.01185036,000.18863989,000.23
Tournament (k=2),Arithmetic,Uniform,0.58741,0.10516,000.00015259,000.03228583,000.03114128,000.23787989,000.27
Tournament (k=2),Arithmetic,Uniform,0.62318,0.27490,000.20742035,002.04621935,002.26235199,001.00246394,000.32
Tournament (k=2),Arithmetic,Uniform,0.62318,0.09637,000.00013733,000.00921688,000.00807381,000.10991431,000.21
Tournament (k=2),Arithmetic,Uniform,0.52190,0.03378,000.00003052,000.05646210,000.05489349,000.34599164,000.17
Tournament (k=2),Arithmetic,Uniform,0.64187,0.16276,000.01795197,000.71645141,001.03057480,000.82827169,000.29
Tournament (k=2),Arithmetic,Uniform,0.46371,0.03686,000.00010300,000.03741946,000.03961563,000.26252165,000.16
Tournament (k=2),Arithmetic,Uniform,0.50670,0.17762,000.06381607,000.73243231,000.95400810,000.77278841,000.29
Tournament (k=2),Arithmetic,Uniform,0.57030,0.17762,000.04306793,000.89814824,001.17283058,000.74449933,000.25
Tournament (k=2),Arithmetic,Gaussian,0.81310,0.16276,000.00191879,000.08956023,000.09806633,000.29398394,000.39
Tournament (k=2),Arithmetic,Uniform,0.55369,0.03686,000.00027466,000.03740234,000.04706383,000.25506800,000.18
Tournament (k=2),Arithmetic,Uniform,0.49195,0.13667,000.01325989,000.22587666,000.26815987,000.43145153,000.24
Tournament (k=2),Arithmetic,Uniform,0.53756,0.02183,000.00218964,000.20037946,000.15258408,000.55232263,000.16
Tournament (k=2),Arithmetic,Uniform,0.47762,0.16276,000.00423050,000.54943317,000.52145004,000.68926990,000.29
Tournament (k=2),Arithmetic,Uniform,0.40000,0.02000,000.00039291,000.34435511,000.36083031,000.57722878,000.19
Tournament (k=2),Arithmetic,Gaussian,0.88849,0.03095,000.00021362,000.25131911,000.09815216,000.66742593,000.24
Tournament (k=2),Arithmetic,Gaussian,0.97087,0.02000,000.00011063,000.38602847,000.25216293,000.76832169,000.20
Tournament (k=2),Arithmetic,Uniform,0.60503,0.05705,000.00003052,000.00760369,000.00697899,000.17687763,000.18
Tournament (k=2),Arithmetic,Gaussian,0.97087,0.06795,000.00000000,000.00801063,000.00304604,000.46442160,000.27
Tournament (k=2),Arithmetic,Gaussian,0.83749,0.03095,000.00038147,000.21380873,000.08037949,000.63589454,000.27
Tournament (k=2),Arithmetic,Uniform,0.60503,0.16276,000.04968262,000.76445186,001.02582169,000.71582341,000.30
Tournament (k=2),Arithmetic,Uniform,0.66113,0.03095,000.00068665,000.05719261,000.05596542,000.39230654,000.22
Tournament (k=2),Arithmetic,Uniform,0.41200,0.03686,000.00001907,000.07765202,000.06740952,000.31678200,000.19
Tournament (k=2),Arithmetic,Uniform,0.45020,0.06795,000.00003433,000.00854278,000.00778389,000.06723399,000.23
Tournament (k=2),Arithmetic,Uniform,0.50670,0.05705,000.00000763,000.00853267,000.00952530,000.13436356,000.19
Tournament (k=2),Arithmetic,Uniform,0.43709,0.04791,000.00001907,000.02268505,000.02260017,000.23180117,000.18
Tournament (k=2),Arithmetic,Uniform,0.45020,0.25191,000.08912659,001.78680861,002.18642235,001.07873034,000.32
Tournament (k=2),Arithmetic,Gaussian,0.94259,0.02599,000.00050354,000.35769337,000.23776245,000.72173798,000.18
Tournament (k=2),Arithmetic,Uniform,0.55369,0.10516,000.00045395,000.02716613,000.02242661,000.18558711,000.27
Tournament (k=2),Arithmetic,Uniform,0.46371,0.11476,000.00057220,000.03210511,000.03330231,000.31863427,000.26
Tournament (k=2),Arithmetic,Uniform,0.62318,0.03095,000.00003815,000.08314314,000.06288338,000.36144915,000.24
Tournament (k=2),Arithmetic,Uniform,0.41200,0.12524,000.00081635,000.09776449,000.11167908,000.31877288,000.23
Tournament (k=2),Arithmetic,Uniform,0.43709,0.08092,000.00006866,000.00560846,000.00596046,000.17864557,000.24
Tournament (k=2),Arithmetic,Uniform,0.40000,0.23084,000.08773041,001.41787291,001.71462440,000.74521267,000.26
Tournament (k=2),Arithmetic,Uniform,0.53756,0.19383,000.10493851,001.28900909,001.44344139,000.81164831,000.25
Tournament (k=2),Arithmetic,Gaussian,0.91514,0.19383,000.00477600,000.14504667,000.14651299,000.43740416,000.37
Tournament (k=2),Arithmetic,Gaussian,0.97087,0.02183,000.00030136,000.41782451,000.26836967,000.88167757,000.24
Tournament (k=2),Arithmetic,Uniform,0.41200,0.04023,000.00000763,000.04422555,000.04142761,000.22316255,000.18
Tournament (k=2),Arithmetic,Uniform,0.66113,0.09637,000.00006866,000.01163473,000.00949478,000.15771767,000.24
Tournament (k=2),Arithmetic,Uniform,0.49195,0.04023,000.00027084,000.03480740,000.02870941,000.26759219,000.18
Tournament (k=2),Arithmetic,Uniform,0.66113,0.03378,000.00006104,000.08996792,000.08823204,000.43076313,000.22
Tournament (k=2),Arithmetic,Uniform,0.52190,0.11476,000.00250244,000.04673653,000.04453850,000.29627773,000.27
Tournament (k=2),Arithmetic,Uniform,0.58741,0.03686,000.00000000,000.05046573,000.05676079,000.26807782,000.18
Tournament (k=2),Arithmetic,Uniform,0.57030,0.02183,000.00020599,000.27283168,000.22040749,000.52001947,000.21
Tournament (k=2),Arithmetic,Gaussian,0.94259,0.10516,000.00007629,000.00416455,000.00409508,000.16496401,000.31
Tournament (k=2),Arithmetic,Gaussian,0.83749,0.30000,000.05324554,000.65633410,000.71659470,000.63926119,000.41
Tournament (k=2),Arithmetic,Uniform,0.68096,0.05705,000.00000000,000.00712981,000.00617599,000.24122815,000.18
Tournament (k=2),Arithmetic,Uniform,0.43709,0.30000,000.08695221,002.25099158,002.71362114,001.19145393,000.27
Tournament (k=2),Arithmetic,Uniform,0.50670,0.02183,000.00000763,000.15148573,000.12937164,000.43836141,000.20
Tournament (k=2),Arithmetic,Uniform,0.62318,0.03378,000.00000000,000.03582478,000.03351784,000.25470263,000.24
Tournament (k=2),Arithmetic,Uniform,0.49195,0.04390,000.00016785,000.02639785,000.01934242,000.21109876,000.18
Tournament (k=2),Arithmetic,Uniform,0.43709,0.08830,000.00003815,000.00689244,000.00717545,000.03630147,000.25
Tournament (k=2),Arithmetic,Uniform,0.46371,0.12524,000.00173950,000.12012081,000.10387611,000.42095831,000.28
Tournament (k=2),Arithmetic,Uniform,0.42436,0.21153,000.05483246,001.26372313,001.59732056,000.91157943,000.26
Tournament (k=2),Arithmetic,Uniform,0.47762,0.05228,000.00000381,000.01631174,000.01286888,000.15067367,000.23
Tournament (k=2),Arithmetic,Uniform,0.66113,0.30000,000.17620087,002.24578285,002.60270500,001.15601087,000.33
Tournament (k=2),Arithmetic,Uniform,0.58741,0.11476,000.00165939,000.09405217,000.07357407,000.40311188,000.22
Tournament (k=2),Arithmetic,Uniform,0.58741,0.30000,000.26021957,002.26400518,002.63558960,001.04874790,000.35
Tournament (k=2),Arithmetic,Uniform,0.52190,0.03686,000.00000000,000.04696546,000.03689575,000.29456985,000.18
Tournament (k=2),Arithmetic,Uniform,0.62318,0.10516,000.00003815,000.02661538,000.02664948,000.21459137,000.22
Tournament (k=2),Arithmetic,Uniform,0.68096,0.17762,000.08471298,001.03548920,001.24883652,000.80906010,000.31
Tournament (k=2),Arithmetic,Uniform,0.66113,0.03686,000.00000763,000.04205470,000.03209877,000.41423061,000.29
Tournament (k=2),Arithmetic,Uniform,0.53756,0.21153,000.03311920,001.30614209,001.59607887,000.87512845,000.34
Tournament (k=2),Arithmetic,Uniform,0.66113,0.10516,000.00016022,000.03403692,000.03266144,000.30993143,000.31
Tournament (k=2),Arithmetic,Uniform,0.68096,0.06226,000.00000763,000.00384383,000.00278282,000.15423317,000.20
Tournament (k=2),Arithmetic,Uniform,0.62318,0.30000,000.06538773,002.16614437,002.45744514,001.14874709,000.32
Tournament (k=2),Arithmetic,Uniform,0.55369,0.04023,000.00000763,000.03390570,000.03263474,000.20254947,000.18
Tournament (k=2),Arithmetic,Uniform,0.53756,0.02382,000.00002670,000.13050933,000.13469124,000.39696503,000.18
Tournament (k=2),Arithmetic,Uniform,0.70139,0.03378,000.00000763,000.04187756,000.04566193,000.30178240,000.19
Tournament (k=2),Arithmetic,Uniform,0.47762,0.02000,000.00004578,000.34172192,000.37344551,000.58544403,000.18
Tournament (k=2),Arithmetic,Uniform,0.57030,0.19383,000.07031250,001.02541399,001.27661705,000.79736704,000.26
Tournament (k=2),Arithmetic,Uniform,0.64187,0.17762,000.01902008,000.82475042,001.10181999,000.80301410,000.31
Tournament (k=2),Arithmetic,Uniform,0.47762,0.05705,000.00000763,000.01063247,000.00979805,000.10315049,000.23
Tournament (k=2),Arithmetic,Uniform,0.49195,0.04791,000.00000381,000.02263632,000.02608109,000.09771109,000.26
Tournament (k=2),Arithmetic,Uniform,0.50670,0.19383,000.03119659,001.12517416,001.30082703,000.88669032,000.31
Tournament (k=2),Arithmetic,Uniform,0.72243,0.02000,000.00502014,000.41728836,000.34905815,000.68698317,000.21
Tournament (k=2),Arithmetic,Uniform,0.47762,0.17762,000.03466797,000.84477282,001.16379356,000.73008132,000.26
Tournament (k=2),Arithmetic,Uniform,0.60503,0.02000,000.00028229,000.16875701,000.15279388,000.46529555,000.23
Tournament (k=2),Arithmetic,Gaussian,0.88849,0.03378,000.00000763,000.24095187,000.08949089,000.66303200,000.25
Tournament (k=2),Arithmetic,Uniform,0.50670,0.06226,000.00000763,000.01286449,000.01164055,000.05569595,000.19
Tournament (k=2),Arithmetic,Uniform,0.72243,0.06226,000.00000000,000.00650916,000.00645447,000.24537568,000.24
Tournament (k=2),Arithmetic,Uniform,0.70139,0.10516,000.00093079,000.03890944,000.03842354,000.21110383,000.27
Tournament (k=2),Arithmetic,Uniform,0.53756,0.02599,000.00012207,000.11458459,000.11114502,000.37367859,000.16
Tournament (k=2),Arithmetic,Uniform,0.45020,0.07415,000.00000763,000.00429807,000.00433540,000.10010966,000.24
Tournament (k=2),Arithmetic,Gaussian,0.94259,0.02837,000.00032043,000.32070598,000.15096664,000.64204526,000.20
Tournament (k=2),Arithmetic,Uniform,0.72243,0.19383,000.00975037,001.16265225,001.55669975,000.95196712,000.25
Tournament (k=2),Arithmetic,Uniform,0.60503,0.17762,000.10552979,001.02831769,001.26513672,000.81917030,000.30
Tournament (k=2),Arithmetic,Uniform,0.55369,0.11476,000.00223541,000.05235062,000.05012512,000.33412668,000.26
Tournament (k=2),Arithmetic,Uniform,0.42436,0.08092,000.00002289,000.00457172,000.00387383,000.10827919,000.22
Tournament (k=2),Arithmetic,Uniform,0.41200,0.04390,000.00008392,000.04419865,000.03809166,000.22992814,000.17
Tournament (k=2),Arithmetic,Uniform,0.64187,0.05705,000.00000763,000.00718250,000.00590134,000.14993899,000.18
Tournament (k=2),Arithmetic,Uniform,0.70139,0.03686,000.00001144,000.06407647,000.06937790,000.36075488,000.24
Tournament (k=2),Arithmetic,Gaussian,0.74410,0.02183,000.00020981,000.05410399,000.04162979,000.34898567,000.17
Tournament (k=2),Arithmetic,Uniform,0.45020,0.27490,000.12648773,001.86090887,002.07777405,000.96082592,000.32
Tournament (k=2),Arithmetic,Uniform,0.41200,0.13667,000.00364685,000.19731688,000.22330284,000.40518376,000.25
Tournament (k=2),Arithmetic,Uniform,0.74410,0.11476,000.00231171,000.09453235,000.09134674,000.48062432,000.21
Tournament (k=2),Arithmetic,Uniform,0.53756,0.06226,000.00000000,000.00805211,000.00809669,000.04509676,000.19
Tournament (k=2),Arithmetic,Uniform,0.74410,0.03686,000.00001526,000.05050402,000.04278374,000.35826299,000.22
Tournament (k=2),Arithmetic,Uniform,0.49195,0.05228,000.00003433,000.01402450,000.01204300,000.17758431,000.23
Tournament (k=2),Arithmetic,Gaussian,1.00000,0.03378,000.00000763,000.26816472,000.07130241,000.66973543,000.24
Tournament (k=2),Arithmetic,Uniform,0.50670,0.02382,000.00004578,000.17164727,000.16373253,000.44287807,000.16
Tournament (k=2),Arithmetic,Gaussian,0.94259,0.03095,000.00013733,000.32310900,000.09490776,000.67355120,000.20
Tournament (k=2),Arithmetic,Uniform,0.45020,0.02000,000.00051117,000.34866309,000.42626953,000.55115545,000.20
Tournament (k=2),Arithmetic,Uniform,0.41200,0.30000,000.11360168,002.21668959,002.48744774,001.04857612,000.32
Tournament (k=2),Arithmetic,Uniform,0.45020,0.08092,000.00001526,000.00510297,000.00567436,000.09410600,000.26
Tournament (k=2),Arithmetic,Uniform,0.70139,0.11476,000.00071716,000.06339578,000.06087494,000.44049096,000.29
Tournament (k=2),Arithmetic,Uniform,0.53756,0.02837,000.00004578,000.06935315,000.06819725,000.28772515,000.29
Tournament (k=2),Arithmetic,Uniform,0.40000,0.02183,000.00006104,000.24726653,000.25021362,000.56551880,000.18
Tournament (k=2),Arithmetic,Uniform,0.72243,0.21153,000.06978607,001.53522456,001.68115997,001.03448772,000.32
Tournament (k=2),Arithmetic,Uniform,0.68096,0.02000,000.00049973,000.26947165,000.18393517,000.56631398,000.21
Tournament (k=2),Arithmetic,Uniform,0.49195,0.14915,000.01386261,000.56261659,000.61041260,000.68145186,000.24
Tournament (k=2),Arithmetic,Uniform,0.60503,0.06226,000.00003815,000.00615988,000.00462341,000.12805894,000.22
Tournament (k=2),Arithmetic,Uniform,0.58741,0.12524,000.00234222,000.20932826,000.16819572,000.54103673,000.22
Tournament (k=2),Arithmetic,Uniform,0.46371,0.13667,000.00987625,000.20863256,000.20458984,000.49595866,000.23
Tournament (k=2),Arithmetic,Uniform,0.43709,0.09637,000.00005722,000.00857058,000.00718689,000.04397549,000.25
Tournament (k=2),Arithmetic,Uniform,0.60503,0.19383,000.07802200,001.04713035,001.23396301,000.82065469,000.34
Tournament (k=2),Arithmetic,Uniform,0.42436,0.23084,000.06387329,001.51523781,001.72817230,000.86246371,000.25
Tournament (k=2),Arithmetic,Uniform,0.53756,0.06795,000.00000381,000.00558310,000.00481224,000.05891392,000.20
Tournament (k=2),Arithmetic,Uniform,0.55369,0.12524,000.00238037,000.18206325,000.16600227,000.47663155,000.29
Tournament (k=2),Arithmetic,Uniform,0.74410,0.12524,000.00723267,000.19348884,000.21168900,000.55804950,000.25
Tournament (k=2),Arithmetic,Uniform,0.64187,0.02000,000.00012970,000.28938088,000.23051071,000.59451473,000.17
Tournament (k=2),Arithmetic,Uniform,0.68096,0.06795,000.00000763,000.00405498,000.00366592,000.20012358,000.19
Tournament (k=2),Arithmetic,Uniform,0.66113,0.04023,000.00016022,000.02427678,000.02511597,000.26284331,000.22
Tournament (k=2),Arithmetic,Uniform,0.55369,0.04390,000.00000000,000.01973362,000.02182579,000.18026774,000.17
Tournament (k=2),Arithmetic,Uniform,0.47762,0.02183,000.00073242,000.20845523,000.18616104,000.43900520,000.15
Tournament (k=2),Arithmetic,Uniform,0.68096,0.19383,000.01496887,001.15911031,001.38605690,000.88233775,000.30
Tournament (k=2),Arithmetic,Uniform,0.76642,0.02183,000.00060654,000.39578167,000.31041145,000.68334210,000.16
Tournament (k=2),Arithmetic,Uniform,0.40000,0.02382,000.00012589,000.23288593,000.23839951,000.55722713,000.20
Tournament (k=2),Arithmetic,Uniform,0.66113,0.11476,000.00031281,000.06332584,000.06668663,000.40079135,000.27
Tournament (k=2),Arithmetic,Uniform,0.53756,0.23084,000.12510681,001.49495435,001.74180984,000.99663073,000.30
Tournament (k=2),Arithmetic,Uniform,0.68096,0.02183,000.00062180,000.20330715,000.18128967,000.54142034,000.20
Tournament (k=2),Arithmetic,Uniform,0.72243,0.02183,000.00051880,000.19494429,000.17775345,000.57979053,000.21
Tournament (k=2),Arithmetic,Uniform,0.50670,0.06795,000.00002289,000.00524850,000.00506210,000.18173178,000.19
Tournament (k=2),Arithmetic,Uniform,0.47762,0.06226,000.00001144,000.00713739,000.00717545,000.06697876,000.23
Tournament (k=2),Arithmetic,Uniform,0.60503,0.02183,000.00009155,000.23882918,000.23553658,000.52427107,000.21
Tournament (k=2),Arithmetic,Uniform,0.53756,0.07415,000.00000381,000.00393219,000.00329590,000.02852488,000.22
Tournament (k=2),Arithmetic,Uniform,0.64187,0.02183,000.00105667,000.19508496,000.18771553,000.50348508,000.16
Tournament (k=2),Arithmetic,Uniform,0.49195,0.16276,000.03486252,000.62447977,000.89228630,000.64931703,000.27
Tournament (k=2),Arithmetic,Uniform,0.55369,0.04791,000.00002289,000.01645374,000.01480675,000.18883888,000.18
Tournament (k=2),Arithmetic,Uniform,0.47762,0.02382,000.00002670,000.16826710,000.14060211,000.43741801,000.16
Tournament (k=2),Arithmetic,Uniform,0.50670,0.21153,000.09908295,001.52696264,001.80631638,000.96383929,000.30
Tournament (k=2),Arithmetic,Uniform,0.74410,0.13667,000.00221252,000.50436467,000.55248833,000.67053229,000.26
Tournament (k=2),Arithmetic,Uniform,0.47762,0.19383,000.03787231,001.15820158,001.47514915,000.82713795,000.30
Tournament (k=2),Arithmetic,Uniform,0.46371,0.04023,000.00003052,000.03654423,000.02982330,000.22392356,000.16
Tournament (k=2),Arithmetic,Uniform,0.76642,0.06795,000.00000000,000.00315695,000.00117874,000.02966257,000.18
Tournament (k=2),Arithmetic,Uniform,0.52190,0.12524,000.00181198,000.21305051,000.15573692,000.46127039,000.27
Tournament (k=2),Arithmetic,Uniform,0.62318,0.03686,000.00032425,000.05029726,000.04537964,000.27237597,000.22
Tournament (k=2),Arithmetic,Uniform,0.66113,0.04390,000.00013733,000.02413325,000.02586746,000.26329723,000.30
Tournament (k=2),Arithmetic,Uniform,0.64187,0.06226,000.00001526,000.00638323,000.00405121,000.22231224,000.19
Tournament (k=2),Arithmetic,Uniform,0.52190,0.04023,000.00006866,000.02837343,000.03377914,000.19204989,000.17
Tournament (k=2),Arithmetic,Uniform,0.76642,0.21153,000.04043579,001.57529509,001.95623970,000.99454886,000.24
Tournament (k=2),Arithmetic,Uniform,0.78941,0.04023,000.00032043,000.04189234,000.03275299,000.40176755,000.22
Tournament (k=2),Arithmetic,Uniform,0.70139,0.04023,000.00041962,000.03429537,000.03232384,000.33828080,000.22
Tournament (k=2),Arithmetic,Uniform,0.47762,0.06795,000.00000000,000.00592065,000.00597382,000.11317223,000.22
Tournament (k=2),Arithmetic,Gaussian,0.74410,0.02382,000.00040054,000.05859695,000.03939819,000.54601675,000.22
Tournament (k=2),Arithmetic,Uniform,0.49195,0.05705,000.00001907,000.00913820,000.00962067,000.16411656,000.18
Tournament (k=2),Arithmetic,Uniform,0.47762,0.02599,000.00006866,000.15205145,000.13835144,000.46588859,000.19
Tournament (k=2),Arithmetic,Uniform,0.62318,0.11476,000.00112152,000.07297635,000.07225037,000.30495623,000.22
Tournament (k=2),Arithmetic,Uniform,0.74410,0.04023,000.00005722,000.03757105,000.03512001,000.34458983,000.23
Tournament (k=2),Arithmetic,Uniform,0.68096,0.21153,000.13733673,001.37255764,001.59782410,000.85109335,000.34
Tournament (k=2),Arithmetic,Uniform,0.78941,0.12524,000.00893784,000.25102314,000.22983170,000.63182169,000.27
Tournament (k=2),Arithmetic,Gaussian,0.94259,0.03378,000.00009537,000.30134052,000.08862114,000.61138082,000.18
Tournament (k=2),Arithmetic,Uniform,0.42436,0.02000,000.00041962,000.24691987,000.22560692,000.52169842,000.15
Tournament (k=2),Arithmetic,Uniform,0.50670,0.02599,000.00012207,000.15131840,000.16415787,000.48861223,000.22
Tournament (k=2),Arithmetic,Uniform,0.45020,0.02183,000.00026703,000.22965117,000.22520638,000.47155198,000.20
Tournament (k=2),Arithmetic,Uniform,0.53756,0.03095,000.00009918,000.07040977,000.07107735,000.26790521,000.17
Tournament (k=2),Arithmetic,Uniform,0.45020,0.08830,000.00003052,000.00650244,000.00621033,000.14477026,000.24
Tournament (k=2),Arithmetic,Uniform,0.50670,0.23084,000.31896973,001.53529036,001.75221252,000.86525756,000.33
Tournament (k=2),Arithmetic,Uniform,0.60503,0.06795,000.00000763,000.00341930,000.00254822,000.03587392,000.19
Tournament (k=2),Arithmetic,Uniform,0.57030,0.06226,000.00001526,000.00739737,000.00712204,000.04543006,000.23
Tournament (k=2),Arithmetic,Uniform,0.47762,0.07415,000.00001526,000.00610604,000.00679779,000.02730545,000.22
Tournament (k=2),Arithmetic,Uniform,0.72243,0.23084,000.27411652,001.68307614,002.09636497,001.01997030,000.25
Tournament (k=2),Arithmetic,Uniform,0.70139,0.12524,000.00262451,000.27541885,000.21911621,000.61465991,000.28
Tournament (k=2),Arithmetic,Uniform,0.46371,0.14915,000.01383209,000.41209728,000.35545540,000.59092796,000.24
Tournament (k=2),Arithmetic,Uniform,0.68096,0.07415,000.00000000,000.00250521,000.00176430,000.15222298,000.20
Tournament (k=2),Arithmetic,Uniform,0.81310,0.02382,000.01010132,000.43364564,000.40760803,000.71260887,000.22
Tournament (k=2),Arithmetic,Uniform,0.43709,0.10516,000.00004196,000.02044892,000.01994133,000.10874749,000.25
Tournament (k=2),Arithmetic,Uniform,0.76642,0.02382,000.00074768,000.20758548,000.15679550,000.56372756,000.16
Tournament (k=2),Arithmetic,Uniform,0.58741,0.04023,000.00009155,000.03746953,000.03750229,000.27178663,000.22
Tournament (k=2),Arithmetic,Uniform,0.57030,0.21153,000.02886963,001.25787139,001.47477341,000.99696755,000.29
Tournament (k=2),Arithmetic,Uniform,0.60503,0.21153,000.10433960,001.37934875,001.58189774,000.95299345,000.26
Tournament (k=2),Arithmetic,Gaussian,0.94259,0.03686,000.00000763,000.28453216,000.08051300,000.71284759,000.25
Tournament (k=2),Arithmetic,Uniform,0.57030,0.02382,000.00025940,000.14929104,000.11157417,000.52627033,000.21
Tournament (k=2),Arithmetic,Gaussian,0.74410,0.02599,000.00000763,000.05053091,000.04581642,000.45492393,000.31
Tournament (k=2),Arithmetic,Uniform,0.55369,0.13667,000.01614761,000.35864025,000.36364746,000.61048645,000.28
Tournament (k=2),Arithmetic,Uniform,0.42436,0.25191,000.04058075,001.56778502,001.93041039,000.92946881,000.32
Tournament (k=2),Arithmetic,Uniform,0.60503,0.07415,000.00000763,000.00299072,000.00181007,000.07439026,000.19
Tournament (k=2),Arithmetic,Uniform,0.50670,0.07415,000.00000000,000.00401034,000.00423431,000.10540354,000.19
Tournament (k=2),Arithmetic,Gaussian,0.94259,0.11476,000.00030136,000.00663004,000.00722122,000.08707716,000.31
Tournament (k=2),Arithmetic,Uniform,0.68096,0.02382,000.00003052,000.18398042,000.19355392,000.49538776,000.21
Tournament (k=2),Arithmetic,Uniform,0.81310,0.07415,000.00000381,000.00206847,000.00178146,000.14670098,000.25
Tournament (k=2),Arithmetic,Uniform,0.72243,0.02382,000.00070953,000.21975565,000.16435051,000.57818049,000.22
Tournament (k=2),Arithmetic,Uniform,0.55369,0.05228,000.00001526,000.01122622,000.00865936,000.13363174,000.18
Tournament (k=2),Arithmetic,Uniform,0.53756,0.25191,000.21311569,001.71640038,001.89061546,001.00349200,000.27
Tournament (k=2),Arithmetic,Uniform,0.46371,0.04390,000.00001907,000.01907153,000.02196312,000.19082482,000.17
Tournament (k=2),Arithmetic,Uniform,0.81310,0.02599,000.00062561,000.35823613,000.30228806,000.72726434,000.23
Tournament (k=2),Arithmetic,Uniform,0.53756,0.08092,000.00000763,000.00325689,000.00270271,000.12377387,000.24
Tournament (k=2),Arithmetic,Gaussian,1.00000,0.03686,000.00007629,000.22157755,000.05000687,000.68123829,000.22
Tournament (k=2),Arithmetic,Uniform,0.72243,0.25191,000.05631256,001.88866305,002.28330231,001.13280714,000.29
Tournament (k=2),Arithmetic,Uniform,0.74410,0.14915,000.00511932,000.63594824,000.87295532,000.63291532,000.24
Tournament (k=2),Arithmetic,Uniform,0.49195,0.17762,000.03971100,000.88441020,001.10323715,000.80392677,000.25
Tournament (k=2),Arithmetic,Uniform,0.70139,0.13667,000.00214386,000.44655329,000.41796875,000.71141237,000.29
Tournament (k=2),Arithmetic,Uniform,0.62318,0.04023,000.00035858,000.02566080,000.01992035,000.21777074,000.23
Tournament (k=2),Arithmetic,Uniform,0.52190,0.04390,000.00005341,000.01906500,000.01961708,000.10557133,000.17
Tournament (k=2),Arithmetic,Uniform,0.47762,0.21153,000.10963440,001.22642243,001.37009811,000.92568797,000.30
Tournament (k=2),Arithmetic,Uniform,0.52190,0.13667,000.01058960,000.27138862,000.24074554,000.54771578,000.29
Tournament (k=2),Arithmetic,Uniform,0.64187,0.06795,000.00000381,000.00265670,000.00264359,000.15493576,000.20
Tournament (k=2),Arithmetic,Uniform,0.66113,0.04791,000.00000763,000.01017156,000.00972939,000.12687151,000.24
Tournament (k=2),Arithmetic,Uniform,0.81310,0.23084,000.14647293,001.66828156,002.03253746,001.15041149,000.33
Tournament (k=2),Arithmetic,Uniform,0.68096,0.02599,000.00114822,000.14994040,000.09293365,000.50228035,000.22
Tournament (k=2),Arithmetic,Uniform,0.47762,0.02837,000.00000000,000.09488873,000.09421539,000.33719337,000.16
Tournament (k=2),Arithmetic,Uniform,0.83749,0.04390,000.00005341,000.03855648,000.02190590,000.37253943,000.22
Tournament (k=2),Arithmetic,Uniform,0.78941,0.04390,000.00000000,000.04280686,000.03466034,000.51648957,000.23
Tournament (k=2),Arithmetic,Uniform,0.70139,0.04390,000.00007629,000.02507219,000.02798462,000.30711526,000.23
Tournament (k=2),Arithmetic,Uniform,0.86261,0.02599,000.00016785,000.35680336,000.21228027,000.75719643,000.17
Tournament (k=2),Arithmetic,Uniform,0.83749,0.13667,000.00654221,000.37580618,000.30142403,000.61995250,000.24
Tournament (k=2),Arithmetic,Uniform,0.58741,0.13667,000.00545502,000.29312697,000.33870506,000.48950452,000.24
Tournament (k=2),Arithmetic,Uniform,0.42436,0.02183,000.00005722,000.22106858,000.23204994,000.48200417,000.16
Tournament (k=2),Arithmetic,Uniform,0.74410,0.04390,000.00000763,000.02268810,000.02460289,000.34250674,000.23
Tournament (k=2),Arithmetic,Uniform,0.53756,0.08830,000.00001526,000.00519843,000.00491333,000.07282604,000.26
Tournament (k=2),Arithmetic,Uniform,0.52190,0.04791,000.00002289,000.01592531,000.01540565,000.18222620,000.18
Tournament (k=2),Arithmetic,Uniform,0.64187,0.19383,000.01633453,001.14823604,001.30743790,000.94472194,000.31
Tournament (k=2),Arithmetic,Uniform,0.53756,0.03378,000.00001907,000.07066302,000.05801964,000.36899197,000.17
Tournament (k=2),Arithmetic,Uniform,0.72243,0.06795,000.00000763,000.00254626,000.00162315,000.19948532,000.26
Tournament (k=2),Arithmetic,Uniform,0.47762,0.03095,000.00007629,000.09838023,000.10382652,000.32789907,000.17
Tournament (k=2),Arithmetic,Uniform,0.45020,0.02382,000.00000763,000.13808231,000.11742020,000.41509145,000.20
Tournament (k=2),Arithmetic,Uniform,0.68096,0.23084,000.29091263,001.69543862,002.04304123,000.94907004,000.31
Tournament (k=2),Arithmetic,Uniform,0.42436,0.02382,000.00088501,000.17541847,000.15017128,000.49971873,000.16
Tournament (k=2),Arithmetic,Uniform,0.83749,0.04791,000.00000000,000.02462373,000.01935768,000.47905910,000.24
Tournament (k=2),Arithmetic,Uniform,0.86261,0.08092,000.00000381,000.00369678,000.00334740,000.04502221,000.26
Tournament (k=2),Arithmetic,Uniform,0.47762,0.23084,000.09004974,001.25577068,001.51760101,000.93328595,000.30
Tournament (k=2),Arithmetic,Uniform,0.52190,0.14915,000.02127075,000.49653989,000.52152443,000.69409436,000.30
Tournament (k=2),Arithmetic,Uniform,0.47762,0.08092,000.00000763,000.00404930,000.00350380,000.01962493,000.25
Tournament (k=2),Arithmetic,Uniform,0.60503,0.02382,000.00027466,000.18855453,000.16763496,000.50458086,000.22
Tournament (k=2),Arithmetic,Uniform,0.76642,0.02599,000.00370026,000.27322417,000.19453049,000.58733279,000.17
Tournament (k=2),Arithmetic,Uniform,0.86261,0.25191,000.18083191,001.92084765,002.20394135,000.92676127,000.25
Tournament (k=2),Arithmetic,Uniform,0.68096,0.08092,000.00000381,000.00229554,000.00245857,000.10355749,000.22
Tournament (k=2),Arithmetic,Uniform,0.46371,0.16276,000.01351547,000.61166555,000.72039413,000.68050820,000.25
Tournament (k=2),Arithmetic,Uniform,0.50670,0.25191,000.04741669,001.76906550,001.97450829,000.90895921,000.31
Tournament (k=2),Arithmetic,Uniform,0.74410,0.04791,000.00018692,000.01578398,000.01052856,000.34072545,000.24
Tournament (k=2),Arithmetic,Uniform,0.58741,0.04390,000.00001907,000.02783828,000.02858162,000.21913999,000.23
Tournament (k=2),Arithmetic,Uniform,0.88849,0.04791,000.00000763,000.03135638,000.02011681,000.41954035,000.18
Tournament (k=2),Arithmetic,Uniform,0.43709,0.11476,000.00088501,000.04406738,000.04673767,000.22186919,000.26
Tournament (k=2),Arithmetic,Uniform,0.45020,0.02599,000.00038528,000.13194852,000.11523056,000.36243761,000.21
Tournament (k=2),Arithmetic,Uniform,0.76642,0.07415,000.00000763,000.00188241,000.00140572,000.04308854,000.20
Tournament (k=2),Arithmetic,Uniform,0.57030,0.23084,000.14985657,001.57492375,001.90176773,000.88890415,000.30
Tournament (k=2),Arithmetic,Uniform,0.60503,0.23084,000.29930115,001.72220540,001.94595909,000.97909623,000.30
Tournament (k=2),Arithmetic,Uniform,0.55369,0.05705,000.00000381,000.00849209,000.00815010,000.15651545,000.18
Tournament (k=2),Arithmetic,Uniform,0.88849,0.14915,000.02902985,000.55521882,000.64905167,000.58745432,000.23
Tournament (k=2),Arithmetic,Uniform,0.91514,0.02837,000.00043488,000.37668070,000.26382256,000.71273345,000.22
Tournament (k=2),Arithmetic,Uniform,0.91514,0.08830,000.00013351,000.00990839,000.01172638,000.08888156,000.20
Tournament (k=2),Arithmetic,Uniform,0.72243,0.02599,000.00051498,000.22167978,000.17704964,000.48693416,000.22
Tournament (k=2),Arithmetic,Uniform,0.88849,0.05228,000.00000381,000.01359291,000.01209450,000.26750267,000.18
Tournament (k=2),Arithmetic,Uniform,0.81310,0.02837,000.00028992,000.30156246,000.15668678,000.75647688,000.22
Tournament (k=2),Arithmetic,Uniform,0.55369,0.14915,000.00895691,000.50817645,000.47504616,000.69887221,000.29
Tournament (k=2),Arithmetic,Uniform,0.81310,0.08092,000.00001526,000.00375614,000.00349045,000.01917510,000.25
Tournament (k=2),Arithmetic,Uniform,0.76642,0.23084,000.05731964,001.51126325,001.87001610,001.00149262,000.25
Tournament (k=2),Arithmetic,Uniform,0.47762,0.25191,000.13040924,001.61900365,001.95323563,000.96850979,000.29
Tournament (k=2),Arithmetic,Uniform,0.53756,0.27490,000.14162827,001.96701264,002.32665443,001.10695779,000.26
Tournament (k=2),Arithmetic,Uniform,0.62318,0.12524,000.01250076,000.22524051,000.17502594,000.53139269,000.22
Tournament (k=2),Arithmetic,Uniform,0.52190,0.16276,000.03463364,000.77278435,001.13476562,000.72087729,000.30
Tournament (k=2),Arithmetic,Gaussian,1.00000,0.04023,000.00000763,000.34047741,000.12162781,000.76023155,000.24
Tournament (k=2),Arithmetic,Uniform,0.43709,0.12524,000.00150299,000.08013491,000.09668922,000.35767969,000.25
Tournament (k=2),Arithmetic,Uniform,0.62318,0.04390,000.00003815,000.01885958,000.01430893,000.24663576,000.19
Tournament (k=2),Arithmetic,Uniform,0.78941,0.13667,000.01908112,000.54569942,000.59720993,000.66236848,000.28
Tournament (k=2),Arithmetic,Uniform,0.50670,0.02837,000.00000000,000.12519822,000.09740639,000.41875973,000.21
Tournament (k=2),Arithmetic,Uniform,0.64187,0.07415,000.00001526,000.00334167,000.00254250,000.03081279,000.19
Tournament (k=2),Arithmetic,Uniform,0.70139,0.14915,000.01807022,000.69655186,001.04863358,000.69410270,000.29
Tournament (k=2),Arithmetic,Uniform,0.86261,0.02837,000.00120163,000.18751602,000.11123466,000.55974752,000.16
Tournament (k=2),Arithmetic,Uniform,0.66113,0.05228,000.00004196,000.01053815,000.00988388,000.23114285,000.22
Tournament (k=2),Arithmetic,Uniform,0.68096,0.02837,000.00012589,000.09801078,000.05853081,000.49767306,000.21
Tournament (k=2),Arithmetic,Uniform,0.72243,0.02837,000.00015640,000.11978722,000.09794235,000.49610165,000.22
Tournament (k=2),Arithmetic,Uniform,0.91514,0.03095,000.00009155,000.33575457,000.26783180,000.57118160,000.24
Tournament (k=2),Arithmetic,Uniform,0.52190,0.05228,000.00004196,000.01434622,000.01401901,000.13275422,000.17
Tournament (k=2),Arithmetic,Uniform,0.88849,0.05705,000.00000763,000.00445724,000.00170898,000.31055412,000.21
Tournament (k=2),Arithmetic,Uniform,0.64187,0.02382,000.00223541,000.20213571,000.18069839,000.54261285,000.21
Tournament (k=2),Arithmetic,Uniform,0.78941,0.04791,000.00001144,000.02006493,000.01588249,000.41364276,000.24
Tournament (k=2),Arithmetic,Uniform,0.83749,0.14915,000.03808212,000.62957150,000.80059814,000.77046198,000.23
Tournament (k=2),Arithmetic,Uniform,0.70139,0.04791,000.00000763,000.02539844,000.02377892,000.26543161,000.24
Tournament (k=2),Arithmetic,Uniform,0.58741,0.14915,000.01792908,000.42784160,000.45830536,000.68480468,000.23
Tournament (k=2),Arithmetic,Uniform,0.53756,0.03686,000.00009918,000.05059657,000.04752350,000.32048675,000.17
Tournament (k=2),Arithmetic,Uniform,0.53756,0.09637,000.00018692,000.00930123,000.01205444,000.15139793,000.25
Tournament (k=2),Arithmetic,Uniform,0.42436,0.02599,000.00000763,000.14644150,000.12743950,000.40119132,000.16
Tournament (k=2),Arithmetic,Uniform,0.57030,0.02599,000.00002670,000.10855623,000.08747673,000.42257744,000.18
Tournament (k=2),Arithmetic,Uniform,0.62318,0.04791,000.00001907,000.02384405,000.02338028,000.26405242,000.22
Tournament (k=2),Arithmetic,Uniform,0.64187,0.21153,000.21388245,001.46718526,001.59255600,000.92010528,000.31
Tournament (k=2),Arithmetic,Uniform,0.60503,0.08092,000.00000763,000.00261860,000.00255585,000.16805017,000.21
Tournament (k=2),Arithmetic,Uniform,0.86261,0.03095,000.00003052,000.34923801,000.19025421,000.72700924,000.22
Tournament (k=2),Arithmetic,Uniform,0.52190,0.05705,000.00000000,000.00982790,000.00983047,000.03217677,000.22
Tournament (k=2),Arithmetic,Uniform,0.91514,0.27490,000.04423523,002.28069568,002.73599625,001.31483757,000.31
Tournament (k=2),Arithmetic,Uniform,0.47762,0.08830,000.00000763,000.00444007,000.00295258,000.10581338,000.25
Tournament (k=2),Arithmetic,Uniform,0.86261,0.08830,000.00024796,000.00799823,000.00827789,000.07631793,000.26
Tournament (k=2),Arithmetic,Uniform,0.68096,0.25191,000.12047958,001.81263161,002.21104431,000.99822956,000.32
Tournament (k=2),Arithmetic,Uniform,0.64187,0.02599,000.00005722,000.12120175,000.13513565,000.38077074,000.23
Tournament (k=2),Arithmetic,Uniform,0.91514,0.03378,000.00006485,000.39631814,000.27519989,000.82799637,000.29
Tournament (k=2),Arithmetic,Uniform,0.83749,0.16276,000.02199173,000.77049530,001.06819916,000.84798539,000.25
Tournament (k=2),Arithmetic,Uniform,0.88849,0.06226,000.00000763,000.00196800,000.00116158,000.10500884,000.29
Tournament (k=2),Arithmetic,Uniform,0.58741,0.16276,000.05196381,000.74564064,001.08226395,000.68897516,000.26
Tournament (k=2),Arithmetic,Uniform,0.58741,0.04791,000.00004578,000.01470842,000.01788330,000.08750615,000.23
Tournament (k=2),Arithmetic,Uniform,0.78941,0.05228,000.00003052,000.01783052,000.01164818,000.28661844,000.28
Tournament (k=2),Arithmetic,Uniform,0.74410,0.05228,000.00000763,000.01560745,000.01523781,000.32166734,000.24
Tournament (k=2),Arithmetic,Uniform,0.45020,0.02837,000.00000000,000.08720541,000.06882286,000.33020869,000.18
Tournament (k=2),Arithmetic,Uniform,0.76642,0.08092,000.00000763,000.00354290,000.00297737,000.12484153,000.20
Tournament (k=2),Arithmetic,Uniform,0.72243,0.27490,000.25817490,002.03818369,002.28649330,001.11480808,000.26
Tournament (k=2),Arithmetic,Uniform,0.74410,0.16276,000.01271820,000.94245225,001.17470551,000.80525297,000.25
Tournament (k=2),Arithmetic,Uniform,0.50670,0.27490,000.12175751,001.95435238,002.28954124,001.09285283,000.32
Tournament (k=2),Arithmetic,Uniform,0.55369,0.06226,000.00000763,000.00792274,000.00616646,000.14847791,000.21
Tournament (k=2),Arithmetic,Uniform,0.57030,0.25191,000.11492920,001.80978549,002.16033173,000.94980711,000.26
Tournament (k=2),Arithmetic,Uniform,0.91514,0.09637,000.00160217,000.02515039,000.02338028,000.23129107,000.20
Tournament (k=2),Arithmetic,Uniform,0.70139,0.05228,000.00005341,000.01066637,000.01224518,000.27340159,000.41
Tournament (k=2),Arithmetic,Uniform,0.60503,0.25191,000.22282410,001.94121671,002.27259064,001.10817218,000.30
Tournament (k=2),Arithmetic,Uniform,0.88849,0.16276,000.02931213,000.84593534,001.18185043,000.84834874,000.27
Tournament (k=2),Arithmetic,Uniform,0.57030,0.06795,000.00004578,000.00580807,000.00578690,000.12152065,000.24
Tournament (k=2),Arithmetic,Uniform,0.81310,0.08830,000.00009537,000.00818148,000.00868988,000.07243083,000.19
Tournament (k=2),Arithmetic,Uniform,0.81310,0.03095,000.00294113,000.30466121,000.16689491,000.65307575,000.22
Tournament (k=2),Arithmetic,Uniform,0.81310,0.25191,000.17844391,002.06084871,002.37122154,001.06142640,000.31
Tournament (k=2),Arithmetic,Uniform,0.76642,0.08830,000.00005341,000.00654645,000.00634384,000.03582625,000.21
Tournament (k=2),Arithmetic,Uniform,0.76642,0.25191,000.31229782,002.03834152,002.35931015,000.98393226,000.25
Tournament (k=2),Arithmetic,Uniform,0.66113,0.12524,000.00674820,000.16165324,000.13561630,000.52705443,000.29
Tournament (k=2),Arithmetic,Uniform,0.55369,0.16276,000.00910950,000.80865020,001.07104874,000.81310964,000.27
Tournament (k=2),Arithmetic,Uniform,0.94259,0.05228,000.00000000,000.01776395,000.00858688,000.40390024,000.19
Tournament (k=2),Arithmetic,Uniform,0.47762,0.27490,000.22940063,002.04210043,002.47419357,001.07845819,000.27
Tournament (k=2),Arithmetic,Uniform,0.43709,0.13667,000.00193024,000.19474068,000.19735336,000.40355375,000.23
Tournament (k=2),Arithmetic,Uniform,0.74410,0.17762,000.01287079,001.04232204,001.23881531,000.90694535,000.29
Tournament (k=2),Arithmetic,Uniform,0.53756,0.30000,000.31596375,002.25771594,002.61751938,001.13285005,000.33
Tournament (k=2),Arithmetic,Uniform,0.72243,0.07415,000.00000381,000.00286980,000.00257301,000.14235865,000.24
Tournament (k=2),Arithmetic,Uniform,0.91514,0.10516,000.00221634,000.05074992,000.05490112,000.34674236,000.24
Tournament (k=2),Arithmetic,Uniform,0.64187,0.08092,000.00000763,000.00191312,000.00187492,000.04021054,000.20
Tournament (k=2),Arithmetic,Uniform,0.72243,0.30000,000.56512451,002.09173298,002.44229126,001.00425518,000.36
Tournament (k=2),Arithmetic,Uniform,0.50670,0.30000,000.21634674,002.03700686,002.32044792,001.21107590,000.36
Tournament (k=2),Arithmetic,Uniform,0.78941,0.14915,000.01103973,000.63507724,000.89448547,000.63663208,000.30
Tournament (k=2),Arithmetic,Uniform,0.76642,0.02837,000.00001144,000.20086984,000.11280441,000.51341456,000.17
Tournament (k=2),Arithmetic,Uniform,0.66113,0.05705,000.00000763,000.00458798,000.00398254,000.15065141,000.24
Tournament (k=2),Arithmetic,Uniform,0.68096,0.03095,000.00045013,000.06874494,000.06281471,000.38506889,000.22
Tournament (k=2),Arithmetic,Uniform,0.60503,0.02599,000.00000381,000.13927555,000.12579346,000.38308394,000.22
Tournament (k=2),Arithmetic,Uniform,0.72243,0.03095,000.00006104,000.08282604,000.07371712,000.46871915,000.23
Tournament (k=2),Arithmetic,Uniform,0.50670,0.08092,000.00000381,000.00432196,000.00399971,000.06451553,000.23
Tournament (k=2),Arithmetic,Uniform,0.68096,0.08830,000.00004578,000.00520468,000.00520897,000.04792761,000.21
Tournament (k=2),Arithmetic,Uniform,0.83749,0.05228,000.00002289,000.01209207,000.00671577,000.33297247,000.24
Tournament (k=2),Arithmetic,Uniform,0.70139,0.16276,000.00075912,000.71326607,001.03039169,000.81852907,000.30
Tournament (k=2),Arithmetic,Uniform,0.46371,0.04791,000.00013351,000.02498517,000.02734375,000.21625896,000.19
Tournament (k=2),Arithmetic,Uniform,0.60503,0.27490,000.15953064,002.20320272,002.49756050,000.99114770,000.35
Tournament (k=2),Arithmetic,Uniform,0.97087,0.03095,000.00028229,000.36879033,000.38927269,000.69448632,000.18
Tournament (k=2),Arithmetic,Uniform,0.57030,0.02837,000.00008392,000.09501924,000.08974648,000.35660243,000.18
Tournament (k=2),Arithmetic,Uniform,0.94259,0.16276,000.01510239,000.72857344,001.07305908,000.75660944,000.24
Tournament (k=2),Arithmetic,Uniform,0.86261,0.27490,000.36395645,002.12555170,002.42892647,001.10428953,000.30
Tournament (k=2),Arithmetic,Uniform,0.53756,0.10516,000.00006485,000.02192373,000.02149773,000.13794638,000.27
Tournament (k=2),Arithmetic,Uniform,0.86261,0.03378,000.00019836,000.17639399,000.06251335,000.53722554,000.16
Tournament (k=2),Arithmetic,Uniform,0.62318,0.05228,000.00001144,000.01307373,000.01189995,000.21063535,000.22
Tournament (k=2),Arithmetic,Uniform,0.60503,0.08830,000.00005341,000.00469909,000.00541687,000.04437511,000.20
Tournament (k=2),Arithmetic,Uniform,0.52190,0.06226,000.00000763,000.00697823,000.00812149,000.16619930,000.18
Tournament (k=2),Arithmetic,Uniform,0.97087,0.09637,000.00067139,000.02644897,000.02867699,000.34227067,000.26
Tournament (k=2),Arithmetic,Uniform,0.88849,0.06795,000.00000000,000.00139928,000.00123215,000.04820263,000.19
Tournament (k=2),Arithmetic,Uniform,0.64187,0.02837,000.00146103,000.15543437,000.16398239,000.47502157,000.22
Tournament (k=2),Arithmetic,Uniform,0.64187,0.23084,000.30717850,001.78374481,002.11076355,000.89896357,000.31
Tournament (k=2),Arithmetic,Uniform,0.86261,0.09637,000.00095367,000.01638770,000.01945686,000.17685336,000.25
Tournament (k=2),Arithmetic,Uniform,0.47762,0.09637,000.00001526,000.00781169,000.00712204,000.10911351,000.25
Tournament (k=2),Arithmetic,Uniform,0.91514,0.03686,000.00006866,000.19270782,000.07268333,000.65077281,000.22
Tournament (k=2),Arithmetic,Uniform,0.83749,0.17762,000.07548523,001.02935910,001.29207802,000.81829464,000.23
Tournament (k=2),Arithmetic,Uniform,1.00000,0.05705,000.00000763,000.00642948,000.00282860,000.24569012,000.30
Tournament (k=2),Arithmetic,Uniform,0.97087,0.30000,000.37278748,002.30566478,002.66810036,001.23033834,000.34
Tournament (k=2),Arithmetic,Uniform,0.60503,0.02837,000.00051880,000.16144399,000.12837601,000.47624150,000.32
Tournament (k=2),Arithmetic,Uniform,0.58741,0.17762,000.04012299,000.97294062,001.20818710,000.92816454,000.24
Tournament (k=2),Arithmetic,Uniform,0.68096,0.27490,000.36929321,002.00928736,002.35610199,001.06360543,000.31
Tournament (k=2),Arithmetic,Uniform,0.78941,0.05705,000.00000000,000.00524435,000.00375748,000.31152201,000.24
Tournament (k=2),Arithmetic,Uniform,0.94259,0.17762,000.04682159,000.99604762,001.35104370,000.79856277,000.27
Tournament (k=2),Arithmetic,Uniform,0.55369,0.06795,000.00000763,000.00413194,000.00256729,000.05565050,000.19
Tournament (k=2),Arithmetic,Uniform,0.74410,0.05705,000.00000381,000.00972371,000.00838470,000.34765473,000.24
Tournament (k=2),Arithmetic,Uniform,0.62318,0.13667,000.01233673,000.33264771,000.27857780,000.60370213,000.23
Tournament (k=2),Arithmetic,Uniform,0.86261,0.30000,000.17402649,002.31120872,002.71443558,001.16280162,000.31
Tournament (k=2),Arithmetic,Uniform,1.00000,0.17762,000.11148834,000.98734409,001.20070648,000.76932877,000.29
Tournament (k=2),Arithmetic,Uniform,0.57030,0.27490,000.23984528,001.94130480,002.39806747,001.23059499,000.26
Tournament (k=2),Arithmetic,Uniform,0.52190,0.17762,000.02543259,000.81833822,001.07409096,000.78269994,000.30
Tournament (k=2),Arithmetic,Uniform,0.70139,0.05705,000.00000763,000.00721450,000.00458717,000.17321189,000.23
Tournament (k=2),Arithmetic,Uniform,0.50670,0.03095,000.00005341,000.08778028,000.08152962,000.35238841,000.21
Tournament (k=2),Arithmetic,Uniform,0.88849,0.17762,000.08082962,001.06321406,001.34318161,000.83634633,000.23
Tournament (k=2),Arithmetic,Uniform,0.57030,0.07415,000.00000381,000.00363793,000.00333023,000.03963848,000.24
Tournament (k=2),Arithmetic,Uniform,0.76642,0.09637,000.00003052,000.01941838,000.02094841,000.23342504,000.20
Tournament (k=2),Arithmetic,Uniform,0.81310,0.09637,000.00003815,000.01648045,000.01794243,000.15791191,000.26
Tournament (k=2),Arithmetic,Uniform,0.94259,0.05705,000.00000000,000.00550485,000.00384521,000.26123852,000.18
Tournament (k=2),Arithmetic,Uniform,0.83749,0.19383,000.00431824,001.07836664,001.30069351,000.89341903,000.29
Tournament (k=2),Arithmetic,Uniform,0.76642,0.27490,000.20090485,001.80751777,002.17907906,001.11136329,000.25
Tournament (k=2),Arithmetic,Uniform,0.81310,0.27490,000.45941162,002.26673651,002.58120918,001.15006626,000.32
Tournament (k=2),Arithmetic,Uniform,0.55369,0.02000,000.00085449,000.32648665,000.28954887,000.62200642,000.16
Tournament (k=2),Arithmetic,Uniform,0.66113,0.13667,000.00664520,000.38144860,000.32008553,000.69812161,000.28
Tournament (k=2),Arithmetic,Uniform,0.94259,0.19383,000.03662109,001.19015408,001.51567841,000.85389477,000.28
Tournament (k=2),Arithmetic,Uniform,0.74410,0.19383,000.13689423,001.23851454,001.46413422,000.88917613,000.24
Tournament (k=2),Arithmetic,Uniform,0.68096,0.30000,000.19204712,002.40722060,002.78825951,001.12370539,000.33
Tournament (k=2),Arithmetic,Uniform,0.43709,0.14915,000.00720215,000.41817969,000.38909531,000.57413453,000.28
Tournament (k=2),Arithmetic,Uniform,0.91514,0.11476,000.00312042,000.08683200,000.08021545,000.42421755,000.20
Tournament (k=2),Arithmetic,Uniform,0.64187,0.08830,000.00013351,000.00710602,000.00655937,000.06264716,000.20
Tournament (k=2),Arithmetic,Uniform,0.76642,0.03095,000.00019073,000.14941831,000.10391998,000.50819141,000.16
Tournament (k=2),Arithmetic,Uniform,0.52190,0.02000,000.00024796,000.27597457,000.25819016,000.52878237,000.20
Tournament (k=2),Arithmetic,Uniform,0.47762,0.30000,000.09580231,001.91814590,002.27539062,001.04601753,000.32
Tournament (k=2),Arithmetic,Uniform,0.50670,0.03378,000.00000763,000.07337246,000.08420753,000.26823258,000.22
Tournament (k=2),Arithmetic,Uniform,0.72243,0.08092,000.00002289,000.00329576,000.00263405,000.18286926,000.25
Tournament (k=2),Arithmetic,Uniform,0.66113,0.06226,000.00000000,000.00564246,000.00289154,000.09789617,000.23
Tournament (k=2),Arithmetic,Uniform,0.68096,0.03378,000.00006104,000.03431354,000.03276443,000.30649802,000.22
Tournament (k=2),Arithmetic,Uniform,0.72243,0.03378,000.00012207,000.06537070,000.05526733,000.40752804,000.22
Tournament (k=2),Arithmetic,Uniform,0.50670,0.08830,000.00000763,000.00443544,000.00460434,000.05489422,000.20
Tournament (k=2),Arithmetic,Uniform,0.78941,0.16276,000.00512314,000.80220062,001.17818451,000.79853904,000.29
Tournament (k=2),Arithmetic,Uniform,0.68096,0.09637,000.00033188,000.01635985,000.01711273,000.13215195,000.20
Tournament (k=2),Arithmetic,Uniform,0.46371,0.05228,000.00000000,000.01327057,000.01188469,000.06879128,000.18
Tournament (k=2),Arithmetic,Uniform,0.97087,0.03378,000.00009918,000.30966085,000.15682793,000.80899209,000.17
Tournament (k=2),Arithmetic,Uniform,0.91514,0.30000,000.18939590,002.44891310,002.81288719,001.18861890,000.29
Tournament (k=2),Arithmetic,Uniform,0.70139,0.02000,000.00136948,000.30614176,000.33055687,000.54843181,000.22
Tournament (k=2),Arithmetic,Uniform,0.64187,0.09637,000.00008392,000.01144381,000.01050186,000.18620430,000.21
Tournament (k=2),Arithmetic,Uniform,0.83749,0.05705,000.00000763,000.00771146,000.00625420,000.26459494,000.24
Tournament (k=2),Arithmetic,Uniform,0.53756,0.11476,000.00249481,000.06764426,000.05612755,000.36927110,000.22
Tournament (k=2),Arithmetic,Uniform,0.58741,0.05228,000.00003815,000.00881314,000.00938797,000.14695516,000.23
Tournament (k=2),Arithmetic,Uniform,0.76642,0.03378,000.00013351,000.24422579,000.11995888,000.53689247,000.22
Tournament (k=2),Blend,Gaussian,0.40000,0.03378,000.00000000,000.00034289,000.00015640,000.01468159,000.23
Tournament (k=2),Blend,Gaussian,0.41200,0.02000,000.00000000,000.00086727,000.00059319,000.19909663,000.21
Tournament (k=2),Arithmetic,Uniform,0.70139,0.17762,000.07285309,001.12230992,001.25979996,000.94382846,000.30
Tournament (k=2),Blend,Gaussian,0.41200,0.06226,000.00000000,000.00003710,000.00002289,000.00274847,000.22
Tournament (k=2),Arithmetic,Uniform,0.88849,0.07415,000.00001907,000.00324178,000.00356293,000.10250653,000.19
Tournament (k=2),Blend,Gaussian,0.40000,0.10516,000.00001907,000.00219655,000.00179672,000.02263109,000.31
Tournament (k=2),Arithmetic,Uniform,0.64187,0.03095,000.00009918,000.04402776,000.04137611,000.35188672,000.22
Tournament (k=2),Arithmetic,Uniform,0.97087,0.10516,000.00088501,000.05211787,000.04744720,000.36704659,000.27
Tournament (k=2),Arithmetic,Uniform,0.60503,0.03095,000.00024033,000.08007808,000.08454704,000.32123181,000.16
Tournament (k=2),Arithmetic,Uniform,1.00000,0.06226,000.00000000,000.00181251,000.00088882,000.07635387,000.18
Tournament (k=2),Arithmetic,Uniform,0.81310,0.03378,000.00012970,000.24539371,000.12235641,000.58562398,000.22
Tournament (k=2),Arithmetic,Uniform,0.91514,0.04023,000.00003052,000.08303642,000.05762100,000.59724408,000.23
Tournament (k=2),Arithmetic,Uniform,0.86261,0.10516,000.00024796,000.04852376,000.05423164,000.31321314,000.27
Tournament (k=2),Arithmetic,Uniform,0.88849,0.02000,000.00017166,000.45997468,000.54032326,000.74337471,000.16
Tournament (k=2),Arithmetic,Uniform,1.00000,0.02000,000.00012207,000.53286934,000.70719910,000.83931601,000.22
Tournament (k=2),Blend,Gaussian,0.42436,0.03686,000.00000000,000.00022964,000.00010109,000.09928157,000.20
Tournament (k=2),Arithmetic,Uniform,0.64187,0.25191,000.07862854,001.71280611,001.99418831,001.01242995,000.32
Tournament (k=2),Arithmetic,Uniform,0.58741,0.05705,000.00003052,000.00970621,000.00878143,000.20242053,000.23
Tournament (k=2),Arithmetic,Uniform,0.58741,0.19383,000.09091568,001.24438417,001.51286125,000.86049598,000.24
Tournament (k=2),Arithmetic,Uniform,0.78941,0.06226,000.00001144,000.00612631,000.00503159,000.20031632,000.24
Tournament (k=2),Arithmetic,Uniform,0.62318,0.14915,000.01449966,000.54905635,000.67031097,000.72578883,000.23
Tournament (k=2),Blend,Gaussian,0.41200,0.19383,000.01540375,000.29524645,000.31099319,000.48937103,000.37
Tournament (k=2),Blend,Gaussian,0.40000,0.03686,000.00000000,000.00037560,000.00020409,000.00780690,000.27
Tournament (k=2),Arithmetic,Uniform,0.74410,0.02000,000.00276184,000.45788664,000.57144737,000.70041484,000.16
Tournament (k=2),Arithmetic,Uniform,0.57030,0.30000,000.17786407,002.10536194,002.50590134,001.04811490,000.27
Tournament (k=2),Arithmetic,Uniform,0.88849,0.02183,000.01474762,000.70312256,001.01305008,000.79715621,000.16
Tournament (k=2),Arithmetic,Uniform,0.70139,0.06226,000.00000381,000.00524435,000.00355911,000.22115453,000.23
Tournament (k=2),Arithmetic,Uniform,1.00000,0.06795,000.00001526,000.00141854,000.00134087,000.03360949,000.19
Tournament (k=2),Arithmetic,Uniform,0.70139,0.19383,000.11904907,001.22164285,001.46060944,000.90073329,000.30
Tournament (k=2),Arithmetic,Uniform,0.55369,0.02183,000.00022888,000.16078439,000.17066383,000.50690633,000.16
Tournament (k=2),Arithmetic,Uniform,0.88849,0.19383,000.06700134,001.27174771,001.41411591,000.98202252,000.24
Tournament (k=2),Arithmetic,Uniform,0.52190,0.19383,000.07005692,001.19440579,001.46051407,000.81461906,000.29
Tournament (k=2),Arithmetic,Uniform,0.57030,0.08092,000.00001907,000.00276780,000.00247955,000.17539895,000.24
Tournament (k=2),Arithmetic,Uniform,0.94259,0.06226,000.00000000,000.00167446,000.00113869,000.13494372,000.24
Tournament (k=2),Arithmetic,Uniform,1.00000,0.02183,000.00487518,000.54690200,001.00764084,000.77277553,000.21
Tournament (k=2),Arithmetic,Uniform,0.81310,0.10516,000.00267029,000.03665767,000.04046249,000.28482145,000.26
Tournament (k=2),Arithmetic,Uniform,0.74410,0.02183,000.00103760,000.28105173,000.21630669,000.57759553,000.16
Tournament (k=2),Arithmetic,Uniform,0.94259,0.21153,000.01589966,001.38443196,001.57531738,000.95283437,000.24
Tournament (k=2),Arithmetic,Uniform,0.78941,0.06795,000.00000381,000.00399761,000.00380707,000.10450115,000.27
Tournament (k=2),Arithmetic,Uniform,0.91514,0.12524,000.00619888,000.21451445,000.19784164,000.52977663,000.23
Tournament (k=2),Arithmetic,Uniform,0.58741,0.02000,000.00000000,000.29913527,000.29841232,000.52964467,000.18
Tournament (k=2),Arithmetic,Uniform,0.88849,0.02382,000.00264740,000.51621646,000.99392700,000.61644137,000.19
Tournament (k=2),Arithmetic,Uniform,0.66113,0.14915,000.02359009,000.52686512,000.61588287,000.72874147,000.30
Tournament (k=2),Arithmetic,Uniform,0.86261,0.03686,000.00016022,000.19319730,000.09283257,000.65655512,000.18
Tournament (k=2),Arithmetic,Uniform,0.81310,0.30000,000.22594833,002.55365872,002.94311333,001.19351244,000.33
Tournament (k=2),Blend,Gaussian,0.42436,0.11476,000.00004578,000.00753884,000.00849915,000.10208064,000.32
Tournament (k=2),Arithmetic,Uniform,0.62318,0.05705,000.00001526,000.00782280,000.00781250,000.17700136,000.24
Tournament (k=2),Arithmetic,Uniform,0.60503,0.30000,000.62188721,002.34783673,002.55743408,000.96302170,000.32
Tournament (k=2),Arithmetic,Uniform,0.60503,0.09637,000.00005341,000.01335874,000.01252937,000.16077220,000.22
Tournament (k=2),Arithmetic,Uniform,0.70139,0.06795,000.00001526,000.00199547,000.00176239,000.03505809,000.26
Tournament (k=2),Arithmetic,Uniform,0.68096,0.03686,000.00005722,000.05278869,000.04591751,000.40126365,000.23
Tournament (k=2),Arithmetic,Uniform,0.50670,0.09637,000.00006866,000.01266837,000.00839615,000.07499624,000.21
Tournament (k=2),Blend,Gaussian,0.43709,0.02183,000.00000000,000.00130563,000.00052643,000.19457774,000.24
Tournament (k=2),Arithmetic,Uniform,0.72243,0.08830,000.00000381,000.00722728,000.00557518,000.14008597,000.26
Tournament (k=2),Arithmetic,Uniform,0.94259,0.06795,000.00000000,000.00145311,000.00087929,000.07486265,000.25
Tournament (k=2),Arithmetic,Uniform,0.97087,0.03686,000.00003052,000.25229961,000.11749268,000.62210935,000.17
Tournament (k=2),Arithmetic,Uniform,0.68096,0.10516,000.00225067,000.03893108,000.04143906,000.30264401,000.22
Tournament (k=2),Blend,Gaussian,0.43709,0.06795,000.00000000,000.00001583,000.00000763,000.00101637,000.24
Tournament (k=2),Arithmetic,Uniform,0.78941,0.17762,000.05350494,001.13663447,001.41093826,000.76070136,000.29
Tournament (k=2),Arithmetic,Uniform,0.70139,0.02183,000.00097656,000.31225818,000.30968475,000.59798694,000.21
Tournament (k=2),Arithmetic,Uniform,0.83749,0.06226,000.00000000,000.00289102,000.00191879,000.19532019,000.20
Tournament (k=2),Arithmetic,Uniform,0.88849,0.02599,000.00016785,000.42531729,000.39053726,000.81610286,000.22
Tournament (k=2),Arithmetic,Uniform,0.91514,0.13667,000.00337982,000.39793247,000.34256172,000.62108845,000.26
Tournament (k=2),Arithmetic,Uniform,0.88849,0.08092,000.00009918,000.00384660,000.00325012,000.02543351,000.19
Tournament (k=2),Blend,Gaussian,0.41200,0.02183,000.00000000,000.00133176,000.00055313,000.22808774,000.22
Tournament (k=2),Arithmetic,Uniform,0.55369,0.17762,000.03775787,000.83960879,001.06076431,000.77160591,000.30
Tournament (k=2),Arithmetic,Uniform,0.74410,0.06226,000.00000000,000.00364256,000.00241470,000.26081249,000.24
Tournament (k=2),Arithmetic,Uniform,0.60503,0.10516,000.00057220,000.03817201,000.03239059,000.28476819,000.24
Tournament (k=2),Blend,Gaussian,0.43709,0.02382,000.00000000,000.00089865,000.00033379,000.17385952,000.23
Tournament (k=2),Blend,Gaussian,0.42436,0.12524,000.00066376,000.02781048,000.03166962,000.13745768,000.31
Tournament (k=2),Arithmetic,Uniform,0.60503,0.03378,000.00001526,000.06442022,000.06267548,000.41807622,000.22
Tournament (k=2),Blend,Gaussian,0.41200,0.06795,000.00000000,000.00002875,000.00000763,000.00171384,000.27
Tournament (k=2),Arithmetic,Uniform,0.76642,0.10516,000.00061798,000.04393125,000.03584862,000.31943768,000.21
Tournament (k=2),Blend,Gaussian,0.40000,0.11476,000.00003433,000.00619035,000.00575066,000.04606070,000.27
Tournament (k=2),Arithmetic,Uniform,0.97087,0.11476,000.00109863,000.07094403,000.07445526,000.39980701,000.27
Tournament (k=2),Blend,Gaussian,0.43709,0.21153,000.03091049,000.43666801,000.46539307,000.45007235,000.40
Tournament (k=2),Arithmetic,Uniform,0.68096,0.11476,000.00276184,000.08824968,000.07258034,000.38965681,000.25
Tournament (k=2),Arithmetic,Uniform,0.86261,0.11476,000.00358582,000.08688460,000.06934166,000.38935509,000.21
Tournament (k=2),Arithmetic,Uniform,0.91514,0.04390,000.00005722,000.04903197,000.03741455,000.50358945,000.23
Tournament (k=2),Blend,Gaussian,0.43709,0.07415,000.00000000,000.00003476,000.00002289,000.00147634,000.27
Tournament (k=2),Blend,Gaussian,0.42436,0.04023,000.00000000,000.00011501,000.00002289,000.00691305,000.20
Tournament (k=2),Arithmetic,Uniform,0.78941,0.19383,000.00835419,001.31096804,001.43858719,000.98238456,000.30
Tournament (k=2),Arithmetic,Uniform,0.83749,0.21153,000.14691162,001.49389172,001.61629868,000.83359540,000.24
Tournament (k=2),Arithmetic,Uniform,1.00000,0.07415,000.00000000,000.00167933,000.00202751,000.04905718,000.18
Tournament (k=2),Arithmetic,Uniform,0.76642,0.30000,000.19859695,002.25205684,002.50632477,001.07995892,000.31
Tournament (k=2),Arithmetic,Uniform,0.58741,0.06226,000.00003815,000.00491352,000.00454903,000.04741560,000.23
Tournament (k=2),Blend,Gaussian,0.45020,0.04023,000.00000000,000.00008941,000.00002289,000.00425908,000.21
Tournament (k=2),Arithmetic,Uniform,0.57030,0.03095,000.00022507,000.07542777,000.07040405,000.33879724,000.22
Tournament (k=2),Arithmetic,Uniform,0.74410,0.21153,000.18217468,001.37966061,001.56671143,000.91911769,000.25
Tournament (k=2),Blend,Gaussian,0.40000,0.04023,000.00000000,000.00034986,000.00020981,000.09915004,000.24
Tournament (k=2),Arithmetic,Uniform,0.58741,0.21153,000.03533173,001.34918082,001.67173958,000.92006183,000.30
Tournament (k=2),Arithmetic,Uniform,0.64187,0.27490,000.15516663,002.07987738,002.44404793,001.12839627,000.33
Tournament (k=2),Arithmetic,Uniform,0.88849,0.21153,000.06312561,001.40725279,001.65573692,001.04486394,000.25
Tournament (k=2),Arithmetic,Uniform,0.74410,0.02382,000.00025177,000.39778513,000.43207932,000.56420410,000.17
Tournament (k=2),Arithmetic,Uniform,0.66113,0.06795,000.00001907,000.00267849,000.00204086,000.10998283,000.25
Tournament (k=2),Arithmetic,Uniform,0.60503,0.03686,000.00003815,000.03837185,000.02873802,000.25210562,000.30
Tournament (k=2),Arithmetic,Uniform,0.57030,0.08830,000.00004578,000.00517168,000.00383949,000.05821365,000.26
Tournament (k=2),Arithmetic,Uniform,1.00000,0.02382,000.00419617,000.46984845,000.48832130,000.73918539,000.24
Tournament (k=2),Blend,Gaussian,0.42436,0.04390,000.00000000,000.00011578,000.00004196,000.00399202,000.24
Tournament (k=2),Arithmetic,Uniform,0.70139,0.21153,000.04907608,001.53996336,001.87223434,000.88123888,000.32
Tournament (k=2),Blend,Gaussian,0.41200,0.21153,000.02775192,000.39861354,000.44083405,000.51377416,000.37
Tournament (k=2),Arithmetic,Uniform,0.94259,0.23084,000.05809021,001.77022719,002.09921074,000.89223087,000.25
Tournament (k=2),Arithmetic,Uniform,0.86261,0.12524,000.01758575,000.33131963,000.22989464,000.67428088,000.33
Tournament (k=2),Arithmetic,Uniform,0.58741,0.02183,000.00006866,000.21887898,000.21446609,000.47019470,000.16
Tournament (k=2),Arithmetic,Uniform,0.94259,0.02000,000.00460815,000.59352118,000.81505203,000.79757434,000.17
Tournament (k=2),Arithmetic,Uniform,1.00000,0.08092,000.00000381,000.00591168,000.00590897,000.03509647,000.22
Tournament (k=2),Arithmetic,Uniform,0.83749,0.23084,000.20165253,001.77645075,002.14014816,000.97793722,000.30
Tournament (k=2),Arithmetic,Uniform,0.78941,0.02000,000.00138855,000.34498835,000.31227493,000.57997060,000.21
Tournament (k=2),Arithmetic,Uniform,0.76642,0.03686,000.00001526,000.05537915,000.06345558,000.42740309,000.17
Tournament (k=2),Arithmetic,Uniform,0.62318,0.02000,000.00226593,000.41287374,000.41669655,000.56077588,000.17
Tournament (k=2),Arithmetic,Uniform,0.83749,0.02000,000.00154877,000.41551971,000.39885902,000.74923235,000.22
Tournament (k=2),Arithmetic,Uniform,0.74410,0.23084,000.02241516,001.62132573,001.94367981,000.94025761,000.28
Tournament (k=2),Arithmetic,Uniform,0.62318,0.06226,000.00003433,000.00704918,000.00577545,000.16596971,000.20
Tournament (k=2),Blend,Gaussian,0.46371,0.02382,000.00000000,000.00054126,000.00012589,000.21334244,000.25
Tournament (k=2),Arithmetic,Uniform,0.58741,0.23084,000.01135254,001.73500633,002.13051796,000.97383720,000.27
Tournament (k=2),Blend,Gaussian,0.45020,0.12524,000.00058746,000.02875352,000.03180885,000.13527289,000.35
Tournament (k=2),Arithmetic,Uniform,0.64187,0.03378,000.00003815,000.08001800,000.07338905,000.30738825,000.18
Tournament (k=2),Blend,Gaussian,0.40000,0.04390,000.00000000,000.00015254,000.00008202,000.00215099,000.33
Tournament (k=2),Blend,Gaussian,0.46371,0.07415,000.00000000,000.00001454,000.00001144,000.00213817,000.29
Tournament (k=2),Blend,Gaussian,0.47762,0.04390,000.00000000,000.00005083,000.00001335,000.09898097,000.26
Tournament (k=2),Arithmetic,Uniform,0.50670,0.10516,000.00013733,000.02448029,000.02811432,000.21527077,000.21
Tournament (k=2),Arithmetic,Uniform,0.68096,0.04023,000.00005341,000.04816613,000.04095840,000.36094511,000.22
Tournament (k=2),Arithmetic,Uniform,1.00000,0.19383,000.01934814,001.27678800,001.48281670,000.83473808,000.24
Tournament (k=2),Arithmetic,Uniform,0.70139,0.07415,000.00000763,000.00197825,000.00204659,000.04133356,000.25
Tournament (k=2),Blend,Gaussian,0.49195,0.02599,000.00000000,000.00011439,000.00003052,000.16961586,000.24
Tournament (k=2),Arithmetic,Uniform,0.97087,0.04023,000.00001907,000.06267629,000.03983116,000.45767552,000.18
Tournament (k=2),Arithmetic,Uniform,0.72243,0.09637,000.00077057,000.02170033,000.01488876,000.22567236,000.26
Tournament (k=2),Blend,Gaussian,0.46371,0.23084,000.07616043,000.72605848,000.86288261,000.71196032,000.41
Tournament (k=2),Arithmetic,Uniform,0.88849,0.02837,000.00050354,000.39836296,000.31838608,000.74647886,000.17
Tournament (k=2),Blend,Gaussian,0.49195,0.08092,000.00000000,000.00003710,000.00003052,000.01705609,000.29
Tournament (k=2),Arithmetic,Uniform,0.70139,0.02382,000.00031662,000.26283160,000.24419975,000.51952469,000.21
Tournament (k=2),Arithmetic,Uniform,0.83749,0.06795,000.00000763,000.00184445,000.00224876,000.11050250,000.20
Tournament (k=2),Arithmetic,Uniform,0.81310,0.03686,000.00019073,000.14476180,000.06965256,000.52596611,000.22
Tournament (k=2),Arithmetic,Uniform,0.94259,0.07415,000.00000763,000.00231304,000.00187302,000.07366713,000.25
Tournament (k=2),Arithmetic,Uniform,0.88849,0.08830,000.00014114,000.00969100,000.00967979,000.16252454,000.20
Tournament (k=2),Blend,Gaussian,0.47762,0.13667,000.00414276,000.07197352,000.07493401,000.27156049,000.41
Tournament (k=2),Arithmetic,Uniform,0.91514,0.14915,000.02065277,000.60703701,000.70598602,000.68752831,000.23
Tournament (k=2),Blend,Gaussian,0.41200,0.02382,000.00000000,000.00243406,000.00066757,000.02895146,000.23
Tournament (k=2),Arithmetic,Uniform,0.60503,0.11476,000.00243378,000.06735973,000.05876732,000.31112325,000.22
Tournament (k=2),Blend,Gaussian,0.43709,0.02599,000.00000000,000.00037642,000.00010300,000.09957571,000.23
Tournament (k=2),Blend,Gaussian,0.47762,0.04791,000.00000000,000.00001793,000.00000000,000.00511594,000.26
Tournament (k=2),Blend,Gaussian,0.41200,0.07415,000.00000000,000.00001826,000.00001144,000.00065970,000.23
Tournament (k=2),Arithmetic,Uniform,0.62318,0.16276,000.05054855,000.71113282,000.99555969,000.83280295,000.24
Tournament (k=2),Arithmetic,Uniform,0.55369,0.19383,000.06400681,001.19119549,001.42527580,000.84280193,000.30
Tournament (k=2),Blend,Gaussian,0.49195,0.02837,000.00000000,000.00027065,000.00006485,000.09983560,000.25
Tournament (k=2),Arithmetic,Uniform,0.83749,0.07415,000.00001144,000.00277495,000.00286293,000.09194858,000.20
Tournament (k=2),Arithmetic,Uniform,0.68096,0.12524,000.00519943,000.21632776,000.15852356,000.49677002,000.22
Tournament (k=2),Arithmetic,Uniform,0.70139,0.02599,000.00016022,000.19230075,000.13463402,000.49094489,000.22
Tournament (k=2),Blend,Gaussian,0.42436,0.13667,000.00193024,000.04221969,000.04759407,000.13626374,000.34
Tournament (k=2),Arithmetic,Uniform,0.97087,0.12524,000.00906372,000.17520404,000.17342186,000.51836854,000.25
Tournament (k=2),Blend,Gaussian,0.43709,0.08092,000.00000000,000.00006375,000.00004578,000.00105204,000.24
Tournament (k=2),Blend,Gaussian,0.45020,0.04390,000.00000000,000.00006118,000.00002289,000.09960181,000.21
Tournament (k=2),Blend,Gaussian,0.40000,0.12524,000.00024796,000.02357421,000.02372551,000.18055280,000.32
Tournament (k=2),Arithmetic,Uniform,0.81310,0.11476,000.00198364,000.09705620,000.08964348,000.54290229,000.27
Tournament (k=2),Arithmetic,Uniform,0.86261,0.04023,000.00016785,000.05817170,000.03605461,000.48097023,000.17
Tournament (k=2),Arithmetic,Uniform,0.91514,0.16276,000.01642609,000.75907886,001.05391884,000.79457599,000.24
Tournament (k=2),Arithmetic,Uniform,0.78941,0.07415,000.00000000,000.00185366,000.00083542,000.12612735,000.25
Tournament (k=2),Arithmetic,Uniform,0.78941,0.21153,000.01603317,001.43952584,001.75360107,001.04603314,000.29
Tournament (k=2),Blend,Gaussian,0.41200,0.02599,000.00000000,000.00044775,000.00020790,000.09933534,000.23
Tournament (k=2),Arithmetic,Uniform,0.74410,0.02599,000.00032043,000.30218560,000.19501877,000.68557376,000.16
Tournament (k=2),Blend,Gaussian,0.43709,0.23084,000.06341171,000.72250688,000.82384682,000.64733446,000.39
Tournament (k=2),Arithmetic,Uniform,0.64187,0.10516,000.00161362,000.03530550,000.03045654,000.14997657,000.26
Tournament (k=2),Arithmetic,Uniform,0.62318,0.17762,000.03731537,000.89022684,001.19344521,000.79748785,000.28
Tournament (k=2),Arithmetic,Uniform,0.66113,0.16276,000.05303192,000.88455474,001.14955139,000.86344784,000.29
Tournament (k=2),Arithmetic,Uniform,0.60503,0.04023,000.00004959,000.03416247,000.02825928,000.28357083,000.22
Tournament (k=2),Arithmetic,Uniform,0.88849,0.23084,000.08170700,001.83569300,002.19472122,001.06802559,000.24
Tournament (k=2),Blend,Gaussian,0.42436,0.04791,000.00000000,000.00009027,000.00002289,000.00530364,000.20
Tournament (k=2),Arithmetic,Uniform,0.55369,0.21153,000.13844299,001.32313514,001.51836014,000.93633044,000.31
Tournament (k=2),Arithmetic,Uniform,0.66113,0.07415,000.00000000,000.00317106,000.00186157,000.11893826,000.24
Tournament (k=2),Arithmetic,Uniform,0.94259,0.02183,000.00360870,000.40751800,000.28702164,000.72533405,000.16
Tournament (k=2),Arithmetic,Uniform,0.58741,0.02382,000.00020599,000.14911699,000.11587906,000.45557016,000.18
Tournament (k=2),Arithmetic,Uniform,0.57030,0.09637,000.00000381,000.01326370,000.01352119,000.17222224,000.26
Tournament (k=2),Arithmetic,Uniform,0.97087,0.13667,000.00526047,000.38764200,000.41379166,000.66899091,000.27
Tournament (k=2),Arithmetic,Uniform,0.74410,0.02837,000.00024033,000.15474382,000.10165024,000.58136165,000.17
Tournament (k=2),Arithmetic,Uniform,0.94259,0.25191,000.06558990,001.88712382,002.23974609,001.08605087,000.25
Tournament (k=2),Arithmetic,Uniform,0.78941,0.08092,000.00002670,000.00316019,000.00244713,000.07134030,000.25
Tournament (k=2),Arithmetic,Uniform,0.86261,0.13667,000.00651550,000.43218726,000.42429352,000.54200101,000.28
Tournament (k=2),Arithmetic,Uniform,0.83749,0.25191,000.14350891,001.94804001,002.26969337,001.08379722,000.25
Tournament (k=2),Arithmetic,Uniform,0.70139,0.23084,000.07464981,001.63305449,002.10608673,001.09590709,000.30
Tournament (k=2),Arithmetic,Uniform,0.62318,0.02183,000.00047302,000.12832780,000.10772705,000.41951728,000.21
Tournament (k=2),Blend,Gaussian,0.41200,0.23084,000.01105499,000.51178676,000.53353500,000.58894402,000.33
Tournament (k=2),Arithmetic,Uniform,0.83749,0.02183,000.00026703,000.44666615,000.44583321,000.69607252,000.21
Tournament (k=2),Blend,Gaussian,0.42436,0.05228,000.00000000,000.00008645,000.00002098,000.00308891,000.21
Tournament (k=2),Arithmetic,Uniform,0.74410,0.25191,000.31909943,001.80766416,002.06764793,001.09097004,000.25
Tournament (k=2),Arithmetic,Uniform,0.64187,0.03686,000.00003433,000.04733915,000.04714012,000.31361783,000.22
Tournament (k=2),Arithmetic,Uniform,0.62318,0.06795,000.00000381,000.00213885,000.00171852,000.03152263,000.24
Tournament (k=2),Arithmetic,Uniform,0.88849,0.25191,000.12455750,001.92547286,002.28141022,001.02929747,000.25
Tournament (k=2),Blend,Gaussian,0.40000,0.04791,000.00000000,000.00007081,000.00003433,000.00318575,000.25
Tournament (k=2),Blend,Gaussian,0.46371,0.08092,000.00000000,000.00005593,000.00003815,000.00168209,000.24
Tournament (k=2),Arithmetic,Uniform,0.74410,0.06795,000.00000763,000.00183539,000.00092697,000.03852496,000.24
Tournament (k=2),Arithmetic,Uniform,0.97087,0.14915,000.00531006,000.58054972,000.75334358,000.68965995,000.24
Tournament (k=2),Arithmetic,Uniform,0.97087,0.04390,000.00001526,000.07796707,000.03663063,000.45200294,000.17
Tournament (k=2),Arithmetic,Uniform,0.68096,0.04390,000.00007629,000.02092743,000.01548195,000.37823987,000.22
Tournament (k=2),Blend,Gaussian,0.43709,0.25191,000.04323959,000.67631125,000.85816956,000.63542557,000.39
Tournament (k=2),Arithmetic,Uniform,0.76642,0.11476,000.00264740,000.11632810,000.07283211,000.46050227,000.21
Tournament (k=2),Arithmetic,Uniform,0.70139,0.08092,000.00001144,000.00234709,000.00210190,000.10111158,000.25
Tournament (k=2),Arithmetic,Uniform,0.62318,0.02382,000.00035477,000.27357936,000.25565147,000.51889354,000.22
Tournament (k=2),Arithmetic,Uniform,0.83749,0.02382,000.00018311,000.35944396,000.27799225,000.66069126,000.20
Tournament (k=2),Arithmetic,Uniform,0.88849,0.03095,000.00008011,000.29158419,000.17402267,000.63007587,000.16
Tournament (k=2),Arithmetic,Uniform,1.00000,0.21153,000.09427261,001.43277466,001.73582458,000.98905474,000.30
Tournament (k=2),Arithmetic,Uniform,0.70139,0.25191,000.17852402,001.83913612,002.27415466,001.10635674,000.30
Tournament (k=2),Arithmetic,Uniform,0.88849,0.09637,000.00014114,000.01788354,000.01699257,000.26790047,000.20
Tournament (k=2),Arithmetic,Uniform,0.72243,0.03686,000.00007629,000.05688920,000.06538391,000.42716914,000.22
Tournament (k=2),Blend,Gaussian,0.49195,0.25191,000.03374863,000.84905875,001.11307526,000.73013854,000.46
Tournament (k=2),Arithmetic,Uniform,0.74410,0.07415,000.00000000,000.00202522,000.00171089,000.04646607,000.19
Tournament (k=2),Arithmetic,Uniform,0.81310,0.04023,000.00049591,000.12516007,000.09927368,000.55623305,000.23
Tournament (k=2),Arithmetic,Uniform,0.91514,0.04791,000.00003052,000.04476504,000.02800179,000.62966383,000.23
Tournament (k=2),Arithmetic,Uniform,0.94259,0.08092,000.00009155,000.00355377,000.00297165,000.04494486,000.25
Tournament (k=2),Blend,Gaussian,0.49195,0.08830,000.00000000,000.00030551,000.00030708,000.00716202,000.29
Tournament (k=2),Blend,Gaussian,0.46371,0.08830,000.00000000,000.00018358,000.00011635,000.02534246,000.25
Tournament (k=2),Arithmetic,Uniform,0.57030,0.03378,000.00098038,000.05310841,000.05000114,000.37032208,000.21
Tournament (k=2),Blend,Gaussian,0.41200,0.25191,000.04002380,000.56731695,000.59859276,000.56208879,000.36
Tournament (k=2),Arithmetic,Uniform,0.58741,0.06795,000.00001144,000.00466552,000.00447464,000.09574415,000.23
Tournament (k=2),Arithmetic,Uniform,0.60503,0.12524,000.00257874,000.16534023,000.15499878,000.41138977,000.22
Tournament (k=2),Arithmetic,Uniform,0.76642,0.12524,000.00731659,000.28032845,000.22957230,000.55014277,000.23
Tournament (k=2),Blend,Gaussian,0.49195,0.03095,000.00000000,000.00012832,000.00001907,000.02581496,000.20
Tournament (k=2),Arithmetic,Uniform,0.70139,0.08830,000.00014496,000.00464506,000.00391579,000.17211522,000.26
Tournament (k=2),Blend,Gaussian,0.41200,0.08092,000.00000000,000.00005975,000.00003624,000.00167787,000.25
Tournament (k=2),Blend,Gaussian,0.47762,0.05228,000.00000000,000.00001254,000.00000381,000.00381751,000.26
Tournament (k=2),Arithmetic,Uniform,0.83749,0.08092,000.00002289,000.00573635,000.00594330,000.15232515,000.19
Tournament (k=2),Arithmetic,Uniform,0.70139,0.02837,000.00006485,000.10131288,000.10661888,000.39429951,000.21
Tournament (k=2),Arithmetic,Uniform,0.68096,0.13667,000.00328827,000.31830844,000.25960350,000.59530574,000.23
Tournament (k=2),Arithmetic,Uniform,1.00000,0.02599,000.00376892,000.41617411,000.36775589,000.68786061,000.22
Tournament (k=2),Arithmetic,Uniform,0.86261,0.04390,000.00010300,000.05190225,000.04279518,000.41648093,000.17
Tournament (k=2),Arithmetic,Uniform,0.64187,0.30000,000.34222794,002.33816004,002.68680763,001.20365417,000.32
Tournament (k=2),Arithmetic,Uniform,1.00000,0.23084,000.09032440,001.44558001,001.64506912,001.04850173,000.30
Tournament (k=2),Blend,Gaussian,0.43709,0.08830,000.00000000,000.00015936,000.00010872,000.01675399,000.24
Tournament (k=2),Blend,Gaussian,0.45020,0.04791,000.00000000,000.00006542,000.00002480,000.00212245,000.21
Tournament (k=2),Arithmetic,Uniform,1.00000,0.08830,000.00010681,000.00906529,000.00984764,000.10786199,000.20
Tournament (k=2),Arithmetic,Uniform,0.76642,0.04023,000.00004578,000.07798634,000.04921532,000.51334566,000.17
Tournament (k=2),Arithmetic,Uniform,0.81310,0.12524,000.00328445,000.25138646,000.22383881,000.60614520,000.28
Tournament (k=2),Arithmetic,Uniform,0.78941,0.02183,000.00843430,000.46411818,000.56244278,000.70740813,000.20
Tournament (k=2),Blend,Gaussian,0.41200,0.02837,000.00000000,000.00118299,000.00053787,000.14468417,000.23
Tournament (k=2),Blend,Gaussian,0.42436,0.14915,000.00520706,000.09384117,000.10553551,000.25049037,000.34
Tournament (k=2),Blend,Gaussian,0.40000,0.13667,000.00046539,000.04383349,000.04809189,000.11410248,000.33
Tournament (k=2),Arithmetic,Uniform,0.78941,0.23084,000.11900711,001.54881728,001.82955170,001.01961982,000.30
Tournament (k=2),Arithmetic,Uniform,0.83749,0.08830,000.00006104,000.00766988,000.00794792,000.16821155,000.21
Tournament (k=2),Arithmetic,Uniform,0.86261,0.04791,000.00001144,000.03360023,000.01913834,000.42500970,000.18
Tournament (k=2),Arithmetic,Uniform,0.94259,0.02382,000.00212097,000.48788324,000.37094879,000.71761632,000.16
Tournament (k=2),Arithmetic,Uniform,0.62318,0.19383,000.06826401,001.19597411,001.40576744,000.88189179,000.25
Tournament (k=2),Arithmetic,Uniform,0.66113,0.02000,000.00074005,000.30627379,000.23659897,000.62268806,000.20
Tournament (k=2),Arithmetic,Uniform,0.70139,0.03095,000.00045013,000.10729112,000.08924294,000.48111314,000.22
Tournament (k=2),Arithmetic,Uniform,1.00000,0.02837,000.00014114,000.32950354,000.24267197,000.66186118,000.22
Tournament (k=2),Blend,Gaussian,0.41200,0.27490,000.05825806,000.92525434,001.15067673,000.65987283,000.41
Tournament (k=2),Blend,Gaussian,0.41200,0.08830,000.00000000,000.00017467,000.00014877,000.00259036,000.32
Tournament (k=2),Arithmetic,Uniform,0.68096,0.14915,000.00998306,000.52408016,000.48717499,000.89714599,000.26
Tournament (k=2),Blend,Gaussian,0.50670,0.04791,000.00000000,000.00001698,000.00000191,000.09897272,000.24
Tournament (k=2),Arithmetic,Uniform,0.66113,0.08092,000.00001144,000.00274439,000.00192642,000.14279962,000.24
Tournament (k=2),Arithmetic,Uniform,0.74410,0.03095,000.00009918,000.07861300,000.07003403,000.47039789,000.16
Tournament (k=2),Arithmetic,Uniform,0.78941,0.08830,000.00004578,000.00699639,000.00656891,000.12283711,000.21
Tournament (k=2),Arithmetic,Uniform,1.00000,0.25191,000.22297287,001.93695664,002.28936577,000.95143926,000.32
Tournament (k=2),Arithmetic,Uniform,0.94259,0.27490,000.07427597,002.09470725,002.32294464,001.20044184,000.25
Tournament (k=2),Arithmetic,Uniform,0.57030,0.10516,000.00036240,000.03027787,000.02807236,000.27527720,000.27
Tournament (k=2),Blend,Gaussian,0.50670,0.14915,000.00761414,000.15641589,000.17351532,000.32535291,000.31
Tournament (k=2),Arithmetic,Uniform,0.83749,0.27490,000.25901031,002.03543091,002.41900253,001.01498485,000.25
Tournament (k=2),Arithmetic,Uniform,0.64187,0.04023,000.00011444,000.03421383,000.03365135,000.30122700,000.22
Tournament (k=2),Blend,Gaussian,0.42436,0.05705,000.00000000,000.00004182,000.00002289,000.00343091,000.24
Tournament (k=2),Arithmetic,Uniform,0.72243,0.10516,000.00005341,000.05337601,000.04563713,000.36662027,000.26
Tournament (k=2),Arithmetic,Uniform,0.86261,0.14915,000.02953720,000.58633959,000.62283707,000.75013852,000.29
Tournament (k=2),Arithmetic,Uniform,0.74410,0.27490,000.06362915,002.18442869,002.63177681,001.16671562,000.25
Tournament (k=2),Arithmetic,Uniform,0.62318,0.07415,000.00000000,000.00234365,000.00174904,000.18284747,000.24
Tournament (k=2),Arithmetic,Uniform,0.97087,0.04791,000.00000381,000.02073827,000.01318741,000.39254761,000.18
Tournament (k=2),Blend,Gaussian,0.41200,0.09637,000.00000763,000.00039601,000.00037193,000.00559666,000.28
Tournament (k=2),Arithmetic,Uniform,0.83749,0.02599,000.00003815,000.31301466,000.22306061,000.74572760,000.16
Tournament (k=2),Arithmetic,Uniform,0.68096,0.04791,000.00000763,000.01661673,000.01160431,000.31042171,000.23
Tournament (k=2),Arithmetic,Uniform,0.88849,0.27490,000.32882690,002.00057268,002.38629532,001.03651679,000.32
Tournament (k=2),Arithmetic,Uniform,0.97087,0.16276,000.00755310,000.71034837,000.98334503,000.81165099,000.29
Tournament (k=2),Blend,Gaussian,0.43709,0.02837,000.00000000,000.00032892,000.00013161,000.01787422,000.23
Tournament (k=2),Blend,Gaussian,0.47762,0.14915,000.01064682,000.11645307,000.12312317,000.37954941,000.31
Tournament (k=2),Arithmetic,Uniform,0.88849,0.03378,000.00010300,000.18897977,000.11804390,000.61693925,000.16
Tournament (k=2),Arithmetic,Uniform,0.62318,0.02599,000.00013733,000.09736629,000.08872032,000.48534638,000.21
Tournament (k=2),Blend,Gaussian,0.46371,0.25191,000.08594894,000.78026086,001.07071304,000.66116828,000.40
Tournament (k=2),Arithmetic,Uniform,0.88849,0.10516,000.00254059,000.05150170,000.04852486,000.30597454,000.20
Tournament (k=2),Blend,Gaussian,0.41200,0.30000,000.06710815,000.87520856,001.04557228,000.68785554,000.40
Tournament (k=2),Arithmetic,Uniform,0.64187,0.04390,000.00005341,000.02144456,000.02077866,000.23562416,000.23
Tournament (k=2),Arithmetic,Uniform,0.72243,0.04023,000.00003433,000.04025078,000.03562546,000.29970592,000.22
Tournament (k=2),Arithmetic,Uniform,0.91514,0.05228,000.00000000,000.01195612,000.00575447,000.47703546,000.24
Tournament (k=2),Arithmetic,Uniform,0.74410,0.30000,000.22259521,002.42259765,002.78499413,001.24109864,000.26
Tournament (k=2),Arithmetic,Uniform,0.62318,0.08092,000.00000763,000.00207834,000.00134087,000.01840605,000.26
Tournament (k=2),Arithmetic,Uniform,0.83749,0.30000,000.43311310,002.62303996,002.94859886,001.28933573,000.29
Tournament (k=2),Blend,Gaussian,0.43709,0.27490,000.04853439,000.77220982,001.01685143,000.66716731,000.42
Tournament (k=2),Arithmetic,Uniform,0.57030,0.03686,000.00000000,000.04115472,000.04038811,000.26879239,000.22
Tournament (k=2),Arithmetic,Uniform,0.91514,0.17762,000.02227783,000.86893463,001.10578346,000.81359696,000.23
Tournament (k=2),Arithmetic,Uniform,0.58741,0.07415,000.00000000,000.00275750,000.00209618,000.10749432,000.24
Tournament (k=2),Arithmetic,Uniform,0.76642,0.13667,000.00595093,000.40526962,000.30863762,000.74221635,000.23
Tournament (k=2),Blend,Gaussian,0.46371,0.09637,000.00000000,000.00048151,000.00043106,000.00935023,000.26
Tournament (k=2),Arithmetic,Uniform,0.60503,0.13667,000.01557159,000.32754213,000.30349922,000.51736802,000.23
Tournament (k=2),Blend,Gaussian,0.41200,0.10516,000.00001526,000.00208302,000.00212288,000.10482805,000.28
Tournament (k=2),Blend,Gaussian,0.52190,0.02837,000.00000000,000.00004745,000.00001144,000.17072001,000.24
Tournament (k=2),Blend,Gaussian,0.49195,0.09637,000.00000000,000.00093389,000.00074387,000.01043956,000.31
Tournament (k=2),Blend,Gaussian,0.49195,0.27490,000.02862549,000.95935994,001.17926407,000.72985029,000.42
Tournament (k=2),Arithmetic,Uniform,0.64187,0.11476,000.00245667,000.08640876,000.07535934,000.41331005,000.22
Tournament (k=2),Blend,Gaussian,0.46371,0.02599,000.00000000,000.00030174,000.00015068,000.03937592,000.19
Tournament (k=2),Blend,Gaussian,0.47762,0.05705,000.00000000,000.00001512,000.00000763,000.00176472,000.27
Tournament (k=2),Arithmetic,Uniform,0.60503,0.04390,000.00015640,000.02641125,000.02996063,000.24748896,000.22
Tournament (k=2),Blend,Gaussian,0.45020,0.05228,000.00000000,000.00001926,000.00000763,000.00282769,000.22
Tournament (k=2),Arithmetic,Uniform,0.86261,0.02000,000.00782776,000.66096258,001.01206589,000.78659642,000.22
Tournament (k=2),Arithmetic,Uniform,0.66113,0.17762,000.01503754,000.85741204,001.13955688,000.86071193,000.30
Tournament (k=2),Blend,Gaussian,0.52190,0.08830,000.00000000,000.00035124,000.00028992,000.01704385,000.27
Tournament (k=2),Blend,Gaussian,0.46371,0.27490,000.11434555,000.92775697,001.14762878,000.67185116,000.42
Tournament (k=2),Blend,Gaussian,0.45020,0.13667,000.00039673,000.06666593,000.07220650,000.21028014,000.34
Tournament (k=2),Arithmetic,Uniform,0.94259,0.02599,000.00033188,000.51050740,000.66944122,000.72846466,000.16
Tournament (k=2),Arithmetic,Uniform,0.91514,0.19383,000.01132584,001.23560882,001.47732544,000.94250613,000.28
Tournament (k=2),Arithmetic,Uniform,0.81310,0.13667,000.00840759,000.44444203,000.41931343,000.60109109,000.28
Tournament (k=2),Arithmetic,Uniform,0.78941,0.25191,000.06956482,001.82393706,002.05112457,001.00963140,000.26
Tournament (k=2),Blend,Gaussian,0.46371,0.10516,000.00009918,000.00344896,000.00387764,000.02446355,000.30
Tournament (k=2),Arithmetic,Uniform,0.76642,0.14915,000.01031876,000.59137100,000.79985428,000.65510219,000.30
Tournament (k=2),Arithmetic,Uniform,0.83749,0.09637,000.00048447,000.02101130,000.02312851,000.39413267,000.26
Tournament (k=2),Blend,Gaussian,0.46371,0.02837,000.00000000,000.00021296,000.00009155,000.01006515,000.22
Tournament (k=2),Arithmetic,Uniform,0.62318,0.21153,000.17193985,001.41265619,001.53369904,001.00774908,000.25
Tournament (k=2),Arithmetic,Uniform,0.64187,0.12524,000.00727081,000.26365495,000.19342613,000.63121551,000.28
Tournament (k=2),Blend,Gaussian,0.40000,0.14915,000.00594711,000.08831014,000.10181618,000.30212703,000.34
Tournament (k=2),Arithmetic,Uniform,1.00000,0.03095,000.00027084,000.16795020,000.09840012,000.64759517,000.23
Tournament (k=2),Blend,Gaussian,0.42436,0.16276,000.00283432,000.19319983,000.22821617,000.33597952,000.36
Tournament (k=2),Blend,Gaussian,0.50670,0.05228,000.00000000,000.00000587,000.00000000,000.00072207,000.23
Tournament (k=2),Arithmetic,Uniform,0.68096,0.16276,000.04911041,000.75196922,001.06351852,000.74840426,000.24
Tournament (k=2),Blend,Gaussian,0.43709,0.30000,000.07963181,000.88345909,001.05548477,000.69503796,000.44
Tournament (k=2),Blend,Gaussian,0.40000,0.05228,000.00000000,000.00009232,000.00003815,000.00335248,000.25
Tournament (k=2),Arithmetic,Uniform,0.74410,0.03378,000.00023651,000.09253339,000.08405685,000.41073349,000.17
Tournament (k=2),Arithmetic,Uniform,0.78941,0.09637,000.00027466,000.02427840,000.02240753,000.30513710,000.21
Tournament (k=2),Arithmetic,Uniform,0.66113,0.08830,000.00004578,000.00765595,000.00802994,000.16972944,000.25
Tournament (k=2),Arithmetic,Uniform,0.94259,0.30000,000.27820587,002.32510781,002.53781509,001.11361957,000.26
Tournament (k=2),Arithmetic,Uniform,0.97087,0.05228,000.00000000,000.02126141,000.01191330,000.45599836,000.18
Tournament (k=2),Blend,Gaussian,0.52190,0.27490,000.08382034,000.99174768,001.20807838,000.71667868,000.43
Tournament (k=2),Arithmetic,Uniform,0.57030,0.11476,000.00402069,000.07624359,000.08575630,000.33480978,000.27
Tournament (k=2),Arithmetic,Uniform,0.83749,0.02837,000.00062561,000.22972021,000.14636612,000.63931340,000.17
Tournament (k=2),Arithmetic,Uniform,0.74410,0.08092,000.00000763,000.00399838,000.00279617,000.09832433,000.25
Tournament (k=2),Arithmetic,Uniform,0.76642,0.16276,000.00558472,000.76367933,001.12930489,000.87694335,000.29
Tournament (k=2),Arithmetic,Uniform,1.00000,0.27490,000.17815018,002.00397062,002.37332535,001.13269019,000.32
Tournament (k=2),Arithmetic,Uniform,0.72243,0.11476,000.00074768,000.09514447,000.09227180,000.50280863,000.27
Tournament (k=2),Blend,Gaussian,0.50670,0.16276,000.00736237,000.23458275,000.21658134,000.47414088,000.32
Tournament (k=2),Arithmetic,Uniform,0.94259,0.08830,000.00009918,000.00970964,000.00872612,000.15862519,000.26
Tournament (k=2),Arithmetic,Uniform,0.62318,0.23084,000.07229614,001.44131565,001.61510086,001.01893294,000.29
Tournament (k=2),Arithmetic,Uniform,0.86261,0.16276,000.04701996,000.74364370,001.04356766,000.76645172,000.30
Tournament (k=2),Arithmetic,Uniform,0.70139,0.27490,000.17203522,002.22840357,002.58957481,001.10379744,000.32
Tournament (k=2),Arithmetic,Uniform,0.68096,0.05228,000.00001526,000.01035771,000.00878716,000.19643152,000.24
Tournament (k=2),Arithmetic,Uniform,0.64187,0.13667,000.00850677,000.30898604,000.25156403,000.63270158,000.26
Tournament (k=2),Blend,Gaussian,0.43709,0.03095,000.00000000,000.00029655,000.00014114,000.00741738,000.20
Tournament (k=2),Arithmetic,Uniform,0.88849,0.30000,000.34592056,002.44033217,002.74172592,001.24998295,000.26
Tournament (k=2),Arithmetic,Uniform,0.88849,0.03686,000.00015259,000.09887123,000.07225609,000.58989084,000.18
Tournament (k=2),Arithmetic,Uniform,0.97087,0.17762,000.01667786,000.94301623,001.22395325,000.96230119,000.31
Tournament (k=2),Arithmetic,Uniform,0.88849,0.11476,000.00042343,000.10200734,000.08978271,000.42090264,000.21
Tournament (k=2),Blend,Gaussian,0.49195,0.03378,000.00000000,000.00013127,000.00000763,000.10017081,000.24
Tournament (k=2),Arithmetic,Uniform,0.83749,0.03095,000.00017929,000.25968060,000.10800552,000.59603888,000.21
Tournament (k=2),Arithmetic,Uniform,0.76642,0.02000,000.00088501,000.40063089,000.40930176,000.64447778,000.16
Tournament (k=2),Arithmetic,Uniform,0.70139,0.09637,000.00022888,000.01341858,000.01400185,000.24893692,000.25
Tournament (k=2),Arithmetic,Uniform,0.64187,0.04791,000.00006485,000.01480784,000.01455116,000.24234034,000.22
Tournament (k=2),Arithmetic,Uniform,1.00000,0.09637,000.00096130,000.02827439,000.03333664,000.26783517,000.19
Tournament (k=2),Blend,Gaussian,0.47762,0.16276,000.00860596,000.21062890,000.24151230,000.40183720,000.37
Tournament (k=2),Arithmetic,Uniform,0.78941,0.02382,000.00001144,000.34562272,000.26868439,000.65447581,000.16
Tournament (k=2),Arithmetic,Uniform,0.72243,0.12524,000.00382996,000.14495631,000.14624405,000.47484514,000.26
Tournament (k=2),Arithmetic,Uniform,0.57030,0.04023,000.00043488,000.02782707,000.02353477,000.24382034,000.22
Tournament (k=2),Arithmetic,Uniform,0.76642,0.17762,000.06945038,000.98627442,001.23587799,000.78749734,000.29
Tournament (k=2),Blend,Gaussian,0.43709,0.09637,000.00000763,000.00055203,000.00047302,000.05173863,000.25
Tournament (k=2),Blend,Gaussian,0.53756,0.05228,000.00000000,000.00000262,000.00000000,000.00133117,000.27
Tournament (k=2),Blend,Gaussian,0.43709,0.03378,000.00000000,000.00028129,000.00021744,000.09900430,000.23
Tournament (k=2),Arithmetic,Uniform,1.00000,0.30000,000.17966461,002.29529619,002.63499069,001.22006416,000.33
Tournament (k=2),Blend,Gaussian,0.41200,0.03095,000.00000000,000.00086036,000.00048065,000.01820212,000.23
Tournament (k=2),Blend,Gaussian,0.55369,0.03095,000.00000000,000.00005941,000.00000381,000.09901580,000.21
Tournament (k=2),Arithmetic,Uniform,0.86261,0.05228,000.00000381,000.01237826,000.01246262,000.26841956,000.18
Tournament (k=2),Blend,Gaussian,0.50670,0.17762,000.00799179,000.34329098,000.36996841,000.48894957,000.38
Tournament (k=2),Arithmetic,Uniform,0.78941,0.02599,000.00035858,000.41173893,000.39006996,000.69714117,000.17
Tournament (k=2),Blend,Gaussian,0.41200,0.11476,000.00035858,000.00827551,000.00949097,000.12816107,000.27
Tournament (k=2),Arithmetic,Uniform,0.86261,0.02183,000.00017548,000.44450030,000.43421936,000.80671734,000.18
Tournament (k=2),Blend,Gaussian,0.52190,0.03095,000.00000000,000.00010614,000.00002480,000.00346853,000.25
Tournament (k=2),Arithmetic,Uniform,0.66113,0.02183,000.00017548,000.27036253,000.23325157,000.47374734,000.21
Tournament (k=2),Blend,Gaussian,0.53756,0.16276,000.00845337,000.25841507,000.29861259,000.43258825,000.39
Tournament (k=2),Blend,Gaussian,0.45020,0.05705,000.00000000,000.00003200,000.00000191,000.00182332,000.23
Tournament (k=2),Blend,Gaussian,0.49195,0.10516,000.00001526,000.00427580,000.00446701,000.04771971,000.29
Tournament (k=2),Blend,Gaussian,0.47762,0.06226,000.00000000,000.00000949,000.00000381,000.00348829,000.28
Tournament (k=2),Arithmetic,Uniform,0.66113,0.19383,000.04943848,001.36530137,001.45763206,000.80791777,000.25
Tournament (k=2),Blend,Gaussian,0.40000,0.02000,000.00000000,000.00241089,000.00179100,000.12290508,000.22
Tournament (k=2),Arithmetic,Uniform,0.86261,0.05705,000.00000000,000.00267634,000.00119400,000.20402166,000.18
Tournament (k=2),Blend,Gaussian,0.53756,0.05705,000.00000000,000.00000319,000.00000000,000.00656432,000.28
Tournament (k=2),Arithmetic,Uniform,0.76642,0.19383,000.03020477,001.25598705,001.44092751,000.95911008,000.30
Tournament (k=2),Blend,Gaussian,0.41200,0.03378,000.00000000,000.00022721,000.00013924,000.00523673,000.24
Tournament (k=2),Blend,Gaussian,0.45020,0.14915,000.00389481,000.08791785,000.09522247,000.24230197,000.31
Tournament (k=2),Blend,Gaussian,0.42436,0.06226,000.00000000,000.00001478,000.00000763,000.00131031,000.22
Tournament (k=2),Blend,Gaussian,0.46371,0.03095,000.00000000,000.00019822,000.00008965,000.09892396,000.20
Tournament (k=2),Blend,Gaussian,0.49195,0.30000,000.13913727,001.13917196,001.31138039,000.77441096,000.44
Tournament (k=2),Arithmetic,Uniform,0.81310,0.04390,000.00012207,000.03855667,000.02802086,000.45359221,000.23
Tournament (k=2),Arithmetic,Uniform,0.78941,0.27490,000.22576141,002.41095424,002.80014420,001.20484996,000.32
Tournament (k=2),Arithmetic,Uniform,0.83749,0.10516,000.00028610,000.05219664,000.05499649,000.32924473,000.27
Tournament (k=2),Arithmetic,Uniform,1.00000,0.03378,000.00018311,000.29658031,000.10348892,000.74149847,000.23
Tournament (k=2),Blend,Gaussian,0.50670,0.05705,000.00000000,000.00001173,000.00000381,000.00148238,000.23
Tournament (k=2),Blend,Gaussian,0.46371,0.30000,000.02306747,001.10127199,001.35848618,000.84411132,000.43
Tournament (k=2),Blend,Gaussian,0.55369,0.09637,000.00000381,000.00210304,000.00156021,000.11920941,000.32
Tournament (k=2),Arithmetic,Uniform,0.97087,0.02000,000.00038910,000.53810227,000.59958076,000.73878878,000.16
Tournament (k=2),Blend,Gaussian,0.45020,0.02000,000.00000000,000.00133142,000.00101471,000.17055914,000.23
Tournament (k=2),Arithmetic,Uniform,0.97087,0.05705,000.00000000,000.00267415,000.00182152,000.41714576,000.18
Tournament (k=2),Blend,Gaussian,0.40000,0.05705,000.00000000,000.00005779,000.00003052,000.00229738,000.26
Tournament (k=2),Arithmetic,Uniform,0.78941,0.10516,000.00022888,000.04987149,000.04359436,000.36497375,000.21
Tournament (k=2),Blend,Gaussian,0.57030,0.05705,000.00000000,000.00000215,000.00000000,000.09933847,000.23
Tournament (k=2),Blend,Gaussian,0.40000,0.16276,000.00502396,000.15191579,000.18287849,000.36757040,000.35
Tournament (k=2),Blend,Gaussian,0.42436,0.17762,000.00707245,000.28907356,000.30548286,000.50415492,000.37
Tournament (k=2),Blend,Gaussian,0.55369,0.30000,000.04167938,001.22433066,001.42560577,000.85469693,000.38
Tournament (k=2),Arithmetic,Uniform,0.74410,0.08830,000.00002289,000.00583358,000.00590897,000.06748284,000.25
Tournament (k=2),Arithmetic,Uniform,0.81310,0.04791,000.00000763,000.03200851,000.02537537,000.41077399,000.22
Tournament (k=2),Arithmetic,Uniform,0.57030,0.12524,000.00279999,000.15620871,000.13692665,000.45485547,000.27
Tournament (k=2),Blend,Gaussian,0.50670,0.02000,000.00000000,000.00051198,000.00008774,000.18766087,000.24
Tournament (k=2),Arithmetic,Uniform,0.97087,0.02183,000.00107574,000.52543551,000.91437531,000.78215146,000.16
Tournament (k=2),Arithmetic,Uniform,0.91514,0.05705,000.00001144,000.00370965,000.00238037,000.19639450,000.24
Tournament (k=2),Arithmetic,Uniform,1.00000,0.03686,000.00005341,000.12861571,000.08904076,000.57389861,000.24
Tournament (k=2),Arithmetic,Uniform,0.91514,0.02000,000.00463867,000.49221715,000.50563812,000.81925869,000.15
Tournament (k=2),Arithmetic,Uniform,0.88849,0.04023,000.00047684,000.18078685,000.09992409,000.52189183,000.17
Tournament (k=2),Arithmetic,Uniform,0.86261,0.17762,000.09584045,001.03489029,001.19614792,000.98887104,000.23
Tournament (k=2),Arithmetic,Uniform,0.76642,0.04390,000.00000763,000.02598171,000.02274323,000.29359594,000.17
Tournament (k=2),Blend,Gaussian,0.57030,0.17762,000.00769043,000.43500137,000.44922256,000.58090729,000.38
Tournament (k=2),Arithmetic,Uniform,0.62318,0.25191,000.11116028,001.69894218,002.14010429,001.11345196,000.25
Tournament (k=2),Blend,Gaussian,0.45020,0.02183,000.00000000,000.00072780,000.00016212,000.11192279,000.25
Tournament (k=2),Blend,Gaussian,0.58741,0.03378,000.00000000,000.00001416,000.00000000,000.09896792,000.25
Tournament (k=2),Arithmetic,Uniform,0.83749,0.03378,000.00026321,000.21405677,000.11573601,000.68024373,000.17
Tournament (k=2),Blend,Gaussian,0.52190,0.30000,000.03931808,001.05350494,001.20382500,000.76069659,000.47
Tournament (k=2),Arithmetic,Uniform,0.88849,0.12524,000.01376343,000.23366733,000.21092033,000.46478567,000.22
Tournament (k=2),Arithmetic,Uniform,0.78941,0.30000,000.19062805,002.36246729,002.67048645,001.15528226,000.41
Tournament (k=2),Arithmetic,Uniform,0.97087,0.19383,000.07225418,001.17617059,001.37972069,000.99501538,000.30
Tournament (k=2),Arithmetic,Uniform,0.88849,0.04390,000.00000000,000.05080729,000.02398491,000.59461349,000.18
Tournament (k=2),Blend,Gaussian,0.49195,0.03686,000.00000000,000.00006332,000.00003624,000.09940592,000.25
Tournament (k=2),Arithmetic,Uniform,0.94259,0.02837,000.00011063,000.46866140,000.54135513,000.67741394,000.18
Tournament (k=2),Blend,Gaussian,0.60503,0.02000,000.00000000,000.00002742,000.00000000,000.23619704,000.24
Tournament (k=2),Blend,Gaussian,0.40000,0.06226,000.00000000,000.00005050,000.00001717,000.00207903,000.39
Tournament (k=2),Blend,Gaussian,0.43709,0.03686,000.00000000,000.00019541,000.00003815,000.01133553,000.23
Tournament (k=2),Arithmetic,Uniform,0.91514,0.21153,000.10652161,001.44262958,001.59656906,001.04472601,000.23
Tournament (k=2),Blend,Gaussian,0.60503,0.06226,000.00000000,000.00000196,000.00000000,000.10427804,000.29
Tournament (k=2),Arithmetic,Uniform,0.72243,0.13667,000.00893784,000.41269612,000.35888481,000.59722966,000.26
Tournament (k=2),Blend,Gaussian,0.52190,0.09637,000.00000381,000.00184121,000.00161934,000.02268588,000.26
Tournament (k=2),Blend,Gaussian,0.58741,0.10516,000.00019073,000.01340461,000.01391602,000.19492720,000.31
Tournament (k=2),Blend,Gaussian,0.62318,0.03686,000.00000000,000.00000124,000.00000000,000.03448461,000.27
Tournament (k=2),Arithmetic,Uniform,0.91514,0.06226,000.00000000,000.00167036,000.00141335,000.17882718,000.32
Tournament (k=2),Blend,Gaussian,0.47762,0.17762,000.00900269,000.28279057,000.33259964,000.45897898,000.36
Tournament (k=2),Arithmetic,Uniform,0.86261,0.02382,000.00001907,000.46621174,000.51047897,000.72035426,000.16
Tournament (k=2),Arithmetic,Uniform,0.81310,0.14915,000.00492477,000.66793501,000.94087982,000.90236288,000.24
Tournament (k=2),Blend,Gaussian,0.53756,0.02000,000.00000000,000.00014234,000.00002861,000.10178424,000.27
Tournament (k=2),Blend,Gaussian,0.60503,0.19383,000.04369354,000.58258235,000.66764832,000.60527146,000.41
Tournament (k=2),Arithmetic,Uniform,0.66113,0.02382,000.00023651,000.14598350,000.13637543,000.41515690,000.21
Tournament (k=2),Blend,Gaussian,0.46371,0.11476,000.00019836,000.01398549,000.01229477,000.17826526,000.28
Tournament (k=2),Blend,Gaussian,0.52190,0.03378,000.00000000,000.00003057,000.00000191,000.09895181,000.25
Tournament (k=2),Blend,Gaussian,0.40000,0.02183,000.00000000,000.00186944,000.00059509,000.24102624,000.19
Tournament (k=2),Blend,Gaussian,0.45020,0.06226,000.00000000,000.00001545,000.00001144,000.00406678,000.22
Tournament (k=2),Blend,Gaussian,0.41200,0.12524,000.00020981,000.02285514,000.02123642,000.19548307,000.27
Tournament (k=2),Blend,Gaussian,0.47762,0.06795,000.00000000,000.00001078,000.00000572,000.00076104,000.28
Tournament (k=2),Blend,Gaussian,0.49195,0.11476,000.00021362,000.01725254,000.01774216,000.16830069,000.28
Tournament (k=2),Blend,Gaussian,0.62318,0.11476,000.00059509,000.05117946,000.06416321,000.33760196,000.36
Tournament (k=2),Blend,Gaussian,0.60503,0.06795,000.00000000,000.00000815,000.00000572,000.11063915,000.29
Tournament (k=2),Blend,Gaussian,0.41200,0.03686,000.00000000,000.00030317,000.00015640,000.00472867,000.20
Tournament (k=2),Blend,Gaussian,0.53756,0.06226,000.00000000,000.00000348,000.00000000,000.00080525,000.29
Tournament (k=2),Blend,Gaussian,0.42436,0.06795,000.00000000,000.00001340,000.00000763,000.00265863,000.23
Tournament (k=2),Blend,Gaussian,0.42436,0.02000,000.00000000,000.00126162,000.00090599,000.22181697,000.23
Tournament (k=2),Arithmetic,Uniform,0.72243,0.04390,000.00000381,000.04968696,000.02430344,000.42645809,000.23
Tournament (k=2),Arithmetic,Uniform,0.91514,0.06795,000.00000381,000.00154948,000.00078583,000.14202119,000.31
Tournament (k=2),Blend,Gaussian,0.53756,0.17762,000.00427246,000.40535870,000.40451241,000.47899130,000.44
Tournament (k=2),Blend,Gaussian,0.45020,0.16276,000.00770569,000.17980185,000.19260788,000.36290988,000.31
Tournament (k=2),Blend,Gaussian,0.47762,0.02000,000.00000000,000.00042496,000.00016975,000.21633174,000.23
Tournament (k=2),Blend,Gaussian,0.50670,0.06226,000.00000000,000.00000572,000.00000000,000.00070229,000.23
Tournament (k=2),Blend,Gaussian,0.53756,0.02183,000.00000000,000.00023255,000.00004196,000.25425154,000.30
Tournament (k=2),Blend,Gaussian,0.50670,0.19383,000.03495026,000.50401312,000.50198746,000.54323322,000.52
Tournament (k=2),Blend,Gaussian,0.62318,0.04023,000.00000000,000.00000033,000.00000000,000.01950406,000.43
Tournament (k=2),Arithmetic,Uniform,0.97087,0.06226,000.00000000,000.00119414,000.00115967,000.15447894,000.18
Tournament (k=2),Arithmetic,Uniform,0.83749,0.11476,000.00176239,000.11904192,000.12380409,000.55967033,000.28
Tournament (k=2),Arithmetic,Uniform,0.94259,0.09637,000.00056458,000.03253550,000.03325653,000.19357604,000.29
Tournament (k=2),Blend,Gaussian,0.57030,0.02000,000.00000000,000.00010009,000.00000763,000.22257160,000.19
Tournament (k=2),Arithmetic,Uniform,0.64187,0.14915,000.02464676,000.56872720,000.57845116,000.68338364,000.24
Tournament (k=2),Blend,Gaussian,0.57030,0.06226,000.00000000,000.00000358,000.00000000,000.00433959,000.24
Tournament (k=2),Blend,Gaussian,0.55369,0.10516,000.00033569,000.01352220,000.00963593,000.16427255,000.33
Tournament (k=2),Arithmetic,Uniform,0.81310,0.05228,000.00001526,000.01212640,000.00883484,000.44173855,000.19
Tournament (k=2),Arithmetic,Uniform,0.70139,0.30000,000.27510071,002.31722164,002.64912605,001.10753465,000.32
Tournament (k=2),Arithmetic,Uniform,0.78941,0.11476,000.00294113,000.08627353,000.09360886,000.35523534,000.27
Tournament (k=2),Blend,Gaussian,0.41200,0.04023,000.00000000,000.00013862,000.00005150,000.00607098,000.26
Tournament (k=2),Arithmetic,Uniform,0.97087,0.02382,000.00052261,000.45405334,000.47092247,000.77395076,000.18
Tournament (k=2),Arithmetic,Uniform,0.91514,0.02183,000.00034714,000.46714306,000.49985886,000.78670424,000.17
Tournament (k=2),Arithmetic,Uniform,0.74410,0.09637,000.00010681,000.01953111,000.01693726,000.17731200,000.26
Tournament (k=2),Blend,Gaussian,0.42436,0.02183,000.00000000,000.00068979,000.00025558,000.10165590,000.23
Tournament (k=2),Arithmetic,Uniform,0.76642,0.04791,000.00003433,000.01798839,000.01582718,000.27087429,000.18
Tournament (k=2),Blend,Gaussian,0.50670,0.02183,000.00000000,000.00013781,000.00004196,000.10657697,000.24
Tournament (k=2),Blend,Gaussian,0.40000,0.17762,000.00434875,000.21166405,000.23693657,000.37973082,000.37
Tournament (k=2),Blend,Gaussian,0.47762,0.02183,000.00000000,000.00065589,000.00014305,000.28391358,000.24
Tournament (k=2),Blend,Gaussian,0.60503,0.07415,000.00000000,000.00005627,000.00001144,000.02796449,000.40
Tournament (k=2),Blend,Gaussian,0.64187,0.02183,000.00000000,000.00000877,000.00000000,000.19526668,000.20
Tournament (k=2),Blend,Gaussian,0.43709,0.10516,000.00001144,000.00239306,000.00202942,000.01381630,000.27
Tournament (k=2),Blend,Gaussian,0.45020,0.02382,000.00000000,000.00102797,000.00081825,000.17058952,000.19
Tournament (k=2),Arithmetic,Uniform,0.86261,0.19383,000.03306580,001.27422118,001.50613022,000.85591608,000.26
Tournament (k=2),Blend,Gaussian,0.58741,0.03686,000.00000000,000.00000329,000.00000000,000.03820863,000.22
Tournament (k=2),Arithmetic,Uniform,0.78941,0.02837,000.00068283,000.15937686,000.09558868,000.58938396,000.17
Tournament (k=2),Arithmetic,Uniform,0.81310,0.02000,000.00116730,000.45073509,000.47964668,000.73399222,000.21
Tournament (k=2),Arithmetic,Uniform,0.83749,0.03686,000.00000381,000.07364726,000.05419159,000.55732250,000.23
Tournament (k=2),Arithmetic,Uniform,0.88849,0.13667,000.01055908,000.30011839,000.23773384,000.67944217,000.23
Tournament (k=2),Blend,Gaussian,0.45020,0.17762,000.01219940,000.31656966,000.31513596,000.43511653,000.38
Tournament (k=2),Blend,Gaussian,0.55369,0.03378,000.00000000,000.00001578,000.00000000,000.09897132,000.26
Tournament (k=2),Blend,Gaussian,0.42436,0.02382,000.00000000,000.00067096,000.00049782,000.17062914,000.22
Tournament (k=2),Blend,Gaussian,0.49195,0.04023,000.00000000,000.00005407,000.00001335,000.00963743,000.25
Tournament (k=2),Blend,Gaussian,0.57030,0.19383,000.01937103,000.60087216,000.62031555,000.58318532,000.40
Tournament (k=2),Blend,Gaussian,0.60503,0.02183,000.00000000,000.00006356,000.00000191,000.23886049,000.25
Tournament (k=2),Arithmetic,Uniform,0.97087,0.21153,000.15029907,001.48041987,001.83169365,001.01057887,000.31
Tournament (k=2),Arithmetic,Uniform,0.91514,0.23084,000.08294678,001.69055390,002.00512886,001.09395719,000.24
Tournament (k=2),Blend,Gaussian,0.40000,0.06795,000.00000000,000.00003991,000.00001717,000.00116670,000.27
Tournament (k=2),Arithmetic,Uniform,0.66113,0.21153,000.04882050,001.33538163,001.53335381,001.03726315,000.25
Tournament (k=2),Arithmetic,Uniform,0.78941,0.03095,000.00001526,000.19066234,000.12583160,000.51941192,000.17
Tournament (k=2),Arithmetic,Uniform,0.72243,0.14915,000.02470779,000.51668155,000.42942619,000.76257861,000.24
Tournament (k=2),Arithmetic,Uniform,0.86261,0.06226,000.00000381,000.00150876,000.00146103,000.01773881,000.24
Tournament (k=2),Blend,Gaussian,0.46371,0.03378,000.00000000,000.00005293,000.00002098,000.01317088,000.21
Tournament (k=2),Blend,Gaussian,0.58741,0.11476,000.00040436,000.03578000,000.03193665,000.28076318,000.29
Tournament (k=2),Blend,Gaussian,0.64187,0.06795,000.00000000,000.00004878,000.00001526,000.02390856,000.26
Tournament (k=2),Arithmetic,Uniform,0.81310,0.02183,000.00016022,000.44300285,000.40459251,000.71309263,000.25
Tournament (k=2),Blend,Gaussian,0.52190,0.10516,000.00007629,000.00620952,000.00665855,000.10718836,000.32
Tournament (k=2),Blend,Gaussian,0.40000,0.19383,000.00869751,000.34211898,000.37215805,000.45086634,000.38
Tournament (k=2),Blend,Gaussian,0.42436,0.02599,000.00000000,000.00056968,000.00028801,000.14041035,000.23
Tournament (k=2),Arithmetic,Uniform,0.81310,0.16276,000.03211975,000.77091104,001.11773872,000.75659901,000.31
Tournament (k=2),Blend,Gaussian,0.49195,0.04390,000.00000000,000.00003157,000.00001335,000.00115293,000.25
Tournament (k=2),Blend,Gaussian,0.52190,0.03686,000.00000000,000.00002599,000.00000381,000.00242887,000.26
Tournament (k=2),Blend,Gaussian,0.60503,0.02382,000.00000000,000.00002055,000.00000000,000.09897405,000.26
Tournament (k=2),Blend,Gaussian,0.64187,0.21153,000.10997391,000.82952499,000.97800636,000.72493690,000.38
Tournament (k=2),Blend,Gaussian,0.40000,0.07415,000.00000000,000.00003190,000.00002289,000.00476402,000.25
Tournament (k=2),Arithmetic,Uniform,0.97087,0.23084,000.08592224,001.76174068,002.18527603,000.96896732,000.27
Tournament (k=2),Blend,Gaussian,0.60503,0.21153,000.01319122,000.88680029,001.18014336,000.75656068,000.41
Tournament (k=2),Arithmetic,Uniform,0.91514,0.25191,000.13793182,001.99019277,002.33805656,000.94211960,000.30
Tournament (k=2),Blend,Gaussian,0.47762,0.07415,000.00000000,000.00002165,000.00000763,000.01681471,000.29
Tournament (k=2),Blend,Gaussian,0.49195,0.12524,000.00162506,000.04476924,000.04169083,000.18184859,000.29
Tournament (k=2),Blend,Gaussian,0.42436,0.07415,000.00000000,000.00003524,000.00002289,000.00176108,000.23
Tournament (k=2),Arithmetic,Uniform,0.72243,0.04791,000.00000000,000.02450051,000.01654816,000.29582623,000.23
Tournament (k=2),Arithmetic,Uniform,0.91514,0.07415,000.00000763,000.00233006,000.00186157,000.10995381,000.25
Tournament (k=2),Blend,Gaussian,0.57030,0.21153,000.04105377,000.72779018,000.94126701,000.73324728,000.41
Tournament (k=2),Blend,Gaussian,0.62318,0.12524,000.00462723,000.10047279,000.10997581,000.34074691,000.31
Tournament (k=2),Blend,Gaussian,0.53756,0.06795,000.00000000,000.00001006,000.00000381,000.00191515,000.29
Tournament (k=2),Blend,Gaussian,0.66113,0.04023,000.00000000,000.00000019,000.00000000,000.04994933,000.27
Tournament (k=2),Arithmetic,Uniform,1.00000,0.10516,000.00226974,000.04946589,000.04712486,000.23568906,000.21
Tournament (k=2),Arithmetic,Uniform,1.00000,0.04023,000.00013351,000.08685680,000.04167366,000.62089103,000.23
Tournament (k=2),Arithmetic,Uniform,0.97087,0.06795,000.00000763,000.00150251,000.00127602,000.04959302,000.18
Tournament (k=2),Blend,Gaussian,0.53756,0.02382,000.00000000,000.00034690,000.00004768,000.21897352,000.21
Tournament (k=2),Blend,Gaussian,0.42436,0.19383,000.03887558,000.35016283,000.38570595,000.45903084,000.37
Tournament (k=2),Blend,Gaussian,0.50670,0.06795,000.00000000,000.00000868,000.00000381,000.00114410,000.25
Tournament (k=2),Blend,Gaussian,0.62318,0.04390,000.00000000,000.00000119,000.00000000,000.09902297,000.28
Tournament (k=2),Arithmetic,Uniform,0.83749,0.12524,000.00939178,000.30823046,000.26241875,000.57611990,000.24
Tournament (k=2),Blend,Gaussian,0.53756,0.19383,000.03687286,000.62144166,000.71614075,000.57825136,000.39
Tournament (k=2),Arithmetic,Uniform,0.81310,0.05705,000.00001144,000.01024795,000.00858498,000.23245002,000.19
Tournament (k=2),Arithmetic,Uniform,0.94259,0.10516,000.00097275,000.04830470,000.05508423,000.32248396,000.27
Tournament (k=2),Arithmetic,Uniform,0.97087,0.02599,000.00134277,000.39818415,000.25330734,000.73707682,000.19
Tournament (k=2),Blend,Gaussian,0.47762,0.08092,000.00000000,000.00006905,000.00004196,000.00262729,000.28
Tournament (k=2),Blend,Gaussian,0.42436,0.08092,000.00000000,000.00005531,000.00004959,000.00124448,000.27
Tournament (k=2),Arithmetic,Uniform,1.00000,0.11476,000.00228119,000.06669545,000.06662750,000.35388350,000.22
Tournament (k=2),Blend,Gaussian,0.50670,0.21153,000.05334854,000.68200231,000.81265259,000.56515479,000.37
Tournament (k=2),Blend,Gaussian,0.66113,0.12524,000.00170135,000.22721878,000.20195580,000.51918054,000.31
Tournament (k=2),Blend,Gaussian,0.68096,0.02382,000.00000000,000.00000396,000.00000000,000.20752500,000.26
Tournament (k=2),Arithmetic,Uniform,0.74410,0.10516,000.00096512,000.04006147,000.04071426,000.26527506,000.27
Tournament (k=2),Arithmetic,Uniform,1.00000,0.04390,000.00001144,000.04715743,000.03285980,000.42012227,000.24
Tournament (k=2),Blend,Gaussian,0.53756,0.07415,000.00000000,000.00002065,000.00000763,000.08432267,000.29
Tournament (k=2),Arithmetic,Uniform,0.97087,0.07415,000.00001526,000.00232649,000.00172043,000.10783149,000.23
Tournament (k=2),Blend,Gaussian,0.50670,0.02382,000.00000000,000.00016642,000.00004578,000.00446023,000.22
Tournament (k=2),Blend,Gaussian,0.55369,0.11476,000.00143433,000.02256007,000.02564240,000.20639467,000.34
Tournament (k=2),Blend,Gaussian,0.68096,0.07415,000.00000000,000.00027819,000.00008583,000.14790003,000.32
Tournament (k=2),Blend,Gaussian,0.43709,0.04023,000.00000000,000.00023632,000.00006485,000.00783140,000.23
Tournament (k=2),Blend,Gaussian,0.64187,0.02382,000.00000000,000.00000210,000.00000000,000.09898144,000.20
Tournament (k=2),Blend,Gaussian,0.47762,0.02382,000.00000000,000.00057836,000.00050545,000.13975726,000.24
Tournament (k=2),Blend,Gaussian,0.45020,0.02599,000.00000000,000.00023894,000.00012589,000.00426501,000.23
Tournament (k=2),Blend,Gaussian,0.42436,0.21153,000.03213501,000.41315967,000.44711685,000.60742342,000.38
Tournament (k=2),Blend,Gaussian,0.58741,0.04023,000.00000000,000.00000033,000.00000000,000.00174135,000.22
Tournament (k=2),Blend,Gaussian,0.55369,0.03686,000.00000000,000.00001283,000.00000000,000.13924158,000.21
Tournament (k=2),Blend,Gaussian,0.43709,0.11476,000.00008392,000.00956178,000.01047897,000.11144696,000.27
Tournament (k=2),Blend,Gaussian,0.60503,0.08092,000.00000000,000.00016289,000.00011635,000.01105557,000.31
Tournament (k=2),Arithmetic,Uniform,0.66113,0.02599,000.00036621,000.19656548,000.14367867,000.49170312,000.21
Tournament (k=2),Arithmetic,Uniform,0.86261,0.21153,000.07628632,001.46762681,001.69224358,001.00685155,000.30
Tournament (k=2),Blend,Gaussian,0.40000,0.02382,000.00000000,000.00148430,000.00109482,000.13980125,000.22
Tournament (k=2),Blend,Gaussian,0.50670,0.02599,000.00000000,000.00006590,000.00000763,000.09895179,000.25
Tournament (k=2),Arithmetic,Uniform,0.78941,0.03378,000.00003052,000.13853569,000.08104515,000.54664165,000.17
Tournament (k=2),Blend,Gaussian,0.46371,0.12524,000.00068665,000.04180675,000.03962517,000.15904653,000.29
Tournament (k=2),Blend,Gaussian,0.45020,0.19383,000.01059723,000.38525692,000.36488914,000.53276455,000.32
Tournament (k=2),Blend,Gaussian,0.47762,0.19383,000.01772308,000.48371822,000.60827255,000.55852991,000.38
Tournament (k=2),Arithmetic,Uniform,0.66113,0.23084,000.08914185,001.60238194,001.94196320,000.99919736,000.32
Tournament (k=2),Arithmetic,Uniform,0.72243,0.16276,000.00126266,000.68243086,001.02542305,000.80090421,000.24
Tournament (k=2),Blend,Gaussian,0.50670,0.23084,000.10107803,000.70687157,000.79695892,000.64886189,000.40
Tournament (k=2),Blend,Gaussian,0.68096,0.23084,000.08681870,001.19935775,001.33392334,000.76618397,000.41
Tournament (k=2),Blend,Gaussian,0.46371,0.03686,000.00000000,000.00012360,000.00003052,000.09899537,000.21
Tournament (k=2),Arithmetic,Uniform,0.86261,0.06795,000.00000763,000.00183120,000.00143814,000.03461517,000.25
Tournament (k=2),Blend,Gaussian,0.55369,0.12524,000.00332642,000.07390313,000.07383537,000.35178521,000.38
Tournament (k=2),Blend,Gaussian,0.70139,0.04390,000.00000000,000.00000424,000.00000000,000.19868822,000.23
Tournament (k=2),Blend,Gaussian,0.64187,0.07415,000.00000000,000.00011725,000.00002861,000.07376480,000.26
Tournament (k=2),Blend,Gaussian,0.58741,0.04390,000.00000000,000.00000372,000.00000000,000.00077330,000.27
Tournament (k=2),Blend,Gaussian,0.42436,0.02837,000.00000000,000.00044928,000.00025368,000.10532122,000.23
Tournament (k=2),Blend,Gaussian,0.49195,0.04791,000.00000000,000.00000744,000.00000000,000.00051445,000.24
Tournament (k=2),Blend,Gaussian,0.60503,0.02599,000.00000000,000.00001884,000.00000000,000.14387165,000.22
Tournament (k=2),Blend,Gaussian,0.43709,0.12524,000.00279999,000.03884029,000.03513145,000.18277138,000.32
Tournament (k=2),Blend,Gaussian,0.52190,0.04023,000.00000000,000.00000553,000.00000000,000.00289453,000.26
Tournament (k=2),Arithmetic,Uniform,0.81310,0.17762,000.09979248,001.06765056,001.29235077,000.82165718,000.30
Tournament (k=2),Blend,Gaussian,0.57030,0.02183,000.00000000,000.00005426,000.00000763,000.23622678,000.20
Tournament (k=2),Blend,Gaussian,0.40000,0.08092,000.00000000,000.00005374,000.00003815,000.00455180,000.27
Tournament (k=2),Blend,Gaussian,0.40000,0.21153,000.01219177,000.47847024,000.54218674,000.51553380,000.38
Tournament (k=2),Arithmetic,Uniform,0.97087,0.25191,000.10244751,001.84630656,002.22903633,001.08002472,000.25
Tournament (k=2),Arithmetic,Uniform,0.72243,0.05228,000.00001526,000.01371951,000.01409912,000.29834411,000.24
Tournament (k=2),Blend,Gaussian,0.46371,0.04023,000.00000000,000.00006299,000.00000763,000.09893609,000.27
Tournament (k=2),Arithmetic,Uniform,0.94259,0.03095,000.00109863,000.25131688,000.11714172,000.72577602,000.17
Tournament (k=2),Arithmetic,Uniform,0.91514,0.08092,000.00000763,000.00434442,000.00421715,000.03249672,000.26
Tournament (k=2),Blend,Gaussian,0.64187,0.23084,000.10799789,000.96536160,001.18540955,000.64717418,000.39
Tournament (k=2),Blend,Gaussian,0.41200,0.04390,000.00000000,000.00015373,000.00006104,000.00373358,000.25
Tournament (k=2),Blend,Gaussian,0.66113,0.04390,000.00000000,000.00000248,000.00000000,000.04048129,000.29
Tournament (k=2),Blend,Gaussian,0.49195,0.13667,000.00025940,000.08018465,000.08812904,000.29931018,000.37
Tournament (k=2),Blend,Gaussian,0.70139,0.13667,000.00997543,000.31286812,000.29219627,000.52305841,000.39
Tournament (k=2),Blend,Gaussian,0.49195,0.05228,000.00000000,000.00001006,000.00000000,000.00166334,000.27
Tournament (k=2),Arithmetic,Uniform,0.76642,0.05228,000.00000000,000.01853566,000.00825882,000.27115560,000.19
Tournament (k=2),Arithmetic,Uniform,0.97087,0.02837,000.00671005,000.31603804,000.18251991,000.65202308,000.17
Tournament (k=2),Blend,Gaussian,0.53756,0.02599,000.00000000,000.00010605,000.00000763,000.09126694,000.25
Tournament (k=2),Arithmetic,Uniform,0.94259,0.11476,000.00246429,000.08066406,000.07487106,000.32366976,000.21
Tournament (k=2),Blend,Gaussian,0.70139,0.04791,000.00000000,000.00000234,000.00000000,000.15923518,000.38
Tournament (k=2),Blend,Gaussian,0.60503,0.23084,000.03485489,001.00939620,001.21894646,000.66661435,000.46
Tournament (k=2),Blend,Gaussian,0.50670,0.07415,000.00000000,000.00003133,000.00001144,000.10129657,000.25
Tournament (k=2),Blend,Gaussian,0.64187,0.08092,000.00000000,000.00032015,000.00015640,000.06135004,000.39
Tournament (k=2),Arithmetic,Uniform,0.81310,0.06226,000.00000000,000.00449800,000.00208664,000.21850803,000.25
Tournament (k=2),Blend,Gaussian,0.72243,0.02599,000.00000000,000.00000453,000.00000000,000.17455080,000.27
Tournament (k=2),Blend,Gaussian,0.62318,0.04791,000.00000000,000.00000019,000.00000000,000.10077714,000.28
Tournament (k=2),Blend,Gaussian,0.43709,0.13667,000.00133514,000.05248108,000.06183815,000.18116395,000.37
Tournament (k=2),Arithmetic,Uniform,0.72243,0.05705,000.00000763,000.00661316,000.00394630,000.25794813,000.25
Tournament (k=2),Arithmetic,Uniform,1.00000,0.12524,000.00518417,000.17232232,000.13687134,000.49250507,000.23
Tournament (k=2),Blend,Gaussian,0.42436,0.08830,000.00000000,000.00012479,000.00007439,000.00187776,000.26
Tournament (k=2),Arithmetic,Uniform,0.83749,0.04023,000.00006104,000.06309247,000.03295517,000.50544149,000.23
Tournament (k=2),Blend,Gaussian,0.53756,0.21153,000.07360840,000.82863176,001.09942627,000.62864125,000.41
Tournament (k=2),Arithmetic,Uniform,1.00000,0.04791,000.00000763,000.02925801,000.02261162,000.47170076,000.25
Tournament (k=2),Arithmetic,Uniform,0.97087,0.08092,000.00006104,000.00664659,000.00762558,000.08007821,000.21
Tournament (k=2),Blend,Gaussian,0.68096,0.02599,000.00000000,000.00000086,000.00000000,000.00304420,000.27
Tournament (k=2),Blend,Gaussian,0.43709,0.04390,000.00000000,000.00007157,000.00002098,000.00921435,000.22
Tournament (k=2),Blend,Gaussian,0.64187,0.02599,000.00000000,000.00000353,000.00000000,000.21672982,000.21
Tournament (k=2),Blend,Gaussian,0.45020,0.06795,000.00000000,000.00002022,000.00000763,000.00436874,000.26
Tournament (k=2),Blend,Gaussian,0.53756,0.08092,000.00000000,000.00014901,000.00008392,000.01595377,000.32
Tournament (k=2),Blend,Gaussian,0.72243,0.08092,000.00000000,000.00166779,000.00060654,000.13059539,000.33
Tournament (k=2),Blend,Gaussian,0.45020,0.02837,000.00000000,000.00054140,000.00036812,000.13904804,000.24
Tournament (k=2),Blend,Gaussian,0.41200,0.13667,000.00039673,000.04542861,000.05064392,000.20080070,000.29
Tournament (k=2),Blend,Gaussian,0.66113,0.13667,000.01416779,000.30025744,000.26163673,000.50440526,000.35
Tournament (k=2),Blend,Gaussian,0.55369,0.04023,000.00000000,000.00001035,000.00000000,000.00761154,000.22
Tournament (k=2),Blend,Gaussian,0.68096,0.08092,000.00000000,000.00063257,000.00028229,000.16575661,000.33
Tournament (k=2),Blend,Gaussian,0.47762,0.02599,000.00000000,000.00042744,000.00017548,000.09911829,000.32
Tournament (k=2),Arithmetic,Uniform,1.00000,0.13667,000.00476837,000.38699174,000.36916542,000.62566292,000.25
Tournament (k=2),Blend,Gaussian,0.52190,0.11476,000.00007629,000.01776161,000.01635361,000.19224447,000.29
Tournament (k=2),Blend,Gaussian,0.42436,0.09637,000.00000000,000.00063376,000.00042343,000.01202164,000.28
Tournament (k=2),Arithmetic,Uniform,0.66113,0.02837,000.00009918,000.13986358,000.09598732,000.44409883,000.21
Tournament (k=2),Arithmetic,Uniform,0.78941,0.03686,000.00018692,000.09154415,000.05288315,000.48214161,000.17
Tournament (k=2),Blend,Gaussian,0.43709,0.14915,000.00097275,000.09326205,000.10783005,000.30603722,000.36
Tournament (k=2),Blend,Gaussian,0.42436,0.23084,000.02702332,000.52754295,000.67206001,000.52467561,000.39
Tournament (k=2),Blend,Gaussian,0.40000,0.02599,000.00000000,000.00101767,000.00045967,000.10142686,000.23
Tournament (k=2),Blend,Gaussian,0.64187,0.02837,000.00000000,000.00000410,000.00000000,000.17163165,000.23
Tournament (k=2),Arithmetic,Uniform,0.86261,0.23084,000.19490051,001.67699790,002.10279465,000.96520555,000.26
Tournament (k=2),Blend,Gaussian,0.60503,0.08830,000.00000000,000.00101156,000.00092125,000.02802547,000.32
Tournament (k=2),Blend,Gaussian,0.46371,0.13667,000.00259781,000.08111167,000.09239388,000.33660454,000.30
Tournament (k=2),Blend,Gaussian,0.57030,0.06795,000.00000000,000.00001364,000.00000381,000.00829337,000.25
Tournament (k=2),Arithmetic,Uniform,0.72243,0.17762,000.01000977,001.03785300,001.22420502,000.89095157,000.30
Tournament (k=2),Blend,Gaussian,0.45020,0.21153,000.05245209,000.49408683,000.51581192,000.51940024,000.33
Tournament (k=2),Blend,Gaussian,0.72243,0.25191,000.06276703,001.34021771,001.60366058,000.78093356,000.44
Tournament (k=2),Arithmetic,Uniform,0.66113,0.25191,000.15856934,001.86539114,002.19765091,001.09023523,000.32
Tournament (k=2),Arithmetic,Uniform,0.91514,0.02382,000.00373077,000.49266076,000.67126274,000.76366639,000.16
Tournament (k=2),Arithmetic,Uniform,1.00000,0.14915,000.01394653,000.49856862,000.52354813,000.68032551,000.28
Tournament (k=2),Blend,Gaussian,0.50670,0.25191,000.05546188,000.81305683,001.02409554,000.67289746,000.36
Tournament (k=2),Blend,Gaussian,0.68096,0.08830,000.00003052,000.00318146,000.00181961,000.27472290,000.33
Tournament (k=2),Blend,Gaussian,0.60503,0.02837,000.00000000,000.00001273,000.00000000,000.19493277,000.20
Tournament (k=2),Blend,Gaussian,0.42436,0.03095,000.00000000,000.00027833,000.00007057,000.09933691,000.23
Tournament (k=2),Blend,Gaussian,0.58741,0.04791,000.00000000,000.00000153,000.00000000,000.00491868,000.28
Tournament (k=2),Blend,Gaussian,0.47762,0.21153,000.05066299,000.55264091,000.61554146,000.51864719,000.42
Tournament (k=2),Blend,Gaussian,0.64187,0.03095,000.00000000,000.00000253,000.00000000,000.12279428,000.25
Tournament (k=2),Blend,Gaussian,0.62318,0.13667,000.00316620,000.16915087,000.19420815,000.34750351,000.31
Tournament (k=2),Blend,Gaussian,0.55369,0.13667,000.00122070,000.12753534,000.14022636,000.39435878,000.36
Tournament (k=2),Blend,Gaussian,0.57030,0.02382,000.00000000,000.00007296,000.00000000,000.09985022,000.25
Tournament (k=2),Arithmetic,Uniform,0.81310,0.19383,000.10249329,001.06644654,001.24329758,000.89540476,000.30
Tournament (k=2),Arithmetic,Uniform,0.94259,0.03378,000.00007629,000.22179218,000.10084915,000.70924139,000.18
Tournament (k=2),Blend,Gaussian,0.46371,0.04390,000.00000000,000.00005054,000.00002289,000.00152880,000.21
Tournament (k=2),Blend,Gaussian,0.57030,0.23084,000.08159256,000.87380707,001.16299629,000.67666256,000.41
Tournament (k=2),Blend,Gaussian,0.40000,0.08830,000.00000000,000.00012584,000.00010109,000.00376282,000.25
Tournament (k=2),Blend,Gaussian,0.47762,0.08830,000.00000000,000.00020819,000.00019073,000.09893380,000.26
Tournament (k=2),Blend,Gaussian,0.41200,0.04791,000.00000000,000.00010290,000.00008202,000.00232414,000.25
Tournament (k=2),Blend,Gaussian,0.74410,0.04791,000.00000000,000.00010581,000.00000000,000.18371782,000.29
Tournament (k=2),Blend,Gaussian,0.66113,0.04791,000.00000000,000.00000319,000.00000000,000.13932732,000.24
Tournament (k=2),Arithmetic,Uniform,0.97087,0.27490,000.08272934,002.18795323,002.68758583,001.11936116,000.30
Tournament (k=2),Arithmetic,Uniform,0.76642,0.05705,000.00000000,000.01213279,000.00873184,000.26322964,000.20
Tournament (k=2),Blend,Gaussian,0.60503,0.03095,000.00000000,000.00000229,000.00000000,000.09898312,000.25
Tournament (k=2),Blend,Gaussian,0.40000,0.23084,000.02420807,000.50114173,000.50534821,000.62156749,000.39
Tournament (k=2),Arithmetic,Uniform,0.94259,0.12524,000.00232697,000.16868719,000.14018631,000.48189354,000.22
Tournament (k=2),Blend,Gaussian,0.68096,0.09637,000.00003433,000.01501098,000.01332664,000.12377845,000.33
Tournament (k=2),Blend,Gaussian,0.53756,0.02837,000.00000000,000.00006833,000.00000191,000.19482836,000.25
Tournament (k=2),Blend,Gaussian,0.70139,0.05228,000.00000000,000.00000205,000.00000000,000.22279684,000.25
Tournament (k=2),Blend,Gaussian,0.70139,0.14915,000.02923203,000.40412074,000.38657379,000.58939445,000.34
Tournament (k=2),Blend,Gaussian,0.64187,0.25191,000.02610016,001.19316804,001.49071884,000.78707588,000.44
Tournament (k=2),Blend,Gaussian,0.50670,0.08092,000.00000000,000.00006456,000.00002480,000.00730669,000.25
Tournament (k=2),Arithmetic,Uniform,0.81310,0.06795,000.00000763,000.00137625,000.00139427,000.17044683,000.24
Tournament (k=2),Blend,Gaussian,0.62318,0.14915,000.00568390,000.32119751,000.29100800,000.51745290,000.36
Tournament (k=2),Blend,Gaussian,0.64187,0.08830,000.00000763,000.00199552,000.00140762,000.16928460,000.27
Tournament (k=2),Blend,Gaussian,0.47762,0.23084,000.01596451,000.64834034,000.78622627,000.66155976,000.41
Tournament (k=2),Blend,Gaussian,0.72243,0.02837,000.00000000,000.00000076,000.00000000,000.23758593,000.27
Tournament (k=2),Blend,Gaussian,0.76642,0.02837,000.00000000,000.00000553,000.00000000,000.20800011,000.27
Tournament (k=2),Arithmetic,Uniform,1.00000,0.05228,000.00000000,000.02207580,000.00893402,000.41180027,000.24
Tournament (k=2),Blend,Gaussian,0.62318,0.05228,000.00000000,000.00000257,000.00000000,000.13305937,000.28
Tournament (k=2),Arithmetic,Uniform,0.97087,0.08830,000.00027466,000.00995083,000.00938797,000.04553442,000.19
Tournament (k=2),Blend,Gaussian,0.58741,0.12524,000.00306320,000.08870311,000.10081863,000.33898926,000.30
Tournament (k=2),Blend,Gaussian,0.60503,0.25191,000.06717682,001.10269189,001.30247688,000.73382550,000.42
Tournament (k=2),Blend,Gaussian,0.50670,0.02837,000.00000000,000.00009036,000.00001907,000.00493154,000.24
Tournament (k=2),Blend,Gaussian,0.68096,0.02837,000.00000000,000.00000458,000.00000000,000.23281614,000.26
Tournament (k=2),Blend,Gaussian,0.45020,0.07415,000.00000000,000.00001888,000.00000763,000.00166138,000.24
Tournament (k=2),Blend,Gaussian,0.74410,0.14915,000.03624344,000.62696421,000.70669365,000.69063675,000.38
Tournament (k=2),Blend,Gaussian,0.53756,0.23084,000.06500244,000.84075451,001.07951355,000.70701736,000.38
Tournament (k=2),Blend,Gaussian,0.55369,0.04390,000.00000000,000.00000567,000.00000000,000.02025178,000.22
Tournament (k=2),Blend,Gaussian,0.45020,0.03095,000.00000000,000.00076084,000.00019264,000.10847775,000.24
Tournament (k=2),Blend,Gaussian,0.47762,0.02837,000.00000000,000.00028429,000.00008011,000.13911544,000.20
Tournament (k=2),Blend,Gaussian,0.68096,0.10516,000.00089264,000.03446598,000.03355026,000.18288368,000.35
Tournament (k=2),Blend,Gaussian,0.53756,0.08830,000.00000381,000.00035181,000.00028229,000.01678930,000.31
Tournament (k=2),Blend,Gaussian,0.66113,0.14915,000.01372910,000.36239171,000.40793800,000.57444626,000.32
Tournament (k=2),Blend,Gaussian,0.41200,0.14915,000.00266266,000.09246254,000.10876274,000.21827617,000.33
Tournament (k=2),Blend,Gaussian,0.76642,0.03095,000.00000000,000.00009708,000.00000000,000.22228867,000.27
Tournament (k=2),Blend,Gaussian,0.52190,0.12524,000.00056076,000.05828585,000.04750061,000.27672529,000.30
Tournament (k=2),Blend,Gaussian,0.40000,0.02837,000.00000000,000.00097437,000.00042915,000.10390516,000.23
Tournament (k=2),Blend,Gaussian,0.42436,0.10516,000.00002289,000.00170469,000.00170326,000.02527688,000.31
Tournament (k=2),Blend,Gaussian,0.64187,0.27490,000.14630127,001.23007071,001.39239120,000.82744294,000.45
Tournament (k=2),Blend,Gaussian,0.76642,0.08830,000.00006104,000.00843830,000.00855446,000.20835714,000.34
Tournament (k=2),Blend,Gaussian,0.52190,0.04390,000.00000000,000.00002408,000.00000191,000.00319778,000.27
Tournament (k=2),Blend,Gaussian,0.58741,0.13667,000.00437164,000.17094059,000.20161057,000.39169350,000.35
Tournament (k=2),Blend,Gaussian,0.47762,0.25191,000.09875488,000.76643443,001.06874466,000.68921173,000.44
Tournament (k=2),Blend,Gaussian,0.57030,0.07415,000.00000000,000.00002179,000.00000763,000.01487046,000.25
Tournament (k=2),Arithmetic,Uniform,0.91514,0.02599,000.00283051,000.48718446,000.61223602,000.72764087,000.17
Tournament (k=2),Blend,Gaussian,0.42436,0.25191,000.03001404,000.74387676,000.96310616,000.76552010,000.35
Tournament (k=2),Blend,Gaussian,0.60503,0.09637,000.00004959,000.00824294,000.00621033,000.09853761,000.33
Tournament (k=2),Blend,Gaussian,0.46371,0.14915,000.00420380,000.11375318,000.12696457,000.29721740,000.33
Tournament (k=2),Blend,Gaussian,0.78941,0.05228,000.00000000,000.00025706,000.00000763,000.14536433,000.30
Tournament (k=2),Blend,Gaussian,0.60503,0.27490,000.13003159,001.23094440,001.46524429,000.77283198,000.45
Tournament (k=2),Arithmetic,Uniform,1.00000,0.16276,000.00428009,000.78552163,001.14737892,000.86656857,000.24
Tournament (k=2),Blend,Gaussian,0.45020,0.23084,000.02962112,000.57633305,000.60697937,000.65577203,000.34
Tournament (k=2),Blend,Gaussian,0.76642,0.27490,000.16867065,001.55178225,001.81799889,000.91594917,000.43
Tournament (k=2),Blend,Gaussian,0.42436,0.03378,000.00000000,000.00037913,000.00017548,000.14128961,000.24
Tournament (k=2),Blend,Gaussian,0.64187,0.03378,000.00000000,000.00000095,000.00000000,000.00533276,000.22
Tournament (k=2),Arithmetic,Uniform,0.94259,0.03686,000.00010300,000.24706002,000.10851288,000.65598601,000.18
Tournament (k=2),Blend,Gaussian,0.58741,0.05228,000.00000000,000.00000062,000.00000000,000.00655666,000.28
Tournament (k=2),Blend,Gaussian,0.49195,0.05705,000.00000000,000.00000982,000.00000381,000.00184728,000.27
Tournament (k=2),Blend,Gaussian,0.66113,0.16276,000.05424118,000.63103914,000.80932045,000.65671623,000.39
Tournament (k=2),Blend,Gaussian,0.46371,0.04791,000.00000000,000.00001769,000.00000572,000.00383036,000.22
Tournament (k=2),Blend,Gaussian,0.72243,0.27490,000.12078094,001.31684518,001.57488441,000.90474391,000.46
Tournament (k=2),Blend,Gaussian,0.52190,0.13667,000.00458145,000.08617349,000.08761597,000.36179611,000.35
Tournament (k=2),Blend,Gaussian,0.49195,0.14915,000.00544739,000.13154860,000.14523315,000.37645528,000.36
Tournament (k=2),Arithmetic,Uniform,0.81310,0.21153,000.18463898,001.36530375,001.53552055,000.99161464,000.26
Tournament (k=2),Blend,Gaussian,0.57030,0.08092,000.00000000,000.00013990,000.00013924,000.09953950,000.31
Tournament (k=2),Blend,Gaussian,0.40000,0.09637,000.00000000,000.00044894,000.00039864,000.04272910,000.26
Tournament (k=2),Blend,Gaussian,0.78941,0.16276,000.05170441,000.80766737,001.11798477,000.67611170,000.37
Tournament (k=2),Blend,Gaussian,0.41200,0.05228,000.00000000,000.00005407,000.00001907,000.00581220,000.25
Tournament (k=2),Blend,Gaussian,0.47762,0.09637,000.00000000,000.00083556,000.00081635,000.02098119,000.27
Tournament (k=2),Blend,Gaussian,0.55369,0.14915,000.01174927,000.21844950,000.23532867,000.45028546,000.38
Tournament (k=2),Arithmetic,Uniform,0.76642,0.06226,000.00001526,000.00453420,000.00331497,000.21003653,000.19
Tournament (k=2),Blend,Gaussian,0.66113,0.05228,000.00000000,000.00000238,000.00000000,000.00645572,000.26
Tournament (k=2),Blend,Gaussian,0.60503,0.03378,000.00000000,000.00000429,000.00000000,000.00908085,000.24
Tournament (k=2),Blend,Gaussian,0.74410,0.05228,000.00000000,000.00002937,000.00000000,000.24899721,000.30
Tournament (k=2),Blend,Gaussian,0.81310,0.03095,000.00000000,000.00000992,000.00000000,000.28541273,000.29
Tournament (k=2),Blend,Gaussian,0.43709,0.04791,000.00000000,000.00003839,000.00001526,000.00184434,000.22
Tournament (k=2),Blend,Gaussian,0.57030,0.25191,000.08434296,000.93422639,001.20251083,000.73648369,000.44
Tournament (k=2),Blend,Gaussian,0.49195,0.06226,000.00000000,000.00001836,000.00001144,000.08849429,000.28
Tournament (k=2),Blend,Gaussian,0.53756,0.03095,000.00000000,000.00011115,000.00002480,000.01398547,000.26
Tournament (k=2),Blend,Gaussian,0.58741,0.05705,000.00000000,000.00000429,000.00000000,000.00139542,000.30
Tournament (k=2),Blend,Gaussian,0.50670,0.08830,000.00000000,000.00036917,000.00029373,000.00725590,000.27
Tournament (k=2),Arithmetic,Uniform,0.86261,0.07415,000.00000000,000.00236912,000.00131226,000.09150936,000.19
Tournament (k=2),Blend,Gaussian,0.86261,0.03378,000.00000000,000.00098848,000.00014305,000.39486867,000.22
Tournament (k=2),Blend,Gaussian,0.62318,0.16276,000.02753448,000.45212299,000.40272141,000.57353210,000.34
Tournament (k=2),Blend,Gaussian,0.62318,0.05705,000.00000000,000.00000072,000.00000000,000.10138550,000.29
Tournament (k=2),Blend,Gaussian,0.55369,0.04791,000.00000000,000.00000472,000.00000000,000.01056683,000.22
Tournament (k=2),Blend,Gaussian,0.83749,0.05705,000.00000000,000.00083313,000.00000954,000.20857555,000.39
Tournament (k=2),Blend,Gaussian,0.45020,0.08092,000.00000000,000.00002384,000.00002098,000.00055003,000.24
Tournament (k=2),Blend,Gaussian,0.50670,0.03095,000.00000000,000.00011573,000.00003433,000.16995129,000.25
Tournament (k=2),Blend,Gaussian,0.68096,0.25191,000.12067413,001.17121315,001.42094040,000.74723822,000.40
Tournament (k=2),Blend,Gaussian,0.47762,0.03095,000.00000000,000.00020638,000.00005531,000.01290421,000.24
Tournament (k=2),Blend,Gaussian,0.68096,0.03095,000.00000000,000.00000334,000.00000000,000.18215248,000.27
Tournament (k=2),Blend,Gaussian,0.83749,0.17762,000.05909348,001.06987762,001.33036041,000.70512974,000.35
Tournament (k=2),Blend,Gaussian,0.41200,0.16276,000.00061035,000.16011372,000.17987061,000.33488595,000.30
Tournament (k=2),Blend,Gaussian,0.53756,0.09637,000.00000381,000.00239654,000.00213242,000.12405241,000.31
Tournament (k=2),Blend,Gaussian,0.53756,0.03378,000.00000000,000.00001225,000.00000000,000.00185311,000.35
Tournament (k=2),Blend,Gaussian,0.86261,0.10516,000.00664520,000.19633308,000.16659546,000.43652856,000.32
Tournament (k=2),Blend,Gaussian,0.72243,0.08830,000.00002289,000.00696883,000.00457382,000.23496872,000.58
Tournament (k=2),Blend,Gaussian,0.43709,0.05228,000.00000000,000.00003500,000.00000763,000.00139593,000.42
Tournament (k=2),Blend,Gaussian,0.81310,0.09637,000.00134277,000.04821782,000.05073166,000.19606142,000.66
Tournament (k=2),Blend,Gaussian,0.45020,0.03378,000.00000000,000.00020509,000.00006104,000.16950861,000.24
Tournament (k=2),Blend,Gaussian,0.70139,0.16276,000.04177094,000.53019464,000.58711624,000.64619941,000.65
Tournament (k=2),Blend,Gaussian,0.88849,0.02000,000.00000000,000.05875559,000.00018120,000.47240680,000.20
Tournament (k=2),Blend,Gaussian,0.76642,0.03378,000.00000000,000.00000591,000.00000000,000.26200330,000.26
Tournament (k=2),Blend,Gaussian,0.40000,0.03095,000.00000000,000.00145278,000.00118828,000.13908313,000.23
Tournament (k=2),Blend,Gaussian,0.57030,0.02599,000.00000000,000.00004454,000.00000572,000.19583094,000.20
Tournament (k=2),Blend,Gaussian,0.41200,0.05705,000.00000000,000.00004573,000.00001907,000.00422683,000.60
Tournament (k=2),Blend,Gaussian,0.52190,0.14915,000.01094055,000.16866812,000.16788673,000.38771656,000.72
Tournament (k=2),Blend,Gaussian,0.74410,0.16276,000.06243896,000.73989594,000.96371651,000.72088575,000.47
Tournament (k=2),Blend,Gaussian,0.55369,0.16276,000.01321411,000.35391694,000.33461761,000.55407691,000.63
Tournament (k=2),Blend,Gaussian,0.88849,0.06226,000.00000000,000.00293655,000.00023270,000.21159716,000.25
Tournament (k=2),Blend,Gaussian,0.68096,0.11476,000.00307846,000.07000895,000.07959175,000.27279973,000.52
Tournament (k=2),Blend,Gaussian,0.81310,0.30000,000.09370422,001.61270523,001.86222458,000.94992381,000.73
Tournament (k=2),Blend,Gaussian,0.58741,0.14915,000.00291061,000.24696307,000.29391289,000.51027149,000.32
Tournament (k=2),Blend,Gaussian,0.76642,0.09637,000.00022125,000.02087388,000.01971054,000.30014291,000.34
Tournament (k=2),Blend,Gaussian,0.50670,0.27490,000.06978607,000.89247733,001.18724442,000.68391299,000.42
Tournament (k=2),Blend,Gaussian,0.64187,0.30000,000.07051086,001.26636314,001.42276573,000.77381462,000.40
Tournament (k=2),Blend,Gaussian,0.46371,0.16276,000.00744247,000.23865438,000.24700546,000.39657897,000.31
Tournament (k=2),Blend,Gaussian,0.50670,0.03378,000.00000000,000.00005183,000.00001526,000.11111401,000.40
Tournament (k=2),Blend,Gaussian,0.60503,0.10516,000.00012589,000.02164469,000.02076721,000.18955813,000.33
Tournament (k=2),Arithmetic,Uniform,0.94259,0.04023,000.00000763,000.07854901,000.04610825,000.53980666,000.17
Tournament (k=2),Blend,Gaussian,0.64187,0.03686,000.00000000,000.00000043,000.00000000,000.10042902,000.21
Tournament (k=2),Blend,Gaussian,0.78941,0.05705,000.00000000,000.00020175,000.00000381,000.20459816,000.30
Tournament (k=2),Blend,Gaussian,0.47762,0.27490,000.12562561,000.89367849,001.14965439,000.58679307,000.42
Tournament (k=2),Blend,Gaussian,0.91514,0.03686,000.00000000,000.00176721,000.00056076,000.35323134,000.29
Tournament (k=2),Blend,Gaussian,0.88849,0.19383,000.11088562,001.24558163,001.43945503,000.88100046,000.37
Tournament (k=2),Blend,Gaussian,0.72243,0.09637,000.00011063,000.01197681,000.01189041,000.16542235,000.35
Tournament (k=2),Blend,Gaussian,0.42436,0.27490,000.10009766,000.74213022,000.90456581,000.68549293,000.44
Tournament (k=2),Blend,Gaussian,0.58741,0.06226,000.00000000,000.00000410,000.00000000,000.00162359,000.76
Tournament (k=2),Blend,Gaussian,0.46371,0.05228,000.00000000,000.00004759,000.00001144,000.00199946,000.21
Tournament (k=2),Arithmetic,Uniform,0.94259,0.13667,000.01037216,000.41819248,000.34986305,000.69726288,000.28
Tournament (k=2),Blend,Gaussian,0.70139,0.05705,000.00000000,000.00003047,000.00000000,000.10604605,000.24
Tournament (k=2),Blend,Gaussian,0.94259,0.02183,000.00000000,000.07117524,000.00088501,000.55418986,000.21
Tournament (k=2),Blend,Gaussian,0.66113,0.02000,000.00000000,000.00001359,000.00000000,000.23620985,000.25
Tournament (k=2),Blend,Gaussian,0.76642,0.30000,000.32031250,001.77831614,002.05530357,000.83678299,000.48
Tournament (k=2),Blend,Gaussian,0.60503,0.30000,000.04409027,001.29165387,001.50735855,000.70338613,000.54
Tournament (k=2),Blend,Gaussian,0.57030,0.08830,000.00000000,000.00060811,000.00040627,000.11151432,000.27
Tournament (k=2),Blend,Gaussian,0.66113,0.17762,000.01347733,000.66887653,000.91773987,000.64809215,000.36
Tournament (k=2),Blend,Gaussian,0.40000,0.25191,000.02780151,000.70429516,000.90628052,000.62523061,000.39
Tournament (k=2),Blend,Gaussian,0.91514,0.11476,000.00720215,000.32201272,000.26025009,000.63866812,000.31
Tournament (k=2),Blend,Gaussian,0.47762,0.10516,000.00000763,000.00291643,000.00260544,000.02580690,000.27
Tournament (k=2),Blend,Gaussian,0.46371,0.17762,000.01731491,000.28591499,000.28307343,000.43121922,000.38
Tournament (k=2),Blend,Gaussian,0.64187,0.09637,000.00000763,000.00718203,000.00598145,000.15844560,000.28
Tournament (k=2),Blend,Gaussian,0.49195,0.16276,000.01172638,000.19730611,000.21805763,000.37695381,000.37
Tournament (k=2),Blend,Gaussian,0.72243,0.03095,000.00000000,000.00000625,000.00000000,000.27998167,000.27
Tournament (k=2),Blend,Gaussian,0.66113,0.05705,000.00000000,000.00000186,000.00000000,000.07405742,000.24
Tournament (k=2),Blend,Gaussian,0.94259,0.06795,000.00000000,000.00597892,000.00097466,000.13188520,000.28
Tournament (k=2),Blend,Gaussian,0.72243,0.30000,000.14905548,001.55704463,001.91347885,000.94904470,000.45
Tournament (k=2),Blend,Gaussian,0.60503,0.03686,000.00000000,000.00000129,000.00000000,000.07040584,000.25
Tournament (k=2),Blend,Gaussian,0.78941,0.17762,000.02764130,000.92202330,001.20031738,000.82190746,000.39
Tournament (k=2),Blend,Gaussian,0.81310,0.03378,000.00000000,000.00012321,000.00000000,000.41471621,000.28
Tournament (k=2),Blend,Gaussian,0.74410,0.05705,000.00000000,000.00019546,000.00000954,000.14578488,000.30
Tournament (k=2),Blend,Gaussian,0.43709,0.16276,000.01218414,000.15200615,000.16783905,000.36270729,000.31
Tournament (k=2),Blend,Gaussian,0.49195,0.06795,000.00000000,000.00000486,000.00000000,000.00021387,000.28
Tournament (k=2),Blend,Gaussian,0.86261,0.03686,000.00000000,000.00046587,000.00000763,000.30293414,000.24
Tournament (k=2),Blend,Gaussian,0.50670,0.09637,000.00000381,000.00112386,000.00093269,000.02807274,000.26
Tournament (k=2),Blend,Gaussian,0.62318,0.02000,000.00000000,000.00000997,000.00000000,000.01038828,000.30
Tournament (k=2),Blend,Gaussian,0.55369,0.05228,000.00000000,000.00000277,000.00000000,000.00188576,000.23
Tournament (k=2),Arithmetic,Uniform,0.66113,0.27490,000.08423233,001.96134686,002.26871300,001.06976604,000.32
Tournament (k=2),Blend,Gaussian,0.45020,0.08830,000.00000000,000.00015187,000.00009727,000.00222852,000.25
Tournament (k=2),Blend,Gaussian,0.47762,0.03378,000.00000000,000.00012617,000.00002289,000.00469830,000.24
Tournament (k=2),Blend,Gaussian,0.52190,0.04791,000.00000000,000.00000410,000.00000000,000.00296460,000.27
Tournament (k=2),Blend,Gaussian,0.62318,0.06226,000.00000000,000.00001049,000.00000000,000.06390489,000.29
Tournament (k=2),Blend,Gaussian,0.68096,0.03378,000.00000000,000.00000439,000.00000000,000.22269584,000.27
Tournament (k=2),Blend,Gaussian,0.66113,0.06226,000.00000000,000.00000997,000.00000000,000.09928177,000.28
Tournament (k=2),Blend,Gaussian,0.83749,0.06226,000.00000000,000.00103483,000.00003624,000.21045974,000.32
Tournament (k=2),Blend,Gaussian,0.91514,0.12524,000.01890945,000.48360643,000.48047256,000.64063984,000.38
Tournament (k=2),Blend,Gaussian,0.41200,0.17762,000.01425171,000.18048453,000.19046783,000.44483551,000.31
Tournament (k=2),Blend,Gaussian,0.57030,0.27490,000.02060699,000.97183287,001.21533203,000.74680632,000.52
Tournament (k=2),Blend,Gaussian,0.53756,0.10516,000.00003433,000.00857334,000.00676155,000.10924059,000.29
Tournament (k=2),Blend,Gaussian,0.83749,0.19383,000.06254578,001.25623763,001.40957642,000.77662897,000.37
Tournament (k=2),Blend,Gaussian,0.43709,0.05705,000.00000000,000.00001678,000.00000572,000.00198903,000.26
Tournament (k=2),Blend,Gaussian,0.74410,0.06226,000.00000000,000.00021420,000.00000763,000.14969337,000.31
Tournament (k=2),Blend,Gaussian,0.86261,0.11476,000.01217651,000.35957927,000.39925194,000.47360530,000.32
Tournament (k=2),Blend,Gaussian,0.45020,0.03686,000.00000000,000.00016074,000.00002289,000.03463650,000.24
Tournament (k=2),Blend,Gaussian,0.88849,0.02183,000.00000000,000.07318230,000.00030899,000.61480725,000.21
Tournament (k=2),Blend,Gaussian,0.43709,0.17762,000.01171112,000.22186112,000.24147797,000.37508851,000.36
Tournament (k=2),Blend,Gaussian,0.47762,0.03686,000.00000000,000.00006599,000.00001335,000.00640485,000.25
Tournament (k=2),Blend,Gaussian,0.81310,0.10516,000.00178528,000.08641624,000.08924675,000.36747077,000.35
Tournament (k=2),Blend,Gaussian,0.45020,0.09637,000.00000000,000.00064273,000.00059509,000.09925680,000.30
Tournament (k=2),Blend,Gaussian,0.70139,0.17762,000.00859070,000.68368161,000.71068573,000.71060473,000.36
Tournament (k=2),Blend,Gaussian,0.45020,0.25191,000.04447937,000.79880500,000.91174126,000.65369797,000.34
Tournament (k=2),Blend,Gaussian,0.52190,0.05228,000.00000000,000.00000110,000.00000000,000.00221578,000.28
Tournament (k=2),Blend,Gaussian,0.66113,0.06795,000.00000000,000.00005245,000.00000763,000.15726417,000.30
Tournament (k=2),Blend,Gaussian,0.97087,0.04023,000.00000000,000.00137315,000.00015640,000.48043424,000.29
Tournament (k=2),Blend,Gaussian,0.52190,0.16276,000.02896881,000.32209378,000.30480766,000.48596334,000.32
Tournament (k=2),Blend,Gaussian,0.88849,0.06795,000.00000000,000.00059028,000.00023079,000.20485640,000.26
Tournament (k=2),Arithmetic,Uniform,0.94259,0.04390,000.00002289,000.03126311,000.02962303,000.39165050,000.17
Tournament (k=2),Blend,Gaussian,0.83749,0.02000,000.00000000,000.00385599,000.00000000,000.48303637,000.26
Tournament (k=2),Blend,Gaussian,0.50670,0.03686,000.00000000,000.00002418,000.00000381,000.00960993,000.25
Tournament (k=2),Blend,Gaussian,0.64187,0.04023,000.00000000,000.00000167,000.00000000,000.00047826,000.22
Tournament (k=2),Blend,Gaussian,0.58741,0.16276,000.02595901,000.36621252,000.33801651,000.58215207,000.32
Tournament (k=2),Blend,Gaussian,0.55369,0.17762,000.02721786,000.34811395,000.38834953,000.54650056,000.38
Tournament (k=2),Blend,Gaussian,0.94259,0.21153,000.39180756,001.66848302,001.85161018,000.76986700,000.49
Tournament (k=2),Blend,Gaussian,0.74410,0.17762,000.13451767,000.86581165,001.04533768,000.65787375,000.43
Tournament (k=2),Blend,Gaussian,0.68096,0.12524,000.00346756,000.15719581,000.15140152,000.45951045,000.38
Tournament (k=2),Blend,Gaussian,0.50670,0.30000,000.12461853,001.17804492,001.36758423,000.72048652,000.37
Tournament (k=2),Blend,Gaussian,0.76642,0.10516,000.00092316,000.09188537,000.08008194,000.39554963,000.37
Tournament (k=2),Arithmetic,Uniform,0.94259,0.04791,000.00003052,000.02538128,000.02004814,000.48426008,000.17
Tournament (k=2),Blend,Gaussian,0.46371,0.05705,000.00000000,000.00001225,000.00000191,000.00170020,000.22
Tournament (k=2),Blend,Gaussian,0.47762,0.04023,000.00000000,000.00003490,000.00000381,000.00170435,000.31
Tournament (k=2),Blend,Gaussian,0.91514,0.04023,000.00000000,000.00130277,000.00000572,000.36614209,000.29
Tournament (k=2),Blend,Gaussian,0.70139,0.06226,000.00000000,000.00003195,000.00000000,000.02051112,000.25
Tournament (k=2),Blend,Gaussian,0.58741,0.06795,000.00000000,000.00001087,000.00000381,000.10397417,000.29
Tournament (k=2),Blend,Gaussian,0.72243,0.10516,000.00090027,000.06421461,000.05188560,000.35711733,000.35
Tournament (k=2),Blend,Gaussian,0.88849,0.07415,000.00000381,000.00397835,000.00281143,000.20843081,000.29
Tournament (k=2),Arithmetic,Uniform,0.94259,0.14915,000.00987244,000.67187417,001.04511642,000.69805980,000.29
Tournament (k=2),Blend,Gaussian,0.43709,0.19383,000.00966263,000.38028899,000.43405533,000.46181050,000.43
Tournament (k=2),Blend,Gaussian,0.66113,0.02183,000.00000000,000.00000458,000.00000000,000.27492529,000.21
Tournament (k=2),Blend,Gaussian,0.88849,0.21153,000.11857224,001.34841681,001.65724182,000.79053766,000.38
Tournament (k=2),Blend,Gaussian,0.47762,0.30000,000.02247238,000.98480546,001.24049187,000.70929825,000.43
Tournament (k=2),Blend,Gaussian,0.83749,0.02183,000.00000000,000.00157223,000.00000000,000.39125094,000.27
Tournament (k=2),Blend,Gaussian,0.78941,0.02000,000.00000000,000.00186939,000.00000381,000.43389592,000.26
Tournament (k=2),Blend,Gaussian,0.42436,0.30000,000.02661896,000.86715209,001.08181381,000.65542638,000.43
Tournament (k=2),Blend,Gaussian,0.57030,0.09637,000.00000763,000.00352645,000.00338936,000.14290471,000.27
Tournament (k=2),Blend,Gaussian,0.47762,0.11476,000.00005341,000.01181383,000.00940323,000.11773100,000.27
Tournament (k=2),Blend,Gaussian,0.66113,0.19383,000.11043549,000.65591288,000.73781776,000.61247754,000.35
Tournament (k=2),Blend,Gaussian,0.76642,0.11476,000.00654984,000.16552372,000.15000343,000.43578523,000.36
Tournament (k=2),Blend,Gaussian,0.62318,0.17762,000.04124832,000.61992753,000.66942787,000.71535122,000.33
Tournament (k=2),Blend,Gaussian,0.64187,0.10516,000.00015640,000.02162361,000.02142334,000.27317309,000.30
Tournament (k=2),Blend,Gaussian,0.60503,0.04023,000.00000000,000.00000191,000.00000000,000.09930008,000.23
Tournament (k=2),Blend,Gaussian,0.72243,0.03378,000.00000000,000.00001383,000.00000000,000.29379722,000.27
Tournament (k=2),Blend,Gaussian,0.53756,0.25191,000.11351013,000.81642663,001.05529022,000.64977092,000.41
Tournament (k=2),Blend,Gaussian,0.74410,0.02000,000.00000000,000.00005088,000.00000000,000.32487574,000.26
Tournament (k=2),Blend,Gaussian,0.94259,0.07415,000.00000381,000.00782490,000.00480270,000.08286503,000.27
Tournament (k=2),Blend,Gaussian,0.81310,0.03686,000.00000000,000.00014191,000.00000000,000.33631212,000.27
Tournament (k=2),Blend,Gaussian,0.46371,0.19383,000.03476715,000.38480982,000.45030975,000.54093522,000.38
Tournament (k=2),Blend,Gaussian,0.53756,0.03686,000.00000000,000.00004396,000.00000381,000.13953157,000.25
Tournament (k=2),Blend,Gaussian,0.49195,0.17762,000.01724625,000.33504525,000.38449478,000.45176455,000.37
Tournament (k=2),Blend,Gaussian,0.78941,0.02183,000.00000000,000.00581350,000.00000191,000.43376997,000.26
Tournament (k=2),Blend,Gaussian,0.43709,0.02000,000.00000000,000.00115414,000.00032425,000.23715770,000.22
Tournament (k=2),Blend,Gaussian,0.49195,0.07415,000.00000000,000.00002899,000.00001526,000.01424303,000.29
Tournament (k=2),Blend,Gaussian,0.68096,0.27490,000.08271027,001.40343928,001.67182732,000.77668840,000.42
Tournament (k=2),Blend,Gaussian,0.78941,0.19383,000.08489609,001.00890267,001.20739937,000.78786892,000.41
Tournament (k=2),Blend,Gaussian,0.62318,0.02183,000.00000000,000.00005965,000.00000191,000.25456783,000.25
Tournament (k=2),Blend,Gaussian,0.55369,0.05705,000.00000000,000.00000257,000.00000000,000.08660563,000.23
Tournament (k=2),Blend,Gaussian,0.50670,0.10516,000.00001526,000.00582356,000.00605202,000.13692380,000.27
Tournament (k=2),Blend,Gaussian,0.57030,0.02837,000.00000000,000.00002074,000.00000191,000.15524651,000.22
Tournament (k=2),Blend,Gaussian,0.76642,0.03686,000.00000000,000.00018015,000.00000000,000.22303489,000.23
Tournament (k=2),Blend,Gaussian,1.00000,0.02382,000.00000000,000.02401066,000.00053024,000.51389176,000.22
Tournament (k=2),Blend,Gaussian,0.60503,0.04390,000.00000000,000.00000129,000.00000000,000.12854171,000.28
Tournament (k=2),Blend,Gaussian,0.83749,0.06795,000.00000000,000.00058737,000.00026512,000.14254181,000.26
Tournament (k=2),Blend,Gaussian,0.62318,0.06795,000.00000000,000.00001078,000.00000000,000.09128982,000.30
Tournament (k=2),Blend,Gaussian,0.43709,0.06226,000.00000000,000.00003324,000.00001526,000.00196396,000.26
Tournament (k=2),Blend,Gaussian,0.53756,0.11476,000.00113678,000.02627811,000.02497673,000.18080311,000.30
Tournament (k=2),Blend,Gaussian,0.97087,0.12524,000.03967285,000.68648016,000.80041122,000.73858488,000.39
Tournament (k=2),Blend,Gaussian,0.74410,0.06795,000.00000000,000.00025496,000.00006866,000.17492177,000.31
Tournament (k=2),Blend,Gaussian,0.91514,0.13667,000.02207947,000.75217211,001.09962845,000.67597550,000.39
Tournament (k=2),Blend,Gaussian,0.86261,0.12524,000.01439667,000.47054949,000.46948624,000.57485044,000.32
Tournament (k=2),Blend,Gaussian,1.00000,0.07415,000.00004196,000.01323857,000.00517082,000.27236810,000.35
Tournament (k=2),Blend,Gaussian,0.45020,0.10516,000.00001907,000.00301328,000.00267792,000.01371610,000.26
Tournament (k=2),Blend,Gaussian,0.78941,0.06226,000.00000000,000.00017638,000.00000763,000.21443152,000.27
Tournament (k=2),Blend,Gaussian,1.00000,0.02599,000.00000000,000.00100808,000.00026703,000.53741831,000.24
Tournament (k=2),Blend,Gaussian,0.57030,0.30000,000.05858231,001.18919826,001.43406677,000.84242380,000.45
Tournament (k=2),Blend,Gaussian,0.83749,0.21153,000.04671478,001.29814315,001.56422806,000.84366053,000.43
Tournament (k=2),Blend,Gaussian,0.60503,0.11476,000.00021362,000.05524511,000.05536270,000.26994216,000.34
Tournament (k=2),Blend,Gaussian,0.60503,0.04791,000.00000000,000.00000281,000.00000000,000.15052956,000.26
Tournament (k=2),Blend,Gaussian,0.81310,0.11476,000.00663757,000.18749556,000.15669632,000.46777934,000.36
Tournament (k=2),Blend,Gaussian,0.97087,0.04390,000.00000000,000.00255022,000.00022697,000.42548302,000.30
Tournament (k=2),Blend,Gaussian,0.66113,0.07415,000.00000000,000.00010867,000.00003242,000.02464533,000.31
Tournament (k=2),Blend,Gaussian,0.45020,0.27490,000.03980637,000.69457209,000.85496902,000.65425599,000.37
Tournament (k=2),Blend,Gaussian,0.70139,0.19383,000.08718872,000.90245628,001.14529037,000.72160804,000.42
Tournament (k=2),Blend,Gaussian,0.50670,0.04023,000.00000000,000.00001950,000.00000000,000.00159335,000.26
Tournament (k=2),Blend,Gaussian,0.64187,0.04390,000.00000000,000.00000029,000.00000000,000.15475221,000.23
Tournament (k=2),Blend,Gaussian,0.94259,0.02382,000.00000000,000.11563087,000.00016403,000.56599069,000.28
Tournament (k=2),Blend,Gaussian,0.52190,0.17762,000.00730515,000.37089992,000.45022964,000.56062853,000.33
Tournament (k=2),Blend,Gaussian,0.68096,0.30000,000.12802887,001.40479183,001.75159645,000.91465962,000.51
Tournament (k=2),Blend,Gaussian,0.52190,0.02000,000.00000000,000.00024147,000.00005341,000.24475545,000.20
Tournament (k=2),Blend,Gaussian,0.46371,0.06226,000.00000000,000.00000806,000.00000000,000.00082922,000.24
Tournament (k=2),Blend,Gaussian,0.58741,0.17762,000.01476288,000.54256946,000.58381271,000.53700113,000.36
Tournament (k=2),Blend,Gaussian,1.00000,0.08092,000.00011063,000.02663589,000.01956367,000.34711373,000.33
Tournament (k=2),Blend,Gaussian,0.45020,0.11476,000.00003052,000.01023054,000.01203346,000.06650566,000.33
Tournament (k=2),Blend,Gaussian,0.78941,0.06795,000.00000000,000.00038652,000.00004387,000.15381968,000.32
Tournament (k=2),Blend,Gaussian,0.68096,0.13667,000.01681519,000.27686912,000.24512100,000.51994729,000.33
Tournament (k=2),Blend,Uniform,0.40000,0.04390,000.00000000,000.00309963,000.00158882,000.22046013,000.23
Tournament (k=2),Blend,Gaussian,0.55369,0.19383,000.01602173,000.45671088,000.42645645,000.57112354,000.40
Tournament (k=2),Blend,Gaussian,0.70139,0.06795,000.00000000,000.00001931,000.00000763,000.11305769,000.27
Tournament (k=2),Blend,Uniform,0.41200,0.02599,000.00000000,000.02045908,000.00616455,000.42955375,000.21
Tournament (k=2),Blend,Gaussian,0.74410,0.19383,000.02435303,001.03277481,001.21373558,000.70115787,000.41
Tournament (k=2),Blend,Gaussian,0.66113,0.02382,000.00000000,000.00000100,000.00000000,000.19488609,000.21
Tournament (k=2),Blend,Gaussian,0.91514,0.04390,000.00000000,000.00125165,000.00000381,000.37509835,000.31
Tournament (k=2),Blend,Gaussian,0.58741,0.07415,000.00000000,000.00002308,000.00001144,000.00497980,000.30
Tournament (k=2),Blend,Gaussian,0.88849,0.08092,000.00004578,000.01191049,000.00789261,000.23024465,000.28
Tournament (k=2),Blend,Uniform,0.41200,0.08092,000.00000000,000.00122623,000.00084686,000.12601185,000.25
Tournament (k=2),Blend,Gaussian,0.72243,0.11476,000.00045013,000.08491211,000.07991409,000.43653217,000.31
Tournament (k=2),Blend,Gaussian,0.40000,0.27490,000.04138947,000.64582294,000.77580643,000.59363157,000.42
Tournament (k=2),Blend,Uniform,0.41200,0.25191,000.14572525,002.15315390,002.51176071,001.06390929,000.28
Tournament (k=2),Blend,Gaussian,1.00000,0.23084,000.21380615,001.86413610,002.25549126,000.82135266,000.44
Tournament (k=2),Blend,Gaussian,0.49195,0.02000,000.00000000,000.00042429,000.00009918,000.17067005,000.22
Tournament (k=2),Blend,Uniform,0.40000,0.13667,000.02157593,000.48564163,000.51090240,000.66914403,000.38
Tournament (k=2),Blend,Gaussian,0.83749,0.02382,000.00000000,000.00036039,000.00000000,000.36448604,000.24
Tournament (k=2),Blend,Gaussian,0.86261,0.04023,000.00000000,000.00081725,000.00001144,000.25660580,000.23
Tournament (k=2),Blend,Gaussian,0.47762,0.12524,000.00110626,000.03637547,000.03273392,000.21781002,000.28
Tournament (k=2),Blend,Gaussian,0.78941,0.07415,000.00000000,000.00142102,000.00023460,000.19992504,000.31
Tournament (k=2),Blend,Gaussian,0.68096,0.03686,000.00000000,000.00000119,000.00000000,000.06265892,000.26
Tournament (k=2),Blend,Gaussian,0.72243,0.03686,000.00000000,000.00000143,000.00000000,000.25075009,000.28
Tournament (k=2),Blend,Gaussian,0.76642,0.12524,000.00876617,000.25996456,000.27348900,000.46980131,000.32
Tournament (k=2),Blend,Gaussian,0.74410,0.02183,000.00000000,000.00009885,000.00000000,000.33809391,000.27
Tournament (k=2),Blend,Gaussian,0.88849,0.23084,000.20779800,001.68955386,001.84615135,000.80413443,000.43
Tournament (k=2),Blend,Gaussian,0.53756,0.04023,000.00000000,000.00000253,000.00000000,000.00074262,000.25
Tournament (k=2),Blend,Gaussian,0.81310,0.04023,000.00000000,000.00030918,000.00000000,000.42365924,000.29
Tournament (k=2),Blend,Gaussian,0.62318,0.19383,000.04368591,000.76814187,000.88058662,000.67642528,000.37
Tournament (k=2),Blend,Gaussian,0.78941,0.02382,000.00000000,000.00001378,000.00000000,000.33813965,000.24
Tournament (k=2),Blend,Gaussian,0.66113,0.21153,000.07573318,000.86087358,001.12857437,000.77270204,000.42
Tournament (k=2),Blend,Gaussian,0.94259,0.08092,000.00006485,000.02276192,000.01280212,000.23126081,000.36
Tournament (k=2),Blend,Gaussian,0.86261,0.04390,000.00000000,000.00259957,000.00002098,000.38122123,000.27
Tournament (k=2),Blend,Uniform,0.40000,0.14915,000.00616074,000.66930592,000.83924294,000.68017399,000.30
Tournament (k=2),Blend,Gaussian,0.74410,0.21153,000.09204865,001.18945718,001.44400406,000.77406102,000.43
Tournament (k=2),Blend,Gaussian,0.83749,0.02599,000.00000000,000.00021739,000.00000000,000.35363227,000.29
Tournament (k=2),Blend,Gaussian,0.46371,0.21153,000.03926086,000.41560164,000.47376060,000.55722481,000.37
Tournament (k=2),Blend,Gaussian,0.88849,0.02382,000.00000000,000.09311251,000.00013542,000.51720577,000.22
Tournament (k=2),Blend,Gaussian,0.49195,0.19383,000.01362610,000.39573413,000.41810417,000.54957944,000.39
Tournament (k=2),Blend,Gaussian,0.62318,0.02382,000.00000000,000.00001650,000.00000000,000.26966813,000.21
Tournament (k=2),Blend,Gaussian,0.53756,0.27490,000.05127716,001.14435410,001.44473648,000.78491437,000.48
Tournament (k=2),Blend,Uniform,0.42436,0.04791,000.00000000,000.00139055,000.00046349,000.18431713,000.25
Tournament (k=2),Blend,Gaussian,0.55369,0.06226,000.00000000,000.00000520,000.00000000,000.10837607,000.25
Tournament (k=2),Blend,Uniform,0.43709,0.02837,000.00000000,000.00803609,000.00186920,000.42255706,000.23
Tournament (k=2),Blend,Gaussian,0.50670,0.11476,000.00122070,000.01521497,000.01452065,000.13034193,000.29
Tournament (k=2),Blend,Gaussian,0.78941,0.21153,000.14116669,001.09237885,001.31436157,000.73406827,000.38
Tournament (k=2),Blend,Gaussian,0.74410,0.02382,000.00000000,000.00000148,000.00000000,000.19491448,000.29
Tournament (k=2),Blend,Uniform,0.42436,0.14915,000.03087616,000.77163398,001.09426117,000.80176508,000.32
Tournament (k=2),Blend,Gaussian,0.83749,0.07415,000.00000000,000.00337405,000.00094414,000.23439097,000.28
Tournament (k=2),Blend,Gaussian,0.52190,0.05705,000.00000000,000.00000157,000.00000000,000.00081513,000.28
Tournament (k=2),Blend,Gaussian,0.76642,0.04023,000.00000000,000.00007544,000.00000000,000.12625387,000.29
Tournament (k=2),Blend,Uniform,0.43709,0.08830,000.00000000,000.00221109,000.00171852,000.10077415,000.26
Tournament (k=2),Blend,Gaussian,0.62318,0.07415,000.00000000,000.00005407,000.00001907,000.01497310,000.31
Tournament (k=2),Blend,Gaussian,0.53756,0.12524,000.00366974,000.05540576,000.06287003,000.32616466,000.30
Tournament (k=2),Blend,Gaussian,0.58741,0.02000,000.00000000,000.00004549,000.00000572,000.16995405,000.24
Tournament (k=2),Blend,Gaussian,0.74410,0.07415,000.00000000,000.00045972,000.00016022,000.13420850,000.32
Tournament (k=2),Blend,Gaussian,0.91514,0.14915,000.11016083,000.93546408,001.22481346,000.64921814,000.34
Tournament (k=2),Blend,Uniform,0.43709,0.03095,000.00000000,000.00425897,000.00151825,000.36898738,000.24
Tournament (k=2),Blend,Gaussian,0.86261,0.13667,000.04760742,000.64344776,000.76379204,000.61910021,000.37
Tournament (k=2),Blend,Gaussian,0.55369,0.06795,000.00000000,000.00000916,000.00000381,000.00462450,000.27
Tournament (k=2),Blend,Gaussian,0.97087,0.13667,000.03785706,000.79403651,001.08787918,000.72364122,000.39
Tournament (k=2),Blend,Gaussian,0.94259,0.23084,000.52445984,001.79555392,002.14177895,000.82274747,000.44
Tournament (k=2),Blend,Gaussian,0.60503,0.12524,000.00221252,000.07781358,000.08437538,000.34920353,000.35
Tournament (k=2),Blend,Gaussian,0.74410,0.02599,000.00000000,000.00000067,000.00000000,000.27282044,000.26
Tournament (k=2),Blend,Gaussian,0.83749,0.23084,000.17702103,001.43229556,001.69279861,000.82695633,000.38
Tournament (k=2),Blend,Gaussian,0.50670,0.04390,000.00000000,000.00001612,000.00000000,000.00064186,000.26
Tournament (k=2),Blend,Gaussian,0.50670,0.12524,000.00224304,000.04652009,000.05404282,000.29609382,000.34
Tournament (k=2),Blend,Gaussian,0.97087,0.04791,000.00000000,000.00226760,000.00000381,000.33757067,000.31
Tournament (k=2),Blend,Gaussian,0.64187,0.04791,000.00000000,000.00000138,000.00000000,000.17163515,000.23
Tournament (k=2),Blend,Gaussian,0.52190,0.02183,000.00000000,000.00030732,000.00004196,000.17026213,000.20
Tournament (k=2),Blend,Gaussian,0.70139,0.02000,000.00000000,000.00000401,000.00000000,000.30439284,000.20
Tournament (k=2),Blend,Gaussian,0.66113,0.08092,000.00000000,000.00079832,000.00037956,000.14497282,000.31
Tournament (k=2),Blend,Gaussian,0.49195,0.21153,000.01170349,000.57953364,000.62144089,000.52195883,000.39
Tournament (k=2),Blend,Gaussian,0.46371,0.06795,000.00000000,000.00000710,000.00000381,000.00027249,000.23
Tournament (k=2),Blend,Gaussian,0.45020,0.30000,000.07689667,000.99688339,001.23823357,000.76945513,000.37
Tournament (k=2),Blend,Gaussian,0.70139,0.21153,000.05838013,001.03529716,001.29508972,000.73469687,000.38
Tournament (k=2),Blend,Uniform,0.40000,0.04791,000.00000000,000.00315471,000.00113678,000.23122071,000.23
Tournament (k=2),Blend,Gaussian,0.53756,0.13667,000.00210953,000.10654330,000.12348557,000.42920312,000.41
Tournament (k=2),Blend,Gaussian,0.52190,0.19383,000.01071167,000.61556637,000.81091499,000.54450488,000.40
Tournament (k=2),Blend,Uniform,0.41200,0.02837,000.00000000,000.01965895,000.00531769,000.36211020,000.22
Tournament (k=2),Blend,Gaussian,0.57030,0.10516,000.00022125,000.01124921,000.01047516,000.13548581,000.28
Tournament (k=2),Blend,Gaussian,1.00000,0.08830,000.00085449,000.09082337,000.08250427,000.40524852,000.35
Tournament (k=2),Blend,Gaussian,0.70139,0.07415,000.00000000,000.00027447,000.00004005,000.15895969,000.27
Tournament (k=2),Blend,Gaussian,0.91514,0.16276,000.09859467,000.85661936,001.04772377,000.77048808,000.41
Tournament (k=2),Blend,Gaussian,0.64187,0.05228,000.00000000,000.00000038,000.00000000,000.08528915,000.28
Tournament (k=2),Blend,Gaussian,0.88849,0.08830,000.00006866,000.03058362,000.02943039,000.30472717,000.28
Tournament (k=2),Blend,Gaussian,0.64187,0.11476,000.00221252,000.06549420,000.05316544,000.39216939,000.30
Tournament (k=2),Blend,Gaussian,0.91514,0.04791,000.00000000,000.00210509,000.00002861,000.35507062,000.30
Tournament (k=2),Blend,Gaussian,0.68096,0.14915,000.00435638,000.36811972,000.37130356,000.60655481,000.37
Tournament (k=2),Blend,Gaussian,0.58741,0.08092,000.00000000,000.00011601,000.00007629,000.08300472,000.31
Tournament (k=2),Blend,Uniform,0.41200,0.27490,000.19567871,002.30092549,002.51983833,001.02104008,000.29
Tournament (k=2),Blend,Gaussian,0.72243,0.12524,000.01141357,000.16898899,000.15173912,000.48343050,000.32
Tournament (k=2),Blend,Gaussian,0.55369,0.21153,000.04644775,000.55498666,000.53564072,000.66499925,000.45
Tournament (k=2),Blend,Gaussian,0.49195,0.02183,000.00000000,000.00092287,000.00016403,000.23586009,000.23
Tournament (k=2),Blend,Gaussian,0.97087,0.14915,000.08928680,000.98237342,001.32556152,000.77180731,000.56
Tournament (k=2),Blend,Uniform,0.45020,0.05228,000.00000000,000.00032825,000.00021172,000.10223766,000.24
Tournament (k=2),Blend,Gaussian,0.57030,0.03095,000.00000000,000.00001311,000.00000381,000.01647855,000.21
Tournament (k=2),Blend,Gaussian,0.40000,0.30000,000.04007721,000.87073743,001.14567947,000.60785764,000.43
Tournament (k=2),Blend,Uniform,0.45020,0.16276,000.07062531,001.10728526,001.37615776,000.86481637,000.31
Tournament (k=2),Blend,Gaussian,0.72243,0.04023,000.00000000,000.00003271,000.00000000,000.22374925,000.28
Tournament (k=2),Blend,Uniform,0.43709,0.27490,000.19941330,002.07948494,002.40942001,001.25105762,000.34
Tournament (k=2),Blend,Gaussian,0.78941,0.08092,000.00000000,000.00697670,000.00206375,000.13662083,000.32
Tournament (k=2),Blend,Gaussian,1.00000,0.25191,000.20191193,002.18353271,002.45191574,000.86220765,000.45
Tournament (k=2),Blend,Gaussian,0.53756,0.04390,000.00000000,000.00000820,000.00000000,000.00078899,000.26
Tournament (k=2),Blend,Gaussian,0.88849,0.09637,000.00110245,000.08980832,000.08082199,000.38879189,000.34
Tournament (k=2),Blend,Gaussian,0.86261,0.04791,000.00000000,000.00081730,000.00000000,000.26099995,000.24
Tournament (k=2),Blend,Gaussian,0.64187,0.12524,000.00526428,000.12418084,000.12448692,000.40937641,000.35
Tournament (k=2),Blend,Gaussian,0.62318,0.21153,000.02101517,000.73747277,000.95789719,000.63021523,000.35
Tournament (k=2),Blend,Gaussian,0.76642,0.13667,000.01797485,000.41608778,000.34493065,000.65499240,000.39
Tournament (k=2),Blend,Gaussian,0.70139,0.08092,000.00000000,000.00142336,000.00077820,000.12812443,000.39
Tournament (k=2),Blend,Gaussian,0.49195,0.23084,000.03681946,000.67798537,000.85544968,000.60563076,000.65
Tournament (k=2),Blend,Uniform,0.46371,0.03095,000.00000000,000.00815239,000.00203705,000.32327092,000.20
Tournament (k=2),Blend,Gaussian,0.94259,0.08830,000.00064850,000.04173269,000.03987312,000.33232921,000.29
Tournament (k=2),Blend,Gaussian,0.88849,0.25191,000.15817261,001.74069595,002.07268906,000.88725865,000.42
Tournament (k=2),Blend,Gaussian,0.66113,0.23084,000.07418060,001.02039707,001.17093277,000.80974758,000.39
Tournament (k=2),Blend,Uniform,0.40000,0.16276,000.09175110,001.07984614,001.29973030,000.75952756,000.27
Tournament (k=2),Blend,Gaussian,0.83749,0.02837,000.00000000,000.00040965,000.00000000,000.36989707,000.26
Tournament (k=2),Blend,Gaussian,0.62318,0.02599,000.00000000,000.00001817,000.00000000,000.17185824,000.21
Tournament (k=2),Blend,Uniform,0.42436,0.05228,000.00000000,000.00079565,000.00030136,000.19229667,000.21
Tournament (k=2),Blend,Gaussian,0.88849,0.02599,000.00000000,000.00105424,000.00003242,000.49646097,000.22
Tournament (k=2),Blend,Gaussian,1.00000,0.02837,000.00000000,000.00093045,000.00003052,000.40822139,000.29
Tournament (k=2),Blend,Gaussian,0.68096,0.16276,000.01223755,000.45081791,000.50010300,000.59911513,000.58
Tournament (k=2),Blend,Gaussian,0.58741,0.02183,000.00000000,000.00011826,000.00000572,000.23612241,000.21
Tournament (k=2),Blend,Gaussian,0.60503,0.05228,000.00000000,000.00000162,000.00000000,000.10727593,000.29
Tournament (k=2),Blend,Gaussian,0.74410,0.23084,000.10084152,001.32107306,001.58911514,000.82239002,000.44
Tournament (k=2),Blend,Uniform,0.42436,0.16276,000.01783752,001.10905325,001.37500954,000.85958314,000.27
Tournament (k=2),Blend,Uniform,0.43709,0.09637,000.00000000,000.01557279,000.01292419,000.38132030,000.24
Tournament (k=2),Blend,Gaussian,0.83749,0.08092,000.00000763,000.00846815,000.00431442,000.14049888,000.29
Tournament (k=2),Blend,Gaussian,0.52190,0.06226,000.00000000,000.00000229,000.00000000,000.00157737,000.29
Tournament (k=2),Blend,Gaussian,0.76642,0.04390,000.00000000,000.00009532,000.00000000,000.22713034,000.30
Tournament (k=2),Blend,Gaussian,0.94259,0.02599,000.00000000,000.00161576,000.00011063,000.45090175,000.29
Tournament (k=2),Blend,Uniform,0.42436,0.05705,000.00000000,000.00030050,000.00017929,000.09908366,000.22
Tournament (k=2),Blend,Uniform,0.43709,0.03378,000.00000000,000.00565696,000.00132942,000.29010433,000.24
Tournament (k=2),Blend,Gaussian,0.88849,0.02837,000.00000000,000.00265465,000.00004959,000.43876851,000.25
Tournament (k=2),Blend,Gaussian,0.62318,0.08092,000.00000000,000.00042605,000.00020981,000.10254282,000.33
Tournament (k=2),Blend,Gaussian,0.53756,0.30000,000.10968781,001.16839790,001.32886505,000.76477164,000.47
Tournament (k=2),Blend,Gaussian,0.81310,0.12524,000.01469421,000.34390393,000.33133698,000.52921093,000.39
Tournament (k=2),Blend,Uniform,0.40000,0.17762,000.07176208,001.20977330,001.48065567,000.82662308,000.29
Tournament (k=2),Blend,Gaussian,0.78941,0.23084,000.04073334,001.31644559,001.53734207,000.77724361,000.46
Tournament (k=2),Blend,Gaussian,0.62318,0.02837,000.00000000,000.00000596,000.00000000,000.10515483,000.35
Tournament (k=2),Blend,Gaussian,0.86261,0.14915,000.06529999,000.80904180,001.09516716,000.66472590,000.37
Tournament (k=2),Blend,Gaussian,1.00000,0.03095,000.00000000,000.00182166,000.00031281,000.38208479,000.29
Tournament (k=2),Blend,Gaussian,0.74410,0.02837,000.00000000,000.00001979,000.00000000,000.35559559,000.28
Tournament (k=2),Blend,Uniform,0.46371,0.09637,000.00017929,000.03541465,000.02958298,000.34713653,000.29
Tournament (k=2),Blend,Gaussian,0.66113,0.02599,000.00000000,000.00000944,000.00000000,000.16961557,000.22
Tournament (k=2),Blend,Uniform,0.43709,0.10516,000.00025177,000.06621857,000.06250763,000.31827298,000.31
Tournament (k=2),Blend,Gaussian,0.50670,0.13667,000.00606918,000.08789177,000.10367584,000.28462693,000.31
Tournament (k=2),Blend,Gaussian,0.52190,0.02382,000.00000000,000.00016165,000.00005531,000.09915164,000.21
Tournament (k=2),Blend,Gaussian,0.70139,0.02183,000.00000000,000.00000429,000.00000000,000.34261131,000.21
Tournament (k=2),Blend,Gaussian,0.60503,0.13667,000.00538635,000.16729555,000.17773438,000.35644680,000.33
Tournament (k=2),Blend,Gaussian,0.97087,0.05228,000.00000000,000.00075841,000.00000572,000.39369348,000.26
Tournament (k=2),Blend,Uniform,0.47762,0.05705,000.00000000,000.00026116,000.00012589,000.16947499,000.23
Tournament (k=2),Blend,Uniform,0.41200,0.08830,000.00000763,000.00347610,000.00254250,000.19983175,000.27
Tournament (k=2),Blend,Gaussian,0.83749,0.25191,000.26605988,001.69862711,001.92943001,000.86761642,000.41
Tournament (k=2),Blend,Gaussian,0.83749,0.08830,000.00003052,000.01926422,000.01400757,000.26912835,000.39
Tournament (k=2),Blend,Uniform,0.46371,0.30000,000.33898163,002.76259184,003.25195694,001.37232924,000.36
Tournament (k=2),Blend,Gaussian,0.66113,0.25191,000.04869843,001.20887387,001.41373444,000.75366187,000.66
Tournament (k=2),Blend,Uniform,0.40000,0.05228,000.00000000,000.00134048,000.00080490,000.14382328,000.24
Tournament (k=2),Blend,Gaussian,0.66113,0.08830,000.00000381,000.00217957,000.00137711,000.08760212,000.37
Tournament (k=2),Blend,Uniform,0.41200,0.03095,000.00000000,000.00682364,000.00382805,000.21619856,000.23
Tournament (k=2),Blend,Gaussian,0.64187,0.05705,000.00000000,000.00000739,000.00000000,000.11589843,000.24
Tournament (k=2),Blend,Uniform,0.46371,0.10516,000.00020599,000.07017002,000.07049370,000.38664842,000.29
Tournament (k=2),Blend,Gaussian,0.58741,0.08830,000.00000000,000.00094638,000.00072670,000.18471716,000.28
Tournament (k=2),Blend,Gaussian,0.68096,0.04023,000.00000000,000.00000019,000.00000000,000.10009042,000.29
Tournament (k=2),Blend,Gaussian,1.00000,0.09637,000.00268936,000.22841315,000.23274040,000.51719147,000.31
Tournament (k=2),Blend,Gaussian,0.52190,0.21153,000.06370544,000.67902577,000.89019203,000.60775083,000.38
Tournament (k=2),Blend,Gaussian,0.53756,0.14915,000.00443268,000.24672151,000.19492531,000.43455315,000.39
Tournament (k=2),Blend,Gaussian,0.78941,0.25191,000.01603699,001.58328402,001.81329918,000.88748026,000.44
Tournament (k=2),Blend,Gaussian,0.91514,0.05228,000.00000000,000.00412593,000.00003052,000.29431483,000.32
Tournament (k=2),Blend,Gaussian,0.70139,0.23084,000.12737656,001.09921169,001.37527847,000.76468134,000.44
Tournament (k=2),Blend,Gaussian,0.78941,0.02599,000.00000000,000.00011148,000.00000000,000.35072905,000.28
Tournament (k=2),Blend,Uniform,0.41200,0.30000,000.99871826,002.64739943,003.10514069,001.09647894,000.29
Tournament (k=2),Blend,Gaussian,0.97087,0.05705,000.00000000,000.00436444,000.00015831,000.23717336,000.32
Tournament (k=2),Blend,Gaussian,0.83749,0.09637,000.00089264,000.04532375,000.05099297,000.20363861,000.32
Tournament (k=2),Blend,Gaussian,0.91514,0.17762,000.06132889,001.24721742,001.47325134,000.78276527,000.43
Tournament (k=2),Blend,Gaussian,0.49195,0.02382,000.00000000,000.00037003,000.00009346,000.11347453,000.24
Tournament (k=2),Blend,Gaussian,0.57030,0.03378,000.00000000,000.00001297,000.00000000,000.00236345,000.21
Tournament (k=2),Blend,Uniform,0.45020,0.05705,000.00000000,000.00035572,000.00010681,000.14089541,000.25
Tournament (k=2),Blend,Gaussian,0.55369,0.23084,000.04563904,000.86594772,001.16289520,000.74301863,000.39
Tournament (k=2),Blend,Gaussian,0.72243,0.04390,000.00000000,000.00002627,000.00000000,000.29951155,000.28
Tournament (k=2),Blend,Gaussian,0.53756,0.04791,000.00000000,000.00000505,000.00000000,000.09899607,000.22
Tournament (k=2),Blend,Uniform,0.45020,0.17762,000.07479858,001.38331223,001.63055992,000.86421269,000.31
Tournament (k=2),Blend,Uniform,0.46371,0.11476,000.00288391,000.24489737,000.19211197,000.52117944,000.34
Tournament (k=2),Blend,Uniform,0.46371,0.03378,000.00000000,000.00317569,000.00052452,000.25184354,000.19
Tournament (k=2),Blend,Gaussian,0.86261,0.05228,000.00000000,000.00043144,000.00000000,000.20065512,000.25
Tournament (k=2),Blend,Gaussian,0.72243,0.13667,000.02011871,000.27542615,000.24824524,000.50706518,000.53
Tournament (k=2),Blend,Uniform,0.43709,0.30000,000.31532288,002.40071821,002.73141098,001.25486338,000.35
Tournament (k=2),Blend,Gaussian,0.78941,0.08830,000.00001526,000.01092248,000.00792122,000.22399937,000.34
Tournament (k=2),Blend,Gaussian,0.88849,0.10516,000.00504303,000.13260493,000.13953781,000.46716565,000.30
Tournament (k=2),Blend,Gaussian,0.97087,0.16276,000.08912659,001.10408485,001.36505127,000.75163460,000.48
Tournament (k=2),Blend,Gaussian,0.64187,0.13667,000.00728607,000.23704748,000.26728249,000.50710791,000.32
Tournament (k=2),Blend,Gaussian,0.70139,0.08830,000.00011444,000.00753479,000.00314713,000.13523172,000.31
Tournament (k=2),Blend,Uniform,0.47762,0.17762,000.34753799,001.75175452,001.99569511,000.90331388,000.32
Tournament (k=2),Blend,Gaussian,0.58741,0.09637,000.00003815,000.00524015,000.00379753,000.14470571,000.49
Tournament (k=2),Blend,Gaussian,1.00000,0.27490,000.54780579,002.05284548,002.27126122,000.89897490,000.45
Tournament (k=2),Blend,Gaussian,0.83749,0.03095,000.00000000,000.00048175,000.00000000,000.39346844,000.23
Tournament (k=2),Blend,Gaussian,0.62318,0.23084,000.06040955,000.96042186,001.15089417,000.62645179,000.37
Tournament (k=2),Blend,Gaussian,0.94259,0.09637,000.00247192,000.13774505,000.10161781,000.40631640,000.35
Tournament (k=2),Blend,Gaussian,0.74410,0.08092,000.00000381,000.00105190,000.00081253,000.05240151,000.30
Tournament (k=2),Blend,Uniform,0.49195,0.03378,000.00000000,000.00233321,000.00080109,000.25491428,000.19
Tournament (k=2),Blend,Gaussian,0.78941,0.27490,000.03252029,001.63380206,002.02026558,001.00602663,000.53
Tournament (k=2),Blend,Gaussian,0.76642,0.14915,000.01195908,000.48043567,000.49148369,000.69973505,000.42
Tournament (k=2),Blend,Gaussian,0.58741,0.02382,000.00000000,000.00002537,000.00000000,000.17155847,000.21
Tournament (k=2),Blend,Gaussian,0.55369,0.07415,000.00000000,000.00004773,000.00001526,000.00405772,000.26
Tournament (k=2),Blend,Gaussian,0.72243,0.04791,000.00000000,000.00001435,000.00000000,000.26191121,000.35
Tournament (k=2),Blend,Uniform,0.42436,0.06226,000.00000000,000.00082536,000.00021744,000.21795551,000.21
Tournament (k=2),Blend,Gaussian,0.60503,0.05705,000.00000000,000.00000558,000.00000000,000.09956680,000.30
Tournament (k=2),Blend,Uniform,0.42436,0.17762,000.06819534,001.30836129,001.54826736,001.05640292,000.27
Tournament (k=2),Blend,Gaussian,0.88849,0.03095,000.00000000,000.00288033,000.00000954,000.44733587,000.23
Tournament (k=2),Blend,Uniform,0.43709,0.03686,000.00000000,000.00219741,000.00035286,000.30358839,000.24
Tournament (k=2),Blend,Gaussian,0.94259,0.02837,000.00000000,000.04075212,000.00027084,000.55364215,000.26
Tournament (k=2),Blend,Gaussian,0.55369,0.02000,000.00000000,000.00011945,000.00002289,000.26109862,000.25
Tournament (k=2),Blend,Gaussian,0.52190,0.06795,000.00000000,000.00000954,000.00000381,000.08082045,000.30
Tournament (k=2),Blend,Gaussian,0.46371,0.02000,000.00000000,000.00079865,000.00019836,000.27054989,000.19
Tournament (k=2),Blend,Gaussian,0.76642,0.04791,000.00000000,000.00005665,000.00000000,000.10840469,000.30
Tournament (k=2),Blend,Gaussian,0.68096,0.17762,000.02696991,000.71510994,001.09178352,000.66997170,000.42
Tournament (k=2),Blend,Gaussian,0.88849,0.27490,000.15435028,001.93941760,002.24633026,001.03956234,000.66
Tournament (k=2),Blend,Gaussian,0.62318,0.03095,000.00000000,000.00000238,000.00000000,000.00315531,000.27
Tournament (k=2),Blend,Gaussian,0.62318,0.08830,000.00000000,000.00168853,000.00110054,000.04173338,000.33
Tournament (k=2),Blend,Gaussian,0.94259,0.25191,000.15602112,001.83903146,002.19804382,000.96755934,000.48
Tournament (k=2),Blend,Gaussian,0.81310,0.13667,000.00754929,000.44491944,000.45479012,000.58225161,000.35
Tournament (k=2),Blend,Gaussian,0.74410,0.08830,000.00004196,000.01309004,000.00623131,000.17907196,000.35
Tournament (k=2),Blend,Gaussian,0.74410,0.25191,000.26171112,001.40954041,001.64443588,000.73670846,000.45
Tournament (k=2),Blend,Gaussian,0.55369,0.08092,000.00000000,000.00009184,000.00005531,000.01877105,000.30
Tournament (k=2),Blend,Uniform,0.42436,0.06795,000.00000000,000.00035815,000.00011253,000.09915933,000.23
Tournament (k=2),Blend,Uniform,0.50670,0.02000,000.00000000,000.01611118,000.00140762,000.41754895,000.18
Tournament (k=2),Blend,Gaussian,0.66113,0.02837,000.00000000,000.00001621,000.00000000,000.21910439,000.22
Tournament (k=2),Blend,Gaussian,0.86261,0.16276,000.01715851,000.97210234,001.19235992,000.82414573,000.36
Tournament (k=2),Blend,Gaussian,0.72243,0.05228,000.00000000,000.00004601,000.00000000,000.19130693,000.30
Tournament (k=2),Blend,Gaussian,0.52190,0.02599,000.00000000,000.00016208,000.00005531,000.09898087,000.21
Tournament (k=2),Blend,Gaussian,0.46371,0.02183,000.00000000,000.00207863,000.00074005,000.26470360,000.20
Tournament (k=2),Blend,Uniform,0.49195,0.10516,000.00059128,000.12158117,000.12972260,000.50158328,000.28
Tournament (k=2),Blend,Gaussian,0.94259,0.03095,000.00000000,000.03862457,000.00073051,000.48702565,000.28
Tournament (k=2),Blend,Gaussian,0.57030,0.11476,000.00038528,000.03470335,000.03508568,000.14649336,000.29
Tournament (k=2),Blend,Uniform,0.47762,0.06226,000.00000000,000.00018511,000.00006294,000.17331529,000.22
Tournament (k=2),Blend,Uniform,0.47762,0.02000,000.00000000,000.15569325,000.01401711,000.45920983,000.22
Tournament (k=2),Blend,Gaussian,0.62318,0.03378,000.00000000,000.00000091,000.00000000,000.00508684,000.25
Tournament (k=2),Blend,Gaussian,0.81310,0.04390,000.00000000,000.00062280,000.00000000,000.32896557,000.29
Tournament (k=2),Blend,Uniform,0.40000,0.05705,000.00000000,000.00049272,000.00016212,000.00909590,000.24
Tournament (k=2),Blend,Uniform,0.41200,0.03378,000.00000000,000.00520205,000.00162125,000.30629799,000.23
Tournament (k=2),Blend,Gaussian,0.62318,0.09637,000.00000763,000.00561886,000.00587654,000.14764620,000.31
Tournament (k=2),Blend,Gaussian,0.60503,0.14915,000.00928116,000.36847335,000.31168175,000.50265688,000.38
Tournament (k=2),Blend,Gaussian,0.64187,0.06226,000.00000000,000.00001159,000.00000381,000.13583755,000.25
Tournament (k=2),Blend,Uniform,0.50670,0.06226,000.00000000,000.00023379,000.00005722,000.23927017,000.26
Tournament (k=2),Blend,Gaussian,0.66113,0.09637,000.00008774,000.00934219,000.00814438,000.19870646,000.34
Tournament (k=2),Blend,Gaussian,0.68096,0.04390,000.00000000,000.00000205,000.00000000,000.01168793,000.30
Tournament (k=2),Blend,Uniform,0.42436,0.02000,000.00000000,000.09819589,000.01891708,000.56393850,000.18
Tournament (k=2),Blend,Gaussian,0.94259,0.03378,000.00000000,000.00068002,000.00000381,000.50115937,000.24
Tournament (k=2),Blend,Uniform,0.47762,0.06795,000.00000000,000.00030284,000.00013733,000.10097973,000.23
Tournament (k=2),Blend,Gaussian,0.91514,0.05705,000.00000000,000.00137124,000.00004387,000.25180709,000.32
Tournament (k=2),Blend,Uniform,0.47762,0.02183,000.00000000,000.03798699,000.00249672,000.45737857,000.24
Tournament (k=2),Blend,Uniform,0.50670,0.19383,000.32056808,002.01168203,002.30572319,000.88368750,000.34
Tournament (k=2),Blend,Uniform,0.52190,0.03686,000.00000000,000.00179076,000.00012779,000.32688215,000.24
Tournament (k=2),Blend,Gaussian,0.66113,0.27490,000.18967438,001.27033830,001.44922066,000.88606650,000.45
Tournament (k=2),Blend,Gaussian,0.52190,0.23084,000.02253723,000.74489045,000.91196632,000.71399212,000.36
Tournament (k=2),Blend,Gaussian,0.97087,0.06226,000.00000000,000.00109563,000.00015068,000.18158430,000.27
Tournament (k=2),Blend,Gaussian,0.57030,0.03686,000.00000000,000.00001888,000.00000000,000.00326312,000.22
Tournament (k=2),Blend,Gaussian,0.70139,0.25191,000.06542206,001.21338809,001.46998978,000.87308669,000.41
Tournament (k=2),Blend,Gaussian,0.57030,0.12524,000.00174713,000.07367802,000.09547615,000.21857910,000.40
Tournament (k=2),Blend,Uniform,0.45020,0.06226,000.00000000,000.00038004,000.00015640,000.13919723,000.25
Tournament (k=2),Blend,Gaussian,0.83749,0.10516,000.00045776,000.11589441,000.13139725,000.34304386,000.33
Tournament (k=2),Blend,Uniform,0.52190,0.11476,000.00060272,000.41248244,000.43046570,000.65767497,000.30
Tournament (k=2),Blend,Gaussian,1.00000,0.10516,000.01429749,000.40098628,000.33409882,000.64909321,000.52
Tournament (k=2),Blend,Uniform,0.46371,0.03686,000.00000000,000.00220385,000.00073242,000.21215260,000.19
Tournament (k=2),Blend,Uniform,0.46371,0.12524,000.00369263,000.49973172,000.56781387,000.61792195,000.27
Tournament (k=2),Blend,Uniform,0.53756,0.02183,000.00000000,000.03956528,000.00036621,000.51686478,000.22
Tournament (k=2),Blend,Uniform,0.45020,0.02000,000.00000000,000.18501587,000.01493073,000.57606745,000.23
Tournament (k=2),Blend,Gaussian,0.86261,0.05705,000.00000000,000.00073252,000.00003242,000.23891798,000.25
Tournament (k=2),Blend,Gaussian,0.91514,0.19383,000.00820923,001.31411004,001.54706764,000.89232415,000.44
Tournament (k=2),Blend,Uniform,0.45020,0.19383,000.21837616,001.65337586,002.05091095,001.00155163,000.32
Tournament (k=2),Blend,Gaussian,0.68096,0.04791,000.00000000,000.00000811,000.00000000,000.10832246,000.35
Tournament (k=2),Blend,Gaussian,0.88849,0.11476,000.01620483,000.33572364,000.26603127,000.70303559,000.32
Tournament (k=2),Blend,Gaussian,0.58741,0.19383,000.01768112,000.63524008,000.84443665,000.56726545,000.40
Tournament (k=2),Blend,Gaussian,0.55369,0.25191,000.04282379,000.93875152,001.14412498,000.65610737,000.42
Tournament (k=2),Blend,Gaussian,0.78941,0.09637,000.00077057,000.03488398,000.03919411,000.27134660,000.35
Tournament (k=2),Blend,Gaussian,0.72243,0.14915,000.01974487,000.53832400,000.51003456,000.68809462,000.39
Tournament (k=2),Blend,Uniform,0.45020,0.06795,000.00000000,000.00023489,000.00015259,000.04243740,000.25
Tournament (k=2),Blend,Gaussian,0.64187,0.14915,000.00310516,000.37575769,000.37939453,000.55154848,000.33
Tournament (k=2),Blend,Gaussian,0.70139,0.09637,000.00014114,000.01746764,000.01652908,000.12855501,000.33
Tournament (k=2),Blend,Uniform,0.53756,0.06795,000.00000000,000.00022717,000.00005531,000.14542879,000.26
Tournament (k=2),Blend,Gaussian,0.83749,0.03378,000.00000000,000.00040407,000.00000000,000.34615803,000.22
Tournament (k=2),Blend,Gaussian,0.57030,0.13667,000.00765991,000.17580238,000.18927193,000.45770666,000.34
Tournament (k=2),Blend,Uniform,0.49195,0.03686,000.00000000,000.00077920,000.00019264,000.24937655,000.20
Tournament (k=2),Blend,Gaussian,0.97087,0.17762,000.10970306,001.14968717,001.41393471,000.77697486,000.42
Tournament (k=2),Blend,Uniform,0.40000,0.19383,000.23788452,001.55631256,001.89994049,000.91394442,000.27
Tournament (k=2),Blend,Gaussian,0.58741,0.02599,000.00000000,000.00003090,000.00000000,000.17005961,000.21
Tournament (k=2),Blend,Gaussian,0.70139,0.27490,000.08370209,001.35917354,001.68184662,000.94958168,000.43
Tournament (k=2),Blend,Gaussian,1.00000,0.03378,000.00000000,000.00247846,000.00032234,000.51700562,000.23
Tournament (k=2),Blend,Gaussian,0.62318,0.25191,000.01436234,001.13545763,001.38115311,000.64675951,000.36
Tournament (k=2),Blend,Gaussian,0.94259,0.10516,000.00772858,000.22239771,000.23933983,000.47275892,000.36
Tournament (k=2),Blend,Gaussian,0.74410,0.03095,000.00000000,000.00000257,000.00000000,000.23882680,000.27
Tournament (k=2),Blend,Uniform,0.43709,0.04023,000.00000000,000.00203791,000.00090218,000.25520962,000.23
Tournament (k=2),Blend,Gaussian,1.00000,0.30000,000.10991669,002.34667540,002.69427872,001.08125699,000.46
Tournament (k=2),Blend,Gaussian,0.70139,0.02382,000.00000000,000.00001101,000.00000000,000.17284532,000.21
Tournament (k=2),Blend,Gaussian,0.55369,0.02183,000.00000000,000.00016303,000.00000763,000.19479755,000.24
Tournament (k=2),Blend,Gaussian,0.52190,0.07415,000.00000000,000.00004058,000.00001335,000.00655552,000.25
Tournament (k=2),Blend,Gaussian,0.76642,0.16276,000.05649567,000.71673363,000.86724472,000.69366568,000.39
Tournament (k=2),Blend,Uniform,0.43709,0.11476,000.00104141,000.26510715,000.18859291,000.59151965,000.28
Tournament (k=2),Blend,Gaussian,0.78941,0.10516,000.00395584,000.07111850,000.07047462,000.35404119,000.36
Tournament (k=2),Blend,Uniform,0.41200,0.09637,000.00000000,000.02018442,000.01686668,000.26196358,000.23
Tournament (k=2),Blend,Gaussian,0.78941,0.30000,000.20747375,001.87011111,002.15204620,000.89804423,000.46
Tournament (k=2),Blend,Gaussian,0.76642,0.05228,000.00000000,000.00001101,000.00000000,000.20417832,000.29
Tournament (k=2),Blend,Gaussian,0.72243,0.16276,000.04993057,000.55430907,000.55541420,000.64846617,000.39
Tournament (k=2),Blend,Uniform,0.50670,0.02183,000.00000000,000.01136641,000.00078773,000.48720467,000.18
Tournament (k=2),Blend,Uniform,0.42436,0.07415,000.00000000,000.00021372,000.00013924,000.13943760,000.21
Tournament (k=2),Blend,Gaussian,0.68096,0.19383,000.16578674,000.89095056,001.12293434,000.68502027,000.41
Tournament (k=2),Blend,Gaussian,0.66113,0.03095,000.00000000,000.00000114,000.00000000,000.19711195,000.22
Tournament (k=2),Blend,Gaussian,0.88849,0.30000,000.18472290,001.95217896,002.29251671,000.95846599,000.41
Tournament (k=2),Blend,Gaussian,0.55369,0.08830,000.00000000,000.00059323,000.00055313,000.01872531,000.28
Tournament (k=2),Blend,Gaussian,0.97087,0.19383,000.10684204,001.54908717,001.84469414,000.77100134,000.43
Tournament (k=2),Blend,Gaussian,0.72243,0.05705,000.00000000,000.00010076,000.00000381,000.13511641,000.25
Tournament (k=2),Blend,Gaussian,0.81310,0.14915,000.05440903,000.59561414,000.69895172,000.59852040,000.39
Tournament (k=2),Blend,Uniform,0.49195,0.11476,000.00414276,000.26367736,000.26986885,000.53561759,000.25
Tournament (k=2),Blend,Uniform,0.53756,0.21153,000.16172791,002.19834256,002.55350685,001.15447319,000.29
Tournament (k=2),Blend,Gaussian,0.62318,0.27490,000.20291901,001.22752261,001.41509438,000.76246202,000.41
Tournament (k=2),Blend,Gaussian,0.94259,0.11476,000.03043365,000.39155251,000.41294479,000.51415783,000.40
Tournament (k=2),Blend,Uniform,0.40000,0.06226,000.00000000,000.00093536,000.00052071,000.21657966,000.22
Tournament (k=2),Blend,Gaussian,0.78941,0.02837,000.00000000,000.00009103,000.00000000,000.33908609,000.27
Tournament (k=2),Blend,Gaussian,0.94259,0.27490,000.20644379,002.06974697,002.39230728,000.95423436,000.47
Tournament (k=2),Blend,Gaussian,0.81310,0.04791,000.00000000,000.00030718,000.00000000,000.23861510,000.28
Tournament (k=2),Blend,Uniform,0.41200,0.03686,000.00000000,000.00188808,000.00059891,000.25337726,000.22
Tournament (k=2),Blend,Gaussian,0.78941,0.11476,000.01009369,000.23741150,000.18372917,000.59901369,000.35
Tournament (k=2),Blend,Gaussian,0.86261,0.17762,000.10761261,001.20330024,001.44322205,000.81827706,000.39
Tournament (k=2),Blend,Gaussian,0.74410,0.27490,000.28810883,001.64755440,001.91024780,000.90989244,000.47
Tournament (k=2),Blend,Uniform,0.55369,0.04023,000.00000000,000.00015450,000.00003242,000.28893265,000.20
Tournament (k=2),Blend,Uniform,0.42436,0.02183,000.00000000,000.04178924,000.02059364,000.47452614,000.18
Tournament (k=2),Blend,Uniform,0.50670,0.06795,000.00000000,000.00014563,000.00002480,000.10039753,000.26
Tournament (k=2),Blend,Gaussian,0.62318,0.10516,000.00038910,000.02610960,000.02567673,000.19534469,000.33
Tournament (k=2),Blend,Gaussian,0.94259,0.03686,000.00000000,000.00201268,000.00032997,000.39704648,000.24
Tournament (k=2),Blend,Uniform,0.47762,0.07415,000.00000000,000.00043788,000.00023079,000.11014704,000.22
Tournament (k=2),Blend,Uniform,0.52190,0.04023,000.00000000,000.00125298,000.00005341,000.29886618,000.20
Tournament (k=2),Blend,Uniform,0.47762,0.02382,000.00000000,000.13269091,000.01074982,000.47483835,000.22
Tournament (k=2),Blend,Uniform,0.55369,0.12524,000.00712585,000.70188767,000.90483665,000.78784096,000.31
Tournament (k=2),Blend,Gaussian,0.60503,0.16276,000.01410294,000.36343676,000.36292648,000.51360124,000.39
Tournament (k=2),Blend,Gaussian,0.66113,0.10516,000.00133514,000.02994685,000.02761078,000.19071059,000.34
Tournament (k=2),Blend,Gaussian,0.97087,0.06795,000.00000000,000.00467958,000.00128937,000.21263565,000.27
Tournament (k=2),Blend,Uniform,0.46371,0.04023,000.00000000,000.00183229,000.00034332,000.25419495,000.20
Tournament (k=2),Blend,Uniform,0.53756,0.23084,000.40023041,002.36238289,002.74854279,001.21473408,000.35
Tournament (k=2),Blend,Gaussian,0.94259,0.12524,000.00807953,000.55996722,000.62801361,000.74372530,000.38
Tournament (k=2),Blend,Uniform,0.53756,0.02382,000.00000000,000.01012120,000.00045204,000.48063022,000.19
Tournament (k=2),Blend,Uniform,0.52190,0.12524,000.04524612,000.66241443,000.75161362,000.77061117,000.30
Tournament (k=2),Blend,Gaussian,0.52190,0.25191,000.09042740,000.96550256,001.17593956,000.79239190,000.38
Tournament (k=2),Blend,Gaussian,0.83749,0.11476,000.00886154,000.25708890,000.21921730,000.54339600,000.32
Tournament (k=2),Blend,Uniform,0.47762,0.19383,000.43449402,001.74648786,002.04136467,000.97347528,000.32
Tournament (k=2),Blend,Uniform,0.45020,0.02183,000.00000000,000.06066327,000.01452255,000.48927024,000.22
Tournament (k=2),Blend,Gaussian,1.00000,0.11476,000.05054474,000.49159628,000.52905273,000.64037502,000.37
Tournament (k=2),Blend,Uniform,0.46371,0.13667,000.01988983,000.78908515,001.10855103,000.75423580,000.30
Tournament (k=2),Blend,Uniform,0.45020,0.21153,000.02114868,002.02125740,002.37088966,001.05924082,000.28
Tournament (k=2),Blend,Gaussian,0.94259,0.04023,000.00000000,000.00080881,000.00004959,000.30255353,000.30
Tournament (k=2),Blend,Gaussian,0.68096,0.05228,000.00000000,000.00000720,000.00000000,000.19795188,000.26
Tournament (k=2),Blend,Gaussian,0.66113,0.30000,000.16388321,001.43718565,001.70664215,000.89989507,000.50
Tournament (k=2),Blend,Gaussian,0.94259,0.30000,000.37832260,002.09848094,002.43634605,000.95637625,000.48
Tournament (k=2),Blend,Gaussian,0.88849,0.12524,000.02234650,000.46961060,000.45047760,000.63656574,000.32
Tournament (k=2),Blend,Uniform,0.53756,0.02599,000.00000000,000.00262074,000.00015640,000.37275168,000.20
Tournament (k=2),Blend,Gaussian,0.88849,0.03378,000.00000000,000.03127990,000.00012779,000.56381863,000.26
Tournament (k=2),Blend,Uniform,0.42436,0.19383,000.06575775,001.50772285,001.72995567,000.88251233,000.27
Tournament (k=2),Blend,Gaussian,0.83749,0.03686,000.00000000,000.00026517,000.00000000,000.30750284,000.23
Tournament (k=2),Blend,Gaussian,0.58741,0.21153,000.01288986,000.73609406,001.01821709,000.68481231,000.37
Tournament (k=2),Blend,Gaussian,0.91514,0.21153,000.20272827,001.57995188,001.84026527,000.86837441,000.44
Tournament (k=2),Blend,Uniform,0.49195,0.04023,000.00000000,000.00141797,000.00067329,000.31190643,000.23
Tournament (k=2),Blend,Uniform,0.53756,0.07415,000.00000000,000.00091772,000.00014305,000.17403357,000.27
Tournament (k=2),Blend,Uniform,0.53756,0.25191,000.42905426,002.41511965,002.85518074,001.23442912,000.36
Tournament (k=2),Blend,Gaussian,0.70139,0.10516,000.00105286,000.03779030,000.03823471,000.22662981,000.34
Tournament (k=2),Blend,Gaussian,0.57030,0.14915,000.01087189,000.27713704,000.29067230,000.51040304,000.32
Tournament (k=2),Blend,Uniform,0.40000,0.21153,000.24464417,001.65435374,001.94101334,000.92390466,000.27
Tournament (k=2),Blend,Gaussian,0.55369,0.27490,000.04717636,001.05723548,001.27861977,000.75632244,000.47
Tournament (k=2),Blend,Gaussian,0.58741,0.02837,000.00000000,000.00001149,000.00000000,000.10207919,000.25
Tournament (k=2),Blend,Gaussian,0.68096,0.02000,000.00000000,000.00000610,000.00000000,000.21809374,000.25
Tournament (k=2),Blend,Uniform,0.40000,0.02000,000.00000000,000.16380572,000.03142548,000.58832359,000.18
Tournament (k=2),Blend,Gaussian,0.68096,0.05705,000.00000000,000.00000191,000.00000000,000.10097446,000.29
Tournament (k=2),Blend,Gaussian,0.70139,0.02599,000.00000000,000.00000196,000.00000000,000.24225330,000.21
Tournament (k=2),Blend,Uniform,0.43709,0.04390,000.00000000,000.00088325,000.00066757,000.21753289,000.23
Tournament (k=2),Blend,Gaussian,0.97087,0.02000,000.00000000,000.09991889,000.00039291,000.55707937,000.27
Tournament (k=2),Blend,Gaussian,0.55369,0.02382,000.00000000,000.00006175,000.00000381,000.00711099,000.24
Tournament (k=2),Blend,Uniform,0.57030,0.02382,000.00000000,000.01911860,000.00024033,000.45854169,000.19
Tournament (k=2),Blend,Gaussian,1.00000,0.12524,000.01103210,000.61469400,000.72585297,000.73057586,000.38
Tournament (k=2),Blend,Gaussian,0.52190,0.08092,000.00000000,000.00004478,000.00002289,000.09895863,000.27
Tournament (k=2),Blend,Uniform,0.41200,0.10516,000.00018311,000.04101186,000.03183746,000.25556275,000.23
Tournament (k=2),Blend,Gaussian,0.70139,0.30000,000.08278656,001.29753768,001.55147552,000.83081436,000.41
Tournament (k=2),Blend,Gaussian,0.81310,0.02000,000.00000000,000.00005226,000.00000000,000.29075527,000.20
Tournament (k=2),Blend,Uniform,0.43709,0.12524,000.00732422,000.44672713,000.40631485,000.58927363,000.29
Tournament (k=2),Blend,Gaussian,0.91514,0.02000,000.00000000,000.00163484,000.00006676,000.54287159,000.21
Tournament (k=2),Blend,Gaussian,0.68096,0.02183,000.00000000,000.00000358,000.00000000,000.21713352,000.24
Tournament (k=2),Blend,Uniform,0.57030,0.07415,000.00000000,000.00073190,000.00036621,000.19656059,000.26
Tournament (k=2),Blend,Uniform,0.40000,0.23084,000.02667999,001.63396966,002.01812744,001.11207318,000.28
Tournament (k=2),Blend,Gaussian,0.76642,0.17762,000.06267166,000.92993402,001.16686630,000.70234317,000.40
Tournament (k=2),Blend,Gaussian,0.76642,0.05705,000.00000000,000.00001798,000.00000000,000.15412493,000.30
Tournament (k=2),Blend,Uniform,0.43709,0.04791,000.00000000,000.00067248,000.00022888,000.12324038,000.24
Tournament (k=2),Blend,Uniform,0.57030,0.23084,000.39601898,002.70763135,002.99753189,001.25695527,000.29
Tournament (k=2),Blend,Uniform,0.49195,0.12524,000.01863098,000.58939582,000.66546249,000.71755916,000.26
Tournament (k=2),Blend,Gaussian,0.57030,0.04023,000.00000000,000.00000124,000.00000000,000.00109508,000.22
Tournament (k=2),Blend,Gaussian,0.72243,0.17762,000.01513672,000.67785084,000.78091049,000.68220168,000.42
Tournament (k=2),Blend,Gaussian,0.91514,0.06226,000.00000000,000.00136309,000.00032997,000.20381455,000.32
Tournament (k=2),Blend,Gaussian,0.68096,0.21153,000.05094910,001.00941944,001.29142761,000.70387167,000.41
Tournament (k=2),Blend,Gaussian,0.81310,0.05228,000.00000000,000.00011964,000.00000000,000.12407235,000.24
Tournament (k=2),Blend,Uniform,0.41200,0.04023,000.00000000,000.00320096,000.00136566,000.31156975,000.20
Tournament (k=2),Blend,Gaussian,0.78941,0.03095,000.00000000,000.00004621,000.00000000,000.29476666,000.28
Tournament (k=2),Blend,Uniform,0.50670,0.21153,000.22858429,002.03126836,002.54677010,001.02039766,000.34
Tournament (k=2),Blend,Uniform,0.41200,0.11476,000.00204468,000.12154641,000.11104965,000.42950752,000.33
Tournament (k=2),Blend,Gaussian,0.81310,0.16276,000.12331772,000.91245383,001.15252304,000.71591759,000.43
Tournament (k=2),Blend,Uniform,0.42436,0.02382,000.00000000,000.08042970,000.00203705,000.48166615,000.18
Tournament (k=2),Blend,Uniform,0.55369,0.04390,000.00000000,000.00002599,000.00000000,000.10175159,000.21
Tournament (k=2),Blend,Gaussian,0.97087,0.21153,000.14685440,001.66621661,001.94930649,000.86014372,000.49
Tournament (k=2),Blend,Gaussian,0.62318,0.30000,000.05514908,001.28445172,001.49366760,000.87735522,000.46
Tournament (k=2),Blend,Uniform,0.58741,0.04390,000.00000000,000.00005245,000.00000191,000.19546951,000.26
Tournament (k=2),Blend,Uniform,0.47762,0.08092,000.00000000,000.00126147,000.00035477,000.20419890,000.23
Tournament (k=2),Blend,Uniform,0.52190,0.04390,000.00000000,000.00016451,000.00002289,000.20105518,000.21
Tournament (k=2),Blend,Gaussian,0.78941,0.12524,000.00431824,000.30194420,000.22568130,000.51347703,000.36
Tournament (k=2),Blend,Gaussian,0.86261,0.06226,000.00000000,000.00283284,000.00011826,000.22776620,000.27
Tournament (k=2),Blend,Uniform,0.50670,0.07415,000.00000000,000.00042233,000.00025940,000.14689197,000.27
Tournament (k=2),Blend,Gaussian,0.86261,0.19383,000.11953354,001.33973765,001.63159561,000.80061352,000.40
Tournament (k=2),Blend,Gaussian,0.76642,0.06226,000.00000000,000.00009050,000.00000381,000.17943135,000.42
Tournament (k=2),Blend,Uniform,0.40000,0.25191,000.08442688,002.08011866,002.48449326,000.95668972,000.44
Tournament (k=2),Blend,Uniform,0.46371,0.04390,000.00000000,000.00063505,000.00034714,000.18266086,000.24
Tournament (k=2),Blend,Uniform,0.55369,0.13667,000.03436661,001.00828493,001.20293808,000.97980177,000.32
Tournament (k=2),Blend,Uniform,0.45020,0.07415,000.00000000,000.00042124,000.00021553,000.14262924,000.25
Tournament (k=2),Blend,Uniform,0.58741,0.13667,000.05572510,001.16880703,001.32650375,000.88938695,000.28
Tournament (k=2),Blend,Gaussian,0.66113,0.11476,000.00310516,000.07373977,000.07070351,000.30540055,000.33
Tournament (k=2),Blend,Gaussian,0.97087,0.07415,000.00000381,000.00715804,000.00315666,000.24926721,000.34
Tournament (k=2),Blend,Uniform,0.52190,0.13667,000.07720947,000.92917264,001.19632339,000.83269536,000.31
Tournament (k=2),Blend,Gaussian,0.64187,0.16276,000.04002380,000.53049904,000.58296585,000.54860318,000.35
Tournament (k=2),Blend,Uniform,0.45020,0.02382,000.00000000,000.02103686,000.00675774,000.43338725,000.22
Tournament (k=2),Blend,Gaussian,0.83749,0.12524,000.00592041,000.38506851,000.38810158,000.58386272,000.32
Tournament (k=2),Blend,Gaussian,0.60503,0.17762,000.02666092,000.55150801,000.54585266,000.66625214,000.40
Tournament (k=2),Blend,Gaussian,0.76642,0.19383,000.05187225,000.94958103,001.29577065,000.88682556,000.58
Tournament (k=2),Blend,Gaussian,0.91514,0.06795,000.00000000,000.00295901,000.00041580,000.15212676,000.46
Tournament (k=2),Blend,Gaussian,0.94259,0.13667,000.04494858,000.70269436,000.76872253,000.67923063,000.40
Tournament (k=2),Blend,Gaussian,0.86261,0.06795,000.00000000,000.00131683,000.00018883,000.21309891,000.28
Tournament (k=2),Blend,Uniform,0.46371,0.14915,000.07893753,000.83582127,001.14597130,000.85525787,000.31
Tournament (k=2),Blend,Uniform,0.47762,0.21153,000.40121460,002.09182787,002.49582291,001.04599380,000.32
Tournament (k=2),Blend,Gaussian,1.00000,0.03686,000.00000000,000.00195947,000.00102425,000.35580564,000.23
Tournament (k=2),Blend,Uniform,0.50670,0.08092,000.00000000,000.00171814,000.00081253,000.10169064,000.28
Tournament (k=2),Blend,Uniform,0.53756,0.02837,000.00000000,000.00454125,000.00014496,000.51063520,000.20
Tournament (k=2),Blend,Gaussian,0.94259,0.04390,000.00000000,000.00239463,000.00000954,000.30843517,000.30
Tournament (k=2),Blend,Gaussian,0.83749,0.27490,000.25990677,001.88803101,002.11744690,000.90119493,000.41
Tournament (k=2),Blend,Gaussian,0.74410,0.03378,000.00000000,000.00000529,000.00000000,000.27775374,000.28
Tournament (k=2),Blend,Uniform,0.49195,0.04390,000.00000000,000.00038981,000.00009155,000.20586079,000.20
Tournament (k=2),Blend,Gaussian,0.88849,0.03686,000.00000000,000.00030761,000.00000000,000.44767886,000.24
Tournament (k=2),Blend,Gaussian,0.74410,0.09637,000.00027466,000.02905617,000.02488136,000.27826753,000.34
Tournament (k=2),Blend,Uniform,0.50670,0.02382,000.00000000,000.00591426,000.00054169,000.39168712,000.20
Tournament (k=2),Blend,Gaussian,0.83749,0.04023,000.00000000,000.00145736,000.00000191,000.37014088,000.29
Tournament (k=2),Blend,Uniform,0.53756,0.08092,000.00000000,000.00364771,000.00167084,000.21948805,000.27
Tournament (k=2),Blend,Gaussian,0.88849,0.13667,000.04110336,000.69619012,000.91018105,000.66605771,000.34
Tournament (k=2),Blend,Uniform,0.42436,0.21153,000.32851410,001.64237440,001.83763885,000.90400004,000.32
Tournament (k=2),Blend,Uniform,0.40000,0.02183,000.00000000,000.12033577,000.03394699,000.50779682,000.17
Tournament (k=2),Blend,Gaussian,0.58741,0.03095,000.00000000,000.00001330,000.00000000,000.00162925,000.26
Tournament (k=2),Blend,Gaussian,0.91514,0.07415,000.00000000,000.00586524,000.00164986,000.11716659,000.34
Tournament (k=2),Blend,Gaussian,0.58741,0.23084,000.02274323,000.91367751,001.22197914,000.74193966,000.40
Tournament (k=2),Blend,Gaussian,0.66113,0.03378,000.00000000,000.00000100,000.00000000,000.16972215,000.22
Tournament (k=2),Blend,Gaussian,0.86261,0.07415,000.00000381,000.00514421,000.00197411,000.26221579,000.31
Tournament (k=2),Blend,Gaussian,0.70139,0.11476,000.00140381,000.12364116,000.13567352,000.39380258,000.36
Tournament (k=2),Blend,Gaussian,0.70139,0.02837,000.00000000,000.00000181,000.00000000,000.32293168,000.21
Tournament (k=2),Blend,Uniform,0.46371,0.16276,000.01972961,001.31207538,001.58390999,000.93717158,000.33
Tournament (k=2),Blend,Gaussian,0.91514,0.23084,000.29032898,001.66606772,001.86445045,000.80644631,000.45
Tournament (k=2),Blend,Uniform,0.57030,0.02599,000.00000000,000.00126991,000.00020027,000.37848639,000.19
Tournament (k=2),Blend,Gaussian,0.94259,0.04791,000.00000000,000.00165653,000.00003242,000.39119390,000.31
Tournament (k=2),Blend,Gaussian,0.55369,0.02599,000.00000000,000.00003448,000.00000381,000.17007686,000.24
Tournament (k=2),Blend,Uniform,0.40000,0.02382,000.00000000,000.04845257,000.01826286,000.44414267,000.18
Tournament (k=2),Blend,Uniform,0.60503,0.02599,000.00000000,000.00118780,000.00000763,000.36385491,000.20
Tournament (k=2),Blend,Gaussian,0.97087,0.02183,000.00000000,000.00617442,000.00051880,000.50647330,000.28
Tournament (k=2),Blend,Gaussian,0.72243,0.06226,000.00000000,000.00012321,000.00000381,000.18595017,000.30
Tournament (k=2),Blend,Gaussian,0.72243,0.02000,000.00000000,000.00000110,000.00000000,000.22636163,000.20
Tournament (k=2),Blend,Uniform,0.40000,0.06795,000.00000000,000.00042381,000.00026894,000.10605296,000.24
Tournament (k=2),Blend,Gaussian,1.00000,0.13667,000.03245926,000.88355672,001.17779922,000.71657127,000.34
Tournament (k=2),Blend,Uniform,0.60503,0.08092,000.00001144,000.01278820,000.00443268,000.30043048,000.24
Tournament (k=2),Blend,Gaussian,0.91514,0.02183,000.00000000,000.10555349,000.00044250,000.55202579,000.27
Tournament (k=2),Blend,Gaussian,0.83749,0.30000,000.42245865,001.79745412,001.99373817,000.91446972,000.47
Tournament (k=2),Blend,Uniform,0.57030,0.08092,000.00000000,000.00575709,000.00218010,000.18356887,000.28
Tournament (k=2),Blend,Gaussian,0.57030,0.04390,000.00000000,000.00000272,000.00000000,000.00050871,000.23
Tournament (k=2),Blend,Uniform,0.43709,0.13667,000.02854156,000.69112170,000.93688202,000.62054229,000.30
Tournament (k=2),Blend,Uniform,0.41200,0.04390,000.00000000,000.00182104,000.00144958,000.17086321,000.19
Tournament (k=2),Blend,Uniform,0.40000,0.02599,000.00000000,000.08635068,000.01955605,000.45597228,000.21
Tournament (k=2),Blend,Uniform,0.57030,0.25191,000.62377930,002.49601126,002.77376366,001.28279853,000.30
Tournament (k=2),Blend,Uniform,0.47762,0.02599,000.00000000,000.01649776,000.00174141,000.45499805,000.22
Tournament (k=2),Blend,Uniform,0.49195,0.13667,000.02804565,000.93821448,001.18081665,000.84532064,000.30
Tournament (k=2),Blend,Uniform,0.41200,0.12524,000.00463486,000.33216056,000.30561829,000.57116562,000.25
Tournament (k=2),Blend,Gaussian,0.97087,0.02382,000.00000000,000.00076275,000.00018692,000.45391205,000.29
Tournament (k=2),Blend,Gaussian,0.70139,0.12524,000.01374435,000.12042622,000.10617447,000.40214181,000.39
Tournament (k=2),Blend,Uniform,0.42436,0.02599,000.00000000,000.07743259,000.01733780,000.47123143,000.17
Tournament (k=2),Blend,Gaussian,0.72243,0.19383,000.07656860,000.95207548,001.18208694,000.69050175,000.36
Tournament (k=2),Blend,Uniform,0.55369,0.04791,000.00000000,000.00002055,000.00000572,000.09896177,000.21
Tournament (k=2),Blend,Uniform,0.60503,0.25191,000.31029510,002.92814970,003.33120155,001.28821838,000.35
Tournament (k=2),Blend,Uniform,0.50670,0.23084,000.07666016,002.40018344,002.77180672,001.15615928,000.33
Tournament (k=2),Blend,Gaussian,0.74410,0.30000,000.07611847,001.66341662,001.96545410,000.90516400,000.46
Tournament (k=2),Blend,Uniform,0.47762,0.08830,000.00000381,000.00472112,000.00411034,000.18386430,000.23
Tournament (k=2),Blend,Gaussian,0.86261,0.02000,000.00000000,000.00070667,000.00000000,000.43795362,000.25
Tournament (k=2),Blend,Uniform,0.52190,0.04791,000.00000000,000.00018787,000.00004196,000.16964601,000.24
Tournament (k=2),Blend,Uniform,0.58741,0.04791,000.00000000,000.00005207,000.00001144,000.19504395,000.25
Tournament (k=2),Blend,Gaussian,0.81310,0.17762,000.12789536,001.05823779,001.26182556,000.72808588,000.41
Tournament (k=2),Blend,Uniform,0.45020,0.23084,000.77566147,002.18113232,002.41119576,001.09862697,000.28
Tournament (k=2),Blend,Uniform,0.40000,0.27490,000.02514267,002.29525781,002.56566429,001.11071491,000.28
Tournament (k=2),Blend,Gaussian,0.76642,0.06795,000.00000000,000.00014215,000.00004578,000.17039624,000.31
Tournament (k=2),Blend,Uniform,0.45020,0.08092,000.00000000,000.00106845,000.00047684,000.04847248,000.25
Tournament (k=2),Blend,Uniform,0.41200,0.13667,000.02254868,000.48033923,000.56830215,000.63447595,000.29
Tournament (k=2),Blend,Uniform,0.62318,0.04791,000.00000000,000.00004334,000.00000381,000.17030209,000.26
Tournament (k=2),Blend,Uniform,0.58741,0.14915,000.13425064,001.45966685,001.70996475,001.01393270,000.27
Tournament (k=2),Blend,Gaussian,0.86261,0.21153,000.08518982,001.38423014,001.61596680,000.75597554,000.37
Tournament (k=2),Blend,Gaussian,0.78941,0.13667,000.03810501,000.34925285,000.37771034,000.66651630,000.38
Tournament (k=2),Blend,Gaussian,0.76642,0.02000,000.00000000,000.09909777,000.00000000,000.55070704,000.23
Tournament (k=2),Blend,Gaussian,0.97087,0.23084,000.26228333,001.76951087,002.09644318,000.88652533,000.44
Tournament (k=2),Blend,Uniform,0.55369,0.14915,000.12928009,001.25997651,001.46200943,000.92290056,000.32
Tournament (k=2),Blend,Uniform,0.52190,0.14915,000.07097244,001.22390521,001.44384575,000.83144563,000.31
Tournament (k=2),Blend,Gaussian,0.97087,0.08092,000.00012970,000.02914519,000.01884460,000.30213767,000.34
Tournament (k=2),Blend,Uniform,0.52190,0.05228,000.00000000,000.00011010,000.00002480,000.16609618,000.25
Tournament (k=2),Blend,Gaussian,0.64187,0.17762,000.02708054,000.68412280,000.83219337,000.64240295,000.36
Tournament (k=2),Blend,Uniform,0.53756,0.27490,000.16297531,002.65585661,003.06168365,001.34904289,000.30
Tournament (k=2),Blend,Gaussian,0.83749,0.13667,000.04159927,000.59685010,000.70264244,000.63416260,000.32
Tournament (k=2),Blend,Uniform,0.62318,0.14915,000.10536957,001.44681942,001.66272736,001.04315007,000.32
Tournament (k=2),Blend,Uniform,0.42436,0.08092,000.00000000,000.00057235,000.00029182,000.10362358,000.22
Tournament (k=2),Blend,Uniform,0.53756,0.03095,000.00000000,000.00187740,000.00020218,000.36439237,000.20
Tournament (k=2),Blend,Gaussian,1.00000,0.04023,000.00000000,000.00728307,000.00135803,000.45581725,000.24
Tournament (k=2),Blend,Uniform,0.45020,0.25191,000.33554840,002.14027834,002.42387772,001.13871133,000.32
Tournament (k=2),Blend,Uniform,0.49195,0.04791,000.00000000,000.00019102,000.00006676,000.13980603,000.21
Tournament (k=2),Blend,Uniform,0.50670,0.08830,000.00000000,000.00849209,000.00794029,000.18740140,000.23
Tournament (k=2),Blend,Uniform,0.47762,0.23084,000.45367432,002.07315350,002.39115143,001.07538927,000.33
Tournament (k=2),Blend,Gaussian,0.74410,0.03686,000.00000000,000.00001755,000.00000000,000.25909761,000.27
Tournament (k=2),Blend,Gaussian,0.81310,0.19383,000.11949539,000.92970705,001.21991730,000.72917986,000.42
Tournament (k=2),Blend,Gaussian,0.57030,0.16276,000.02132797,000.33718556,000.35828209,000.50598609,000.36
Tournament (k=2),Blend,Gaussian,0.83749,0.04390,000.00000000,000.00059547,000.00000191,000.21034870,000.26
Tournament (k=2),Blend,Uniform,0.64187,0.02837,000.00000000,000.00019627,000.00000000,000.40248746,000.21
Tournament (k=2),Blend,Gaussian,0.74410,0.10516,000.00140381,000.07104798,000.06447983,000.34212193,000.34
Tournament (k=2),Blend,Uniform,0.53756,0.08830,000.00003052,000.04073849,000.01853180,000.38400877,000.28
Tournament (k=2),Blend,Uniform,0.55369,0.16276,000.17717361,001.51399207,001.79607582,000.96199274,000.33
Tournament (k=2),Blend,Gaussian,0.66113,0.03686,000.00000000,000.00000319,000.00000000,000.09900146,000.23
Tournament (k=2),Blend,Gaussian,0.86261,0.23084,000.06804657,001.52543020,001.80125809,000.98470891,000.45
Tournament (k=2),Blend,Uniform,0.43709,0.05228,000.00000000,000.00025578,000.00014687,000.10012078,000.24
Tournament (k=2),Blend,Gaussian,0.97087,0.25191,000.44852448,002.06298590,002.33020020,000.78977633,000.46
Tournament (k=2),Blend,Gaussian,0.88849,0.14915,000.04823303,000.80757821,001.05599785,000.69457072,000.36
Tournament (k=2),Blend,Uniform,0.50670,0.09637,000.00012207,000.03642769,000.03214836,000.24832678,000.27
Tournament (k=2),Blend,Uniform,0.57030,0.02837,000.00000000,000.00052156,000.00001144,000.31589684,000.20
Tournament (k=2),Blend,Uniform,0.53756,0.30000,000.38212967,002.97402525,003.37052536,001.19766855,000.35
Tournament (k=2),Blend,Gaussian,0.86261,0.08092,000.00001526,000.01249561,000.00520325,000.21744604,000.28
Tournament (k=2),Blend,Gaussian,0.91514,0.08092,000.00000000,000.00640731,000.00397682,000.06641290,000.33
Tournament (k=2),Blend,Uniform,0.46371,0.17762,000.01471710,001.55272412,001.69443130,000.92934644,000.29
Tournament (k=2),Blend,Gaussian,0.83749,0.14915,000.03665161,000.74037522,001.04127693,000.71943289,000.42
Tournament (k=2),Blend,Uniform,0.60503,0.02837,000.00000000,000.00027685,000.00000000,000.36277300,000.21
Tournament (k=2),Blend,Gaussian,0.55369,0.02837,000.00000000,000.00004354,000.00000000,000.06627576,000.25
Tournament (k=2),Blend,Gaussian,0.94259,0.05228,000.00000000,000.00100174,000.00000763,000.24592794,000.31
Tournament (k=2),Blend,Gaussian,0.58741,0.25191,000.12697220,000.92161912,001.12775421,000.72520858,000.41
Tournament (k=2),Blend,Gaussian,0.81310,0.05705,000.00000000,000.00130601,000.00002670,000.25435168,000.25
Tournament (k=2),Blend,Gaussian,0.72243,0.02183,000.00000000,000.00001068,000.00000000,000.29639232,000.21
Tournament (k=2),Blend,Gaussian,0.78941,0.03378,000.00000000,000.00011835,000.00000000,000.32823947,000.28
Tournament (k=2),Blend,Uniform,0.40000,0.07415,000.00000000,000.00057530,000.00053787,000.01767339,000.25
Tournament (k=2),Blend,Gaussian,0.91514,0.02382,000.00000000,000.03805142,000.00007820,000.44159710,000.21
Tournament (k=2),Blend,Gaussian,0.72243,0.06795,000.00000000,000.00018673,000.00002480,000.27079785,000.31
Tournament (k=2),Blend,Uniform,0.60503,0.08830,000.00007629,000.05245562,000.04625702,000.39672413,000.26
Tournament (k=2),Blend,Gaussian,0.57030,0.04791,000.00000000,000.00000262,000.00000000,000.09911117,000.27
Tournament (k=2),Blend,Uniform,0.57030,0.08830,000.00004578,000.02283216,000.01563644,000.28578001,000.29
Tournament (k=2),Blend,Uniform,0.42436,0.02837,000.00000000,000.05282264,000.00632477,000.44336435,000.19
Tournament (k=2),Blend,Uniform,0.43709,0.14915,000.03675842,000.73497462,000.97390556,000.73419493,000.31
Tournament (k=2),Blend,Uniform,0.46371,0.04791,000.00000000,000.00083232,000.00056458,000.22531858,000.20
Tournament (k=2),Blend,Uniform,0.47762,0.02837,000.00000000,000.01726174,000.00120926,000.39516923,000.23
Tournament (k=2),Blend,Uniform,0.55369,0.05228,000.00000000,000.00009933,000.00001144,000.16384102,000.21
Tournament (k=2),Blend,Uniform,0.57030,0.27490,000.69318008,002.79883814,003.14290047,001.27782655,000.31
Tournament (k=2),Blend,Gaussian,0.97087,0.02599,000.00000000,000.06834541,000.00053024,000.54021215,000.29
Tournament (k=2),Blend,Uniform,0.64187,0.08830,000.00006866,000.13893518,000.08836555,000.55472177,000.30
Tournament (k=2),Blend,Uniform,0.45020,0.02599,000.00000000,000.02021513,000.00478172,000.41987047,000.20
Tournament (k=2),Blend,Gaussian,0.91514,0.25191,000.21774673,001.90073335,002.20431137,000.86679232,000.68
Tournament (k=2),Blend,Uniform,0.46371,0.19383,000.03073120,001.76078963,002.04343224,000.93739551,000.41
Tournament (k=2),Blend,Uniform,0.50670,0.10516,000.00096512,000.13373891,000.11230469,000.45940384,000.51
Tournament (k=2),Blend,Uniform,0.49195,0.14915,000.07391739,000.99270725,001.22233772,000.80516881,000.41
Tournament (k=2),Blend,Uniform,0.47762,0.09637,000.00022888,000.03300414,000.02825165,000.32832476,000.24
Tournament (k=2),Blend,Gaussian,0.86261,0.02183,000.00000000,000.06292453,000.00006104,000.59385419,000.21
Tournament (k=2),Blend,Gaussian,0.78941,0.03686,000.00000000,000.00003252,000.00000000,000.28895885,000.33
Tournament (k=2),Blend,Gaussian,0.72243,0.02382,000.00000000,000.00001898,000.00000000,000.22170211,000.44
Tournament (k=2),Blend,Gaussian,1.00000,0.14915,000.05891418,000.97437537,001.31513977,000.83715570,000.60
Tournament (k=2),Blend,Gaussian,0.72243,0.21153,000.02597809,001.08473086,001.33808899,000.87061054,000.47
Tournament (k=2),Blend,Uniform,0.50670,0.25191,000.48355865,002.45296812,002.87181473,001.09589589,000.36
Tournament (k=2),Blend,Uniform,0.58741,0.05228,000.00000000,000.00003672,000.00001144,000.20251860,000.28
Tournament (k=2),Blend,Uniform,0.41200,0.14915,000.07786560,000.75349414,000.90000725,000.69367957,000.28
Tournament (k=2),Blend,Uniform,0.45020,0.08830,000.00000000,000.00678239,000.00373650,000.20352273,000.29
Tournament (k=2),Blend,Uniform,0.40000,0.30000,000.76597977,002.67889905,003.08569717,001.06348431,000.30
Tournament (k=2),Blend,Uniform,0.58741,0.16276,000.21228790,001.58264792,001.85940933,001.11239207,000.30
Tournament (k=2),Blend,Gaussian,0.86261,0.08830,000.00012970,000.03446240,000.03220940,000.42754161,000.62
Tournament (k=2),Blend,Uniform,0.62318,0.05228,000.00000000,000.00003920,000.00000381,000.21457823,000.27
Tournament (k=2),Blend,Gaussian,0.76642,0.07415,000.00000000,000.00116138,000.00037384,000.12199703,000.34
Tournament (k=2),Blend,Gaussian,0.88849,0.04023,000.00000000,000.00051937,000.00000000,000.43434995,000.24
Tournament (k=2),Blend,Gaussian,0.68096,0.06226,000.00000000,000.00000591,000.00000000,000.16751179,000.32
Tournament (k=2),Blend,Gaussian,0.76642,0.21153,000.03332901,001.20030439,001.46396065,000.74534816,000.42
Tournament (k=2),Blend,Gaussian,0.94259,0.14915,000.06567764,000.84247476,001.10997200,000.71367967,000.42
Tournament (k=2),Blend,Gaussian,0.76642,0.02183,000.00000000,000.00006537,000.00000000,000.34543368,000.27
Tournament (k=2),Blend,Uniform,0.50670,0.02599,000.00000000,000.00736785,000.00115967,000.34948301,000.22
Tournament (k=2),Blend,Gaussian,0.81310,0.02183,000.00000000,000.00070729,000.00000000,000.43049774,000.21
Tournament (k=2),Blend,Uniform,0.42436,0.08830,000.00000000,000.00339103,000.00131226,000.15856731,000.22
Tournament (k=2),Blend,Uniform,0.52190,0.05705,000.00000000,000.00005827,000.00001526,000.14136724,000.26
Tournament (k=2),Blend,Gaussian,0.78941,0.14915,000.01724243,000.68821317,000.88528824,000.74560726,000.39
Tournament (k=2),Blend,Uniform,0.49195,0.05228,000.00000000,000.00013933,000.00002289,000.13928743,000.21
Tournament (k=2),Blend,Uniform,0.53756,0.03378,000.00000000,000.00125842,000.00007057,000.28453577,000.24
Tournament (k=2),Blend,Gaussian,0.70139,0.03095,000.00000000,000.00000019,000.00000000,000.09919465,000.22
Tournament (k=2),Blend,Gaussian,1.00000,0.04390,000.00000000,000.00335774,000.00000000,000.35672462,000.24
Tournament (k=2),Blend,Gaussian,0.97087,0.08830,000.00027466,000.04365535,000.03533363,000.37557450,000.35
Tournament (k=2),Blend,Uniform,0.52190,0.16276,000.18138504,001.49277830,001.69878006,000.91956192,000.37
Tournament (k=2),Blend,Uniform,0.42436,0.23084,000.24293518,002.12244225,002.53592491,001.06854832,000.32
Tournament (k=2),Blend,Uniform,0.62318,0.16276,000.15741730,001.85526884,002.16641235,001.07756913,000.33
Tournament (k=2),Blend,Gaussian,0.64187,0.19383,000.02667236,000.75376570,000.97854424,000.61548471,000.36
Tournament (k=2),Blend,Uniform,0.50670,0.02837,000.00000000,000.00856786,000.00057793,000.38830736,000.21
Tournament (k=2),Blend,Gaussian,0.74410,0.04023,000.00000000,000.00000367,000.00000000,000.25845277,000.28
Tournament (k=2),Blend,Gaussian,0.83749,0.04791,000.00000000,000.00104775,000.00000191,000.32206735,000.24
Tournament (k=2),Blend,Uniform,0.45020,0.27490,000.08563995,002.39034128,002.74432564,001.33174360,000.34
Tournament (k=2),Blend,Uniform,0.47762,0.25191,000.17911148,002.32863426,002.63887024,001.22502196,000.32
Tournament (k=2),Blend,Uniform,0.66113,0.05228,000.00000000,000.00004163,000.00000381,000.23966190,000.25
Tournament (k=2),Blend,Gaussian,0.64187,0.02000,000.00000000,000.00005813,000.00000000,000.31105787,000.20
Tournament (k=2),Blend,Uniform,0.53756,0.09637,000.00007629,000.08299508,000.07232666,000.42939782,000.28
Tournament (k=2),Blend,Uniform,0.43709,0.05705,000.00000000,000.00065165,000.00037384,000.07094106,000.24
Tournament (k=2),Blend,Uniform,0.57030,0.03095,000.00000000,000.00008726,000.00000572,000.34366202,000.19
Tournament (k=2),Blend,Uniform,0.64187,0.27490,000.58048630,003.01734400,003.29813385,001.27099121,000.41
Tournament (k=2),Blend,Uniform,0.66113,0.16276,000.38394928,002.14683557,002.45120621,001.17484355,000.29
Tournament (k=2),Blend,Uniform,0.55369,0.02000,000.00000000,000.10113521,000.00077057,000.55110979,000.20
Tournament (k=2),Blend,Uniform,0.55369,0.17762,000.16336823,001.71079481,001.93042183,001.02970445,000.30
Tournament (k=2),Blend,Gaussian,1.00000,0.04791,000.00000000,000.00278645,000.00002289,000.29315394,000.29
Tournament (k=2),Blend,Gaussian,0.74410,0.11476,000.00656891,000.15178700,000.16094398,000.39407232,000.35
Tournament (k=2),Blend,Uniform,0.41200,0.04791,000.00000000,000.00091152,000.00046730,000.16057201,000.23
Tournament (k=2),Blend,Gaussian,0.88849,0.16276,000.06491470,001.04591906,001.34992409,000.74791986,000.35
Tournament (k=2),Blend,Gaussian,0.81310,0.21153,000.16181183,001.39065385,001.62677383,000.78205967,000.51
Tournament (k=2),Blend,Gaussian,0.86261,0.25191,000.49154663,001.74989283,002.03629875,000.81278723,000.39
Tournament (k=2),Blend,Gaussian,0.83749,0.05228,000.00000000,000.00064902,000.00000000,000.29810983,000.28
Tournament (k=2),Blend,Uniform,0.60503,0.03095,000.00000000,000.00109191,000.00000191,000.37223920,000.24
Tournament (k=2),Blend,Uniform,0.68096,0.03095,000.00000000,000.02475996,000.00000381,000.41350222,000.25
Tournament (k=2),Blend,Gaussian,0.91514,0.08830,000.00045776,000.05222668,000.04333496,000.44337326,000.34
Tournament (k=2),Blend,Uniform,0.45020,0.30000,000.57473755,002.40242076,002.86420822,001.24341238,000.35
Tournament (k=2),Blend,Uniform,0.47762,0.27490,000.26664734,002.56895375,002.91798973,001.27532184,000.35
Tournament (k=2),Blend,Gaussian,0.91514,0.02599,000.00000000,000.00758967,000.00001144,000.44931471,000.23
Tournament (k=2),Blend,Uniform,0.40000,0.08092,000.00000000,000.00095711,000.00044632,000.01287229,000.26
Tournament (k=2),Blend,Gaussian,0.94259,0.05705,000.00000000,000.00190091,000.00001526,000.28557259,000.32
Tournament (k=2),Blend,Uniform,0.42436,0.03095,000.00000000,000.01227665,000.00359917,000.34201047,000.19
Tournament (k=2),Blend,Uniform,0.60503,0.09637,000.00136566,000.24001694,000.18314362,000.56642866,000.26
Tournament (k=2),Blend,Gaussian,0.57030,0.05228,000.00000000,000.00000157,000.00000000,000.00045983,000.26
Tournament (k=2),Blend,Gaussian,0.72243,0.07415,000.00000000,000.00083647,000.00018311,000.10511877,000.27
Tournament (k=2),Blend,Gaussian,0.81310,0.06226,000.00000000,000.00028586,000.00002480,000.12367719,000.31
Tournament (k=2),Blend,Uniform,0.46371,0.05228,000.00000000,000.00046067,000.00011063,000.21920814,000.21
Tournament (k=2),Blend,Uniform,0.47762,0.03095,000.00000000,000.00182328,000.00040436,000.25358051,000.20
Tournament (k=2),Blend,Uniform,0.66113,0.17762,000.31975555,002.15327692,002.42867279,001.12426114,000.34
Tournament (k=2),Blend,Uniform,0.57030,0.09637,000.00034714,000.10620522,000.08353424,000.38128534,000.29
Tournament (k=2),Blend,Uniform,0.55369,0.05705,000.00000000,000.00008583,000.00001907,000.14038539,000.23
Tournament (k=2),Blend,Uniform,0.45020,0.02837,000.00000000,000.00693669,000.00360489,000.35161424,000.22
Tournament (k=2),Blend,Gaussian,0.58741,0.27490,000.04279327,001.17105389,001.38952255,000.79314178,000.45
Tournament (k=2),Blend,Uniform,0.43709,0.16276,000.01888657,001.19366956,001.48137856,000.84578353,000.32
Tournament (k=2),Blend,Uniform,0.68096,0.03378,000.00000000,000.00659232,000.00000191,000.41627225,000.29
Tournament (k=2),Blend,Uniform,0.64187,0.09637,000.00139236,000.22341852,000.14664268,000.56010538,000.31
Tournament (k=2),Blend,Uniform,0.42436,0.03378,000.00000000,000.00735145,000.00304794,000.38372257,000.22
Tournament (k=2),Blend,Gaussian,0.78941,0.04023,000.00000000,000.00025225,000.00000000,000.31109056,000.23
Tournament (k=2),Blend,Uniform,0.57030,0.30000,000.72169876,002.99812269,003.26095581,001.28524470,000.37
Tournament (k=2),Blend,Uniform,0.49195,0.16276,000.02772522,001.32566333,001.51108170,000.91340756,000.28
Tournament (k=2),Blend,Uniform,0.68096,0.09637,000.00634766,000.50920856,000.52221870,000.82683349,000.26
Tournament (k=2),Blend,Uniform,0.50670,0.11476,000.00409698,000.38494864,000.33152390,000.59938431,000.30
Tournament (k=2),Blend,Uniform,0.46371,0.21153,000.12354660,001.80039632,002.14105988,001.07847214,000.32
Tournament (k=2),Blend,Uniform,0.60503,0.10516,000.00434113,000.46456155,000.48578072,000.65808153,000.29
Tournament (k=2),Blend,Gaussian,0.81310,0.06795,000.00000000,000.00050564,000.00011444,000.23122582,000.30
Tournament (k=2),Blend,Uniform,0.45020,0.09637,000.00002670,000.02817473,000.02235794,000.33157688,000.23
Tournament (k=2),Blend,Uniform,0.50670,0.27490,000.47276306,002.48668742,002.78675842,001.27296507,000.33
Tournament (k=2),Blend,Uniform,0.41200,0.16276,000.00635529,001.04538631,001.30203056,000.82218266,000.27
Tournament (k=2),Blend,Uniform,0.66113,0.19383,000.17416382,002.28051472,002.47720909,001.14245498,000.35
Tournament (k=2),Blend,Uniform,0.57030,0.10516,000.00183868,000.35133347,000.34266663,000.65230179,000.30
Tournament (k=2),Blend,Gaussian,0.91514,0.27490,000.12758636,001.89168763,002.21520996,000.92275918,000.47
Tournament (k=2),Blend,Uniform,0.62318,0.05705,000.00000000,000.00002751,000.00000381,000.23921856,000.22
Tournament (k=2),Blend,Gaussian,0.72243,0.23084,000.14446640,001.15845752,001.44595528,000.84489387,000.43
Tournament (k=2),Blend,Gaussian,0.88849,0.04390,000.00000000,000.00093369,000.00001907,000.28407517,000.23
Tournament (k=2),Blend,Uniform,0.43709,0.17762,000.12733459,001.51562095,001.79128647,000.95556402,000.32
Tournament (k=2),Blend,Uniform,0.64187,0.03095,000.00000000,000.00018530,000.00000000,000.35490650,000.21
Tournament (k=2),Blend,Gaussian,0.86261,0.09637,000.00078583,000.06991706,000.06754494,000.39717615,000.29
Tournament (k=2),Blend,Gaussian,1.00000,0.16276,000.10672760,001.15531325,001.42298889,000.85821235,000.47
Tournament (k=2),Blend,Gaussian,0.81310,0.02382,000.00000000,000.00075455,000.00000000,000.43539265,000.21
Tournament (k=2),Blend,Gaussian,0.76642,0.02382,000.00000000,000.00000606,000.00000000,000.38531825,000.27
Tournament (k=2),Blend,Gaussian,0.68096,0.06795,000.00000000,000.00011168,000.00001526,000.08758302,000.30
Tournament (k=2),Blend,Gaussian,0.76642,0.08092,000.00000763,000.00268755,000.00179482,000.15577766,000.32
Tournament (k=2),Blend,Gaussian,0.58741,0.30000,000.08082581,001.20535910,001.41291237,000.71733689,000.46
Tournament (k=2),Blend,Uniform,0.42436,0.09637,000.00005341,000.00828557,000.00750732,000.23649107,000.23
Tournament (k=2),Blend,Uniform,0.49195,0.05705,000.00000000,000.00043097,000.00021553,000.10972275,000.21
Tournament (k=2),Blend,Uniform,0.52190,0.06226,000.00000000,000.00014639,000.00007248,000.15041636,000.26
Tournament (k=2),Blend,Gaussian,0.70139,0.03378,000.00000000,000.00000076,000.00000000,000.23667371,000.23
Tournament (k=2),Blend,Uniform,0.53756,0.03686,000.00000000,000.00022154,000.00000954,000.21573463,000.24
Tournament (k=2),Blend,Gaussian,0.94259,0.16276,000.05738068,001.10260510,001.31468010,000.75101733,000.41
Tournament (k=2),Blend,Uniform,0.40000,0.02837,000.00000000,000.01808634,000.00747681,000.45299512,000.17
Tournament (k=2),Blend,Uniform,0.50670,0.03095,000.00000000,000.00812654,000.00116348,000.37655789,000.19
Tournament (k=2),Blend,Gaussian,0.76642,0.23084,000.12625504,001.28010154,001.54445839,000.84626675,000.43
Tournament (k=2),Blend,Uniform,0.42436,0.25191,000.18614960,002.16586494,002.59368134,001.05823970,000.28
Tournament (k=2),Blend,Gaussian,0.74410,0.04390,000.00000000,000.00000625,000.00000000,000.15798308,000.29
Tournament (k=2),Blend,Uniform,0.52190,0.17762,000.11926651,001.82347894,002.09477997,001.07934940,000.33
Tournament (k=2),Blend,Gaussian,0.97087,0.09637,000.00150299,000.15740876,000.15938568,000.47880548,000.36
Tournament (k=2),Blend,Gaussian,0.76642,0.02599,000.00000000,000.00001254,000.00000000,000.30757335,000.27
Tournament (k=2),Blend,Uniform,0.68096,0.30000,000.81310654,003.45566559,003.94192696,001.35152078,000.33
Tournament (k=2),Blend,Uniform,0.72243,0.03378,000.00000000,000.00714197,000.00000763,000.38976607,000.21
Tournament (k=2),Blend,Uniform,0.43709,0.06226,000.00000000,000.00031204,000.00010872,000.08845939,000.22
Tournament (k=2),Blend,Uniform,0.70139,0.05705,000.00000000,000.00041795,000.00000763,000.24695227,000.31
Tournament (k=2),Blend,Gaussian,0.83749,0.16276,000.03406906,000.86064005,001.14084435,000.69972306,000.35
Tournament (k=2),Blend,Uniform,0.66113,0.05705,000.00000000,000.00012250,000.00001526,000.23422188,000.27
Tournament (k=2),Blend,Gaussian,0.97087,0.27490,000.30522537,002.10936975,002.43138885,000.94988883,000.46
Tournament (k=2),Blend,Uniform,0.43709,0.19383,000.26034546,001.52622962,001.77602005,000.92947310,000.39
Tournament (k=2),Blend,Uniform,0.57030,0.03378,000.00000000,000.00045214,000.00002480,000.32183021,000.23
Tournament (k=2),Blend,Uniform,0.70139,0.17762,000.24456024,002.26682329,002.57101059,001.06850004,000.35
Tournament (k=2),Blend,Uniform,0.53756,0.10516,000.00230026,000.30019742,000.28571892,000.53650641,000.29
Tournament (k=2),Blend,Uniform,0.64187,0.30000,001.48696899,003.55160451,004.07288170,001.36878395,000.31
Tournament (k=2),Blend,Uniform,0.60503,0.27490,001.14337921,002.85900569,003.20173264,001.43370605,000.32
Tournament (k=2),Blend,Uniform,0.55369,0.19383,000.19803238,002.07408381,002.49434471,000.94277084,000.34
Tournament (k=2),Blend,Uniform,0.41200,0.05228,000.00000000,000.00122218,000.00070572,000.19594716,000.24
Tournament (k=2),Blend,Uniform,0.42436,0.27490,000.38118744,002.23321795,002.49746323,001.25020719,000.32
Tournament (k=2),Blend,Uniform,0.46371,0.02000,000.00000000,000.03528666,000.00552559,000.48411655,000.22
Tournament (k=2),Blend,Uniform,0.60503,0.03378,000.00000000,000.00042853,000.00000381,000.35541451,000.25
Tournament (k=2),Blend,Gaussian,0.91514,0.02837,000.00000000,000.00083890,000.00007820,000.46599516,000.22
Tournament (k=2),Blend,Gaussian,0.74410,0.12524,000.00230408,000.24172382,000.23660278,000.50309557,000.37
Tournament (k=2),Blend,Gaussian,0.97087,0.02837,000.00000000,000.02232819,000.00031471,000.51438165,000.29
Tournament (k=2),Blend,Gaussian,0.76642,0.25191,000.09557343,001.39966834,001.66173363,000.89035821,000.48
Tournament (k=2),Blend,Uniform,0.72243,0.10516,000.02241135,000.78242445,001.09393692,000.89441168,000.31
Tournament (k=2),Blend,Gaussian,0.91514,0.09637,000.00057983,000.07203207,000.06902885,000.45431527,000.30
Tournament (k=2),Blend,Uniform,0.40000,0.08830,000.00000000,000.00318317,000.00198174,000.15044171,000.26
Tournament (k=2),Blend,Gaussian,0.94259,0.06226,000.00000000,000.00086436,000.00015259,000.19053009,000.26
Tournament (k=2),Blend,Uniform,0.74410,0.02000,000.00000000,000.14312610,000.00000572,000.62269294,000.19
Tournament (k=2),Blend,Uniform,0.47762,0.30000,000.45158386,002.74719882,003.19703293,001.28273487,000.31
Tournament (k=2),Blend,Gaussian,0.88849,0.17762,000.15892410,001.02964807,001.25640488,000.72956562,000.40
Tournament (k=2),Blend,Uniform,0.47762,0.03378,000.00000000,000.00078101,000.00024986,000.30890039,000.21
Tournament (k=2),Blend,Uniform,0.66113,0.02000,000.00000000,000.08038835,000.00001526,000.55370855,000.24
Tournament (k=2),Blend,Uniform,0.46371,0.05705,000.00000000,000.00033169,000.00010681,000.15477225,000.23
Tournament (k=2),Blend,Gaussian,0.86261,0.27490,000.17427063,001.72074068,002.10028839,000.87221044,000.45
Tournament (k=2),Blend,Gaussian,0.81310,0.23084,000.19950867,001.43671381,001.61837769,000.73612982,000.46
Tournament (k=2),Blend,Uniform,0.58741,0.05705,000.00000000,000.00015059,000.00001144,000.20085019,000.23
Tournament (k=2),Blend,Uniform,0.74410,0.06226,000.00000000,000.00165091,000.00027275,000.25228074,000.28
Tournament (k=2),Blend,Uniform,0.41200,0.02000,000.00000000,000.17058864,000.02253723,000.57744819,000.19
Tournament (k=2),Blend,Uniform,0.46371,0.02183,000.00000000,000.06111679,000.00245476,000.44491974,000.24
Tournament (k=2),Blend,Uniform,0.42436,0.03686,000.00000000,000.00230069,000.00082779,000.29037198,000.19
Tournament (k=2),Blend,Uniform,0.58741,0.02000,000.00000000,000.10001230,000.00030518,000.49807543,000.19
Tournament (k=2),Blend,Uniform,0.53756,0.11476,000.00366974,000.42298952,000.33572769,000.76410955,000.39
Tournament (k=2),Blend,Uniform,0.45020,0.03095,000.00000000,000.00539393,000.00120354,000.35694289,000.23
Tournament (k=2),Blend,Uniform,0.68096,0.03686,000.00000000,000.00002646,000.00000000,000.29876876,000.26
Tournament (k=2),Blend,Uniform,0.68096,0.10516,000.03095627,000.73736030,001.08083344,000.71595150,000.26
Tournament (k=2),Blend,Uniform,0.49195,0.17762,000.05407715,001.58757854,001.80719376,000.92756957,000.29
Tournament (k=2),Blend,Uniform,0.64187,0.10516,000.00608063,000.49623066,000.50960541,000.75969762,000.32
Tournament (k=2),Blend,Uniform,0.46371,0.23084,000.13317871,002.04396987,002.40523911,001.03210938,000.29
Tournament (k=2),Blend,Uniform,0.58741,0.17762,000.30584717,002.01652193,002.29652405,001.12347889,000.34
Tournament (k=2),Blend,Uniform,0.50670,0.12524,000.01285553,000.51487201,000.55083084,000.72168589,000.30
Tournament (k=2),Blend,Uniform,0.41200,0.02183,000.00000000,000.12309723,000.01847458,000.47670555,000.18
Tournament (k=2),Blend,Gaussian,0.91514,0.10516,000.01190948,000.20866446,000.19081688,000.52467960,000.36
Tournament (k=2),Blend,Uniform,0.45020,0.10516,000.00082016,000.07361379,000.06902122,000.34019387,000.28
Tournament (k=2),Blend,Uniform,0.60503,0.11476,000.03505707,000.72610724,001.04114151,000.76630896,000.30
Tournament (k=2),Blend,Gaussian,0.81310,0.07415,000.00000381,000.00127282,000.00047684,000.19599760,000.29
Tournament (k=2),Blend,Uniform,0.46371,0.02382,000.00000000,000.11432252,000.00611496,000.46989444,000.22
Tournament (k=2),Blend,Uniform,0.41200,0.17762,000.07827377,001.29757571,001.52569389,000.72581416,000.27
Tournament (k=2),Blend,Uniform,0.42436,0.04023,000.00000000,000.00115423,000.00035286,000.17259717,000.23
Tournament (k=2),Blend,Uniform,0.66113,0.21153,000.27285767,002.79990840,003.21515846,001.33290088,000.30
Tournament (k=2),Blend,Uniform,0.62318,0.06226,000.00000000,000.00031519,000.00003433,000.14217880,000.27
Tournament (k=2),Blend,Uniform,0.50670,0.30000,000.53455353,002.72843170,003.21380043,001.33977580,000.37
Tournament (k=2),Blend,Gaussian,0.88849,0.04791,000.00000000,000.00233550,000.00002670,000.45047826,000.24
Tournament (k=2),Blend,Uniform,0.64187,0.03378,000.00000000,000.00006561,000.00000000,000.35210240,000.22
Tournament (k=2),Blend,Gaussian,0.81310,0.02599,000.00000000,000.00007939,000.00000000,000.32249549,000.22
Tournament (k=2),Blend,Uniform,0.74410,0.19383,000.23819733,002.70648193,003.17229652,001.14860439,000.35
Tournament (k=2),Blend,Uniform,0.76642,0.03686,000.00000000,000.00022330,000.00000000,000.32196617,000.20
Tournament (k=2),Blend,Uniform,0.68096,0.11476,000.02168274,001.00691223,001.29006195,000.79230940,000.31
Tournament (k=2),Blend,Uniform,0.42436,0.10516,000.00019836,000.05166993,000.05943871,000.29170170,000.23
Tournament (k=2),Blend,Uniform,0.42436,0.04390,000.00000000,000.00136871,000.00074387,000.21360178,000.20
Tournament (k=2),Blend,Uniform,0.49195,0.19383,000.39260101,001.87794435,002.19044304,000.94048584,000.33
Tournament (k=2),Blend,Uniform,0.52190,0.06795,000.00000000,000.00011230,000.00001526,000.10050779,000.26
Tournament (k=2),Blend,Uniform,0.62318,0.17762,000.08960724,001.97075784,002.45808792,001.19530022,000.34
Tournament (k=2),Blend,Uniform,0.40000,0.03095,000.00000000,000.01350255,000.00786972,000.36445811,000.18
Tournament (k=2),Blend,Uniform,0.58741,0.19383,000.11144257,002.20955896,002.59387589,001.09680974,000.34
Tournament (k=2),Blend,Uniform,0.45020,0.11476,000.00411224,000.17808552,000.17855835,000.49910387,000.30
Tournament (k=2),Blend,Gaussian,0.70139,0.03686,000.00000000,000.00000124,000.00000000,000.10587105,000.27
Tournament (k=2),Blend,Gaussian,0.91514,0.30000,000.38704681,001.99430656,002.42191696,000.94095093,000.49
Tournament (k=2),Blend,Uniform,0.50670,0.03378,000.00000000,000.00228896,000.00030518,000.32033074,000.19
Tournament (k=2),Blend,Uniform,0.53756,0.04023,000.00000000,000.00019326,000.00001335,000.28982466,000.25
Tournament (k=2),Blend,Uniform,0.41200,0.19383,000.20956421,001.50467908,001.95300293,001.02003109,000.30
Tournament (k=2),Blend,Uniform,0.55369,0.02183,000.00000000,000.03371678,000.00028419,000.46475247,000.19
Tournament (k=2),Blend,Gaussian,1.00000,0.17762,000.21149445,001.32119846,001.41992378,000.77822453,000.42
Tournament (k=2),Blend,Uniform,0.62318,0.06795,000.00000000,000.00042386,000.00010300,000.15433975,000.30
Tournament (k=2),Blend,Gaussian,1.00000,0.05228,000.00000000,000.00501256,000.00014114,000.26660022,000.25
Tournament (k=2),Blend,Uniform,0.70139,0.02000,000.00000000,000.26288089,000.00030518,000.55070603,000.20
Tournament (k=2),Blend,Uniform,0.72243,0.03686,000.00000000,000.00047698,000.00000000,000.39312416,000.21
Tournament (k=2),Blend,Uniform,0.78941,0.02183,000.00000000,000.10023694,000.00000000,000.54469919,000.25
Tournament (k=2),Blend,Uniform,0.43709,0.06795,000.00000000,000.00024953,000.00013733,000.13964781,000.21
Tournament (k=2),Blend,Uniform,0.57030,0.03686,000.00000000,000.00013900,000.00000763,000.26959980,000.20
Tournament (k=2),Blend,Uniform,0.76642,0.11476,000.12187195,001.30026114,001.53112793,000.89938730,000.32
Tournament (k=2),Blend,Uniform,0.70139,0.06226,000.00000000,000.00075431,000.00012016,000.24224634,000.25
Tournament (k=2),Blend,Uniform,0.52190,0.19383,000.06698608,001.82042885,002.19231224,001.10085177,000.34
Tournament (k=2),Blend,Uniform,0.66113,0.06226,000.00000000,000.00023966,000.00002289,000.20152067,000.27
Tournament (k=2),Blend,Gaussian,0.86261,0.02382,000.00000000,000.00035000,000.00000000,000.32699749,000.22
Tournament (k=2),Blend,Uniform,0.78941,0.06795,000.00000000,000.02465406,000.00561905,000.45670009,000.29
Tournament (k=2),Blend,Gaussian,0.97087,0.10516,000.00212479,000.26718432,000.22589874,000.50990897,000.37
Tournament (k=2),Blend,Uniform,0.47762,0.10516,000.00029755,000.11411724,000.10653114,000.45201772,000.28
Tournament (k=2),Blend,Uniform,0.43709,0.21153,000.19584656,001.87557793,002.19748688,001.03498757,000.33
Tournament (k=2),Blend,Uniform,0.70139,0.02183,000.00000000,000.02851882,000.00000381,000.46880066,000.20
Tournament (k=2),Blend,Uniform,0.70139,0.19383,000.67370605,002.71993637,003.07257271,001.25267124,000.35
Tournament (k=2),Blend,Uniform,0.41200,0.05705,000.00000000,000.00056200,000.00013542,000.14001311,000.24
Tournament (k=2),Blend,Uniform,0.72243,0.04023,000.00000000,000.00021973,000.00000000,000.37382871,000.22
Tournament (k=2),Blend,Uniform,0.60503,0.30000,000.08829498,003.10006690,003.63429451,001.45902848,000.32
Tournament (k=2),Blend,Gaussian,1.00000,0.05705,000.00000000,000.00798216,000.00007248,000.35766476,000.29
Tournament (k=2),Blend,Gaussian,0.91514,0.03095,000.00000000,000.02510352,000.00017166,000.56249994,000.22
Tournament (k=2),Blend,Uniform,0.78941,0.02382,000.00000000,000.00007739,000.00000000,000.41103923,000.26
Tournament (k=2),Blend,Uniform,0.55369,0.21153,000.29928589,002.09115458,002.52880669,001.08648086,000.34
Tournament (k=2),Blend,Gaussian,0.97087,0.03095,000.00000000,000.00077910,000.00016785,000.44939375,000.23
Tournament (k=2),Blend,Uniform,0.55369,0.06226,000.00000000,000.00012364,000.00001526,000.14240895,000.27
Tournament (k=2),Blend,Gaussian,0.97087,0.30000,000.23766327,002.25051641,002.60757065,000.97922975,000.48
Tournament (k=2),Blend,Gaussian,0.78941,0.04390,000.00000000,000.00032821,000.00000381,000.24178278,000.24
Tournament (k=2),Blend,Uniform,0.70139,0.06795,000.00000000,000.00434942,000.00187111,000.26953200,000.27
Tournament (k=2),Blend,Uniform,0.74410,0.02183,000.00000000,000.09485564,000.00000000,000.49196261,000.20
Tournament (k=2),Blend,Uniform,0.40000,0.09637,000.00002670,000.01067915,000.00873184,000.12720343,000.26
Tournament (k=2),Blend,Uniform,0.49195,0.02000,000.00000000,000.12118196,000.01119995,000.48771536,000.22
Tournament (k=2),Blend,Uniform,0.47762,0.03686,000.00000000,000.00107284,000.00032616,000.25612348,000.20
Tournament (k=2),Blend,Uniform,0.81310,0.04023,000.00000000,000.00029511,000.00000000,000.35637295,000.22
Tournament (k=2),Blend,Uniform,0.66113,0.02183,000.00000000,000.04213190,000.00001526,000.47892329,000.19
Tournament (k=2),Blend,Uniform,0.72243,0.11476,000.04338837,000.94646949,001.13744545,000.98530751,000.32
Tournament (k=2),Blend,Gaussian,0.74410,0.13667,000.02655029,000.37312943,000.32787323,000.53111607,000.38
Tournament (k=2),Blend,Uniform,0.78941,0.21153,001.04163361,003.38713455,003.83171082,001.28235722,000.32
Tournament (k=2),Blend,Uniform,0.72243,0.04390,000.00000000,000.00016947,000.00000000,000.22517475,000.25
Tournament (k=2),Blend,Uniform,0.58741,0.06226,000.00000000,000.00008774,000.00002098,000.19516143,000.26
Tournament (k=2),Blend,Uniform,0.45020,0.03378,000.00000000,000.00175052,000.00049973,000.33307824,000.23
Tournament (k=2),Blend,Uniform,0.74410,0.06795,000.00000000,000.00298300,000.00094032,000.22487514,000.28
Tournament (k=2),Blend,Uniform,0.41200,0.02382,000.00000000,000.03030062,000.00720596,000.45156559,000.17
Tournament (k=2),Blend,Uniform,0.57030,0.11476,000.01554108,000.66274083,001.02326012,000.69904923,000.30
Tournament (k=2),Blend,Uniform,0.53756,0.12524,000.01668930,000.67420268,000.87909508,000.63706815,000.30
Tournament (k=2),Blend,Uniform,0.70139,0.07415,000.00000381,000.01948695,000.00531578,000.29338828,000.26
Tournament (k=2),Blend,Gaussian,0.78941,0.04791,000.00000000,000.00009289,000.00000000,000.17756936,000.27
Tournament (k=2),Blend,Uniform,0.49195,0.06226,000.00000000,000.00011582,000.00001526,000.10244049,000.22
Tournament (k=2),Blend,Uniform,0.55369,0.23084,000.10426712,002.54855466,002.90281487,001.18196118,000.35
Tournament (k=2),Blend,Uniform,0.46371,0.25191,000.29808044,002.21944475,002.53543472,001.22590935,000.29
Tournament (k=2),Blend,Uniform,0.83749,0.02382,000.00000000,000.08744864,000.00003433,000.49375352,000.26
Tournament (k=2),Blend,Uniform,0.50670,0.13667,000.03808594,000.86778295,001.15306282,000.79338801,000.28
Tournament (k=2),Blend,Uniform,0.81310,0.12524,000.07966614,001.59098554,001.94836617,000.93518883,000.28
Tournament (k=2),Blend,Uniform,0.46371,0.02599,000.00000000,000.00794697,000.00093460,000.35735404,000.22
Tournament (k=2),Blend,Uniform,0.60503,0.12524,000.04408264,001.12733269,001.41374588,000.91003126,000.27
Tournament (k=2),Blend,Gaussian,0.86261,0.30000,000.32936096,001.81268430,002.16855812,000.89115030,000.47
Tournament (k=2),Blend,Gaussian,0.81310,0.25191,000.20259476,001.54916728,001.74902725,000.83201081,000.44
Tournament (k=2),Blend,Gaussian,0.81310,0.08092,000.00001144,000.00419612,000.00280762,000.17509727,000.33
Tournament (k=2),Blend,Uniform,0.45020,0.03686,000.00000000,000.00169892,000.00077438,000.25400877,000.23
Tournament (k=2),Blend,Uniform,0.66113,0.23084,000.13939667,002.87545252,003.41777420,001.35385835,000.30
Tournament (k=2),Blend,Gaussian,0.81310,0.02837,000.00000000,000.00002947,000.00000000,000.31503013,000.21
Tournament (k=2),Blend,Gaussian,0.88849,0.05228,000.00000000,000.00314612,000.00001144,000.32769078,000.25
Tournament (k=2),Blend,Uniform,0.64187,0.03686,000.00000000,000.00004702,000.00000000,000.32001841,000.25
Tournament (k=2),Blend,Uniform,0.49195,0.06795,000.00000000,000.00024824,000.00012207,000.09998931,000.23
Tournament (k=2),Blend,Uniform,0.46371,0.02837,000.00000000,000.01954923,000.00284576,000.39335635,000.22
Tournament (k=2),Blend,Uniform,0.70139,0.08092,000.00010681,000.05812650,000.04509544,000.47996658,000.29
Tournament (k=2),Blend,Uniform,0.83749,0.07415,000.00005722,000.17562643,000.17246628,000.48240706,000.29
Tournament (k=2),Blend,Gaussian,0.70139,0.04023,000.00000000,000.00001063,000.00000000,000.17076428,000.23
Tournament (k=2),Blend,Uniform,0.52190,0.07415,000.00000000,000.00036736,000.00011826,000.10871889,000.27
Tournament (k=2),Blend,Uniform,0.49195,0.21153,000.17195129,002.04702425,002.36512947,001.08556175,000.29
Tournament (k=2),Blend,Gaussian,0.94259,0.17762,000.04812241,001.22141230,001.46310425,000.87311751,000.41
Tournament (k=2),Blend,Uniform,0.74410,0.21153,000.30682373,002.90614653,003.29494286,001.25701904,000.35
Tournament (k=2),Blend,Uniform,0.58741,0.21153,000.51494217,002.26361585,002.60730743,001.17840350,000.29
Tournament (k=2),Blend,Uniform,0.55369,0.25191,000.75532532,002.68404198,003.00890160,001.16760683,000.32
Tournament (k=2),Blend,Uniform,0.50670,0.03686,000.00000000,000.00077186,000.00018311,000.31256017,000.19
Tournament (k=2),Blend,Uniform,0.45020,0.12524,000.00397110,000.41930017,000.45200157,000.57146478,000.29
Tournament (k=2),Blend,Uniform,0.55369,0.02382,000.00000000,000.00195847,000.00011253,000.41256171,000.19
Tournament (k=2),Blend,Uniform,0.53756,0.04390,000.00000000,000.00026441,000.00004005,000.23728766,000.25
Tournament (k=2),Blend,Uniform,0.62318,0.19383,000.45776367,002.33421516,002.60565376,001.05854607,000.36
Tournament (k=2),Blend,Gaussian,0.94259,0.02000,000.00000000,000.06720891,000.00049782,000.52048558,000.28
Tournament (k=2),Blend,Uniform,0.41200,0.21153,000.30038452,001.66523433,001.94750214,000.93841428,000.28
Tournament (k=2),Blend,Uniform,0.57030,0.04023,000.00000000,000.00018973,000.00000763,000.28443992,000.20
Tournament (k=2),Blend,Uniform,0.62318,0.07415,000.00000000,000.00328774,000.00175476,000.17956410,000.28
Tournament (k=2),Blend,Uniform,0.43709,0.07415,000.00000000,000.00050554,000.00029945,000.15264365,000.23
Tournament (k=2),Blend,Uniform,0.60503,0.03686,000.00000000,000.00008798,000.00000763,000.36260888,000.25
Tournament (k=2),Blend,Gaussian,0.86261,0.02599,000.00000000,000.06045146,000.00031662,000.45238310,000.21
Tournament (k=2),Blend,Uniform,0.42436,0.30000,000.24008942,002.61076045,002.97525215,001.32142580,000.29
Tournament (k=2),Blend,Uniform,0.83749,0.08092,000.00313568,000.36503521,000.36848068,000.66405475,000.30
Tournament (k=2),Blend,Uniform,0.78941,0.07415,000.00000763,000.14179035,000.07234192,000.56471521,000.24
Tournament (k=2),Blend,Uniform,0.66113,0.06795,000.00000000,000.00129070,000.00023651,000.23888919,000.26
Tournament (k=2),Blend,Uniform,0.70139,0.02382,000.00000000,000.00015340,000.00000000,000.34498712,000.19
Tournament (k=2),Blend,Uniform,0.47762,0.11476,000.00387955,000.21882343,000.19727325,000.49534187,000.25
Tournament (k=2),Blend,Gaussian,1.00000,0.19383,000.26496887,001.58857369,001.90359497,000.89536351,000.43
Tournament (k=2),Blend,Uniform,0.41200,0.06226,000.00000000,000.00054407,000.00016785,000.13942042,000.21
Tournament (k=2),Blend,Uniform,0.76642,0.12524,000.12454987,001.60437846,001.92809296,000.90054947,000.32
Tournament (k=2),Blend,Uniform,0.52190,0.21153,000.26540375,002.08815122,002.61284828,001.10457170,000.33
Tournament (k=2),Blend,Uniform,0.83749,0.23084,001.23366928,003.34395075,003.68283844,001.29593146,000.37
Tournament (k=2),Blend,Gaussian,0.81310,0.27490,000.19005585,001.62683654,001.98798561,000.85732675,000.62
Tournament (k=2),Blend,Uniform,0.70139,0.21153,000.56447601,002.75672483,003.17141151,001.20512986,000.32
Tournament (k=2),Blend,Uniform,0.43709,0.23084,000.39161682,001.98036730,002.25356293,001.05571830,000.34
Tournament (k=2),Blend,Uniform,0.62318,0.02000,000.00000000,000.12933402,000.00014877,000.48396266,000.24
Tournament (k=2),Blend,Gaussian,0.97087,0.11476,000.00410843,000.46015042,000.49610329,000.59843624,000.37
Tournament (k=2),Blend,Uniform,0.41200,0.23084,000.19632721,002.06507230,002.35177994,000.93001038,000.33
Tournament (k=2),Blend,Uniform,0.58741,0.02183,000.00000000,000.09214373,000.00002670,000.59136993,000.20
Tournament (k=2),Blend,Uniform,0.45020,0.13667,000.00832748,000.61885464,000.70974541,000.70306653,000.43
Tournament (k=2),Blend,Gaussian,0.86261,0.02837,000.00000000,000.05170579,000.00005722,000.52913195,000.24
Tournament (k=2),Blend,Gaussian,1.00000,0.06226,000.00000000,000.00351596,000.00026894,000.20368131,000.27
Tournament (k=2),Blend,Uniform,0.78941,0.02599,000.00000000,000.12092952,000.00001526,000.47210252,000.25
Tournament (k=2),Blend,Uniform,0.55369,0.06795,000.00000000,000.00023584,000.00008774,000.14798479,000.22
Tournament (k=2),Blend,Gaussian,1.00000,0.02000,000.00000000,000.06382303,000.00048065,000.55545253,000.22
Tournament (k=2),Blend,Gaussian,0.97087,0.03378,000.00000000,000.00697188,000.00079155,000.47587028,000.26
Tournament (k=2),Blend,Uniform,0.74410,0.02382,000.00000000,000.01279650,000.00000000,000.44679126,000.25
Tournament (k=2),Blend,Uniform,0.68096,0.04023,000.00000000,000.00017657,000.00000763,000.29880726,000.26
Tournament (k=2),Blend,Uniform,0.49195,0.02183,000.00000000,000.10452137,000.00211143,000.51643330,000.22
Tournament (k=2),Blend,Uniform,0.40000,0.10516,000.00003815,000.03702002,000.03451157,000.37260175,000.27
Tournament (k=2),Blend,Uniform,0.64187,0.11476,000.04041672,000.90464604,001.16546822,000.79576993,000.28
Tournament (k=2),Blend,Uniform,0.66113,0.02382,000.00000000,000.14516516,000.00001144,000.54936677,000.19
Tournament (k=2),Blend,Uniform,0.81310,0.04390,000.00000000,000.00047727,000.00000000,000.25011313,000.22
Tournament (k=2),Blend,Uniform,0.47762,0.04023,000.00000000,000.00049524,000.00015068,000.19482528,000.25
Tournament (k=2),Blend,Uniform,0.72243,0.04791,000.00000000,000.00040326,000.00001907,000.33982733,000.23
Tournament (k=2),Blend,Uniform,0.86261,0.04390,000.00000000,000.00095530,000.00000191,000.40398586,000.22
Tournament (k=2),Blend,Uniform,0.62318,0.02183,000.00000000,000.01867843,000.00013733,000.46191370,000.31
Tournament (k=2),Blend,Uniform,0.58741,0.06795,000.00000000,000.00028739,000.00013161,000.10118376,000.28
Tournament (k=2),Blend,Uniform,0.76642,0.04023,000.00000000,000.00049119,000.00000763,000.37539214,000.22
Tournament (k=2),Blend,Gaussian,1.00000,0.02183,000.00000000,000.02822189,000.00017548,000.49252093,000.24
Tournament (k=2),Blend,Uniform,0.57030,0.12524,000.02247620,000.82106304,001.14326096,000.83051699,000.32
Tournament (k=2),Blend,Uniform,0.66113,0.02599,000.00000000,000.01758256,000.00000000,000.45063350,000.20
Tournament (k=2),Blend,Uniform,0.83749,0.02599,000.00000000,000.03512402,000.00004387,000.46363878,000.26
Tournament (k=2),Blend,Uniform,0.68096,0.12524,000.18342972,001.33508754,001.55265045,000.88075721,000.32
Tournament (k=2),Blend,Uniform,0.40000,0.11476,000.00034714,000.14191742,000.13813019,000.41031331,000.28
Tournament (k=2),Blend,Uniform,0.78941,0.23084,001.00891113,002.96397066,003.38475418,001.28447676,000.44
Tournament (k=2),Blend,Uniform,0.60503,0.13667,000.07899857,001.30064511,001.55415535,000.91094941,000.27
Tournament (k=2),Blend,Uniform,0.81310,0.13667,000.19733429,001.91303706,002.32347298,001.03747654,000.29
Tournament (k=2),Blend,Uniform,0.81310,0.04791,000.00000000,000.00257926,000.00001717,000.30172658,000.26
Tournament (k=2),Blend,Uniform,0.50670,0.14915,000.05665207,001.22368062,001.48109627,000.78328091,000.31
Tournament (k=2),Blend,Uniform,0.72243,0.12524,000.05625153,001.24368751,001.53398705,000.93581927,000.48
Tournament (k=2),Blend,Uniform,0.74410,0.02599,000.00000000,000.01016345,000.00000000,000.45758238,000.36
Tournament (k=2),Blend,Uniform,0.45020,0.04023,000.00000000,000.00231538,000.00053978,000.35718939,000.25
Tournament (k=2),Blend,Uniform,0.49195,0.07415,000.00000000,000.00041800,000.00032616,000.19780916,000.22
Tournament (k=2),Blend,Gaussian,0.88849,0.05705,000.00000000,000.00077376,000.00000572,000.26548317,000.26
Tournament (k=2),Blend,Uniform,0.66113,0.25191,001.23672485,003.09972382,003.53390694,001.33243251,000.31
Tournament (k=2),Blend,Uniform,0.86261,0.13667,000.02787018,002.10647893,002.51002884,001.11539447,000.29
Tournament (k=2),Blend,Uniform,0.78941,0.02837,000.00000000,000.02833962,000.00000000,000.54293162,000.55
Tournament (k=2),Blend,Uniform,0.45020,0.14915,000.06020737,000.91720295,001.11913109,000.76915079,000.57
Tournament (k=2),Blend,Uniform,0.55369,0.02599,000.00000000,000.01001010,000.00022888,000.39722714,000.19
Tournament (k=2),Blend,Uniform,0.50670,0.04023,000.00000000,000.00035443,000.00007248,000.29647934,000.20
Tournament (k=2),Blend,Uniform,0.88849,0.08092,000.01057434,000.63853300,000.96822739,000.75073236,000.25
Tournament (k=2),Blend,Uniform,0.88849,0.02599,000.00000000,000.04877562,000.00000000,000.53563207,000.27
Tournament (k=2),Blend,Gaussian,0.86261,0.03095,000.00000000,000.00416536,000.00004578,000.40973836,000.61
Tournament (k=2),Blend,Uniform,0.46371,0.27490,000.41490936,002.50305128,002.85386467,001.28147292,000.54
Tournament (k=2),Blend,Uniform,0.70139,0.08830,000.00454330,000.28359884,000.28200722,000.53811610,000.31
Tournament (k=2),Blend,Uniform,0.52190,0.08092,000.00000000,000.00440106,000.00292778,000.21322733,000.27
Tournament (k=2),Blend,Gaussian,0.81310,0.08830,000.00012207,000.02309313,000.01733780,000.25908419,000.49
Tournament (k=2),Blend,Uniform,0.58741,0.23084,000.49774170,002.56965828,003.00016212,001.42187655,000.31
Tournament (k=2),Blend,Uniform,0.64187,0.12524,000.07311249,001.06481290,001.31883621,000.90944052,000.62
Tournament (k=2),Blend,Uniform,0.49195,0.23084,000.34148407,002.23332143,002.56302834,001.10693562,000.35
Tournament (k=2),Blend,Uniform,0.46371,0.06226,000.00000000,000.00014815,000.00008202,000.13560031,000.21
Tournament (k=2),Blend,Uniform,0.57030,0.04390,000.00000000,000.00007062,000.00001335,000.29840913,000.21
Tournament (k=2),Blend,Uniform,0.74410,0.23084,000.17379379,003.08524609,003.53188515,001.39210868,000.37
Tournament (k=2),Blend,Uniform,0.55369,0.27490,000.43652344,002.72583055,002.98863602,001.43947613,000.37
Tournament (k=2),Blend,Uniform,0.62318,0.02382,000.00000000,000.00066323,000.00002289,000.40999928,000.50
Tournament (k=2),Blend,Uniform,0.50670,0.04390,000.00000000,000.00032029,000.00009537,000.20526724,000.21
Tournament (k=2),Blend,Gaussian,0.94259,0.19383,000.12212753,001.36166978,001.66281700,000.75669813,000.44
Tournament (k=2),Blend,Uniform,0.50670,0.16276,000.00890350,001.45925808,001.78585434,000.93594229,000.33
Tournament (k=2),Blend,Uniform,0.91514,0.04791,000.00000000,000.00215564,000.00000381,000.31891873,000.30
Tournament (k=2),Blend,Uniform,0.88849,0.25191,000.95430374,003.48532939,003.81590271,001.57361412,000.34
Tournament (k=2),Blend,Uniform,0.43709,0.02000,000.00000000,000.16591735,000.01761627,000.52383780,000.18
Tournament (k=2),Blend,Uniform,0.78941,0.03095,000.00000000,000.00064864,000.00000000,000.39116061,000.28
Tournament (k=2),Blend,Uniform,0.66113,0.27490,000.47467804,003.16768384,003.75257111,001.40783107,000.36
Tournament (k=2),Blend,Gaussian,0.91514,0.03378,000.00000000,000.00059152,000.00000000,000.45762825,000.23
Tournament (k=2),Blend,Uniform,0.62318,0.21153,000.15873718,002.55647612,002.81777191,001.18800306,000.39
Tournament (k=2),Blend,Uniform,0.60503,0.04023,000.00000000,000.00017114,000.00000000,000.27873117,000.26
Tournament (k=2),Blend,Uniform,0.88849,0.02837,000.00000000,000.05149565,000.00012016,000.50867188,000.29
Tournament (k=2),Blend,Uniform,0.88849,0.08830,000.01803589,000.73384875,001.05258179,000.78648782,000.34
Tournament (k=2),Blend,Uniform,0.70139,0.02599,000.00000000,000.12625623,000.00003433,000.54305643,000.21
Tournament (k=2),Blend,Uniform,0.78941,0.08092,000.00166321,000.29710746,000.22798729,000.54798311,000.25
Tournament (k=2),Blend,Uniform,0.47762,0.12524,000.01563263,000.46305197,000.57953262,000.64712805,000.26
Tournament (k=2),Blend,Uniform,0.66113,0.07415,000.00000000,000.00906515,000.00156212,000.32183057,000.29
Tournament (k=2),Blend,Uniform,0.43709,0.02183,000.00000000,000.07702665,000.00834656,000.45081946,000.20
Tournament (k=2),Blend,Uniform,0.83749,0.08830,000.01099014,000.54538548,000.54559898,000.80881107,000.32
Tournament (k=2),Blend,Uniform,0.41200,0.06795,000.00000000,000.00043807,000.00019646,000.11527623,000.25
Tournament (k=2),Blend,Uniform,0.94259,0.02837,000.00000000,000.02198777,000.00023079,000.52467793,000.23
Tournament (k=2),Blend,Uniform,0.78941,0.03378,000.00000000,000.00341549,000.00000763,000.36546257,000.28
Tournament (k=2),Blend,Uniform,0.91514,0.14915,000.26726532,002.53716040,002.92028999,001.10698879,000.32
Tournament (k=2),Blend,Uniform,0.70139,0.02837,000.00000000,000.05972228,000.00000000,000.44358009,000.20
Tournament (k=2),Blend,Uniform,0.83749,0.25191,001.10652542,003.68110967,004.13174248,001.50094700,000.33
Tournament (k=2),Blend,Uniform,0.60503,0.04390,000.00000000,000.00031056,000.00005341,000.19898087,000.27
Tournament (k=2),Blend,Uniform,0.76642,0.13667,000.11948013,001.69762266,002.14295387,001.05270636,000.34
Tournament (k=2),Blend,Uniform,0.52190,0.23084,000.32491302,002.25516343,002.62001419,000.99056602,000.35
Tournament (k=2),Blend,Gaussian,1.00000,0.21153,000.10286713,001.62710536,001.83231735,000.89377785,000.45
Tournament (k=2),Blend,Uniform,0.52190,0.02000,000.00000000,000.10155668,000.00365067,000.52671063,000.23
Tournament (k=2),Blend,Uniform,0.94259,0.08830,000.04463959,000.95362073,001.18874741,000.82090420,000.32
Tournament (k=2),Blend,Uniform,0.55369,0.07415,000.00000000,000.00054178,000.00015450,000.16347168,000.24
Tournament (k=2),Blend,Uniform,0.94259,0.27490,001.25708771,003.88323283,004.40934944,001.58282864,000.35
Tournament (k=2),Blend,Gaussian,1.00000,0.06795,000.00000000,000.00316639,000.00092316,000.34447730,000.28
Tournament (k=2),Blend,Uniform,0.74410,0.07415,000.00000763,000.04526009,000.02990723,000.53973866,000.30
Tournament (k=2),Blend,Uniform,0.68096,0.04390,000.00000000,000.00007863,000.00000000,000.31122926,000.27
Tournament (k=2),Blend,Uniform,0.42436,0.11476,000.00108337,000.17185883,000.16436386,000.52375120,000.25
Tournament (k=2),Blend,Uniform,0.40000,0.03378,000.00000000,000.00510864,000.00251389,000.29064703,000.18
Tournament (k=2),Blend,Uniform,0.53756,0.13667,000.00916672,001.00763273,001.28197670,000.87938696,000.32
Tournament (k=2),Blend,Gaussian,0.97087,0.03686,000.00000000,000.00150928,000.00000381,000.42115849,000.32
Tournament (k=2),Blend,Uniform,0.62318,0.23084,000.18179321,002.68537974,002.89949608,001.31406891,000.48
Tournament (k=2),Blend,Uniform,0.49195,0.02382,000.00000000,000.00302429,000.00084877,000.34694347,000.24
Tournament (k=2),Blend,Uniform,0.66113,0.30000,001.76420212,003.53898740,004.05855942,001.44880855,000.54
Tournament (k=2),Blend,Uniform,0.72243,0.05228,000.00000000,000.00041780,000.00000763,000.23837115,000.23
Tournament (k=2),Blend,Uniform,0.47762,0.04390,000.00000000,000.00028319,000.00007439,000.17203683,000.25
Tournament (k=2),Blend,Uniform,0.76642,0.04390,000.00000000,000.00058208,000.00000000,000.35674310,000.22
Tournament (k=2),Blend,Uniform,0.97087,0.05228,000.00000000,000.00437503,000.00024414,000.32462689,000.29
Tournament (k=2),Blend,Uniform,0.66113,0.02837,000.00000000,000.01024795,000.00000000,000.44269788,000.21
Tournament (k=2),Blend,Uniform,0.97087,0.16276,000.26289368,002.94801903,003.35979462,001.34186351,000.31
Tournament (k=2),Blend,Uniform,0.64187,0.04023,000.00000000,000.00001707,000.00000000,000.32956541,000.26
Tournament (k=2),Blend,Uniform,0.58741,0.07415,000.00000000,000.00086703,000.00033569,000.11947159,000.28
Tournament (k=2),Blend,Uniform,0.52190,0.02183,000.00000000,000.02806487,000.00059891,000.46698028,000.36
Tournament (k=2),Blend,Uniform,0.57030,0.13667,000.04409409,001.15928781,001.44476318,000.95004708,000.34
Tournament (k=2),Blend,Uniform,0.74410,0.02837,000.00000000,000.01163402,000.00000763,000.47716954,000.21
Tournament (k=2),Blend,Uniform,0.68096,0.13667,000.04783249,001.57022929,001.73661613,000.98967093,000.28
Tournament (k=2),Blend,Uniform,0.60503,0.14915,000.12436676,001.28856683,001.55960274,000.85193545,000.29
Tournament (k=2),Blend,Uniform,0.40000,0.12524,000.00906372,000.28272381,000.20852089,000.55405229,000.30
Tournament (k=2),Blend,Uniform,0.49195,0.08092,000.00000000,000.00091128,000.00045013,000.23780295,000.23
Tournament (k=2),Blend,Uniform,0.68096,0.04791,000.00000000,000.00007429,000.00000000,000.32379237,000.31
Tournament (k=2),Blend,Uniform,0.45020,0.04390,000.00000000,000.00061584,000.00018120,000.26289156,000.23
Tournament (k=2),Blend,Uniform,0.81310,0.14915,000.84040070,002.28752398,002.60392189,001.07987750,000.29
Tournament (k=2),Blend,Uniform,0.53756,0.04791,000.00000000,000.00007601,000.00000763,000.27005970,000.25
Tournament (k=2),Blend,Uniform,0.94259,0.30000,001.25372314,004.39644384,005.14151192,001.62642705,000.40
Tournament (k=2),Blend,Uniform,0.66113,0.03095,000.00000000,000.00021238,000.00000000,000.32552272,000.21
Tournament (k=2),Blend,Uniform,0.97087,0.05705,000.00000000,000.02725329,000.00441933,000.45819601,000.26
Tournament (k=2),Blend,Uniform,0.78941,0.25191,000.15910339,003.17855644,003.47750473,001.40794551,000.39
Tournament (k=2),Blend,Uniform,0.64187,0.04390,000.00000000,000.00003624,000.00000000,000.17080554,000.27
Tournament (k=2),Blend,Uniform,1.00000,0.03095,000.00000000,000.00248523,000.00023270,000.39063609,000.55
Tournament (k=2),Blend,Uniform,0.72243,0.13667,000.02173233,001.64958954,001.93043327,001.03298414,000.35
Tournament (k=2),Blend,Uniform,0.58741,0.08092,000.00000000,000.01367774,000.00759506,000.29969791,000.28
Tournament (k=2),Blend,Uniform,0.97087,0.17762,000.28747559,003.06772566,003.54395485,001.30893254,000.32
Tournament (k=2),Blend,Uniform,0.47762,0.04791,000.00000000,000.00041041,000.00021744,000.21885541,000.36
Tournament (k=2),Blend,Uniform,1.00000,0.09637,000.23655701,001.54632437,001.85310936,000.81126684,000.57
Tournament (k=3),Arithmetic,Gaussian,0.40000,0.05705,000.00000000,000.00369539,000.00317192,000.01547126,000.22
Tournament (k=2),Blend,Uniform,0.62318,0.25191,000.23270416,002.64324713,003.03000259,001.30608690,000.46
Tournament (k=2),Blend,Uniform,0.74410,0.08092,000.00010300,000.20528188,000.17016983,000.56078243,000.57
Tournament (k=2),Blend,Uniform,0.49195,0.08830,000.00000000,000.00644617,000.00435829,000.34562573,000.26
Tournament (k=2),Blend,Uniform,0.45020,0.04791,000.00000000,000.00045276,000.00024986,000.10430120,000.26
Tournament (k=2),Blend,Uniform,0.62318,0.08092,000.00000763,000.03622222,000.02233124,000.44908553,000.30
Tournament (k=3),Arithmetic,Gaussian,0.41200,0.03378,000.00000000,000.00608673,000.00507355,000.03775485,000.25
Tournament (k=2),Blend,Uniform,0.68096,0.14915,000.12465668,001.72204781,002.15187263,001.02113903,000.30
Tournament (k=2),Blend,Uniform,0.60503,0.16276,000.15283966,001.63219666,002.00455666,001.06954539,000.30
Tournament (k=2),Blend,Uniform,0.57030,0.04791,000.00000000,000.00001802,000.00000000,000.17973348,000.22
Tournament (k=2),Blend,Uniform,0.81310,0.16276,000.22609711,002.36331415,002.67955017,001.21086812,000.34
Tournament (k=2),Blend,Uniform,0.46371,0.06795,000.00000000,000.00018916,000.00010681,000.10145372,000.23
Tournament (k=2),Blend,Uniform,0.58741,0.25191,000.70211792,002.85651326,003.29315376,001.27580094,000.34
Tournament (k=3),Arithmetic,Gaussian,0.40000,0.17762,000.00000763,000.00043316,000.00049591,000.00211198,000.38
Tournament (k=2),Blend,Uniform,0.64187,0.13667,000.08139420,001.43286526,001.66425896,001.00432062,000.33
Tournament (k=2),Blend,Uniform,0.49195,0.25191,000.16759872,002.23512244,002.68002510,001.16128993,000.33
Tournament (k=2),Blend,Uniform,0.50670,0.04791,000.00000000,000.00017548,000.00004005,000.17012720,000.22
Tournament (k=2),Blend,Uniform,0.62318,0.02599,000.00000000,000.00011768,000.00000000,000.29968941,000.25
Tournament (k=2),Blend,Uniform,1.00000,0.30000,001.13154602,004.27333260,004.61098862,001.63630772,000.47
Tournament (k=3),Arithmetic,Gaussian,0.41200,0.10516,000.00000000,000.00059776,000.00054169,000.00360722,000.27
Tournament (k=3),Arithmetic,Gaussian,0.42436,0.02000,000.00004196,000.02697768,000.03070831,000.24109209,000.26
Tournament (k=2),Blend,Uniform,0.58741,0.02382,000.00000000,000.02749491,000.00003624,000.52146089,000.21
Tournament (k=2),Blend,Uniform,0.74410,0.25191,000.48495483,003.30427551,003.85226250,001.56981099,000.38
Tournament (k=3),Arithmetic,Gaussian,0.42436,0.06226,000.00000000,000.00246387,000.00231934,000.00900735,000.28
Tournament (k=2),Blend,Uniform,0.55369,0.30000,000.21992493,002.90283394,003.20027161,001.39106989,000.38
Tournament (k=2),Blend,Uniform,0.88849,0.03095,000.00000000,000.02047238,000.00002098,000.53333676,000.27
Tournament (k=2),Blend,Uniform,0.57030,0.05228,000.00000000,000.00004668,000.00000763,000.16975082,000.23
Tournament (k=2),Blend,Uniform,0.43709,0.02382,000.00000000,000.08978291,000.00479889,000.46026069,000.18
Tournament (k=2),Blend,Uniform,0.50670,0.17762,000.07065201,001.52963066,001.78393173,000.96319842,000.34
Tournament (k=2),Blend,Uniform,0.88849,0.09637,000.04267120,001.06788504,001.31790924,000.89785075,000.27
Tournament (k=2),Blend,Uniform,0.88849,0.27490,001.26233673,003.88728404,004.30817223,001.51156592,000.35
Tournament (k=2),Blend,Uniform,0.43709,0.25191,000.42578888,002.45852733,002.89928818,001.17688692,000.35
Tournament (k=2),Blend,Uniform,0.66113,0.08092,000.00000763,000.03308396,000.03087425,000.39057836,000.26
Tournament (k=2),Blend,Uniform,0.70139,0.23084,000.47295380,002.87206221,003.36124992,001.41354942,000.37
Tournament (k=2),Blend,Uniform,0.94259,0.03095,000.00000000,000.09398079,000.00006104,000.52070743,000.21
Tournament (k=2),Blend,Uniform,0.81310,0.17762,000.31483078,002.55008912,002.85639572,001.20583761,000.36
Tournament (k=2),Blend,Uniform,0.78941,0.03686,000.00000000,000.00007486,000.00000000,000.24128585,000.24
Tournament (k=2),Blend,Uniform,0.83749,0.09637,000.06408310,000.88583976,001.05989265,000.89106590,000.32
Tournament (k=2),Blend,Uniform,0.70139,0.03095,000.00000000,000.00038099,000.00000000,000.30575290,000.21
Tournament (k=2),Blend,Uniform,0.43709,0.02599,000.00000000,000.04801378,000.00563431,000.41093922,000.20
Tournament (k=2),Blend,Uniform,0.62318,0.02837,000.00000000,000.00642748,000.00000954,000.39895576,000.34
Tournament (k=2),Blend,Uniform,0.86261,0.04791,000.00000000,000.00049100,000.00000572,000.27937725,000.23
Tournament (k=2),Blend,Uniform,0.57030,0.02000,000.00000000,000.08785748,000.00084877,000.45795566,000.24
Tournament (k=2),Blend,Uniform,0.55369,0.08092,000.00000000,000.00521297,000.00156784,000.33840901,000.24
Tournament (k=2),Blend,Uniform,0.42436,0.12524,000.00800323,000.30655152,000.28190231,000.51846403,000.25
Tournament (k=3),Arithmetic,Gaussian,0.42436,0.06795,000.00000000,000.00294819,000.00245094,000.01629087,000.30
Tournament (k=2),Blend,Uniform,0.83749,0.02837,000.00000000,000.03063083,000.00006104,000.49184808,000.26
Tournament (k=2),Blend,Uniform,0.81310,0.05228,000.00000000,000.00076618,000.00000763,000.19250900,000.23
Tournament (k=2),Blend,Uniform,0.49195,0.02599,000.00000000,000.01068974,000.00310326,000.36602747,000.23
Tournament (k=3),Arithmetic,Gaussian,0.43709,0.03686,000.00000000,000.00593090,000.00654221,000.02962381,000.25
Tournament (k=2),Blend,Uniform,0.88849,0.03378,000.00000000,000.00257053,000.00007439,000.50993162,000.34
Tournament (k=2),Blend,Uniform,0.53756,0.14915,000.06938171,001.14578032,001.37747574,000.88359863,000.31
Tournament (k=2),Blend,Uniform,0.83749,0.27490,000.31303406,003.79695582,004.35728645,001.47295499,000.39
Tournament (k=2),Blend,Uniform,0.72243,0.05705,000.00000000,000.00167174,000.00002670,000.28863847,000.22
Tournament (k=3),Arithmetic,Gaussian,0.42436,0.19383,000.00006866,000.00130754,000.00139236,000.00480665,000.38
Tournament (k=2),Blend,Uniform,0.94259,0.03378,000.00000000,000.02562089,000.00019836,000.49383497,000.28
Tournament (k=2),Blend,Uniform,0.55369,0.02837,000.00000000,000.00410142,000.00019264,000.39950764,000.21
Tournament (k=3),Arithmetic,Gaussian,0.41200,0.11476,000.00000381,000.00057430,000.00062943,000.00229241,000.52
Tournament (k=2),Blend,Uniform,0.74410,0.03095,000.00000000,000.00117307,000.00000000,000.41145569,000.21
Tournament (k=2),Blend,Uniform,0.52190,0.02382,000.00000000,000.03042850,000.00167084,000.46951300,000.23
Tournament (k=2),Blend,Uniform,0.88849,0.30000,000.77724457,003.99290609,004.59144211,001.72800839,000.44
Tournament (k=2),Blend,Uniform,0.97087,0.02000,000.00000000,000.12405696,000.00142860,000.52845955,000.21
Tournament (k=2),Blend,Uniform,0.43709,0.08092,000.00000000,000.00130858,000.00093842,000.22102781,000.26
Tournament (k=2),Blend,Uniform,0.78941,0.04023,000.00000000,000.00010467,000.00000000,000.31718209,000.34
Tournament (k=2),Blend,Uniform,0.86261,0.14915,000.33484268,002.30129170,002.58548546,001.08488297,000.31
Tournament (k=2),Blend,Uniform,0.68096,0.05228,000.00000000,000.00003343,000.00000381,000.22232018,000.27
Tournament (k=2),Blend,Uniform,0.81310,0.05705,000.00000000,000.00484023,000.00023079,000.25824729,000.24
Tournament (k=3),Arithmetic,Gaussian,0.43709,0.11476,000.00000000,000.00033674,000.00030518,000.00243294,000.32
Tournament (k=2),Blend,Uniform,0.57030,0.14915,000.08933640,001.42679405,001.75802612,001.12374866,000.32
Tournament (k=2),Blend,Uniform,0.42436,0.13667,000.00976944,000.59146893,000.81057739,000.69376886,000.29
Tournament (k=3),Arithmetic,Gaussian,0.42436,0.07415,000.00000000,000.00192914,000.00214005,000.00556242,000.27
Tournament (k=2),Blend,Uniform,0.97087,0.06226,000.00000000,000.06988864,000.05112076,000.45572832,000.25
Tournament (k=3),Arithmetic,Gaussian,0.43709,0.04023,000.00000000,000.00650592,000.00551987,000.02699591,000.26
Tournament (k=2),Blend,Uniform,0.47762,0.05228,000.00000000,000.00017405,000.00007820,000.19721018,000.25
Tournament (k=2),Blend,Uniform,0.64187,0.04791,000.00000000,000.00011263,000.00000954,000.28467485,000.27
Tournament (k=2),Blend,Uniform,1.00000,0.10516,000.19154358,001.57366288,001.82339859,000.95394093,000.27
Tournament (k=2),Blend,Uniform,1.00000,0.03378,000.00000000,000.00239663,000.00014114,000.41476849,000.28
Tournament (k=3),Arithmetic,Gaussian,0.40000,0.06226,000.00000000,000.00332289,000.00377655,000.01674899,000.22
Tournament (k=2),Blend,Uniform,0.58741,0.08830,000.00002289,000.04613275,000.02786064,000.31548262,000.29
Tournament (k=2),Blend,Uniform,0.97087,0.19383,001.07301331,003.30413318,003.58336067,001.18008387,000.31
Tournament (k=2),Blend,Uniform,0.78941,0.27490,001.44055176,003.56366968,003.91150093,001.42717099,000.38
Tournament (k=2),Blend,Uniform,0.49195,0.09637,000.00009155,000.02896256,000.02466393,000.30278054,000.25
Tournament (k=3),Arithmetic,Gaussian,0.41200,0.03686,000.00000000,000.00633373,000.00696182,000.02665835,000.25
Tournament (k=2),Blend,Uniform,0.91514,0.05228,000.00000000,000.00159178,000.00005341,000.31836078,000.29
Tournament (k=2),Blend,Uniform,0.74410,0.08830,000.00098419,000.36151496,000.36339760,000.68018001,000.30
Tournament (k=2),Blend,Uniform,0.68096,0.16276,000.05390167,001.98244476,002.30460358,001.04575694,000.30
Tournament (k=2),Blend,Uniform,0.60503,0.17762,000.26605225,002.02424479,002.42964172,000.95383829,000.30
Tournament (k=2),Blend,Uniform,0.62318,0.27490,000.30426025,002.78742790,003.21810532,001.38568282,000.36
Tournament (k=3),Arithmetic,Gaussian,0.43709,0.12524,000.00000000,000.00029793,000.00024033,000.00166688,000.34
Tournament (k=2),Blend,Uniform,0.72243,0.14915,000.16041565,001.92039418,002.42967415,001.02595627,000.45
Tournament (k=2),Blend,Uniform,0.78941,0.08830,000.00564957,000.59937108,000.68094063,000.75851905,000.26
Tournament (k=2),Blend,Uniform,0.47762,0.13667,000.00758362,000.76543146,001.08204651,000.78253365,000.26
Tournament (k=3),Arithmetic,Gaussian,0.45020,0.02183,000.00000000,000.02472200,000.02432251,000.13906783,000.23
Tournament (k=2),Blend,Uniform,0.58741,0.02599,000.00000000,000.03723917,000.00002861,000.40884292,000.19
Tournament (k=3),Arithmetic,Gaussian,0.40000,0.02000,000.00000381,000.03377499,000.02748108,000.29940337,000.23
Tournament (k=3),Arithmetic,Gaussian,0.42436,0.02183,000.00000763,000.01900134,000.02252388,000.22289751,000.23
Tournament (k=2),Blend,Uniform,0.64187,0.05228,000.00000000,000.00001950,000.00000381,000.24279328,000.32
Tournament (k=3),Arithmetic,Gaussian,0.40000,0.19383,000.00000763,000.00152178,000.00160217,000.00282746,000.31
Tournament (k=2),Blend,Uniform,0.41200,0.07415,000.00000000,000.00087910,000.00062561,000.10819555,000.26
Tournament (k=2),Blend,Uniform,0.64187,0.14915,000.13510513,001.49978614,001.73312187,001.02359939,000.34
Tournament (k=2),Blend,Uniform,0.49195,0.27490,000.64502335,002.61131454,003.02344704,001.22625673,000.35
Tournament (k=2),Blend,Uniform,0.60503,0.04791,000.00000000,000.00012493,000.00000381,000.23687166,000.27
Tournament (k=2),Blend,Uniform,0.57030,0.05705,000.00000000,000.00015917,000.00001526,000.19569826,000.22
Tournament (k=2),Blend,Uniform,0.91514,0.16276,000.38335800,002.60266995,003.06145287,001.20167923,000.33
Tournament (k=2),Blend,Uniform,0.97087,0.21153,000.91314697,003.42868543,003.95568275,001.38036120,000.38
Tournament (k=2),Blend,Uniform,0.58741,0.09637,000.00010681,000.19483118,000.13595390,000.67426008,000.41
Tournament (k=2),Blend,Uniform,0.76642,0.14915,000.24959564,002.17869329,002.44234848,000.91061741,000.29
Tournament (k=3),Arithmetic,Gaussian,0.45020,0.06795,000.00000000,000.00190768,000.00209045,000.00901862,000.28
Tournament (k=2),Blend,Uniform,0.94259,0.09637,000.01544952,001.14827323,001.29897881,000.91852742,000.29
Tournament (k=2),Blend,Uniform,0.40000,0.03686,000.00000000,000.00442295,000.00166321,000.30166671,000.18
Tournament (k=2),Blend,Uniform,0.74410,0.27490,000.49758530,003.71395993,004.21237183,001.44020844,000.39
Tournament (k=2),Blend,Uniform,0.60503,0.19383,000.46025085,002.27856493,002.62898064,001.06059206,000.34
Tournament (k=2),Blend,Uniform,0.68096,0.02000,000.00000000,000.00781274,000.00000000,000.44980410,000.20
Tournament (k=2),Blend,Uniform,0.88849,0.10516,000.26494598,001.53199172,001.85093117,000.80210137,000.27
Tournament (k=2),Blend,Uniform,0.66113,0.08830,000.00053406,000.13586707,000.11562347,000.53726161,000.29
Tournament (k=2),Blend,Uniform,0.70139,0.03378,000.00000000,000.00351243,000.00000191,000.46584898,000.22
Tournament (k=2),Blend,Uniform,0.86261,0.05228,000.00000000,000.00188494,000.00003815,000.24345121,000.24
Tournament (k=2),Blend,Uniform,0.62318,0.03095,000.00000000,000.00000396,000.00000000,000.22860552,000.25
Tournament (k=2),Blend,Uniform,0.57030,0.02183,000.00000000,000.07062273,000.00051689,000.52900547,000.24
Tournament (k=2),Blend,Uniform,0.55369,0.08830,000.00000381,000.02689247,000.01663017,000.34510651,000.24
Tournament (k=2),Blend,Uniform,0.83749,0.10516,000.01396942,001.27344704,001.40480995,000.77505046,000.32
Tournament (k=2),Blend,Uniform,0.66113,0.03378,000.00000000,000.00038571,000.00000572,000.34710377,000.21
Tournament (k=3),Arithmetic,Gaussian,0.40000,0.02183,000.00000381,000.01954966,000.01306343,000.21214393,000.41
Tournament (k=2),Blend,Uniform,0.68096,0.02183,000.00000000,000.00006118,000.00000000,000.36467358,000.20
Tournament (k=2),Blend,Uniform,0.81310,0.19383,000.15904617,002.66531610,003.04261971,001.28151751,000.37
Tournament (k=3),Arithmetic,Gaussian,0.45020,0.21153,000.00020599,000.00480533,000.00507164,000.02876255,000.32
Tournament (k=2),Blend,Uniform,0.49195,0.02837,000.00000000,000.00259652,000.00090027,000.38816798,000.24
Tournament (k=2),Blend,Uniform,0.62318,0.30000,000.64813995,003.06797671,003.65856171,001.74205554,000.56
Tournament (k=2),Blend,Uniform,0.49195,0.30000,000.62686920,002.85366297,003.30336952,001.26891375,000.37
Tournament (k=2),Blend,Uniform,0.53756,0.05228,000.00000000,000.00012259,000.00002861,000.09924462,000.26
Tournament (k=2),Blend,Uniform,0.83749,0.03095,000.00000000,000.00109959,000.00000191,000.35958785,000.27
Tournament (k=2),Blend,Uniform,0.52190,0.08830,000.00000763,000.02401295,000.02060890,000.25238398,000.29
Tournament (k=2),Blend,Uniform,0.88849,0.03686,000.00000000,000.00161691,000.00000000,000.40784729,000.28
Tournament (k=2),Blend,Uniform,0.70139,0.09637,000.00064087,000.47521567,000.57502747,000.79307252,000.31
Tournament (k=2),Blend,Uniform,0.70139,0.25191,000.87991333,003.15292430,003.61827850,001.40383613,000.49
Tournament (k=2),Blend,Uniform,0.88849,0.11476,000.05051422,001.66703796,001.93965530,000.87538821,000.32
Tournament (k=2),Blend,Uniform,0.55369,0.03095,000.00000000,000.00067816,000.00011635,000.36312425,000.21
Tournament (k=2),Blend,Uniform,0.72243,0.06226,000.00000000,000.00118804,000.00016403,000.29917318,000.24
Tournament (k=2),Blend,Uniform,0.94259,0.03686,000.00000000,000.10497580,000.00090790,000.52573639,000.23
Tournament (k=2),Blend,Uniform,0.52190,0.02599,000.00000000,000.00560102,000.00067520,000.35387477,000.20
Tournament (k=2),Blend,Uniform,0.91514,0.02000,000.00000000,000.09518900,000.00023270,000.59086674,000.21
Tournament (k=2),Blend,Uniform,0.74410,0.03378,000.00000000,000.00018697,000.00000000,000.42583245,000.22
Tournament (k=2),Blend,Uniform,0.62318,0.03378,000.00000000,000.00003214,000.00000000,000.38719237,000.27
Tournament (k=2),Blend,Uniform,0.49195,0.03095,000.00000000,000.00254321,000.00018501,000.34523615,000.25
Tournament (k=2),Blend,Uniform,0.78941,0.04390,000.00000000,000.00009952,000.00000000,000.24602257,000.28
Tournament (k=2),Blend,Uniform,0.86261,0.16276,000.35766983,002.47691226,002.83399963,001.23745441,000.31
Tournament (k=2),Blend,Uniform,0.68096,0.05705,000.00000000,000.00019250,000.00000763,000.24596146,000.29
Tournament (k=3),Arithmetic,Gaussian,0.46371,0.04023,000.00000000,000.00620589,000.00669479,000.03110903,000.22
Tournament (k=2),Blend,Uniform,0.81310,0.06226,000.00000000,000.00524740,000.00146675,000.30326617,000.31
Tournament (k=2),Blend,Uniform,0.62318,0.08830,000.00021362,000.09025045,000.05681992,000.55484474,000.31
Tournament (k=3),Arithmetic,Gaussian,0.42436,0.08092,000.00000000,000.00163317,000.00204659,000.00529144,000.24
Tournament (k=2),Blend,Uniform,0.83749,0.30000,001.09323883,003.54489517,004.08880043,001.53235722,000.48
Tournament (k=3),Arithmetic,Gaussian,0.42436,0.21153,000.00002289,000.00389357,000.00382614,000.01365672,000.46
Tournament (k=2),Blend,Uniform,0.97087,0.06795,000.00000000,000.29724303,000.22401428,000.69014668,000.25
Tournament (k=2),Blend,Uniform,0.57030,0.16276,000.17044067,001.58212030,002.02893829,001.09196007,000.35
Tournament (k=2),Blend,Uniform,0.46371,0.07415,000.00000000,000.00039506,000.00018692,000.02781855,000.23
Tournament (k=2),Blend,Uniform,0.91514,0.02183,000.00000000,000.06432543,000.00007248,000.53234941,000.23
Tournament (k=3),Arithmetic,Gaussian,0.43709,0.04390,000.00000000,000.00630689,000.00544739,000.01930512,000.27
Tournament (k=2),Blend,Uniform,0.66113,0.09637,000.00052643,000.36353582,000.35850906,000.62684339,000.57
Tournament (k=3),Arithmetic,Gaussian,0.40000,0.06795,000.00000000,000.00179567,000.00171280,000.00647530,000.23
Tournament (k=3),Arithmetic,Gaussian,0.47762,0.02382,000.00000000,000.01679344,000.01743317,000.07089109,000.20
Tournament (k=3),Arithmetic,Gaussian,0.45020,0.23084,000.00033188,000.01630893,000.01845360,000.02924692,000.51
Tournament (k=2),Blend,Uniform,0.58741,0.27490,000.71073532,002.68906975,003.14406204,001.30907714,000.34
Tournament (k=2),Blend,Uniform,1.00000,0.03686,000.00000000,000.00195622,000.00032997,000.51950657,000.30
Tournament (k=3),Arithmetic,Gaussian,0.41200,0.04023,000.00000381,000.00432143,000.00382996,000.02674812,000.26
Tournament (k=3),Arithmetic,Gaussian,0.45020,0.02382,000.00000000,000.01539178,000.01399040,000.12804864,000.19
Tournament (k=2),Blend,Uniform,0.91514,0.05705,000.00000000,000.00328946,000.00062180,000.26460016,000.31
Tournament (k=2),Blend,Uniform,0.68096,0.17762,000.26435852,002.39502120,002.63240433,001.20390451,000.31
Tournament (k=2),Blend,Uniform,0.74410,0.09637,000.03872681,000.65985537,000.89614677,000.82569450,000.32
Tournament (k=3),Arithmetic,Gaussian,0.42436,0.02382,000.00007629,000.02161260,000.02288437,000.16963235,000.25
Tournament (k=2),Blend,Uniform,0.78941,0.09637,000.01874924,000.70999962,000.88023186,000.79374838,000.27
Tournament (k=3),Arithmetic,Gaussian,0.46371,0.12524,000.00000000,000.00032015,000.00036812,000.00185354,000.43
Tournament (k=2),Blend,Uniform,0.97087,0.07415,000.00288391,000.39151692,000.37489700,000.72349185,000.29
Tournament (k=2),Blend,Uniform,0.78941,0.30000,000.82107925,004.01586008,004.48777771,001.69500840,000.41
Tournament (k=3),Arithmetic,Gaussian,0.47762,0.07415,000.00000000,000.00146127,000.00125885,000.00794053,000.30
Tournament (k=3),Arithmetic,Gaussian,0.43709,0.13667,000.00000000,000.00025249,000.00022697,000.00112689,000.36
Tournament (k=2),Blend,Uniform,0.52190,0.25191,000.43910980,002.56244087,002.99023819,001.25382996,000.40
Tournament (k=2),Blend,Uniform,0.64187,0.05705,000.00000000,000.00019536,000.00002670,000.16316263,000.27
Tournament (k=2),Blend,Uniform,0.62318,0.09637,000.00583649,000.25373325,000.15677071,000.62777692,000.36
Tournament (k=3),Arithmetic,Gaussian,0.42436,0.23084,000.00028992,000.01404562,000.01538467,000.02982149,000.42
Tournament (k=3),Arithmetic,Gaussian,0.40000,0.21153,000.00003433,000.00653696,000.00737190,000.01991803,000.32
Tournament (k=3),Arithmetic,Gaussian,0.41200,0.04390,000.00002289,000.00498791,000.00598526,000.01519745,000.27
Tournament (k=2),Blend,Uniform,0.76642,0.04791,000.00000000,000.00029869,000.00000000,000.22577998,000.22
Tournament (k=2),Blend,Uniform,0.57030,0.06226,000.00000000,000.00005760,000.00001526,000.17476651,000.22
Tournament (k=2),Blend,Uniform,1.00000,0.04023,000.00000000,000.00128074,000.00000763,000.27665570,000.32
Tournament (k=2),Blend,Uniform,0.40000,0.04023,000.00000000,000.00494781,000.00255013,000.23518388,000.22
Tournament (k=2),Blend,Uniform,0.58741,0.10516,000.00516891,000.35826722,000.26315498,000.74368078,000.27
Tournament (k=2),Blend,Uniform,0.70139,0.03686,000.00000000,000.00008903,000.00000000,000.42637497,000.22
Tournament (k=2),Blend,Uniform,0.97087,0.23084,000.46758270,003.43505359,003.88269043,001.50462365,000.32
Tournament (k=3),Arithmetic,Gaussian,0.45020,0.07415,000.00000000,000.00131140,000.00125504,000.00739478,000.29
Tournament (k=2),Blend,Uniform,0.58741,0.30000,000.68742752,003.24606395,003.78684998,001.40369368,000.47
Tournament (k=2),Blend,Uniform,0.76642,0.16276,000.16937637,002.63873339,002.89063835,001.00682080,000.31
Tournament (k=2),Blend,Uniform,0.91514,0.17762,000.27079773,002.85740376,003.26924515,001.41205680,000.38
Tournament (k=2),Blend,Uniform,0.60503,0.21153,000.60399628,002.37379503,002.71705246,001.12412763,000.31
Tournament (k=2),Blend,Uniform,0.66113,0.03686,000.00000000,000.00006332,000.00000381,000.23642772,000.21
Tournament (k=2),Blend,Uniform,0.68096,0.02382,000.00000000,000.08833337,000.00000000,000.51257092,000.20
Tournament (k=2),Blend,Uniform,0.55369,0.09637,000.00005341,000.09842505,000.09148216,000.41683826,000.28
Tournament (k=3),Arithmetic,Gaussian,0.40000,0.02382,000.00004578,000.01946621,000.01808167,000.11715671,000.23
Tournament (k=2),Blend,Uniform,0.97087,0.02183,000.00000000,000.05492840,000.00024033,000.64804298,000.21
Tournament (k=2),Blend,Uniform,0.70139,0.04023,000.00000000,000.00019045,000.00000763,000.21676597,000.22
Tournament (k=2),Blend,Uniform,0.60503,0.02000,000.00000000,000.10910287,000.00060654,000.46303341,000.20
Tournament (k=3),Arithmetic,Gaussian,0.45020,0.25191,000.00067902,000.03311930,000.03377342,000.08969813,000.72
Tournament (k=2),Blend,Uniform,1.00000,0.04390,000.00000000,000.00253768,000.00005913,000.35050055,000.30
Tournament (k=3),Arithmetic,Gaussian,0.49195,0.04390,000.00000000,000.00471821,000.00512695,000.04071597,000.27
Tournament (k=2),Blend,Uniform,0.94259,0.10516,000.14087677,001.56704104,001.81996346,000.94584978,000.54
Tournament (k=2),Blend,Uniform,0.53756,0.16276,000.16084290,001.64615512,001.98385048,000.86087590,000.50
Tournament (k=3),Arithmetic,Gaussian,0.41200,0.12524,000.00000000,000.00043297,000.00038910,000.00228007,000.44
Tournament (k=2),Blend,Uniform,0.64187,0.02000,000.00000000,000.17800589,000.00034904,000.59802222,000.24
Tournament (k=2),Blend,Uniform,0.66113,0.04023,000.00000000,000.00028586,000.00000763,000.36983639,000.22
Tournament (k=3),Arithmetic,Gaussian,0.45020,0.02599,000.00000000,000.01590304,000.01687241,000.06174886,000.66
Tournament (k=2),Blend,Uniform,0.74410,0.30000,001.07287598,003.39392781,003.84801865,001.59606791,000.57
Tournament (k=2),Blend,Uniform,0.53756,0.05705,000.00000000,000.00008507,000.00003624,000.20320334,000.26
Tournament (k=2),Blend,Uniform,0.97087,0.25191,001.55813217,003.79690313,004.27592278,001.55175126,000.33
Tournament (k=2),Blend,Uniform,0.83749,0.03378,000.00000000,000.02103748,000.00006294,000.45068863,000.27
Tournament (k=2),Blend,Uniform,0.60503,0.23084,000.35919571,002.77049780,003.13582420,001.26905334,000.31
Tournament (k=2),Blend,Uniform,0.68096,0.02599,000.00000000,000.01600833,000.00000191,000.48901296,000.28
Tournament (k=2),Blend,Uniform,0.83749,0.11476,000.09162140,001.56940234,001.79986572,000.90633130,000.51
Tournament (k=2),Blend,Uniform,0.55369,0.10516,000.00020218,000.28340498,000.22029114,000.61388731,000.27
Tournament (k=2),Blend,Uniform,0.55369,0.03378,000.00000000,000.00077853,000.00001907,000.23760796,000.20
Tournament (k=2),Blend,Uniform,0.52190,0.09637,000.00033188,000.05631166,000.04579926,000.31199837,000.31
Tournament (k=3),Arithmetic,Gaussian,0.47762,0.23084,000.00070190,000.01526294,000.01562119,000.03262794,000.59
Tournament (k=3),Arithmetic,Gaussian,0.40000,0.02599,000.00000000,000.01908989,000.01739311,000.17554732,000.27
Tournament (k=2),Blend,Uniform,0.94259,0.04023,000.00000000,000.00026340,000.00000000,000.47249892,000.22
Tournament (k=2),Blend,Uniform,0.88849,0.12524,000.03633118,002.10219288,002.38590813,000.96050000,000.28
Tournament (k=3),Arithmetic,Gaussian,0.49195,0.13667,000.00000000,000.00017796,000.00016212,000.00102174,000.40
Tournament (k=2),Blend,Uniform,0.72243,0.06795,000.00000000,000.00709538,000.00214577,000.36178121,000.24
Tournament (k=2),Blend,Uniform,0.70139,0.10516,000.00606537,000.79462618,001.07793617,000.80215400,000.31
Tournament (k=3),Arithmetic,Gaussian,0.45020,0.08092,000.00000000,000.00130138,000.00099373,000.00652866,000.50
Tournament (k=2),Blend,Uniform,0.91514,0.19383,001.25003815,003.30961990,003.71230507,001.13467216,000.46
Tournament (k=2),Blend,Uniform,0.74410,0.03686,000.00000000,000.00009065,000.00000000,000.37954360,000.21
Tournament (k=2),Blend,Uniform,0.52190,0.02837,000.00000000,000.00127110,000.00030327,000.41022059,000.24
Tournament (k=2),Blend,Uniform,0.50670,0.05228,000.00000000,000.00008430,000.00001526,000.25833011,000.21
Tournament (k=3),Arithmetic,Gaussian,0.46371,0.04390,000.00000000,000.00376258,000.00451851,000.01100532,000.20
Tournament (k=2),Blend,Uniform,1.00000,0.11476,000.20401001,002.13319492,002.37457275,001.00217533,000.30
Tournament (k=2),Blend,Uniform,0.62318,0.03686,000.00000000,000.00018635,000.00000381,000.28409094,000.25
Tournament (k=2),Blend,Uniform,0.58741,0.02837,000.00000000,000.00528955,000.00001335,000.43713737,000.19
Tournament (k=2),Blend,Uniform,0.78941,0.04791,000.00000000,000.00096693,000.00006866,000.25341448,000.28
Tournament (k=2),Blend,Uniform,0.68096,0.06226,000.00000000,000.00040727,000.00006485,000.15045887,000.28
Tournament (k=2),Blend,Uniform,0.86261,0.17762,000.45141602,002.74079657,003.13195610,001.27652729,000.30
Tournament (k=2),Blend,Uniform,0.46371,0.08092,000.00000000,000.00148168,000.00072670,000.14774902,000.23
Tournament (k=2),Blend,Uniform,0.70139,0.27490,000.19361115,003.13810492,003.52562332,001.53949451,000.54
Tournament (k=3),Arithmetic,Gaussian,0.42436,0.25191,000.00173569,000.03027806,000.03097534,000.06323085,000.87
Tournament (k=2),Blend,Uniform,0.86261,0.02000,000.00000000,000.23815008,000.00322342,000.71827120,000.26
Tournament (k=2),Blend,Uniform,0.47762,0.14915,000.01926422,000.94187164,001.12063217,000.86065900,000.28
Tournament (k=3),Arithmetic,Gaussian,0.42436,0.08830,000.00000000,000.00125837,000.00132179,000.00415243,000.30
Tournament (k=3),Arithmetic,Gaussian,0.40000,0.07415,000.00000000,000.00203552,000.00230980,000.00752067,000.23
Tournament (k=3),Arithmetic,Gaussian,0.43709,0.04791,000.00000000,000.00321836,000.00296974,000.01724047,000.26
Tournament (k=3),Arithmetic,Gaussian,0.46371,0.04791,000.00000000,000.00348988,000.00415230,000.01409735,000.21
Tournament (k=2),Blend,Uniform,0.72243,0.16276,000.34137726,002.23602867,002.59967422,000.98253143,000.39
Tournament (k=3),Arithmetic,Gaussian,0.50670,0.02599,000.00000000,000.02148800,000.02786446,000.11389507,000.25
Tournament (k=2),Blend,Uniform,0.58741,0.03095,000.00000000,000.00043821,000.00001907,000.31540540,000.20
Tournament (k=2),Blend,Uniform,0.66113,0.10516,000.00471115,000.57902747,000.70223999,000.71099800,000.31
Tournament (k=2),Blend,Uniform,0.52190,0.03095,000.00000000,000.00189142,000.00014305,000.32249448,000.29
Tournament (k=2),Blend,Uniform,0.76642,0.17762,000.30039978,002.39038801,002.74939728,001.23773706,000.86
Tournament (k=2),Blend,Uniform,1.00000,0.12524,000.30125427,002.20959806,002.54251862,000.97939473,000.30
Tournament (k=2),Blend,Uniform,0.46371,0.08830,000.00001526,000.00715160,000.00364304,000.26436129,000.24
Tournament (k=3),Arithmetic,Gaussian,0.42436,0.02599,000.00000763,000.01487727,000.01534271,000.16705893,000.24
Tournament (k=2),Blend,Uniform,0.91514,0.06226,000.00000000,000.03363524,000.02492905,000.38565782,000.29
Tournament (k=2),Blend,Uniform,0.78941,0.10516,000.03272247,001.11227083,001.38172913,000.82211101,000.27
Tournament (k=2),Blend,Uniform,0.68096,0.19383,000.54434586,002.60644984,002.97741318,001.13759613,000.30
Tournament (k=2),Blend,Uniform,0.86261,0.19383,000.36925507,002.78204870,003.21197701,001.29403234,000.32
Tournament (k=2),Blend,Uniform,0.97087,0.08092,000.01899719,000.77142227,001.08239746,000.85976100,000.26
Tournament (k=2),Blend,Uniform,0.62318,0.04023,000.00000000,000.00011997,000.00000000,000.31101692,000.42
Tournament (k=2),Blend,Uniform,0.81310,0.02000,000.00000000,000.10957132,000.00000572,000.49734971,000.25
Tournament (k=3),Arithmetic,Gaussian,0.47762,0.08092,000.00000000,000.00107741,000.00117302,000.00577140,000.29
Tournament (k=2),Blend,Uniform,0.76642,0.05228,000.00000000,000.00026917,000.00001526,000.23835827,000.22
Tournament (k=2),Blend,Uniform,0.86261,0.05705,000.00000000,000.00976667,000.00086594,000.41333157,000.24
Tournament (k=2),Blend,Uniform,0.57030,0.06795,000.00000000,000.00017757,000.00002670,000.21946433,000.23
Tournament (k=2),Blend,Uniform,0.70139,0.11476,000.04076767,000.86599636,001.13471413,000.76732361,000.62
Tournament (k=2),Blend,Uniform,0.58741,0.03378,000.00000000,000.00021734,000.00000381,000.30564612,000.32
Tournament (k=3),Arithmetic,Gaussian,0.41200,0.04791,000.00000000,000.00588646,000.00587463,000.02165351,000.26
Tournament (k=2),Blend,Uniform,0.62318,0.10516,000.00596237,000.45886603,000.50023460,000.72245789,000.30
Tournament (k=2),Blend,Uniform,0.97087,0.02382,000.00000000,000.00148325,000.00027466,000.39223301,000.21
Tournament (k=3),Arithmetic,Gaussian,0.50670,0.08092,000.00000000,000.00094852,000.00096130,000.00391716,000.23
Tournament (k=2),Blend,Uniform,0.60503,0.02183,000.00000000,000.01749301,000.00001907,000.42763555,000.20
Tournament (k=2),Blend,Uniform,0.70139,0.04390,000.00000000,000.00008774,000.00000191,000.21948914,000.21
Tournament (k=2),Blend,Uniform,0.57030,0.17762,000.05195618,001.80958784,002.20273590,001.10808539,000.80
Tournament (k=2),Blend,Uniform,0.64187,0.16276,000.14324570,001.78072894,002.07890129,001.07509184,000.68
Tournament (k=2),Blend,Uniform,0.88849,0.04023,000.00000000,000.00122566,000.00000763,000.34852794,000.28
Tournament (k=2),Blend,Uniform,0.78941,0.05228,000.00000000,000.00041428,000.00000381,000.31204841,000.64
Tournament (k=2),Blend,Uniform,0.58741,0.11476,000.01170349,000.53358644,000.60832596,000.71655989,000.30
Tournament (k=2),Blend,Uniform,0.81310,0.21153,000.37138367,003.15641356,003.73889923,001.32602000,000.31
Tournament (k=2),Blend,Uniform,0.58741,0.03686,000.00000000,000.00028872,000.00001335,000.32997862,000.21
Tournament (k=2),Blend,Uniform,0.66113,0.11476,000.01534271,000.84271210,001.20365334,000.88159448,000.52
Tournament (k=2),Blend,Uniform,0.68096,0.06795,000.00000000,000.00353155,000.00086212,000.26230237,000.71
Tournament (k=3),Arithmetic,Gaussian,0.46371,0.13667,000.00000000,000.00017457,000.00016022,000.00133286,000.64
Tournament (k=3),Arithmetic,Gaussian,0.49195,0.04791,000.00000381,000.00567985,000.00657272,000.01836374,000.27
Tournament (k=3),Arithmetic,Gaussian,0.43709,0.14915,000.00000000,000.00023551,000.00023079,000.00180839,000.60
Tournament (k=2),Blend,Uniform,1.00000,0.04791,000.00000000,000.00765605,000.00137329,000.30790240,000.29
Tournament (k=2),Blend,Uniform,0.66113,0.04390,000.00000000,000.00004077,000.00000000,000.33146665,000.21
Tournament (k=2),Blend,Uniform,0.62318,0.04390,000.00000000,000.00003381,000.00000000,000.26160657,000.31
Tournament (k=3),Arithmetic,Gaussian,0.50670,0.02837,000.00000000,000.01410274,000.01392365,000.06442715,000.62
Tournament (k=2),Blend,Uniform,0.97087,0.02599,000.00000000,000.00330257,000.00016403,000.52290988,000.25
Tournament (k=3),Arithmetic,Gaussian,0.50670,0.08830,000.00000000,000.00094523,000.00117302,000.00307830,000.25
Tournament (k=2),Blend,Uniform,0.64187,0.02183,000.00000000,000.04206286,000.00000763,000.43163422,000.24
Tournament (k=3),Arithmetic,Gaussian,0.50670,0.25191,000.00212860,000.03921213,000.04341888,000.16472559,000.33
Tournament (k=3),Arithmetic,Gaussian,0.45020,0.02837,000.00000763,000.01615834,000.01500130,000.07247402,000.24
Tournament (k=2),Blend,Uniform,0.76642,0.19383,000.96365738,002.77772093,003.23344421,001.35784948,000.59
Tournament (k=2),Blend,Uniform,0.76642,0.02000,000.00000000,000.09855070,000.00007057,000.53690392,000.26
Tournament (k=3),Arithmetic,Gaussian,0.52190,0.04791,000.00000763,000.00353084,000.00401497,000.01994770,000.21
Tournament (k=2),Blend,Uniform,0.68096,0.02837,000.00000000,000.00014744,000.00000000,000.38305455,000.21
Tournament (k=3),Arithmetic,Gaussian,0.40000,0.23084,000.00012589,000.01482453,000.01658821,000.04250339,000.61
Tournament (k=3),Arithmetic,Gaussian,0.47762,0.25191,000.00054169,000.02869382,000.03500748,000.07582224,001.11
Tournament (k=2),Blend,Uniform,0.83749,0.03686,000.00000000,000.00539427,000.00002670,000.48210534,000.27
Tournament (k=2),Blend,Uniform,0.52190,0.03378,000.00000000,000.00120831,000.00030327,000.32176331,000.72
Tournament (k=2),Blend,Uniform,0.94259,0.11476,000.01106262,001.85245931,002.25668335,001.02314782,000.46
Tournament (k=2),Blend,Uniform,0.97087,0.27490,001.25611877,004.20497704,004.58306313,001.59122086,000.34
Tournament (k=2),Blend,Uniform,0.57030,0.19383,000.08520126,002.14433408,002.41889000,001.11500466,000.34
Tournament (k=2),Blend,Uniform,0.70139,0.30000,001.23849487,003.43250036,003.86170387,001.33637249,000.53
Tournament (k=2),Blend,Uniform,0.55369,0.03686,000.00000000,000.00014138,000.00002289,000.26404840,000.20
Tournament (k=2),Blend,Uniform,0.94259,0.04390,000.00000000,000.00074220,000.00000381,000.32683411,000.22
Tournament (k=3),Arithmetic,Gaussian,0.40000,0.02837,000.00000000,000.01290288,000.01325417,000.09733091,000.23
Tournament (k=2),Blend,Uniform,0.81310,0.06795,000.00000000,000.04276533,000.01543808,000.47196174,000.24
Tournament (k=2),Blend,Uniform,0.55369,0.11476,000.00695801,000.55623418,000.60965538,000.72818196,000.26
Tournament (k=2),Blend,Uniform,0.52190,0.10516,000.00272369,000.21937028,000.21322060,000.50554365,000.29
Tournament (k=2),Blend,Uniform,0.72243,0.07415,000.00000000,000.03001037,000.02696609,000.37783390,000.24
Tournament (k=2),Blend,Uniform,0.88849,0.13667,000.23713684,002.09021759,002.45922470,001.01957238,000.29
Tournament (k=2),Blend,Uniform,0.70139,0.12524,000.20126343,001.23634315,001.42139816,001.01040494,000.65
Tournament (k=3),Arithmetic,Gaussian,0.47762,0.02599,000.00000000,000.01600537,000.01323128,000.15240814,000.19
Tournament (k=2),Blend,Uniform,0.91514,0.02382,000.00000000,000.14735413,000.00038719,000.58765447,000.21
Tournament (k=3),Arithmetic,Gaussian,0.41200,0.05228,000.00000000,000.00293422,000.00325966,000.01130508,000.66
Tournament (k=3),Arithmetic,Gaussian,0.53756,0.02837,000.00004196,000.01293168,000.01287842,000.07230030,000.26
Tournament (k=3),Arithmetic,Gaussian,0.40000,0.08092,000.00000000,000.00182190,000.00144577,000.00487556,000.22
Tournament (k=2),Blend,Uniform,0.60503,0.05228,000.00000000,000.00008173,000.00000381,000.18500791,000.26
Tournament (k=2),Blend,Uniform,0.83749,0.12524,000.06084824,001.95965004,002.24118996,000.98811483,000.48
Tournament (k=2),Blend,Uniform,0.47762,0.16276,000.04409027,001.26871133,001.52735519,001.00788236,000.27
Tournament (k=2),Blend,Uniform,0.72243,0.17762,000.08157730,002.43527365,002.77514458,001.11640680,001.10
Tournament (k=3),Arithmetic,Gaussian,0.53756,0.08830,000.00000000,000.00098658,000.00101089,000.00305109,000.24
Tournament (k=3),Arithmetic,Gaussian,0.49195,0.14915,000.00000000,000.00015235,000.00017548,000.00117915,000.44
Tournament (k=3),Arithmetic,Gaussian,0.43709,0.05228,000.00000000,000.00378385,000.00379181,000.01203001,000.26
Tournament (k=2),Blend,Uniform,0.74410,0.10516,000.02879333,000.88498592,001.16471863,000.93400902,000.31
Tournament (k=2),Blend,Uniform,0.86261,0.02183,000.00000000,000.07524929,000.00021744,000.45943013,000.34
Tournament (k=2),Blend,Uniform,0.62318,0.11476,000.02379608,000.56811678,000.59602165,000.64527971,000.80
Tournament (k=3),Arithmetic,Gaussian,0.55369,0.05228,000.00000000,000.00338860,000.00366592,000.01385043,000.21
Tournament (k=2),Blend,Uniform,0.91514,0.21153,000.16988754,003.31984138,003.79109383,001.30908799,000.44
Tournament (k=2),Blend,Uniform,0.72243,0.08092,000.00020218,000.21034607,000.12880135,000.56193793,000.26
Tournament (k=3),Arithmetic,Gaussian,0.42436,0.09637,000.00000000,000.00090833,000.00109673,000.00899788,000.33
Tournament (k=2),Blend,Uniform,0.64187,0.06226,000.00000000,000.00021281,000.00001144,000.10053949,000.27
Tournament (k=2),Blend,Uniform,0.52190,0.27490,000.78131104,002.74480963,002.89381409,001.14729774,000.35
Tournament (k=2),Blend,Uniform,0.91514,0.02599,000.00000000,000.03973489,000.00011826,000.49151427,000.24
Tournament (k=2),Blend,Uniform,1.00000,0.13667,000.13578796,002.45331812,002.82112122,001.05030227,000.29
Tournament (k=3),Arithmetic,Gaussian,0.47762,0.02837,000.00000000,000.00909104,000.00755692,000.12143280,000.28
Tournament (k=3),Arithmetic,Gaussian,0.42436,0.27490,000.00228500,000.06997085,000.07940674,000.11659180,000.44
Tournament (k=2),Blend,Uniform,0.57030,0.21153,000.22487640,002.19856977,002.50967026,001.10128343,000.51
Tournament (k=3),Arithmetic,Gaussian,0.52190,0.14915,000.00000000,000.00018311,000.00018883,000.00148306,000.63
Tournament (k=3),Arithmetic,Gaussian,0.41200,0.05705,000.00000000,000.00357876,000.00372887,000.01288164,000.29
Tournament (k=2),Blend,Uniform,0.78941,0.11476,000.01193237,001.51627529,001.82838821,000.83013767,000.30
Tournament (k=2),Blend,Uniform,0.91514,0.06795,000.00004578,000.19833612,000.15499115,000.52566433,000.30
Tournament (k=2),Blend,Uniform,0.68096,0.21153,000.36145020,003.00109243,003.32385635,001.14680851,000.30
Tournament (k=2),Blend,Uniform,0.97087,0.08830,000.01336288,001.16229630,001.38423347,000.94535965,000.30
Tournament (k=2),Blend,Uniform,0.86261,0.21153,000.27947998,003.51640582,003.93251801,001.31244993,000.31
Tournament (k=2),Blend,Uniform,0.76642,0.05705,000.00000000,000.00024524,000.00003433,000.21466596,000.23
Tournament (k=2),Blend,Uniform,0.60503,0.02382,000.00000000,000.03871598,000.00000763,000.42686090,000.21
Tournament (k=2),Blend,Uniform,0.81310,0.02183,000.00000000,000.20480594,000.00042725,000.52723807,000.27
Tournament (k=2),Blend,Uniform,0.86261,0.06226,000.00000000,000.01288080,000.00257492,000.35529971,000.24
Tournament (k=2),Blend,Uniform,0.70139,0.04791,000.00000000,000.00004215,000.00000000,000.21743210,000.25
Tournament (k=3),Arithmetic,Gaussian,0.47762,0.08830,000.00000000,000.00120111,000.00144386,000.00506007,000.30
Tournament (k=2),Blend,Uniform,0.88849,0.04390,000.00000000,000.00257111,000.00002289,000.31484824,000.28
Tournament (k=3),Arithmetic,Gaussian,0.45020,0.27490,000.00114441,000.05956592,000.07509613,000.16825251,000.33
Tournament (k=2),Blend,Uniform,0.53756,0.17762,000.27702332,001.99463725,002.19906235,000.88979310,000.33
Tournament (k=2),Blend,Uniform,0.64187,0.17762,000.10137177,002.20389557,002.60454369,001.19285691,000.31
Tournament (k=3),Arithmetic,Gaussian,0.41200,0.13667,000.00000000,000.00038342,000.00042725,000.00147586,000.34
Tournament (k=2),Blend,Uniform,0.53756,0.06226,000.00000000,000.00004678,000.00002480,000.09893944,000.27
Tournament (k=3),Arithmetic,Gaussian,0.53756,0.27490,000.00574493,000.06744523,000.07715225,000.25607228,000.68
Tournament (k=3),Arithmetic,Gaussian,0.55369,0.16276,000.00000000,000.00020432,000.00023079,000.00079365,000.35
Tournament (k=3),Arithmetic,Gaussian,0.57030,0.03095,000.00000000,000.00757909,000.00514030,000.11533996,000.21
Tournament (k=2),Blend,Uniform,0.58741,0.04023,000.00000000,000.00005684,000.00000000,000.26234910,000.26
Tournament (k=2),Blend,Uniform,0.76642,0.06226,000.00000000,000.00205207,000.00023270,000.28698298,000.24
Tournament (k=2),Blend,Uniform,0.78941,0.05705,000.00000000,000.00475621,000.00002480,000.40299693,000.28
Tournament (k=2),Blend,Uniform,0.81310,0.02382,000.00000000,000.06240096,000.00001717,000.62253481,000.21
Tournament (k=2),Blend,Uniform,0.97087,0.09637,000.09511566,001.45032787,001.76513100,001.01922178,000.27
Tournament (k=2),Blend,Uniform,0.68096,0.07415,000.00000000,000.00964074,000.00380516,000.24893591,000.28
Tournament (k=2),Blend,Uniform,0.58741,0.12524,000.04341888,000.94891083,001.22112274,000.81901038,000.32
Tournament (k=2),Blend,Uniform,0.68096,0.23084,001.02643967,002.86497617,003.07138824,001.40253973,000.32
Tournament (k=2),Blend,Uniform,0.66113,0.04791,000.00000000,000.00003161,000.00000000,000.29807332,000.22
Tournament (k=3),Arithmetic,Gaussian,0.46371,0.14915,000.00000000,000.00014353,000.00015259,000.00097536,000.35
Tournament (k=2),Blend,Uniform,0.97087,0.02837,000.00000000,000.05201497,000.00038910,000.45301336,000.22
Tournament (k=2),Blend,Uniform,1.00000,0.05228,000.00000000,000.00755973,000.00034904,000.37104595,000.28
Tournament (k=3),Arithmetic,Gaussian,0.50670,0.09637,000.00000000,000.00078969,000.00088310,000.00225039,000.25
Tournament (k=2),Blend,Uniform,0.64187,0.02382,000.00000000,000.03050995,000.00000000,000.45134538,000.24
Tournament (k=3),Arithmetic,Gaussian,0.57030,0.09637,000.00000000,000.00043750,000.00039482,000.00285659,000.31
Tournament (k=3),Arithmetic,Gaussian,0.52190,0.05228,000.00000000,000.00301595,000.00271606,000.01272245,000.21
Tournament (k=3),Arithmetic,Gaussian,0.43709,0.16276,000.00000000,000.00024791,000.00025177,000.00353869,000.40
Tournament (k=3),Arithmetic,Gaussian,0.45020,0.03095,000.00000000,000.01175776,000.01297760,000.14551996,000.24
Tournament (k=2),Blend,Uniform,0.64187,0.19383,000.48465729,002.56771040,002.86368179,001.14845574,000.32
Tournament (k=2),Blend,Uniform,0.76642,0.02183,000.00000000,000.11875434,000.00000572,000.46968940,000.25
Tournament (k=2),Blend,Uniform,0.76642,0.06795,000.00000000,000.01622882,000.00616264,000.40037104,000.27
Tournament (k=2),Blend,Uniform,0.74410,0.04023,000.00000000,000.00015574,000.00000000,000.28923711,000.21
Tournament (k=3),Arithmetic,Gaussian,0.50670,0.27490,000.00505829,000.06511173,000.06957626,000.21520206,000.33
Tournament (k=3),Arithmetic,Gaussian,0.45020,0.08830,000.00000000,000.00061078,000.00059509,000.00458711,000.30
Tournament (k=2),Blend,Uniform,0.83749,0.04023,000.00000000,000.00240536,000.00001144,000.42624795,000.25
Tournament (k=2),Blend,Uniform,0.50670,0.05705,000.00000000,000.00014849,000.00002289,000.16976631,000.22
Tournament (k=3),Arithmetic,Gaussian,0.58741,0.05705,000.00001144,000.00231853,000.00212669,000.00868655,000.22
Tournament (k=2),Blend,Uniform,0.72243,0.02000,000.00000000,000.20075913,000.00058556,000.55208617,000.24
Tournament (k=2),Blend,Uniform,0.94259,0.04791,000.00000000,000.00165491,000.00002670,000.29568896,000.23
Tournament (k=3),Arithmetic,Gaussian,0.57030,0.30000,000.00474548,000.11961846,000.11826134,000.31410804,000.42
Tournament (k=3),Arithmetic,Gaussian,0.40000,0.25191,000.00102997,000.02995896,000.03201866,000.05806493,000.40
Tournament (k=2),Blend,Uniform,0.94259,0.12524,000.19162750,002.10892081,002.56190872,001.12015200,000.34
Tournament (k=3),Arithmetic,Gaussian,0.47762,0.27490,000.00238800,000.06506157,000.06956863,000.22633481,000.41
Tournament (k=2),Blend,Uniform,0.64187,0.02599,000.00000000,000.00091758,000.00000191,000.41754022,000.25
Tournament (k=2),Blend,Uniform,0.97087,0.30000,000.99261475,004.22801876,004.77167511,001.68471909,000.34
Tournament (k=3),Arithmetic,Gaussian,0.53756,0.03095,000.00000000,000.00966382,000.00935555,000.11284927,000.21
Tournament (k=3),Arithmetic,Gaussian,0.42436,0.02837,000.00000000,000.01473088,000.01320267,000.12568738,000.24
Tournament (k=2),Blend,Uniform,0.81310,0.07415,000.00001144,000.11287632,000.05688858,000.55702072,000.29
Tournament (k=2),Blend,Uniform,0.88849,0.14915,000.23328781,002.27500391,002.72758102,001.15906429,000.30
Tournament (k=3),Arithmetic,Gaussian,0.40000,0.08830,000.00000000,000.00114608,000.00106430,000.00440785,000.23
Tournament (k=2),Blend,Uniform,0.60503,0.05705,000.00000000,000.00003781,000.00000763,000.17189695,000.25
Tournament (k=2),Blend,Uniform,0.70139,0.13667,000.15451050,001.53132999,001.79266167,000.92125249,000.33
Tournament (k=3),Arithmetic,Gaussian,0.58741,0.06226,000.00000381,000.00247579,000.00259209,000.01125555,000.26
Tournament (k=2),Blend,Uniform,0.83749,0.13667,000.64075470,002.26175928,002.51708603,000.91796213,000.31
Tournament (k=3),Arithmetic,Gaussian,0.58741,0.17762,000.00000000,000.00044990,000.00049973,000.00223976,000.30
Tournament (k=3),Arithmetic,Gaussian,0.55369,0.05705,000.00000000,000.00301394,000.00324440,000.01848243,000.22
Tournament (k=3),Arithmetic,Gaussian,0.43709,0.05705,000.00000000,000.00317979,000.00304031,000.01015562,000.27
Tournament (k=3),Arithmetic,Gaussian,0.43709,0.17762,000.00000381,000.00055742,000.00051880,000.00278152,000.47
Tournament (k=2),Blend,Uniform,0.72243,0.02183,000.00000000,000.16418004,000.00001717,000.51683116,000.33
Tournament (k=2),Blend,Uniform,0.86261,0.02382,000.00000000,000.04564924,000.00000000,000.54093856,000.26
Tournament (k=2),Blend,Uniform,0.62318,0.12524,000.03065491,001.02743411,001.27854919,000.87436074,000.27
Tournament (k=2),Blend,Uniform,0.91514,0.02837,000.00000000,000.05367703,000.00004196,000.46992323,000.21
Tournament (k=2),Blend,Uniform,0.74410,0.11476,000.13270569,001.34356844,001.55438805,000.93695438,000.31
Tournament (k=3),Arithmetic,Gaussian,0.49195,0.16276,000.00000000,000.00023785,000.00021744,000.00112969,000.36
Tournament (k=2),Blend,Uniform,0.64187,0.06795,000.00000000,000.00065770,000.00011635,000.22725059,000.27
Tournament (k=2),Blend,Uniform,0.72243,0.08830,000.00240326,000.40398830,000.39738083,000.66494018,000.30
Tournament (k=3),Arithmetic,Gaussian,0.42436,0.10516,000.00000000,000.00048122,000.00051117,000.00263930,000.31
Tournament (k=3),Arithmetic,Gaussian,0.40000,0.09637,000.00001907,000.00082006,000.00080681,000.00287186,000.29
Tournament (k=2),Blend,Uniform,1.00000,0.14915,000.22205734,002.58044481,002.95168877,001.15869367,000.30
Tournament (k=2),Blend,Uniform,0.91514,0.23084,001.39559174,003.68497849,004.13960648,001.32405400,000.39
Tournament (k=2),Blend,Uniform,0.52190,0.30000,000.92572403,002.90106058,003.16891861,001.42592072,000.36
Tournament (k=3),Arithmetic,Gaussian,0.55369,0.06226,000.00000000,000.00245981,000.00251770,000.01050833,000.23
Tournament (k=3),Arithmetic,Gaussian,0.41200,0.06226,000.00000000,000.00211301,000.00262451,000.01239672,000.28
Tournament (k=3),Arithmetic,Gaussian,0.52190,0.16276,000.00000000,000.00012455,000.00012207,000.00105953,000.29
Tournament (k=2),Blend,Uniform,0.78941,0.12524,000.16316605,001.63092780,002.00259209,000.90543628,000.29
Tournament (k=2),Blend,Uniform,0.86261,0.06795,000.00000000,000.08039971,000.04267120,000.63437700,000.24
Tournament (k=3),Arithmetic,Gaussian,0.43709,0.06226,000.00000000,000.00237541,000.00275612,000.01052690,000.28
Tournament (k=2),Blend,Uniform,0.70139,0.05228,000.00000000,000.00001860,000.00000000,000.23663598,000.23
Tournament (k=3),Arithmetic,Gaussian,0.58741,0.19383,000.00001526,000.00179276,000.00160027,000.00570932,000.37
Tournament (k=2),Blend,Uniform,0.83749,0.14915,000.50091553,002.28194380,002.62507248,001.09954178,000.41
Tournament (k=2),Blend,Uniform,0.81310,0.23084,000.64965439,003.25772023,003.67933464,001.38549066,000.32
Tournament (k=3),Arithmetic,Gaussian,0.49195,0.05228,000.00000000,000.00368948,000.00359344,000.02888382,000.28
Tournament (k=2),Blend,Uniform,0.66113,0.12524,000.03955841,001.20254111,001.49095345,000.91216815,000.32
Tournament (k=3),Arithmetic,Gaussian,0.42436,0.30000,000.00642776,000.11514416,000.12522316,000.25759676,000.43
Tournament (k=2),Blend,Uniform,0.86261,0.23084,000.48057556,003.34497213,003.82806015,001.45488501,000.33
Tournament (k=2),Blend,Uniform,0.88849,0.04791,000.00000000,000.00107517,000.00001335,000.29414356,000.29
Tournament (k=3),Arithmetic,Gaussian,0.47762,0.09637,000.00000381,000.00065684,000.00066757,000.00276583,000.31
Tournament (k=3),Arithmetic,Gaussian,0.50670,0.03095,000.00000000,000.00618577,000.00716591,000.03335279,000.25
Tournament (k=3),Arithmetic,Gaussian,0.55369,0.06795,000.00000000,000.00240293,000.00264740,000.01084668,000.25
Tournament (k=2),Blend,Uniform,0.53756,0.19383,000.24940872,001.92390561,002.23298645,001.20004189,000.34
Tournament (k=3),Arithmetic,Gaussian,0.45020,0.30000,000.00678253,000.09365831,000.10101318,000.23986092,000.36
Tournament (k=3),Arithmetic,Gaussian,0.41200,0.06795,000.00000000,000.00205822,000.00212860,000.00629008,000.29
Tournament (k=3),Arithmetic,Gaussian,0.57030,0.03378,000.00000000,000.00974731,000.01002502,000.05270686,000.20
Tournament (k=2),Blend,Uniform,0.78941,0.13667,000.22613525,001.85642469,002.13556480,001.12874293,000.31
Tournament (k=2),Blend,Uniform,0.81310,0.02599,000.00000000,000.04267435,000.00000763,000.54127228,000.21
Tournament (k=3),Arithmetic,Gaussian,0.60503,0.03378,000.00000381,000.00773311,000.00615501,000.09043396,000.20
Tournament (k=2),Blend,Uniform,0.78941,0.06226,000.00000000,000.00364308,000.00108528,000.33417922,000.29
Tournament (k=2),Blend,Uniform,0.97087,0.10516,000.19099426,001.64514220,001.91077423,000.96855479,000.28
Tournament (k=2),Blend,Uniform,0.68096,0.08092,000.00003052,000.05385528,000.03244019,000.41309783,000.29
Tournament (k=3),Arithmetic,Gaussian,0.55369,0.17762,000.00000381,000.00048947,000.00055885,000.00138966,000.36
Tournament (k=3),Arithmetic,Gaussian,0.60503,0.10516,000.00000000,000.00017848,000.00011826,000.00368899,000.26
Tournament (k=2),Blend,Uniform,0.97087,0.03095,000.00000000,000.04898248,000.00033951,000.55554390,000.25
Tournament (k=3),Arithmetic,Gaussian,0.50670,0.10516,000.00000000,000.00031095,000.00031471,000.00204044,000.25
Tournament (k=3),Arithmetic,Gaussian,0.52190,0.05705,000.00000000,000.00258837,000.00207901,000.00753624,000.22
Tournament (k=2),Blend,Uniform,0.76642,0.21153,000.85167694,003.00933766,003.40068817,001.19789243,000.39
Tournament (k=3),Arithmetic,Gaussian,0.40000,0.03095,000.00000000,000.01290970,000.01357651,000.08449227,000.24
Tournament (k=3),Arithmetic,Gaussian,0.46371,0.05228,000.00000000,000.00413909,000.00306320,000.01441614,000.21
Tournament (k=2),Blend,Uniform,1.00000,0.05705,000.00000000,000.01787391,000.00307655,000.45757627,000.30
Tournament (k=3),Arithmetic,Gaussian,0.45020,0.03378,000.00000000,000.01048627,000.01078224,000.04109097,000.25
Tournament (k=2),Blend,Uniform,0.76642,0.07415,000.00004578,000.05099831,000.03624153,000.45042568,000.23
Tournament (k=3),Arithmetic,Gaussian,0.60503,0.03686,000.00000381,000.00548582,000.00456429,000.03401321,000.23
Tournament (k=2),Blend,Uniform,0.76642,0.02382,000.00000000,000.00917397,000.00000954,000.43274787,000.25
Tournament (k=3),Arithmetic,Gaussian,0.52190,0.17762,000.00002289,000.00051603,000.00056076,000.00191966,000.59
Tournament (k=3),Arithmetic,Gaussian,0.57030,0.10516,000.00000000,000.00037761,000.00031662,000.00248240,000.32
Tournament (k=3),Arithmetic,Gaussian,0.53756,0.30000,000.00500870,000.11825051,000.12846947,000.25798109,000.54
Tournament (k=3),Arithmetic,Gaussian,0.47762,0.10516,000.00000000,000.00052872,000.00055695,000.00188067,000.42
Tournament (k=3),Arithmetic,Gaussian,0.58741,0.02000,000.00000000,000.02585893,000.02283287,000.22248612,000.18
Tournament (k=2),Blend,Uniform,0.86261,0.25191,000.99877930,003.45145178,003.88327217,001.56098270,000.50
Tournament (k=3),Arithmetic,Gaussian,0.62318,0.06226,000.00000763,000.00154119,000.00140762,000.00980455,000.22
Tournament (k=2),Blend,Uniform,0.64187,0.21153,000.97936630,002.53217244,002.72834969,001.17718053,000.35
Tournament (k=3),Arithmetic,Gaussian,0.53756,0.09637,000.00000000,000.00058217,000.00050354,000.00534391,000.24
Tournament (k=2),Blend,Uniform,0.83749,0.04390,000.00000000,000.00068483,000.00001526,000.29252070,000.27
Tournament (k=3),Arithmetic,Gaussian,0.62318,0.02000,000.00000000,000.03127522,000.02935410,000.24029216,000.29
Tournament (k=3),Arithmetic,Gaussian,0.60503,0.11476,000.00000000,000.00022535,000.00012970,000.00117089,000.29
Tournament (k=3),Arithmetic,Gaussian,0.40000,0.03378,000.00000000,000.01200981,000.01393700,000.10206942,000.24
Tournament (k=3),Arithmetic,Gaussian,0.46371,0.05705,000.00000000,000.00306945,000.00368309,000.01603022,000.23
Tournament (k=2),Blend,Uniform,1.00000,0.02000,000.00000000,000.24796991,000.00125504,000.59867221,000.20
Tournament (k=2),Blend,Uniform,0.72243,0.19383,000.41749191,002.63421488,003.09275818,001.16333342,000.34
Tournament (k=2),Blend,Uniform,0.68096,0.08830,000.00080872,000.21206288,000.20411110,000.64202285,000.35
Tournament (k=3),Arithmetic,Gaussian,0.53756,0.03378,000.00000000,000.00923166,000.01030922,000.04842476,000.20
Tournament (k=3),Arithmetic,Gaussian,0.42436,0.03095,000.00000381,000.01075058,000.00976753,000.10779119,000.22
Tournament (k=2),Blend,Uniform,0.81310,0.08092,000.00781631,000.23788643,000.23209572,000.67346674,000.25
Tournament (k=2),Blend,Uniform,0.76642,0.23084,000.24352646,003.02612638,003.59852982,001.45473194,000.38
Tournament (k=3),Arithmetic,Gaussian,0.47762,0.03095,000.00000000,000.01447158,000.01728058,000.10352672,000.24
Tournament (k=2),Blend,Uniform,1.00000,0.06226,000.00000763,000.16583852,000.13587570,000.58046323,000.33
Tournament (k=3),Arithmetic,Gaussian,0.47762,0.30000,000.00233459,000.10971484,000.12863731,000.25801191,000.40
Tournament (k=3),Arithmetic,Gaussian,0.58741,0.06795,000.00000000,000.00148005,000.00155258,000.00906037,000.23
Tournament (k=2),Blend,Uniform,0.60503,0.06226,000.00000000,000.00003624,000.00001335,000.13959864,000.27
Tournament (k=2),Blend,Uniform,0.88849,0.16276,000.21928406,002.62497330,002.92151642,001.20209777,000.30
Tournament (k=3),Arithmetic,Gaussian,0.40000,0.27490,000.00350189,000.06687689,000.08069801,000.14713140,000.44
Tournament (k=2),Blend,Uniform,0.91514,0.07415,000.00049591,000.38708153,000.37280083,000.66865641,000.27
Tournament (k=2),Blend,Uniform,0.91514,0.03095,000.00000000,000.01673417,000.00016975,000.56985754,000.20
Tournament (k=2),Blend,Uniform,0.72243,0.02382,000.00000000,000.00121059,000.00000381,000.44367495,000.25
Tournament (k=2),Blend,Uniform,0.70139,0.14915,000.14323044,001.66714096,001.97438431,001.02315533,000.33
Tournament (k=2),Blend,Uniform,0.86261,0.02599,000.00000000,000.13207297,000.00139046,000.47627738,000.26
Tournament (k=3),Arithmetic,Gaussian,0.43709,0.19383,000.00004578,000.00165458,000.00181389,000.00529493,000.37
Tournament (k=2),Blend,Uniform,0.72243,0.09637,000.02074814,000.58303678,000.66344261,000.84778255,000.25
Tournament (k=3),Arithmetic,Gaussian,0.40000,0.10516,000.00000000,000.00061769,000.00051498,000.00703571,000.25
Tournament (k=2),Blend,Uniform,0.64187,0.07415,000.00000000,000.00298285,000.00197220,000.22910428,000.28
Tournament (k=2),Blend,Uniform,0.74410,0.12524,000.20911789,001.47963035,001.73367691,001.04095888,000.34
Tournament (k=2),Blend,Uniform,0.62318,0.13667,000.04681396,001.31371915,001.69678688,000.91103721,000.35
Tournament (k=2),Blend,Uniform,1.00000,0.06795,000.00059509,000.35860032,000.29845810,000.88105273,000.26
Tournament (k=3),Arithmetic,Gaussian,0.43709,0.06795,000.00000000,000.00185823,000.00216103,000.01009836,000.22
Tournament (k=3),Arithmetic,Gaussian,0.42436,0.11476,000.00000000,000.00041189,000.00044441,000.00203790,000.31
Tournament (k=3),Arithmetic,Gaussian,0.64187,0.03686,000.00001526,000.00457578,000.00498962,000.02492717,000.20
Tournament (k=3),Arithmetic,Gaussian,0.49195,0.17762,000.00000763,000.00036144,000.00036240,000.00251120,000.37
Tournament (k=2),Blend,Uniform,1.00000,0.16276,000.64206314,002.89292216,003.23148918,001.20970416,000.30
Tournament (k=2),Blend,Uniform,0.86261,0.07415,000.00126648,000.36447063,000.36198425,000.67704350,000.25
Tournament (k=2),Blend,Uniform,0.86261,0.02837,000.00000000,000.03501358,000.00037003,000.49094135,000.23
Tournament (k=2),Blend,Uniform,0.76642,0.25191,000.87625122,003.50993109,004.17800522,001.66844249,000.37
Tournament (k=3),Arithmetic,Gaussian,0.41200,0.14915,000.00000000,000.00024371,000.00018883,000.00164684,000.36
Tournament (k=3),Arithmetic,Gaussian,0.43709,0.02000,000.00007629,000.02564406,000.02330780,000.17642452,000.18
Tournament (k=3),Arithmetic,Gaussian,0.58741,0.21153,000.00006104,000.00529375,000.00640297,000.01171992,000.30
Tournament (k=3),Arithmetic,Gaussian,0.62318,0.19383,000.00001526,000.00138416,000.00150299,000.01823745,000.38
Tournament (k=3),Arithmetic,Gaussian,0.46371,0.02000,000.00000000,000.02423248,000.02059364,000.23152331,000.18
Tournament (k=2),Blend,Uniform,0.83749,0.16276,000.26157379,002.57722616,002.89505577,001.21233249,000.37
Tournament (k=3),Arithmetic,Gaussian,0.50670,0.03378,000.00000000,000.00816364,000.00743866,000.03338936,000.24
Tournament (k=3),Arithmetic,Gaussian,0.57030,0.03686,000.00000000,000.00925961,000.00689888,000.06848500,000.20
Tournament (k=3),Arithmetic,Gaussian,0.55369,0.07415,000.00000000,000.00117998,000.00099945,000.00665433,000.22
Tournament (k=2),Blend,Uniform,0.88849,0.05228,000.00000000,000.00125580,000.00003052,000.27531883,000.28
Tournament (k=2),Blend,Uniform,0.81310,0.25191,001.46651077,003.75334787,004.19757462,001.28603375,000.40
Tournament (k=3),Arithmetic,Gaussian,0.41200,0.07415,000.00000000,000.00196667,000.00191116,000.00837712,000.28
Tournament (k=3),Arithmetic,Gaussian,0.43709,0.21153,000.00029755,000.00455017,000.00540352,000.01439436,000.38
Tournament (k=2),Blend,Uniform,0.86261,0.08092,000.00593567,000.54989910,000.73134041,000.72956252,000.28
Tournament (k=2),Blend,Uniform,0.68096,0.25191,000.46551132,002.81891465,003.24814987,001.35920548,000.36
Tournament (k=2),Blend,Uniform,0.78941,0.14915,000.32073975,002.19519734,002.61353874,001.04693449,000.29
Tournament (k=2),Blend,Uniform,0.74410,0.04390,000.00000000,000.00104399,000.00001526,000.36647448,000.21
Tournament (k=3),Arithmetic,Gaussian,0.46371,0.16276,000.00000381,000.00023227,000.00020218,000.00106423,000.36
Tournament (k=3),Arithmetic,Gaussian,0.64187,0.11476,000.00000000,000.00022264,000.00019455,000.00091527,000.33
Tournament (k=2),Blend,Uniform,0.86261,0.03095,000.00000000,000.01277189,000.00000000,000.46190515,000.26
Tournament (k=2),Blend,Uniform,0.94259,0.05228,000.00000000,000.00298653,000.00010872,000.31391403,000.23
Tournament (k=2),Blend,Uniform,0.97087,0.03378,000.00000000,000.00141129,000.00001335,000.50080001,000.22
Tournament (k=2),Blend,Uniform,0.97087,0.11476,000.11291122,001.93606973,002.40277100,001.11418796,000.30
Tournament (k=3),Arithmetic,Gaussian,0.45020,0.09637,000.00000000,000.00060492,000.00059319,000.00252017,000.30
Tournament (k=3),Arithmetic,Gaussian,0.41200,0.16276,000.00000000,000.00027099,000.00025368,000.00230722,000.33
Tournament (k=3),Arithmetic,Gaussian,0.50670,0.11476,000.00000000,000.00038328,000.00045204,000.00192056,000.26
Tournament (k=3),Arithmetic,Gaussian,0.66113,0.02183,000.00000763,000.01792660,000.02218819,000.10390192,000.23
Tournament (k=3),Arithmetic,Gaussian,0.45020,0.03686,000.00000381,000.00868874,000.01074600,000.02926547,000.24
Tournament (k=3),Arithmetic,Gaussian,0.60503,0.04023,000.00000000,000.00560303,000.00437164,000.03067076,000.21
Tournament (k=2),Blend,Uniform,0.76642,0.08092,000.00069046,000.13256498,000.11401367,000.47853899,000.24
Tournament (k=2),Blend,Uniform,0.74410,0.04791,000.00000000,000.00022540,000.00000191,000.27995494,000.24
Tournament (k=2),Blend,Uniform,0.76642,0.02599,000.00000000,000.00008435,000.00000000,000.33076543,000.26
Tournament (k=3),Arithmetic,Gaussian,0.55369,0.19383,000.00004196,000.00169740,000.00175667,000.01066453,000.42
Tournament (k=2),Blend,Uniform,0.94259,0.13667,000.04491425,002.21771216,002.46080971,001.06097722,000.35
Tournament (k=3),Arithmetic,Gaussian,0.58741,0.02183,000.00000000,000.02136493,000.01765633,000.23596129,000.18
Tournament (k=2),Blend,Uniform,0.83749,0.17762,000.54833221,002.57274771,003.04870796,001.29294014,000.42
Tournament (k=3),Arithmetic,Gaussian,0.62318,0.06795,000.00000000,000.00181236,000.00188065,000.00558679,000.22
Tournament (k=2),Blend,Uniform,0.68096,0.27490,000.24862671,003.33087492,003.73287582,001.26902330,000.36
Tournament (k=3),Arithmetic,Gaussian,0.46371,0.17762,000.00000381,000.00038419,000.00038147,000.00140805,000.35
Tournament (k=3),Arithmetic,Gaussian,0.64187,0.12524,000.00000000,000.00009913,000.00009155,000.00054092,000.35
Tournament (k=3),Arithmetic,Gaussian,0.47762,0.11476,000.00000000,000.00044341,000.00051117,000.00253956,000.33
Tournament (k=2),Blend,Uniform,0.78941,0.16276,000.30707550,002.53249598,003.00214195,001.22972071,000.38
Tournament (k=3),Arithmetic,Gaussian,0.53756,0.10516,000.00000763,000.00041122,000.00033760,000.00152118,000.26
Tournament (k=3),Arithmetic,Gaussian,0.62318,0.02183,000.00000381,000.01673112,000.01421165,000.19909015,000.25
Tournament (k=3),Arithmetic,Gaussian,0.46371,0.06226,000.00000000,000.00195518,000.00205612,000.01185757,000.22
Tournament (k=2),Blend,Uniform,0.83749,0.04791,000.00000000,000.00135150,000.00002289,000.32705048,000.28
Tournament (k=2),Blend,Uniform,0.86261,0.27490,001.17966080,003.95287848,004.79040909,001.51550066,000.33
Tournament (k=3),Arithmetic,Gaussian,0.40000,0.03686,000.00000381,000.00852952,000.00942612,000.03218629,000.25
Tournament (k=2),Blend,Uniform,1.00000,0.02183,000.00000000,000.12965307,000.00086212,000.62270969,000.20
Tournament (k=3),Arithmetic,Gaussian,0.60503,0.12524,000.00000000,000.00011621,000.00013161,000.00082396,000.29
Tournament (k=2),Blend,Uniform,0.64187,0.23084,001.04968262,002.80145478,003.20838928,001.12510073,000.36
Tournament (k=3),Arithmetic,Gaussian,0.42436,0.03378,000.00000000,000.01048546,000.00776482,000.04621051,000.24
Tournament (k=3),Arithmetic,Gaussian,0.53756,0.03686,000.00000000,000.00636401,000.00763321,000.02125368,000.25
Tournament (k=3),Arithmetic,Gaussian,0.66113,0.06795,000.00000000,000.00172772,000.00186157,000.00637480,000.29
Tournament (k=3),Arithmetic,Gaussian,0.47762,0.03378,000.00000000,000.00859070,000.00963783,000.04233530,000.20
Tournament (k=3),Arithmetic,Gaussian,0.49195,0.02000,000.00000000,000.02801232,000.02258301,000.24799815,000.18
Tournament (k=2),Blend,Uniform,0.81310,0.08830,000.00524521,000.55430543,000.63673401,000.77558225,000.26
Tournament (k=2),Blend,Uniform,0.72243,0.21153,001.12406158,003.08809662,003.22614670,001.09905529,000.33
Tournament (k=2),Blend,Uniform,0.53756,0.02000,000.00000000,000.03833161,000.00028229,000.46715987,000.23
Tournament (k=3),Arithmetic,Gaussian,0.46371,0.06795,000.00000000,000.00208240,000.00193405,000.00704488,000.23
Tournament (k=2),Blend,Uniform,0.91514,0.08092,000.01875305,000.70642012,001.06206322,000.74202353,000.25
Tournament (k=2),Blend,Uniform,0.60503,0.06795,000.00000000,000.00235791,000.00028229,000.26340732,000.28
Tournament (k=3),Arithmetic,Gaussian,0.49195,0.05705,000.00000381,000.00314331,000.00353241,000.01743562,000.24
Tournament (k=2),Blend,Uniform,0.88849,0.17762,000.74381638,002.91180682,003.40074730,001.29250038,000.31
Tournament (k=2),Blend,Uniform,0.83749,0.05228,000.00000000,000.00102997,000.00000191,000.23720133,000.28
Tournament (k=2),Blend,Uniform,0.91514,0.25191,001.25273132,003.70988584,004.09670067,001.56480730,000.38
Tournament (k=3),Arithmetic,Gaussian,0.47762,0.12524,000.00000000,000.00021286,000.00020981,000.00161649,000.34
Tournament (k=3),Arithmetic,Gaussian,0.42436,0.03686,000.00000000,000.00804625,000.00851822,000.03836984,000.23
Tournament (k=2),Blend,Uniform,0.66113,0.13667,000.03074646,001.39091635,001.68805695,000.96403331,000.30
Tournament (k=3),Arithmetic,Gaussian,0.66113,0.21153,000.00006866,000.00700707,000.00828743,000.02134201,000.31
Tournament (k=3),Arithmetic,Gaussian,0.64187,0.04023,000.00000000,000.00604753,000.00501823,000.02205179,000.20
Tournament (k=2),Blend,Uniform,0.64187,0.08092,000.00004196,000.06329350,000.03170013,000.37911189,000.28
Tournament (k=2),Blend,Uniform,0.86261,0.30000,001.22626495,003.96382976,004.29685020,001.58421469,000.37
Tournament (k=3),Arithmetic,Gaussian,0.68096,0.04023,000.00002670,000.00595865,000.00540161,000.04495258,000.26
Tournament (k=3),Arithmetic,Gaussian,0.40000,0.30000,000.00196838,000.11278944,000.13790703,000.27414945,000.42
Tournament (k=2),Blend,Uniform,1.00000,0.07415,000.00322342,000.47415772,000.47575188,000.76611322,000.30
Tournament (k=2),Blend,Uniform,0.81310,0.09637,000.02381134,000.90256202,001.20875168,000.87968111,000.28
Tournament (k=2),Blend,Uniform,0.74410,0.13667,000.16537094,001.66745532,002.01370621,001.04581320,000.33
Tournament (k=3),Arithmetic,Gaussian,0.42436,0.12524,000.00000000,000.00026741,000.00023270,000.00165950,000.32
Tournament (k=3),Arithmetic,Gaussian,0.46371,0.02183,000.00000000,000.01954718,000.02054214,000.13395371,000.19
Tournament (k=2),Blend,Uniform,0.81310,0.02837,000.00000000,000.09026785,000.00016975,000.54385203,000.26
Tournament (k=3),Arithmetic,Gaussian,0.43709,0.02183,000.00000000,000.02190189,000.02051735,000.17460224,000.23
Tournament (k=2),Blend,Uniform,1.00000,0.17762,000.64216995,003.06951833,003.50219345,001.19190824,000.31
Tournament (k=3),Arithmetic,Gaussian,0.57030,0.04023,000.00000000,000.00550523,000.00544548,000.02237739,000.20
Tournament (k=3),Arithmetic,Gaussian,0.52190,0.06226,000.00000000,000.00260377,000.00258636,000.00897945,000.22
Tournament (k=3),Arithmetic,Gaussian,0.50670,0.03686,000.00000000,000.00806389,000.00626945,000.03314593,000.25
Tournament (k=3),Arithmetic,Gaussian,0.49195,0.19383,000.00002289,000.00163136,000.00183487,000.00578445,000.38
Tournament (k=3),Arithmetic,Gaussian,0.55369,0.08092,000.00000000,000.00091839,000.00091171,000.00656924,000.23
Tournament (k=3),Arithmetic,Gaussian,0.58741,0.23084,000.00091553,000.02118077,000.02556038,000.05314217,000.32
Tournament (k=2),Blend,Uniform,0.76642,0.27490,000.81865692,003.39327002,003.95961380,001.31966090,000.37
Tournament (k=3),Arithmetic,Gaussian,0.50670,0.30000,000.01166916,000.10661130,000.12859535,000.30253381,000.37
Tournament (k=2),Blend,Uniform,0.88849,0.05705,000.00000000,000.00636239,000.00096512,000.37576383,000.29
Tournament (k=3),Arithmetic,Gaussian,0.41200,0.08092,000.00000000,000.00169892,000.00174141,000.01260769,000.28
Tournament (k=3),Arithmetic,Gaussian,0.62318,0.21153,000.00043869,000.00677967,000.00766373,000.01728172,000.39
Tournament (k=2),Blend,Uniform,0.81310,0.27490,000.73779297,003.81517529,004.34928131,001.50220633,000.32
Tournament (k=3),Arithmetic,Gaussian,0.46371,0.02382,000.00000763,000.01649580,000.01575470,000.05697627,000.22
Tournament (k=3),Arithmetic,Gaussian,0.43709,0.23084,000.00074005,000.01068530,000.01107025,000.02282471,000.33
Tournament (k=3),Arithmetic,Gaussian,0.43709,0.02382,000.00002670,000.01735063,000.01749802,000.16599017,000.24
Tournament (k=3),Arithmetic,Gaussian,0.57030,0.11476,000.00000000,000.00023131,000.00022125,000.00136594,000.33
Tournament (k=3),Arithmetic,Gaussian,0.45020,0.04023,000.00000000,000.00618000,000.00607109,000.01980420,000.20
Tournament (k=3),Arithmetic,Gaussian,0.42436,0.13667,000.00000000,000.00020995,000.00024223,000.00090487,000.33
Tournament (k=3),Arithmetic,Gaussian,0.52190,0.19383,000.00003815,000.00166774,000.00166893,000.00533391,000.37
Tournament (k=2),Blend,Uniform,0.81310,0.10516,000.06463623,000.95465738,001.21866608,000.87884688,000.33
Tournament (k=3),Arithmetic,Gaussian,0.66113,0.02382,000.00000000,000.01239080,000.01092720,000.13971832,000.23
Tournament (k=2),Blend,Uniform,0.97087,0.12524,000.30998993,002.17620134,002.54456139,000.89647013,000.28
Tournament (k=2),Blend,Uniform,0.74410,0.05228,000.00000000,000.00559840,000.00014496,000.32212475,000.22
Tournament (k=3),Arithmetic,Gaussian,0.60503,0.04390,000.00000000,000.00435004,000.00329208,000.01853796,000.25
Tournament (k=3),Arithmetic,Gaussian,0.50670,0.12524,000.00000381,000.00028491,000.00025558,000.00211473,000.27
Tournament (k=2),Blend,Uniform,1.00000,0.19383,001.58953476,003.46829939,003.90406036,001.17302608,000.36
Tournament (k=3),Arithmetic,Gaussian,0.45020,0.10516,000.00000000,000.00058651,000.00054741,000.00270615,000.31
Tournament (k=2),Blend,Uniform,0.76642,0.08830,000.00408936,000.47926268,000.55605507,000.69839197,000.25
Tournament (k=3),Arithmetic,Gaussian,0.58741,0.02382,000.00000000,000.01464534,000.01272964,000.10863813,000.19
Tournament (k=2),Blend,Uniform,0.76642,0.02837,000.00000000,000.00059376,000.00000381,000.44026184,000.26
Tournament (k=3),Arithmetic,Gaussian,0.41200,0.17762,000.00000000,000.00039659,000.00038910,000.00225283,000.37
Tournament (k=3),Arithmetic,Gaussian,0.62318,0.07415,000.00000000,000.00153594,000.00136948,000.00657926,000.23
Tournament (k=2),Blend,Uniform,0.94259,0.14915,000.33688354,002.23959231,002.52865791,001.10495830,000.36
Tournament (k=3),Arithmetic,Gaussian,0.62318,0.02382,000.00000000,000.01809115,000.01863289,000.11799392,000.22
Tournament (k=2),Blend,Uniform,0.91514,0.03378,000.00000000,000.00204825,000.00017929,000.41819599,000.22
Tournament (k=2),Blend,Uniform,0.83749,0.19383,000.27640152,002.86600018,003.36437225,001.36994267,000.34
Tournament (k=3),Arithmetic,Gaussian,0.53756,0.11476,000.00000000,000.00029936,000.00033760,000.00215450,000.27
Tournament (k=2),Blend,Uniform,1.00000,0.02382,000.00000000,000.15953812,000.00070000,000.61002541,000.22
Tournament (k=3),Arithmetic,Gaussian,0.40000,0.04023,000.00000000,000.00754437,000.00680161,000.02739488,000.25
Tournament (k=2),Blend,Uniform,0.78941,0.17762,000.61825562,002.57872176,003.00156784,001.12270319,000.32
Tournament (k=3),Arithmetic,Gaussian,0.60503,0.04791,000.00000763,000.00315666,000.00394440,000.01410845,000.33
Tournament (k=3),Arithmetic,Gaussian,0.52190,0.21153,000.00017166,000.00470753,000.00521278,000.03971586,000.39
Tournament (k=3),Arithmetic,Gaussian,0.53756,0.04023,000.00000000,000.00607371,000.00667953,000.02020970,000.26
Tournament (k=3),Arithmetic,Gaussian,0.60503,0.13667,000.00000000,000.00012856,000.00010681,000.00100577,000.31
Tournament (k=3),Arithmetic,Gaussian,0.55369,0.21153,000.00002289,000.00650825,000.00676918,000.02214651,000.52
Tournament (k=3),Arithmetic,Gaussian,0.58741,0.02599,000.00000000,000.00765376,000.00601006,000.11345354,000.28
Tournament (k=3),Arithmetic,Gaussian,0.46371,0.19383,000.00004578,000.00131435,000.00127792,000.00514563,000.44
Tournament (k=3),Arithmetic,Gaussian,0.64187,0.13667,000.00000000,000.00006480,000.00006866,000.00241705,000.42
Tournament (k=3),Arithmetic,Gaussian,0.66113,0.07415,000.00000000,000.00157824,000.00166512,000.00618056,000.29
Tournament (k=3),Arithmetic,Gaussian,0.68096,0.12524,000.00000000,000.00011172,000.00011063,000.00209466,000.51
Tournament (k=3),Arithmetic,Gaussian,0.46371,0.07415,000.00000000,000.00151105,000.00177002,000.00708583,000.23
Tournament (k=2),Blend,Uniform,0.91514,0.03686,000.00000000,000.00371499,000.00011826,000.41339713,000.22
Tournament (k=3),Arithmetic,Gaussian,0.49195,0.02183,000.00000000,000.01471467,000.01601028,000.15502439,000.24
Tournament (k=3),Arithmetic,Gaussian,0.70139,0.02382,000.00000000,000.01198821,000.01159286,000.12019202,000.26
Tournament (k=2),Blend,Uniform,0.60503,0.07415,000.00000000,000.00194201,000.00103378,000.21108223,000.25
Tournament (k=2),Blend,Uniform,0.64187,0.25191,000.99484253,003.02760625,003.45664215,001.35744083,000.45
Tournament (k=3),Arithmetic,Gaussian,0.43709,0.07415,000.00000000,000.00150690,000.00117874,000.00696941,000.29
Tournament (k=2),Blend,Uniform,1.00000,0.21153,001.18374252,003.61054039,003.98725510,001.42260897,000.49
Tournament (k=3),Arithmetic,Gaussian,0.62318,0.02599,000.00000763,000.01391540,000.01382065,000.10123862,000.31
Tournament (k=2),Blend,Uniform,0.91514,0.08830,000.08388519,001.06900537,001.28366852,000.75309157,000.31
Tournament (k=3),Arithmetic,Gaussian,0.42436,0.04023,000.00002289,000.00849624,000.00906372,000.04391881,000.20
Tournament (k=2),Blend,Uniform,0.88849,0.19383,000.38710403,002.86037254,003.22451401,001.29459834,000.31
Tournament (k=2),Blend,Uniform,0.72243,0.23084,000.69860840,002.99101901,003.39664078,001.23538601,000.37
Tournament (k=2),Blend,Uniform,0.83749,0.21153,000.97045135,002.95957565,003.34380722,001.38759935,000.35
Tournament (k=3),Arithmetic,Gaussian,0.40000,0.04390,000.00000000,000.00653911,000.00592804,000.01839148,000.26
Tournament (k=3),Arithmetic,Gaussian,0.64187,0.04390,000.00000763,000.00404911,000.00372505,000.02273913,000.20
Tournament (k=2),Blend,Uniform,0.88849,0.02000,000.00000000,000.13886604,000.00031662,000.64785761,000.20
Tournament (k=2),Blend,Uniform,0.94259,0.16276,000.52303696,002.78608131,003.21502686,001.25309873,000.46
Tournament (k=3),Arithmetic,Gaussian,0.68096,0.04390,000.00000000,000.00356860,000.00411415,000.01658916,000.21
Tournament (k=3),Arithmetic,Gaussian,0.47762,0.13667,000.00000000,000.00015817,000.00013924,000.00087981,000.35
Tournament (k=3),Arithmetic,Gaussian,0.66113,0.23084,000.00036621,000.02275195,000.02290726,000.04647814,000.33
Tournament (k=2),Blend,Uniform,0.66113,0.14915,000.31136322,001.78225899,002.15134048,001.00729835,000.33
Tournament (k=3),Arithmetic,Gaussian,0.41200,0.02000,000.00000000,000.03487687,000.04172516,000.19610423,000.23
Tournament (k=3),Arithmetic,Gaussian,0.70139,0.07415,000.00000000,000.00125389,000.00099373,000.00955497,000.30
Tournament (k=2),Blend,Uniform,0.91514,0.27490,001.45722198,004.01985598,004.50518799,001.54709804,000.40
Tournament (k=2),Blend,Uniform,0.97087,0.03686,000.00000000,000.00195217,000.00004578,000.37642935,000.22
Tournament (k=2),Blend,Uniform,0.94259,0.05705,000.00000000,000.01530261,000.00225830,000.30940697,000.23
Tournament (k=3),Arithmetic,Gaussian,0.43709,0.08092,000.00000000,000.00164251,000.00179672,000.00678632,000.30
Tournament (k=2),Blend,Uniform,0.81310,0.03095,000.00000000,000.00247579,000.00000381,000.38498986,000.26
Tournament (k=3),Arithmetic,Gaussian,0.57030,0.04390,000.00000381,000.00446148,000.00537109,000.02003696,000.21
Tournament (k=2),Blend,Uniform,1.00000,0.08092,000.04455566,000.89853275,001.17183304,000.79155898,000.31
Tournament (k=3),Arithmetic,Gaussian,0.52190,0.06795,000.00000000,000.00146627,000.00140762,000.01184016,000.22
Tournament (k=2),Blend,Uniform,0.86261,0.03378,000.00000000,000.00590363,000.00004959,000.48432463,000.27
Tournament (k=2),Blend,Uniform,0.74410,0.14915,000.33003998,001.94995344,002.37468147,001.15128148,000.34
Tournament (k=3),Arithmetic,Gaussian,0.50670,0.04023,000.00000000,000.00565581,000.00581551,000.02124620,000.25
Tournament (k=3),Arithmetic,Gaussian,0.52190,0.02000,000.00000000,000.02348366,000.02079773,000.25872859,000.18
Tournament (k=2),Blend,Uniform,1.00000,0.23084,001.39257431,003.66574216,004.14426613,001.53827810,000.37
Tournament (k=3),Arithmetic,Gaussian,0.55369,0.08830,000.00000381,000.00074754,000.00064850,000.00306972,000.24
Tournament (k=3),Arithmetic,Gaussian,0.58741,0.25191,000.00076294,000.03873515,000.04141808,000.13821486,000.32
Tournament (k=2),Blend,Uniform,0.88849,0.06226,000.00000000,000.03923879,000.01357079,000.49581292,000.30
Tournament (k=3),Arithmetic,Gaussian,0.45020,0.04390,000.00000000,000.00608826,000.00549126,000.01804940,000.21
Tournament (k=3),Arithmetic,Gaussian,0.41200,0.08830,000.00000000,000.00105686,000.00095367,000.00480936,000.30
Tournament (k=2),Blend,Uniform,0.97087,0.04023,000.00000000,000.00171704,000.00000381,000.46139413,000.24
Tournament (k=3),Arithmetic,Gaussian,0.49195,0.21153,000.00027084,000.00461559,000.00567436,000.02673851,000.38
Tournament (k=3),Arithmetic,Gaussian,0.58741,0.07415,000.00000000,000.00146127,000.00165558,000.00609494,000.24
Tournament (k=3),Arithmetic,Gaussian,0.66113,0.02599,000.00003433,000.01719642,000.01718712,000.05288306,000.23
Tournament (k=3),Arithmetic,Gaussian,0.52190,0.02183,000.00000000,000.02044048,000.01392746,000.17998429,000.19
Tournament (k=2),Blend,Uniform,0.76642,0.30000,001.23807526,003.57799530,003.98266602,001.40713310,000.38
Tournament (k=3),Arithmetic,Gaussian,0.43709,0.08830,000.00000000,000.00079880,000.00096130,000.00597154,000.30
Tournament (k=3),Arithmetic,Gaussian,0.42436,0.14915,000.00000000,000.00019798,000.00019836,000.00117443,000.28
Tournament (k=2),Blend,Uniform,0.81310,0.03378,000.00000000,000.01920490,000.00000000,000.56419253,000.30
Tournament (k=2),Blend,Uniform,0.81310,0.11476,000.15844727,001.54982162,001.78244209,001.02381015,000.28
Tournament (k=2),Blend,Uniform,0.81310,0.30000,001.21084976,003.80579185,004.44412041,001.60484397,000.38
Tournament (k=3),Arithmetic,Gaussian,0.62318,0.23084,000.00077820,000.01603236,000.01774406,000.08339405,000.40
Tournament (k=3),Arithmetic,Gaussian,0.50670,0.04390,000.00000000,000.00506444,000.00428391,000.01811081,000.28
Tournament (k=2),Blend,Uniform,0.72243,0.02599,000.00000000,000.10164981,000.00000191,000.49534151,000.26
Tournament (k=3),Arithmetic,Gaussian,0.50670,0.13667,000.00000000,000.00015159,000.00013924,000.00135217,000.28
Tournament (k=3),Arithmetic,Gaussian,0.43709,0.25191,000.00058746,000.02565174,000.02716064,000.11386839,000.42
Tournament (k=3),Arithmetic,Gaussian,0.40000,0.11476,000.00000000,000.00069609,000.00069046,000.00371876,000.25
Tournament (k=2),Blend,Uniform,0.76642,0.03095,000.00000000,000.00029588,000.00000000,000.40878960,000.26
Tournament (k=2),Blend,Uniform,1.00000,0.02599,000.00000000,000.09297490,000.00047493,000.61525524,000.21
Tournament (k=3),Arithmetic,Gaussian,0.62318,0.08092,000.00000000,000.00058522,000.00052452,000.00463515,000.23
Tournament (k=3),Arithmetic,Gaussian,0.47762,0.03686,000.00000000,000.00630722,000.00652695,000.02618788,000.25
Tournament (k=2),Blend,Uniform,0.88849,0.06795,000.00000000,000.09189177,000.06295013,000.50545168,000.31
Tournament (k=3),Arithmetic,Gaussian,0.45020,0.11476,000.00000000,000.00050125,000.00047112,000.00169540,000.33
Tournament (k=3),Arithmetic,Gaussian,0.53756,0.12524,000.00000000,000.00016341,000.00013733,000.00241793,000.27
Tournament (k=2),Blend,Uniform,0.70139,0.16276,000.05084991,002.35129404,002.62700272,001.06603849,000.34
Tournament (k=3),Arithmetic,Gaussian,0.49195,0.06226,000.00000000,000.00293546,000.00288200,000.01135475,000.28
Tournament (k=3),Arithmetic,Gaussian,0.58741,0.02837,000.00000000,000.00954103,000.00761604,000.12064841,000.19
Tournament (k=2),Blend,Uniform,0.83749,0.05705,000.00000000,000.00179391,000.00010872,000.16112283,000.29
Tournament (k=3),Arithmetic,Gaussian,0.60503,0.05228,000.00000000,000.00279098,000.00312233,000.01371331,000.27
Tournament (k=3),Arithmetic,Gaussian,0.53756,0.04390,000.00000000,000.00600562,000.00649643,000.02738232,000.26
Tournament (k=3),Arithmetic,Gaussian,0.41200,0.19383,000.00002289,000.00130019,000.00140381,000.00446370,000.37
Tournament (k=2),Blend,Uniform,0.78941,0.19383,000.51812744,002.71493459,003.03037453,001.23179376,000.33
Tournament (k=3),Arithmetic,Gaussian,0.60503,0.14915,000.00000000,000.00008173,000.00006866,000.00136899,000.29
Tournament (k=3),Arithmetic,Gaussian,0.52190,0.23084,000.00051117,000.01525550,000.01591492,000.10500101,000.32
Tournament (k=3),Arithmetic,Gaussian,0.46371,0.08092,000.00000000,000.00119452,000.00125885,000.00582509,000.23
Tournament (k=2),Blend,Uniform,1.00000,0.02837,000.00000000,000.06079187,000.00045967,000.62543136,000.24
Tournament (k=3),Arithmetic,Gaussian,0.47762,0.04023,000.00000000,000.00431027,000.00542831,000.01911609,000.21
Tournament (k=3),Arithmetic,Gaussian,0.62318,0.08830,000.00000000,000.00056076,000.00056267,000.00220643,000.26
Tournament (k=2),Blend,Uniform,0.76642,0.03378,000.00000000,000.00018945,000.00000000,000.33312434,000.27
Tournament (k=3),Arithmetic,Gaussian,0.55369,0.23084,000.00170898,000.01946039,000.02071571,000.10608523,000.40
Tournament (k=3),Arithmetic,Gaussian,0.49195,0.02382,000.00000000,000.01725712,000.01936150,000.12423992,000.24
Tournament (k=3),Arithmetic,Gaussian,0.70139,0.02599,000.00000000,000.01539860,000.01781654,000.12208594,000.25
Tournament (k=3),Arithmetic,Gaussian,0.42436,0.04390,000.00000000,000.00468721,000.00434494,000.02435440,000.20
Tournament (k=3),Arithmetic,Gaussian,0.49195,0.06795,000.00000000,000.00155687,000.00169563,000.00613678,000.25
Tournament (k=3),Arithmetic,Gaussian,0.55369,0.02000,000.00000000,000.02125082,000.02140808,000.23038724,000.24
Tournament (k=3),Arithmetic,Gaussian,0.64187,0.14915,000.00000000,000.00010715,000.00010109,000.00047414,000.36
Tournament (k=3),Arithmetic,Gaussian,0.43709,0.27490,000.00072098,000.06791329,000.06955528,000.16599904,000.43
Tournament (k=3),Arithmetic,Gaussian,0.62318,0.02837,000.00000000,000.00859222,000.00703239,000.04526450,000.25
Tournament (k=3),Arithmetic,Gaussian,0.70139,0.23084,000.00176620,000.02328353,000.02548790,000.10758361,000.32
Tournament (k=2),Blend,Uniform,0.86261,0.08830,000.01985931,000.66814137,000.88784027,000.84746790,000.31
Tournament (k=3),Arithmetic,Gaussian,0.72243,0.04390,000.00000763,000.00439820,000.00359917,000.01821522,000.27
Tournament (k=2),Blend,Uniform,0.91514,0.09637,000.01597595,001.28459477,001.55284882,000.87682670,000.32
Tournament (k=2),Blend,Uniform,0.88849,0.02183,000.00000000,000.08766751,000.00005341,000.54863012,000.20
Tournament (k=3),Arithmetic,Gaussian,0.64187,0.04791,000.00000000,000.00423775,000.00484848,000.01293884,000.21
Tournament (k=2),Blend,Uniform,0.88849,0.21153,001.27982712,003.46463394,003.97833443,001.39359295,000.32
Tournament (k=3),Arithmetic,Gaussian,0.40000,0.04791,000.00001526,000.00550256,000.00584793,000.02069396,000.26
Tournament (k=3),Arithmetic,Gaussian,0.41200,0.02183,000.00000000,000.02405133,000.02604866,000.10646423,000.20
Tournament (k=2),Blend,Uniform,0.72243,0.25191,000.59209824,003.37106657,003.88720512,001.41017044,000.39
Tournament (k=3),Arithmetic,Gaussian,0.62318,0.09637,000.00000000,000.00064735,000.00054169,000.00578856,000.31
Tournament (k=3),Arithmetic,Gaussian,0.43709,0.02599,000.00000000,000.01633639,000.01357651,000.17909688,000.19
Tournament (k=3),Arithmetic,Gaussian,0.74410,0.02599,000.00000000,000.01878686,000.01676559,000.18518263,000.26
Tournament (k=3),Arithmetic,Gaussian,0.46371,0.02599,000.00000000,000.01708579,000.01619148,000.08921978,000.24
Tournament (k=2),Blend,Uniform,0.94259,0.06226,000.00000763,000.04513182,000.03158951,000.39632890,000.25
Tournament (k=3),Arithmetic,Gaussian,0.72243,0.13667,000.00000000,000.00008254,000.00006294,000.00216230,000.35
Tournament (k=3),Arithmetic,Gaussian,0.57030,0.04791,000.00000000,000.00431652,000.00496101,000.07846355,000.22
Tournament (k=3),Arithmetic,Gaussian,0.47762,0.14915,000.00000000,000.00012078,000.00011826,000.00066968,000.35
Tournament (k=3),Arithmetic,Gaussian,0.70139,0.08092,000.00000000,000.00056028,000.00050354,000.00171429,000.31
Tournament (k=3),Arithmetic,Gaussian,0.55369,0.25191,000.00037766,000.03467684,000.03839493,000.15691468,000.41
Tournament (k=2),Blend,Uniform,0.74410,0.05705,000.00000000,000.00104494,000.00008202,000.23912020,000.23
Tournament (k=2),Blend,Uniform,1.00000,0.08830,000.08156586,001.16976202,001.46689796,000.88707739,000.27
Tournament (k=3),Arithmetic,Gaussian,0.66113,0.25191,000.00119400,000.03734612,000.04416847,000.18538268,000.40
Tournament (k=2),Blend,Uniform,0.86261,0.03686,000.00000000,000.00318885,000.00017548,000.40891305,000.28
Tournament (k=3),Arithmetic,Gaussian,0.64187,0.05228,000.00000000,000.00314159,000.00306511,000.01403711,000.28
Tournament (k=2),Blend,Uniform,0.86261,0.09637,000.01026535,000.91972417,001.17469788,000.96528113,000.34
Tournament (k=2),Blend,Uniform,0.91514,0.30000,000.67243958,004.26406050,005.00344849,001.74110484,000.42
Tournament (k=2),Blend,Uniform,0.91514,0.10516,000.12584686,001.36626637,001.54782867,000.97590286,000.33
Tournament (k=3),Arithmetic,Gaussian,0.55369,0.09637,000.00000000,000.00041080,000.00037384,000.00341650,000.26
Tournament (k=2),Blend,Uniform,0.76642,0.09637,000.01950073,000.79475254,001.01434135,000.78581727,000.26
Tournament (k=3),Arithmetic,Gaussian,0.45020,0.04791,000.00000000,000.00394964,000.00349236,000.01516098,000.26
Tournament (k=3),Arithmetic,Gaussian,0.40000,0.05228,000.00000000,000.00308485,000.00321960,000.01262661,000.30
Tournament (k=3),Arithmetic,Gaussian,0.66113,0.02837,000.00000000,000.01196527,000.01298714,000.05934561,000.21
Tournament (k=3),Arithmetic,Gaussian,0.52190,0.02382,000.00000000,000.01711445,000.01495171,000.12492563,000.19
Tournament (k=3),Arithmetic,Gaussian,0.58741,0.08092,000.00000000,000.00098920,000.00083160,000.00609813,000.25
Tournament (k=3),Arithmetic,Gaussian,0.41200,0.09637,000.00000381,000.00089889,000.00079918,000.00507528,000.30
Tournament (k=2),Blend,Uniform,0.97087,0.04390,000.00000000,000.00212502,000.00023651,000.31462479,000.29
Tournament (k=3),Arithmetic,Gaussian,0.58741,0.27490,000.00259399,000.05988388,000.06316185,000.22859381,000.34
Tournament (k=2),Blend,Uniform,0.88849,0.23084,000.95526123,003.18344998,003.50186157,001.31617236,000.38
Tournament (k=3),Arithmetic,Gaussian,0.74410,0.08092,000.00000000,000.00096416,000.00097656,000.00400647,000.24
Tournament (k=2),Blend,Uniform,0.78941,0.02000,000.00000000,000.04300942,000.00000000,000.56492054,000.26
Tournament (k=2),Blend,Uniform,0.81310,0.03686,000.00000000,000.00043297,000.00001335,000.34899002,000.27
Tournament (k=3),Arithmetic,Gaussian,0.49195,0.23084,000.00020599,000.01684384,000.01922798,000.05322916,000.34
Tournament (k=3),Arithmetic,Gaussian,0.43709,0.09637,000.00000000,000.00065684,000.00061989,000.00256962,000.31
Tournament (k=3),Arithmetic,Gaussian,0.42436,0.16276,000.00000000,000.00027628,000.00026512,000.00166758,000.36
Tournament (k=3),Arithmetic,Gaussian,0.66113,0.03095,000.00000000,000.00713348,000.00785446,000.10601779,000.21
Tournament (k=2),Blend,Uniform,0.72243,0.02837,000.00000000,000.00026546,000.00000000,000.39092997,000.26
Tournament (k=3),Arithmetic,Gaussian,0.50670,0.04791,000.00000763,000.00378714,000.00419998,000.01755445,000.27
Tournament (k=2),Blend,Uniform,0.91514,0.04023,000.00000000,000.00258398,000.00004959,000.36141387,000.23
Tournament (k=3),Arithmetic,Gaussian,0.50670,0.14915,000.00000000,000.00014505,000.00013161,000.00097832,000.29
Tournament (k=3),Arithmetic,Gaussian,0.45020,0.05228,000.00000763,000.00306845,000.00294685,000.00972298,000.28
Tournament (k=3),Arithmetic,Gaussian,0.68096,0.13667,000.00000000,000.00007892,000.00006866,000.00092423,000.29
Tournament (k=2),Blend,Uniform,0.97087,0.04791,000.00000000,000.00339966,000.00009155,000.22414501,000.25
Tournament (k=3),Arithmetic,Gaussian,0.66113,0.27490,000.00414276,000.08284688,000.09040642,000.21942413,000.43
Tournament (k=3),Arithmetic,Gaussian,0.62318,0.25191,000.00152206,000.03801651,000.04493713,000.06687248,000.43
Tournament (k=3),Arithmetic,Gaussian,0.53756,0.13667,000.00000000,000.00013609,000.00009918,000.00134629,000.28
Tournament (k=3),Arithmetic,Gaussian,0.76642,0.04791,000.00000000,000.00326738,000.00268173,000.02089469,000.28
Tournament (k=2),Blend,Uniform,0.88849,0.07415,000.00062943,000.29026252,000.26263428,000.61739713,000.30
Tournament (k=3),Arithmetic,Gaussian,0.58741,0.03095,000.00000000,000.00954552,000.01084518,000.04761624,000.25
Tournament (k=3),Arithmetic,Gaussian,0.76642,0.14915,000.00000000,000.00006843,000.00005341,000.00094766,000.29
Tournament (k=3),Arithmetic,Gaussian,0.74410,0.25191,000.00015259,000.03897295,000.04414940,000.07950864,000.41
Tournament (k=3),Arithmetic,Gaussian,0.78941,0.02837,000.00002289,000.01156411,000.01107216,000.11479665,000.30
Tournament (k=3),Arithmetic,Gaussian,0.53756,0.04791,000.00000000,000.00404377,000.00358391,000.01994053,000.27
Tournament (k=3),Arithmetic,Gaussian,0.78941,0.08830,000.00000000,000.00054770,000.00054169,000.09903880,000.24
Tournament (k=3),Arithmetic,Gaussian,0.47762,0.04390,000.00000000,000.00436378,000.00425720,000.01587928,000.20
Tournament (k=3),Arithmetic,Gaussian,0.49195,0.25191,000.00242615,000.03401113,000.03799057,000.05417564,000.37
Tournament (k=3),Arithmetic,Gaussian,0.60503,0.16276,000.00000000,000.00015326,000.00015259,000.00063330,000.30
Tournament (k=3),Arithmetic,Gaussian,0.50670,0.05228,000.00001907,000.00296898,000.00321198,000.01679220,000.27
Tournament (k=3),Arithmetic,Gaussian,0.41200,0.21153,000.00006104,000.00501552,000.00518227,000.01635249,000.38
Tournament (k=3),Arithmetic,Gaussian,0.58741,0.03378,000.00000381,000.00885024,000.00722122,000.03479280,000.20
Tournament (k=3),Arithmetic,Gaussian,0.49195,0.02599,000.00000000,000.01277499,000.01204681,000.05654429,000.24
Tournament (k=3),Arithmetic,Gaussian,0.70139,0.02837,000.00001526,000.01190305,000.01010132,000.10848241,000.25
Tournament (k=3),Arithmetic,Gaussian,0.49195,0.07415,000.00000381,000.00186701,000.00182152,000.01406270,000.23
Tournament (k=3),Arithmetic,Gaussian,0.68096,0.04791,000.00000763,000.00303135,000.00289917,000.00975706,000.27
Tournament (k=3),Arithmetic,Gaussian,0.42436,0.04791,000.00000000,000.00541549,000.00590897,000.02008736,000.25
Tournament (k=3),Arithmetic,Gaussian,0.78941,0.27490,000.00624847,000.10080685,000.09355545,000.31185257,000.35
Tournament (k=3),Arithmetic,Gaussian,0.81310,0.05228,000.00003052,000.00410428,000.00418663,000.02086203,000.30
Tournament (k=3),Arithmetic,Gaussian,0.52190,0.25191,000.00119400,000.03616142,000.03796387,000.12656170,000.41
Tournament (k=2),Blend,Uniform,0.94259,0.17762,000.48059082,002.90835094,003.35509491,001.28640544,000.36
Tournament (k=3),Arithmetic,Gaussian,0.62318,0.03095,000.00000000,000.00666118,000.00699043,000.04762704,000.25
Tournament (k=3),Arithmetic,Gaussian,0.78941,0.03095,000.00000381,000.01189909,000.01272583,000.11949843,000.28
Tournament (k=3),Arithmetic,Gaussian,0.47762,0.04791,000.00000000,000.00470176,000.00408936,000.01606683,000.22
Tournament (k=2),Blend,Uniform,0.88849,0.02382,000.00000000,000.10913887,000.00055122,000.49292296,000.20
Tournament (k=3),Arithmetic,Gaussian,0.52190,0.07415,000.00000000,000.00169625,000.00156593,000.00784213,000.23
Tournament (k=3),Arithmetic,Gaussian,0.57030,0.12524,000.00000000,000.00011644,000.00011444,000.00107509,000.34
Tournament (k=3),Arithmetic,Gaussian,0.78941,0.09637,000.00000000,000.00049000,000.00048828,000.00353051,000.31
Tournament (k=3),Arithmetic,Gaussian,0.41200,0.02382,000.00000381,000.01709456,000.01815414,000.09104821,000.23
Tournament (k=3),Arithmetic,Gaussian,0.43709,0.30000,000.00629807,000.12608424,000.14775658,000.26299804,000.42
Tournament (k=3),Arithmetic,Gaussian,0.43709,0.02837,000.00000000,000.00968304,000.01027679,000.06299262,000.23
Tournament (k=3),Arithmetic,Gaussian,0.46371,0.02837,000.00000000,000.01136889,000.01009941,000.04124194,000.19
Tournament (k=2),Blend,Uniform,0.97087,0.13667,000.27251434,002.45849085,002.81062889,001.13569283,000.29
Tournament (k=3),Arithmetic,Gaussian,0.62318,0.10516,000.00000000,000.00027828,000.00028419,000.00075719,000.26
Tournament (k=3),Arithmetic,Gaussian,0.74410,0.02837,000.00000000,000.01214604,000.01148415,000.14401896,000.25
Tournament (k=2),Blend,Uniform,0.94259,0.06795,000.00004578,000.21261397,000.14873695,000.66810077,000.24
Tournament (k=2),Blend,Uniform,0.74410,0.16276,000.23344803,002.09981155,002.47563553,001.21256936,000.35
Tournament (k=3),Arithmetic,Gaussian,0.49195,0.27490,000.00268555,000.06759830,000.08044815,000.13617571,000.41
Tournament (k=2),Blend,Uniform,1.00000,0.25191,000.98415375,004.02655315,004.69503975,001.46962643,000.33
Tournament (k=3),Arithmetic,Gaussian,0.62318,0.03378,000.00000381,000.00577598,000.00588417,000.10149517,000.25
Tournament (k=2),Blend,Uniform,0.72243,0.27490,000.55274582,003.28927183,003.86580467,001.42309535,000.34
Tournament (k=3),Arithmetic,Gaussian,0.70139,0.08830,000.00000000,000.00059156,000.00058174,000.00343182,000.31
Tournament (k=3),Arithmetic,Gaussian,0.72243,0.14915,000.00000000,000.00006590,000.00006294,000.00041305,000.36
Tournament (k=3),Arithmetic,Gaussian,0.83749,0.03095,000.00000763,000.01070342,000.01167107,000.10480030,000.25
Tournament (k=3),Arithmetic,Gaussian,0.81310,0.16276,000.00000000,000.00026898,000.00028992,000.00107846,000.29
Tournament (k=3),Arithmetic,Gaussian,0.43709,0.03095,000.00001907,000.01006513,000.01015854,000.06886319,000.19
Tournament (k=2),Blend,Uniform,0.86261,0.04023,000.00000000,000.00172453,000.00002670,000.43872234,000.27
Tournament (k=3),Arithmetic,Gaussian,0.47762,0.16276,000.00000000,000.00028877,000.00033569,000.00125031,000.36
Tournament (k=2),Blend,Uniform,0.86261,0.10516,000.10866547,001.35023785,001.61645508,000.92609787,000.27
Tournament (k=3),Arithmetic,Gaussian,0.64187,0.05705,000.00000000,000.00177126,000.00155449,000.00856797,000.28
Tournament (k=3),Arithmetic,Gaussian,0.52190,0.02599,000.00000000,000.01477847,000.01412773,000.05035448,000.19
Tournament (k=3),Arithmetic,Gaussian,0.55369,0.10516,000.00000000,000.00033846,000.00029373,000.00199292,000.25
Tournament (k=2),Blend,Uniform,0.94259,0.02000,000.00000000,000.12454853,000.00027657,000.56344855,000.27
Tournament (k=3),Arithmetic,Gaussian,0.55369,0.27490,000.00603485,000.07872286,000.08070374,000.19076984,000.40
Tournament (k=2),Blend,Uniform,0.76642,0.10516,000.09423447,000.92659205,001.22931862,000.85343975,000.26
Tournament (k=3),Arithmetic,Gaussian,0.62318,0.03686,000.00000000,000.00622172,000.00575829,000.03313493,000.23
Tournament (k=3),Arithmetic,Gaussian,0.40000,0.12524,000.00000000,000.00045829,000.00042915,000.00199121,000.26
Tournament (k=2),Blend,Uniform,0.91514,0.11476,000.20168304,001.82511258,002.08159447,001.00026023,000.33
Tournament (k=3),Arithmetic,Gaussian,0.83749,0.09637,000.00000000,000.00026698,000.00027084,000.00292691,000.29
Tournament (k=3),Arithmetic,Gaussian,0.46371,0.21153,000.00003815,000.00503273,000.00478745,000.01171473,000.38
Tournament (k=2),Blend,Uniform,0.72243,0.30000,001.17013550,003.57380414,004.06562424,001.38818872,000.39
Tournament (k=3),Arithmetic,Gaussian,0.86261,0.05705,000.00000000,000.00159669,000.00144958,000.02196652,000.28
Tournament (k=3),Arithmetic,Gaussian,0.70139,0.09637,000.00000000,000.00041175,000.00040054,000.00252756,000.32
Tournament (k=3),Arithmetic,Gaussian,0.81310,0.17762,000.00001526,000.00083404,000.00077820,000.04780128,000.31
Tournament (k=2),Blend,Uniform,0.83749,0.06226,000.00000000,000.01651769,000.00807190,000.30355033,000.28
Tournament (k=3),Arithmetic,Gaussian,0.46371,0.08830,000.00000000,000.00099549,000.00086594,000.00368929,000.24
Tournament (k=3),Arithmetic,Gaussian,0.60503,0.05705,000.00000000,000.00218239,000.00171280,000.00974930,000.28
Tournament (k=3),Arithmetic,Gaussian,0.66113,0.03378,000.00000000,000.00940757,000.00849342,000.10353814,000.25
Tournament (k=2),Blend,Uniform,0.91514,0.04390,000.00000000,000.00438080,000.00031662,000.39616260,000.22
Tournament (k=3),Arithmetic,Gaussian,0.83749,0.30000,000.00290680,000.14974332,000.16627884,000.44272828,000.34
Tournament (k=3),Arithmetic,Gaussian,0.58741,0.30000,000.00622559,000.12914348,000.14103127,000.35768545,000.35
Tournament (k=2),Blend,Uniform,0.94259,0.02183,000.00000000,000.14338145,000.00072098,000.57839704,000.27
Tournament (k=3),Arithmetic,Gaussian,0.43709,0.10516,000.00000000,000.00058646,000.00068283,000.00322065,000.31
Tournament (k=3),Arithmetic,Gaussian,0.45020,0.05705,000.00000000,000.00313673,000.00290489,000.01477975,000.27
Tournament (k=3),Arithmetic,Gaussian,0.50670,0.16276,000.00000381,000.00026784,000.00028992,000.00218056,000.28
Tournament (k=3),Arithmetic,Gaussian,0.68096,0.14915,000.00000000,000.00006399,000.00006866,000.00043106,000.28
Tournament (k=3),Arithmetic,Gaussian,0.86261,0.17762,000.00003815,000.00110917,000.00120544,000.01057738,000.29
Tournament (k=3),Arithmetic,Gaussian,0.42436,0.17762,000.00000763,000.00046916,000.00051117,000.00211139,000.40
Tournament (k=3),Arithmetic,Gaussian,0.83749,0.10516,000.00000000,000.00023789,000.00020599,000.00489469,000.32
Tournament (k=3),Arithmetic,Gaussian,0.53756,0.05228,000.00000000,000.00505433,000.00628853,000.02051462,000.21
Tournament (k=3),Arithmetic,Gaussian,0.55369,0.02183,000.00000000,000.02813759,000.02402878,000.14238755,000.23
Tournament (k=3),Arithmetic,Gaussian,0.76642,0.05228,000.00000000,000.00346880,000.00345230,000.02069119,000.27
Tournament (k=3),Arithmetic,Gaussian,0.58741,0.03686,000.00000000,000.00815110,000.00944710,000.04689018,000.20
Tournament (k=2),Blend,Uniform,0.94259,0.02382,000.00000000,000.12038593,000.00086784,000.54325873,000.25
Tournament (k=3),Arithmetic,Gaussian,0.72243,0.04791,000.00000000,000.00335379,000.00353432,000.00871958,000.27
Tournament (k=3),Arithmetic,Gaussian,0.50670,0.05705,000.00000381,000.00246830,000.00200272,000.01288740,000.27
Tournament (k=3),Arithmetic,Gaussian,0.76642,0.16276,000.00000000,000.00022297,000.00027084,000.00120208,000.29
Tournament (k=3),Arithmetic,Gaussian,0.62318,0.27490,000.00754547,000.07599511,000.08215714,000.22349688,000.36
Tournament (k=3),Arithmetic,Gaussian,0.49195,0.02837,000.00000000,000.01628671,000.02059746,000.14310946,000.24
Tournament (k=3),Arithmetic,Gaussian,0.53756,0.14915,000.00000000,000.00014353,000.00013542,000.00122439,000.35
Tournament (k=3),Arithmetic,Gaussian,0.81310,0.19383,000.00007629,000.00303764,000.00334358,000.01655448,000.33
Tournament (k=3),Arithmetic,Gaussian,0.60503,0.17762,000.00000000,000.00050130,000.00053024,000.00185284,000.29
Tournament (k=3),Arithmetic,Gaussian,0.70139,0.03095,000.00000763,000.00935540,000.01030922,000.03526912,000.25
Tournament (k=3),Arithmetic,Gaussian,0.68096,0.05228,000.00000000,000.00266151,000.00264740,000.00945221,000.27
Tournament (k=3),Arithmetic,Gaussian,0.49195,0.08092,000.00000381,000.00104904,000.00115204,000.00301204,000.29
Tournament (k=3),Arithmetic,Gaussian,0.70139,0.25191,000.00435638,000.05709815,000.06954002,000.16585758,000.41
Tournament (k=3),Arithmetic,Gaussian,0.74410,0.27490,000.00258636,000.07759919,000.08558273,000.31050712,000.42
Tournament (k=3),Arithmetic,Gaussian,0.55369,0.02382,000.00000381,000.02345748,000.02377319,000.15402244,000.21
Tournament (k=3),Arithmetic,Gaussian,0.57030,0.05228,000.00000000,000.00375142,000.00357056,000.01363623,000.21
Tournament (k=3),Arithmetic,Gaussian,0.88849,0.03378,000.00000000,000.00999036,000.00801849,000.10453097,000.20
Tournament (k=3),Arithmetic,Gaussian,0.47762,0.05228,000.00000000,000.00370188,000.00348663,000.01763169,000.21
Tournament (k=3),Arithmetic,Gaussian,0.81310,0.05705,000.00000000,000.00314641,000.00321579,000.00913711,000.28
Tournament (k=3),Arithmetic,Gaussian,0.86261,0.19383,000.00007629,000.00289922,000.00310707,000.01212228,000.37
Tournament (k=2),Blend,Uniform,0.83749,0.02000,000.00000000,000.14026494,000.00030899,000.50048792,000.20
Tournament (k=3),Arithmetic,Gaussian,0.78941,0.30000,000.00595474,000.14341044,000.17506218,000.34841284,000.34
Tournament (k=3),Arithmetic,Gaussian,0.78941,0.03378,000.00000000,000.00743051,000.00827217,000.03518557,000.26
Tournament (k=3),Arithmetic,Gaussian,0.45020,0.02000,000.00000000,000.03577385,000.03501511,000.23195586,000.23
Tournament (k=3),Arithmetic,Gaussian,0.78941,0.10516,000.00000000,000.00020046,000.00018692,000.00150682,000.26
Tournament (k=3),Arithmetic,Gaussian,0.52190,0.27490,000.00242233,000.06583357,000.07301521,000.20158373,000.35
Tournament (k=3),Arithmetic,Gaussian,0.50670,0.06226,000.00000000,000.00185642,000.00191498,000.00633161,000.28
Tournament (k=3),Arithmetic,Gaussian,0.70139,0.03378,000.00000000,000.00974464,000.01141167,000.05305045,000.26
Tournament (k=3),Arithmetic,Gaussian,0.57030,0.13667,000.00000000,000.00014048,000.00013542,000.00060857,000.35
Tournament (k=3),Arithmetic,Gaussian,0.62318,0.11476,000.00000000,000.00019488,000.00019836,000.00082505,000.29
Tournament (k=3),Arithmetic,Gaussian,0.74410,0.03095,000.00000000,000.01290522,000.01481438,000.05360730,000.26
Tournament (k=3),Arithmetic,Gaussian,0.57030,0.05705,000.00000000,000.00295677,000.00294304,000.01682124,000.25
Tournament (k=2),Blend,Uniform,0.97087,0.14915,000.57392883,002.57298613,002.89832687,001.17580080,000.36
Tournament (k=3),Arithmetic,Gaussian,0.53756,0.16276,000.00000000,000.00014510,000.00013733,000.00101556,000.42
Tournament (k=3),Arithmetic,Gaussian,0.88849,0.03686,000.00000000,000.00697398,000.00772858,000.10390819,000.27
Tournament (k=3),Arithmetic,Gaussian,0.66113,0.08092,000.00000000,000.00103741,000.00091743,000.00783185,000.30
Tournament (k=2),Blend,Uniform,0.74410,0.17762,000.06885910,002.39416075,002.79616928,001.32880783,000.35
Tournament (k=3),Arithmetic,Gaussian,0.45020,0.12524,000.00000000,000.00038958,000.00040054,000.00224634,000.27
Tournament (k=3),Arithmetic,Gaussian,0.74410,0.08830,000.00000000,000.00032520,000.00031281,000.00661025,000.24
Tournament (k=3),Arithmetic,Gaussian,0.52190,0.02837,000.00000000,000.00760317,000.00811958,000.10770607,000.19
Tournament (k=3),Arithmetic,Gaussian,0.43709,0.03378,000.00000000,000.00787578,000.00653839,000.02485848,000.24
Tournament (k=3),Arithmetic,Gaussian,0.83749,0.03378,000.00000000,000.00824976,000.00810623,000.07944452,000.26
Tournament (k=3),Arithmetic,Gaussian,0.64187,0.06226,000.00000000,000.00272512,000.00329208,000.01393740,000.22
Tournament (k=2),Blend,Uniform,0.86261,0.11476,000.05998230,001.70285356,002.07662392,001.05134380,000.28
Tournament (k=3),Arithmetic,Gaussian,0.49195,0.30000,000.00855255,000.10228052,000.11110687,000.27486628,000.42
Tournament (k=3),Arithmetic,Gaussian,0.55369,0.11476,000.00000000,000.00021725,000.00023460,000.00064539,000.26
Tournament (k=3),Arithmetic,Gaussian,0.47762,0.17762,000.00001144,000.00042090,000.00051498,000.00305513,000.32
Tournament (k=3),Arithmetic,Gaussian,0.72243,0.16276,000.00000000,000.00021815,000.00021553,000.00136981,000.37
Tournament (k=3),Arithmetic,Gaussian,0.74410,0.30000,000.01138687,000.17086773,000.17025185,000.38566074,000.41
Tournament (k=3),Arithmetic,Gaussian,0.78941,0.11476,000.00000000,000.00014272,000.00013351,000.00153881,000.35
Tournament (k=2),Blend,Uniform,0.72243,0.03095,000.00000000,000.00010724,000.00000000,000.32633102,000.26
Tournament (k=3),Arithmetic,Gaussian,0.88849,0.10516,000.00000000,000.00022278,000.00020218,000.02287841,000.26
Tournament (k=3),Arithmetic,Gaussian,0.62318,0.04023,000.00000000,000.00637970,000.00605202,000.03111459,000.27
Tournament (k=3),Arithmetic,Gaussian,0.88849,0.04023,000.00001526,000.00769610,000.00732422,000.17391352,000.27
Tournament (k=3),Arithmetic,Gaussian,0.91514,0.02000,000.00001526,000.03177352,000.03193092,000.23869345,000.26
Tournament (k=3),Arithmetic,Gaussian,0.46371,0.09637,000.00000000,000.00045896,000.00044250,000.00239434,000.25
Tournament (k=3),Arithmetic,Gaussian,0.91514,0.06226,000.00000763,000.00395799,000.00286484,000.30424339,000.28
Tournament (k=3),Arithmetic,Gaussian,0.86261,0.02000,000.00033569,000.03254485,000.03431129,000.20851716,000.19
Tournament (k=3),Arithmetic,Gaussian,0.86261,0.06226,000.00000381,000.00259552,000.00226784,000.03759197,000.30
Tournament (k=3),Arithmetic,Gaussian,0.50670,0.02000,000.00000000,000.03083153,000.02970123,000.22562519,000.21
Tournament (k=3),Arithmetic,Gaussian,0.60503,0.02000,000.00000000,000.02216706,000.02583694,000.20168936,000.19
Tournament (k=2),Blend,Uniform,0.91514,0.12524,000.14844513,002.03853607,002.42772484,001.01901639,000.35
Tournament (k=3),Arithmetic,Gaussian,0.66113,0.03686,000.00000000,000.00754843,000.00713921,000.03122135,000.24
Tournament (k=3),Arithmetic,Gaussian,0.83749,0.03686,000.00000000,000.00874128,000.00799561,000.02765574,000.33
Tournament (k=3),Arithmetic,Gaussian,0.66113,0.30000,000.01050186,000.13816290,000.13762665,000.35796413,000.36
Tournament (k=3),Arithmetic,Gaussian,0.55369,0.30000,000.01168823,000.12877664,000.14723206,000.30721095,000.43
Tournament (k=2),Blend,Uniform,0.83749,0.06795,000.00000000,000.03588634,000.02127838,000.43325412,000.33
Tournament (k=2),Blend,Uniform,0.86261,0.12524,000.23377991,001.94952893,002.32325172,000.98916173,000.31
Tournament (k=3),Arithmetic,Gaussian,0.46371,0.23084,000.00068665,000.01408925,000.01538277,000.05080131,000.40
Tournament (k=3),Arithmetic,Gaussian,0.91514,0.19383,000.00006104,000.00367031,000.00385857,000.00897167,000.32
Tournament (k=3),Arithmetic,Gaussian,0.45020,0.06226,000.00000000,000.00171494,000.00138474,000.00751538,000.25
Tournament (k=3),Arithmetic,Gaussian,0.94259,0.03686,000.00000000,000.01380787,000.01192093,000.12050450,000.28
Tournament (k=3),Arithmetic,Gaussian,0.50670,0.02183,000.00000000,000.01457200,000.01310158,000.14941041,000.21
Tournament (k=3),Arithmetic,Gaussian,0.58741,0.04023,000.00000000,000.00420237,000.00336647,000.01487669,000.20
Tournament (k=3),Arithmetic,Gaussian,0.50670,0.17762,000.00000000,000.00036483,000.00036049,000.00217449,000.31
Tournament (k=3),Arithmetic,Gaussian,0.42436,0.05228,000.00000000,000.00398664,000.00467491,000.01234384,000.27
Tournament (k=3),Arithmetic,Gaussian,0.53756,0.05705,000.00000000,000.00304418,000.00266838,000.01175272,000.26
Tournament (k=3),Arithmetic,Gaussian,0.68096,0.16276,000.00000000,000.00013938,000.00013733,000.00070647,000.32
Tournament (k=3),Arithmetic,Gaussian,0.41200,0.23084,000.00034332,000.01470957,000.01788712,000.03520555,000.41
Tournament (k=3),Arithmetic,Gaussian,0.52190,0.08092,000.00000000,000.00100718,000.00079918,000.00328687,000.25
Tournament (k=3),Arithmetic,Gaussian,0.97087,0.02183,000.00022125,000.04226842,000.04017448,000.42319271,000.24
Tournament (k=3),Arithmetic,Gaussian,0.76642,0.05705,000.00000000,000.00237842,000.00204086,000.01942347,000.29
Tournament (k=2),Blend,Uniform,0.94259,0.02599,000.00000000,000.13924861,000.00075531,000.53801805,000.29
Tournament (k=3),Arithmetic,Gaussian,0.94259,0.11476,000.00000000,000.00026283,000.00019264,000.08741556,000.34
Tournament (k=3),Arithmetic,Gaussian,0.72243,0.05228,000.00000763,000.00324149,000.00394249,000.01533275,000.29
Tournament (k=3),Arithmetic,Gaussian,0.49195,0.03095,000.00000000,000.00821786,000.00761795,000.03973759,000.24
Tournament (k=3),Arithmetic,Gaussian,0.83749,0.11476,000.00000000,000.00012894,000.00010681,000.00873186,000.35
Tournament (k=2),Blend,Uniform,0.94259,0.19383,000.37718964,003.11293173,003.42673302,001.30700159,000.35
Tournament (k=3),Arithmetic,Gaussian,0.81310,0.21153,000.00042725,000.00910254,000.00934410,000.18763681,000.31
Tournament (k=3),Arithmetic,Gaussian,0.46371,0.03095,000.00000000,000.01242352,000.01215553,000.04345570,000.23
Tournament (k=3),Arithmetic,Gaussian,0.97087,0.06795,000.00000000,000.00425692,000.00377655,000.29194105,000.29
Tournament (k=3),Arithmetic,Gaussian,0.49195,0.08830,000.00000000,000.00092883,000.00100327,000.00442190,000.23
Tournament (k=3),Arithmetic,Gaussian,0.55369,0.02599,000.00000000,000.01461511,000.01881790,000.08673339,000.24
Tournament (k=3),Arithmetic,Gaussian,0.68096,0.05705,000.00000000,000.00191045,000.00173950,000.00650532,000.27
Tournament (k=3),Arithmetic,Gaussian,0.60503,0.19383,000.00001144,000.00176835,000.00202751,000.00640737,000.30
Tournament (k=3),Arithmetic,Gaussian,0.62318,0.30000,000.00149918,000.10149479,000.10873413,000.35136425,000.44
Tournament (k=2),Blend,Uniform,0.94259,0.07415,000.00082016,000.38669640,000.38587761,000.63101357,000.26
Tournament (k=2),Blend,Uniform,0.83749,0.02183,000.00000000,000.02324200,000.00000000,000.43517050,000.20
Tournament (k=3),Arithmetic,Gaussian,0.97087,0.02382,000.00006485,000.03710227,000.04033661,000.32944098,000.21
Tournament (k=3),Arithmetic,Gaussian,0.78941,0.03686,000.00000000,000.00536027,000.00653839,000.03281501,000.23
Tournament (k=3),Arithmetic,Gaussian,0.81310,0.06226,000.00000381,000.00224738,000.00277901,000.00718976,000.29
Tournament (k=3),Arithmetic,Gaussian,0.70139,0.27490,000.00324249,000.10082064,000.10747528,000.28569716,000.35
Tournament (k=3),Arithmetic,Gaussian,1.00000,0.04023,000.00000000,000.05476279,000.01539230,000.52044147,000.27
Tournament (k=3),Arithmetic,Gaussian,0.72243,0.05705,000.00000000,000.00211701,000.00191307,000.00906022,000.28
Tournament (k=2),Blend,Uniform,1.00000,0.27490,000.58937454,003.92812872,004.53365135,001.63642108,000.33
Tournament (k=3),Arithmetic,Gaussian,0.52190,0.08830,000.00000000,000.00073690,000.00077820,000.00278154,000.33
Tournament (k=3),Arithmetic,Gaussian,0.70139,0.03686,000.00000000,000.00618863,000.00564003,000.02737668,000.26
Tournament (k=3),Arithmetic,Gaussian,0.50670,0.06795,000.00000000,000.00211897,000.00199699,000.00586137,000.28
Tournament (k=3),Arithmetic,Gaussian,0.97087,0.21153,000.00006866,000.01021214,000.01235008,000.13543995,000.39
Tournament (k=2),Blend,Uniform,0.94259,0.21153,001.15820694,003.24318767,003.57801628,001.42658782,000.36
Tournament (k=3),Arithmetic,Uniform,0.40000,0.02382,000.00001526,000.21927901,000.17738342,000.48046842,000.22
Tournament (k=3),Arithmetic,Gaussian,0.74410,0.03378,000.00003052,000.01294765,000.01343155,000.03636533,000.25
Tournament (k=3),Arithmetic,Gaussian,0.62318,0.12524,000.00000000,000.00019827,000.00017738,000.00185899,000.26
Tournament (k=3),Arithmetic,Gaussian,0.52190,0.30000,000.00477982,000.10837183,000.13098907,000.31731209,000.35
Tournament (k=3),Arithmetic,Gaussian,0.64187,0.02000,000.00000000,000.02213750,000.01570702,000.18118636,000.27
Tournament (k=3),Arithmetic,Gaussian,0.66113,0.08830,000.00000000,000.00070610,000.00062561,000.00602239,000.26
Tournament (k=3),Arithmetic,Gaussian,0.52190,0.03095,000.00000000,000.00797954,000.00927544,000.04463865,000.19
Tournament (k=2),Blend,Uniform,0.94259,0.08092,000.00405884,000.62049842,000.75517273,000.79909027,000.28
Tournament (k=3),Arithmetic,Gaussian,1.00000,0.12524,000.00000000,000.00009904,000.00006485,000.15933244,000.29
Tournament (k=3),Arithmetic,Gaussian,0.57030,0.14915,000.00000000,000.00009165,000.00006866,000.00076059,000.36
Tournament (k=3),Arithmetic,Gaussian,0.64187,0.06795,000.00000000,000.00165367,000.00172615,000.00595380,000.23
Tournament (k=3),Arithmetic,Gaussian,0.74410,0.09637,000.00000000,000.00040836,000.00034714,000.00403733,000.26
Tournament (k=3),Arithmetic,Gaussian,0.60503,0.21153,000.00008774,000.00562520,000.00675392,000.02460794,000.37
Tournament (k=3),Arithmetic,Gaussian,0.45020,0.13667,000.00000000,000.00018735,000.00020790,000.00102690,000.27
Tournament (k=3),Arithmetic,Gaussian,0.70139,0.10516,000.00000000,000.00017715,000.00016785,000.00309650,000.33
Tournament (k=3),Arithmetic,Gaussian,0.60503,0.06226,000.00000381,000.00228047,000.00238419,000.01322958,000.24
Tournament (k=3),Arithmetic,Uniform,0.40000,0.02599,000.00000000,000.20119634,000.19822121,000.46708390,000.21
Tournament (k=3),Arithmetic,Gaussian,0.76642,0.02000,000.00000000,000.02916040,000.03173447,000.26548699,000.25
Tournament (k=3),Arithmetic,Gaussian,0.64187,0.16276,000.00000381,000.00015583,000.00016594,000.00433950,000.37
Tournament (k=3),Arithmetic,Gaussian,0.55369,0.12524,000.00000000,000.00014057,000.00013161,000.00126381,000.27
Tournament (k=3),Arithmetic,Gaussian,0.88849,0.04390,000.00000000,000.00496912,000.00413704,000.14046162,000.21
Tournament (k=3),Arithmetic,Uniform,0.40000,0.07415,000.00004196,000.01654825,000.01641083,000.07553303,000.25
Tournament (k=3),Arithmetic,Gaussian,0.78941,0.12524,000.00000000,000.00008731,000.00007629,000.00076458,000.27
Tournament (k=3),Arithmetic,Gaussian,0.91514,0.02183,000.00000763,000.02323279,000.02282715,000.25976756,000.26
Tournament (k=3),Arithmetic,Gaussian,0.62318,0.04390,000.00000000,000.00486231,000.00517654,000.05360876,000.27
Tournament (k=3),Arithmetic,Gaussian,0.60503,0.02183,000.00002289,000.01460266,000.01836395,000.05471104,000.19
Tournament (k=3),Arithmetic,Gaussian,0.72243,0.17762,000.00001144,000.00090084,000.00093460,000.00574423,000.35
Tournament (k=3),Arithmetic,Gaussian,0.46371,0.10516,000.00000000,000.00077682,000.00065041,000.00229515,000.26
Tournament (k=3),Arithmetic,Gaussian,0.88849,0.11476,000.00000000,000.00015359,000.00010300,000.12966669,000.33
Tournament (k=3),Arithmetic,Gaussian,0.64187,0.07415,000.00000763,000.00097742,000.00093269,000.00419460,000.27
Tournament (k=3),Arithmetic,Gaussian,0.97087,0.23084,000.00133514,000.02571445,000.02636337,000.14990470,000.41
Tournament (k=3),Arithmetic,Gaussian,0.68096,0.02000,000.00006866,000.03470440,000.03093529,000.24880929,000.18
Tournament (k=3),Arithmetic,Gaussian,0.86261,0.06795,000.00000000,000.00119047,000.00096512,000.03684019,000.30
Tournament (k=3),Arithmetic,Gaussian,0.57030,0.16276,000.00000000,000.00017781,000.00017738,000.00053310,000.37
Tournament (k=3),Arithmetic,Gaussian,0.83749,0.04023,000.00004959,000.00569210,000.00465584,000.04393632,000.27
Tournament (k=2),Blend,Uniform,0.91514,0.13667,000.28576660,002.26148868,002.50304413,001.05667639,000.35
Tournament (k=3),Arithmetic,Gaussian,0.57030,0.02000,000.00000000,000.03005200,000.03718376,000.17608812,000.24
Tournament (k=3),Arithmetic,Gaussian,0.88849,0.04791,000.00003433,000.00613155,000.00752831,000.10465884,000.22
Tournament (k=3),Arithmetic,Uniform,0.40000,0.08092,000.00000000,000.01542644,000.01628494,000.09398206,000.21
Tournament (k=3),Arithmetic,Gaussian,0.70139,0.11476,000.00000000,000.00011616,000.00010872,000.00075764,000.34
Tournament (k=3),Arithmetic,Gaussian,0.58741,0.04390,000.00000000,000.00438504,000.00422096,000.02418865,000.20
Tournament (k=3),Arithmetic,Gaussian,0.41200,0.02599,000.00000000,000.01497850,000.01256752,000.11614405,000.23
Tournament (k=3),Arithmetic,Gaussian,0.60503,0.02382,000.00000000,000.01830873,000.01568604,000.11134421,000.23
Tournament (k=3),Arithmetic,Gaussian,0.55369,0.13667,000.00000000,000.00020595,000.00023079,000.00200226,000.34
Tournament (k=3),Arithmetic,Gaussian,0.94259,0.04023,000.00000000,000.00898495,000.00745010,000.15721600,000.27
Tournament (k=3),Arithmetic,Gaussian,0.91514,0.21153,000.00064087,000.00946002,000.01136208,000.10190207,000.31
Tournament (k=3),Arithmetic,Gaussian,0.76642,0.17762,000.00000381,000.00070257,000.00068283,000.00258455,000.37
Tournament (k=3),Arithmetic,Gaussian,0.47762,0.05705,000.00000000,000.00231986,000.00257492,000.00931423,000.21
Tournament (k=3),Arithmetic,Gaussian,0.42436,0.05705,000.00000000,000.00415473,000.00494766,000.01450640,000.26
Tournament (k=3),Arithmetic,Gaussian,0.50670,0.19383,000.00006104,000.00143161,000.00166321,000.00649419,000.30
Tournament (k=3),Arithmetic,Gaussian,0.81310,0.02000,000.00001526,000.03160186,000.03266907,000.18131968,000.18
Tournament (k=3),Arithmetic,Gaussian,0.53756,0.06226,000.00000000,000.00215769,000.00258636,000.00773236,000.28
Tournament (k=3),Arithmetic,Gaussian,0.68096,0.17762,000.00001144,000.00073500,000.00067902,000.00294336,000.30
Tournament (k=3),Arithmetic,Gaussian,0.58741,0.08830,000.00000000,000.00098758,000.00089645,000.00422415,000.25
Tournament (k=3),Arithmetic,Gaussian,0.49195,0.03378,000.00000381,000.00907726,000.00896263,000.03104297,000.24
Tournament (k=3),Arithmetic,Gaussian,0.76642,0.06226,000.00000763,000.00233936,000.00253487,000.00709200,000.28
Tournament (k=3),Arithmetic,Gaussian,0.41200,0.02837,000.00000000,000.01183376,000.01353836,000.11338392,000.22
Tournament (k=3),Arithmetic,Gaussian,0.60503,0.02599,000.00000000,000.01059203,000.00901413,000.07597334,000.22
Tournament (k=3),Arithmetic,Gaussian,0.86261,0.21153,000.00015259,000.01052027,000.01195908,000.10362940,000.30
Tournament (k=3),Arithmetic,Gaussian,0.41200,0.25191,000.00162888,000.02824602,000.03464890,000.06810452,000.40
Tournament (k=3),Arithmetic,Uniform,0.41200,0.04390,000.00001526,000.06346121,000.06427956,000.20929620,000.18
Tournament (k=3),Arithmetic,Gaussian,0.94259,0.12524,000.00000000,000.00006990,000.00004578,000.00490241,000.34
Tournament (k=3),Arithmetic,Gaussian,0.83749,0.12524,000.00000000,000.00015173,000.00018120,000.00081693,000.34
Tournament (k=3),Arithmetic,Gaussian,0.57030,0.06226,000.00000000,000.00209160,000.00164032,000.01319582,000.22
Tournament (k=3),Arithmetic,Gaussian,0.94259,0.04390,000.00000000,000.00939293,000.01040649,000.09648694,000.28
Tournament (k=3),Arithmetic,Uniform,0.40000,0.23084,000.00063324,000.11853018,000.12791061,000.33751488,000.32
Tournament (k=3),Arithmetic,Gaussian,0.97087,0.07415,000.00000000,000.00387883,000.00225830,000.39473885,000.30
Tournament (k=3),Arithmetic,Gaussian,0.78941,0.04023,000.00000000,000.00599108,000.00577545,000.11122585,000.22
Tournament (k=3),Arithmetic,Gaussian,0.97087,0.02599,000.00000000,000.03944273,000.04294777,000.39502460,000.26
Tournament (k=3),Arithmetic,Gaussian,0.53756,0.17762,000.00000381,000.00049691,000.00061607,000.00202245,000.30
Tournament (k=3),Arithmetic,Gaussian,0.91514,0.23084,000.00123596,000.02645893,000.02851677,000.05193784,000.35
Tournament (k=3),Arithmetic,Gaussian,0.50670,0.21153,000.00031281,000.00467024,000.00441551,000.01230219,000.32
Tournament (k=3),Arithmetic,Gaussian,0.60503,0.02837,000.00000000,000.01630449,000.02052689,000.12640004,000.20
Tournament (k=3),Arithmetic,Gaussian,0.81310,0.06795,000.00000763,000.00188761,000.00203514,000.00781875,000.29
Tournament (k=3),Arithmetic,Gaussian,0.76642,0.19383,000.00010681,000.00323038,000.00395966,000.00686903,000.38
Tournament (k=3),Arithmetic,Gaussian,0.52190,0.09637,000.00000763,000.00079622,000.00075340,000.00467031,000.24
Tournament (k=3),Arithmetic,Gaussian,1.00000,0.04390,000.00005722,000.01622562,000.01352501,000.44125578,000.27
Tournament (k=3),Arithmetic,Gaussian,0.53756,0.02000,000.00000000,000.02468796,000.03296852,000.15411435,000.18
Tournament (k=3),Arithmetic,Gaussian,0.72243,0.06226,000.00000000,000.00194716,000.00190353,000.00899232,000.28
Tournament (k=3),Arithmetic,Gaussian,0.50670,0.07415,000.00000000,000.00134954,000.00160217,000.00612133,000.29
Tournament (k=3),Arithmetic,Gaussian,0.74410,0.03686,000.00000000,000.00563684,000.00513649,000.02218312,000.26
Tournament (k=3),Arithmetic,Gaussian,0.52190,0.03378,000.00000000,000.00680027,000.00835609,000.11366082,000.19
Tournament (k=3),Arithmetic,Gaussian,0.66113,0.09637,000.00000000,000.00041652,000.00041199,000.00304780,000.26
Tournament (k=3),Arithmetic,Gaussian,0.94259,0.13667,000.00000000,000.00006075,000.00003433,000.00673454,000.32
Tournament (k=3),Arithmetic,Gaussian,0.86261,0.02183,000.00000381,000.02890277,000.02712250,000.26987723,000.18
Tournament (k=3),Arithmetic,Gaussian,0.64187,0.02183,000.00000381,000.01622276,000.01453781,000.18225500,000.25
Tournament (k=3),Arithmetic,Gaussian,0.70139,0.30000,000.00297928,000.17975140,000.17839622,000.36590618,000.43
Tournament (k=3),Arithmetic,Uniform,0.41200,0.13667,000.00003052,000.00321913,000.00350189,000.06941133,000.25
Tournament (k=3),Arithmetic,Gaussian,0.62318,0.13667,000.00000000,000.00009108,000.00008011,000.00036363,000.32
Tournament (k=3),Arithmetic,Uniform,0.40000,0.02837,000.00006104,000.12258887,000.11540794,000.39979878,000.17
Tournament (k=2),Blend,Uniform,0.94259,0.23084,001.37770462,003.44616365,003.93781090,001.42392933,000.38
Tournament (k=3),Arithmetic,Gaussian,1.00000,0.13667,000.00000000,000.00010929,000.00005722,000.01913832,000.26
Tournament (k=3),Arithmetic,Gaussian,0.41200,0.27490,000.00271606,000.05834818,000.07333183,000.13652638,000.43
Tournament (k=3),Arithmetic,Gaussian,0.53756,0.02183,000.00000000,000.01676464,000.01705551,000.12690133,000.18
Tournament (k=3),Arithmetic,Gaussian,0.91514,0.06795,000.00000000,000.00199518,000.00156975,000.21497484,000.29
Tournament (k=3),Arithmetic,Gaussian,0.66113,0.04023,000.00000000,000.00515456,000.00550652,000.09890500,000.26
Tournament (k=3),Arithmetic,Uniform,0.42436,0.02599,000.00003052,000.17820802,000.16910934,000.46263340,000.17
Tournament (k=3),Arithmetic,Gaussian,0.60503,0.23084,000.00003052,000.01958780,000.01717567,000.11240347,000.32
Tournament (k=3),Arithmetic,Gaussian,0.60503,0.06795,000.00000000,000.00233841,000.00275040,000.01129101,000.29
Tournament (k=3),Arithmetic,Gaussian,0.81310,0.07415,000.00000000,000.00123134,000.00102615,000.00577786,000.34
Tournament (k=3),Arithmetic,Gaussian,0.74410,0.04023,000.00000381,000.00621905,000.00550079,000.10021153,000.28
Tournament (k=3),Arithmetic,Gaussian,0.72243,0.06795,000.00000000,000.00172005,000.00170326,000.00811649,000.29
Tournament (k=3),Arithmetic,Gaussian,0.64187,0.02382,000.00000000,000.01949921,000.02060318,000.21046413,000.25
Tournament (k=3),Arithmetic,Gaussian,0.68096,0.02183,000.00000000,000.02468486,000.02537537,000.11082854,000.18
Tournament (k=3),Arithmetic,Gaussian,0.50670,0.02382,000.00000763,000.01395621,000.01249123,000.16872723,000.23
Tournament (k=3),Arithmetic,Gaussian,0.45020,0.14915,000.00000000,000.00019531,000.00019836,000.00099185,000.39
Tournament (k=3),Arithmetic,Gaussian,0.78941,0.13667,000.00000000,000.00005641,000.00005722,000.00029460,000.27
Tournament (k=3),Arithmetic,Gaussian,0.62318,0.04791,000.00000000,000.00379076,000.00377083,000.02116352,000.26
Tournament (k=3),Arithmetic,Gaussian,0.64187,0.08092,000.00000000,000.00083036,000.00096512,000.00295393,000.23
Tournament (k=3),Arithmetic,Gaussian,0.46371,0.11476,000.00000000,000.00042539,000.00036240,000.00192164,000.26
Tournament (k=3),Arithmetic,Gaussian,0.88849,0.12524,000.00000000,000.00009799,000.00007057,000.00183762,000.26
Tournament (k=3),Arithmetic,Gaussian,0.94259,0.14915,000.00000000,000.00011735,000.00013351,000.00225478,000.37
Tournament (k=3),Arithmetic,Gaussian,0.72243,0.19383,000.00010300,000.00269070,000.00320625,000.02269669,000.34
Tournament (k=3),Arithmetic,Uniform,0.42436,0.08092,000.00000000,000.01252151,000.01301384,000.08981819,000.22
Tournament (k=3),Arithmetic,Gaussian,0.83749,0.04390,000.00000000,000.00520229,000.00529289,000.02013456,000.24
Tournament (k=3),Arithmetic,Gaussian,0.86261,0.07415,000.00000000,000.00109162,000.00099945,000.00975059,000.30
Tournament (k=3),Arithmetic,Gaussian,0.88849,0.05228,000.00000000,000.00267997,000.00321579,000.02356535,000.25
Tournament (k=3),Arithmetic,Gaussian,0.58741,0.04791,000.00000000,000.00467763,000.00535011,000.02113297,000.21
Tournament (k=3),Arithmetic,Gaussian,0.60503,0.07415,000.00000000,000.00101562,000.00100136,000.00421248,000.31
Tournament (k=3),Arithmetic,Uniform,0.40000,0.08830,000.00000381,000.01146936,000.00852394,000.07304361,000.26
Tournament (k=3),Arithmetic,Gaussian,0.57030,0.17762,000.00000000,000.00062542,000.00066185,000.00228434,000.38
Tournament (k=3),Arithmetic,Gaussian,0.46371,0.03378,000.00000000,000.00949750,000.00977325,000.03475273,000.25
Tournament (k=3),Arithmetic,Gaussian,0.41200,0.30000,000.00973129,000.11537175,000.13473511,000.20009364,000.46
Tournament (k=3),Arithmetic,Gaussian,0.49195,0.09637,000.00000000,000.00061250,000.00067711,000.00343291,000.25
Tournament (k=3),Arithmetic,Gaussian,0.70139,0.12524,000.00000000,000.00005054,000.00004578,000.00052172,000.28
Tournament (k=3),Arithmetic,Gaussian,0.55369,0.02837,000.00000000,000.01470499,000.01243210,000.11942367,000.25
Tournament (k=3),Arithmetic,Gaussian,0.55369,0.14915,000.00000000,000.00011268,000.00010872,000.00090458,000.30
Tournament (k=3),Arithmetic,Gaussian,0.81310,0.02183,000.00000000,000.02152824,000.02131271,000.15676026,000.19
Tournament (k=3),Arithmetic,Uniform,0.43709,0.04791,000.00003433,000.05702620,000.06215096,000.21358764,000.22
Tournament (k=3),Arithmetic,Gaussian,0.68096,0.06226,000.00000000,000.00182753,000.00198174,000.01304772,000.29
Tournament (k=3),Arithmetic,Gaussian,0.81310,0.23084,000.00258636,000.02655115,000.02972031,000.15882772,000.37
Tournament (k=3),Arithmetic,Gaussian,0.40000,0.13667,000.00000000,000.00030336,000.00024414,000.00146521,000.27
Tournament (k=3),Arithmetic,Gaussian,0.41200,0.03095,000.00004578,000.01462913,000.01517105,000.12066440,000.18
Tournament (k=3),Arithmetic,Gaussian,0.53756,0.06795,000.00000000,000.00236425,000.00256157,000.00810933,000.28
Tournament (k=3),Arithmetic,Uniform,0.42436,0.25191,000.01429367,000.32158747,000.30014992,000.51869518,000.37
Tournament (k=3),Arithmetic,Uniform,0.41200,0.04791,000.00022888,000.04883151,000.04913330,000.18461275,000.18
Tournament (k=3),Arithmetic,Gaussian,0.49195,0.03686,000.00000000,000.00646286,000.00721550,000.03761615,000.25
Tournament (k=3),Arithmetic,Gaussian,0.88849,0.05705,000.00003052,000.00324960,000.00371552,000.01092737,000.31
Tournament (k=3),Arithmetic,Gaussian,0.76642,0.06795,000.00000381,000.00169001,000.00227547,000.00834435,000.29
Tournament (k=3),Arithmetic,Gaussian,0.94259,0.04791,000.00005722,000.00782552,000.00781631,000.17132312,000.21
Tournament (k=3),Arithmetic,Gaussian,0.70139,0.04023,000.00000000,000.00675702,000.00819778,000.03597491,000.26
Tournament (k=3),Arithmetic,Gaussian,0.57030,0.06795,000.00000000,000.00174437,000.00162506,000.00950812,000.23
Tournament (k=3),Arithmetic,Gaussian,0.68096,0.19383,000.00003052,000.00203652,000.00213814,000.00481634,000.38
Tournament (k=3),Arithmetic,Uniform,0.40000,0.09637,000.00000000,000.00674081,000.00700378,000.03942895,000.30
Tournament (k=3),Arithmetic,Gaussian,0.86261,0.23084,000.00029755,000.02620306,000.02721786,000.04989851,000.32
Tournament (k=3),Arithmetic,Uniform,0.43709,0.05228,000.00008774,000.06219058,000.06928825,000.25274849,000.24
Tournament (k=3),Arithmetic,Gaussian,0.97087,0.02837,000.00008392,000.03228998,000.02547646,000.39333767,000.19
Tournament (k=3),Arithmetic,Gaussian,0.78941,0.04390,000.00000000,000.00470877,000.00517273,000.10026098,000.25
Tournament (k=3),Arithmetic,Gaussian,0.83749,0.13667,000.00000000,000.00004644,000.00004005,000.00045044,000.35
Tournament (k=3),Arithmetic,Gaussian,0.97087,0.08092,000.00001526,000.00254049,000.00201035,000.22930418,000.30
Tournament (k=3),Arithmetic,Gaussian,0.74410,0.10516,000.00000000,000.00020647,000.00017548,000.00253094,000.25
Tournament (k=3),Arithmetic,Gaussian,0.53756,0.07415,000.00000000,000.00150704,000.00163078,000.00859553,000.30
Tournament (k=3),Arithmetic,Gaussian,0.91514,0.25191,000.00263596,000.05213337,000.04458618,000.27133301,000.32
Tournament (k=3),Arithmetic,Gaussian,0.50670,0.23084,000.00080109,000.01436729,000.01382065,000.03752304,000.32
Tournament (k=3),Arithmetic,Gaussian,0.53756,0.19383,000.00000381,000.00147686,000.00185204,000.01351660,000.36
Tournament (k=3),Arithmetic,Gaussian,0.52190,0.03686,000.00000000,000.00791450,000.00680923,000.03921645,000.20
Tournament (k=3),Arithmetic,Gaussian,0.47762,0.19383,000.00001526,000.00142932,000.00165939,000.00410861,000.49
Tournament (k=3),Arithmetic,Uniform,0.43709,0.14915,000.00001526,000.00218492,000.00214767,000.03345237,000.24
Tournament (k=3),Arithmetic,Gaussian,0.86261,0.02382,000.00000381,000.01707382,000.01743317,000.16286841,000.19
Tournament (k=3),Arithmetic,Gaussian,0.76642,0.02183,000.00000763,000.01996694,000.01932526,000.15506391,000.25
Tournament (k=3),Arithmetic,Gaussian,0.88849,0.06226,000.00000763,000.00294509,000.00247574,000.10056513,000.29
Tournament (k=3),Arithmetic,Gaussian,1.00000,0.04791,000.00002289,000.02395558,000.01209259,000.46513441,000.27
Tournament (k=3),Arithmetic,Gaussian,0.91514,0.02382,000.00000000,000.03014870,000.03388977,000.24008501,000.25
Tournament (k=3),Arithmetic,Gaussian,0.76642,0.21153,000.00009155,000.01075554,000.01426888,000.02239145,000.39
Tournament (k=3),Arithmetic,Gaussian,0.72243,0.02000,000.00003052,000.04222446,000.04576683,000.14810680,000.24
Tournament (k=3),Arithmetic,Uniform,0.41200,0.14915,000.00000763,000.00285449,000.00259018,000.01020533,000.25
Tournament (k=3),Arithmetic,Uniform,0.40000,0.03095,000.00000000,000.12406335,000.12394524,000.33348352,000.19
Tournament (k=3),Arithmetic,Gaussian,0.66113,0.10516,000.00000000,000.00021791,000.00019455,000.00251935,000.32
Tournament (k=3),Arithmetic,Gaussian,0.64187,0.17762,000.00000381,000.00052657,000.00056839,000.00232876,000.37
Tournament (k=3),Arithmetic,Gaussian,0.62318,0.14915,000.00000000,000.00012846,000.00013733,000.00062575,000.29
Tournament (k=3),Arithmetic,Gaussian,0.53756,0.02382,000.00000000,000.01436076,000.01444054,000.08419050,000.18
Tournament (k=3),Arithmetic,Gaussian,0.46371,0.25191,000.00195312,000.03561725,000.03795624,000.08705687,000.40
Tournament (k=3),Arithmetic,Gaussian,0.91514,0.07415,000.00000000,000.00190635,000.00187111,000.01030700,000.23
Tournament (k=3),Arithmetic,Uniform,0.42436,0.02837,000.00000381,000.17693110,000.21007919,000.47391832,000.22
Tournament (k=3),Arithmetic,Gaussian,1.00000,0.14915,000.00000000,000.00023541,000.00018883,000.04858878,000.28
Tournament (k=3),Arithmetic,Gaussian,0.88849,0.06795,000.00000000,000.00220804,000.00243378,000.10163843,000.25
Tournament (k=3),Arithmetic,Uniform,0.43709,0.16276,000.00001526,000.00278082,000.00279045,000.01271091,000.29
Tournament (k=3),Arithmetic,Gaussian,0.68096,0.02382,000.00000000,000.01233396,000.01355171,000.09712610,000.21
Tournament (k=3),Arithmetic,Gaussian,1.00000,0.05228,000.00000000,000.00713329,000.00672531,000.37420142,000.28
Tournament (k=2),Blend,Uniform,0.94259,0.25191,000.99498749,003.69102788,004.19633675,001.40463185,000.39
Tournament (k=3),Arithmetic,Gaussian,0.60503,0.25191,000.00162506,000.03478556,000.03921127,000.20223983,000.32
Tournament (k=3),Arithmetic,Gaussian,0.74410,0.04390,000.00000000,000.00517731,000.00387573,000.02250350,000.27
Tournament (k=3),Arithmetic,Uniform,0.45020,0.02837,000.00003052,000.19471736,000.22410583,000.40195197,000.23
Tournament (k=3),Arithmetic,Gaussian,0.64187,0.02599,000.00001907,000.01562810,000.01911736,000.11322901,000.25
Tournament (k=3),Arithmetic,Gaussian,0.81310,0.08092,000.00000000,000.00082355,000.00088120,000.00581730,000.31
Tournament (k=3),Arithmetic,Gaussian,0.72243,0.07415,000.00000000,000.00124888,000.00119781,000.00543970,000.30
Tournament (k=3),Arithmetic,Gaussian,0.97087,0.25191,000.00034332,000.04507852,000.04933548,000.20191148,000.42
Tournament (k=3),Arithmetic,Gaussian,0.62318,0.05228,000.00001526,000.00308728,000.00350952,000.01100766,000.25
Tournament (k=3),Arithmetic,Gaussian,0.47762,0.06226,000.00000000,000.00193186,000.00180435,000.00760456,000.22
Tournament (k=3),Arithmetic,Gaussian,0.78941,0.14915,000.00000000,000.00007796,000.00007439,000.00066099,000.29
Tournament (k=3),Arithmetic,Gaussian,0.64187,0.08830,000.00000000,000.00062518,000.00058746,000.00490686,000.25
Tournament (k=3),Arithmetic,Gaussian,0.88849,0.13667,000.00000000,000.00007267,000.00005341,000.00057473,000.28
Tournament (k=3),Arithmetic,Gaussian,0.45020,0.16276,000.00000000,000.00019989,000.00022316,000.00072655,000.37
Tournament (k=3),Arithmetic,Gaussian,0.88849,0.07415,000.00000000,000.00123229,000.00103760,000.10980745,000.27
Tournament (k=3),Arithmetic,Gaussian,0.58741,0.05228,000.00000000,000.00425601,000.00353622,000.02573502,000.22
Tournament (k=3),Arithmetic,Gaussian,0.72243,0.21153,000.00038910,000.01175613,000.01173019,000.07606258,000.33
Tournament (k=3),Arithmetic,Uniform,0.42436,0.08830,000.00000763,000.01242928,000.01219749,000.06676264,000.28
Tournament (k=3),Arithmetic,Gaussian,0.58741,0.09637,000.00000000,000.00050402,000.00043488,000.00413709,000.26
Tournament (k=3),Arithmetic,Gaussian,0.83749,0.04791,000.00000000,000.00444841,000.00459480,000.01261593,000.28
Tournament (k=3),Arithmetic,Uniform,0.45020,0.03095,000.00000000,000.13040319,000.15082932,000.28170869,000.24
Tournament (k=3),Arithmetic,Gaussian,0.64187,0.02837,000.00000000,000.01381006,000.01364708,000.10648862,000.24
Tournament (k=3),Arithmetic,Gaussian,0.94259,0.16276,000.00000000,000.00035734,000.00036430,000.00899017,000.38
Tournament (k=3),Arithmetic,Gaussian,0.86261,0.08092,000.00000381,000.00136437,000.00128555,000.00712363,000.31
Tournament (k=3),Arithmetic,Gaussian,0.74410,0.04791,000.00000000,000.00355048,000.00426102,000.01294424,000.29
Tournament (k=3),Arithmetic,Gaussian,0.81310,0.02382,000.00000000,000.01453638,000.01389503,000.11327512,000.19
Tournament (k=3),Arithmetic,Uniform,0.45020,0.08830,000.00000763,000.01402364,000.01325798,000.07009649,000.27
Tournament (k=3),Arithmetic,Gaussian,0.55369,0.03095,000.00000000,000.00891066,000.00814438,000.13186739,000.26
Tournament (k=3),Arithmetic,Gaussian,0.72243,0.08092,000.00000000,000.00091476,000.00103378,000.00300213,000.33
Tournament (k=3),Arithmetic,Uniform,0.45020,0.27490,000.04285431,000.50920206,000.58403969,000.56923699,000.28
Tournament (k=3),Arithmetic,Gaussian,0.49195,0.10516,000.00000000,000.00038280,000.00040627,000.00136289,000.32
Tournament (k=3),Arithmetic,Gaussian,0.57030,0.19383,000.00009155,000.00173488,000.00219154,000.00611744,000.39
Tournament (k=3),Arithmetic,Gaussian,0.60503,0.03095,000.00000000,000.01056390,000.01139641,000.08110435,000.19
Tournament (k=3),Arithmetic,Uniform,0.41200,0.05228,000.00000381,000.04934163,000.04572296,000.21971609,000.19
Tournament (k=3),Arithmetic,Gaussian,0.70139,0.13667,000.00000000,000.00008039,000.00007439,000.00040748,000.37
Tournament (k=3),Arithmetic,Uniform,0.42436,0.09637,000.00000381,000.00758290,000.00817299,000.06048137,000.25
Tournament (k=3),Arithmetic,Gaussian,0.88849,0.08092,000.00000763,000.00076790,000.00067711,000.10035089,000.31
Tournament (k=3),Arithmetic,Gaussian,0.40000,0.14915,000.00000000,000.00032110,000.00022697,000.00143453,000.28
Tournament (k=3),Arithmetic,Uniform,0.40000,0.25191,000.00296021,000.33462399,000.33803749,000.51244020,000.34
Tournament (k=3),Arithmetic,Gaussian,0.49195,0.04023,000.00000000,000.00551620,000.00547028,000.02152100,000.25
Tournament (k=3),Arithmetic,Uniform,0.42436,0.27490,000.12049866,000.57467246,000.60496521,000.55391711,000.27
Tournament (k=3),Arithmetic,Gaussian,0.81310,0.25191,000.00392914,000.04514403,000.05609703,000.22391045,000.33
Tournament (k=3),Arithmetic,Gaussian,0.94259,0.05228,000.00000000,000.00385070,000.00370598,000.11301839,000.29
Tournament (k=3),Arithmetic,Gaussian,0.76642,0.07415,000.00000763,000.00090041,000.00082970,000.00530249,000.30
Tournament (k=3),Arithmetic,Gaussian,0.57030,0.07415,000.00000000,000.00127835,000.00119019,000.01718793,000.23
Tournament (k=3),Arithmetic,Gaussian,0.70139,0.04390,000.00000000,000.00378995,000.00346184,000.02267289,000.27
Tournament (k=3),Arithmetic,Uniform,0.40000,0.10516,000.00000381,000.00570202,000.00524521,000.08737067,000.26
Tournament (k=3),Arithmetic,Gaussian,0.94259,0.17762,000.00007248,000.00098252,000.00089836,000.00582798,000.38
Tournament (k=3),Arithmetic,Uniform,0.43709,0.05705,000.00012970,000.03301296,000.02703094,000.14271121,000.25
Tournament (k=3),Arithmetic,Gaussian,0.97087,0.03095,000.00000000,000.03197436,000.03190613,000.32255274,000.27
Tournament (k=3),Arithmetic,Gaussian,0.68096,0.21153,000.00010681,000.00824633,000.00908470,000.02394233,000.31
Tournament (k=3),Arithmetic,Uniform,0.46371,0.05228,000.00007248,000.03924460,000.04124832,000.14844607,000.19
Tournament (k=3),Arithmetic,Gaussian,0.78941,0.04791,000.00000763,000.00410280,000.00459671,000.01151103,000.28
Tournament (k=3),Arithmetic,Gaussian,0.97087,0.08830,000.00000000,000.00180087,000.00136948,000.18345615,000.26
Tournament (k=3),Arithmetic,Uniform,0.45020,0.30000,000.09202194,000.85839081,001.15131187,000.68320543,000.33
Tournament (k=3),Arithmetic,Gaussian,0.52190,0.04023,000.00000000,000.00593658,000.00665092,000.05256857,000.20
Tournament (k=3),Arithmetic,Gaussian,0.83749,0.14915,000.00000000,000.00008435,000.00007629,000.00103065,000.30
Tournament (k=3),Arithmetic,Gaussian,0.53756,0.08092,000.00000000,000.00083156,000.00078201,000.00607874,000.30
Tournament (k=3),Arithmetic,Gaussian,0.86261,0.02599,000.00000000,000.01518312,000.02042389,000.18047392,000.23
Tournament (k=3),Arithmetic,Gaussian,0.74410,0.11476,000.00000000,000.00014963,000.00013733,000.00052033,000.33
Tournament (k=3),Arithmetic,Gaussian,0.91514,0.27490,000.00382233,000.10294213,000.11163521,000.29740298,000.34
Tournament (k=3),Arithmetic,Gaussian,0.76642,0.02382,000.00000381,000.01617017,000.01130676,000.08527710,000.25
Tournament (k=3),Arithmetic,Gaussian,0.57030,0.02183,000.00000000,000.02000780,000.01256561,000.14422637,000.24
Tournament (k=3),Arithmetic,Gaussian,0.66113,0.04390,000.00000000,000.00428610,000.00401497,000.03001232,000.27
Tournament (k=3),Arithmetic,Uniform,0.40000,0.27490,000.04099274,000.54709125,000.66101646,000.70019430,000.35
Tournament (k=3),Arithmetic,Gaussian,0.47762,0.21153,000.00004578,000.00647979,000.00769424,000.01971320,000.32
Tournament (k=3),Arithmetic,Uniform,0.40000,0.11476,000.00000763,000.00464401,000.00401115,000.01737523,000.27
Tournament (k=3),Arithmetic,Gaussian,0.72243,0.02183,000.00000381,000.02682958,000.02363396,000.20651683,000.25
Tournament (k=3),Arithmetic,Gaussian,0.53756,0.02599,000.00000763,000.01259384,000.01246452,000.14107364,000.19
Tournament (k=3),Arithmetic,Uniform,0.41200,0.16276,000.00002670,000.00204806,000.00202179,000.01298569,000.26
Tournament (k=3),Arithmetic,Uniform,0.43709,0.06226,000.00003052,000.02837834,000.02649498,000.12605292,000.32
Tournament (k=3),Arithmetic,Gaussian,0.78941,0.05228,000.00000000,000.00295396,000.00367165,000.01345925,000.29
Tournament (k=3),Arithmetic,Uniform,0.42436,0.03095,000.00001144,000.15185185,000.15974045,000.39183059,000.17
Tournament (k=3),Arithmetic,Gaussian,0.62318,0.16276,000.00000000,000.00016785,000.00013733,000.00256521,000.30
Tournament (k=3),Arithmetic,Gaussian,0.68096,0.02599,000.00000000,000.01335125,000.01250076,000.05554447,000.19
Tournament (k=3),Arithmetic,Gaussian,0.64187,0.19383,000.00003052,000.00203414,000.00213242,000.00600543,000.31
Tournament (k=3),Arithmetic,Gaussian,0.94259,0.19383,000.00020218,000.00456972,000.00517273,000.02468247,000.40
Tournament (k=3),Arithmetic,Gaussian,0.66113,0.11476,000.00000000,000.00020027,000.00019455,000.00102739,000.34
Tournament (k=3),Arithmetic,Gaussian,0.76642,0.23084,000.00089264,000.02285423,000.02486038,000.18972562,000.43
Tournament (k=3),Arithmetic,Gaussian,0.57030,0.02382,000.00000000,000.01686630,000.01538658,000.07783043,000.24
Tournament (k=3),Arithmetic,Uniform,0.47762,0.03095,000.00001144,000.10442762,000.10279083,000.38319677,000.18
Tournament (k=3),Arithmetic,Gaussian,0.91514,0.08092,000.00000381,000.00114574,000.00115967,000.17225038,000.31
Tournament (k=3),Arithmetic,Uniform,0.43709,0.17762,000.00003052,000.00699592,000.00634575,000.03037111,000.32
Tournament (k=3),Arithmetic,Gaussian,0.46371,0.03686,000.00000000,000.00647035,000.00555611,000.03331617,000.20
Tournament (k=3),Arithmetic,Uniform,0.46371,0.16276,000.00002289,000.00320053,000.00292778,000.09981657,000.31
Tournament (k=3),Arithmetic,Gaussian,1.00000,0.16276,000.00000000,000.00044570,000.00048065,000.00569568,000.36
Tournament (k=3),Arithmetic,Gaussian,0.60503,0.27490,000.00156403,000.07264724,000.08560562,000.16005331,000.34
Tournament (k=3),Arithmetic,Gaussian,0.46371,0.27490,000.00469971,000.06415210,000.07514191,000.21757664,000.42
Tournament (k=3),Arithmetic,Gaussian,0.47762,0.06795,000.00000000,000.00251269,000.00240707,000.01073307,000.22
Tournament (k=3),Arithmetic,Uniform,0.40000,0.30000,000.09774399,000.79268277,001.02129745,000.67177176,000.36
Tournament (k=3),Arithmetic,Gaussian,0.81310,0.08830,000.00000000,000.00061989,000.00052071,000.00337986,000.31
Tournament (k=3),Arithmetic,Gaussian,0.62318,0.05705,000.00000000,000.00244632,000.00279808,000.01613868,000.28
Tournament (k=3),Arithmetic,Gaussian,0.78941,0.16276,000.00000000,000.00018468,000.00015068,000.00090829,000.29
Tournament (k=3),Arithmetic,Uniform,0.47762,0.03378,000.00000000,000.11703386,000.12724495,000.35075644,000.19
Tournament (k=3),Arithmetic,Gaussian,0.68096,0.06795,000.00000763,000.00144348,000.00149727,000.00595369,000.24
Tournament (k=3),Arithmetic,Uniform,0.47762,0.09637,000.00000763,000.00734630,000.00780106,000.03131991,000.23
Tournament (k=3),Arithmetic,Gaussian,0.88849,0.14915,000.00000000,000.00011172,000.00012207,000.00529866,000.29
Tournament (k=3),Arithmetic,Uniform,0.45020,0.03378,000.00006104,000.08723793,000.07485008,000.31634155,000.21
Tournament (k=3),Arithmetic,Gaussian,0.97087,0.27490,000.00095367,000.09488650,000.08940315,000.41003165,000.43
Tournament (k=3),Arithmetic,Gaussian,0.45020,0.17762,000.00000763,000.00076785,000.00078583,000.00341453,000.37
Tournament (k=3),Arithmetic,Gaussian,0.58741,0.10516,000.00000000,000.00033259,000.00035667,000.00163723,000.26
Tournament (k=3),Arithmetic,Gaussian,0.64187,0.03095,000.00000763,000.01279287,000.01435471,000.04882491,000.26
Tournament (k=3),Arithmetic,Gaussian,0.62318,0.17762,000.00001526,000.00050435,000.00055313,000.00177773,000.41
Tournament (k=3),Arithmetic,Gaussian,0.52190,0.10516,000.00000763,000.00060611,000.00060463,000.00453241,000.26
Tournament (k=3),Arithmetic,Gaussian,0.83749,0.05228,000.00000000,000.00363197,000.00445938,000.01557085,000.29
Tournament (k=3),Arithmetic,Gaussian,0.74410,0.05228,000.00000000,000.00394001,000.00430679,000.01679358,000.28
Tournament (k=3),Arithmetic,Uniform,0.49195,0.05705,000.00000381,000.03454619,000.04723167,000.12807129,000.24
Tournament (k=3),Arithmetic,Uniform,0.41200,0.05705,000.00000381,000.03486290,000.03432655,000.14403723,000.19
Tournament (k=3),Arithmetic,Gaussian,0.86261,0.08830,000.00000000,000.00105557,000.00101280,000.10060524,000.32
Tournament (k=3),Arithmetic,Gaussian,0.72243,0.23084,000.00057220,000.02263880,000.02555656,000.05067196,000.42
Tournament (k=3),Arithmetic,Gaussian,0.55369,0.03378,000.00000000,000.00750384,000.00863838,000.04307519,000.26
Tournament (k=3),Arithmetic,Uniform,0.45020,0.09637,000.00000381,000.00552940,000.00527382,000.03433763,000.27
Tournament (k=3),Arithmetic,Uniform,0.47762,0.30000,000.01406097,000.89556789,001.13663101,000.82546890,000.35
Tournament (k=3),Arithmetic,Uniform,0.49195,0.17762,000.00022888,000.00790138,000.00900269,000.03434004,000.26
Tournament (k=3),Arithmetic,Gaussian,0.68096,0.07415,000.00000000,000.00109887,000.00102997,000.00586656,000.27
Tournament (k=3),Arithmetic,Gaussian,0.86261,0.25191,000.00422287,000.04949074,000.05519867,000.23017095,000.33
Tournament (k=3),Arithmetic,Gaussian,0.49195,0.11476,000.00000000,000.00029573,000.00033569,000.00140726,000.34
Tournament (k=3),Arithmetic,Gaussian,0.70139,0.14915,000.00000000,000.00006175,000.00005722,000.00036900,000.30
Tournament (k=3),Arithmetic,Gaussian,0.88849,0.08830,000.00000000,000.00066361,000.00063896,000.01949797,000.25
Tournament (k=3),Arithmetic,Uniform,0.50670,0.03378,000.00001907,000.10582423,000.12806702,000.28691620,000.21
Tournament (k=3),Arithmetic,Gaussian,0.58741,0.11476,000.00000000,000.00026999,000.00024605,000.00086344,000.31
Tournament (k=3),Arithmetic,Uniform,0.42436,0.10516,000.00000000,000.01100349,000.00804520,000.05662989,000.29
Tournament (k=3),Arithmetic,Gaussian,0.40000,0.16276,000.00000763,000.00021491,000.00022316,000.00096596,000.30
Tournament (k=3),Arithmetic,Uniform,0.41200,0.06226,000.00000000,000.03857946,000.03854752,000.14022076,000.24
Tournament (k=3),Arithmetic,Gaussian,0.52190,0.11476,000.00000000,000.00028558,000.00026512,000.00147031,000.34
Tournament (k=3),Arithmetic,Gaussian,0.45020,0.19383,000.00008392,000.00182486,000.00173759,000.00909592,000.40
Tournament (k=3),Arithmetic,Gaussian,0.57030,0.08092,000.00000000,000.00121102,000.00126839,000.00920177,000.24
Tournament (k=3),Arithmetic,Gaussian,0.94259,0.05705,000.00000000,000.00897531,000.00954628,000.22366929,000.29
Tournament (k=3),Arithmetic,Uniform,0.49195,0.06226,000.00000000,000.02095022,000.01846123,000.12329382,000.30
Tournament (k=3),Arithmetic,Gaussian,0.76642,0.08092,000.00000000,000.00077915,000.00070572,000.00837324,000.31
Tournament (k=3),Arithmetic,Uniform,0.46371,0.05705,000.00000763,000.03552675,000.03907394,000.18553606,000.20
Tournament (k=3),Arithmetic,Gaussian,0.70139,0.04791,000.00000000,000.00397344,000.00436974,000.01701175,000.25
Tournament (k=3),Arithmetic,Gaussian,0.91514,0.02599,000.00000000,000.01815696,000.01425552,000.32369497,000.26
Tournament (k=3),Arithmetic,Uniform,0.46371,0.02000,000.00067902,000.30769405,000.31724739,000.53475350,000.17
Tournament (k=3),Arithmetic,Gaussian,0.97087,0.30000,000.00392151,000.15981016,000.18556023,000.35038665,000.46
Tournament (k=3),Arithmetic,Gaussian,0.97087,0.03378,000.00000763,000.02283974,000.01852036,000.35284159,000.23
Tournament (k=3),Arithmetic,Gaussian,0.52190,0.04390,000.00000000,000.00490003,000.00506592,000.03213329,000.20
Tournament (k=3),Arithmetic,Uniform,0.40000,0.03378,000.00001144,000.13136300,000.13936996,000.39248326,000.21
Tournament (k=3),Arithmetic,Gaussian,0.68096,0.23084,000.00141144,000.01983886,000.02366066,000.05548556,000.32
Tournament (k=3),Arithmetic,Gaussian,0.86261,0.02837,000.00000000,000.01382523,000.01089096,000.04902024,000.20
Tournament (k=3),Arithmetic,Uniform,0.52190,0.02000,000.00000000,000.33852234,000.38632011,000.52481937,000.18
Tournament (k=3),Arithmetic,Gaussian,0.72243,0.25191,000.00328827,000.04272575,000.04909515,000.18618581,000.47
Tournament (k=3),Arithmetic,Gaussian,0.97087,0.09637,000.00000000,000.00063643,000.00053787,000.13648669,000.33
Tournament (k=3),Arithmetic,Uniform,0.52190,0.06226,000.00000000,000.02319479,000.01832008,000.09821572,000.20
Tournament (k=3),Arithmetic,Uniform,0.50670,0.10516,000.00000381,000.00621953,000.00593948,000.03062221,000.28
Tournament (k=3),Arithmetic,Gaussian,0.83749,0.16276,000.00000000,000.00021610,000.00023270,000.00578856,000.32
Tournament (k=3),Arithmetic,Uniform,0.49195,0.06795,000.00000381,000.01900535,000.01613617,000.13792625,000.25
Tournament (k=3),Arithmetic,Gaussian,0.72243,0.02382,000.00002670,000.01674390,000.01496124,000.11252777,000.25
Tournament (k=3),Arithmetic,Gaussian,0.66113,0.04791,000.00000000,000.00321779,000.00322723,000.01816685,000.27
Tournament (k=3),Arithmetic,Gaussian,1.00000,0.05705,000.00001144,000.00785322,000.00749588,000.36265576,000.29
Tournament (k=3),Arithmetic,Gaussian,1.00000,0.02000,000.00000000,000.08781252,000.06399155,000.49978641,000.24
Tournament (k=3),Arithmetic,Uniform,0.40000,0.12524,000.00000381,000.00533032,000.00508499,000.02496545,000.29
Tournament (k=3),Arithmetic,Uniform,0.41200,0.17762,000.00012207,000.00742097,000.00749207,000.03337202,000.26
Tournament (k=3),Arithmetic,Uniform,0.42436,0.03378,000.00001526,000.09791942,000.08851814,000.43869951,000.18
Tournament (k=3),Arithmetic,Gaussian,0.52190,0.12524,000.00000000,000.00019183,000.00018501,000.00154399,000.35
Tournament (k=3),Arithmetic,Uniform,0.43709,0.06795,000.00000381,000.02185135,000.01967049,000.10982603,000.25
Tournament (k=3),Arithmetic,Gaussian,0.60503,0.08092,000.00000000,000.00082960,000.00083733,000.00389454,000.30
Tournament (k=3),Arithmetic,Gaussian,0.78941,0.05705,000.00000000,000.00291653,000.00369453,000.01034257,000.26
Tournament (k=3),Arithmetic,Gaussian,0.68096,0.02837,000.00000763,000.01182141,000.01168251,000.03995992,000.19
Tournament (k=3),Arithmetic,Gaussian,0.64187,0.09637,000.00000000,000.00041900,000.00034142,000.00151145,000.25
Tournament (k=3),Arithmetic,Uniform,0.52190,0.06795,000.00001144,000.01940393,000.02088547,000.11015665,000.22
Tournament (k=3),Arithmetic,Uniform,0.53756,0.03686,000.00000000,000.08901224,000.06738472,000.34481966,000.19
Tournament (k=3),Arithmetic,Gaussian,0.64187,0.21153,000.00010300,000.00739589,000.00786591,000.02706156,000.31
Tournament (k=3),Arithmetic,Uniform,0.49195,0.07415,000.00000000,000.01367874,000.01554680,000.06627567,000.26
Tournament (k=3),Arithmetic,Uniform,0.42436,0.03686,000.00017548,000.06653495,000.08383751,000.22447427,000.19
Tournament (k=3),Arithmetic,Gaussian,0.76642,0.25191,000.00170898,000.04747786,000.05341911,000.19210458,000.32
Tournament (k=3),Arithmetic,Uniform,0.41200,0.02000,000.00000000,000.31138855,000.27324867,000.61452848,000.22
Tournament (k=3),Arithmetic,Gaussian,0.83749,0.17762,000.00001526,000.00089512,000.00096130,000.00417511,000.33
Tournament (k=3),Arithmetic,Uniform,0.47762,0.03686,000.00030136,000.06022930,000.05143356,000.30879664,000.18
Tournament (k=3),Arithmetic,Uniform,0.43709,0.07415,000.00000000,000.01715760,000.01447296,000.11693245,000.26
Tournament (k=3),Arithmetic,Gaussian,0.91514,0.08830,000.00000000,000.00076919,000.00060463,000.16314417,000.31
Tournament (k=3),Arithmetic,Gaussian,0.94259,0.21153,000.00078583,000.00962539,000.00949478,000.03322285,000.39
Tournament (k=3),Arithmetic,Uniform,0.52190,0.19383,000.00047302,000.03314443,000.03897858,000.18583287,000.32
Tournament (k=3),Arithmetic,Uniform,0.46371,0.17762,000.00003815,000.00665069,000.00811768,000.02632010,000.32
Tournament (k=3),Arithmetic,Uniform,0.40000,0.13667,000.00000763,000.00243134,000.00196075,000.01303359,000.32
Tournament (k=3),Arithmetic,Gaussian,0.78941,0.17762,000.00000763,000.00098276,000.00110435,000.00273866,000.29
Tournament (k=3),Arithmetic,Gaussian,0.72243,0.08830,000.00000000,000.00043406,000.00043488,000.00145316,000.31
Tournament (k=3),Arithmetic,Uniform,0.47762,0.10516,000.00000000,000.00563993,000.00618553,000.02193014,000.23
Tournament (k=3),Arithmetic,Gaussian,0.81310,0.09637,000.00000000,000.00033031,000.00034904,000.00926371,000.33
Tournament (k=3),Arithmetic,Gaussian,0.66113,0.05228,000.00000381,000.00366445,000.00414276,000.01977478,000.43
Tournament (k=3),Arithmetic,Uniform,0.45020,0.03686,000.00000763,000.09881087,000.10252571,000.33016118,000.23
Tournament (k=3),Arithmetic,Gaussian,0.88849,0.16276,000.00000763,000.00028276,000.00032997,000.00465924,000.29
Tournament (k=3),Arithmetic,Gaussian,0.46371,0.30000,000.00473022,000.11013780,000.11979485,000.25664124,000.43
Tournament (k=3),Arithmetic,Uniform,0.42436,0.04023,000.00000000,000.07096219,000.06873894,000.22941174,000.25
Tournament (k=3),Arithmetic,Uniform,0.49195,0.08092,000.00000000,000.01552582,000.01462364,000.05531077,000.27
Tournament (k=3),Arithmetic,Uniform,0.41200,0.02183,000.00008392,000.25416341,000.19890594,000.53931910,000.22
Tournament (k=3),Arithmetic,Uniform,0.53756,0.11476,000.00001526,000.00306630,000.00260544,000.01637984,000.24
Tournament (k=3),Arithmetic,Uniform,0.49195,0.02000,000.00001526,000.35792819,000.38483238,000.50803185,000.17
Tournament (k=3),Arithmetic,Gaussian,0.57030,0.21153,000.00025177,000.00501523,000.00608444,000.01205296,000.38
Tournament (k=3),Arithmetic,Gaussian,0.83749,0.05705,000.00000381,000.00334225,000.00324059,000.02874606,000.25
Tournament (k=3),Arithmetic,Gaussian,0.74410,0.05705,000.00000000,000.00232306,000.00236511,000.01112079,000.28
Tournament (k=3),Arithmetic,Uniform,0.42436,0.30000,000.02994919,000.85875094,001.13466835,000.68198413,000.28
Tournament (k=3),Arithmetic,Gaussian,0.55369,0.03686,000.00000000,000.00641398,000.00699615,000.02772993,000.26
Tournament (k=3),Arithmetic,Uniform,0.45020,0.10516,000.00000763,000.00535064,000.00626564,000.02008938,000.28
Tournament (k=3),Arithmetic,Gaussian,0.53756,0.21153,000.00002289,000.00471010,000.00486755,000.02041772,000.34
Tournament (k=3),Arithmetic,Gaussian,0.86261,0.09637,000.00000000,000.00047846,000.00041008,000.00408289,000.32
Tournament (k=3),Arithmetic,Uniform,0.49195,0.19383,000.00021744,000.02514982,000.02870560,000.15384401,000.27
Tournament (k=3),Arithmetic,Gaussian,0.81310,0.27490,000.00806427,000.08750276,000.08505440,000.35124514,000.34
Tournament (k=3),Arithmetic,Uniform,0.55369,0.02183,000.00000000,000.27664647,000.27425003,000.53066510,000.17
Tournament (k=3),Arithmetic,Gaussian,0.76642,0.27490,000.00408173,000.07900810,000.09804535,000.23159613,000.47
Tournament (k=3),Arithmetic,Uniform,0.50670,0.03686,000.00001144,000.07121249,000.06538200,000.26741317,000.24
Tournament (k=3),Arithmetic,Uniform,0.41200,0.06795,000.00000000,000.01584144,000.01611710,000.20419046,000.20
Tournament (k=3),Arithmetic,Uniform,0.49195,0.08830,000.00001907,000.00782609,000.00825310,000.04291661,000.28
Tournament (k=3),Arithmetic,Gaussian,0.58741,0.12524,000.00000000,000.00021315,000.00022316,000.00115359,000.27
Tournament (k=3),Arithmetic,Gaussian,0.86261,0.27490,000.00524521,000.07434616,000.07839775,000.24910757,000.34
Tournament (k=3),Arithmetic,Uniform,0.42436,0.11476,000.00000000,000.00514956,000.00477982,000.03370180,000.28
Tournament (k=3),Arithmetic,Gaussian,0.49195,0.12524,000.00000000,000.00031137,000.00031471,000.00189097,000.35
Tournament (k=3),Arithmetic,Uniform,0.46371,0.02183,000.00000000,000.35281166,000.43396950,000.50244689,000.17
Tournament (k=3),Arithmetic,Gaussian,0.70139,0.16276,000.00000000,000.00016313,000.00014305,000.00105136,000.37
Tournament (k=3),Arithmetic,Uniform,0.46371,0.06226,000.00000000,000.02696152,000.02322006,000.17618600,000.21
Tournament (k=3),Arithmetic,Gaussian,0.57030,0.08830,000.00000000,000.00055485,000.00052834,000.00534474,000.25
Tournament (k=3),Arithmetic,Gaussian,0.81310,0.10516,000.00000000,000.00023355,000.00020599,000.00172106,000.44
Tournament (k=3),Arithmetic,Gaussian,0.76642,0.02599,000.00000000,000.01265602,000.01173210,000.17583069,000.25
Tournament (k=3),Arithmetic,Uniform,0.55369,0.02382,000.00000000,000.28947410,000.28300476,000.47098157,000.18
Tournament (k=3),Arithmetic,Gaussian,0.94259,0.06226,000.00000000,000.00322418,000.00294495,000.29836294,000.29
Tournament (k=3),Arithmetic,Gaussian,0.91514,0.02837,000.00001144,000.01788759,000.02022362,000.17136621,000.26
Tournament (k=3),Arithmetic,Gaussian,0.70139,0.05228,000.00000381,000.00381784,000.00415993,000.01090204,000.27
Tournament (k=3),Arithmetic,Gaussian,0.74410,0.12524,000.00000000,000.00009599,000.00006866,000.00057829,000.34
Tournament (k=3),Arithmetic,Gaussian,0.76642,0.08830,000.00000000,000.00060496,000.00061035,000.00234153,000.30
Tournament (k=3),Arithmetic,Gaussian,0.91514,0.30000,000.00075912,000.17922124,000.20519066,000.36982888,000.35
Tournament (k=3),Arithmetic,Uniform,0.41200,0.07415,000.00000381,000.01653962,000.01747131,000.07617391,000.21
Tournament (k=3),Arithmetic,Uniform,0.50670,0.04023,000.00001526,000.05948343,000.05019379,000.25187218,000.24
Tournament (k=3),Arithmetic,Gaussian,0.97087,0.03686,000.00008011,000.01394701,000.01123238,000.31700516,000.26
Tournament (k=3),Arithmetic,Uniform,0.40000,0.03686,000.00000763,000.11053028,000.11068916,000.32990324,000.18
Tournament (k=3),Arithmetic,Gaussian,0.86261,0.03095,000.00002289,000.01290345,000.01329613,000.13389422,000.19
Tournament (k=3),Arithmetic,Uniform,0.52190,0.02183,000.00000000,000.29053372,000.26774979,000.48693612,000.23
Tournament (k=3),Arithmetic,Uniform,0.46371,0.06795,000.00009537,000.02430105,000.02804565,000.11438218,000.22
Tournament (k=3),Arithmetic,Uniform,0.55369,0.06795,000.00000000,000.02191615,000.02199554,000.09130857,000.23
Tournament (k=3),Arithmetic,Gaussian,0.68096,0.25191,000.00309753,000.04913888,000.05305099,000.18016922,000.32
Tournament (k=3),Arithmetic,Gaussian,0.57030,0.02599,000.00000000,000.00956182,000.01057243,000.02849370,000.24
Tournament (k=3),Arithmetic,Gaussian,0.72243,0.02599,000.00000000,000.01582823,000.01783371,000.03791693,000.25
Tournament (k=3),Arithmetic,Uniform,0.40000,0.04023,000.00018311,000.06667695,000.06944275,000.28212094,000.18
Tournament (k=3),Arithmetic,Gaussian,0.72243,0.27490,000.00125885,000.08123980,000.09136391,000.23578076,000.33
Tournament (k=3),Arithmetic,Gaussian,1.00000,0.02183,000.00000763,000.07143803,000.05561256,000.46945047,000.25
Tournament (k=3),Arithmetic,Gaussian,0.68096,0.03095,000.00000000,000.00906749,000.00804901,000.04364929,000.19
Tournament (k=3),Arithmetic,Gaussian,0.81310,0.11476,000.00000000,000.00017262,000.00014877,000.00281952,000.33
Tournament (k=3),Arithmetic,Gaussian,0.66113,0.12524,000.00000000,000.00018969,000.00016785,000.00098639,000.34
Tournament (k=3),Arithmetic,Gaussian,1.00000,0.17762,000.00003815,000.00141778,000.00141716,000.00503866,000.29
Tournament (k=3),Arithmetic,Gaussian,0.94259,0.02000,000.00002670,000.04947448,000.04397202,000.40971291,000.30
Tournament (k=3),Arithmetic,Gaussian,0.52190,0.13667,000.00000000,000.00020804,000.00023460,000.00095292,000.28
Tournament (k=3),Arithmetic,Uniform,0.53756,0.04023,000.00000000,000.06473146,000.06752777,000.24028836,000.19
Tournament (k=3),Arithmetic,Gaussian,0.91514,0.03095,000.00004578,000.02029009,000.02108765,000.19496210,000.36
Tournament (k=3),Arithmetic,Gaussian,0.78941,0.06226,000.00000000,000.00203023,000.00232315,000.00653303,000.29
Tournament (k=3),Arithmetic,Gaussian,0.97087,0.04023,000.00012207,000.01586342,000.01929855,000.30623531,000.30
Tournament (k=3),Arithmetic,Uniform,0.47762,0.04023,000.00000000,000.05809855,000.06865692,000.23545589,000.18
Tournament (k=3),Arithmetic,Gaussian,0.70139,0.05705,000.00000000,000.00211444,000.00175858,000.01079526,000.38
Tournament (k=3),Arithmetic,Gaussian,0.60503,0.30000,000.01447296,000.13094063,000.15114403,000.31162691,000.34
Tournament (k=3),Arithmetic,Uniform,0.52190,0.07415,000.00000381,000.01381483,000.01161575,000.12716727,000.26
Tournament (k=3),Arithmetic,Gaussian,0.57030,0.02837,000.00000000,000.01131005,000.01186752,000.14542682,000.24
Tournament (k=3),Arithmetic,Gaussian,0.64187,0.10516,000.00000000,000.00017066,000.00019836,000.00391486,000.33
Tournament (k=3),Arithmetic,Gaussian,0.64187,0.03378,000.00000000,000.00738649,000.00876617,000.03104227,000.27
Tournament (k=3),Arithmetic,Gaussian,0.91514,0.09637,000.00000000,000.00049906,000.00048637,000.10000470,000.28
Tournament (k=3),Arithmetic,Uniform,0.53756,0.04390,000.00000000,000.04891696,000.04925156,000.16335462,000.20
Tournament (k=3),Arithmetic,Gaussian,0.64187,0.23084,000.00093460,000.01677275,000.01844788,000.03803073,000.37
Tournament (k=3),Arithmetic,Uniform,0.52190,0.21153,000.00241089,000.07373194,000.07296944,000.33503285,000.33
Tournament (k=3),Arithmetic,Uniform,0.47762,0.11476,000.00000000,000.00350327,000.00262451,000.01972700,000.24
Tournament (k=3),Arithmetic,Uniform,0.40000,0.14915,000.00001526,000.00260901,000.00283813,000.00885844,000.30
Tournament (k=3),Arithmetic,Gaussian,0.91514,0.03378,000.00000381,000.01193433,000.01305580,000.23970670,000.26
Tournament (k=3),Arithmetic,Uniform,0.45020,0.04023,000.00000000,000.07574911,000.07476234,000.31346950,000.24
Tournament (k=3),Arithmetic,Gaussian,0.83749,0.19383,000.00001144,000.00243835,000.00221252,000.01409164,000.43
Tournament (k=3),Arithmetic,Gaussian,0.78941,0.19383,000.00004196,000.00259981,000.00277328,000.00736566,000.31
Tournament (k=3),Arithmetic,Uniform,0.42436,0.04390,000.00000000,000.05405345,000.04897881,000.27416521,000.18
Tournament (k=3),Arithmetic,Gaussian,0.66113,0.05705,000.00000000,000.00193844,000.00214195,000.01456391,000.28
Tournament (k=3),Arithmetic,Gaussian,0.94259,0.23084,000.00028610,000.02258415,000.02304840,000.15563333,000.41
Tournament (k=3),Arithmetic,Gaussian,0.72243,0.09637,000.00000000,000.00033684,000.00027847,000.00324824,000.32
Tournament (k=3),Arithmetic,Uniform,0.41200,0.02382,000.00138855,000.27798557,000.28442764,000.54836088,000.22
Tournament (k=3),Arithmetic,Gaussian,0.88849,0.09637,000.00000000,000.00037632,000.00027847,000.12733378,000.24
Tournament (k=3),Arithmetic,Gaussian,0.88849,0.17762,000.00003433,000.00095634,000.00101280,000.00315233,000.33
Tournament (k=3),Arithmetic,Uniform,0.49195,0.02183,000.00000000,000.22435012,000.19696999,000.58152986,000.17
Tournament (k=3),Arithmetic,Gaussian,0.72243,0.30000,000.00802231,000.12263694,000.14024925,000.26878092,000.46
Tournament (k=3),Arithmetic,Uniform,0.43709,0.02000,000.00000381,000.41229993,000.36565208,000.56090033,000.16
Tournament (k=3),Arithmetic,Uniform,0.53756,0.12524,000.00000381,000.00257077,000.00236511,000.01083317,000.27
Tournament (k=3),Arithmetic,Gaussian,0.55369,0.04023,000.00000000,000.00610933,000.00509644,000.04117091,000.23
Tournament (k=3),Arithmetic,Gaussian,0.74410,0.06226,000.00001526,000.00165243,000.00166130,000.00400055,000.23
Tournament (k=3),Arithmetic,Uniform,0.45020,0.11476,000.00000000,000.00447998,000.00390244,000.02269899,000.26
Tournament (k=3),Arithmetic,Gaussian,0.83749,0.06226,000.00000000,000.00215187,000.00209999,000.00711212,000.29
Tournament (k=3),Arithmetic,Uniform,0.52190,0.08092,000.00000381,000.01018114,000.00992203,000.02767736,000.48
Tournament (k=3),Arithmetic,Uniform,0.46371,0.02382,000.00135803,000.26731434,000.26008797,000.47283691,000.17
Tournament (k=3),Arithmetic,Uniform,0.57030,0.04023,000.00000000,000.04997449,000.03877831,000.23045272,000.24
Tournament (k=3),Arithmetic,Uniform,0.57030,0.12524,000.00000000,000.00146036,000.00129509,000.00889553,000.24
Tournament (k=3),Arithmetic,Gaussian,0.86261,0.10516,000.00000000,000.00039625,000.00028801,000.01781342,000.32
Tournament (k=3),Arithmetic,Gaussian,0.53756,0.23084,000.00042725,000.01900544,000.02121735,000.11197299,000.38
Tournament (k=3),Arithmetic,Uniform,0.55369,0.21153,000.00065613,000.08516607,000.09884262,000.34229085,000.57
Tournament (k=3),Arithmetic,Uniform,0.58741,0.02382,000.00002670,000.13342838,000.16073036,000.46900746,000.23
Tournament (k=3),Arithmetic,Uniform,0.50670,0.11476,000.00002289,000.00450182,000.00385857,000.01914928,000.24
Tournament (k=3),Arithmetic,Uniform,0.49195,0.09637,000.00000000,000.00639424,000.00494766,000.05448988,000.27
Tournament (k=3),Arithmetic,Uniform,0.55369,0.02599,000.00029373,000.27104411,000.32984734,000.48646778,000.18
Tournament (k=3),Arithmetic,Gaussian,0.57030,0.23084,000.00265503,000.02334728,000.02498055,000.03939201,000.44
Tournament (k=3),Arithmetic,Uniform,0.42436,0.12524,000.00000000,000.00366535,000.00370407,000.01877410,000.30
Tournament (k=3),Arithmetic,Gaussian,0.88849,0.19383,000.00015259,000.00341668,000.00377274,000.01204701,000.32
Tournament (k=3),Arithmetic,Gaussian,0.78941,0.21153,000.00010681,000.00969725,000.00905228,000.13866438,000.41
Tournament (k=3),Arithmetic,Gaussian,0.97087,0.10516,000.00000000,000.00101705,000.00038910,000.39262950,000.33
Tournament (k=3),Arithmetic,Gaussian,0.86261,0.30000,000.00262451,000.17475720,000.17634583,000.45345876,000.35
Tournament (k=3),Arithmetic,Uniform,0.53756,0.13667,000.00000000,000.00126948,000.00109482,000.00482628,000.28
Tournament (k=3),Arithmetic,Gaussian,0.70139,0.17762,000.00000763,000.00057049,000.00069046,000.00349594,000.37
Tournament (k=3),Arithmetic,Gaussian,0.94259,0.06795,000.00000000,000.00293050,000.00240707,000.28976828,000.30
Tournament (k=3),Arithmetic,Gaussian,0.76642,0.30000,000.00707626,000.14803295,000.15643311,000.33960775,000.46
Tournament (k=3),Arithmetic,Uniform,0.41200,0.08092,000.00000763,000.01185446,000.01470375,000.04357271,000.22
Tournament (k=3),Arithmetic,Gaussian,0.81310,0.02599,000.00000000,000.01866036,000.01786423,000.08097816,000.20
Tournament (k=3),Arithmetic,Gaussian,0.74410,0.13667,000.00000000,000.00005622,000.00003815,000.00117627,000.28
Tournament (k=3),Arithmetic,Uniform,0.50670,0.04390,000.00000000,000.05361271,000.04487228,000.26098797,000.24
Tournament (k=3),Arithmetic,Uniform,0.41200,0.19383,000.00059891,000.02023239,000.02154541,000.06237955,000.27
Tournament (k=3),Arithmetic,Gaussian,0.94259,0.25191,000.00569916,000.05877190,000.06586456,000.27682635,000.58
Tournament (k=3),Arithmetic,Gaussian,0.83749,0.06795,000.00000000,000.00230961,000.00230980,000.00659688,000.33
Tournament (k=3),Arithmetic,Gaussian,0.86261,0.03378,000.00000000,000.01382785,000.01124954,000.11738259,000.21
Tournament (k=3),Arithmetic,Uniform,0.46371,0.07415,000.00000381,000.01265388,000.01071167,000.09262434,000.21
Tournament (k=3),Arithmetic,Uniform,0.43709,0.19383,000.00107574,000.03137879,000.03684616,000.10723387,000.32
Tournament (k=3),Arithmetic,Uniform,0.55369,0.07415,000.00000000,000.01260390,000.01286888,000.05548605,000.21
Tournament (k=3),Arithmetic,Uniform,0.52190,0.02382,000.00004578,000.24262556,000.23405838,000.48617461,000.23
Tournament (k=3),Arithmetic,Gaussian,0.76642,0.09637,000.00000000,000.00036159,000.00028610,000.00288422,000.32
Tournament (k=3),Arithmetic,Gaussian,0.60503,0.08830,000.00000000,000.00081186,000.00097275,000.00378779,000.31
Tournament (k=3),Arithmetic,Gaussian,0.72243,0.02837,000.00000763,000.01433496,000.01569748,000.11824127,000.25
Tournament (k=3),Arithmetic,Uniform,0.40000,0.04390,000.00009918,000.09487758,000.09924889,000.27057967,000.23
Tournament (k=3),Arithmetic,Gaussian,0.68096,0.27490,000.00350189,000.08019567,000.09174919,000.20490475,000.34
Tournament (k=3),Arithmetic,Gaussian,0.78941,0.02000,000.00000000,000.02381754,000.02282143,000.26196632,000.24
Tournament (k=3),Arithmetic,Uniform,0.41200,0.08830,000.00003052,000.01068583,000.00951385,000.10821721,000.23
Tournament (k=3),Arithmetic,Gaussian,1.00000,0.02382,000.00001526,000.08045717,000.05613708,000.44251546,000.25
Tournament (k=3),Arithmetic,Gaussian,0.97087,0.11476,000.00000000,000.00019059,000.00012779,000.19810084,000.34
Tournament (k=3),Arithmetic,Gaussian,0.86261,0.03686,000.00000000,000.00630050,000.00619125,000.02342612,000.20
Tournament (k=3),Arithmetic,Uniform,0.47762,0.04390,000.00001144,000.06381893,000.06688118,000.22644822,000.19
Tournament (k=3),Arithmetic,Gaussian,0.97087,0.04390,000.00001144,000.01285458,000.01200485,000.27917567,000.21
Tournament (k=3),Arithmetic,Gaussian,0.81310,0.12524,000.00000000,000.00006785,000.00006104,000.05531950,000.28
Tournament (k=3),Arithmetic,Uniform,0.50670,0.04791,000.00002289,000.05137887,000.06214905,000.22288708,000.27
Tournament (k=3),Arithmetic,Gaussian,0.47762,0.02000,000.00000000,000.02666836,000.02684402,000.20186321,000.23
Tournament (k=3),Arithmetic,Gaussian,0.70139,0.06226,000.00000000,000.00230689,000.00181198,000.01118811,000.25
Tournament (k=3),Arithmetic,Gaussian,0.74410,0.14915,000.00000000,000.00008974,000.00006104,000.00060804,000.32
Tournament (k=3),Arithmetic,Gaussian,0.78941,0.06795,000.00000000,000.00202279,000.00177383,000.00758529,000.30
Tournament (k=3),Arithmetic,Gaussian,0.68096,0.08092,000.00000000,000.00061412,000.00057030,000.00410016,000.30
Tournament (k=3),Arithmetic,Uniform,0.58741,0.07415,000.00000381,000.01035409,000.01024055,000.05768684,000.27
Tournament (k=3),Arithmetic,Uniform,0.53756,0.04791,000.00000000,000.03057113,000.03243065,000.16760407,000.19
Tournament (k=3),Arithmetic,Gaussian,1.00000,0.19383,000.00008392,000.00330887,000.00372505,000.01226061,000.37
Tournament (k=3),Arithmetic,Uniform,0.60503,0.04390,000.00000000,000.04026675,000.04578400,000.14560975,000.25
Tournament (k=3),Arithmetic,Uniform,0.58741,0.23084,000.01215744,000.24283114,000.23499680,000.42196476,000.28
Tournament (k=3),Arithmetic,Uniform,0.47762,0.04791,000.00000000,000.05054736,000.04724884,000.24569975,000.21
Tournament (k=3),Arithmetic,Uniform,0.47762,0.12524,000.00000000,000.00276432,000.00251389,000.03203342,000.25
Tournament (k=3),Arithmetic,Gaussian,0.91514,0.10516,000.00000000,000.00034499,000.00027084,000.01780753,000.34
Tournament (k=3),Arithmetic,Uniform,0.52190,0.23084,000.00162506,000.20195207,000.18168640,000.45754695,000.30
Tournament (k=3),Arithmetic,Gaussian,0.94259,0.27490,000.00162506,000.12159548,000.13929749,000.29937178,000.52
Tournament (k=3),Arithmetic,Uniform,0.40000,0.16276,000.00003433,000.00357938,000.00358582,000.01806463,000.32
Tournament (k=3),Arithmetic,Gaussian,0.97087,0.04791,000.00000000,000.01215482,000.01005554,000.36538056,000.31
Tournament (k=3),Arithmetic,Uniform,0.45020,0.04390,000.00000000,000.04749436,000.04040146,000.25242174,000.25
Tournament (k=3),Arithmetic,Gaussian,0.66113,0.06226,000.00000000,000.00187154,000.00219727,000.02064754,000.24
Tournament (k=3),Arithmetic,Uniform,0.41200,0.02599,000.00000000,000.13100047,000.12923622,000.42370707,000.23
Tournament (k=3),Arithmetic,Uniform,0.42436,0.04791,000.00000381,000.04842434,000.04347420,000.23929760,000.25
Tournament (k=3),Arithmetic,Uniform,0.49195,0.02382,000.00152969,000.26263529,000.26217842,000.44958904,000.18
Tournament (k=3),Arithmetic,Gaussian,0.64187,0.25191,000.00128937,000.04620352,000.04672432,000.14941761,000.42
Tournament (k=3),Arithmetic,Uniform,0.49195,0.21153,000.00028229,000.09130015,000.09852982,000.29361016,000.28
Tournament (k=3),Arithmetic,Uniform,0.60503,0.13667,000.00000000,000.00109997,000.00073051,000.02044094,000.27
Tournament (k=3),Arithmetic,Uniform,0.43709,0.02183,000.00000000,000.22046646,000.19083786,000.49786696,000.17
Tournament (k=3),Arithmetic,Gaussian,0.81310,0.13667,000.00000000,000.00005918,000.00005531,000.00152477,000.36
Tournament (k=3),Arithmetic,Gaussian,0.81310,0.30000,000.00639343,000.17274618,000.19601440,000.34197739,000.36
Tournament (k=3),Arithmetic,Gaussian,0.74410,0.02000,000.00001526,000.03045383,000.02900887,000.18160570,000.26
Tournament (k=3),Arithmetic,Gaussian,0.83749,0.21153,000.00032806,000.00930023,000.01001549,000.07145920,000.39
Tournament (k=3),Arithmetic,Gaussian,0.72243,0.10516,000.00000000,000.00023608,000.00021362,000.00104179,000.36
Tournament (k=3),Arithmetic,Uniform,0.58741,0.25191,000.01287079,000.32034492,000.30954742,000.53110152,000.33
Tournament (k=3),Arithmetic,Uniform,0.46371,0.02599,000.00000000,000.19693799,000.20319748,000.43774697,000.18
Tournament (k=3),Arithmetic,Uniform,0.57030,0.04390,000.00000000,000.04959850,000.04826355,000.21852694,000.19
Tournament (k=3),Arithmetic,Gaussian,0.76642,0.02837,000.00000381,000.01107473,000.01119041,000.11123449,000.26
Tournament (k=3),Arithmetic,Uniform,0.42436,0.05228,000.00000000,000.04875326,000.04897499,000.20712726,000.20
Tournament (k=3),Arithmetic,Gaussian,0.55369,0.04390,000.00000000,000.00460734,000.00456047,000.01827230,000.27
Tournament (k=3),Arithmetic,Uniform,0.52190,0.08830,000.00000000,000.00739946,000.00765610,000.04814109,000.28
Tournament (k=3),Arithmetic,Gaussian,0.74410,0.06795,000.00000000,000.00181794,000.00189018,000.00576788,000.30
Tournament (k=3),Arithmetic,Gaussian,1.00000,0.06226,000.00000000,000.00832691,000.00583458,000.44583780,000.30
Tournament (k=3),Arithmetic,Uniform,0.55369,0.02837,000.00000000,000.16255626,000.15092087,000.42123479,000.18
Tournament (k=3),Arithmetic,Uniform,0.40000,0.17762,000.00007629,000.00642600,000.00679207,000.04625749,000.32
Tournament (k=3),Arithmetic,Uniform,0.58741,0.02599,000.00000763,000.21452518,000.23623466,000.44276315,000.24
Tournament (k=3),Arithmetic,Uniform,0.49195,0.23084,000.00783539,000.17302060,000.19603539,000.45360655,000.29
Tournament (k=3),Arithmetic,Gaussian,0.83749,0.02000,000.00000000,000.03486309,000.03597260,000.16591783,000.21
Tournament (k=3),Arithmetic,Gaussian,0.53756,0.25191,000.00050354,000.03575749,000.03544998,000.12812066,000.33
Tournament (k=3),Arithmetic,Gaussian,0.86261,0.11476,000.00000000,000.00016947,000.00012398,000.00276934,000.34
Tournament (k=3),Arithmetic,Uniform,0.50670,0.12524,000.00000381,000.00152116,000.00160027,000.02207189,000.30
Tournament (k=3),Arithmetic,Gaussian,0.74410,0.02183,000.00000000,000.01777811,000.01668167,000.23567113,000.25
Tournament (k=3),Arithmetic,Uniform,0.49195,0.10516,000.00000000,000.00610671,000.00728798,000.02822096,000.28
Tournament (k=3),Arithmetic,Gaussian,0.88849,0.02000,000.00000000,000.03109846,000.03960037,000.26111668,000.19
Tournament (k=3),Arithmetic,Uniform,0.43709,0.08092,000.00003052,000.01211548,000.01243591,000.12279998,000.27
Tournament (k=3),Arithmetic,Uniform,0.53756,0.14915,000.00001144,000.00205073,000.00194931,000.01291076,000.26
Tournament (k=3),Arithmetic,Gaussian,0.68096,0.03378,000.00000000,000.00854106,000.00863075,000.10145920,000.20
Tournament (k=3),Arithmetic,Gaussian,0.81310,0.02837,000.00000000,000.01313691,000.01222992,000.12676771,000.20
Tournament (k=3),Arithmetic,Gaussian,0.78941,0.23084,000.00008392,000.01906328,000.02213287,000.04641036,000.32
Tournament (k=3),Arithmetic,Gaussian,0.88849,0.21153,000.00032806,000.01274204,000.01232147,000.10146302,000.34
Tournament (k=3),Arithmetic,Gaussian,0.83749,0.23084,000.00107574,000.02394991,000.02657509,000.12540194,000.40
Tournament (k=3),Arithmetic,Uniform,0.62318,0.02599,000.00000000,000.14472327,000.15345764,000.38653570,000.18
Tournament (k=3),Arithmetic,Gaussian,0.94259,0.07415,000.00000381,000.00278668,000.00206184,000.34012866,000.30
Tournament (k=3),Arithmetic,Uniform,0.41200,0.21153,000.00119019,000.06243472,000.07645226,000.18368982,000.27
Tournament (k=3),Arithmetic,Gaussian,0.88849,0.02183,000.00008392,000.02619762,000.02218437,000.26711416,000.19
Tournament (k=3),Arithmetic,Uniform,0.46371,0.19383,000.00032425,000.02992115,000.02892303,000.16347480,000.33
Tournament (k=3),Arithmetic,Gaussian,0.70139,0.19383,000.00001144,000.00218382,000.00253868,000.00624209,000.39
Tournament (k=3),Arithmetic,Gaussian,0.83749,0.07415,000.00000000,000.00124297,000.00129509,000.00950493,000.30
Tournament (k=3),Arithmetic,Gaussian,0.66113,0.13667,000.00000000,000.00008540,000.00009155,000.00089556,000.36
Tournament (k=3),Arithmetic,Uniform,0.49195,0.11476,000.00001907,000.00354304,000.00395584,000.01799959,000.27
Tournament (k=3),Arithmetic,Gaussian,0.68096,0.03686,000.00000000,000.00619764,000.00606918,000.02981089,000.20
Tournament (k=3),Arithmetic,Gaussian,0.81310,0.03095,000.00000000,000.01235700,000.01029587,000.06768374,000.20
Tournament (k=3),Arithmetic,Uniform,0.49195,0.25191,000.01532745,000.45566702,000.50988007,000.57143927,000.36
Tournament (k=3),Arithmetic,Uniform,0.43709,0.21153,000.00199127,000.06360926,000.07812691,000.25090155,000.33
Tournament (k=3),Arithmetic,Uniform,0.50670,0.13667,000.00000000,000.00170965,000.00174904,000.00586479,000.32
Tournament (k=3),Arithmetic,Uniform,0.43709,0.08830,000.00000000,000.01237874,000.01290703,000.03957381,000.26
Tournament (k=3),Arithmetic,Gaussian,0.60503,0.09637,000.00000000,000.00049205,000.00047112,000.00232555,000.25
Tournament (k=3),Arithmetic,Gaussian,0.86261,0.12524,000.00000000,000.00006003,000.00003052,000.02369373,000.41
Tournament (k=3),Arithmetic,Uniform,0.40000,0.04791,000.00000000,000.05094533,000.05553818,000.18781084,000.24
Tournament (k=3),Arithmetic,Gaussian,0.72243,0.03095,000.00000000,000.01039119,000.01027107,000.03184417,000.26
Tournament (k=3),Arithmetic,Uniform,0.41200,0.09637,000.00002289,000.00717449,000.00727463,000.02625268,000.22
Tournament (k=3),Arithmetic,Gaussian,0.86261,0.04023,000.00000763,000.00489426,000.00528908,000.02426638,000.20
Tournament (k=3),Arithmetic,Gaussian,0.78941,0.02183,000.00004578,000.02587094,000.02309418,000.21283682,000.26
Tournament (k=3),Arithmetic,Gaussian,0.78941,0.25191,000.00451279,000.05894957,000.05918884,000.21786574,000.35
Tournament (k=3),Arithmetic,Gaussian,1.00000,0.02599,000.00000000,000.05068722,000.04150963,000.47201517,000.26
Tournament (k=3),Arithmetic,Gaussian,0.47762,0.02183,000.00000763,000.01632800,000.01550484,000.18420698,000.23
Tournament (k=3),Arithmetic,Uniform,0.50670,0.05228,000.00017929,000.03939610,000.04037094,000.15724328,000.25
Tournament (k=3),Arithmetic,Gaussian,0.97087,0.12524,000.00000000,000.00013676,000.00006104,000.03316669,000.29
Tournament (k=3),Arithmetic,Uniform,0.53756,0.05228,000.00000000,000.03448701,000.03090858,000.20534711,000.19
Tournament (k=3),Arithmetic,Gaussian,0.91514,0.03686,000.00003815,000.01160669,000.01182938,000.11333822,000.26
Tournament (k=3),Arithmetic,Gaussian,0.68096,0.30000,000.01166534,000.14244060,000.13946533,000.41146177,000.43
Tournament (k=3),Arithmetic,Uniform,0.49195,0.12524,000.00000381,000.00172663,000.00202560,000.01006186,000.30
Tournament (k=3),Arithmetic,Gaussian,0.74410,0.16276,000.00000000,000.00014386,000.00012207,000.00153846,000.29
Tournament (k=3),Arithmetic,Gaussian,0.78941,0.07415,000.00000000,000.00111589,000.00109100,000.00503893,000.30
Tournament (k=3),Arithmetic,Gaussian,0.68096,0.08830,000.00000000,000.00061131,000.00052071,000.00339364,000.30
Tournament (k=3),Arithmetic,Gaussian,0.72243,0.03378,000.00000381,000.00768023,000.00860977,000.05156759,000.22
Tournament (k=3),Arithmetic,Uniform,0.60503,0.04791,000.00000000,000.03690886,000.04019737,000.19582210,000.25
Tournament (k=3),Arithmetic,Gaussian,1.00000,0.21153,000.00143051,000.01266747,000.01543427,000.10257976,000.30
Tournament (k=3),Arithmetic,Uniform,0.41200,0.10516,000.00000000,000.00535073,000.00596046,000.02165303,000.23
Tournament (k=3),Arithmetic,Gaussian,0.58741,0.13667,000.00000000,000.00008984,000.00006866,000.00082332,000.28
Tournament (k=3),Arithmetic,Uniform,0.50670,0.14915,000.00001526,000.00153317,000.00172424,000.01459882,000.37
Tournament (k=3),Arithmetic,Uniform,0.41200,0.02837,000.00008774,000.14122686,000.15739059,000.39319602,000.18
Tournament (k=3),Arithmetic,Uniform,0.53756,0.05705,000.00000000,000.03463078,000.03585243,000.19777209,000.20
Tournament (k=3),Arithmetic,Uniform,0.45020,0.04791,000.00004196,000.04422731,000.04916382,000.21107559,000.24
Tournament (k=3),Arithmetic,Uniform,0.62318,0.08092,000.00000000,000.00802321,000.00736618,000.12498508,000.26
Tournament (k=3),Arithmetic,Gaussian,0.91514,0.11476,000.00000000,000.00020819,000.00013351,000.01245337,000.34
Tournament (k=3),Arithmetic,Uniform,0.49195,0.02599,000.00000000,000.17543416,000.16408348,000.48017448,000.18
Tournament (k=3),Arithmetic,Gaussian,1.00000,0.02837,000.00000000,000.08429579,000.05387306,000.42791656,000.32
Tournament (k=3),Arithmetic,Uniform,0.52190,0.25191,000.02741241,000.48886013,000.44766426,000.57697147,000.34
Tournament (k=3),Arithmetic,Gaussian,0.97087,0.05228,000.00007248,000.00764890,000.00853157,000.19204037,000.28
Tournament (k=3),Arithmetic,Uniform,0.62318,0.25191,000.04357147,000.57976985,000.65742111,000.69345134,000.31
Tournament (k=3),Arithmetic,Uniform,0.57030,0.13667,000.00000381,000.00102711,000.00104713,000.00726773,000.26
Tournament (k=3),Arithmetic,Uniform,0.50670,0.05705,000.00000381,000.03111649,000.02692604,000.14618236,000.34
Tournament (k=3),Arithmetic,Uniform,0.55369,0.23084,000.01091003,000.27292815,000.23508263,000.49357730,000.27
Tournament (k=3),Arithmetic,Gaussian,0.94259,0.30000,000.00333405,000.14539161,000.13809967,000.40366778,000.43
Tournament (k=3),Arithmetic,Uniform,0.60503,0.05228,000.00003052,000.03203363,000.04182434,000.11548311,000.27
Tournament (k=3),Arithmetic,Uniform,0.46371,0.02837,000.00008774,000.10964637,000.09707832,000.39080182,000.18
Tournament (k=3),Arithmetic,Uniform,0.57030,0.04791,000.00000000,000.04740725,000.04329300,000.23610321,000.23
Tournament (k=3),Arithmetic,Uniform,0.42436,0.05705,000.00000000,000.03253307,000.02524948,000.15955909,000.19
Tournament (k=3),Arithmetic,Gaussian,0.72243,0.11476,000.00000000,000.00015640,000.00013161,000.00202019,000.30
Tournament (k=3),Arithmetic,Uniform,0.58741,0.27490,000.02342224,000.84788352,001.14823151,000.77709192,000.28
Tournament (k=3),Arithmetic,Gaussian,1.00000,0.23084,000.00069046,000.01843929,000.02263451,000.15781847,000.37
Tournament (k=3),Arithmetic,Uniform,0.55369,0.03095,000.00000381,000.13385868,000.10368538,000.50368136,000.18
Tournament (k=3),Arithmetic,Gaussian,0.64187,0.27490,000.00185776,000.06488638,000.06649208,000.22554883,000.41
Tournament (k=3),Arithmetic,Uniform,0.50670,0.16276,000.00001144,000.00299563,000.00332260,000.01237539,000.35
Tournament (k=3),Arithmetic,Gaussian,0.76642,0.03095,000.00000000,000.01238418,000.01507759,000.05867475,000.27
Tournament (k=3),Arithmetic,Gaussian,0.81310,0.14915,000.00000000,000.00008984,000.00011063,000.00044593,000.36
Tournament (k=3),Arithmetic,Gaussian,0.55369,0.04791,000.00000381,000.00347919,000.00365067,000.03123324,000.26
Tournament (k=3),Arithmetic,Uniform,0.52190,0.09637,000.00000000,000.00580387,000.00575066,000.03324981,000.28
Tournament (k=3),Arithmetic,Gaussian,0.94259,0.02183,000.00000000,000.04202547,000.03665924,000.30752090,000.19
Tournament (k=3),Arithmetic,Gaussian,0.57030,0.25191,000.00138855,000.03670878,000.05230141,000.09502660,000.41
Tournament (k=3),Arithmetic,Gaussian,0.74410,0.07415,000.00000000,000.00125771,000.00112915,000.00581705,000.28
Tournament (k=3),Arithmetic,Uniform,0.64187,0.04791,000.00000000,000.03059006,000.03756523,000.13649547,000.19
Tournament (k=3),Arithmetic,Gaussian,0.83749,0.02183,000.00000381,000.02205000,000.02137375,000.24991897,000.22
Tournament (k=3),Arithmetic,Uniform,0.58741,0.02837,000.00124741,000.15116492,000.15790749,000.38475600,000.24
Tournament (k=3),Arithmetic,Gaussian,1.00000,0.06795,000.00001144,000.00590634,000.00519943,000.31552437,000.30
Tournament (k=3),Arithmetic,Uniform,0.40000,0.19383,000.00073242,000.01678524,000.01758957,000.06625444,000.32
Tournament (k=3),Arithmetic,Uniform,0.46371,0.08092,000.00002670,000.01403832,000.01482201,000.08472463,000.23
Tournament (k=3),Arithmetic,Gaussian,0.74410,0.02382,000.00000000,000.01978116,000.01570702,000.19625407,000.22
Tournament (k=3),Arithmetic,Uniform,0.55369,0.08092,000.00000000,000.01036139,000.01072311,000.02345568,000.22
Tournament (k=3),Arithmetic,Uniform,0.52190,0.02599,000.00014877,000.20804486,000.23402786,000.48514766,000.23
Tournament (k=3),Arithmetic,Gaussian,0.94259,0.02382,000.00027466,000.03168387,000.02989388,000.40733182,000.20
Tournament (k=3),Arithmetic,Uniform,0.53756,0.16276,000.00002289,000.00198207,000.00199318,000.03246161,000.26
Tournament (k=3),Arithmetic,Gaussian,0.76642,0.10516,000.00000000,000.00020180,000.00016785,000.00174607,000.28
Tournament (k=3),Arithmetic,Gaussian,0.76642,0.03378,000.00000000,000.00860982,000.00817108,000.03316800,000.28
Tournament (k=3),Arithmetic,Gaussian,0.94259,0.08092,000.00000000,000.00150385,000.00124550,000.23189050,000.31
Tournament (k=3),Arithmetic,Uniform,0.66113,0.02837,000.00000000,000.11833858,000.11857605,000.40955228,000.20
Tournament (k=3),Arithmetic,Gaussian,0.83749,0.08092,000.00000000,000.00065618,000.00077057,000.00345993,000.24
Tournament (k=3),Arithmetic,Gaussian,0.88849,0.23084,000.00232315,000.02087860,000.02412033,000.16664490,000.32
Tournament (k=3),Arithmetic,Uniform,0.64187,0.14915,000.00001144,000.00088720,000.00081635,000.00887433,000.31
Tournament (k=3),Arithmetic,Uniform,0.52190,0.10516,000.00000000,000.00321383,000.00389099,000.02054382,000.33
Tournament (k=3),Arithmetic,Gaussian,0.70139,0.06795,000.00000000,000.00125809,000.00154686,000.00480345,000.29
Tournament (k=3),Arithmetic,Uniform,0.46371,0.08830,000.00000000,000.00945063,000.00932693,000.05423420,000.23
Tournament (k=3),Arithmetic,Gaussian,0.83749,0.25191,000.00539398,000.04040485,000.04540253,000.19358960,000.40
Tournament (k=3),Arithmetic,Gaussian,0.66113,0.14915,000.00000000,000.00010033,000.00008583,000.00098161,000.34
Tournament (k=3),Arithmetic,Uniform,0.58741,0.08092,000.00000381,000.01108756,000.00967598,000.04651360,000.27
Tournament (k=3),Arithmetic,Uniform,0.43709,0.09637,000.00004578,000.01066322,000.01150894,000.05920011,000.28
Tournament (k=3),Arithmetic,Gaussian,0.70139,0.21153,000.00017166,000.00674467,000.00744438,000.10873017,000.39
Tournament (k=3),Arithmetic,Uniform,0.55369,0.08830,000.00000381,000.01104894,000.01305199,000.03928187,000.29
Tournament (k=3),Arithmetic,Uniform,0.66113,0.08830,000.00000000,000.00587778,000.00469589,000.03289049,000.30
Tournament (k=3),Arithmetic,Uniform,0.47762,0.05228,000.00006485,000.04320145,000.03946114,000.21422675,000.19
Tournament (k=3),Arithmetic,Gaussian,0.57030,0.27490,000.00136948,000.07120657,000.07975388,000.13186182,000.43
Tournament (k=3),Arithmetic,Uniform,0.40000,0.05228,000.00000000,000.04073944,000.04052734,000.15712911,000.24
Tournament (k=3),Arithmetic,Gaussian,0.86261,0.04390,000.00000000,000.00565886,000.00626945,000.10311948,000.21
Tournament (k=3),Arithmetic,Uniform,0.68096,0.05228,000.00000000,000.03050265,000.02836990,000.18012004,000.20
Tournament (k=3),Arithmetic,Gaussian,0.86261,0.13667,000.00000000,000.00007424,000.00005341,000.00122471,000.29
Tournament (k=3),Arithmetic,Uniform,0.66113,0.27490,000.02413940,000.77281839,001.03316498,000.83680671,000.29
Tournament (k=3),Arithmetic,Uniform,0.47762,0.13667,000.00001526,000.00158453,000.00126457,000.00774279,000.25
Tournament (k=3),Arithmetic,Gaussian,0.78941,0.02382,000.00000000,000.02079372,000.01974678,000.13214342,000.26
Tournament (k=3),Arithmetic,Uniform,0.40000,0.21153,000.00345993,000.04651766,000.05517769,000.17416696,000.44
Tournament (k=3),Arithmetic,Gaussian,0.70139,0.02000,000.00000000,000.02807865,000.02771187,000.31674030,000.19
Tournament (k=3),Arithmetic,Uniform,0.47762,0.05705,000.00006485,000.03635597,000.03696823,000.20331794,000.20
Tournament (k=3),Arithmetic,Gaussian,0.91514,0.04023,000.00003052,000.00876961,000.00800705,000.12505092,000.28
Tournament (k=3),Arithmetic,Uniform,0.45020,0.12524,000.00000763,000.00243545,000.00186729,000.02636582,000.31
Tournament (k=3),Arithmetic,Uniform,0.66113,0.09637,000.00000000,000.00378466,000.00404739,000.01485721,000.27
Tournament (k=3),Arithmetic,Gaussian,0.72243,0.03686,000.00000000,000.00845199,000.00800705,000.07007656,000.28
Tournament (k=3),Arithmetic,Uniform,0.68096,0.05705,000.00000000,000.02664275,000.02680969,000.15679875,000.21
Tournament (k=3),Arithmetic,Uniform,0.53756,0.06226,000.00000000,000.01298800,000.01138115,000.14889438,000.21
Tournament (k=3),Arithmetic,Uniform,0.49195,0.13667,000.00000763,000.00172367,000.00191689,000.00864588,000.32
Tournament (k=3),Arithmetic,Gaussian,0.97087,0.13667,000.00000000,000.00011258,000.00007629,000.01069912,000.37
Tournament (k=3),Arithmetic,Uniform,0.49195,0.02837,000.00000000,000.15515867,000.12882805,000.38272265,000.19
Tournament (k=3),Arithmetic,Gaussian,0.78941,0.08092,000.00000000,000.00061769,000.00055504,000.00459842,000.33
Tournament (k=3),Arithmetic,Gaussian,0.68096,0.09637,000.00000000,000.00044351,000.00049210,000.00670987,000.33
Tournament (k=3),Arithmetic,Uniform,0.45020,0.05228,000.00000381,000.02945900,000.03594780,000.13838258,000.26
Tournament (k=3),Arithmetic,Uniform,0.68096,0.16276,000.00004196,000.00311680,000.00256348,000.01803022,000.31
Tournament (k=3),Arithmetic,Gaussian,0.58741,0.14915,000.00000000,000.00007949,000.00008774,000.00045481,000.31
Tournament (k=3),Arithmetic,Gaussian,0.74410,0.17762,000.00001907,000.00057716,000.00056648,000.00243098,000.39
Tournament (k=3),Arithmetic,Gaussian,0.91514,0.12524,000.00000000,000.00009623,000.00005913,000.10102102,000.27
Tournament (k=3),Arithmetic,Uniform,0.42436,0.13667,000.00001526,000.00221138,000.00264359,000.01388225,000.32
Tournament (k=3),Arithmetic,Uniform,0.62318,0.08830,000.00000000,000.00407290,000.00430107,000.02175089,000.29
Tournament (k=3),Arithmetic,Gaussian,1.00000,0.03095,000.00006485,000.05173831,000.03505516,000.58166981,000.28
Tournament (k=3),Arithmetic,Gaussian,0.97087,0.05705,000.00001907,000.00559750,000.00583076,000.34218839,000.22
Tournament (k=3),Arithmetic,Uniform,0.47762,0.06226,000.00000000,000.02332268,000.01838875,000.08710592,000.25
Tournament (k=3),Arithmetic,Uniform,0.50670,0.06226,000.00006866,000.02920718,000.02811813,000.09868108,000.21
Tournament (k=3),Arithmetic,Uniform,0.57030,0.05228,000.00003052,000.03032122,000.03067780,000.15162443,000.20
Tournament (k=3),Arithmetic,Uniform,0.42436,0.06226,000.00001907,000.03008480,000.03526115,000.14894351,000.21
Tournament (k=3),Arithmetic,Uniform,0.46371,0.03095,000.00006485,000.14854574,000.12561607,000.42684552,000.23
Tournament (k=3),Arithmetic,Uniform,0.57030,0.14915,000.00000763,000.00103350,000.00086594,000.01511207,000.26
Tournament (k=3),Arithmetic,Gaussian,0.97087,0.02000,000.00002670,000.05020804,000.04847717,000.39122397,000.26
Tournament (k=3),Arithmetic,Uniform,0.60503,0.05705,000.00000000,000.02188039,000.02447701,000.14457449,000.27
Tournament (k=3),Arithmetic,Uniform,0.55369,0.25191,000.00439453,000.43011236,000.48458099,000.56519240,000.29
Tournament (k=3),Arithmetic,Uniform,0.62318,0.02837,000.00000763,000.11531987,000.12064934,000.39079159,000.19
Tournament (k=3),Arithmetic,Uniform,0.62318,0.27490,000.11650467,000.86052454,001.07640648,000.70022398,000.35
Tournament (k=3),Arithmetic,Uniform,0.45020,0.05705,000.00000000,000.03854423,000.03889465,000.18112393,000.26
Tournament (k=3),Arithmetic,Uniform,0.70139,0.03095,000.00000381,000.10734935,000.10054779,000.39405990,000.25
Tournament (k=3),Arithmetic,Gaussian,0.88849,0.02382,000.00000763,000.02277207,000.02145195,000.20557284,000.19
Tournament (k=3),Arithmetic,Uniform,0.68096,0.17762,000.00013733,000.01302519,000.01241875,000.13413082,000.33
Tournament (k=3),Arithmetic,Uniform,0.50670,0.17762,000.00025177,000.00703135,000.00756836,000.02440877,000.31
Tournament (k=3),Arithmetic,Gaussian,0.72243,0.12524,000.00000000,000.00009351,000.00006104,000.00116773,000.36
Tournament (k=3),Arithmetic,Uniform,0.57030,0.05705,000.00014496,000.03115158,000.03439140,000.16007879,000.20
Tournament (k=3),Arithmetic,Uniform,0.41200,0.23084,000.00392151,000.20949058,000.20649147,000.41828880,000.28
Tournament (k=3),Arithmetic,Gaussian,0.58741,0.16276,000.00000000,000.00016479,000.00017548,000.00106181,000.38
Tournament (k=3),Arithmetic,Uniform,0.46371,0.03378,000.00000000,000.08271370,000.07768440,000.24948248,000.21
Tournament (k=3),Arithmetic,Gaussian,0.74410,0.19383,000.00008774,000.00347228,000.00360298,000.01190447,000.38
Tournament (k=3),Arithmetic,Uniform,0.50670,0.06795,000.00000000,000.02512026,000.02652550,000.18586017,000.27
Tournament (k=3),Arithmetic,Uniform,0.42436,0.06795,000.00000763,000.02498813,000.02725601,000.13953649,000.24
Tournament (k=3),Arithmetic,Gaussian,0.81310,0.03378,000.00000000,000.00739355,000.00773430,000.02666483,000.20
Tournament (k=3),Arithmetic,Gaussian,0.64187,0.30000,000.00876236,000.14348345,000.13656616,000.34789747,000.42
Tournament (k=3),Arithmetic,Uniform,0.58741,0.03095,000.00001526,000.13768545,000.16673279,000.33620644,000.24
Tournament (k=3),Arithmetic,Gaussian,0.94259,0.02599,000.00002289,000.02449179,000.02463913,000.26021725,000.19
Tournament (k=3),Arithmetic,Uniform,0.52190,0.02837,000.00002670,000.16015244,000.15727997,000.44520479,000.23
Tournament (k=3),Arithmetic,Uniform,0.57030,0.16276,000.00000381,000.00251126,000.00227737,000.01099842,000.32
Tournament (k=3),Arithmetic,Uniform,0.49195,0.27490,000.02196503,000.67636782,000.96919823,000.63311869,000.28
Tournament (k=3),Arithmetic,Uniform,0.70139,0.09637,000.00000000,000.00332537,000.00409126,000.01058081,000.32
Tournament (k=3),Arithmetic,Gaussian,1.00000,0.07415,000.00000763,000.00571637,000.00367546,000.33088624,000.30
Tournament (k=3),Arithmetic,Uniform,0.66113,0.03095,000.00006866,000.12137165,000.15144920,000.34894708,000.19
Tournament (k=3),Arithmetic,Uniform,0.43709,0.23084,000.00135422,000.12083411,000.13834381,000.33747038,000.34
Tournament (k=3),Arithmetic,Uniform,0.53756,0.17762,000.00004578,000.00942306,000.00928307,000.03165635,000.28
Tournament (k=3),Arithmetic,Gaussian,0.76642,0.03686,000.00000000,000.00734096,000.00686264,000.04388186,000.27
Tournament (k=3),Arithmetic,Uniform,0.46371,0.09637,000.00000763,000.00760651,000.00605202,000.05059679,000.23
Tournament (k=3),Arithmetic,Gaussian,0.94259,0.02837,000.00000763,000.01896887,000.01287842,000.29087755,000.20
Tournament (k=3),Arithmetic,Uniform,0.42436,0.07415,000.00003052,000.01795349,000.01588821,000.07836262,000.26
Tournament (k=3),Arithmetic,Gaussian,0.76642,0.11476,000.00000000,000.00014133,000.00014687,000.00133387,000.34
Tournament (k=3),Arithmetic,Gaussian,0.94259,0.08830,000.00000000,000.00111947,000.00077057,000.02115383,000.32
Tournament (k=3),Arithmetic,Uniform,0.52190,0.11476,000.00000000,000.00385060,000.00385857,000.02760631,000.30
Tournament (k=3),Arithmetic,Gaussian,0.83749,0.08830,000.00000000,000.00042396,000.00036812,000.00364067,000.32
Tournament (k=3),Arithmetic,Uniform,0.58741,0.03378,000.00000000,000.11345334,000.10960388,000.32949647,000.25
Tournament (k=3),Arithmetic,Uniform,0.52190,0.03095,000.00011444,000.15517750,000.12975311,000.40471315,000.24
Tournament (k=3),Arithmetic,Gaussian,0.88849,0.25191,000.00051117,000.04144488,000.03942108,000.24031258,000.33
Tournament (k=3),Arithmetic,Uniform,0.43709,0.02382,000.00000000,000.25007868,000.24687958,000.43857929,000.17
Tournament (k=3),Arithmetic,Uniform,0.64187,0.16276,000.00001526,000.00333557,000.00297546,000.01411234,000.34
Tournament (k=3),Arithmetic,Uniform,0.55369,0.09637,000.00000000,000.00469713,000.00448036,000.02431910,000.23
Tournament (k=3),Arithmetic,Uniform,0.70139,0.10516,000.00000000,000.00258617,000.00225067,000.01372765,000.28
Tournament (k=3),Arithmetic,Uniform,0.57030,0.17762,000.00024414,000.00853000,000.00998306,000.14519976,000.32
Tournament (k=3),Arithmetic,Uniform,0.60503,0.14915,000.00000000,000.00094147,000.00105667,000.00523951,000.26
Tournament (k=3),Arithmetic,Uniform,0.40000,0.05705,000.00000000,000.03365693,000.03095055,000.14298084,000.23
Tournament (k=3),Arithmetic,Gaussian,0.83749,0.27490,000.00490570,000.09096313,000.09069061,000.23063341,000.40
Tournament (k=3),Arithmetic,Uniform,0.41200,0.11476,000.00000000,000.00513396,000.00514984,000.01958119,000.26
Tournament (k=3),Arithmetic,Uniform,0.49195,0.30000,000.04704285,000.92104942,001.19304657,000.78775924,000.35
Tournament (k=3),Arithmetic,Gaussian,0.86261,0.04791,000.00000381,000.00377135,000.00501060,000.10017164,000.20
Tournament (k=3),Arithmetic,Uniform,0.41200,0.03095,000.00000763,000.16875319,000.16212654,000.40141541,000.22
Tournament (k=3),Arithmetic,Gaussian,0.70139,0.02183,000.00000763,000.01564822,000.01706505,000.06812029,000.19
Tournament (k=3),Arithmetic,Gaussian,0.78941,0.02599,000.00000000,000.01089511,000.01078987,000.03859708,000.25
Tournament (k=3),Arithmetic,Uniform,0.47762,0.14915,000.00000000,000.00137920,000.00120735,000.00994618,000.25
Tournament (k=3),Arithmetic,Uniform,0.45020,0.13667,000.00000763,000.00169172,000.00174522,000.00974005,000.26
Tournament (k=3),Arithmetic,Gaussian,0.91514,0.04390,000.00000000,000.00952744,000.00889015,000.14197096,000.27
Tournament (k=3),Arithmetic,Uniform,0.68096,0.06226,000.00000381,000.02505059,000.02735519,000.05027639,000.21
Tournament (k=3),Arithmetic,Gaussian,0.72243,0.04023,000.00000000,000.00518470,000.00417900,000.02548499,000.26
Tournament (k=3),Arithmetic,Uniform,0.66113,0.10516,000.00001907,000.00308399,000.00264359,000.01288251,000.28
Tournament (k=3),Arithmetic,Uniform,0.53756,0.06795,000.00002289,000.01815262,000.01812744,000.08674789,000.20
Tournament (k=3),Arithmetic,Uniform,0.49195,0.03095,000.00000763,000.11610718,000.11370850,000.35550189,000.18
Tournament (k=3),Arithmetic,Uniform,0.70139,0.30000,000.01410675,001.11052108,001.27194595,000.83305544,000.33
Tournament (k=3),Arithmetic,Uniform,0.66113,0.30000,000.03047943,000.99696028,001.29822350,000.96049768,000.35
Tournament (k=3),Arithmetic,Gaussian,0.86261,0.14915,000.00000000,000.00012035,000.00010681,000.00792721,000.37
Tournament (k=3),Arithmetic,Uniform,0.52190,0.27490,000.03347778,000.65023994,000.75055695,000.69488931,000.34
Tournament (k=3),Arithmetic,Uniform,0.50670,0.02000,000.00083160,000.24027295,000.19958496,000.51517594,000.20
Tournament (k=3),Arithmetic,Gaussian,0.86261,0.05228,000.00000000,000.00352387,000.00358963,000.01937284,000.25
Tournament (k=3),Arithmetic,Uniform,0.72243,0.05705,000.00002289,000.01331229,000.01029396,000.12295129,000.27
Tournament (k=3),Arithmetic,Uniform,0.41200,0.03378,000.00039673,000.11662330,000.11282921,000.29088733,000.23
Tournament (k=3),Arithmetic,Uniform,0.49195,0.14915,000.00000381,000.00138054,000.00137901,000.00532130,000.31
Tournament (k=3),Arithmetic,Uniform,0.58741,0.30000,000.08624268,001.04761195,001.29802322,000.84096372,000.29
Tournament (k=3),Arithmetic,Gaussian,0.97087,0.14915,000.00000000,000.00018215,000.00014687,000.00395227,000.38
Tournament (k=3),Arithmetic,Gaussian,0.83749,0.02382,000.00000000,000.02027244,000.02178383,000.19467573,000.19
Tournament (k=3),Arithmetic,Uniform,0.42436,0.14915,000.00000000,000.00202274,000.00165749,000.02058040,000.28
Tournament (k=3),Arithmetic,Uniform,0.64187,0.05228,000.00000000,000.03674698,000.03081131,000.20645835,000.21
Tournament (k=3),Arithmetic,Uniform,0.62318,0.09637,000.00000000,000.00396547,000.00410271,000.03145866,000.26
Tournament (k=3),Arithmetic,Uniform,0.47762,0.06795,000.00006866,000.02737417,000.02934837,000.09124462,000.25
Tournament (k=3),Arithmetic,Gaussian,1.00000,0.03378,000.00026321,000.02562990,000.02622414,000.39062947,000.28
Tournament (k=3),Arithmetic,Gaussian,0.97087,0.06226,000.00000000,000.00311985,000.00238228,000.33065087,000.27
Tournament (k=3),Arithmetic,Uniform,0.74410,0.03378,000.00000381,000.10077772,000.09563065,000.33919960,000.26
Tournament (k=3),Arithmetic,Uniform,0.72243,0.17762,000.00021744,000.01435757,000.01705551,000.12607618,000.35
Tournament (k=3),Arithmetic,Uniform,0.60503,0.06226,000.00000763,000.02371283,000.02516747,000.11568861,000.27
Tournament (k=3),Arithmetic,Uniform,0.70139,0.03378,000.00000000,000.11000051,000.10753250,000.28151393,000.20
Tournament (k=3),Arithmetic,Gaussian,0.88849,0.02599,000.00001526,000.01764855,000.01587868,000.23917672,000.20
Tournament (k=3),Arithmetic,Uniform,0.55369,0.27490,000.02157974,000.75155908,001.03297806,000.62466818,000.29
Tournament (k=3),Arithmetic,Uniform,0.46371,0.21153,000.00292969,000.08493171,000.08762741,000.34478799,000.34
Tournament (k=3),Arithmetic,Uniform,0.62318,0.30000,000.01824188,001.07410264,001.28139877,000.83441824,000.31
Tournament (k=3),Arithmetic,Uniform,0.45020,0.06226,000.00000000,000.02678962,000.02523804,000.14029485,000.26
Tournament (k=3),Arithmetic,Uniform,0.68096,0.19383,000.00178146,000.07265530,000.06797218,000.38907635,000.29
Tournament (k=3),Arithmetic,Uniform,0.64187,0.05705,000.00000000,000.03196039,000.03295708,000.15655775,000.22
Tournament (k=3),Arithmetic,Uniform,0.52190,0.30000,000.00635910,000.94821441,001.30949211,000.78521597,000.35
Tournament (k=3),Arithmetic,Uniform,0.74410,0.10516,000.00000000,000.00177817,000.00194740,000.00951381,000.31
Tournament (k=3),Arithmetic,Uniform,0.50670,0.19383,000.00057220,000.02181301,000.02175522,000.09654365,000.33
Tournament (k=3),Arithmetic,Uniform,0.41200,0.25191,000.01136398,000.35586214,000.40742874,000.53092927,000.28
Tournament (k=3),Arithmetic,Uniform,0.62318,0.10516,000.00000000,000.00335412,000.00311089,000.01979339,000.28
Tournament (k=3),Arithmetic,Uniform,0.76642,0.02000,000.00056076,000.30904493,000.26194763,000.49258038,000.25
Tournament (k=3),Arithmetic,Uniform,0.50670,0.07415,000.00000763,000.01316614,000.01338387,000.08929113,000.27
Tournament (k=3),Arithmetic,Uniform,0.74410,0.03686,000.00000000,000.08726549,000.07118607,000.31723675,000.26
Tournament (k=3),Arithmetic,Gaussian,0.66113,0.02000,000.00000000,000.01858602,000.01685905,000.19915695,000.25
Tournament (k=3),Arithmetic,Uniform,0.66113,0.03378,000.00000000,000.10226522,000.10927200,000.35392699,000.19
Tournament (k=3),Arithmetic,Gaussian,0.74410,0.21153,000.00025558,000.00726180,000.00807190,000.02254095,000.32
Tournament (k=3),Arithmetic,Uniform,0.70139,0.03686,000.00000000,000.06115618,000.06239510,000.24869326,000.26
Tournament (k=3),Arithmetic,Uniform,0.58741,0.08830,000.00000000,000.00736456,000.00699997,000.03801655,000.28
Tournament (k=3),Arithmetic,Uniform,0.64187,0.02000,000.00003052,000.27833232,000.26276398,000.47285905,000.23
Tournament (k=3),Arithmetic,Gaussian,0.97087,0.16276,000.00000763,000.00041132,000.00030518,000.00894372,000.39
Tournament (k=3),Arithmetic,Gaussian,0.66113,0.16276,000.00000000,000.00014124,000.00011444,000.00091263,000.33
Tournament (k=3),Arithmetic,Uniform,0.55369,0.30000,000.05616379,000.93576366,001.18340111,000.86701024,000.32
Tournament (k=3),Arithmetic,Gaussian,0.94259,0.03095,000.00000000,000.01573381,000.01506805,000.25926742,000.20
Tournament (k=3),Arithmetic,Uniform,0.76642,0.06226,000.00000000,000.01605811,000.01440430,000.11082262,000.21
Tournament (k=3),Arithmetic,Uniform,0.46371,0.23084,000.00194931,000.17773286,000.17896461,000.37892783,000.35
Tournament (k=3),Arithmetic,Uniform,0.46371,0.10516,000.00000000,000.00464563,000.00446320,000.02107363,000.23
Tournament (k=3),Arithmetic,Uniform,0.53756,0.19383,000.00085449,000.03067379,000.03412819,000.13584463,000.27
Tournament (k=3),Arithmetic,Gaussian,0.76642,0.04023,000.00000381,000.00574822,000.00600243,000.10226846,000.27
Tournament (k=3),Arithmetic,Uniform,0.43709,0.02599,000.00000381,000.19822121,000.16981125,000.42199183,000.18
Tournament (k=3),Arithmetic,Uniform,0.43709,0.25191,000.02633286,000.36864454,000.42121315,000.39453322,000.34
Tournament (k=3),Arithmetic,Uniform,0.58741,0.03686,000.00000000,000.08705191,000.07265854,000.35063690,000.25
Tournament (k=3),Arithmetic,Uniform,0.52190,0.03378,000.00000000,000.10435987,000.10348892,000.35871702,000.25
Tournament (k=3),Arithmetic,Uniform,0.52190,0.12524,000.00000381,000.00196004,000.00191689,000.01550289,000.31
Tournament (k=3),Arithmetic,Uniform,0.55369,0.10516,000.00000763,000.00368714,000.00294113,000.02071522,000.24
Tournament (k=3),Arithmetic,Gaussian,0.94259,0.09637,000.00000000,000.00090017,000.00068474,000.08533747,000.33
Tournament (k=3),Arithmetic,Uniform,0.57030,0.02000,000.00000000,000.23640886,000.22056389,000.58475703,000.21
Tournament (k=3),Arithmetic,Gaussian,0.76642,0.12524,000.00000000,000.00008659,000.00007820,000.00468537,000.35
Tournament (k=3),Arithmetic,Uniform,0.76642,0.19383,000.00211334,000.06197958,000.06365967,000.35800427,000.34
Tournament (k=3),Arithmetic,Uniform,0.76642,0.06795,000.00004196,000.01304069,000.01163864,000.05425937,000.22
Tournament (k=3),Arithmetic,Uniform,0.70139,0.11476,000.00000763,000.00166245,000.00151825,000.00871296,000.30
Tournament (k=3),Arithmetic,Gaussian,0.88849,0.27490,000.00395584,000.09121890,000.10040855,000.35426545,000.34
Tournament (k=3),Arithmetic,Uniform,0.64187,0.17762,000.00018692,000.01160407,000.01022720,000.04716897,000.34
Tournament (k=3),Arithmetic,Uniform,0.40000,0.06226,000.00000000,000.01719132,000.01912498,000.09724046,000.25
Tournament (k=3),Arithmetic,Uniform,0.41200,0.12524,000.00000000,000.00421786,000.00439262,000.02003180,000.24
Tournament (k=3),Arithmetic,Uniform,0.55369,0.03378,000.00000763,000.07969666,000.07564354,000.30503571,000.19
Tournament (k=3),Arithmetic,Uniform,0.46371,0.11476,000.00000000,000.00357308,000.00307274,000.02546526,000.27
Tournament (k=3),Arithmetic,Uniform,0.57030,0.19383,000.00043488,000.04065432,000.03817940,000.24566236,000.33
Tournament (k=3),Arithmetic,Gaussian,0.76642,0.04390,000.00000000,000.00609841,000.00665665,000.02975983,000.30
Tournament (k=3),Arithmetic,Uniform,0.53756,0.21153,000.00307846,000.10104289,000.09683609,000.33236539,000.31
Tournament (k=3),Arithmetic,Uniform,0.78941,0.03686,000.00064468,000.08408046,000.09331512,000.26475990,000.25
Tournament (k=3),Arithmetic,Uniform,0.68096,0.06795,000.00000381,000.01703901,000.01961136,000.13786979,000.21
Tournament (k=3),Arithmetic,Uniform,0.47762,0.16276,000.00001144,000.00188107,000.00157547,000.02243641,000.26
Tournament (k=3),Arithmetic,Gaussian,1.00000,0.25191,000.00031281,000.04360943,000.04690361,000.29288772,000.33
Tournament (k=3),Arithmetic,Uniform,0.49195,0.03378,000.00000000,000.15798846,000.10767746,000.41768780,000.18
Tournament (k=3),Arithmetic,Uniform,0.53756,0.07415,000.00000381,000.01533432,000.01150894,000.09772408,000.21
Tournament (k=3),Arithmetic,Gaussian,0.91514,0.04791,000.00000000,000.00644274,000.00638008,000.18158859,000.28
Tournament (k=3),Arithmetic,Uniform,0.50670,0.02183,000.00005341,000.24024415,000.24443817,000.47960526,000.17
Tournament (k=3),Arithmetic,Uniform,0.62318,0.03095,000.00003052,000.11809902,000.10640144,000.40658268,000.18
Tournament (k=3),Arithmetic,Uniform,0.81310,0.02183,000.00164032,000.23221044,000.24015808,000.57576936,000.18
Tournament (k=3),Arithmetic,Uniform,0.45020,0.14915,000.00000763,000.00250893,000.00257301,000.00830724,000.31
Tournament (k=3),Arithmetic,Uniform,0.72243,0.02000,000.00000000,000.33175260,000.36001968,000.61060435,000.23
Tournament (k=3),Arithmetic,Uniform,0.78941,0.11476,000.00000000,000.00057516,000.00043678,000.00383264,000.30
Tournament (k=3),Arithmetic,Uniform,0.68096,0.02000,000.00000000,000.29740721,000.28823090,000.53780729,000.24
Tournament (k=3),Arithmetic,Uniform,0.76642,0.07415,000.00000000,000.01383481,000.01358604,000.17822304,000.27
Tournament (k=3),Arithmetic,Gaussian,0.91514,0.13667,000.00000000,000.00007133,000.00004959,000.00679001,000.36
Tournament (k=3),Arithmetic,Uniform,0.66113,0.11476,000.00000381,000.00257311,000.00274658,000.09890357,000.29
Tournament (k=3),Arithmetic,Uniform,0.76642,0.21153,000.00204468,000.21378055,000.19371605,000.52439618,000.36
Tournament (k=3),Arithmetic,Uniform,0.60503,0.02000,000.00033569,000.37580833,000.37661552,000.61242336,000.17
Tournament (k=3),Arithmetic,Uniform,0.41200,0.03686,000.00000000,000.08310475,000.08358574,000.27151981,000.23
Tournament (k=3),Arithmetic,Uniform,0.72243,0.06226,000.00000000,000.02072997,000.01947784,000.11537562,000.26
Tournament (k=3),Arithmetic,Gaussian,0.83749,0.02599,000.00005722,000.01680884,000.01548004,000.14768954,000.19
Tournament (k=3),Arithmetic,Gaussian,0.86261,0.16276,000.00000763,000.00030971,000.00026703,000.00657705,000.37
Tournament (k=3),Arithmetic,Uniform,0.57030,0.06226,000.00000000,000.02412992,000.03056908,000.07883805,000.24
Tournament (k=3),Arithmetic,Uniform,0.62318,0.03378,000.00000000,000.10770211,000.09444046,000.36919966,000.18
Tournament (k=3),Arithmetic,Uniform,0.81310,0.02382,000.00000000,000.21230683,000.17707253,000.46945632,000.18
Tournament (k=3),Arithmetic,Uniform,0.81310,0.06795,000.00000000,000.01188507,000.01030922,000.10179371,000.20
Tournament (k=3),Arithmetic,Uniform,0.53756,0.08092,000.00000000,000.00947547,000.01120758,000.04178866,000.23
Tournament (k=3),Arithmetic,Uniform,0.49195,0.16276,000.00000381,000.00196843,000.00168037,000.00896900,000.31
Tournament (k=3),Arithmetic,Gaussian,1.00000,0.03686,000.00006866,000.02301679,000.02220154,000.35078347,000.27
Tournament (k=3),Arithmetic,Uniform,0.60503,0.02183,000.00006104,000.20145950,000.23133659,000.52738380,000.18
Tournament (k=3),Arithmetic,Gaussian,0.91514,0.05228,000.00001144,000.00427480,000.00463676,000.01464263,000.30
Tournament (k=3),Arithmetic,Uniform,0.72243,0.19383,000.00264740,000.04967199,000.04843521,000.25760797,000.26
Tournament (k=3),Arithmetic,Uniform,0.60503,0.06795,000.00009537,000.01761699,000.01692772,000.06252678,000.26
Tournament (k=3),Arithmetic,Gaussian,0.88849,0.02837,000.00001526,000.01662965,000.01512337,000.21624911,000.25
Tournament (k=3),Arithmetic,Uniform,0.78941,0.12524,000.00000000,000.00047703,000.00048637,000.01758444,000.30
Tournament (k=3),Arithmetic,Uniform,0.43709,0.10516,000.00000000,000.00581579,000.00564575,000.02244496,000.28
Tournament (k=3),Arithmetic,Uniform,0.81310,0.21153,000.00246811,000.25402409,000.18007851,000.55429637,000.34
Tournament (k=3),Arithmetic,Uniform,0.53756,0.02000,000.00007629,000.39024863,000.28075981,000.63958383,000.18
Tournament (k=3),Arithmetic,Uniform,0.76642,0.23084,000.00434113,000.49780083,000.56372070,000.54638284,000.28
Tournament (k=3),Arithmetic,Uniform,0.64187,0.06226,000.00000000,000.01959958,000.01963806,000.13954966,000.20
Tournament (k=3),Arithmetic,Uniform,0.72243,0.06795,000.00000381,000.02010207,000.01693916,000.07183257,000.30
Tournament (k=3),Arithmetic,Gaussian,1.00000,0.08092,000.00000763,000.00593214,000.00589752,000.31964287,000.31
Tournament (k=3),Arithmetic,Uniform,0.83749,0.04023,000.00000000,000.05910201,000.04434776,000.25782400,000.21
Tournament (k=3),Arithmetic,Uniform,0.68096,0.21153,000.00485229,000.11393003,000.10956955,000.40233365,000.33
Tournament (k=3),Arithmetic,Uniform,0.41200,0.27490,000.01029968,000.54638338,000.64184189,000.56331289,000.27
Tournament (k=3),Arithmetic,Uniform,0.66113,0.03686,000.00000000,000.06392884,000.07136345,000.29471672,000.19
Tournament (k=3),Arithmetic,Uniform,0.74410,0.11476,000.00000000,000.00147533,000.00131607,000.01585846,000.30
Tournament (k=3),Arithmetic,Uniform,0.53756,0.08830,000.00000763,000.00853033,000.00859070,000.05938260,000.30
Tournament (k=3),Arithmetic,Uniform,0.76642,0.02183,000.00000000,000.22076377,000.22692490,000.51786989,000.24
Tournament (k=3),Arithmetic,Uniform,0.50670,0.21153,000.00219727,000.08367090,000.10383987,000.26876780,000.33
Tournament (k=3),Arithmetic,Uniform,0.64187,0.02183,000.00098801,000.26379544,000.27236557,000.43042359,000.18
Tournament (k=3),Arithmetic,Uniform,0.74410,0.04023,000.00003052,000.07987986,000.08257103,000.27672473,000.25
Tournament (k=3),Arithmetic,Uniform,0.53756,0.02183,000.00000381,000.24323101,000.23829079,000.49617007,000.18
Tournament (k=3),Arithmetic,Uniform,0.50670,0.08092,000.00000381,000.01354227,000.01298714,000.04815172,000.26
Tournament (k=3),Arithmetic,Uniform,0.70139,0.04023,000.00001526,000.04806256,000.03838730,000.18635166,000.25
Tournament (k=3),Arithmetic,Gaussian,0.94259,0.03378,000.00004196,000.01711516,000.01299286,000.30571520,000.20
Tournament (k=3),Arithmetic,Uniform,0.43709,0.11476,000.00000000,000.00415592,000.00401497,000.01667928,000.27
Tournament (k=3),Arithmetic,Uniform,0.83749,0.12524,000.00000000,000.00048981,000.00046921,000.01058101,000.31
Tournament (k=3),Arithmetic,Gaussian,0.74410,0.23084,000.00032425,000.02147422,000.02663231,000.15752138,000.31
Tournament (k=3),Arithmetic,Uniform,0.60503,0.16276,000.00000763,000.00315180,000.00341606,000.02415859,000.25
Tournament (k=3),Arithmetic,Uniform,0.43709,0.02837,000.00000000,000.11532669,000.11949539,000.37867275,000.18
Tournament (k=3),Arithmetic,Uniform,0.86261,0.02382,000.00003815,000.25359851,000.16301727,000.50183654,000.25
Tournament (k=3),Arithmetic,Uniform,0.57030,0.02183,000.00019836,000.31971794,000.35258675,000.51503569,000.18
Tournament (k=3),Arithmetic,Gaussian,0.66113,0.17762,000.00001526,000.00041213,000.00037956,000.00460921,000.38
Tournament (k=3),Arithmetic,Uniform,0.52190,0.03686,000.00000000,000.06805821,000.06561279,000.26989353,000.24
Tournament (k=3),Arithmetic,Uniform,0.55369,0.11476,000.00000381,000.00220070,000.00150108,000.02116756,000.23
Tournament (k=3),Arithmetic,Uniform,0.52190,0.13667,000.00000000,000.00145659,000.00154877,000.01461884,000.26
Tournament (k=3),Arithmetic,Uniform,0.46371,0.25191,000.00888443,000.48286024,000.45962906,000.60459638,000.34
Tournament (k=3),Arithmetic,Uniform,0.55369,0.03686,000.00000000,000.06404138,000.06623077,000.27177191,000.19
Tournament (k=3),Arithmetic,Uniform,0.74410,0.12524,000.00000000,000.00073423,000.00072479,000.01657847,000.31
Tournament (k=3),Arithmetic,Uniform,0.86261,0.07415,000.00003052,000.01265039,000.01326180,000.13565950,000.20
Tournament (k=3),Arithmetic,Uniform,0.43709,0.27490,000.04598999,000.58030450,000.72712326,000.68197381,000.34
Tournament (k=3),Arithmetic,Uniform,0.53756,0.09637,000.00001907,000.00756788,000.00531769,000.02839142,000.32
Tournament (k=3),Arithmetic,Uniform,0.43709,0.03095,000.00001526,000.10893597,000.09473228,000.32379171,000.19
Tournament (k=3),Arithmetic,Uniform,0.83749,0.04390,000.00025177,000.05285921,000.04927444,000.26934227,000.38
Tournament (k=3),Arithmetic,Uniform,0.40000,0.06795,000.00000381,000.02069678,000.02145004,000.11615462,000.25
Tournament (k=3),Arithmetic,Uniform,0.70139,0.12524,000.00000381,000.00098338,000.00108528,000.01062768,000.30
Tournament (k=3),Arithmetic,Gaussian,0.94259,0.10516,000.00000000,000.00041928,000.00031090,000.17931516,000.32
Tournament (k=3),Arithmetic,Gaussian,0.88849,0.30000,000.01488495,000.18745327,000.20064545,000.38745722,000.34
Tournament (k=3),Arithmetic,Uniform,0.64187,0.19383,000.00106812,000.04336824,000.04574966,000.26316401,000.32
Tournament (k=3),Arithmetic,Gaussian,0.76642,0.13667,000.00000000,000.00007229,000.00007820,000.00157068,000.35
Tournament (k=3),Arithmetic,Uniform,0.60503,0.17762,000.00017548,000.01292715,000.01479149,000.17188206,000.30
Tournament (k=3),Arithmetic,Uniform,0.50670,0.02382,000.00000000,000.26970640,000.30477715,000.45309600,000.17
Tournament (k=3),Arithmetic,Uniform,0.55369,0.04023,000.00000763,000.05446315,000.05344391,000.25077245,000.19
Tournament (k=3),Arithmetic,Uniform,0.68096,0.07415,000.00000000,000.00852346,000.00735283,000.07135898,000.21
Tournament (k=3),Arithmetic,Uniform,0.46371,0.03686,000.00004578,000.07128830,000.06747246,000.27855781,000.18
Tournament (k=3),Arithmetic,Uniform,0.53756,0.23084,000.01165009,000.21816191,000.24779510,000.37555411,000.27
Tournament (k=3),Arithmetic,Uniform,0.78941,0.04023,000.00002289,000.06692596,000.05037308,000.25752094,000.25
Tournament (k=3),Arithmetic,Uniform,0.47762,0.17762,000.00009155,000.00843277,000.00855255,000.05251833,000.27
Tournament (k=3),Arithmetic,Uniform,0.72243,0.02183,000.00009918,000.28063878,000.27161217,000.47750375,000.21
Tournament (k=3),Arithmetic,Uniform,0.86261,0.23084,000.01868057,000.45617598,000.49894905,000.67438024,000.34
Tournament (k=3),Arithmetic,Uniform,0.88849,0.04390,000.00033188,000.04425173,000.04303932,000.23087676,000.21
Tournament (k=3),Arithmetic,Uniform,0.68096,0.02183,000.00004578,000.25894460,000.20148468,000.53334945,000.23
Tournament (k=3),Arithmetic,Uniform,0.42436,0.16276,000.00008011,000.00196481,000.00240707,000.01182924,000.31
Tournament (k=3),Arithmetic,Gaussian,0.81310,0.03686,000.00000000,000.00727429,000.00741005,000.04573005,000.26
Tournament (k=3),Arithmetic,Gaussian,1.00000,0.27490,000.00433350,000.10945902,000.11680412,000.36334145,000.33
Tournament (k=3),Arithmetic,Uniform,0.45020,0.16276,000.00000763,000.00238771,000.00263977,000.00904026,000.31
Tournament (k=3),Arithmetic,Uniform,0.41200,0.04023,000.00000000,000.07040186,000.06322289,000.27530682,000.23
Tournament (k=3),Arithmetic,Gaussian,0.83749,0.02837,000.00000000,000.01131287,000.01303673,000.15473069,000.19
Tournament (k=3),Arithmetic,Uniform,0.46371,0.04023,000.00000000,000.05348358,000.05573654,000.27378061,000.19
Tournament (k=3),Arithmetic,Uniform,0.62318,0.03686,000.00000000,000.07407818,000.06929398,000.24525836,000.19
Tournament (k=3),Arithmetic,Uniform,0.81310,0.02599,000.00002289,000.16537046,000.16812134,000.51379961,000.18
Tournament (k=3),Arithmetic,Uniform,0.66113,0.12524,000.00000000,000.00084577,000.00073624,000.01603145,000.30
Tournament (k=3),Arithmetic,Uniform,0.88849,0.13667,000.00000000,000.00039344,000.00031090,000.00604082,000.31
Tournament (k=3),Arithmetic,Uniform,0.91514,0.02599,000.00006485,000.22760978,000.19961357,000.54884750,000.24
Tournament (k=3),Arithmetic,Uniform,0.45020,0.06795,000.00000000,000.02517614,000.02941513,000.08778570,000.25
Tournament (k=3),Arithmetic,Uniform,0.60503,0.02382,000.00000763,000.22574024,000.18774605,000.55943018,000.17
Tournament (k=3),Arithmetic,Gaussian,0.91514,0.14915,000.00000000,000.00010037,000.00008774,000.00361486,000.36
Tournament (k=3),Arithmetic,Uniform,0.81310,0.07415,000.00000000,000.00935178,000.00970268,000.06827839,000.20
Tournament (k=3),Arithmetic,Uniform,0.43709,0.30000,000.02082443,000.80233651,001.09215736,000.67072284,000.42
Tournament (k=3),Arithmetic,Gaussian,0.81310,0.04023,000.00000381,000.00819826,000.00714111,000.02331965,000.22
Tournament (k=3),Arithmetic,Uniform,0.91514,0.08092,000.00000381,000.00636244,000.00759125,000.20508228,000.27
Tournament (k=3),Arithmetic,Gaussian,0.88849,0.03095,000.00000000,000.00957236,000.00863457,000.10632503,000.19
Tournament (k=3),Arithmetic,Uniform,0.68096,0.02382,000.00000000,000.20899324,000.20992661,000.42300484,000.24
Tournament (k=3),Arithmetic,Uniform,0.62318,0.11476,000.00000000,000.00205722,000.00202751,000.01873950,000.29
Tournament (k=3),Arithmetic,Gaussian,0.91514,0.05705,000.00000381,000.00275059,000.00278091,000.03591687,000.29
Tournament (k=3),Arithmetic,Uniform,0.46371,0.04390,000.00000000,000.05728922,000.05669403,000.19241387,000.20
Tournament (k=3),Arithmetic,Uniform,0.45020,0.17762,000.00032806,000.00773420,000.00818253,000.03781403,000.29
Tournament (k=3),Arithmetic,Uniform,0.64187,0.06795,000.00000763,000.01874223,000.01716995,000.09876350,000.20
Tournament (k=3),Arithmetic,Uniform,0.91514,0.25191,000.03157806,000.69615936,001.07232475,000.77986616,000.28
Tournament (k=3),Arithmetic,Uniform,0.81310,0.23084,000.01423264,000.48328137,000.48531532,000.57474089,000.27
Tournament (k=3),Arithmetic,Uniform,0.78941,0.13667,000.00000000,000.00044103,000.00042152,000.00550180,000.31
Tournament (k=3),Arithmetic,Uniform,0.58741,0.09637,000.00003433,000.00463972,000.00501251,000.03163128,000.28
Tournament (k=3),Arithmetic,Uniform,0.88849,0.14915,000.00001144,000.00152726,000.00156784,000.12778044,000.28
Tournament (k=3),Arithmetic,Uniform,0.72243,0.07415,000.00000763,000.01819229,000.01825142,000.14062902,000.28
Tournament (k=3),Arithmetic,Uniform,0.66113,0.04023,000.00001144,000.08142872,000.06375504,000.29826567,000.19
Tournament (k=3),Arithmetic,Uniform,0.64187,0.02382,000.00000000,000.22090474,000.19968414,000.41861218,000.18
Tournament (k=3),Arithmetic,Gaussian,1.00000,0.30000,000.00038910,000.16217999,000.17390251,000.38031241,000.44
Tournament (k=3),Arithmetic,Gaussian,1.00000,0.08830,000.00000000,000.00489411,000.00216293,000.35186359,000.32
Tournament (k=3),Arithmetic,Uniform,0.46371,0.04791,000.00000000,000.05220985,000.05085754,000.25484747,000.19
Tournament (k=3),Arithmetic,Gaussian,0.97087,0.17762,000.00003052,000.00116081,000.00110626,000.00850302,000.38
Tournament (k=3),Arithmetic,Gaussian,0.68096,0.10516,000.00000000,000.00031404,000.00024414,000.00179491,000.33
Tournament (k=3),Arithmetic,Uniform,0.58741,0.04023,000.00000000,000.07328162,000.07789230,000.27222383,000.24
Tournament (k=3),Arithmetic,Uniform,0.68096,0.23084,000.00809479,000.30835280,000.29302597,000.49744377,000.33
Tournament (k=3),Arithmetic,Uniform,0.76642,0.02382,000.00094604,000.26693645,000.26977921,000.48650920,000.24
Tournament (k=3),Arithmetic,Uniform,0.62318,0.12524,000.00000763,000.00124140,000.00117302,000.00626443,000.27
Tournament (k=3),Arithmetic,Uniform,0.41200,0.30000,000.01272583,000.77013391,001.05226517,000.75286317,000.29
Tournament (k=3),Arithmetic,Uniform,0.94259,0.04791,000.00000763,000.06477900,000.07232475,000.42210042,000.20
Tournament (k=3),Arithmetic,Uniform,0.53756,0.02382,000.00000000,000.18110442,000.13224983,000.50410765,000.23
Tournament (k=3),Arithmetic,Uniform,0.50670,0.08830,000.00000763,000.00869265,000.00924110,000.03541967,000.27
Tournament (k=3),Arithmetic,Uniform,0.57030,0.02382,000.00012970,000.27197185,000.23857307,000.43188983,000.18
Tournament (k=3),Arithmetic,Uniform,0.46371,0.12524,000.00000763,000.00189466,000.00184631,000.01805958,000.24
Tournament (k=3),Arithmetic,Uniform,0.43709,0.12524,000.00000000,000.00480108,000.00475883,000.01223783,000.29
Tournament (k=3),Arithmetic,Uniform,0.49195,0.03686,000.00004196,000.07101126,000.06557655,000.30863848,000.18
Tournament (k=3),Arithmetic,Uniform,0.94259,0.14915,000.00004196,000.00157585,000.00161743,000.01285344,000.28
Tournament (k=3),Arithmetic,Uniform,0.57030,0.21153,000.00054550,000.08460140,000.09121323,000.29867554,000.27
Tournament (k=3),Arithmetic,Uniform,0.86261,0.02599,000.00000000,000.15276408,000.13706970,000.41246462,000.24
Tournament (k=3),Arithmetic,Uniform,0.91514,0.27490,000.01506805,001.03374493,001.27460289,000.89024901,000.37
Tournament (k=3),Arithmetic,Uniform,0.52190,0.04023,000.00000000,000.05546560,000.05923080,000.26312444,000.24
Tournament (k=3),Arithmetic,Uniform,0.55369,0.12524,000.00000000,000.00122442,000.00103569,000.00729827,000.24
Tournament (k=3),Arithmetic,Uniform,0.88849,0.16276,000.00000763,000.00818176,000.00925064,000.11787519,000.33
Tournament (k=3),Arithmetic,Uniform,0.52190,0.14915,000.00000000,000.00143127,000.00164986,000.00527203,000.31
Tournament (k=3),Arithmetic,Uniform,0.53756,0.10516,000.00000000,000.00254321,000.00248146,000.01816081,000.23
Tournament (k=3),Arithmetic,Uniform,0.42436,0.02000,000.00000000,000.35476318,000.38611221,000.62848717,000.29
Tournament (k=3),Arithmetic,Uniform,0.43709,0.03378,000.00002289,000.12494531,000.12087822,000.39680287,000.18
Tournament (k=3),Arithmetic,Uniform,0.74410,0.13667,000.00000000,000.00050735,000.00045967,000.01723960,000.30
Tournament (k=3),Arithmetic,Uniform,0.47762,0.07415,000.00000763,000.01718793,000.01846123,000.05063098,000.25
Tournament (k=3),Arithmetic,Uniform,0.46371,0.27490,000.00842285,000.54627681,000.64007759,000.72403926,000.34
Tournament (k=3),Arithmetic,Gaussian,0.66113,0.19383,000.00000381,000.00198798,000.00194931,000.00544932,000.38
Tournament (k=3),Arithmetic,Uniform,0.76642,0.08092,000.00000000,000.00565162,000.00417328,000.02469226,000.21
Tournament (k=3),Arithmetic,Uniform,0.50670,0.02599,000.00001144,000.18507823,000.18033218,000.44028822,000.18
Tournament (k=3),Arithmetic,Uniform,0.97087,0.02837,000.00057602,000.32564673,000.29615784,000.51929921,000.25
Tournament (k=3),Arithmetic,Uniform,0.83749,0.04791,000.00003052,000.03959446,000.04476738,000.22679336,000.26
Tournament (k=3),Arithmetic,Uniform,0.57030,0.06795,000.00000000,000.01671095,000.01570511,000.10589778,000.21
Tournament (k=3),Arithmetic,Uniform,0.68096,0.08092,000.00000000,000.00816684,000.00607681,000.03644613,000.21
Tournament (k=3),Arithmetic,Uniform,0.70139,0.13667,000.00000000,000.00047703,000.00046921,000.00613588,000.31
Tournament (k=3),Arithmetic,Uniform,0.97087,0.08830,000.00000381,000.00560555,000.00607681,000.20057817,000.26
Tournament (k=3),Arithmetic,Uniform,0.52190,0.04390,000.00000763,000.05423188,000.04941559,000.20316701,000.25
Tournament (k=3),Arithmetic,Uniform,0.60503,0.19383,000.00067902,000.02719350,000.03382492,000.18571107,000.27
Tournament (k=3),Arithmetic,Uniform,0.81310,0.25191,000.00762177,000.76193124,001.06746674,000.79179180,000.64
Tournament (k=3),Arithmetic,Uniform,0.64187,0.21153,000.00656509,000.08673672,000.08410645,000.35358718,000.34
Tournament (k=3),Arithmetic,Uniform,0.47762,0.08092,000.00000381,000.01170154,000.01046944,000.04359967,000.23
Tournament (k=3),Arithmetic,Uniform,0.72243,0.02382,000.00032806,000.14912967,000.14300156,000.40156546,000.24
Tournament (k=3),Arithmetic,Uniform,0.47762,0.19383,000.00053406,000.02627306,000.02868652,000.11747177,000.27
Tournament (k=3),Arithmetic,Uniform,0.88849,0.04791,000.00018311,000.03910575,000.03680229,000.21138832,000.26
Tournament (k=3),Arithmetic,Uniform,0.50670,0.02837,000.00000381,000.12513241,000.12079811,000.42480245,000.20
Tournament (k=3),Arithmetic,Uniform,0.52190,0.16276,000.00000000,000.00292077,000.00218391,000.01521642,000.29
Tournament (k=3),Arithmetic,Uniform,0.53756,0.25191,000.00784683,000.47781515,000.49388123,000.64297783,000.32
Tournament (k=3),Arithmetic,Uniform,0.60503,0.07415,000.00000000,000.00945554,000.00901985,000.11253445,000.25
Tournament (k=3),Arithmetic,Uniform,0.97087,0.27490,000.08501816,001.11126888,001.33956718,000.88741559,000.27
Tournament (k=3),Arithmetic,Uniform,0.46371,0.13667,000.00000381,000.00160279,000.00120544,000.00961560,000.48
Tournament (k=3),Arithmetic,Uniform,0.42436,0.17762,000.00012589,000.00863209,000.00777054,000.07224870,000.32
Tournament (k=3),Arithmetic,Uniform,0.66113,0.13667,000.00000381,000.00048018,000.00048828,000.00398201,000.25
Tournament (k=3),Arithmetic,Uniform,0.60503,0.02599,000.00001144,000.16485481,000.20348358,000.41525573,000.18
Tournament (k=3),Arithmetic,Uniform,0.86261,0.25191,000.03445435,000.76840645,001.04417610,000.84807259,000.35
Tournament (k=3),Arithmetic,Uniform,0.97087,0.03095,000.00004578,000.23150864,000.20204926,000.51876557,000.28
Tournament (k=3),Arithmetic,Uniform,0.91514,0.02837,000.00003052,000.21038970,000.16111565,000.50375086,000.25
Tournament (k=3),Arithmetic,Uniform,0.45020,0.07415,000.00000000,000.01625233,000.01461792,000.06394048,000.26
Tournament (k=3),Arithmetic,Uniform,0.45020,0.02000,000.00000000,000.27926499,000.27178955,000.53254461,000.19
Tournament (k=3),Arithmetic,Uniform,0.81310,0.08092,000.00001907,000.00744095,000.00734329,000.05058150,000.21
Tournament (k=3),Arithmetic,Gaussian,0.81310,0.04390,000.00000000,000.00402260,000.00443649,000.02092548,000.21
Tournament (k=3),Arithmetic,Uniform,0.76642,0.25191,000.01641464,000.70507282,000.94700050,000.67697221,000.34
Tournament (k=3),Arithmetic,Uniform,1.00000,0.05228,000.00032043,000.13106474,000.08193970,000.53566992,000.20
Tournament (k=3),Arithmetic,Uniform,0.74410,0.04390,000.00000000,000.03592835,000.03968430,000.21703163,000.19
Tournament (k=3),Arithmetic,Uniform,0.88849,0.05228,000.00023651,000.03612900,000.03208923,000.27334794,000.27
Tournament (k=3),Arithmetic,Uniform,0.91514,0.08830,000.00002289,000.00810661,000.00729370,000.11623459,000.29
Tournament (k=3),Arithmetic,Uniform,0.50670,0.03095,000.00001907,000.12617640,000.13108063,000.41649941,000.28
Tournament (k=3),Arithmetic,Uniform,0.64187,0.07415,000.00000000,000.00883660,000.00765228,000.05503727,000.21
Tournament (k=3),Arithmetic,Uniform,0.52190,0.17762,000.00001526,000.00501809,000.00541496,000.03268922,000.28
Tournament (k=3),Arithmetic,Gaussian,0.91514,0.16276,000.00000000,000.00030403,000.00037575,000.00155617,000.38
Tournament (k=3),Arithmetic,Uniform,0.46371,0.14915,000.00000000,000.00176158,000.00196648,000.00689531,000.27
Tournament (k=3),Arithmetic,Uniform,0.70139,0.04390,000.00000000,000.03744364,000.03560066,000.17276442,000.25
Tournament (k=3),Arithmetic,Uniform,0.40000,0.02000,000.00000763,000.32583952,000.33847237,000.47490457,000.16
Tournament (k=3),Arithmetic,Uniform,0.50670,0.23084,000.01985168,000.19358297,000.21611214,000.36848512,000.34
Tournament (k=3),Arithmetic,Uniform,0.66113,0.04390,000.00000381,000.06093445,000.05944824,000.25105312,000.19
Tournament (k=3),Arithmetic,Uniform,1.00000,0.16276,000.00041580,000.01012468,000.01107407,000.02871021,000.32
Tournament (k=3),Arithmetic,Uniform,0.72243,0.08092,000.00000000,000.00642519,000.00603676,000.03445439,000.22
Tournament (k=3),Arithmetic,Gaussian,0.81310,0.04791,000.00000000,000.00576382,000.00496292,000.01617619,000.21
Tournament (k=3),Arithmetic,Uniform,0.42436,0.19383,000.00095367,000.02319617,000.02411461,000.15612142,000.33
Tournament (k=3),Arithmetic,Uniform,0.58741,0.10516,000.00000000,000.00227318,000.00178909,000.01653638,000.29
Tournament (k=3),Arithmetic,Uniform,0.78941,0.14915,000.00000000,000.00111246,000.00095749,000.01500133,000.32
Tournament (k=3),Blend,Gaussian,0.40000,0.03095,000.00000000,000.00248785,000.00131798,000.10106491,000.20
Tournament (k=3),Arithmetic,Uniform,0.83749,0.13667,000.00000000,000.00050101,000.00039291,000.00727402,000.31
Tournament (k=3),Arithmetic,Uniform,0.64187,0.08092,000.00000000,000.00885205,000.00794601,000.05808737,000.21
Tournament (k=3),Arithmetic,Uniform,0.76642,0.27490,000.01888275,001.05888939,001.25450325,000.84539270,000.32
Tournament (k=3),Arithmetic,Uniform,0.76642,0.02599,000.00000000,000.21685901,000.19278717,000.46888220,000.24
Tournament (k=3),Arithmetic,Gaussian,1.00000,0.09637,000.00000000,000.00234337,000.00135040,000.23811334,000.32
Tournament (k=3),Arithmetic,Uniform,0.57030,0.02599,000.00000000,000.17929502,000.18599319,000.37558618,000.18
Tournament (k=3),Arithmetic,Uniform,0.86261,0.08092,000.00001526,000.00751262,000.00705147,000.03357695,000.21
Tournament (k=3),Arithmetic,Uniform,0.49195,0.04023,000.00002289,000.07811093,000.06299400,000.31432518,000.18
Tournament (k=3),Arithmetic,Uniform,0.53756,0.02599,000.00004578,000.16548638,000.15990829,000.47775942,000.23
Tournament (k=3),Blend,Gaussian,0.40000,0.09637,000.00000000,000.00009828,000.00004959,000.00096157,000.31
Tournament (k=3),Arithmetic,Gaussian,0.68096,0.11476,000.00000000,000.00020308,000.00017357,000.00112376,000.33
Tournament (k=3),Arithmetic,Gaussian,0.91514,0.17762,000.00002289,000.00099378,000.00102425,000.00212310,000.33
Tournament (k=3),Arithmetic,Uniform,0.62318,0.13667,000.00000000,000.00079436,000.00078201,000.01061217,000.30
Tournament (k=3),Arithmetic,Uniform,0.50670,0.09637,000.00000763,000.00805488,000.00993538,000.02189329,000.27
Tournament (k=3),Arithmetic,Gaussian,0.97087,0.19383,000.00024414,000.00529413,000.00658226,000.01836976,000.38
Tournament (k=3),Arithmetic,Uniform,0.94259,0.16276,000.00011826,000.00897660,000.00942039,000.06759650,000.24
Tournament (k=3),Arithmetic,Uniform,0.50670,0.25191,000.02821732,000.47653788,000.50846291,000.57343590,000.34
Tournament (k=3),Arithmetic,Uniform,0.86261,0.02837,000.00000381,000.16318718,000.16319275,000.44585040,000.24
Tournament (k=3),Arithmetic,Uniform,0.42436,0.21153,000.00097275,000.06343417,000.06969070,000.21108772,000.33
Tournament (k=3),Arithmetic,Uniform,0.42436,0.02183,000.00004196,000.27652630,000.23596573,000.56948900,000.17
Tournament (k=3),Arithmetic,Uniform,0.55369,0.04390,000.00000000,000.04740892,000.03912735,000.27479175,000.19
Tournament (k=3),Arithmetic,Uniform,0.55369,0.13667,000.00000000,000.00102749,000.00108910,000.00725321,000.25
Tournament (k=3),Arithmetic,Uniform,0.78941,0.16276,000.00004578,000.00360837,000.00385857,000.02134759,000.33
Tournament (k=3),Arithmetic,Uniform,0.49195,0.04390,000.00000000,000.05090737,000.04690552,000.18008581,000.19
Tournament (k=3),Arithmetic,Uniform,0.91514,0.30000,000.11427307,001.37658358,001.58819008,000.83200222,000.27
Tournament (k=3),Blend,Gaussian,0.41200,0.05705,000.00000000,000.00035119,000.00032043,000.00545272,000.23
Tournament (k=3),Arithmetic,Uniform,0.78941,0.04390,000.00000381,000.03767361,000.04416847,000.16187757,000.25
Tournament (k=3),Blend,Gaussian,0.40000,0.30000,000.00823975,000.16699509,000.17722702,000.26961902,000.43
Tournament (k=3),Arithmetic,Uniform,0.62318,0.04023,000.00017548,000.05673709,000.06851387,000.24180019,000.23
Tournament (k=3),Arithmetic,Uniform,0.88849,0.17762,000.00024796,000.02697086,000.02747536,000.23631908,000.32
Tournament (k=3),Blend,Gaussian,0.42436,0.03378,000.00000000,000.00177288,000.00110817,000.01686504,000.26
Tournament (k=3),Arithmetic,Uniform,0.94259,0.17762,000.00106812,000.03206015,000.03178024,000.24214175,000.25
Tournament (k=3),Arithmetic,Uniform,0.74410,0.14915,000.00000381,000.00138745,000.00149155,000.00826589,000.32
Tournament (k=3),Arithmetic,Uniform,0.76642,0.08830,000.00000000,000.00682197,000.00686264,000.03860393,000.28
Tournament (k=3),Arithmetic,Uniform,0.68096,0.08830,000.00000000,000.00451980,000.00412178,000.01889005,000.22
Tournament (k=3),Arithmetic,Uniform,0.55369,0.04791,000.00000000,000.04394159,000.04626656,000.26275110,000.21
Tournament (k=3),Arithmetic,Uniform,0.83749,0.05228,000.00004578,000.02761683,000.02393532,000.15306632,000.26
Tournament (k=3),Arithmetic,Uniform,0.97087,0.09637,000.00000381,000.00453491,000.00431061,000.24532637,000.22
Tournament (k=3),Arithmetic,Uniform,0.86261,0.03095,000.00001144,000.10429540,000.09771156,000.33697739,000.26
Tournament (k=3),Arithmetic,Uniform,0.94259,0.02000,000.00152206,000.43800163,000.48563766,000.67133194,000.22
Tournament (k=3),Blend,Gaussian,0.41200,0.17762,000.00000381,000.00039482,000.00042343,000.00218997,000.42
Tournament (k=3),Arithmetic,Uniform,0.55369,0.14915,000.00000000,000.00096455,000.00101280,000.00437501,000.26
Tournament (k=3),Arithmetic,Uniform,0.46371,0.30000,000.08425903,000.92132074,001.13998795,000.69908535,000.42
Tournament (k=3),Arithmetic,Uniform,0.78941,0.17762,000.00072098,000.01788101,000.01704025,000.14099705,000.28
Tournament (k=3),Blend,Gaussian,0.41200,0.06226,000.00000000,000.00038991,000.00034332,000.00202927,000.26
Tournament (k=3),Arithmetic,Uniform,0.70139,0.14915,000.00001526,000.00089159,000.00078201,000.01211944,000.32
Tournament (k=3),Arithmetic,Uniform,0.78941,0.04791,000.00000000,000.03714108,000.03218460,000.25201562,000.27
Tournament (k=3),Arithmetic,Uniform,0.47762,0.08830,000.00000381,000.00900578,000.01012611,000.05949472,000.22
Tournament (k=3),Arithmetic,Uniform,0.68096,0.02599,000.00000000,000.20507021,000.15102196,000.44628656,000.18
Tournament (k=3),Arithmetic,Uniform,0.64187,0.23084,000.00964355,000.34368524,000.30559540,000.61930192,000.30
Tournament (k=3),Arithmetic,Uniform,0.72243,0.02599,000.00000381,000.17988920,000.19751167,000.42356569,000.24
Tournament (k=3),Arithmetic,Uniform,0.60503,0.02837,000.00000000,000.14678220,000.13916206,000.50882113,000.18
Tournament (k=3),Arithmetic,Uniform,0.53756,0.27490,000.01028061,000.63911122,000.69686127,000.73472601,000.28
Tournament (k=3),Arithmetic,Uniform,0.47762,0.21153,000.00182343,000.06891284,000.07401657,000.29453325,000.30
Tournament (k=3),Arithmetic,Uniform,0.60503,0.08092,000.00000763,000.00864983,000.00924873,000.03941896,000.29
Tournament (k=3),Arithmetic,Uniform,0.97087,0.03378,000.00009155,000.19587931,000.12781715,000.57769918,000.26
Tournament (k=3),Arithmetic,Uniform,0.91514,0.03095,000.00005341,000.13778448,000.13224030,000.43324262,000.25
Tournament (k=3),Arithmetic,Uniform,0.45020,0.02183,000.00000000,000.26543435,000.23724365,000.54569685,000.19
Tournament (k=3),Arithmetic,Uniform,1.00000,0.05705,000.00011444,000.05126371,000.03013992,000.59464675,000.20
Tournament (k=3),Arithmetic,Uniform,0.81310,0.08830,000.00000000,000.00563478,000.00578499,000.10782401,000.22
Tournament (k=3),Arithmetic,Uniform,0.45020,0.19383,000.00007629,000.02200456,000.02747726,000.13462026,000.32
Tournament (k=3),Arithmetic,Uniform,0.66113,0.14915,000.00000000,000.00086608,000.00090408,000.02063404,000.32
Tournament (k=3),Arithmetic,Uniform,0.97087,0.30000,000.18759155,001.43452036,001.68883896,000.91439587,000.36
Tournament (k=3),Arithmetic,Uniform,0.45020,0.08092,000.00000000,000.01083450,000.01057053,000.08162655,000.26
Tournament (k=3),Arithmetic,Uniform,0.86261,0.27490,000.09117126,001.04666483,001.27258873,000.92286146,000.34
Tournament (k=3),Arithmetic,Uniform,0.78941,0.05228,000.00004578,000.02700043,000.01974106,000.17344229,000.24
Tournament (k=3),Arithmetic,Uniform,0.60503,0.03095,000.00005341,000.09911156,000.10014153,000.41802296,000.19
Tournament (k=3),Blend,Gaussian,0.43709,0.02000,000.00000000,000.00554833,000.00369072,000.05266142,000.20
Tournament (k=3),Arithmetic,Uniform,0.68096,0.02837,000.00000000,000.12499370,000.10787010,000.37737909,000.24
Tournament (k=3),Arithmetic,Uniform,0.78941,0.19383,000.00086212,000.06529560,000.07040405,000.41539964,000.36
Tournament (k=3),Blend,Gaussian,0.42436,0.10516,000.00000000,000.00006056,000.00003815,000.00212821,000.33
Tournament (k=3),Arithmetic,Uniform,0.91514,0.09637,000.00000381,000.00372529,000.00296974,000.14826164,000.30
Tournament (k=3),Arithmetic,Uniform,0.40000,0.02183,000.00000000,000.26307207,000.21383667,000.51457477,000.17
Tournament (k=3),Arithmetic,Uniform,0.60503,0.08830,000.00000000,000.00783277,000.01000786,000.04930529,000.25
Tournament (k=3),Arithmetic,Uniform,0.97087,0.03686,000.00000000,000.13451977,000.11743164,000.44662878,000.24
Tournament (k=3),Arithmetic,Uniform,0.66113,0.04791,000.00020599,000.05407510,000.05383682,000.22229871,000.20
Tournament (k=3),Arithmetic,Uniform,0.64187,0.25191,000.02219391,000.57718456,000.68856812,000.67919552,000.37
Tournament (k=3),Blend,Gaussian,0.43709,0.06226,000.00000000,000.00031667,000.00016212,000.01149846,000.24
Tournament (k=3),Arithmetic,Uniform,0.70139,0.04791,000.00002670,000.03465767,000.03863144,000.14608639,000.25
Tournament (k=3),Arithmetic,Uniform,0.47762,0.23084,000.00393295,000.23674703,000.22561646,000.43939427,000.33
Tournament (k=3),Arithmetic,Uniform,0.53756,0.30000,000.03617096,001.04723573,001.24693680,000.75479531,000.35
Tournament (k=3),Blend,Gaussian,0.40000,0.03378,000.00000000,000.00210309,000.00152969,000.01882170,000.21
Tournament (k=3),Arithmetic,Uniform,0.72243,0.08830,000.00000381,000.00515056,000.00441551,000.06297798,000.28
Tournament (k=3),Arithmetic,Uniform,0.45020,0.21153,000.00445557,000.06427026,000.08303261,000.28782871,000.34
Tournament (k=3),Arithmetic,Uniform,1.00000,0.17762,000.00051880,000.03106928,000.03092957,000.17387919,000.33
Tournament (k=3),Arithmetic,Uniform,0.43709,0.13667,000.00000763,000.00270815,000.00251770,000.01394372,000.30
Tournament (k=3),Arithmetic,Uniform,0.57030,0.23084,000.01388168,000.27094692,000.27452469,000.45683596,000.28
Tournament (k=3),Arithmetic,Uniform,0.58741,0.11476,000.00000000,000.00231318,000.00206947,000.03071804,000.29
Tournament (k=3),Arithmetic,Uniform,0.64187,0.08830,000.00000000,000.00801849,000.00836372,000.09100997,000.22
Tournament (k=3),Arithmetic,Uniform,0.57030,0.02837,000.00022888,000.15366650,000.14097977,000.41994977,000.18
Tournament (k=3),Blend,Gaussian,0.43709,0.19383,000.00004578,000.00251822,000.00278091,000.00634196,000.34
Tournament (k=3),Arithmetic,Uniform,0.43709,0.03686,000.00000000,000.08889852,000.10376930,000.28074282,000.18
Tournament (k=3),Arithmetic,Uniform,0.76642,0.02837,000.00003433,000.10688219,000.09794235,000.39645705,000.25
Tournament (k=3),Arithmetic,Uniform,0.86261,0.08830,000.00005341,000.00495529,000.00492668,000.05453987,000.21
Tournament (k=3),Arithmetic,Uniform,0.83749,0.14915,000.00001526,000.00122142,000.00143242,000.13485447,000.31
Tournament (k=3),Arithmetic,Uniform,0.53756,0.02837,000.00001144,000.18666902,000.15241814,000.39701566,000.24
Tournament (k=3),Blend,Gaussian,0.40000,0.03686,000.00000000,000.00313463,000.00292206,000.01856648,000.23
Tournament (k=3),Arithmetic,Gaussian,1.00000,0.10516,000.00000000,000.00186534,000.00067520,000.24251536,000.33
Tournament (k=3),Arithmetic,Uniform,0.76642,0.30000,000.02770615,001.25526488,001.53554153,000.84936774,000.35
Tournament (k=3),Arithmetic,Uniform,0.72243,0.21153,000.00694275,000.13132067,000.13781738,000.47623333,000.27
Tournament (k=3),Blend,Gaussian,0.45020,0.03686,000.00000000,000.00190053,000.00203705,000.01272507,000.27
Tournament (k=3),Arithmetic,Uniform,0.42436,0.02382,000.00009537,000.21861443,000.24349403,000.46112475,000.18
Tournament (k=3),Blend,Gaussian,0.40000,0.10516,000.00000000,000.00011320,000.00011063,000.00171835,000.34
Tournament (k=3),Arithmetic,Uniform,0.57030,0.07415,000.00000763,000.01734433,000.01853180,000.06404699,000.22
Tournament (k=3),Arithmetic,Uniform,0.72243,0.09637,000.00000000,000.00352745,000.00304222,000.10256469,000.30
Tournament (k=3),Blend,Gaussian,0.46371,0.02183,000.00000000,000.00375309,000.00233459,000.16186960,000.26
Tournament (k=3),Arithmetic,Uniform,0.49195,0.04791,000.00000381,000.05018220,000.04123497,000.23456615,000.20
Tournament (k=3),Blend,Gaussian,0.45020,0.11476,000.00000000,000.00003152,000.00002289,000.00143947,000.30
Tournament (k=3),Arithmetic,Uniform,1.00000,0.19383,000.00492859,000.14807935,000.12042999,000.54411960,000.31
Tournament (k=3),Arithmetic,Uniform,0.58741,0.12524,000.00000000,000.00120354,000.00101089,000.00897081,000.31
Tournament (k=3),Arithmetic,Uniform,0.52190,0.04791,000.00000381,000.04619317,000.05577278,000.26818812,000.25
Tournament (k=3),Arithmetic,Uniform,0.45020,0.23084,000.00131226,000.16986766,000.17602539,000.39931163,000.33
Tournament (k=3),Arithmetic,Uniform,0.62318,0.04390,000.00008392,000.05963831,000.06471634,000.21592441,000.19
Tournament (k=3),Blend,Gaussian,0.41200,0.02000,000.00000000,000.00442963,000.00281715,000.17097522,000.20
Tournament (k=3),Arithmetic,Uniform,0.42436,0.23084,000.01100922,000.14810172,000.14090919,000.40904292,000.33
Tournament (k=3),Arithmetic,Uniform,0.50670,0.27490,000.03219604,000.65153247,000.74471283,000.65752006,000.35
Tournament (k=3),Arithmetic,Uniform,0.60503,0.21153,000.00133514,000.09754191,000.11690521,000.35560867,000.27
Tournament (k=3),Arithmetic,Uniform,0.94259,0.19383,000.00182343,000.13873911,000.11108208,000.47677606,000.26
Tournament (k=3),Blend,Gaussian,0.42436,0.03686,000.00000000,000.00159907,000.00117874,000.01315230,000.27
Tournament (k=3),Arithmetic,Uniform,0.81310,0.27490,000.04386902,000.96986276,001.22995377,000.72588724,000.35
Tournament (k=3),Arithmetic,Uniform,0.49195,0.05228,000.00002289,000.04351282,000.04671097,000.20081620,000.20
Tournament (k=3),Arithmetic,Uniform,0.57030,0.08092,000.00000000,000.00936213,000.00962067,000.06359607,000.24
Tournament (k=3),Arithmetic,Uniform,0.94259,0.02183,000.00099564,000.33647442,000.34023857,000.60894024,000.18
Tournament (k=3),Arithmetic,Uniform,0.88849,0.19383,000.00145340,000.07469507,000.07386208,000.38474292,000.33
Tournament (k=3),Arithmetic,Uniform,0.76642,0.09637,000.00000000,000.00427165,000.00434685,000.02060277,000.27
Tournament (k=3),Arithmetic,Uniform,0.52190,0.05228,000.00000000,000.03269468,000.03437614,000.19190717,000.20
Tournament (k=3),Arithmetic,Uniform,0.83749,0.05705,000.00001526,000.02178750,000.02017975,000.17348856,000.26
Tournament (k=3),Arithmetic,Uniform,0.72243,0.10516,000.00000000,000.00229797,000.00195503,000.00904655,000.28
Tournament (k=3),Arithmetic,Uniform,0.86261,0.03378,000.00002289,000.09532175,000.09022903,000.39788753,000.25
Tournament (k=3),Arithmetic,Uniform,0.74410,0.16276,000.00004196,000.00324154,000.00292397,000.01578430,000.32
Tournament (k=3),Arithmetic,Uniform,0.47762,0.02000,000.00000763,000.27194229,000.25876808,000.58116513,000.22
Tournament (k=3),Blend,Gaussian,0.41200,0.02183,000.00000000,000.00535755,000.00391388,000.10282130,000.20
Tournament (k=3),Blend,Gaussian,0.41200,0.06795,000.00000000,000.00037351,000.00033379,000.00433942,000.24
Tournament (k=3),Arithmetic,Uniform,0.64187,0.02599,000.00004578,000.12202349,000.12669563,000.42752203,000.18
Tournament (k=3),Blend,Gaussian,0.41200,0.19383,000.00008392,000.00207696,000.00223541,000.00747121,000.35
Tournament (k=3),Blend,Gaussian,0.46371,0.06795,000.00000000,000.00012197,000.00006294,000.00239165,000.29
Tournament (k=3),Arithmetic,Uniform,0.60503,0.23084,000.01091385,000.22718148,000.24830437,000.40515697,000.30
Tournament (k=3),Arithmetic,Uniform,0.72243,0.02837,000.00000000,000.09810071,000.10663223,000.37514755,000.24
Tournament (k=3),Arithmetic,Uniform,0.74410,0.04791,000.00003815,000.03112550,000.03044319,000.26586518,000.25
Tournament (k=3),Arithmetic,Uniform,1.00000,0.06226,000.00000381,000.05246158,000.04419327,000.42240179,000.20
Tournament (k=3),Arithmetic,Uniform,0.88849,0.05705,000.00004196,000.02050800,000.02628899,000.19550553,000.26
Tournament (k=3),Arithmetic,Uniform,0.94259,0.05228,000.00000000,000.05353083,000.05304527,000.33059350,000.20
Tournament (k=3),Arithmetic,Uniform,0.45020,0.02382,000.00000000,000.20408598,000.16061783,000.43642926,000.23
Tournament (k=3),Arithmetic,Uniform,0.58741,0.04390,000.00001526,000.05439124,000.04989815,000.25467512,000.25
Tournament (k=3),Arithmetic,Uniform,0.50670,0.30000,000.02742767,000.85779315,001.15428734,000.68302518,000.37
Tournament (k=3),Arithmetic,Uniform,0.91514,0.03378,000.00091171,000.13366146,000.12660599,000.35318518,000.25
Tournament (k=3),Arithmetic,Uniform,0.81310,0.09637,000.00000381,000.00389466,000.00353241,000.02107505,000.22
Tournament (k=3),Arithmetic,Uniform,0.86261,0.03686,000.00015259,000.09254122,000.08618355,000.39542753,000.26
Tournament (k=3),Arithmetic,Uniform,0.78941,0.05705,000.00000763,000.02187366,000.01995277,000.16741484,000.21
Tournament (k=3),Arithmetic,Uniform,0.60503,0.03378,000.00001526,000.08579168,000.07724190,000.27088490,000.19
Tournament (k=3),Arithmetic,Uniform,0.68096,0.25191,000.03690720,000.51307166,000.59655190,000.55236435,000.35
Tournament (k=3),Blend,Gaussian,0.43709,0.02183,000.00000000,000.00540142,000.00556374,000.12550181,000.20
Tournament (k=3),Arithmetic,Uniform,0.74410,0.17762,000.00035858,000.01654835,000.01511765,000.16860896,000.33
Tournament (k=3),Arithmetic,Uniform,0.86261,0.30000,000.19430542,001.36936891,001.60683060,000.94175732,000.35
Tournament (k=3),Arithmetic,Uniform,0.97087,0.04023,000.00028610,000.09679528,000.08462906,000.52855229,000.19
Tournament (k=3),Arithmetic,Uniform,0.66113,0.05228,000.00004578,000.03294363,000.03188705,000.21418683,000.20
Tournament (k=3),Blend,Gaussian,0.46371,0.21153,000.00025177,000.01157689,000.01233482,000.07434481,000.41
Tournament (k=3),Blend,Gaussian,0.46371,0.07415,000.00000000,000.00036268,000.00019073,000.00289789,000.32
Tournament (k=3),Blend,Gaussian,0.42436,0.11476,000.00000000,000.00004268,000.00002480,000.00124887,000.28
Tournament (k=3),Arithmetic,Uniform,0.58741,0.04791,000.00000000,000.05145874,000.05876732,000.19282666,000.25
Tournament (k=3),Blend,Gaussian,0.43709,0.06795,000.00000000,000.00019326,000.00013924,000.00455746,000.25
Tournament (k=3),Blend,Gaussian,0.47762,0.04023,000.00000000,000.00119648,000.00084496,000.00910341,000.27
Tournament (k=3),Arithmetic,Uniform,0.91514,0.03686,000.00000000,000.10727868,000.09994698,000.39324296,000.26
Tournament (k=3),Arithmetic,Uniform,0.60503,0.09637,000.00000000,000.00531650,000.00442505,000.02916822,000.28
Tournament (k=3),Arithmetic,Uniform,0.91514,0.10516,000.00000000,000.00105243,000.00082970,000.01748880,000.30
Tournament (k=3),Arithmetic,Uniform,0.47762,0.25191,000.00990295,000.30126697,000.32117081,000.47378090,000.27
Tournament (k=3),Arithmetic,Uniform,0.78941,0.21153,000.00188065,000.17466173,000.19657516,000.41795543,000.34
Tournament (k=3),Arithmetic,Uniform,0.81310,0.02837,000.00004578,000.11682940,000.12288857,000.38427421,000.19
Tournament (k=3),Arithmetic,Uniform,0.86261,0.04023,000.00000000,000.07320733,000.09224701,000.23455618,000.26
Tournament (k=3),Arithmetic,Uniform,0.64187,0.09637,000.00000763,000.00484042,000.00471115,000.06444559,000.23
Tournament (k=3),Arithmetic,Uniform,0.57030,0.25191,000.00625610,000.49920034,000.51376915,000.58555216,000.28
Tournament (k=3),Arithmetic,Uniform,0.43709,0.04023,000.00000763,000.09328108,000.06728935,000.26663283,000.18
Tournament (k=3),Arithmetic,Uniform,0.62318,0.14915,000.00000381,000.00081115,000.00092125,000.00658447,000.31
Tournament (k=3),Arithmetic,Uniform,0.88849,0.02000,000.00236130,000.32286769,000.25884056,000.62632477,000.25
Tournament (k=3),Arithmetic,Uniform,0.97087,0.04390,000.00084305,000.11649451,000.11607742,000.40241891,000.26
Tournament (k=3),Blend,Gaussian,0.47762,0.12524,000.00000000,000.00001540,000.00000763,000.00144804,000.36
Tournament (k=3),Blend,Gaussian,0.40000,0.04023,000.00000000,000.00115714,000.00109291,000.01119062,000.22
Tournament (k=3),Arithmetic,Uniform,0.76642,0.03095,000.00000763,000.09787836,000.11019135,000.33768994,000.25
Tournament (k=3),Arithmetic,Uniform,0.53756,0.03095,000.00000763,000.14518619,000.12799835,000.43802693,000.24
Tournament (k=3),Blend,Gaussian,0.49195,0.02382,000.00000000,000.00310307,000.00217819,000.10186163,000.21
Tournament (k=3),Arithmetic,Uniform,0.91514,0.04023,000.00011444,000.08101372,000.08639145,000.44143736,000.25
Tournament (k=3),Arithmetic,Uniform,0.68096,0.09637,000.00000000,000.00418563,000.00339317,000.09550525,000.22
Tournament (k=3),Arithmetic,Uniform,0.55369,0.05228,000.00000763,000.03525104,000.02770805,000.13676545,000.20
Tournament (k=3),Arithmetic,Uniform,0.72243,0.23084,000.02206039,000.37628779,000.29064751,000.68603075,000.27
Tournament (k=3),Blend,Gaussian,0.46371,0.08092,000.00000000,000.00019960,000.00008774,000.00126455,000.30
Tournament (k=3),Arithmetic,Gaussian,1.00000,0.11476,000.00000000,000.00037470,000.00020027,000.10381044,000.29
Tournament (k=3),Blend,Gaussian,0.45020,0.04023,000.00000000,000.00088658,000.00061607,000.01805907,000.28
Tournament (k=3),Arithmetic,Uniform,0.83749,0.16276,000.00003052,000.00344663,000.00302505,000.02341146,000.32
Tournament (k=3),Blend,Gaussian,0.46371,0.02382,000.00000000,000.00202212,000.00089264,000.08660246,000.23
Tournament (k=3),Blend,Gaussian,0.40000,0.11476,000.00000000,000.00005050,000.00004578,000.00075770,000.34
Tournament (k=3),Arithmetic,Uniform,0.97087,0.10516,000.00000000,000.00125298,000.00109863,000.03969350,000.30
Tournament (k=3),Blend,Gaussian,0.40000,0.04390,000.00000000,000.00103340,000.00081062,000.01348006,000.22
Tournament (k=3),Arithmetic,Uniform,0.53756,0.03378,000.00000000,000.14130187,000.15648270,000.34356433,000.22
Tournament (k=3),Arithmetic,Uniform,0.55369,0.16276,000.00000763,000.00280304,000.00280571,000.02676214,000.27
Tournament (k=3),Arithmetic,Uniform,0.58741,0.13667,000.00000000,000.00129342,000.00154686,000.00680676,000.30
Tournament (k=3),Blend,Gaussian,0.45020,0.12524,000.00000000,000.00000863,000.00000763,000.00040382,000.36
Tournament (k=3),Arithmetic,Uniform,0.55369,0.05705,000.00000000,000.02553063,000.02342415,000.25063640,000.20
Tournament (k=3),Arithmetic,Uniform,1.00000,0.21153,000.01116180,000.30174580,000.25743103,000.59639108,000.34
Tournament (k=3),Arithmetic,Uniform,0.57030,0.08830,000.00000000,000.00954876,000.00842285,000.02981887,000.23
Tournament (k=3),Blend,Gaussian,0.42436,0.04023,000.00000000,000.00075412,000.00050163,000.00870652,000.27
Tournament (k=3),Arithmetic,Uniform,0.91514,0.04390,000.00044250,000.06982231,000.06661987,000.34920800,000.28
Tournament (k=3),Blend,Gaussian,0.49195,0.07415,000.00000000,000.00015402,000.00006866,000.00245847,000.26
Tournament (k=3),Arithmetic,Uniform,0.70139,0.16276,000.00001907,000.00410662,000.00528908,000.04297646,000.32
Tournament (k=3),Arithmetic,Uniform,0.45020,0.25191,000.00439835,000.35025749,000.39330292,000.58621162,000.34
Tournament (k=3),Arithmetic,Uniform,0.72243,0.25191,000.03845978,000.67863941,000.91242599,000.70708311,000.31
Tournament (k=3),Blend,Gaussian,0.46371,0.02599,000.00000000,000.00160050,000.00126648,000.10291447,000.28
Tournament (k=3),Arithmetic,Uniform,0.83749,0.17762,000.00062943,000.03257780,000.02775955,000.21597329,000.32
Tournament (k=3),Arithmetic,Uniform,0.83749,0.06226,000.00000763,000.02237453,000.02111244,000.13751316,000.27
Tournament (k=3),Arithmetic,Uniform,0.64187,0.02837,000.00000381,000.14277768,000.15109062,000.42744187,000.19
Tournament (k=3),Arithmetic,Uniform,0.72243,0.11476,000.00000763,000.00111980,000.00094986,000.00633959,000.24
Tournament (k=3),Blend,Gaussian,0.41200,0.02382,000.00000000,000.00536489,000.00468063,000.14218511,000.20
Tournament (k=3),Blend,Gaussian,0.46371,0.08830,000.00000000,000.00013137,000.00006485,000.00298188,000.39
Tournament (k=3),Arithmetic,Uniform,0.47762,0.02183,000.00000381,000.26623830,000.29227638,000.49180502,000.23
Tournament (k=3),Arithmetic,Uniform,1.00000,0.02000,000.00308990,000.50909424,000.62483025,000.64503235,000.25
Tournament (k=3),Blend,Gaussian,0.49195,0.23084,000.00021362,000.03370748,000.03605652,000.14322415,000.42
Tournament (k=3),Blend,Gaussian,0.41200,0.07415,000.00000000,000.00018106,000.00014496,000.00356427,000.25
Tournament (k=3),Arithmetic,Uniform,0.66113,0.16276,000.00004196,000.00338855,000.00321198,000.01766414,000.30
Tournament (k=3),Arithmetic,Uniform,0.74410,0.05228,000.00008774,000.03486199,000.03722572,000.23688632,000.20
Tournament (k=3),Arithmetic,Uniform,0.68096,0.03095,000.00000381,000.10514741,000.09775162,000.38918775,000.25
Tournament (k=3),Arithmetic,Uniform,0.72243,0.03095,000.00006104,000.11772165,000.12182236,000.33726609,000.23
Tournament (k=3),Arithmetic,Uniform,0.60503,0.25191,000.01900482,000.50714612,000.56836700,000.56283849,000.27
Tournament (k=3),Arithmetic,Uniform,1.00000,0.06795,000.00000000,000.08459477,000.04488373,000.53029919,000.26
Tournament (k=3),Arithmetic,Uniform,0.88849,0.06226,000.00015259,000.02097449,000.01843643,000.12460086,000.27
Tournament (k=3),Arithmetic,Uniform,0.94259,0.05705,000.00022125,000.03119435,000.03180885,000.27465618,000.23
Tournament (k=3),Arithmetic,Uniform,0.45020,0.02599,000.00000381,000.12619010,000.12711906,000.41703725,000.22
Tournament (k=3),Blend,Gaussian,0.41200,0.21153,000.00049973,000.00960531,000.00971413,000.03779004,000.39
Tournament (k=3),Arithmetic,Uniform,0.60503,0.03686,000.00000763,000.07881913,000.06930351,000.28213656,000.19
Tournament (k=3),Arithmetic,Uniform,0.81310,0.10516,000.00000000,000.00144081,000.00181198,000.00766381,000.24
Tournament (k=3),Arithmetic,Uniform,0.83749,0.06795,000.00000000,000.02002554,000.01923752,000.14118594,000.25
Tournament (k=3),Arithmetic,Uniform,0.64187,0.03095,000.00000000,000.13746877,000.13513565,000.34212899,000.24
Tournament (k=3),Arithmetic,Uniform,0.64187,0.27490,000.04496384,000.84044325,001.14689064,000.62700373,000.28
Tournament (k=3),Arithmetic,Uniform,0.78941,0.06226,000.00001526,000.01828098,000.01763725,000.18721014,000.27
Tournament (k=3),Arithmetic,Uniform,0.68096,0.03378,000.00000000,000.09657216,000.09957123,000.28011993,000.25
Tournament (k=3),Arithmetic,Uniform,0.86261,0.09637,000.00002289,000.00385098,000.00403595,000.09401562,000.22
Tournament (k=3),Arithmetic,Uniform,0.74410,0.19383,000.00163651,000.06754689,000.07284355,000.33893958,000.32
Tournament (k=3),Arithmetic,Uniform,0.58741,0.05228,000.00000000,000.02942724,000.02426529,000.19036305,000.25
Tournament (k=3),Blend,Gaussian,0.43709,0.07415,000.00000000,000.00027084,000.00015068,000.00398303,000.25
Tournament (k=3),Arithmetic,Uniform,0.66113,0.17762,000.00007248,000.01094637,000.01098633,000.12962788,000.33
Tournament (k=3),Blend,Gaussian,0.47762,0.04390,000.00000000,000.00067258,000.00037003,000.02431489,000.23
Tournament (k=3),Arithmetic,Uniform,0.68096,0.27490,000.02775955,000.85389566,001.09880257,000.78965420,000.37
Tournament (k=3),Blend,Gaussian,0.46371,0.09637,000.00000000,000.00004840,000.00003815,000.00080412,000.42
Tournament (k=3),Blend,Gaussian,0.42436,0.12524,000.00000000,000.00001755,000.00001526,000.00038522,000.30
Tournament (k=3),Arithmetic,Uniform,0.81310,0.03095,000.00009918,000.11863957,000.11082268,000.39170316,000.19
Tournament (k=3),Arithmetic,Uniform,0.78941,0.02000,000.00010681,000.25123277,000.25503159,000.51737976,000.24
Tournament (k=3),Blend,Gaussian,0.43709,0.21153,000.00077057,000.01172705,000.01121140,000.02760944,000.40
Tournament (k=3),Arithmetic,Uniform,0.83749,0.07415,000.00000381,000.01113543,000.01125336,000.12056346,000.24
Tournament (k=3),Arithmetic,Uniform,0.60503,0.10516,000.00000000,000.00354753,000.00275993,000.01757092,000.28
Tournament (k=3),Blend,Gaussian,0.49195,0.25191,000.00307465,000.08651948,000.11424446,000.23485853,000.45
Tournament (k=3),Arithmetic,Uniform,0.64187,0.10516,000.00000000,000.00204773,000.00129700,000.02466664,000.23
Tournament (k=3),Arithmetic,Uniform,0.47762,0.27490,000.04552841,000.57080364,000.63098526,000.61550772,000.28
Tournament (k=3),Blend,Gaussian,0.46371,0.23084,000.00122452,000.03734584,000.04104233,000.06854594,000.42
Tournament (k=3),Arithmetic,Uniform,0.91514,0.11476,000.00000000,000.00085840,000.00067902,000.01488872,000.30
Tournament (k=3),Arithmetic,Uniform,0.86261,0.04390,000.00000000,000.05230536,000.05832481,000.23566395,000.25
Tournament (k=3),Arithmetic,Uniform,0.86261,0.10516,000.00000000,000.00226779,000.00125504,000.12195969,000.26
Tournament (k=3),Arithmetic,Uniform,0.57030,0.27490,000.03903580,000.65860933,000.94132042,000.72909230,000.29
Tournament (k=3),Blend,Gaussian,0.49195,0.02599,000.00000000,000.00167723,000.00112343,000.10219789,000.21
Tournament (k=3),Arithmetic,Uniform,0.88849,0.02183,000.00226974,000.28059548,000.31014252,000.50741875,000.25
Tournament (k=3),Arithmetic,Uniform,0.94259,0.02382,000.00136185,000.28987828,000.34120178,000.51463157,000.19
Tournament (k=3),Arithmetic,Uniform,0.97087,0.04791,000.00013733,000.04204645,000.03979874,000.38598886,000.27
Tournament (k=3),Arithmetic,Uniform,0.76642,0.03378,000.00000381,000.08460369,000.08736610,000.34235558,000.25
Tournament (k=3),Arithmetic,Uniform,0.94259,0.21153,000.00453186,000.25517231,000.22860146,000.61188167,000.26
Tournament (k=3),Arithmetic,Uniform,0.68096,0.10516,000.00000000,000.00245790,000.00155258,000.01131672,000.23
Tournament (k=3),Arithmetic,Uniform,0.62318,0.16276,000.00003433,000.00314693,000.00304222,000.01377453,000.34
Tournament (k=3),Blend,Gaussian,0.47762,0.13667,000.00000000,000.00001068,000.00000763,000.00013105,000.33
Tournament (k=3),Blend,Gaussian,0.40000,0.04791,000.00000000,000.00092168,000.00078201,000.00821267,000.23
Tournament (k=3),Arithmetic,Uniform,0.68096,0.30000,000.12822723,001.15077949,001.31771851,000.84220678,000.35
Tournament (k=3),Arithmetic,Uniform,0.64187,0.11476,000.00000763,000.00113678,000.00114632,000.01074080,000.26
Tournament (k=3),Arithmetic,Uniform,0.52190,0.05705,000.00007629,000.03133063,000.03197861,000.17566592,000.26
Tournament (k=3),Blend,Gaussian,0.45020,0.04390,000.00000000,000.00106487,000.00074959,000.09907386,000.29
Tournament (k=3),Arithmetic,Uniform,0.81310,0.30000,000.13541412,001.31078374,001.42194176,000.79796225,000.36
Tournament (k=3),Arithmetic,Uniform,0.88849,0.21153,000.00595093,000.22019967,000.23452568,000.49513894,000.34
Tournament (k=3),Arithmetic,Uniform,0.91514,0.12524,000.00000000,000.00045986,000.00043488,000.00353114,000.33
Tournament (k=3),Arithmetic,Uniform,0.94259,0.02599,000.00019836,000.22512989,000.17945480,000.56707621,000.18
Tournament (k=3),Arithmetic,Uniform,0.55369,0.06226,000.00000000,000.02883477,000.03018379,000.14117169,000.21
Tournament (k=3),Arithmetic,Uniform,0.55369,0.17762,000.00002670,000.00656652,000.00668716,000.07574613,000.27
Tournament (k=3),Blend,Gaussian,0.50670,0.04390,000.00000000,000.00052586,000.00024223,000.00642267,000.29
Tournament (k=3),Arithmetic,Uniform,0.76642,0.03686,000.00000000,000.10145326,000.11532211,000.31172311,000.22
Tournament (k=3),Arithmetic,Uniform,0.57030,0.09637,000.00000381,000.00508361,000.00427437,000.03883649,000.23
Tournament (k=3),Arithmetic,Uniform,0.97087,0.05228,000.00000381,000.07446651,000.07530022,000.58220506,000.27
Tournament (k=3),Arithmetic,Uniform,0.58741,0.14915,000.00000381,000.00170369,000.00143051,000.01337448,000.32
Tournament (k=3),Blend,Gaussian,0.46371,0.25191,000.00372314,000.06908922,000.06740189,000.17102101,000.45
Tournament (k=3),Blend,Gaussian,0.42436,0.04390,000.00000000,000.00113621,000.00082207,000.01559401,000.26
Tournament (k=3),Arithmetic,Uniform,1.00000,0.23084,000.01312637,000.53783476,000.62038231,000.65255421,000.34
Tournament (k=3),Blend,Gaussian,0.49195,0.08092,000.00000000,000.00005679,000.00002289,000.00329168,000.27
Tournament (k=3),Arithmetic,Uniform,0.72243,0.27490,000.06861877,000.89179993,001.17503738,000.75108802,000.27
Tournament (k=3),Blend,Gaussian,0.46371,0.02837,000.00000000,000.00193024,000.00089645,000.13976875,000.27
Tournament (k=3),Blend,Gaussian,0.52190,0.02599,000.00000000,000.00168180,000.00102425,000.10117492,000.23
Tournament (k=3),Arithmetic,Uniform,0.94259,0.02837,000.00074005,000.17437187,000.17248917,000.43637827,000.23
Tournament (k=3),Blend,Gaussian,0.47762,0.14915,000.00000000,000.00001173,000.00000763,000.00016455,000.35
Tournament (k=3),Arithmetic,Uniform,0.70139,0.17762,000.00012970,000.01206102,000.01105690,000.05590755,000.33
Tournament (k=3),Blend,Gaussian,0.41200,0.02599,000.00000000,000.00291886,000.00285530,000.03471799,000.20
Tournament (k=3),Arithmetic,Uniform,0.55369,0.02000,000.00000000,000.34023610,000.29407310,000.60142052,000.18
Tournament (k=3),Arithmetic,Uniform,0.83749,0.19383,000.00051498,000.08819237,000.08173752,000.50655770,000.32
Tournament (k=3),Blend,Gaussian,0.50670,0.13667,000.00000000,000.00000520,000.00000381,000.00059536,000.38
Tournament (k=3),Arithmetic,Uniform,0.47762,0.02382,000.00004959,000.22965784,000.22683144,000.56744909,000.23
Tournament (k=3),Blend,Gaussian,0.50670,0.04791,000.00000000,000.00028639,000.00014496,000.00640046,000.29
Tournament (k=3),Blend,Gaussian,0.43709,0.02382,000.00000000,000.00210323,000.00170898,000.01257078,000.20
Tournament (k=3),Arithmetic,Uniform,0.91514,0.13667,000.00000000,000.00054479,000.00061798,000.00391017,000.32
Tournament (k=3),Blend,Gaussian,0.52190,0.08092,000.00000000,000.00004854,000.00002480,000.00088672,000.32
Tournament (k=3),Arithmetic,Uniform,0.55369,0.19383,000.00069427,000.02838621,000.02385712,000.21704082,000.33
Tournament (k=3),Arithmetic,Uniform,0.57030,0.03095,000.00002670,000.12384553,000.14333344,000.35570207,000.18
Tournament (k=3),Arithmetic,Uniform,1.00000,0.02183,000.00006104,000.49493784,000.56200600,000.74767864,000.25
Tournament (k=3),Arithmetic,Uniform,0.72243,0.03378,000.00000000,000.07749214,000.07687378,000.35902348,000.19
Tournament (k=3),Blend,Gaussian,0.42436,0.04791,000.00000000,000.00090351,000.00072670,000.00989311,000.30
Tournament (k=3),Arithmetic,Uniform,0.66113,0.05705,000.00000381,000.03019724,000.02942276,000.19977374,000.24
Tournament (k=3),Arithmetic,Uniform,0.74410,0.05705,000.00001907,000.02184668,000.02496529,000.12959175,000.26
Tournament (k=3),Arithmetic,Uniform,1.00000,0.07415,000.00003433,000.02489591,000.01669693,000.47978115,000.21
Tournament (k=3),Blend,Gaussian,0.41200,0.02837,000.00000000,000.00309734,000.00198174,000.03777171,000.22
Tournament (k=3),Arithmetic,Uniform,0.60503,0.04023,000.00000000,000.05263867,000.05297470,000.25448447,000.19
Tournament (k=3),Arithmetic,Uniform,0.60503,0.27490,000.01320648,000.79157603,001.07792664,000.73933417,000.28
Tournament (k=3),Arithmetic,Uniform,0.88849,0.06795,000.00001526,000.01616273,000.01721001,000.26710233,000.27
Tournament (k=3),Arithmetic,Uniform,0.68096,0.03686,000.00003052,000.05436101,000.05006981,000.27894115,000.19
Tournament (k=3),Arithmetic,Uniform,0.81310,0.11476,000.00000000,000.00094662,000.00093079,000.01099894,000.24
Tournament (k=3),Blend,Gaussian,0.43709,0.02599,000.00000000,000.00369430,000.00297356,000.14320101,000.23
Tournament (k=3),Arithmetic,Uniform,0.64187,0.03378,000.00128174,000.07957844,000.07864380,000.30815914,000.24
Tournament (k=3),Arithmetic,Uniform,0.70139,0.19383,000.00092697,000.05159750,000.05642128,000.32025158,000.33
Tournament (k=3),Arithmetic,Uniform,0.78941,0.06795,000.00000763,000.01184711,000.01079178,000.11089032,000.27
Tournament (k=3),Arithmetic,Uniform,0.58741,0.05705,000.00011444,000.03042455,000.02882576,000.20183395,000.26
Tournament (k=3),Arithmetic,Uniform,0.62318,0.04791,000.00000000,000.04441505,000.04959297,000.27785695,000.20
Tournament (k=3),Arithmetic,Uniform,0.74410,0.21153,000.00849533,000.16860767,000.17260933,000.41009879,000.30
Tournament (k=3),Blend,Gaussian,0.43709,0.08092,000.00000000,000.00021791,000.00014687,000.00568244,000.26
Tournament (k=3),Blend,Gaussian,0.47762,0.04791,000.00000000,000.00056767,000.00043488,000.00734825,000.23
Tournament (k=3),Arithmetic,Uniform,0.78941,0.23084,000.01654816,000.48937130,000.69230461,000.69263774,000.36
Tournament (k=3),Blend,Gaussian,0.41200,0.23084,000.00113678,000.02571096,000.03019142,000.04938419,000.42
Tournament (k=3),Arithmetic,Uniform,0.81310,0.03378,000.00000381,000.08294282,000.09683228,000.30489221,000.19
Tournament (k=3),Arithmetic,Uniform,0.78941,0.02183,000.00008774,000.16039333,000.18559837,000.39510858,000.24
Tournament (k=3),Arithmetic,Uniform,0.66113,0.19383,000.00007629,000.04869141,000.05642128,000.24965137,000.34
Tournament (k=3),Blend,Gaussian,0.42436,0.13667,000.00000000,000.00002236,000.00003052,000.00031746,000.31
Tournament (k=3),Blend,Gaussian,0.46371,0.10516,000.00000000,000.00002031,000.00001335,000.00100923,000.34
Tournament (k=3),Blend,Gaussian,0.52190,0.25191,000.00585938,000.08228264,000.08681297,000.27385601,000.46
Tournament (k=3),Arithmetic,Uniform,0.83749,0.08092,000.00002289,000.00705023,000.00704956,000.01862952,000.28
Tournament (k=3),Arithmetic,Uniform,0.81310,0.12524,000.00000000,000.00074730,000.00064659,000.00987481,000.28
Tournament (k=3),Arithmetic,Uniform,0.76642,0.10516,000.00001526,000.00227141,000.00186729,000.10224446,000.28
Tournament (k=3),Arithmetic,Uniform,0.78941,0.07415,000.00000381,000.00969124,000.00851250,000.09851868,000.29
Tournament (k=3),Blend,Gaussian,0.49195,0.02837,000.00000000,000.00150900,000.00068855,000.03272448,000.22
Tournament (k=3),Arithmetic,Uniform,0.86261,0.11476,000.00000000,000.00058131,000.00054741,000.00759838,000.24
Tournament (k=3),Blend,Gaussian,0.43709,0.23084,000.00056458,000.03945393,000.04270554,000.07337030,000.36
Tournament (k=3),Arithmetic,Uniform,0.86261,0.04791,000.00000000,000.04463353,000.04983902,000.27782148,000.26
Tournament (k=3),Arithmetic,Uniform,0.88849,0.02382,000.00117874,000.24661812,000.24398422,000.48003060,000.24
Tournament (k=3),Blend,Gaussian,0.40000,0.12524,000.00000000,000.00003653,000.00002480,000.00085378,000.35
Tournament (k=3),Arithmetic,Uniform,0.70139,0.21153,000.00563049,000.12397289,000.13519287,000.43421081,000.31
Tournament (k=3),Arithmetic,Uniform,0.94259,0.23084,000.02693176,000.48425159,000.42347717,000.53841412,000.26
Tournament (k=3),Arithmetic,Uniform,0.57030,0.30000,000.01023865,000.79742277,001.11779213,000.71888256,000.29
Tournament (k=3),Arithmetic,Uniform,0.68096,0.11476,000.00000000,000.00126376,000.00115204,000.00770055,000.23
Tournament (k=3),Blend,Gaussian,0.49195,0.27490,000.00825119,000.15137215,000.16695786,000.28863335,000.45
Tournament (k=3),Blend,Gaussian,0.40000,0.05228,000.00000000,000.00090809,000.00062561,000.00850505,000.22
Tournament (k=3),Blend,Gaussian,0.45020,0.13667,000.00000000,000.00001307,000.00000763,000.00044585,000.36
Tournament (k=3),Arithmetic,Uniform,0.91514,0.04791,000.00003433,000.04800405,000.04764175,000.29723519,000.26
Tournament (k=3),Arithmetic,Uniform,0.83749,0.08830,000.00000763,000.00574317,000.00510979,000.03305709,000.23
Tournament (k=3),Arithmetic,Uniform,0.70139,0.02000,000.00173950,000.26110667,000.28392792,000.52691019,000.24
Tournament (k=3),Arithmetic,Uniform,0.62318,0.17762,000.00035477,000.01254411,000.01436234,000.05531440,000.32
Tournament (k=3),Arithmetic,Uniform,0.81310,0.13667,000.00000381,000.00044761,000.00038528,000.00403512,000.27
Tournament (k=3),Arithmetic,Uniform,0.83749,0.02000,000.00002670,000.28651252,000.30847549,000.56984973,000.24
Tournament (k=3),Blend,Gaussian,0.45020,0.04791,000.00000000,000.00067163,000.00047874,000.01131800,000.28
Tournament (k=3),Arithmetic,Uniform,0.58741,0.02000,000.00000000,000.23086314,000.21329498,000.49271709,000.19
Tournament (k=3),Arithmetic,Uniform,0.70139,0.05228,000.00000000,000.02259150,000.02451706,000.14790288,000.26
Tournament (k=3),Arithmetic,Uniform,0.57030,0.10516,000.00000381,000.00243359,000.00259018,000.01413366,000.23
Tournament (k=3),Arithmetic,Uniform,0.76642,0.04023,000.00000000,000.05395923,000.04784966,000.18909395,000.25
Tournament (k=3),Arithmetic,Uniform,0.72243,0.12524,000.00000000,000.00085526,000.00054169,000.00720656,000.30
Tournament (k=3),Arithmetic,Uniform,0.88849,0.23084,000.00872040,000.47433525,000.51703072,000.64864159,000.33
Tournament (k=3),Arithmetic,Uniform,0.97087,0.05705,000.00001526,000.05645099,000.05916977,000.35717833,000.27
Tournament (k=3),Arithmetic,Uniform,0.58741,0.16276,000.00002289,000.00258217,000.00278473,000.00805699,000.27
Tournament (k=3),Arithmetic,Uniform,0.86261,0.05228,000.00017548,000.03424792,000.02947426,000.21264696,000.34
Tournament (k=3),Arithmetic,Uniform,0.68096,0.12524,000.00000000,000.00099134,000.00090408,000.00884331,000.27
Tournament (k=3),Arithmetic,Uniform,0.94259,0.25191,000.04234695,000.83334160,001.09657478,000.73185670,000.32
Tournament (k=3),Arithmetic,Uniform,0.94259,0.03095,000.00002289,000.13702521,000.13250923,000.44617656,000.18
Tournament (k=3),Blend,Gaussian,0.41200,0.08092,000.00000000,000.00026112,000.00017548,000.00196132,000.26
Tournament (k=3),Arithmetic,Uniform,1.00000,0.25191,000.02299118,000.60759467,000.66930389,000.81269675,000.26
Tournament (k=3),Blend,Gaussian,0.46371,0.03095,000.00000000,000.00149455,000.00098228,000.09912878,000.26
Tournament (k=3),Blend,Gaussian,0.49195,0.08830,000.00000000,000.00008979,000.00006676,000.00250068,000.28
Tournament (k=3),Arithmetic,Uniform,0.72243,0.30000,000.06638718,001.28355277,001.47555351,000.86652416,000.28
Tournament (k=3),Arithmetic,Uniform,0.94259,0.06226,000.00003052,000.02225108,000.01726341,000.25951090,000.20
Tournament (k=3),Blend,Gaussian,0.52190,0.02837,000.00000000,000.00116806,000.00069427,000.01563256,000.28
Tournament (k=3),Arithmetic,Uniform,0.47762,0.02599,000.00000000,000.15014687,000.16481018,000.46418267,000.20
Tournament (k=3),Blend,Gaussian,0.53756,0.04791,000.00000000,000.00029454,000.00023460,000.00688544,000.29
Tournament (k=3),Arithmetic,Uniform,0.43709,0.04390,000.00006104,000.07016692,000.09378433,000.25244430,000.19
Tournament (k=3),Blend,Gaussian,0.46371,0.27490,000.01784134,000.13077125,000.13773918,000.28549156,000.45
Tournament (k=3),Arithmetic,Uniform,0.97087,0.06226,000.00012207,000.02338724,000.02357101,000.25871000,000.25
Tournament (k=3),Arithmetic,Uniform,0.57030,0.11476,000.00000763,000.00183687,000.00155830,000.02460065,000.32
Tournament (k=3),Arithmetic,Uniform,1.00000,0.02382,000.00123596,000.35336637,000.32509232,000.65097225,000.19
Tournament (k=3),Arithmetic,Uniform,0.83749,0.21153,000.00614929,000.24437413,000.21791267,000.56341207,000.34
Tournament (k=3),Blend,Gaussian,0.47762,0.16276,000.00000000,000.00006862,000.00006104,000.00032985,000.39
Tournament (k=3),Arithmetic,Uniform,0.66113,0.06226,000.00001144,000.01956635,000.01784706,000.06165106,000.20
Tournament (k=3),Arithmetic,Uniform,0.72243,0.03686,000.00028229,000.07423268,000.06944084,000.30170497,000.23
Tournament (k=3),Arithmetic,Uniform,1.00000,0.08092,000.00000381,000.01046391,000.00950241,000.29619789,000.21
Tournament (k=3),Arithmetic,Uniform,0.91514,0.14915,000.00001144,000.00218387,000.00210190,000.02117399,000.33
Tournament (k=3),Blend,Gaussian,0.41200,0.03095,000.00000000,000.00167785,000.00064659,000.08603074,000.22
Tournament (k=3),Blend,Gaussian,0.52190,0.08830,000.00000000,000.00004849,000.00002289,000.00196248,000.33
Tournament (k=3),Blend,Gaussian,0.50670,0.14915,000.00000000,000.00001783,000.00000954,000.00047056,000.40
Tournament (k=3),Arithmetic,Uniform,0.74410,0.06226,000.00000000,000.02079735,000.02046204,000.09044786,000.27
Tournament (k=3),Blend,Gaussian,0.42436,0.05228,000.00000000,000.00070233,000.00062752,000.00657899,000.31
Tournament (k=3),Arithmetic,Uniform,0.58741,0.17762,000.00025940,000.01076126,000.01003075,000.12568475,000.41
Tournament (k=3),Arithmetic,Uniform,0.88849,0.07415,000.00003815,000.01012788,000.01074982,000.14148895,000.23
Tournament (k=3),Arithmetic,Uniform,0.94259,0.27490,000.01033401,001.15802228,001.45338821,000.83828187,000.38
Tournament (k=3),Arithmetic,Uniform,0.60503,0.30000,000.03558350,000.98655432,001.30080032,000.78949022,000.29
Tournament (k=3),Blend,Gaussian,0.43709,0.02837,000.00000000,000.00159674,000.00100517,000.05190187,000.23
Tournament (k=3),Arithmetic,Uniform,0.68096,0.04023,000.00000000,000.05601306,000.04628754,000.24114631,000.25
Tournament (k=3),Blend,Gaussian,0.53756,0.14915,000.00000000,000.00001225,000.00001144,000.00013051,000.34
Tournament (k=3),Arithmetic,Uniform,0.62318,0.05228,000.00000000,000.02290731,000.02451134,000.12867618,000.20
Tournament (k=3),Arithmetic,Uniform,0.58741,0.06226,000.00000763,000.02320805,000.02626038,000.09214493,000.22
Tournament (k=3),Arithmetic,Uniform,0.60503,0.11476,000.00000000,000.00235834,000.00201607,000.01309207,000.30
Tournament (k=3),Arithmetic,Uniform,0.97087,0.06795,000.00000381,000.03092537,000.02639198,000.44736364,000.27
Tournament (k=3),Blend,Gaussian,0.55369,0.02837,000.00000000,000.00140486,000.00028610,000.02123305,000.28
Tournament (k=3),Blend,Gaussian,0.47762,0.05228,000.00000000,000.00038147,000.00031853,000.00722691,000.26
Tournament (k=3),Arithmetic,Uniform,0.97087,0.11476,000.00000000,000.00081482,000.00031281,000.01840000,000.31
Tournament (k=3),Blend,Gaussian,0.43709,0.08830,000.00000000,000.00012102,000.00006104,000.00157918,000.27
Tournament (k=3),Arithmetic,Uniform,0.78941,0.02382,000.00006866,000.29307359,000.30212402,000.49618399,000.25
Tournament (k=3),Arithmetic,Uniform,0.74410,0.06795,000.00001144,000.01192446,000.00951576,000.14187548,000.29
Tournament (k=3),Arithmetic,Uniform,0.74410,0.23084,000.00550842,000.47137713,000.43152809,000.59715974,000.38
Tournament (k=3),Blend,Gaussian,0.43709,0.03095,000.00000000,000.00221481,000.00149536,000.10216219,000.25
Tournament (k=3),Arithmetic,Uniform,0.78941,0.25191,000.01445007,000.61920017,000.76686478,000.71844834,000.38
Tournament (k=3),Arithmetic,Uniform,0.62318,0.05705,000.00001526,000.02560272,000.02650261,000.09818569,000.23
Tournament (k=3),Arithmetic,Uniform,0.88849,0.08092,000.00000000,000.00722737,000.00756454,000.18026395,000.29
Tournament (k=3),Arithmetic,Uniform,0.66113,0.21153,000.00223541,000.14838371,000.13217163,000.45898813,000.34
Tournament (k=3),Arithmetic,Uniform,0.76642,0.11476,000.00000381,000.00118470,000.00116539,000.00824667,000.24
Tournament (k=3),Blend,Gaussian,0.49195,0.03095,000.00000000,000.00096955,000.00040817,000.02360923,000.22
Tournament (k=3),Blend,Gaussian,0.41200,0.25191,000.00106049,000.06734443,000.07907867,000.15211567,000.42
Tournament (k=3),Arithmetic,Uniform,0.58741,0.06795,000.00000000,000.01274881,000.01240158,000.04843249,000.27
Tournament (k=3),Blend,Gaussian,0.55369,0.03095,000.00000000,000.00149446,000.00044250,000.03234904,000.24
Tournament (k=3),Blend,Gaussian,0.55369,0.08830,000.00000000,000.00005193,000.00002289,000.00114524,000.35
Tournament (k=3),Arithmetic,Uniform,0.78941,0.08092,000.00000763,000.00625219,000.00700760,000.05922656,000.28
Tournament (k=3),Blend,Gaussian,0.46371,0.11476,000.00000000,000.00001822,000.00001144,000.00042486,000.38
Tournament (k=3),Arithmetic,Uniform,0.88849,0.02599,000.00014114,000.17781039,000.17675018,000.43748832,000.25
Tournament (k=3),Blend,Gaussian,0.52190,0.27490,000.00175476,000.15012026,000.17656517,000.30153340,000.40
Tournament (k=3),Blend,Gaussian,0.40000,0.05705,000.00000000,000.00048914,000.00039291,000.00492635,000.24
Tournament (k=3),Blend,Gaussian,0.43709,0.25191,000.00540924,000.07760463,000.08379555,000.17287499,000.37
Tournament (k=3),Arithmetic,Uniform,0.97087,0.12524,000.00000000,000.00026574,000.00027466,000.00470775,000.33
Tournament (k=3),Arithmetic,Uniform,0.70139,0.23084,000.01047516,000.47654086,000.58712578,000.62044173,000.34
Tournament (k=3),Arithmetic,Uniform,0.58741,0.02183,000.00000000,000.32610226,000.28656769,000.50590169,000.18
Tournament (k=3),Arithmetic,Uniform,0.70139,0.02183,000.00012589,000.25948936,000.32115936,000.50834328,000.24
Tournament (k=3),Blend,Gaussian,0.49195,0.03378,000.00000000,000.00084410,000.00065041,000.01419514,000.23
Tournament (k=3),Arithmetic,Uniform,0.91514,0.05228,000.00000000,000.04714089,000.04418564,000.31031236,000.26
Tournament (k=3),Arithmetic,Uniform,0.62318,0.06226,000.00000000,000.01473646,000.01603317,000.12257513,000.26
Tournament (k=3),Arithmetic,Uniform,0.81310,0.14915,000.00001144,000.00128002,000.00129700,000.01134351,000.25
Tournament (k=3),Arithmetic,Uniform,0.62318,0.19383,000.00027084,000.03460612,000.03803635,000.25152597,000.27
Tournament (k=3),Blend,Gaussian,0.45020,0.14915,000.00000000,000.00002308,000.00002289,000.00056219,000.33
Tournament (k=3),Arithmetic,Uniform,0.76642,0.04390,000.00000000,000.04976325,000.04881287,000.20772409,000.22
Tournament (k=3),Blend,Gaussian,0.45020,0.05228,000.00000000,000.00064220,000.00045204,000.00369601,000.29
Tournament (k=3),Arithmetic,Uniform,0.70139,0.05705,000.00001144,000.02409782,000.02057076,000.19330342,000.26
Tournament (k=3),Blend,Gaussian,0.49195,0.30000,000.02086639,000.26462922,000.31284523,000.42140248,000.47
Tournament (k=3),Arithmetic,Uniform,0.57030,0.03378,000.00000000,000.13696399,000.12371445,000.32078540,000.18
Tournament (k=3),Arithmetic,Uniform,0.72243,0.13667,000.00000000,000.00036817,000.00036812,000.00355223,000.31
Tournament (k=3),Arithmetic,Uniform,0.94259,0.03378,000.00473785,000.22948226,000.22010994,000.49511862,000.19
Tournament (k=3),Arithmetic,Uniform,0.88849,0.25191,000.02388000,000.79228652,001.11218262,000.77487379,000.34
Tournament (k=3),Blend,Gaussian,0.50670,0.05228,000.00000000,000.00054355,000.00020218,000.00899805,000.30
Tournament (k=3),Blend,Gaussian,0.55369,0.27490,000.00128555,000.17258683,000.17583275,000.33655289,000.39
Tournament (k=3),Arithmetic,Uniform,0.68096,0.13667,000.00000381,000.00046663,000.00048256,000.00214892,000.25
Tournament (k=3),Blend,Gaussian,0.41200,0.27490,000.00171280,000.10941162,000.12394142,000.18397668,000.46
Tournament (k=3),Blend,Gaussian,0.49195,0.03686,000.00000000,000.00132566,000.00075722,000.11388593,000.26
Tournament (k=3),Arithmetic,Uniform,0.81310,0.16276,000.00001907,000.00366855,000.00336075,000.01408852,000.26
Tournament (k=3),Blend,Gaussian,0.52190,0.03095,000.00000000,000.00106978,000.00057602,000.01830733,000.22
Tournament (k=3),Arithmetic,Uniform,0.97087,0.13667,000.00000000,000.00053625,000.00048065,000.09953535,000.33
Tournament (k=3),Blend,Gaussian,0.49195,0.09637,000.00000000,000.00004082,000.00002670,000.00085195,000.28
Tournament (k=3),Arithmetic,Uniform,0.64187,0.30000,000.03873062,001.10462451,001.35654259,000.86533278,000.35
Tournament (k=3),Arithmetic,Uniform,0.62318,0.06795,000.00001526,000.01662412,000.01704025,000.12131536,000.31
Tournament (k=3),Arithmetic,Uniform,1.00000,0.27490,000.05795288,001.28997040,001.39688683,000.85895538,000.35
Tournament (k=3),Arithmetic,Uniform,0.62318,0.21153,000.00449371,000.07366443,000.07392502,000.27599436,000.33
Tournament (k=3),Blend,Gaussian,0.45020,0.05705,000.00000000,000.00047245,000.00028038,000.00810774,000.31
Tournament (k=3),Arithmetic,Uniform,1.00000,0.02599,000.00058746,000.40310630,000.35114288,000.70619589,000.19
Tournament (k=3),Blend,Gaussian,0.53756,0.05228,000.00000000,000.00034170,000.00011444,000.00586260,000.30
Tournament (k=3),Blend,Gaussian,0.57030,0.05228,000.00000000,000.00023522,000.00004578,000.00412822,000.25
Tournament (k=3),Blend,Gaussian,0.45020,0.16276,000.00000000,000.00006113,000.00005150,000.00026196,000.37
Tournament (k=3),Arithmetic,Uniform,0.64187,0.03686,000.00000000,000.06774459,000.05658150,000.36511964,000.25
Tournament (k=3),Arithmetic,Uniform,0.66113,0.06795,000.00000000,000.01950889,000.01637459,000.07830221,000.23
Tournament (k=3),Arithmetic,Uniform,0.72243,0.04023,000.00000000,000.06429253,000.06743050,000.26535490,000.22
Tournament (k=3),Arithmetic,Uniform,1.00000,0.08830,000.00000381,000.01371589,000.00972176,000.26713774,000.22
Tournament (k=3),Blend,Gaussian,0.41200,0.03378,000.00000000,000.00266910,000.00198746,000.10673523,000.21
Tournament (k=3),Arithmetic,Uniform,0.81310,0.03686,000.00000763,000.06827326,000.07043076,000.17760640,000.18
Tournament (k=3),Arithmetic,Uniform,0.83749,0.23084,000.01248169,000.49158916,000.39518738,000.77413601,000.34
Tournament (k=3),Blend,Gaussian,0.57030,0.16276,000.00000000,000.00006018,000.00005150,000.00031497,000.36
Tournament (k=3),Blend,Gaussian,0.52190,0.09637,000.00000000,000.00001125,000.00000763,000.00102552,000.29
Tournament (k=3),Arithmetic,Uniform,0.91514,0.16276,000.00007629,000.00850615,000.00913239,000.04104135,000.33
Tournament (k=3),Blend,Gaussian,0.47762,0.17762,000.00001907,000.00054069,000.00043869,000.00435079,000.40
Tournament (k=3),Blend,Gaussian,0.46371,0.30000,000.01246262,000.19557138,000.21683502,000.33728901,000.46
Tournament (k=3),Blend,Gaussian,0.42436,0.05705,000.00000000,000.00030379,000.00029373,000.00374522,000.29
Tournament (k=3),Arithmetic,Uniform,0.62318,0.02000,000.00002670,000.41658431,000.46470070,000.58195871,000.23
Tournament (k=3),Arithmetic,Uniform,0.64187,0.12524,000.00000000,000.00105805,000.00081062,000.00703269,000.24
Tournament (k=3),Arithmetic,Uniform,1.00000,0.02837,000.00024796,000.34758100,000.31198883,000.64158618,000.26
Tournament (k=3),Arithmetic,Uniform,0.62318,0.23084,000.01939392,000.37738150,000.35500908,000.60567117,000.30
Tournament (k=3),Arithmetic,Uniform,0.68096,0.04390,000.00000000,000.05215292,000.05170822,000.23593330,000.25
Tournament (k=3),Arithmetic,Uniform,0.66113,0.07415,000.00000000,000.01999335,000.02278709,000.10898612,000.23
Tournament (k=3),Blend,Gaussian,0.50670,0.16276,000.00000000,000.00006156,000.00006676,000.00099465,000.40
Tournament (k=3),Arithmetic,Uniform,0.86261,0.12524,000.00000000,000.00042357,000.00032806,000.01854965,000.23
Tournament (k=3),Blend,Gaussian,0.47762,0.05705,000.00000000,000.00046573,000.00024414,000.00525901,000.24
Tournament (k=3),Arithmetic,Uniform,0.97087,0.07415,000.00001144,000.01607866,000.01402473,000.39421767,000.28
Tournament (k=3),Blend,Gaussian,0.42436,0.14915,000.00000000,000.00003614,000.00003052,000.00046717,000.38
Tournament (k=3),Blend,Gaussian,0.53756,0.16276,000.00000000,000.00007668,000.00008202,000.00065121,000.36
Tournament (k=3),Arithmetic,Uniform,0.74410,0.07415,000.00000763,000.01332269,000.01572227,000.06139375,000.22
Tournament (k=3),Arithmetic,Uniform,0.78941,0.02599,000.00000000,000.17459507,000.15866852,000.41955876,000.25
Tournament (k=3),Blend,Gaussian,0.43709,0.09637,000.00000000,000.00007806,000.00004768,000.00106488,000.28
Tournament (k=3),Blend,Gaussian,0.43709,0.03378,000.00000000,000.00261140,000.00266647,000.03006659,000.22
Tournament (k=3),Blend,Gaussian,0.47762,0.02000,000.00000000,000.00562153,000.00417328,000.06693282,000.25
Tournament (k=3),Blend,Gaussian,0.40000,0.13667,000.00000000,000.00004392,000.00003815,000.00122744,000.37
Tournament (k=3),Arithmetic,Uniform,1.00000,0.03095,000.00017929,000.29169482,000.24974823,000.55866241,000.24
Tournament (k=3),Arithmetic,Uniform,0.83749,0.02183,000.00001526,000.33374768,000.38930702,000.54381394,000.25
Tournament (k=3),Blend,Gaussian,0.55369,0.03378,000.00000000,000.00070767,000.00039101,000.01177248,000.23
Tournament (k=3),Blend,Gaussian,0.42436,0.06226,000.00000000,000.00050497,000.00043106,000.00719482,000.29
Tournament (k=3),Arithmetic,Uniform,0.88849,0.08830,000.00000000,000.00513277,000.00384903,000.09683772,000.29
Tournament (k=3),Arithmetic,Uniform,0.78941,0.08830,000.00000000,000.00390501,000.00378036,000.02084570,000.24
Tournament (k=3),Blend,Gaussian,0.58741,0.03095,000.00000000,000.00088158,000.00023651,000.00924110,000.29
Tournament (k=3),Arithmetic,Uniform,0.74410,0.25191,000.03240585,000.75076485,001.04947472,000.70450228,000.34
Tournament (k=3),Arithmetic,Uniform,0.66113,0.23084,000.00941849,000.33912367,000.27849579,000.59939086,000.34
Tournament (k=3),Arithmetic,Uniform,0.88849,0.02837,000.00187683,000.14391914,000.11086464,000.43898886,000.25
Tournament (k=3),Arithmetic,Uniform,0.86261,0.05705,000.00014114,000.02889514,000.02668381,000.13048659,000.20
Tournament (k=3),Blend,Gaussian,0.40000,0.06226,000.00000000,000.00043378,000.00047112,000.00563154,000.24
Tournament (k=3),Blend,Gaussian,0.55369,0.09637,000.00000000,000.00002074,000.00000954,000.00071896,000.33
Tournament (k=3),Blend,Gaussian,0.46371,0.12524,000.00000000,000.00001864,000.00001526,000.00033208,000.37
Tournament (k=3),Arithmetic,Uniform,0.70139,0.02382,000.00000000,000.20623036,000.20619965,000.46598428,000.24
Tournament (k=3),Blend,Gaussian,0.58741,0.09637,000.00000000,000.00000596,000.00000000,000.00032992,000.29
Tournament (k=3),Blend,Gaussian,0.55369,0.03686,000.00000000,000.00046682,000.00022888,000.00714602,000.24
Tournament (k=3),Arithmetic,Uniform,0.83749,0.02382,000.00000000,000.28134593,000.28726006,000.54772061,000.25
Tournament (k=3),Arithmetic,Uniform,0.94259,0.06795,000.00001907,000.02076082,000.01861572,000.22663404,000.21
Tournament (k=3),Blend,Gaussian,0.43709,0.27490,000.00535583,000.12205605,000.14621735,000.25415152,000.38
Tournament (k=3),Arithmetic,Uniform,0.91514,0.05705,000.00001526,000.03069863,000.03254890,000.19805987,000.27
Tournament (k=3),Arithmetic,Uniform,0.70139,0.25191,000.01900101,000.64394629,000.78283501,000.68817520,000.34
Tournament (k=3),Arithmetic,Uniform,0.88849,0.09637,000.00000763,000.00284123,000.00273323,000.13738728,000.25
Tournament (k=3),Arithmetic,Uniform,0.78941,0.09637,000.00001526,000.00288749,000.00317955,000.02633817,000.24
Tournament (k=3),Blend,Gaussian,0.52190,0.30000,000.00531769,000.22618333,000.27068329,000.31326678,000.44
Tournament (k=3),Blend,Gaussian,0.41200,0.08830,000.00000000,000.00006933,000.00004578,000.00262281,000.32
Tournament (k=3),Arithmetic,Uniform,0.76642,0.04791,000.00000000,000.02495918,000.02882385,000.16800150,000.26
Tournament (k=3),Arithmetic,Uniform,0.57030,0.03686,000.00004578,000.05971103,000.06246948,000.32364810,000.19
Tournament (k=3),Blend,Gaussian,0.42436,0.06795,000.00000000,000.00024052,000.00011826,000.00335281,000.31
Tournament (k=3),Arithmetic,Uniform,0.47762,0.02837,000.00000000,000.17449889,000.15687943,000.43125516,000.23
Tournament (k=3),Arithmetic,Uniform,0.70139,0.06226,000.00000763,000.02050343,000.01931000,000.18977445,000.26
Tournament (k=3),Blend,Gaussian,0.50670,0.02000,000.00000000,000.00347476,000.00231171,000.17417072,000.26
Tournament (k=3),Arithmetic,Uniform,0.94259,0.03686,000.00000763,000.10777149,000.09937859,000.38751987,000.19
Tournament (k=3),Arithmetic,Uniform,0.72243,0.14915,000.00000000,000.00079184,000.00065994,000.01051583,000.32
Tournament (k=3),Blend,Gaussian,0.49195,0.04023,000.00000000,000.00080876,000.00045013,000.00691942,000.23
Tournament (k=3),Arithmetic,Uniform,0.68096,0.14915,000.00000000,000.00115910,000.00094795,000.00609959,000.25
Tournament (k=3),Arithmetic,Uniform,0.62318,0.07415,000.00000000,000.01450911,000.01380539,000.19094586,000.21
Tournament (k=3),Arithmetic,Uniform,0.81310,0.17762,000.00077057,000.02172923,000.02031898,000.20895495,000.25
Tournament (k=3),Blend,Gaussian,0.50670,0.05705,000.00000000,000.00030451,000.00011063,000.00353075,000.30
Tournament (k=3),Arithmetic,Uniform,0.88849,0.10516,000.00000000,000.00160389,000.00158310,000.01381200,000.26
Tournament (k=3),Arithmetic,Uniform,0.88849,0.27490,000.12673187,001.25135589,001.44311905,000.78524500,000.35
Tournament (k=3),Blend,Gaussian,0.49195,0.10516,000.00000000,000.00002346,000.00001144,000.00052078,000.29
Tournament (k=3),Arithmetic,Uniform,0.97087,0.14915,000.00001526,000.00154839,000.00146866,000.00686894,000.31
Tournament (k=3),Blend,Gaussian,0.57030,0.05705,000.00000000,000.00015216,000.00005341,000.00460378,000.25
Tournament (k=3),Blend,Gaussian,0.41200,0.09637,000.00000000,000.00007558,000.00005341,000.00095676,000.33
Tournament (k=3),Arithmetic,Uniform,0.58741,0.19383,000.00133896,000.04337483,000.04921532,000.15236071,000.33
Tournament (k=3),Arithmetic,Uniform,0.70139,0.27490,000.01270676,000.71142650,000.94578552,000.75279361,000.39
Tournament (k=3),Blend,Gaussian,0.53756,0.05705,000.00000000,000.00017061,000.00008965,000.00386209,000.30
Tournament (k=3),Blend,Gaussian,0.55369,0.30000,000.00784302,000.24857950,000.24715614,000.42027786,000.43
Tournament (k=3),Arithmetic,Uniform,1.00000,0.30000,000.04731369,001.38693893,001.54791451,000.97751606,000.37
Tournament (k=3),Arithmetic,Uniform,0.64187,0.04023,000.00004196,000.08039732,000.09532928,000.31766459,000.25
Tournament (k=3),Blend,Gaussian,0.41200,0.30000,000.00716019,000.18223587,000.21510315,000.32666734,000.45
Tournament (k=3),Arithmetic,Uniform,0.72243,0.04390,000.00004578,000.04224968,000.04556465,000.17791341,000.19
Tournament (k=3),Arithmetic,Uniform,0.94259,0.30000,000.03903198,001.37171650,001.61299515,001.05380511,000.40
Tournament (k=3),Arithmetic,Uniform,0.81310,0.04023,000.00001526,000.06437240,000.04770660,000.34322956,000.18
Tournament (k=3),Blend,Gaussian,0.41200,0.03686,000.00000000,000.00158048,000.00093269,000.01559032,000.21
Tournament (k=3),Arithmetic,Uniform,1.00000,0.09637,000.00000000,000.00329671,000.00174141,000.29176018,000.22
Tournament (k=3),Arithmetic,Uniform,0.60503,0.12524,000.00000000,000.00160308,000.00137138,000.00844655,000.30
Tournament (k=3),Arithmetic,Uniform,0.62318,0.02183,000.00000000,000.18738022,000.21547127,000.44409963,000.18
Tournament (k=3),Blend,Gaussian,0.50670,0.06226,000.00000000,000.00018644,000.00005150,000.00554820,000.33
Tournament (k=3),Blend,Gaussian,0.45020,0.17762,000.00000381,000.00050635,000.00049400,000.00234157,000.42
Tournament (k=3),Arithmetic,Uniform,0.83749,0.09637,000.00000381,000.00385766,000.00368881,000.02128982,000.22
Tournament (k=3),Arithmetic,Uniform,0.81310,0.19383,000.00279999,000.07706456,000.06579399,000.33029351,000.37
Tournament (k=3),Blend,Gaussian,0.58741,0.30000,000.00576019,000.32763809,000.33793449,000.53364265,000.57
Tournament (k=3),Blend,Gaussian,0.60503,0.05705,000.00000000,000.00011220,000.00002289,000.00546374,000.39
Tournament (k=3),Blend,Gaussian,0.40000,0.02000,000.00000000,000.00615640,000.00337982,000.14338651,000.24
Tournament (k=3),Blend,Gaussian,0.52190,0.10516,000.00000000,000.00001311,000.00000763,000.00046142,000.29
Tournament (k=3),Arithmetic,Uniform,0.83749,0.25191,000.02446747,000.89093542,001.16124725,000.74082804,000.34
Tournament (k=3),Arithmetic,Uniform,0.64187,0.04390,000.00000000,000.04963803,000.04393387,000.22922075,000.26
Tournament (k=3),Blend,Gaussian,0.57030,0.17762,000.00000381,000.00088186,000.00083733,000.00536686,000.35
Tournament (k=3),Arithmetic,Uniform,0.91514,0.17762,000.00040054,000.02648621,000.03078461,000.20358792,000.32
Tournament (k=3),Arithmetic,Uniform,0.66113,0.08092,000.00000763,000.00962071,000.00965500,000.03104471,000.21
Tournament (k=3),Arithmetic,Uniform,0.78941,0.27490,000.02186584,001.06731141,001.30392456,000.89679831,000.35
Tournament (k=3),Arithmetic,Uniform,0.68096,0.04791,000.00000000,000.03044229,000.02846909,000.19952512,000.26
Tournament (k=3),Arithmetic,Uniform,0.86261,0.13667,000.00000000,000.00046663,000.00035477,000.00592325,000.24
Tournament (k=3),Blend,Gaussian,0.47762,0.06226,000.00000000,000.00020185,000.00013351,000.00569396,000.25
Tournament (k=3),Blend,Gaussian,0.47762,0.19383,000.00011826,000.00294447,000.00293732,000.00984660,000.41
Tournament (k=3),Arithmetic,Uniform,0.78941,0.02837,000.00001526,000.12595387,000.14128876,000.35619047,000.24
Tournament (k=3),Arithmetic,Uniform,0.97087,0.08092,000.00000381,000.00958781,000.00706100,000.30774182,000.28
Tournament (k=3),Arithmetic,Uniform,0.74410,0.02000,000.00000000,000.21153641,000.19737434,000.52159941,000.17
Tournament (k=3),Arithmetic,Uniform,0.74410,0.08092,000.00000000,000.00838008,000.00791359,000.03499541,000.27
Tournament (k=3),Blend,Gaussian,0.40000,0.02183,000.00000000,000.00623875,000.00396538,000.06439310,000.25
Tournament (k=3),Blend,Gaussian,0.60503,0.17762,000.00001907,000.00126452,000.00138283,000.00451728,000.42
Tournament (k=3),Blend,Gaussian,0.43709,0.10516,000.00000000,000.00005674,000.00003815,000.00077251,000.28
Tournament (k=3),Blend,Gaussian,0.42436,0.16276,000.00000000,000.00004148,000.00003815,000.00051701,000.32
Tournament (k=3),Blend,Gaussian,0.50670,0.17762,000.00000000,000.00059667,000.00071144,000.00329673,000.41
Tournament (k=3),Arithmetic,Uniform,1.00000,0.03378,000.00127411,000.29643115,000.27236176,000.52116793,000.25
Tournament (k=3),Blend,Gaussian,0.53756,0.17762,000.00000763,000.00066910,000.00054359,000.00484506,000.36
Tournament (k=3),Blend,Gaussian,0.46371,0.03378,000.00000000,000.00163045,000.00069427,000.01403297,000.27
Tournament (k=3),Arithmetic,Uniform,0.83749,0.27490,000.00934601,001.05839324,001.28904724,000.76588470,000.28
Tournament (k=3),Blend,Gaussian,0.52190,0.11476,000.00000000,000.00001469,000.00000763,000.00057161,000.32
Tournament (k=3),Blend,Gaussian,0.58741,0.03378,000.00000000,000.00068355,000.00019455,000.06016441,000.29
Tournament (k=3),Blend,Gaussian,0.62318,0.03378,000.00000000,000.00040264,000.00020027,000.01163752,000.29
Tournament (k=3),Arithmetic,Uniform,0.74410,0.27490,000.01815796,001.05968583,001.27009010,000.87428218,000.32
Tournament (k=3),Arithmetic,Uniform,0.86261,0.14915,000.00000763,000.00133224,000.00110245,000.01804446,000.28
Tournament (k=3),Blend,Gaussian,0.47762,0.06795,000.00000000,000.00023293,000.00017357,000.00450366,000.28
Tournament (k=3),Blend,Gaussian,0.40000,0.06795,000.00000000,000.00040174,000.00023270,000.00349649,000.25
Tournament (k=3),Arithmetic,Uniform,0.86261,0.06226,000.00008011,000.01702070,000.02002907,000.15478747,000.28
Tournament (k=3),Arithmetic,Uniform,0.70139,0.02599,000.00000000,000.15231094,000.13630676,000.43413308,000.24
Tournament (k=3),Blend,Gaussian,0.55369,0.04023,000.00000000,000.00032945,000.00027657,000.00989620,000.24
Tournament (k=3),Arithmetic,Uniform,0.94259,0.07415,000.00000000,000.01977420,000.01768303,000.40597808,000.21
Tournament (k=3),Arithmetic,Uniform,0.83749,0.02599,000.00005722,000.21940574,000.19510460,000.45754635,000.24
Tournament (k=3),Blend,Gaussian,0.47762,0.21153,000.00038910,000.01377716,000.01524162,000.03138494,000.42
Tournament (k=3),Blend,Gaussian,0.53756,0.02000,000.00000000,000.00250707,000.00076103,000.22678940,000.21
Tournament (k=3),Blend,Gaussian,0.58741,0.10516,000.00000000,000.00000248,000.00000000,000.00033799,000.31
Tournament (k=3),Blend,Gaussian,0.55369,0.10516,000.00000000,000.00001545,000.00000954,000.00064628,000.33
Tournament (k=3),Arithmetic,Uniform,0.91514,0.06226,000.00000000,000.01605997,000.01831245,000.19355002,000.27
Tournament (k=3),Blend,Gaussian,0.52190,0.03378,000.00000000,000.00083399,000.00036240,000.02668748,000.28
Tournament (k=3),Arithmetic,Uniform,0.66113,0.02000,000.00051880,000.37693077,000.37376976,000.69236094,000.24
Tournament (k=3),Arithmetic,Uniform,0.76642,0.05228,000.00000000,000.02590313,000.02631760,000.17656472,000.20
Tournament (k=3),Arithmetic,Uniform,0.78941,0.10516,000.00000000,000.00114393,000.00110435,000.02319235,000.30
Tournament (k=3),Blend,Gaussian,0.46371,0.13667,000.00000000,000.00001483,000.00000954,000.00025919,000.37
Tournament (k=3),Blend,Gaussian,0.45020,0.06226,000.00000000,000.00029750,000.00014305,000.00478044,000.30
Tournament (k=3),Arithmetic,Uniform,0.94259,0.04023,000.00019455,000.09350362,000.10046577,000.45800373,000.22
Tournament (k=3),Blend,Gaussian,0.42436,0.07415,000.00000000,000.00017080,000.00013351,000.00423898,000.31
Tournament (k=3),Blend,Gaussian,0.64187,0.02000,000.00000000,000.00027490,000.00005341,000.19642445,000.23
Tournament (k=3),Blend,Gaussian,0.43709,0.30000,000.02032471,000.19825855,000.23417473,000.31821898,000.45
Tournament (k=3),Blend,Gaussian,0.50670,0.02183,000.00000000,000.00205884,000.00103378,000.14087340,000.27
Tournament (k=3),Blend,Gaussian,0.49195,0.04390,000.00000000,000.00060411,000.00031662,000.00648171,000.26
Tournament (k=3),Blend,Gaussian,0.40000,0.07415,000.00000000,000.00029049,000.00017548,000.00197999,000.30
Tournament (k=3),Arithmetic,Uniform,0.72243,0.16276,000.00000763,000.00302863,000.00321007,000.01958409,000.29
Tournament (k=3),Arithmetic,Uniform,0.88849,0.11476,000.00000000,000.00059395,000.00061035,000.00901128,000.24
Tournament (k=3),Blend,Gaussian,0.62318,0.10516,000.00000000,000.00000196,000.00000000,000.00031905,000.41
Tournament (k=3),Arithmetic,Uniform,0.66113,0.02183,000.00000000,000.28330269,000.29210472,000.50665325,000.24
Tournament (k=3),Arithmetic,Uniform,0.76642,0.05705,000.00001526,000.03006892,000.03055000,000.23831432,000.27
Tournament (k=3),Blend,Gaussian,0.49195,0.11476,000.00000000,000.00000839,000.00000572,000.00033796,000.31
Tournament (k=3),Blend,Gaussian,0.52190,0.03686,000.00000000,000.00103536,000.00056076,000.00955798,000.31
Tournament (k=3),Arithmetic,Uniform,0.91514,0.06795,000.00011444,000.01692953,000.01537323,000.31102327,000.32
Tournament (k=3),Arithmetic,Uniform,0.88849,0.30000,000.08094025,001.24790382,001.59271049,000.93416399,000.36
Tournament (k=3),Blend,Gaussian,0.57030,0.02000,000.00000000,000.00178032,000.00089073,000.19432370,000.21
Tournament (k=3),Arithmetic,Uniform,0.64187,0.13667,000.00000763,000.00128465,000.00101662,000.00912922,000.24
Tournament (k=3),Arithmetic,Uniform,0.97087,0.02000,000.00018311,000.43862391,000.50805283,000.69990575,000.18
Tournament (k=3),Arithmetic,Uniform,0.76642,0.12524,000.00000000,000.00054908,000.00060654,000.00779199,000.24
Tournament (k=3),Blend,Gaussian,0.55369,0.11476,000.00000000,000.00000434,000.00000381,000.00008935,000.41
Tournament (k=3),Arithmetic,Uniform,0.81310,0.04390,000.00000000,000.06240959,000.06946564,000.27431044,000.19
Tournament (k=3),Blend,Gaussian,0.42436,0.02000,000.00000000,000.00960541,000.00409126,000.24132363,000.25
Tournament (k=3),Blend,Gaussian,0.53756,0.06226,000.00000000,000.00017638,000.00009155,000.00274464,000.31
Tournament (k=3),Arithmetic,Uniform,0.72243,0.04791,000.00002289,000.03092532,000.03144455,000.21135205,000.25
Tournament (k=3),Blend,Gaussian,0.64187,0.05705,000.00000000,000.00004015,000.00000763,000.00275508,000.39
Tournament (k=3),Arithmetic,Uniform,0.62318,0.02382,000.00000000,000.16997609,000.15696716,000.45244852,000.19
Tournament (k=3),Arithmetic,Uniform,1.00000,0.10516,000.00000000,000.00146556,000.00095749,000.02322451,000.24
Tournament (k=3),Blend,Gaussian,0.66113,0.02837,000.00000000,000.00019751,000.00008011,000.00746989,000.24
Tournament (k=3),Blend,Gaussian,0.43709,0.03686,000.00000000,000.00195885,000.00136566,000.09970318,000.22
Tournament (k=3),Arithmetic,Uniform,0.81310,0.04791,000.00004578,000.04724441,000.05197334,000.26775053,000.20
Tournament (k=3),Arithmetic,Uniform,0.83749,0.10516,000.00000000,000.00178571,000.00167084,000.01260811,000.29
Tournament (k=3),Blend,Gaussian,0.60503,0.02000,000.00000000,000.00120277,000.00045586,000.13980918,000.27
Tournament (k=3),Blend,Gaussian,0.50670,0.06795,000.00000000,000.00017700,000.00007629,000.00486352,000.31
Tournament (k=3),Blend,Gaussian,0.60503,0.06226,000.00000000,000.00008988,000.00003052,000.00238601,000.27
Tournament (k=3),Blend,Gaussian,0.47762,0.02183,000.00000000,000.00200529,000.00110054,000.10341286,000.26
Tournament (k=3),Blend,Gaussian,0.64187,0.16276,000.00000000,000.00009007,000.00008202,000.00127903,000.38
Tournament (k=3),Blend,Gaussian,0.42436,0.02183,000.00000000,000.00518017,000.00424194,000.04454770,000.24
Tournament (k=3),Arithmetic,Uniform,0.88849,0.12524,000.00000000,000.00031986,000.00026321,000.00793531,000.44
Tournament (k=3),Blend,Gaussian,0.45020,0.19383,000.00006485,000.00271258,000.00313759,000.00551818,000.41
Tournament (k=3),Arithmetic,Uniform,0.78941,0.03095,000.00000381,000.09312753,000.08609009,000.32888883,000.24
Tournament (k=3),Blend,Gaussian,0.66113,0.08092,000.00000000,000.00000734,000.00000000,000.00116896,000.34
Tournament (k=3),Arithmetic,Uniform,0.74410,0.02183,000.00000763,000.16544867,000.15524292,000.50858063,000.18
Tournament (k=3),Blend,Gaussian,0.68096,0.04023,000.00000000,000.00011001,000.00001526,000.00319833,000.27
Tournament (k=3),Blend,Gaussian,0.57030,0.19383,000.00026703,000.00508862,000.00633621,000.01254197,000.36
Tournament (k=3),Blend,Gaussian,0.40000,0.14915,000.00000000,000.00004854,000.00005913,000.00038606,000.37
Tournament (k=3),Arithmetic,Uniform,0.78941,0.30000,000.05310822,001.17465985,001.42810440,000.78267568,000.36
Tournament (k=3),Arithmetic,Uniform,0.66113,0.25191,000.03157425,000.64006782,000.69829369,000.65626806,000.34
Tournament (k=3),Blend,Gaussian,0.66113,0.23084,000.00186539,000.07525472,000.06782913,000.20724399,000.38
Tournament (k=3),Arithmetic,Uniform,0.81310,0.05228,000.00000000,000.03280373,000.02719688,000.17508996,000.21
Tournament (k=3),Arithmetic,Uniform,0.74410,0.08830,000.00000000,000.00472031,000.00457001,000.02354742,000.28
Tournament (k=3),Blend,Gaussian,0.42436,0.02382,000.00000000,000.00343533,000.00178146,000.17167987,000.24
Tournament (k=3),Arithmetic,Uniform,0.83749,0.11476,000.00000000,000.00106630,000.00099182,000.02826164,000.30
Tournament (k=3),Blend,Gaussian,0.43709,0.11476,000.00000000,000.00003033,000.00001717,000.00034945,000.29
Tournament (k=3),Blend,Gaussian,0.68096,0.11476,000.00000000,000.00000000,000.00000000,000.00001252,000.46
Tournament (k=3),Arithmetic,Uniform,0.74410,0.02382,000.00002670,000.24362421,000.25450516,000.48382887,000.22
Tournament (k=3),Blend,Gaussian,0.42436,0.17762,000.00000381,000.00038176,000.00032234,000.00194374,000.36
Tournament (k=3),Arithmetic,Uniform,0.78941,0.03378,000.00002289,000.10561452,000.11052513,000.36122218,000.28
Tournament (k=3),Arithmetic,Uniform,0.86261,0.16276,000.00018311,000.00664153,000.00531197,000.02379036,000.25
Tournament (k=3),Blend,Gaussian,0.46371,0.03686,000.00000000,000.00148897,000.00082970,000.01704636,000.31
Tournament (k=3),Blend,Gaussian,0.47762,0.07415,000.00000000,000.00018559,000.00010872,000.00223791,000.25
Tournament (k=3),Blend,Gaussian,0.62318,0.03686,000.00000000,000.00016980,000.00006866,000.09932061,000.29
Tournament (k=3),Blend,Gaussian,0.52190,0.12524,000.00000000,000.00000653,000.00000381,000.00062937,000.31
Tournament (k=3),Blend,Gaussian,0.60503,0.19383,000.00017929,000.00670614,000.00679588,000.02124016,000.44
Tournament (k=3),Blend,Gaussian,0.55369,0.04390,000.00000000,000.00022163,000.00008011,000.00432275,000.24
Tournament (k=3),Arithmetic,Uniform,0.70139,0.06795,000.00001144,000.02008548,000.02515793,000.11949284,000.27
Tournament (k=3),Blend,Gaussian,0.68096,0.04390,000.00000000,000.00003924,000.00000763,000.00664770,000.33
Tournament (k=3),Arithmetic,Uniform,0.86261,0.06795,000.00001526,000.01550250,000.01300049,000.13507976,000.27
Tournament (k=3),Blend,Gaussian,0.53756,0.19383,000.00016403,000.00575352,000.00654984,000.01842097,000.42
Tournament (k=3),Blend,Gaussian,0.50670,0.19383,000.00000763,000.00366659,000.00375557,000.02153160,000.46
Tournament (k=3),Blend,Gaussian,0.53756,0.02183,000.00000000,000.00236611,000.00127602,000.16991553,000.21
Tournament (k=3),Blend,Gaussian,0.40000,0.16276,000.00000000,000.00011559,000.00011063,000.00094246,000.42
Tournament (k=3),Arithmetic,Uniform,0.83749,0.02837,000.00014877,000.14185949,000.12539864,000.41996545,000.25
Tournament (k=3),Arithmetic,Uniform,0.74410,0.09637,000.00000000,000.00541635,000.00510406,000.04269307,000.32
Tournament (k=3),Blend,Gaussian,0.70139,0.02000,000.00000000,000.00034542,000.00009918,000.17026894,000.22
Tournament (k=3),Arithmetic,Uniform,0.94259,0.04390,000.00071335,000.09178591,000.08299065,000.41453388,000.19
Tournament (k=3),Blend,Gaussian,0.58741,0.11476,000.00000000,000.00000124,000.00000000,000.00019422,000.31
Tournament (k=3),Blend,Gaussian,0.45020,0.02000,000.00000000,000.00325952,000.00189972,000.18569918,000.20
Tournament (k=3),Blend,Gaussian,0.41200,0.10516,000.00000000,000.00005193,000.00003815,000.00164440,000.28
Tournament (k=3),Blend,Gaussian,0.57030,0.06226,000.00000000,000.00009451,000.00004387,000.00130941,000.29
Tournament (k=3),Blend,Gaussian,0.45020,0.06795,000.00000000,000.00024047,000.00020409,000.00379113,000.26
Tournament (k=3),Arithmetic,Uniform,0.97087,0.16276,000.00009155,000.00889349,000.00815392,000.10080394,000.32
Tournament (k=3),Blend,Gaussian,0.47762,0.23084,000.00175858,000.04596720,000.04661179,000.14964512,000.42
Tournament (k=3),Blend,Gaussian,0.64187,0.02183,000.00000000,000.00022397,000.00008965,000.17072077,000.28
Tournament (k=3),Arithmetic,Uniform,0.81310,0.05705,000.00000763,000.02753997,000.03022385,000.20163363,000.48
Tournament (k=3),Blend,Gaussian,0.49195,0.04791,000.00000000,000.00043693,000.00024796,000.00809891,000.25
Tournament (k=3),Arithmetic,Uniform,0.58741,0.21153,000.00218964,000.09900751,000.10959625,000.30908230,000.34
Tournament (k=3),Blend,Gaussian,0.50670,0.02382,000.00000000,000.00255871,000.00136566,000.16977412,000.27
Tournament (k=3),Blend,Gaussian,0.42436,0.08092,000.00000000,000.00026731,000.00020981,000.00165319,000.32
Tournament (k=3),Blend,Gaussian,0.41200,0.04023,000.00000000,000.00125928,000.00094032,000.01696067,000.26
Tournament (k=3),Blend,Gaussian,0.46371,0.14915,000.00000000,000.00001955,000.00001526,000.00036032,000.42
Tournament (k=3),Arithmetic,Uniform,0.66113,0.02382,000.00003052,000.15775824,000.14803123,000.47113934,000.24
Tournament (k=3),Arithmetic,Uniform,0.91514,0.02000,000.00025177,000.26306048,000.27696037,000.61935478,000.18
Tournament (k=3),Blend,Gaussian,0.70139,0.05705,000.00000000,000.00000648,000.00000000,000.00163150,000.32
Tournament (k=3),Blend,Gaussian,0.53756,0.02382,000.00000000,000.00151629,000.00078583,000.02653814,000.36
Tournament (k=3),Arithmetic,Uniform,0.97087,0.02183,000.00043488,000.33590332,000.36663055,000.62793076,000.18
Tournament (k=3),Blend,Gaussian,0.57030,0.02183,000.00000000,000.00089102,000.00022316,000.10972156,000.21
Tournament (k=3),Blend,Gaussian,0.62318,0.11476,000.00000000,000.00000095,000.00000000,000.00035560,000.32
Tournament (k=3),Blend,Gaussian,0.49195,0.12524,000.00000000,000.00001435,000.00001144,000.00054716,000.31
Tournament (k=3),Blend,Gaussian,0.52190,0.04023,000.00000000,000.00049691,000.00025749,000.00924495,000.29
Tournament (k=3),Blend,Gaussian,0.72243,0.02837,000.00000000,000.00007386,000.00000191,000.00232095,000.24
Tournament (k=3),Arithmetic,Uniform,0.91514,0.07415,000.00003052,000.02374277,000.02477455,000.27515581,000.28
Tournament (k=3),Arithmetic,Uniform,0.72243,0.05228,000.00000000,000.03092537,000.03630066,000.19465618,000.26
Tournament (k=3),Blend,Gaussian,0.70139,0.16276,000.00000000,000.00035448,000.00026703,000.00905663,000.43
Tournament (k=3),Blend,Gaussian,0.41200,0.11476,000.00000000,000.00003676,000.00003052,000.00047534,000.40
Tournament (k=3),Arithmetic,Uniform,0.91514,0.19383,000.00102615,000.08802328,000.09012222,000.40739274,000.34
Tournament (k=3),Blend,Gaussian,0.45020,0.02183,000.00000000,000.00313854,000.00164604,000.18551297,000.45
Tournament (k=3),Arithmetic,Uniform,0.97087,0.02382,000.00254440,000.34456453,000.33419991,000.64069349,000.22
Tournament (k=3),Blend,Gaussian,0.42436,0.08830,000.00000000,000.00011048,000.00007629,000.00252562,000.36
Tournament (k=3),Arithmetic,Uniform,1.00000,0.11476,000.00000000,000.00060129,000.00027847,000.01540818,000.23
Tournament (k=3),Blend,Gaussian,0.55369,0.12524,000.00000000,000.00000319,000.00000000,000.00023450,000.38
Tournament (k=3),Blend,Gaussian,0.66113,0.03095,000.00000000,000.00018373,000.00005913,000.00517294,000.23
Tournament (k=3),Blend,Gaussian,0.41200,0.04390,000.00000000,000.00115604,000.00110435,000.01634254,000.24
Tournament (k=3),Blend,Gaussian,0.64187,0.02382,000.00000000,000.00037088,000.00020027,000.10252575,000.40
Tournament (k=3),Arithmetic,Uniform,0.88849,0.03095,000.00000763,000.12051430,000.13127899,000.34373891,000.25
Tournament (k=3),Blend,Gaussian,0.47762,0.02382,000.00000000,000.00196791,000.00100708,000.02669747,000.23
Tournament (k=3),Blend,Gaussian,0.40000,0.02382,000.00000000,000.00542817,000.00316238,000.17317057,000.25
Tournament (k=3),Blend,Gaussian,0.57030,0.06795,000.00000000,000.00003047,000.00000954,000.00116552,000.52
Tournament (k=3),Blend,Gaussian,0.60503,0.06795,000.00000000,000.00003657,000.00000763,000.00122070,000.27
Tournament (k=3),Blend,Gaussian,0.60503,0.02183,000.00000000,000.00066504,000.00018501,000.10263199,000.28
Tournament (k=3),Blend,Gaussian,0.45020,0.07415,000.00000000,000.00019875,000.00014496,000.00611055,000.54
Tournament (k=3),Blend,Gaussian,0.72243,0.03095,000.00000000,000.00006061,000.00000381,000.13922818,000.28
Tournament (k=3),Blend,Gaussian,0.50670,0.07415,000.00000000,000.00006566,000.00004196,000.00337611,000.32
Tournament (k=3),Blend,Gaussian,0.72243,0.08092,000.00000000,000.00000234,000.00000000,000.00176907,000.36
Tournament (k=3),Blend,Gaussian,0.58741,0.03686,000.00000000,000.00049815,000.00024033,000.05203666,000.24
Tournament (k=3),Blend,Gaussian,0.64187,0.17762,000.00000000,000.00141025,000.00153732,000.00600623,000.42
Tournament (k=3),Arithmetic,Uniform,0.81310,0.02000,000.00000000,000.28027090,000.34210587,000.60530788,000.24
Tournament (k=3),Blend,Gaussian,0.52190,0.04390,000.00000000,000.00019326,000.00010300,000.01325631,000.45
Tournament (k=3),Blend,Gaussian,0.66113,0.08830,000.00000000,000.00000248,000.00000000,000.00040638,000.29
Tournament (k=3),Arithmetic,Uniform,0.74410,0.30000,000.13893127,001.12966979,001.39405060,000.85738069,000.29
Tournament (k=3),Arithmetic,Uniform,0.94259,0.08092,000.00000000,000.01110625,000.01105499,000.34467739,000.21
Tournament (k=3),Arithmetic,Uniform,0.70139,0.02837,000.00022125,000.20126505,000.23146248,000.34398356,000.24
Tournament (k=3),Arithmetic,Uniform,0.83749,0.30000,000.10595703,001.26991296,001.44629860,000.77965117,000.36
Tournament (k=3),Blend,Gaussian,0.45020,0.21153,000.00009155,000.00831785,000.00907516,000.03030457,000.41
Tournament (k=3),Blend,Gaussian,0.42436,0.02599,000.00000000,000.00378695,000.00338745,000.13640644,000.26
Tournament (k=3),Blend,Gaussian,0.57030,0.21153,000.00097656,000.02683611,000.02691269,000.11748443,000.37
Tournament (k=3),Arithmetic,Uniform,0.74410,0.02599,000.00036621,000.21375065,000.23552132,000.46810964,000.25
Tournament (k=3),Blend,Gaussian,0.60503,0.02382,000.00000000,000.00060873,000.00021172,000.17579637,000.28
Tournament (k=3),Blend,Gaussian,0.74410,0.04023,000.00000000,000.00003076,000.00000000,000.00424514,000.31
Tournament (k=3),Blend,Gaussian,0.72243,0.03378,000.00000000,000.00005536,000.00000381,000.09898381,000.30
Tournament (k=3),Blend,Gaussian,0.66113,0.25191,000.01206970,000.15018454,000.17911148,000.34501308,000.42
Tournament (k=3),Blend,Gaussian,0.72243,0.23084,000.01577377,000.12643871,000.12769127,000.30987322,000.47
Tournament (k=3),Blend,Gaussian,0.42436,0.19383,000.00006485,000.00270667,000.00304031,000.00571962,000.34
Tournament (k=3),Blend,Gaussian,0.46371,0.04023,000.00000000,000.00150595,000.00116920,000.00883137,000.28
Tournament (k=3),Blend,Gaussian,0.47762,0.08092,000.00000000,000.00007133,000.00003052,000.00189110,000.27
Tournament (k=3),Blend,Gaussian,0.55369,0.04791,000.00000000,000.00025940,000.00011635,000.00656720,000.25
Tournament (k=3),Arithmetic,Uniform,0.86261,0.17762,000.00049973,000.02091560,000.01652336,000.20578612,000.32
Tournament (k=3),Blend,Gaussian,0.68096,0.04791,000.00000000,000.00003233,000.00000000,000.00809831,000.26
Tournament (k=3),Arithmetic,Uniform,0.70139,0.07415,000.00002670,000.00748196,000.00738335,000.08948635,000.28
Tournament (k=3),Blend,Gaussian,0.52190,0.13667,000.00000000,000.00000706,000.00000763,000.00041716,000.32
Tournament (k=3),Blend,Gaussian,0.62318,0.04023,000.00000000,000.00019178,000.00005722,000.01310981,000.30
Tournament (k=3),Blend,Gaussian,0.74410,0.11476,000.00000000,000.00000000,000.00000000,000.00016392,000.39
Tournament (k=3),Blend,Gaussian,0.76642,0.02000,000.00000000,000.00006094,000.00000000,000.19562332,000.29
Tournament (k=3),Blend,Gaussian,0.40000,0.08092,000.00000000,000.00023718,000.00009346,000.00241538,000.25
Tournament (k=3),Arithmetic,Uniform,0.83749,0.03095,000.00000000,000.11965003,000.09928131,000.39990029,000.22
Tournament (k=3),Blend,Gaussian,0.53756,0.21153,000.00010681,000.01918831,000.02025986,000.06120970,000.38
Tournament (k=3),Arithmetic,Uniform,0.81310,0.06226,000.00003052,000.01903553,000.01906967,000.12081442,000.22
Tournament (k=3),Blend,Gaussian,0.49195,0.05228,000.00000000,000.00036278,000.00028801,000.00417403,000.24
Tournament (k=3),Blend,Gaussian,0.46371,0.04390,000.00000000,000.00084095,000.00067139,000.00899352,000.32
Tournament (k=3),Blend,Gaussian,0.76642,0.05705,000.00000000,000.00000091,000.00000000,000.00072819,000.38
Tournament (k=3),Arithmetic,Uniform,0.76642,0.13667,000.00000000,000.00061407,000.00049591,000.00606341,000.26
Tournament (k=3),Blend,Gaussian,0.47762,0.08830,000.00000000,000.00004096,000.00003433,000.00046968,000.31
Tournament (k=3),Blend,Gaussian,0.50670,0.21153,000.00149536,000.01569533,000.01590919,000.10051209,000.49
Tournament (k=3),Blend,Gaussian,0.58741,0.12524,000.00000000,000.00000129,000.00000000,000.00015660,000.33
Tournament (k=3),Blend,Gaussian,0.50670,0.02599,000.00000000,000.00216570,000.00098419,000.05005298,000.27
Tournament (k=3),Blend,Gaussian,0.76642,0.16276,000.00000381,000.00065718,000.00043488,000.00777464,000.36
Tournament (k=3),Arithmetic,Uniform,0.97087,0.17762,000.00079346,000.03784275,000.04197311,000.31821615,000.37
Tournament (k=3),Blend,Gaussian,0.78941,0.02837,000.00000000,000.00002885,000.00000000,000.13924636,000.31
Tournament (k=3),Blend,Gaussian,0.72243,0.25191,000.04145050,000.22514348,000.25375748,000.41807997,000.46
Tournament (k=3),Blend,Gaussian,0.40000,0.17762,000.00000763,000.00041122,000.00044632,000.00181011,000.55
Tournament (k=3),Blend,Gaussian,0.53756,0.06795,000.00000000,000.00011573,000.00003433,000.00368989,000.33
Tournament (k=3),Blend,Gaussian,0.64187,0.06226,000.00000000,000.00002699,000.00000763,000.00313742,000.34
Tournament (k=3),Blend,Gaussian,0.53756,0.02599,000.00000000,000.00192103,000.00168610,000.04445862,000.23
Tournament (k=3),Blend,Gaussian,0.60503,0.21153,000.00097656,000.02824864,000.03499222,000.12553637,000.71
Tournament (k=3),Arithmetic,Uniform,0.66113,0.02599,000.00000000,000.16910176,000.20121956,000.42064282,000.25
Tournament (k=3),Blend,Gaussian,0.42436,0.21153,000.00037766,000.00891733,000.00905228,000.03363495,000.52
Tournament (k=3),Arithmetic,Uniform,0.91514,0.02183,000.00189209,000.25674072,000.23463058,000.42829323,000.26
Tournament (k=3),Blend,Gaussian,0.43709,0.04023,000.00000000,000.00116372,000.00052452,000.01978199,000.23
Tournament (k=3),Blend,Gaussian,0.46371,0.16276,000.00000000,000.00012946,000.00014877,000.00198399,000.41
Tournament (k=3),Blend,Gaussian,0.57030,0.02382,000.00000000,000.00081873,000.00039673,000.13979155,000.22
Tournament (k=3),Blend,Gaussian,0.47762,0.25191,000.00391006,000.06567325,000.07162094,000.22133988,000.48
Tournament (k=3),Blend,Gaussian,0.70139,0.06226,000.00000000,000.00002608,000.00000191,000.00117114,000.34
Tournament (k=3),Arithmetic,Uniform,1.00000,0.03686,000.00180054,000.26082429,000.17720795,000.50412309,000.27
Tournament (k=3),Blend,Gaussian,0.49195,0.13667,000.00000000,000.00000653,000.00000572,000.00015591,000.33
Tournament (k=3),Blend,Gaussian,0.62318,0.12524,000.00000000,000.00000110,000.00000000,000.00009126,000.33
Tournament (k=3),Blend,Gaussian,0.41200,0.12524,000.00000000,000.00003610,000.00003052,000.00111021,000.30
Tournament (k=3),Arithmetic,Uniform,0.97087,0.02599,000.00109863,000.23980661,000.22592545,000.57160425,000.25
Tournament (k=3),Blend,Gaussian,0.45020,0.02382,000.00000000,000.00329089,000.00250244,000.13979204,000.26
Tournament (k=3),Blend,Gaussian,0.41200,0.04791,000.00000000,000.00101480,000.00069809,000.09938368,000.23
Tournament (k=3),Blend,Gaussian,0.78941,0.08092,000.00000000,000.00000000,000.00000000,000.00011729,000.37
Tournament (k=3),Blend,Gaussian,0.70139,0.17762,000.00004959,000.00255785,000.00285339,000.01835165,000.38
Tournament (k=3),Arithmetic,Uniform,0.91514,0.21153,000.00371552,000.20521870,000.17865753,000.55631238,000.34
Tournament (k=3),Arithmetic,Uniform,0.91514,0.02382,000.00007629,000.41756362,000.44789314,000.58030778,000.26
Tournament (k=3),Blend,Gaussian,0.57030,0.02599,000.00000000,000.00104828,000.00093269,000.01139836,000.23
Tournament (k=3),Arithmetic,Uniform,0.88849,0.03378,000.00157166,000.14368753,000.13018227,000.42469105,000.26
Tournament (k=3),Arithmetic,Uniform,1.00000,0.12524,000.00000000,000.00045133,000.00031853,000.01566305,000.31
Tournament (k=3),Blend,Gaussian,0.40000,0.02599,000.00000000,000.00423417,000.00344276,000.10142394,000.26
Tournament (k=3),Blend,Gaussian,0.42436,0.09637,000.00000000,000.00008602,000.00006104,000.00126010,000.33
Tournament (k=3),Blend,Gaussian,0.55369,0.13667,000.00000000,000.00000472,000.00000381,000.00011598,000.33
Tournament (k=3),Blend,Gaussian,0.78941,0.23084,000.00776672,000.18780136,000.19404602,000.41312870,000.47
Tournament (k=3),Blend,Gaussian,0.57030,0.07415,000.00000000,000.00003624,000.00001144,000.00261974,000.27
Tournament (k=3),Arithmetic,Uniform,1.00000,0.04023,000.00001526,000.14716096,000.13883209,000.47493923,000.27
Tournament (k=3),Blend,Gaussian,0.42436,0.23084,000.00186920,000.03242073,000.04090691,000.05237782,000.39
Tournament (k=3),Blend,Gaussian,0.43709,0.12524,000.00000000,000.00002294,000.00001907,000.00038089,000.30
Tournament (k=3),Blend,Gaussian,0.41200,0.05228,000.00000000,000.00080214,000.00036430,000.00687397,000.23
Tournament (k=3),Blend,Gaussian,0.45020,0.08092,000.00000000,000.00012436,000.00009727,000.00226064,000.32
Tournament (k=3),Arithmetic,Uniform,0.94259,0.08830,000.00000000,000.00687866,000.00774574,000.30900273,000.22
Tournament (k=3),Blend,Gaussian,0.50670,0.08092,000.00000000,000.00008740,000.00006104,000.00174753,000.33
Tournament (k=3),Arithmetic,Uniform,0.86261,0.02000,000.00003815,000.26823670,000.23565674,000.48144311,000.25
Tournament (k=3),Arithmetic,Uniform,0.74410,0.02837,000.00000000,000.12616949,000.12736130,000.41524416,000.19
Tournament (k=3),Blend,Gaussian,0.81310,0.04023,000.00000000,000.00000029,000.00000000,000.00055196,000.32
Tournament (k=3),Arithmetic,Uniform,0.91514,0.23084,000.00185776,000.42485842,000.35015488,000.69416201,000.30
Tournament (k=3),Blend,Gaussian,0.72243,0.08830,000.00000000,000.00000029,000.00000000,000.00011273,000.36
Tournament (k=3),Blend,Gaussian,0.68096,0.12524,000.00000000,000.00000000,000.00000000,000.00004543,000.39
Tournament (k=3),Blend,Gaussian,0.66113,0.09637,000.00000000,000.00000038,000.00000000,000.00072232,000.30
Tournament (k=3),Blend,Gaussian,0.78941,0.08830,000.00000000,000.00000000,000.00000000,000.00004806,000.34
Tournament (k=3),Blend,Gaussian,0.42436,0.02837,000.00000000,000.00413079,000.00377083,000.02872470,000.26
Tournament (k=3),Blend,Gaussian,0.83749,0.02000,000.00000000,000.00000582,000.00000000,000.16990973,000.29
Tournament (k=3),Blend,Gaussian,0.81310,0.11476,000.00000000,000.00000000,000.00000000,000.00009031,000.39
Tournament (k=3),Arithmetic,Uniform,1.00000,0.04390,000.00001526,000.09806380,000.08302689,000.41499287,000.26
Tournament (k=3),Blend,Gaussian,0.74410,0.04390,000.00000000,000.00000601,000.00000000,000.00270141,000.31
Tournament (k=3),Blend,Gaussian,0.70139,0.02183,000.00000000,000.00046973,000.00010681,000.17034242,000.22
Tournament (k=3),Blend,Gaussian,0.45020,0.23084,000.00228119,000.02998695,000.03190994,000.09685735,000.43
Tournament (k=3),Blend,Gaussian,0.55369,0.05228,000.00000000,000.00023746,000.00009346,000.00388913,000.24
Tournament (k=3),Blend,Gaussian,0.72243,0.03686,000.00000000,000.00008087,000.00000572,000.00499843,000.28
Tournament (k=3),Blend,Gaussian,0.57030,0.23084,000.00200653,000.06246371,000.06587982,000.16069824,000.40
Tournament (k=3),Arithmetic,Uniform,0.86261,0.19383,000.00356293,000.08460512,000.08518028,000.30076545,000.26
Tournament (k=3),Blend,Gaussian,0.68096,0.05228,000.00000000,000.00004177,000.00000763,000.00261799,000.26
Tournament (k=3),Arithmetic,Uniform,0.70139,0.08092,000.00000000,000.00874252,000.00875664,000.03216277,000.28
Tournament (k=3),Blend,Gaussian,0.40000,0.08830,000.00000000,000.00011506,000.00007629,000.00132594,000.27
Tournament (k=3),Blend,Gaussian,0.76642,0.02183,000.00000000,000.00003786,000.00000000,000.10971741,000.29
Tournament (k=3),Blend,Gaussian,0.62318,0.04390,000.00000000,000.00019317,000.00008202,000.00957064,000.30
Tournament (k=3),Blend,Gaussian,0.66113,0.27490,000.00220871,000.30068755,000.31831169,000.45521203,000.40
Tournament (k=3),Blend,Gaussian,0.83749,0.02183,000.00000000,000.00000911,000.00000000,000.09902035,000.32
Tournament (k=3),Blend,Gaussian,0.52190,0.14915,000.00000000,000.00001588,000.00001144,000.00017955,000.38
Tournament (k=3),Blend,Gaussian,0.78941,0.09637,000.00000000,000.00000000,000.00000000,000.00013509,000.37
Tournament (k=3),Blend,Gaussian,0.74410,0.12524,000.00000000,000.00000000,000.00000000,000.00006562,000.39
Tournament (k=3),Blend,Gaussian,0.53756,0.23084,000.00306702,000.05138183,000.05749893,000.11231641,000.38
Tournament (k=3),Arithmetic,Uniform,0.76642,0.14915,000.00000381,000.00082030,000.00055885,000.00858837,000.25
Tournament (k=3),Blend,Gaussian,0.46371,0.04791,000.00000000,000.00065632,000.00023651,000.01006664,000.25
Tournament (k=3),Blend,Gaussian,0.50670,0.02837,000.00000000,000.00120568,000.00058937,000.02500805,000.27
Tournament (k=3),Blend,Gaussian,0.81310,0.12524,000.00000000,000.00000000,000.00000000,000.00003108,000.39
Tournament (k=3),Blend,Gaussian,0.76642,0.06226,000.00000000,000.00000148,000.00000000,000.00186128,000.33
Tournament (k=3),Blend,Gaussian,0.58741,0.13667,000.00000000,000.00000196,000.00000000,000.00046481,000.33
Tournament (k=3),Blend,Gaussian,0.76642,0.02382,000.00000000,000.00001898,000.00000000,000.16961057,000.28
Tournament (k=3),Arithmetic,Uniform,0.97087,0.19383,000.00126648,000.08046703,000.08563805,000.45699528,000.33
Tournament (k=3),Blend,Gaussian,0.53756,0.07415,000.00000000,000.00007491,000.00003624,000.00309795,000.27
Tournament (k=3),Blend,Gaussian,0.78941,0.03095,000.00000000,000.00000196,000.00000000,000.09905352,000.30
Tournament (k=3),Blend,Gaussian,0.76642,0.17762,000.00004578,000.00812984,000.00772285,000.05204178,000.38
Tournament (k=3),Blend,Gaussian,0.50670,0.23084,000.00263977,000.04390011,000.04888916,000.07318066,000.42
Tournament (k=3),Blend,Gaussian,0.53756,0.02837,000.00000000,000.00142293,000.00062561,000.01035925,000.22
Tournament (k=3),Blend,Gaussian,0.66113,0.03378,000.00000000,000.00027509,000.00007629,000.00834641,000.23
Tournament (k=3),Blend,Gaussian,0.64187,0.02599,000.00000000,000.00019922,000.00009918,000.09976113,000.22
Tournament (k=3),Blend,Gaussian,0.43709,0.04390,000.00000000,000.00089617,000.00041008,000.01121657,000.22
Tournament (k=3),Blend,Gaussian,0.45020,0.25191,000.00487518,000.07512665,000.08540726,000.19017082,000.55
Tournament (k=3),Blend,Gaussian,0.47762,0.02599,000.00000000,000.00237207,000.00150681,000.04080738,000.26
Tournament (k=3),Blend,Gaussian,0.64187,0.06795,000.00000000,000.00001912,000.00000000,000.00177848,000.41
Tournament (k=3),Blend,Gaussian,0.45020,0.02599,000.00000000,000.00245686,000.00154305,000.15547897,000.21
Tournament (k=3),Blend,Gaussian,0.57030,0.02837,000.00000000,000.00123310,000.00054932,000.10573994,000.23
Tournament (k=3),Blend,Gaussian,0.60503,0.07415,000.00000000,000.00001860,000.00000000,000.00143062,000.28
Tournament (k=3),Blend,Gaussian,0.64187,0.02837,000.00000000,000.00063224,000.00022507,000.01739576,000.23
Tournament (k=3),Blend,Gaussian,0.43709,0.04791,000.00000000,000.00067768,000.00033760,000.00800281,000.23
Tournament (k=3),Blend,Gaussian,0.66113,0.03686,000.00000000,000.00012789,000.00001335,000.00674480,000.24
Tournament (k=3),Blend,Gaussian,0.52190,0.04791,000.00000000,000.00034623,000.00010109,000.00491688,000.29
Tournament (k=3),Blend,Gaussian,0.47762,0.27490,000.00768661,000.12864232,000.15550804,000.27545747,000.39
Tournament (k=3),Blend,Gaussian,0.58741,0.04023,000.00000000,000.00059595,000.00020027,000.00909512,000.30
Tournament (k=3),Blend,Gaussian,0.86261,0.02837,000.00000000,000.00000010,000.00000000,000.02925157,000.30
Tournament (k=3),Blend,Gaussian,0.62318,0.13667,000.00000000,000.00000157,000.00000000,000.00007091,000.34
Tournament (k=3),Blend,Gaussian,0.72243,0.27490,000.02650833,000.39564973,000.41792297,000.44377318,000.67
Tournament (k=3),Blend,Gaussian,0.62318,0.04791,000.00000000,000.00015988,000.00006104,000.00398456,000.66
Tournament (k=3),Blend,Gaussian,0.83749,0.05705,000.00000000,000.00000000,000.00000000,000.00042119,000.57
Tournament (k=3),Blend,Gaussian,0.70139,0.06795,000.00000000,000.00000196,000.00000000,000.00048806,000.47
Tournament (k=3),Blend,Gaussian,0.60503,0.23084,000.00418472,000.06395397,000.06878662,000.18505514,000.60
Tournament (k=3),Arithmetic,Uniform,0.88849,0.03686,000.00000763,000.12361641,000.10527611,000.38056293,000.25
Tournament (k=3),Blend,Gaussian,0.46371,0.17762,000.00000381,000.00032020,000.00037384,000.00196195,000.59
Tournament (k=3),Arithmetic,Uniform,1.00000,0.13667,000.00000000,000.00046034,000.00041199,000.00305979,000.25
Tournament (k=3),Blend,Gaussian,0.40000,0.02837,000.00000000,000.00340853,000.00196838,000.13053353,000.25
Tournament (k=3),Blend,Gaussian,0.64187,0.19383,000.00048828,000.01019382,000.00877380,000.09143039,000.50
Tournament (k=3),Arithmetic,Uniform,0.74410,0.03095,000.00000000,000.09275808,000.08233261,000.32494205,000.18
Tournament (k=3),Blend,Gaussian,0.57030,0.08092,000.00000000,000.00002503,000.00000763,000.00145319,000.27
Tournament (k=3),Arithmetic,Uniform,0.94259,0.09637,000.00001526,000.00448933,000.00438118,000.13457814,000.22
Tournament (k=3),Blend,Gaussian,0.83749,0.16276,000.00001144,000.00230732,000.00256920,000.02242244,000.54
Tournament (k=3),Blend,Gaussian,0.60503,0.02599,000.00000000,000.00045929,000.00013161,000.00776057,000.28
Tournament (k=3),Blend,Gaussian,0.70139,0.19383,000.00038910,000.01674972,000.01700020,000.11603463,000.56
Tournament (k=3),Blend,Gaussian,0.66113,0.04023,000.00000000,000.00013275,000.00000763,000.00800165,000.29
Tournament (k=3),Arithmetic,Uniform,0.86261,0.02183,000.00014496,000.20232058,000.14362526,000.52747297,000.25
Tournament (k=3),Blend,Gaussian,0.43709,0.13667,000.00000000,000.00002165,000.00001526,000.00038436,000.31
Tournament (k=3),Blend,Gaussian,0.42436,0.25191,000.00350189,000.06684799,000.06878853,000.13523108,000.37
Tournament (k=3),Blend,Gaussian,0.52190,0.05228,000.00000000,000.00022802,000.00010872,000.00657347,000.37
Tournament (k=3),Blend,Gaussian,0.76642,0.19383,000.00138092,000.03278427,000.03343010,000.17427368,000.74
Tournament (k=3),Blend,Gaussian,0.58741,0.04390,000.00000000,000.00022864,000.00005722,000.00764166,000.41
Tournament (k=3),Blend,Gaussian,0.91514,0.02000,000.00000000,000.00000014,000.00000000,000.20311370,000.23
Tournament (k=3),Blend,Gaussian,0.86261,0.08092,000.00000000,000.00000000,000.00000000,000.00002994,000.54
Tournament (k=3),Blend,Gaussian,0.88849,0.04023,000.00000000,000.00000000,000.00000000,000.00012231,000.32
Tournament (k=3),Blend,Gaussian,0.42436,0.03095,000.00000000,000.00302482,000.00268936,000.03955033,000.27
Tournament (k=3),Blend,Gaussian,0.81310,0.04390,000.00000000,000.00000124,000.00000000,000.00089130,000.33
Tournament (k=3),Blend,Gaussian,0.49195,0.05705,000.00000000,000.00031548,000.00032043,000.01259511,000.25
Tournament (k=3),Arithmetic,Uniform,0.97087,0.21153,000.00598907,000.23769069,000.24085426,000.60876584,000.82
Tournament (k=3),Arithmetic,Uniform,1.00000,0.04791,000.00003052,000.14384580,000.11698151,000.52584112,000.27
Tournament (k=3),Blend,Gaussian,0.72243,0.04023,000.00000000,000.00004635,000.00000763,000.01276036,000.25
Tournament (k=3),Blend,Gaussian,0.72243,0.09637,000.00000000,000.00000000,000.00000000,000.00064314,000.36
Tournament (k=3),Blend,Gaussian,0.66113,0.10516,000.00000000,000.00000057,000.00000000,000.00025677,000.37
Tournament (k=3),Blend,Gaussian,0.55369,0.05705,000.00000000,000.00023427,000.00007629,000.00290016,000.26
Tournament (k=3),Blend,Gaussian,0.47762,0.09637,000.00000000,000.00004387,000.00002861,000.00056803,000.28
Tournament (k=3),Blend,Gaussian,0.70139,0.02382,000.00000000,000.00012870,000.00004959,000.16950612,000.29
Tournament (k=3),Blend,Gaussian,0.86261,0.23084,000.01101303,000.33225042,000.34510994,000.50258249,000.58
Tournament (k=3),Blend,Gaussian,0.74410,0.04791,000.00000000,000.00001335,000.00000000,000.00226514,000.32
Tournament (k=3),Arithmetic,Uniform,0.86261,0.21153,000.00626373,000.37050468,000.32559204,000.56589454,000.27
Tournament (k=3),Blend,Gaussian,0.68096,0.05705,000.00000000,000.00004358,000.00000763,000.00211831,000.27
Tournament (k=3),Blend,Gaussian,0.57030,0.25191,000.00797653,000.10351124,000.11305237,000.20762417,000.39
Tournament (k=3),Arithmetic,Uniform,0.70139,0.08830,000.00000763,000.00466161,000.00460052,000.02439713,000.28
Tournament (k=3),Blend,Gaussian,0.91514,0.02183,000.00000000,000.00000033,000.00000000,000.19114296,000.24
Tournament (k=3),Blend,Gaussian,0.55369,0.14915,000.00000000,000.00000796,000.00000763,000.00008710,000.88
Tournament (k=3),Blend,Gaussian,0.50670,0.03095,000.00000000,000.00119534,000.00058746,000.02217816,000.27
Tournament (k=3),Blend,Gaussian,0.46371,0.05228,000.00000000,000.00059152,000.00054550,000.01105946,000.29
Tournament (k=3),Blend,Gaussian,0.83749,0.02382,000.00000000,000.00000005,000.00000000,000.09942699,000.30
Tournament (k=3),Blend,Gaussian,0.78941,0.25191,000.01731110,000.29847661,000.27210617,000.52357602,000.90
Tournament (k=3),Blend,Gaussian,0.68096,0.13667,000.00000000,000.00000129,000.00000000,000.00005363,000.69
Tournament (k=3),Blend,Gaussian,0.88849,0.11476,000.00000000,000.00000000,000.00000000,000.00056092,000.66
Tournament (k=3),Blend,Gaussian,0.76642,0.06795,000.00000000,000.00000196,000.00000000,000.00077391,000.34
Tournament (k=3),Blend,Gaussian,0.76642,0.02599,000.00000000,000.00001397,000.00000000,000.09907896,000.30
Tournament (k=3),Blend,Gaussian,0.78941,0.10516,000.00000000,000.00000000,000.00000000,000.00015178,000.38
Tournament (k=3),Blend,Gaussian,0.68096,0.06226,000.00000000,000.00002861,000.00000000,000.00104404,000.27
Tournament (k=3),Blend,Gaussian,0.49195,0.14915,000.00000000,000.00001683,000.00001144,000.00027788,000.33
Tournament (k=3),Blend,Gaussian,0.78941,0.03378,000.00000000,000.00000181,000.00000000,000.00073149,000.30
Tournament (k=3),Blend,Gaussian,0.40000,0.19383,000.00003815,000.00260768,000.00280380,000.01405843,000.42
Tournament (k=3),Blend,Gaussian,0.41200,0.13667,000.00000000,000.00002208,000.00001907,000.00064348,000.30
Tournament (k=3),Blend,Gaussian,0.53756,0.25191,000.00561905,000.10832624,000.12445068,000.24037740,000.39
Tournament (k=3),Blend,Gaussian,0.58741,0.14915,000.00000000,000.00000763,000.00000763,000.00045831,000.38
Tournament (k=3),Blend,Gaussian,0.53756,0.03095,000.00000000,000.00099950,000.00059891,000.02643765,000.22
Tournament (k=3),Blend,Gaussian,0.74410,0.13667,000.00000000,000.00000095,000.00000000,000.00006552,000.46
Tournament (k=3),Blend,Gaussian,0.45020,0.02837,000.00000000,000.00122423,000.00073624,000.02063405,000.21
Tournament (k=3),Blend,Gaussian,0.57030,0.03095,000.00000000,000.00097561,000.00057983,000.10189553,000.22
Tournament (k=3),Blend,Gaussian,0.66113,0.30000,000.03423691,000.38698006,000.43490791,000.47017831,000.61
Tournament (k=3),Blend,Gaussian,0.47762,0.02837,000.00000000,000.00243449,000.00075912,000.16400684,000.26
Tournament (k=3),Blend,Gaussian,0.64187,0.03095,000.00000000,000.00022759,000.00003624,000.01643116,000.23
Tournament (k=3),Blend,Gaussian,0.72243,0.10516,000.00000000,000.00000000,000.00000000,000.00004615,000.61
Tournament (k=3),Blend,Gaussian,0.60503,0.08092,000.00000000,000.00001702,000.00000381,000.00156871,000.28
Tournament (k=3),Blend,Gaussian,0.43709,0.05228,000.00000000,000.00082479,000.00051498,000.02167404,000.23
Tournament (k=3),Blend,Gaussian,0.53756,0.08092,000.00000000,000.00005274,000.00002098,000.00146965,000.54
Tournament (k=3),Blend,Gaussian,0.81310,0.13667,000.00000000,000.00000200,000.00000000,000.00096013,000.64
Tournament (k=3),Blend,Gaussian,0.64187,0.07415,000.00000000,000.00001864,000.00000191,000.00071845,000.34
Tournament (k=3),Blend,Gaussian,0.55369,0.16276,000.00000000,000.00005102,000.00004959,000.00178232,000.37
Tournament (k=3),Blend,Gaussian,0.62318,0.05228,000.00000000,000.00008121,000.00001907,000.00429615,000.31
Tournament (k=3),Blend,Gaussian,0.66113,0.11476,000.00000000,000.00000029,000.00000000,000.00010791,000.69
Tournament (k=3),Blend,Gaussian,0.86261,0.03095,000.00000000,000.00000033,000.00000000,000.00267821,000.31
Tournament (k=3),Blend,Gaussian,0.45020,0.08830,000.00000000,000.00011086,000.00007820,000.00309365,000.32
Tournament (k=3),Blend,Gaussian,0.50670,0.08830,000.00000000,000.00004354,000.00002480,000.00084403,000.34
Tournament (k=3),Blend,Gaussian,0.83749,0.06226,000.00000000,000.00000000,000.00000000,000.00042681,000.33
Tournament (k=3),Blend,Gaussian,0.70139,0.07415,000.00000000,000.00000129,000.00000000,000.00070696,000.34
Tournament (k=3),Blend,Gaussian,0.62318,0.14915,000.00000000,000.00000696,000.00000763,000.00013067,000.35
Tournament (k=3),Arithmetic,Uniform,0.88849,0.04023,000.00003815,000.07418738,000.07553864,000.26742932,000.20
Tournament (k=3),Blend,Gaussian,0.57030,0.27490,000.03336334,000.16790715,000.19297218,000.19867668,000.63
Tournament (k=3),Arithmetic,Uniform,1.00000,0.14915,000.00001526,000.00191593,000.00183296,000.01408307,000.24
Tournament (k=3),Blend,Gaussian,0.47762,0.30000,000.00197601,000.20368496,000.23406601,000.32311079,000.47
Tournament (k=3),Blend,Gaussian,0.68096,0.02000,000.00000000,000.00040007,000.00009155,000.19459592,000.29
Tournament (k=3),Blend,Gaussian,0.47762,0.03095,000.00000000,000.00198307,000.00081253,000.14036117,000.26
Tournament (k=3),Blend,Gaussian,0.72243,0.30000,000.04477692,000.50255984,000.54391098,000.56010145,000.49
Tournament (k=3),Blend,Gaussian,0.91514,0.05705,000.00000000,000.00000000,000.00000000,000.09899551,000.71
Tournament (k=3),Arithmetic,Uniform,0.83749,0.03378,000.00006866,000.08068609,000.07523727,000.32343316,000.24
Tournament (k=3),Arithmetic,Uniform,0.94259,0.10516,000.00000000,000.00220947,000.00114822,000.14827442,000.22
Tournament (k=3),Blend,Gaussian,0.60503,0.25191,000.00807190,000.13131657,000.14948845,000.27975467,000.53
Tournament (k=3),Blend,Gaussian,0.66113,0.04390,000.00000000,000.00005970,000.00002670,000.00480742,000.24
Tournament (k=3),Blend,Gaussian,0.57030,0.08830,000.00000000,000.00002117,000.00000763,000.00059114,000.28
Tournament (k=3),Blend,Gaussian,0.91514,0.16276,000.00002289,000.00348778,000.00379944,000.04496485,000.37
Tournament (k=3),Blend,Gaussian,0.94259,0.02837,000.00000000,000.00000000,000.00000000,000.06885035,000.30
Tournament (k=3),Blend,Gaussian,0.52190,0.05705,000.00000000,000.00023007,000.00017548,000.00271957,000.28
Tournament (k=3),Blend,Gaussian,0.64187,0.21153,000.00234985,000.02818680,000.03147316,000.17251180,000.44
Tournament (k=3),Blend,Gaussian,0.45020,0.09637,000.00000000,000.00011349,000.00006485,000.00216796,000.35
Tournament (k=3),Blend,Gaussian,0.62318,0.16276,000.00000000,000.00011420,000.00009537,000.00105058,000.37
Tournament (k=3),Blend,Gaussian,0.43709,0.14915,000.00000000,000.00002370,000.00002289,000.00082697,000.37
Tournament (k=3),Blend,Gaussian,0.83749,0.17762,000.00016785,000.01587954,000.01554108,000.13378976,000.43
Tournament (k=3),Blend,Gaussian,0.76642,0.21153,000.00882339,000.07884665,000.09596062,000.19915919,000.38
Tournament (k=3),Blend,Gaussian,0.58741,0.04791,000.00000000,000.00016255,000.00006294,000.00552867,000.30
Tournament (k=3),Blend,Gaussian,0.70139,0.21153,000.00324249,000.04257770,000.04424858,000.18473844,000.43
Tournament (k=3),Blend,Gaussian,0.94259,0.08092,000.00000000,000.00000000,000.00000000,000.14235182,000.29
Tournament (k=3),Blend,Gaussian,0.88849,0.04390,000.00000000,000.00000000,000.00000000,000.00801400,000.32
Tournament (k=3),Blend,Gaussian,0.49195,0.06226,000.00000000,000.00019026,000.00011063,000.00399449,000.25
Tournament (k=3),Blend,Gaussian,0.72243,0.04390,000.00000000,000.00001149,000.00000000,000.00097934,000.25
Tournament (k=3),Blend,Gaussian,0.81310,0.04791,000.00000000,000.00000396,000.00000000,000.00075015,000.31
Tournament (k=3),Blend,Gaussian,0.86261,0.08830,000.00000000,000.00000000,000.00000000,000.00004576,000.35
Tournament (k=3),Blend,Gaussian,0.55369,0.06226,000.00000000,000.00018463,000.00009727,000.00562611,000.26
Tournament (k=3),Blend,Gaussian,0.97087,0.04023,000.00000000,000.00000000,000.00000000,000.25709820,000.32
Tournament (k=3),Arithmetic,Uniform,0.97087,0.23084,000.01187897,000.58307958,000.81040382,000.79010183,000.33
Tournament (k=3),Arithmetic,Uniform,0.76642,0.16276,000.00003815,000.00587282,000.00572586,000.03391868,000.25
Tournament (k=3),Blend,Gaussian,0.70139,0.02599,000.00000000,000.00008616,000.00000763,000.03865520,000.29
Tournament (k=3),Blend,Gaussian,0.94259,0.23084,000.01492310,000.41585708,000.41848946,000.61488301,000.46
Tournament (k=3),Blend,Gaussian,0.52190,0.16276,000.00000000,000.00005908,000.00003624,000.00030903,000.34
Tournament (k=3),Blend,Gaussian,0.47762,0.10516,000.00000000,000.00002975,000.00002289,000.00040288,000.32
Tournament (k=3),Blend,Gaussian,0.74410,0.05228,000.00000000,000.00001287,000.00000000,000.03614669,000.31
Tournament (k=3),Blend,Gaussian,0.58741,0.05228,000.00000000,000.00006390,000.00003052,000.00108401,000.28
Tournament (k=3),Blend,Gaussian,0.50670,0.03378,000.00000000,000.00091100,000.00049591,000.03911012,000.25
Tournament (k=3),Blend,Gaussian,0.97087,0.11476,000.00000000,000.00000000,000.00000000,000.11097404,000.33
Tournament (k=3),Blend,Gaussian,0.86261,0.25191,000.02320480,000.43881923,000.50571442,000.50073814,000.41
Tournament (k=3),Blend,Gaussian,0.94259,0.08830,000.00000000,000.00000000,000.00000000,000.01353588,000.34
Tournament (k=3),Blend,Gaussian,0.46371,0.05705,000.00000000,000.00080633,000.00032806,000.00662471,000.29
Tournament (k=3),Blend,Gaussian,0.83749,0.02599,000.00000000,000.00000148,000.00000000,000.09897543,000.30
Tournament (k=3),Blend,Gaussian,0.81310,0.05228,000.00000000,000.00000067,000.00000000,000.10118368,000.32
Tournament (k=3),Blend,Gaussian,0.50670,0.25191,000.00241089,000.08265476,000.09597397,000.16703412,000.44
Tournament (k=3),Arithmetic,Uniform,0.76642,0.17762,000.00004959,000.01597204,000.01654434,000.17095539,000.32
Tournament (k=3),Blend,Gaussian,0.70139,0.23084,000.00229645,000.10689612,000.11872101,000.30038375,000.47
Tournament (k=3),Blend,Gaussian,0.76642,0.07415,000.00000000,000.00000081,000.00000000,000.00042444,000.34
Tournament (k=3),Blend,Gaussian,0.68096,0.06795,000.00000000,000.00004721,000.00000763,000.00092820,000.27
Tournament (k=3),Blend,Gaussian,0.45020,0.27490,000.01289368,000.14038801,000.15888596,000.29569760,000.44
Tournament (k=3),Blend,Gaussian,0.68096,0.14915,000.00000000,000.00000830,000.00000763,000.00013426,000.36
Tournament (k=3),Blend,Gaussian,0.70139,0.02837,000.00000000,000.00014520,000.00000954,000.09891085,000.29
Tournament (k=3),Blend,Gaussian,0.78941,0.03686,000.00000000,000.00000525,000.00000000,000.07323162,000.31
Tournament (k=3),Blend,Gaussian,0.88849,0.12524,000.00000000,000.00000010,000.00000000,000.00002268,000.40
Tournament (k=3),Blend,Gaussian,0.49195,0.16276,000.00000000,000.00005450,000.00004196,000.00064010,000.34
Tournament (k=3),Blend,Gaussian,0.53756,0.03378,000.00000000,000.00083818,000.00047302,000.01522350,000.23
Tournament (k=3),Blend,Gaussian,0.41200,0.14915,000.00000000,000.00002866,000.00002861,000.00033711,000.31
Tournament (k=3),Blend,Gaussian,0.45020,0.03095,000.00000000,000.00191016,000.00119019,000.09933329,000.24
Tournament (k=3),Blend,Gaussian,0.83749,0.02837,000.00000000,000.00000291,000.00000000,000.00626101,000.26
Tournament (k=3),Blend,Gaussian,0.58741,0.16276,000.00000000,000.00011606,000.00013161,000.00152696,000.35
Tournament (k=3),Blend,Gaussian,0.40000,0.21153,000.00024796,000.00976605,000.01065826,000.02366881,000.41
Tournament (k=3),Blend,Gaussian,0.53756,0.27490,000.00768661,000.15202574,000.16487122,000.28986308,000.40
Tournament (k=3),Blend,Gaussian,0.81310,0.05705,000.00000000,000.00000000,000.00000000,000.00065980,000.31
Tournament (k=3),Blend,Gaussian,0.60503,0.08830,000.00000000,000.00001206,000.00000381,000.00087566,000.29
Tournament (k=3),Blend,Gaussian,0.74410,0.14915,000.00000000,000.00001607,000.00001526,000.00094015,000.42
Tournament (k=3),Blend,Gaussian,0.78941,0.04023,000.00000000,000.00000162,000.00000000,000.00253858,000.25
Tournament (k=3),Blend,Gaussian,0.53756,0.03686,000.00000000,000.00040174,000.00032043,000.01275170,000.23
Tournament (k=3),Blend,Gaussian,0.72243,0.11476,000.00000000,000.00000000,000.00000000,000.00073758,000.38
Tournament (k=3),Blend,Gaussian,0.53756,0.08830,000.00000000,000.00001564,000.00000763,000.00053344,000.34
Tournament (k=3),Blend,Gaussian,0.86261,0.03378,000.00000000,000.00000000,000.00000000,000.09909285,000.31
Tournament (k=3),Blend,Gaussian,0.68096,0.16276,000.00000000,000.00017824,000.00014687,000.00269143,000.38
Tournament (k=3),Blend,Gaussian,0.81310,0.14915,000.00000000,000.00006194,000.00005531,000.00307826,000.42
Tournament (k=3),Blend,Gaussian,0.46371,0.19383,000.00000381,000.00235004,000.00231934,000.00605507,000.45
Tournament (k=3),Blend,Gaussian,0.50670,0.09637,000.00000000,000.00002499,000.00001526,000.00105073,000.34
Tournament (k=3),Blend,Gaussian,0.68096,0.02183,000.00000000,000.00013313,000.00003624,000.14041376,000.23
Tournament (k=3),Blend,Gaussian,0.83749,0.06795,000.00000000,000.00000005,000.00000000,000.00065690,000.35
Tournament (k=3),Blend,Gaussian,0.70139,0.08092,000.00000000,000.00000229,000.00000000,000.00104961,000.36
Tournament (k=3),Blend,Gaussian,1.00000,0.05705,000.00000000,000.00000000,000.00000000,000.24740241,000.28
Tournament (k=3),Blend,Gaussian,0.49195,0.02000,000.00000000,000.00691109,000.00397301,000.17209589,000.26
Tournament (k=3),Blend,Gaussian,1.00000,0.02000,000.00000000,000.00001211,000.00000000,000.38356760,000.30
Tournament (k=3),Blend,Gaussian,0.66113,0.12524,000.00000000,000.00000000,000.00000000,000.00007977,000.43
Tournament (k=3),Blend,Gaussian,0.76642,0.08092,000.00000000,000.00000029,000.00000000,000.00096357,000.49
Tournament (k=3),Blend,Gaussian,0.70139,0.03095,000.00000000,000.00024586,000.00003815,000.16945037,000.49
Tournament (k=3),Blend,Gaussian,0.47762,0.03378,000.00000000,000.00107274,000.00086594,000.01065004,000.26
Tournament (k=3),Blend,Gaussian,0.42436,0.27490,000.00334167,000.11786785,000.13027191,000.23693654,000.39
Tournament (k=3),Blend,Gaussian,0.53756,0.04023,000.00000000,000.00047722,000.00020599,000.00640631,000.27
Tournament (k=3),Arithmetic,Uniform,0.83749,0.03686,000.00002670,000.08202334,000.09719849,000.30924869,000.21
Tournament (k=3),Blend,Gaussian,0.57030,0.30000,000.01908112,000.28122163,000.29655075,000.49678361,000.43
Tournament (k=3),Blend,Gaussian,0.78941,0.04390,000.00000000,000.00000377,000.00000000,000.00072497,000.33
Tournament (k=3),Arithmetic,Uniform,0.94259,0.11476,000.00000000,000.00074677,000.00035095,000.01622489,000.23
Tournament (k=3),Blend,Gaussian,0.74410,0.02000,000.00000000,000.00023093,000.00003815,000.17036140,000.29
Tournament (k=3),Blend,Gaussian,0.74410,0.16276,000.00000000,000.00069866,000.00063896,000.00488124,000.43
Tournament (k=3),Blend,Gaussian,0.66113,0.04791,000.00000000,000.00012622,000.00006866,000.00596261,000.28
Tournament (k=3),Blend,Gaussian,0.57030,0.09637,000.00000000,000.00001516,000.00000763,000.00047866,000.29
Tournament (k=3),Blend,Gaussian,0.91514,0.06226,000.00000000,000.00000010,000.00000000,000.20689817,000.35
Tournament (k=3),Blend,Gaussian,0.52190,0.06226,000.00000000,000.00011191,000.00003433,000.00473172,000.30
Tournament (k=3),Blend,Gaussian,0.94259,0.03095,000.00000000,000.00000000,000.00000000,000.09898172,000.31
Tournament (k=3),Blend,Gaussian,0.91514,0.02382,000.00000000,000.00000000,000.00000000,000.16965246,000.25
Tournament (k=3),Blend,Gaussian,0.45020,0.10516,000.00000000,000.00006514,000.00004196,000.00249426,000.34
Tournament (k=3),Blend,Gaussian,0.91514,0.17762,000.00047302,000.02381549,000.02808189,000.16493365,000.39
Tournament (k=3),Blend,Gaussian,0.49195,0.06795,000.00000000,000.00016441,000.00011063,000.00252474,000.26
Tournament (k=3),Blend,Gaussian,0.47762,0.03686,000.00000000,000.00115986,000.00091743,000.00682601,000.33
Tournament (k=3),Blend,Gaussian,0.76642,0.08830,000.00000000,000.00000000,000.00000000,000.00023778,000.38
Tournament (k=3),Blend,Gaussian,0.62318,0.17762,000.00003815,000.00095654,000.00099754,000.00892722,000.35
Tournament (k=3),Blend,Gaussian,0.60503,0.27490,000.01865387,000.23712739,000.27724838,000.32719502,000.46
Tournament (k=3),Blend,Gaussian,0.64187,0.23084,000.00678253,000.07688379,000.08660316,000.23137775,000.44
Tournament (k=3),Blend,Gaussian,0.55369,0.06795,000.00000000,000.00009785,000.00006104,000.00493679,000.26
Tournament (k=3),Blend,Gaussian,0.83749,0.19383,000.00038147,000.04009376,000.04488373,000.18663014,000.41
Tournament (k=3),Blend,Gaussian,0.88849,0.04791,000.00000000,000.00000000,000.00000000,000.00070133,000.33
Tournament (k=3),Blend,Gaussian,0.78941,0.04791,000.00000000,000.00000563,000.00000000,000.00224931,000.32
Tournament (k=3),Blend,Gaussian,0.74410,0.02183,000.00000000,000.00011730,000.00001144,000.17007841,000.26
Tournament (k=3),Blend,Gaussian,0.86261,0.09637,000.00000000,000.00000000,000.00000000,000.01088397,000.37
Tournament (k=3),Arithmetic,Uniform,0.97087,0.25191,000.01663971,000.89817476,001.15438080,000.84285825,000.34
Tournament (k=3),Blend,Gaussian,0.91514,0.06795,000.00000000,000.00000000,000.00000000,000.01342279,000.36
Tournament (k=3),Blend,Gaussian,0.47762,0.11476,000.00000000,000.00001602,000.00001717,000.00030041,000.30
Tournament (k=3),Blend,Gaussian,0.52190,0.17762,000.00000763,000.00054088,000.00054932,000.00240941,000.34
Tournament (k=3),Blend,Gaussian,0.58741,0.05705,000.00000000,000.00020814,000.00010300,000.00303966,000.26
Tournament (k=3),Blend,Gaussian,0.50670,0.03686,000.00000000,000.00060997,000.00025558,000.01178870,000.28
Tournament (k=3),Blend,Gaussian,0.57030,0.03378,000.00000000,000.00035758,000.00011826,000.03449389,000.23
Tournament (k=3),Blend,Gaussian,0.64187,0.03378,000.00000000,000.00011702,000.00003433,000.01127259,000.24
Tournament (k=3),Blend,Gaussian,0.78941,0.27490,000.02449036,000.49778128,000.56245995,000.53940040,000.51
Tournament (k=3),Blend,Gaussian,0.74410,0.05705,000.00000000,000.00000715,000.00000000,000.00225971,000.32
Tournament (k=3),Blend,Gaussian,0.46371,0.06226,000.00000000,000.00032887,000.00014305,000.00248328,000.30
Tournament (k=3),Blend,Gaussian,0.78941,0.11476,000.00000000,000.00000000,000.00000000,000.00008197,000.39
Tournament (k=3),Blend,Gaussian,0.97087,0.12524,000.00000000,000.00000114,000.00000000,000.01173121,000.35
Tournament (k=3),Blend,Gaussian,0.94259,0.25191,000.03034973,000.44982845,000.48406982,000.60294896,000.47
Tournament (k=3),Blend,Gaussian,0.94259,0.09637,000.00000000,000.00000000,000.00000000,000.14380279,000.35
Tournament (k=3),Blend,Gaussian,0.78941,0.05228,000.00000000,000.00000124,000.00000000,000.00235140,000.32
Tournament (k=3),Blend,Gaussian,0.86261,0.27490,000.06388092,000.62002313,000.71916389,000.65474248,000.44
Tournament (k=3),Blend,Gaussian,0.50670,0.27490,000.00485611,000.19882579,000.21837044,000.31797725,000.45
Tournament (k=3),Blend,Gaussian,0.86261,0.10516,000.00000000,000.00000000,000.00000000,000.00016740,000.36
Tournament (k=3),Blend,Gaussian,0.60503,0.02837,000.00000000,000.00043364,000.00017548,000.00936279,000.28
Tournament (k=3),Blend,Gaussian,0.58741,0.06226,000.00000000,000.00006762,000.00002289,000.00203477,000.32
Tournament (k=3),Blend,Gaussian,0.83749,0.03095,000.00000000,000.00000000,000.00000000,000.00136809,000.24
Tournament (k=3),Blend,Gaussian,0.41200,0.16276,000.00000000,000.00007873,000.00008202,000.00046526,000.32
Tournament (k=3),Blend,Gaussian,0.52190,0.19383,000.00017166,000.00406246,000.00441360,000.07395218,000.37
Tournament (k=3),Blend,Gaussian,1.00000,0.16276,000.00012207,000.00904875,000.00917625,000.14597839,000.41
Tournament (k=3),Blend,Gaussian,0.64187,0.08092,000.00000000,000.00000315,000.00000000,000.00084573,000.39
Tournament (k=3),Blend,Gaussian,0.49195,0.17762,000.00001526,000.00048838,000.00061989,000.00300694,000.36
Tournament (k=3),Blend,Gaussian,0.88849,0.13667,000.00000000,000.00001154,000.00000763,000.01219123,000.41
Tournament (k=3),Blend,Gaussian,0.70139,0.25191,000.01296616,000.20722714,000.21938324,000.37604496,000.58
Tournament (k=3),Blend,Gaussian,0.58741,0.17762,000.00002670,000.00124049,000.00094604,000.01448289,000.36
Tournament (k=3),Blend,Gaussian,0.81310,0.06226,000.00000000,000.00000000,000.00000000,000.00010695,000.34
Tournament (k=3),Blend,Gaussian,0.86261,0.03686,000.00000000,000.00000033,000.00000000,000.01160267,000.24
Tournament (k=3),Blend,Gaussian,0.45020,0.30000,000.01213837,000.17162117,000.20562172,000.28919682,000.48
Tournament (k=3),Blend,Gaussian,0.60503,0.09637,000.00000000,000.00000591,000.00000000,000.00018551,000.30
Tournament (k=3),Blend,Gaussian,0.74410,0.06226,000.00000000,000.00000811,000.00000000,000.00397089,000.46
Tournament (k=3),Blend,Gaussian,0.40000,0.23084,000.00155258,000.02296934,000.02706146,000.06271080,000.41
Tournament (k=3),Blend,Gaussian,0.53756,0.30000,000.04990387,000.26876801,000.31052208,000.34704968,000.43
Tournament (k=3),Blend,Gaussian,0.53756,0.09637,000.00000000,000.00001225,000.00000763,000.00206210,000.37
Tournament (k=3),Blend,Uniform,0.40000,0.02837,000.00000000,000.08556743,000.05676651,000.38638425,000.25
Tournament (k=3),Blend,Gaussian,0.68096,0.02382,000.00000000,000.00009279,000.00000763,000.10760599,000.22
Tournament (k=3),Blend,Gaussian,0.72243,0.12524,000.00000000,000.00000000,000.00000000,000.00001372,000.39
Tournament (k=3),Blend,Gaussian,1.00000,0.06226,000.00000000,000.00000000,000.00000000,000.11612578,000.28
Tournament (k=3),Blend,Gaussian,0.81310,0.16276,000.00003052,000.00120125,000.00098991,000.01195103,000.40
Tournament (k=3),Blend,Gaussian,1.00000,0.02183,000.00000000,000.00000000,000.00000000,000.28686318,000.24
Tournament (k=3),Blend,Gaussian,0.50670,0.10516,000.00000000,000.00000916,000.00000763,000.00084352,000.35
Tournament (k=3),Blend,Gaussian,0.49195,0.02183,000.00000000,000.00515542,000.00432396,000.14226547,000.26
Tournament (k=3),Blend,Gaussian,0.68096,0.17762,000.00001907,000.00244927,000.00317001,000.01735286,000.43
Tournament (k=3),Blend,Gaussian,0.70139,0.03378,000.00000000,000.00005360,000.00000954,000.09902263,000.24
Tournament (k=3),Blend,Gaussian,0.83749,0.07415,000.00000000,000.00000000,000.00000000,000.00082837,000.35
Tournament (k=3),Blend,Gaussian,0.70139,0.08830,000.00000000,000.00000253,000.00000000,000.00047560,000.35
Tournament (k=3),Blend,Gaussian,0.53756,0.04390,000.00000000,000.00039234,000.00023270,000.01027312,000.24
Tournament (k=3),Blend,Gaussian,0.43709,0.16276,000.00000000,000.00008349,000.00006676,000.00125454,000.33
Tournament (k=3),Blend,Uniform,0.40000,0.08092,000.00000000,000.00264325,000.00151253,000.03003811,000.28
Tournament (k=3),Blend,Gaussian,0.72243,0.04791,000.00000000,000.00002670,000.00000000,000.00433540,000.25
Tournament (k=3),Blend,Gaussian,0.68096,0.02599,000.00000000,000.00052295,000.00007820,000.09984080,000.29
Tournament (k=3),Blend,Gaussian,0.76642,0.23084,000.00791168,000.17284998,000.18784904,000.34985724,000.40
Tournament (k=3),Blend,Gaussian,0.58741,0.19383,000.00016785,000.00677638,000.00819588,000.01363771,000.44
Tournament (k=3),Blend,Gaussian,0.55369,0.02000,000.00000000,000.00201116,000.00124168,000.12696083,000.36
Tournament (k=3),Blend,Gaussian,0.97087,0.04390,000.00000000,000.00000000,000.00000000,000.17436135,000.33
Tournament (k=3),Blend,Gaussian,0.66113,0.05228,000.00000000,000.00003424,000.00000381,000.00190182,000.26
Tournament (k=3),Blend,Gaussian,0.53756,0.10516,000.00000000,000.00000997,000.00000763,000.00028480,000.36
Tournament (k=3),Blend,Gaussian,0.42436,0.30000,000.01452637,000.18207565,000.21138573,000.27248907,000.46
Tournament (k=3),Blend,Gaussian,0.91514,0.02599,000.00000000,000.00000000,000.00000000,000.13926187,000.23
Tournament (k=3),Blend,Uniform,0.41200,0.04023,000.00000000,000.01945472,000.01742172,000.20569633,000.21
Tournament (k=3),Blend,Gaussian,0.57030,0.10516,000.00000000,000.00000625,000.00000381,000.00033744,000.30
Tournament (k=3),Blend,Gaussian,0.76642,0.02837,000.00000000,000.00000291,000.00000000,000.00906332,000.30
Tournament (k=3),Blend,Gaussian,0.94259,0.03378,000.00000000,000.00000000,000.00000000,000.21691550,000.31
Tournament (k=3),Blend,Gaussian,0.50670,0.11476,000.00000000,000.00001092,000.00000763,000.00290225,000.37
Tournament (k=3),Blend,Uniform,0.40000,0.23084,000.02884674,000.34355673,000.39795494,000.50637221,000.35
Tournament (k=3),Blend,Uniform,0.41200,0.11476,000.00000000,000.00082407,000.00049400,000.02217347,000.30
Tournament (k=3),Blend,Gaussian,0.55369,0.07415,000.00000000,000.00004277,000.00001335,000.00145146,000.27
Tournament (k=3),Blend,Uniform,0.41200,0.04390,000.00000000,000.00687332,000.00573158,000.10228946,000.21
Tournament (k=3),Blend,Gaussian,0.76642,0.09637,000.00000000,000.00000000,000.00000000,000.00003403,000.38
Tournament (k=3),Blend,Gaussian,0.62318,0.19383,000.00010681,000.00955853,000.00895691,000.11081126,000.39
Tournament (k=3),Blend,Gaussian,0.91514,0.19383,000.00152206,000.08492360,000.08929825,000.29736421,000.45
Tournament (k=3),Blend,Gaussian,0.91514,0.02837,000.00000000,000.00000000,000.00000000,000.13978842,000.24
Tournament (k=3),Blend,Gaussian,0.64187,0.25191,000.00167847,000.15931912,000.15888977,000.37084988,000.39
Tournament (k=3),Blend,Gaussian,0.74410,0.02382,000.00000000,000.00002470,000.00000763,000.13925090,000.29
Tournament (k=3),Blend,Gaussian,0.88849,0.05228,000.00000000,000.00000000,000.00000000,000.00369608,000.32
Tournament (k=3),Blend,Gaussian,0.66113,0.05705,000.00000000,000.00004673,000.00001335,000.00277774,000.31
Tournament (k=3),Blend,Gaussian,0.97087,0.04791,000.00000000,000.00000000,000.00000000,000.24455550,000.33
Tournament (k=3),Blend,Gaussian,0.60503,0.30000,000.01074219,000.32916576,000.34196854,000.51946449,000.48
Tournament (k=3),Blend,Gaussian,0.76642,0.03095,000.00000000,000.00000472,000.00000000,000.00125522,000.30
Tournament (k=3),Blend,Gaussian,0.57030,0.11476,000.00000000,000.00000763,000.00000763,000.00048772,000.33
Tournament (k=3),Blend,Gaussian,0.53756,0.11476,000.00000000,000.00000582,000.00000000,000.00061749,000.37
Tournament (k=3),Blend,Gaussian,0.83749,0.21153,000.00051117,000.10773110,000.11745453,000.33911347,000.41
Tournament (k=3),Blend,Gaussian,0.57030,0.03686,000.00000000,000.00020947,000.00007439,000.00840831,000.26
Tournament (k=3),Blend,Gaussian,0.50670,0.04023,000.00000000,000.00093718,000.00062180,000.00512065,000.28
Tournament (k=3),Blend,Gaussian,0.64187,0.03686,000.00000000,000.00022001,000.00000954,000.03713538,000.24
Tournament (k=3),Blend,Gaussian,0.62318,0.05705,000.00000000,000.00005708,000.00001907,000.00135358,000.31
Tournament (k=3),Blend,Gaussian,0.45020,0.03378,000.00000000,000.00127854,000.00051689,000.02711436,000.22
Tournament (k=3),Blend,Uniform,0.42436,0.02000,000.00000000,000.18611594,000.09945488,000.55025136,000.24
Tournament (k=3),Blend,Gaussian,0.78941,0.05705,000.00000000,000.00000129,000.00000000,000.00142336,000.27
Tournament (k=3),Blend,Gaussian,0.55369,0.17762,000.00000763,000.00080624,000.00083160,000.00377834,000.52
Tournament (k=3),Blend,Uniform,0.42436,0.05705,000.00000000,000.00558763,000.00321388,000.12406136,000.22
Tournament (k=3),Blend,Gaussian,0.97087,0.13667,000.00000000,000.00003343,000.00002098,000.00767685,000.37
Tournament (k=3),Blend,Gaussian,0.60503,0.03095,000.00000000,000.00043898,000.00009537,000.01250158,000.29
Tournament (k=3),Blend,Gaussian,0.57030,0.04023,000.00000000,000.00043364,000.00028038,000.00602710,000.24
Tournament (k=3),Blend,Gaussian,0.78941,0.12524,000.00000000,000.00000000,000.00000000,000.00000417,000.39
Tournament (k=3),Blend,Gaussian,0.94259,0.10516,000.00000000,000.00000000,000.00000000,000.00658975,000.39
Tournament (k=3),Blend,Gaussian,0.78941,0.30000,000.01873016,000.61855972,000.71657562,000.62460148,000.44
Tournament (k=3),Blend,Gaussian,0.58741,0.06795,000.00000000,000.00004673,000.00001335,000.00357785,000.32
Tournament (k=3),Blend,Gaussian,0.86261,0.11476,000.00000000,000.00000000,000.00000000,000.00007278,000.40
Tournament (k=3),Blend,Gaussian,0.86261,0.30000,000.05355835,000.95399207,001.16643143,000.66273522,000.44
Tournament (k=3),Blend,Gaussian,0.94259,0.27490,000.06835938,000.69385463,000.83152008,000.63168204,000.50
Tournament (k=3),Blend,Gaussian,0.64187,0.08830,000.00000000,000.00000725,000.00000000,000.00051316,000.35
Tournament (k=3),Blend,Gaussian,0.53756,0.12524,000.00000000,000.00000525,000.00000000,000.00044160,000.41
Tournament (k=3),Blend,Gaussian,0.49195,0.19383,000.00003815,000.00241275,000.00232887,000.01716235,000.35
Tournament (k=3),Blend,Gaussian,0.50670,0.30000,000.00130844,000.22261325,000.22897530,000.44006774,000.48
Tournament (k=3),Blend,Gaussian,0.66113,0.13667,000.00000000,000.00000091,000.00000000,000.00004138,000.35
Tournament (k=3),Blend,Uniform,0.42436,0.02183,000.00000000,000.17157479,000.09992981,000.47378775,000.25
Tournament (k=3),Blend,Gaussian,0.46371,0.02000,000.00000000,000.00513363,000.00204659,000.17295498,000.25
Tournament (k=3),Blend,Gaussian,0.58741,0.02000,000.00000000,000.00067096,000.00035286,000.14207157,000.21
Tournament (k=3),Blend,Gaussian,0.86261,0.04023,000.00000000,000.00000000,000.00000000,000.00086951,000.28
Tournament (k=3),Arithmetic,Uniform,0.94259,0.12524,000.00000000,000.00024586,000.00021362,000.00528188,000.23
Tournament (k=3),Blend,Gaussian,0.70139,0.27490,000.00165176,000.30181876,000.33001518,000.39567631,000.47
Tournament (k=3),Blend,Gaussian,1.00000,0.17762,000.00188065,000.04300771,000.04772949,000.22384140,000.52
Tournament (k=3),Blend,Gaussian,0.60503,0.10516,000.00000000,000.00000291,000.00000000,000.00057141,000.31
Tournament (k=3),Blend,Gaussian,0.88849,0.14915,000.00000000,000.00016093,000.00013161,000.00303641,000.49
Tournament (k=3),Blend,Gaussian,0.74410,0.06795,000.00000000,000.00000234,000.00000000,000.00261017,000.33
Tournament (k=3),Blend,Uniform,0.43709,0.02837,000.00000000,000.08941331,000.03316307,000.46068057,000.20
Tournament (k=3),Blend,Gaussian,0.40000,0.25191,000.01077271,000.06981335,000.07848930,000.10794431,000.38
Tournament (k=3),Blend,Gaussian,1.00000,0.06795,000.00000000,000.00000005,000.00000000,000.31755552,000.28
Tournament (k=3),Blend,Gaussian,0.88849,0.02000,000.00000000,000.00000000,000.00000000,000.16978021,000.31
Tournament (k=3),Blend,Gaussian,1.00000,0.02382,000.00000000,000.00000057,000.00000000,000.32532039,000.32
Tournament (k=3),Blend,Gaussian,0.52190,0.06795,000.00000000,000.00011058,000.00003815,000.00188997,000.33
Tournament (k=3),Blend,Gaussian,0.70139,0.03686,000.00000000,000.00006461,000.00001335,000.01416986,000.30
Tournament (k=3),Blend,Uniform,0.42436,0.16276,000.00000000,000.00141711,000.00124168,000.04065320,000.32
Tournament (k=3),Blend,Gaussian,0.72243,0.05228,000.00000000,000.00002670,000.00000381,000.01032425,000.26
Tournament (k=3),Blend,Uniform,0.40000,0.08830,000.00000000,000.00281587,000.00191879,000.03398432,000.27
Tournament (k=3),Blend,Gaussian,0.74410,0.17762,000.00003815,000.00508995,000.00596046,000.01536991,000.43
Tournament (k=3),Blend,Gaussian,0.68096,0.02837,000.00000000,000.00035486,000.00013542,000.09925273,000.24
Tournament (k=3),Blend,Gaussian,0.70139,0.09637,000.00000000,000.00000062,000.00000000,000.00050527,000.38
Tournament (k=3),Blend,Gaussian,0.83749,0.08092,000.00000000,000.00000000,000.00000000,000.00023515,000.38
Tournament (k=3),Blend,Gaussian,0.81310,0.17762,000.00012589,000.00831823,000.00855637,000.11121015,000.45
Tournament (k=3),Blend,Gaussian,0.43709,0.17762,000.00000381,000.00043745,000.00045586,000.00193027,000.34
Tournament (k=3),Blend,Gaussian,0.94259,0.11476,000.00000000,000.00000000,000.00000000,000.00035667,000.53
Tournament (k=3),Blend,Gaussian,0.68096,0.19383,000.00048065,000.01385522,000.01721191,000.10391181,000.45
Tournament (k=3),Blend,Gaussian,0.55369,0.02183,000.00000000,000.00070505,000.00047874,000.17142358,000.26
Tournament (k=3),Blend,Uniform,0.43709,0.08092,000.00000000,000.00375862,000.00291443,000.10148750,000.30
Tournament (k=3),Blend,Gaussian,0.68096,0.07415,000.00000000,000.00000749,000.00000000,000.00026825,000.30
Tournament (k=3),Blend,Gaussian,0.88849,0.02183,000.00000000,000.00000005,000.00000000,000.14007796,000.30
Tournament (k=3),Blend,Uniform,0.43709,0.23084,000.03018951,000.37633389,000.37834167,000.46890685,000.32
Tournament (k=3),Blend,Gaussian,0.76642,0.25191,000.03034973,000.24176684,000.29502678,000.42643574,000.47
Tournament (k=3),Blend,Gaussian,0.68096,0.03095,000.00000000,000.00017180,000.00004196,000.01547832,000.25
Tournament (k=3),Blend,Gaussian,1.00000,0.02599,000.00000000,000.00000000,000.00000000,000.35492995,000.32
Tournament (k=3),Blend,Gaussian,1.00000,0.07415,000.00000000,000.00000014,000.00000000,000.29164875,000.40
Tournament (k=3),Blend,Gaussian,0.88849,0.16276,000.00009918,000.00386462,000.00435066,000.07459651,000.46
Tournament (k=3),Blend,Gaussian,0.94259,0.03686,000.00000000,000.00000000,000.00000000,000.16969237,000.33
Tournament (k=3),Blend,Gaussian,0.55369,0.08092,000.00000000,000.00004578,000.00001526,000.00329835,000.29
Tournament (k=3),Blend,Gaussian,0.91514,0.03095,000.00000000,000.00000000,000.00000000,000.13926253,000.26
Tournament (k=3),Blend,Uniform,0.40000,0.09637,000.00000000,000.00362420,000.00336075,000.02816129,000.31
Tournament (k=3),Blend,Uniform,0.41200,0.12524,000.00000000,000.00061231,000.00037193,000.00743268,000.33
Tournament (k=3),Blend,Gaussian,0.50670,0.12524,000.00000000,000.00000682,000.00000572,000.00039311,000.39
Tournament (k=3),Blend,Gaussian,0.74410,0.02599,000.00000000,000.00003924,000.00000000,000.07902554,000.30
Tournament (k=3),Blend,Gaussian,0.76642,0.10516,000.00000000,000.00000000,000.00000000,000.00003150,000.39
Tournament (k=3),Blend,Gaussian,0.66113,0.06226,000.00000000,000.00003591,000.00000763,000.00328946,000.27
Tournament (k=3),Blend,Gaussian,0.91514,0.21153,000.00703430,000.14977598,000.13376999,000.37019709,000.42
Tournament (k=3),Blend,Gaussian,0.62318,0.02000,000.00000000,000.00032172,000.00015259,000.10103660,000.28
Tournament (k=3),Blend,Gaussian,0.88849,0.05705,000.00000000,000.00000000,000.00000000,000.00056866,000.36
Tournament (k=3),Blend,Gaussian,0.64187,0.27490,000.00192261,000.21944280,000.22042847,000.44180238,000.43
Tournament (k=3),Blend,Gaussian,0.64187,0.04023,000.00000000,000.00023661,000.00008392,000.01786585,000.24
Tournament (k=3),Blend,Uniform,0.45020,0.04023,000.00000000,000.01801929,000.01253700,000.30538502,000.26
Tournament (k=3),Blend,Gaussian,0.76642,0.03378,000.00000000,000.00001988,000.00000000,000.01183787,000.31
Tournament (k=3),Blend,Gaussian,0.97087,0.05228,000.00000000,000.00000000,000.00000000,000.13946858,000.35
Tournament (k=3),Blend,Uniform,0.45020,0.11476,000.00000000,000.00089741,000.00090218,000.00856464,000.26
Tournament (k=3),Blend,Gaussian,1.00000,0.02837,000.00000000,000.00000000,000.00000000,000.28569061,000.30
Tournament (k=3),Blend,Uniform,0.42436,0.06226,000.00000000,000.00808120,000.00653076,000.04222317,000.23
Tournament (k=3),Blend,Gaussian,0.62318,0.21153,000.00052261,000.03460255,000.03908348,000.20276953,000.58
Tournament (k=3),Blend,Gaussian,0.62318,0.06226,000.00000000,000.00006351,000.00000763,000.00162500,000.32
Tournament (k=3),Blend,Gaussian,0.57030,0.12524,000.00000000,000.00000281,000.00000000,000.00009553,000.36
Tournament (k=3),Blend,Gaussian,0.52190,0.21153,000.00118637,000.02010078,000.02252007,000.05169340,000.36
Tournament (k=3),Blend,Gaussian,0.78941,0.06226,000.00000000,000.00000124,000.00000000,000.00107412,000.34
Tournament (k=3),Blend,Gaussian,0.83749,0.23084,000.00257111,000.16656189,000.17564392,000.35661095,000.41
Tournament (k=3),Blend,Gaussian,0.57030,0.04390,000.00000000,000.00032744,000.00018501,000.01404244,000.24
Tournament (k=3),Blend,Uniform,0.41200,0.13667,000.00000000,000.00077124,000.00069809,000.00638768,000.32
Tournament (k=3),Blend,Gaussian,0.60503,0.03378,000.00000000,000.00063171,000.00015640,000.02592178,000.28
Tournament (k=3),Blend,Gaussian,0.81310,0.02000,000.00000000,000.00001903,000.00000000,000.13158834,000.22
Tournament (k=3),Blend,Gaussian,0.97087,0.14915,000.00000763,000.00060740,000.00054932,000.01285194,000.36
Tournament (k=3),Blend,Gaussian,0.55369,0.19383,000.00009537,000.00640969,000.00669861,000.06298655,000.42
Tournament (k=3),Blend,Uniform,0.40000,0.03095,000.00000000,000.07651105,000.04767418,000.40669075,000.24
Tournament (k=3),Blend,Uniform,0.46371,0.02000,000.00000000,000.09010959,000.03279495,000.47067818,000.20
Tournament (k=3),Blend,Gaussian,0.97087,0.05705,000.00000000,000.00000000,000.00000000,000.14266044,000.32
Tournament (k=3),Blend,Gaussian,0.58741,0.07415,000.00000000,000.00005875,000.00000954,000.00116961,000.33
Tournament (k=3),Blend,Gaussian,0.78941,0.13667,000.00000000,000.00000215,000.00000000,000.00019797,000.35
Tournament (k=3),Blend,Gaussian,0.58741,0.02183,000.00000000,000.00098281,000.00085449,000.10141722,000.22
Tournament (k=3),Blend,Gaussian,0.52190,0.02000,000.00000000,000.00299258,000.00119400,000.14699511,000.27
Tournament (k=3),Blend,Gaussian,0.64187,0.09637,000.00000000,000.00000153,000.00000000,000.00019804,000.35
Tournament (k=3),Blend,Gaussian,0.72243,0.13667,000.00000000,000.00000057,000.00000000,000.00074004,000.40
Tournament (k=3),Arithmetic,Uniform,0.94259,0.13667,000.00000000,000.00049443,000.00041008,000.03571547,000.24
Tournament (k=3),Blend,Gaussian,0.49195,0.21153,000.00040436,000.01883311,000.02129173,000.12074026,000.36
Tournament (k=3),Blend,Gaussian,0.53756,0.13667,000.00000000,000.00000510,000.00000381,000.00012070,000.38
Tournament (k=3),Blend,Gaussian,0.86261,0.04390,000.00000000,000.00000005,000.00000000,000.00122421,000.33
Tournament (k=3),Blend,Gaussian,0.66113,0.14915,000.00000000,000.00001884,000.00001526,000.00014005,000.41
Tournament (k=3),Blend,Gaussian,0.52190,0.23084,000.00180054,000.04401717,000.04607964,000.12893128,000.40
Tournament (k=3),Blend,Uniform,0.40000,0.03378,000.00000000,000.03021579,000.02162552,000.27016491,000.25
Tournament (k=3),Blend,Uniform,0.43709,0.03095,000.00000000,000.04449720,000.02620697,000.39923823,000.20
Tournament (k=3),Blend,Gaussian,0.94259,0.30000,000.07334518,001.00301075,001.19806480,000.71227622,000.51
Tournament (k=3),Blend,Gaussian,0.60503,0.11476,000.00000000,000.00000248,000.00000000,000.00003220,000.32
Tournament (k=3),Blend,Uniform,0.46371,0.05705,000.00000000,000.00711937,000.00339317,000.15054229,000.22
Tournament (k=3),Blend,Gaussian,0.43709,0.05705,000.00000000,000.00037107,000.00030518,000.00747168,000.24
Tournament (k=3),Blend,Gaussian,0.55369,0.21153,000.00001144,000.01630387,000.01866913,000.04445007,000.39
Tournament (k=3),Blend,Gaussian,1.00000,0.19383,000.00128555,000.10851903,000.11573982,000.30527773,000.46
Tournament (k=3),Blend,Gaussian,0.70139,0.30000,000.02051926,000.52950799,000.61335945,000.53140432,000.49
Tournament (k=3),Blend,Gaussian,0.58741,0.08092,000.00000000,000.00002661,000.00001526,000.00267667,000.33
Tournament (k=3),Blend,Gaussian,0.72243,0.05705,000.00000000,000.00000763,000.00000000,000.00105082,000.27
Tournament (k=3),Blend,Gaussian,0.97087,0.06226,000.00000000,000.00000000,000.00000000,000.24634981,000.38
Tournament (k=3),Blend,Gaussian,0.70139,0.04023,000.00000000,000.00003061,000.00000572,000.16967295,000.30
Tournament (k=3),Blend,Gaussian,0.91514,0.07415,000.00000000,000.00000000,000.00000000,000.10559369,000.38
Tournament (k=3),Blend,Uniform,0.42436,0.17762,000.00001907,000.00711884,000.00780869,000.12618549,000.34
Tournament (k=3),Blend,Gaussian,0.52190,0.07415,000.00000000,000.00011201,000.00004196,000.00369909,000.36
Tournament (k=3),Blend,Gaussian,0.55369,0.02382,000.00000000,000.00096292,000.00048256,000.03589541,000.22
Tournament (k=3),Blend,Uniform,0.40000,0.25191,000.00697327,000.56496459,000.65097237,000.64355767,000.37
Tournament (k=3),Blend,Uniform,0.46371,0.16276,000.00000000,000.00146599,000.00137901,000.05335789,000.29
Tournament (k=3),Blend,Gaussian,0.83749,0.08830,000.00000000,000.00000000,000.00000000,000.00002708,000.36
Tournament (k=3),Blend,Gaussian,0.70139,0.10516,000.00000000,000.00000024,000.00000000,000.00005113,000.37
Tournament (k=3),Blend,Uniform,0.43709,0.08830,000.00000000,000.00157795,000.00096893,000.01941274,000.25
Tournament (k=3),Blend,Gaussian,0.94259,0.12524,000.00000000,000.00000029,000.00000000,000.00077569,000.35
Tournament (k=3),Blend,Gaussian,0.74410,0.19383,000.00136566,000.02211137,000.02230644,000.16672884,000.40
Tournament (k=3),Blend,Gaussian,0.88849,0.02382,000.00000000,000.00000000,000.00000000,000.00143081,000.23
Tournament (k=3),Blend,Gaussian,0.66113,0.16276,000.00000381,000.00024338,000.00022888,000.00416982,000.42
Tournament (k=3),Blend,Gaussian,0.68096,0.08092,000.00000000,000.00000305,000.00000000,000.00024081,000.29
Tournament (k=3),Blend,Gaussian,0.81310,0.19383,000.00273514,000.03183088,000.03244591,000.11533777,000.45
Tournament (k=3),Blend,Uniform,0.47762,0.02837,000.00000000,000.03564753,000.02241516,000.33173451,000.21
Tournament (k=3),Blend,Gaussian,0.72243,0.06226,000.00000000,000.00001402,000.00000000,000.00114192,000.31
Tournament (k=3),Blend,Gaussian,0.83749,0.03378,000.00000000,000.00000138,000.00000000,000.09897237,000.31
Tournament (k=3),Blend,Gaussian,0.68096,0.21153,000.00157547,000.04233503,000.04537964,000.14579844,000.45
Tournament (k=3),Blend,Gaussian,0.70139,0.04390,000.00000000,000.00005841,000.00001907,000.00259962,000.31
Tournament (k=3),Blend,Gaussian,0.91514,0.03378,000.00000000,000.00000000,000.00000000,000.06304402,000.25
Tournament (k=3),Blend,Gaussian,0.94259,0.04023,000.00000000,000.00000000,000.00000000,000.15643050,000.28
Tournament (k=3),Blend,Gaussian,0.91514,0.08092,000.00000000,000.00000000,000.00000000,000.21998462,000.35
Tournament (k=3),Blend,Uniform,0.40000,0.10516,000.00000000,000.00078998,000.00046921,000.04300880,000.26
Tournament (k=3),Blend,Uniform,0.47762,0.08092,000.00000000,000.00147758,000.00089073,000.03457670,000.29
Tournament (k=3),Blend,Gaussian,0.74410,0.02837,000.00000000,000.00003710,000.00000000,000.00711812,000.30
Tournament (k=3),Blend,Gaussian,0.66113,0.06795,000.00000000,000.00003119,000.00000381,000.00121976,000.28
Tournament (k=3),Blend,Gaussian,0.97087,0.06795,000.00000000,000.00000000,000.00000000,000.24875563,000.44
Tournament (k=3),Blend,Gaussian,0.81310,0.06795,000.00000000,000.00000033,000.00000000,000.00099005,000.35
Tournament (k=3),Blend,Gaussian,0.62318,0.02183,000.00000000,000.00040483,000.00020027,000.14032431,000.28
Tournament (k=3),Blend,Gaussian,1.00000,0.21153,000.01564026,000.21834473,000.25861740,000.46596873,000.54
Tournament (k=3),Blend,Gaussian,0.64187,0.04390,000.00000000,000.00009041,000.00005150,000.00784725,000.24
Tournament (k=3),Blend,Uniform,0.45020,0.04390,000.00000000,000.00859933,000.00509453,000.15552421,000.26
Tournament (k=3),Blend,Gaussian,0.76642,0.11476,000.00000000,000.00000000,000.00000000,000.00003582,000.39
Tournament (k=3),Blend,Uniform,0.42436,0.06795,000.00000000,000.00610127,000.00514221,000.11253488,000.22
Tournament (k=3),Blend,Uniform,0.45020,0.12524,000.00000000,000.00033460,000.00019073,000.01443972,000.27
Tournament (k=3),Blend,Gaussian,0.76642,0.03686,000.00000000,000.00000319,000.00000000,000.00265718,000.30
Tournament (k=3),Blend,Gaussian,0.88849,0.06226,000.00000000,000.00000000,000.00000000,000.08214223,000.38
Tournament (k=3),Blend,Gaussian,1.00000,0.03095,000.00000000,000.00000000,000.00000000,000.22885254,000.29
Tournament (k=3),Blend,Uniform,0.42436,0.02382,000.00000000,000.04660039,000.01935577,000.44880700,000.22
Tournament (k=3),Blend,Gaussian,0.91514,0.23084,000.03113556,000.30290356,000.30469894,000.61776233,000.46
Tournament (k=3),Blend,Gaussian,0.64187,0.30000,000.00914001,000.37619591,000.43466377,000.52863395,000.49
Tournament (k=3),Blend,Gaussian,0.60503,0.03686,000.00000000,000.00034747,000.00005722,000.09893887,000.25
Tournament (k=3),Blend,Gaussian,0.86261,0.12524,000.00000000,000.00000000,000.00000000,000.00021463,000.46
Tournament (k=3),Blend,Gaussian,0.57030,0.13667,000.00000000,000.00000458,000.00000381,000.00005580,000.39
Tournament (k=3),Blend,Gaussian,0.62318,0.06795,000.00000000,000.00004978,000.00002289,000.00377721,000.40
Tournament (k=3),Blend,Uniform,0.47762,0.08830,000.00000000,000.00128250,000.00035858,000.02837568,000.32
Tournament (k=3),Blend,Uniform,0.46371,0.02183,000.00000000,000.15919109,000.12039948,000.44353873,000.24
Tournament (k=3),Blend,Gaussian,0.62318,0.23084,000.00373077,000.07885794,000.08334732,000.19259660,000.45
Tournament (k=3),Blend,Gaussian,0.81310,0.02183,000.00000000,000.00000796,000.00000000,000.13928062,000.29
Tournament (k=3),Blend,Uniform,0.41200,0.14915,000.00000000,000.00063729,000.00067139,000.09909511,000.32
Tournament (k=3),Blend,Gaussian,0.83749,0.25191,000.00439453,000.35963565,000.39806938,000.45601049,000.43
Tournament (k=3),Blend,Gaussian,0.52190,0.02183,000.00000000,000.00292397,000.00229645,000.14099962,000.27
Tournament (k=3),Blend,Gaussian,0.74410,0.07415,000.00000000,000.00000095,000.00000000,000.00015787,000.34
Tournament (k=3),Blend,Uniform,0.49195,0.04023,000.00000000,000.00895019,000.00750732,000.36234120,000.21
Tournament (k=3),Blend,Gaussian,0.81310,0.07415,000.00000000,000.00000000,000.00000000,000.00061465,000.43
Tournament (k=3),Blend,Gaussian,0.97087,0.16276,000.00009918,000.00925083,000.00871277,000.06495055,000.41
Tournament (k=3),Blend,Gaussian,0.58741,0.21153,000.00037384,000.02250710,000.02288437,000.04977082,000.40
Tournament (k=3),Blend,Uniform,0.50670,0.02000,000.00000000,000.16174802,000.05356216,000.55371350,000.20
Tournament (k=3),Blend,Uniform,0.47762,0.23084,000.01541519,000.46438289,000.56530762,000.53960490,000.30
Tournament (k=3),Blend,Gaussian,0.88849,0.06795,000.00000000,000.00000000,000.00000000,000.00014123,000.38
Tournament (k=3),Blend,Gaussian,0.78941,0.14915,000.00000000,000.00006728,000.00005722,000.00244761,000.42
Tournament (k=3),Blend,Uniform,0.43709,0.03378,000.00000000,000.03272362,000.01864624,000.40074664,000.21
Tournament (k=3),Blend,Gaussian,0.64187,0.10516,000.00000000,000.00000067,000.00000000,000.00033656,000.40
Tournament (k=3),Blend,Gaussian,0.40000,0.27490,000.00454712,000.09428277,000.10749054,000.23118787,000.45
Tournament (k=3),Blend,Uniform,0.41200,0.04791,000.00000000,000.01595607,000.01164055,000.14586020,000.26
Tournament (k=3),Blend,Uniform,0.40000,0.03686,000.00000381,000.01656065,000.01447296,000.24190471,000.25
Tournament (k=3),Blend,Gaussian,0.72243,0.14915,000.00000000,000.00002036,000.00001907,000.00041956,000.42
Tournament (k=3),Blend,Uniform,0.49195,0.11476,000.00000000,000.00023818,000.00014496,000.02422494,000.31
Tournament (k=3),Blend,Uniform,0.50670,0.05705,000.00000000,000.00473499,000.00332260,000.12623234,000.23
Tournament (k=3),Blend,Uniform,0.46371,0.06226,000.00000000,000.00348077,000.00188255,000.17298441,000.23
Tournament (k=3),Blend,Gaussian,0.62318,0.07415,000.00000000,000.00001607,000.00000572,000.00044821,000.33
Tournament (k=3),Blend,Gaussian,0.97087,0.02000,000.00000000,000.00000000,000.00000000,000.24533591,000.29
Tournament (k=3),Blend,Gaussian,0.60503,0.12524,000.00000000,000.00000043,000.00000000,000.00006269,000.37
Tournament (k=3),Blend,Uniform,0.50670,0.02183,000.00000000,000.09421511,000.03565025,000.46935791,000.21
Tournament (k=3),Blend,Gaussian,0.68096,0.03378,000.00000000,000.00010486,000.00003815,000.00403386,000.24
Tournament (k=3),Blend,Uniform,0.43709,0.25191,000.06697464,000.66681457,000.77165794,000.67510474,000.31
Tournament (k=3),Blend,Gaussian,0.72243,0.02000,000.00000000,000.00032525,000.00003815,000.23803806,000.28
Tournament (k=3),Blend,Gaussian,0.55369,0.02599,000.00000000,000.00096211,000.00028229,000.14213616,000.22
Tournament (k=3),Blend,Uniform,0.41200,0.05228,000.00000000,000.01252780,000.01284027,000.15762208,000.24
Tournament (k=3),Blend,Gaussian,0.58741,0.08830,000.00000000,000.00001049,000.00000381,000.00084965,000.37
Tournament (k=3),Blend,Gaussian,0.88849,0.02599,000.00000000,000.00000019,000.00000000,000.17034757,000.23
Tournament (k=3),Blend,Uniform,0.46371,0.17762,000.00007629,000.01299524,000.01214218,000.13415086,000.30
Tournament (k=3),Blend,Uniform,0.43709,0.09637,000.00000000,000.00060835,000.00042915,000.04406936,000.25
Tournament (k=3),Blend,Uniform,0.47762,0.25191,000.03910065,000.71155012,000.94198608,000.67270219,000.36
Tournament (k=3),Blend,Gaussian,0.55369,0.23084,000.00102234,000.04475164,000.05171204,000.07496282,000.44
Tournament (k=3),Blend,Uniform,0.42436,0.19383,000.00152588,000.04318953,000.04895401,000.22009036,000.35
Tournament (k=3),Blend,Uniform,0.50670,0.16276,000.00001907,000.00262704,000.00277138,000.05021274,000.35
Tournament (k=3),Blend,Uniform,0.47762,0.03095,000.00000000,000.01823778,000.00646973,000.28177643,000.21
Tournament (k=3),Blend,Gaussian,0.83749,0.09637,000.00000000,000.00000000,000.00000000,000.00016756,000.37
Tournament (k=3),Blend,Gaussian,0.94259,0.13667,000.00000000,000.00001998,000.00001526,000.00932614,000.36
Tournament (k=3),Blend,Gaussian,0.70139,0.11476,000.00000000,000.00000014,000.00000000,000.00004132,000.38
Tournament (k=3),Blend,Uniform,0.52190,0.02837,000.00000000,000.04176116,000.02006149,000.37910765,000.21
Tournament (k=3),Blend,Gaussian,0.88849,0.17762,000.00064087,000.01584206,000.01657104,000.07514435,000.45
Tournament (k=3),Blend,Gaussian,0.72243,0.06795,000.00000000,000.00000167,000.00000000,000.00098701,000.28
Tournament (k=3),Blend,Gaussian,0.68096,0.08830,000.00000000,000.00000315,000.00000000,000.00018176,000.34
Tournament (k=3),Blend,Uniform,0.41200,0.05705,000.00000000,000.00998096,000.00570679,000.12106001,000.26
Tournament (k=3),Blend,Gaussian,0.74410,0.21153,000.00268936,000.06572838,000.07293701,000.24919035,000.46
Tournament (k=3),Blend,Gaussian,0.88849,0.02837,000.00000000,000.00000024,000.00000000,000.02820068,000.24
Tournament (k=3),Blend,Gaussian,0.91514,0.03686,000.00000000,000.00000000,000.00000000,000.10130060,000.25
Tournament (k=3),Blend,Gaussian,0.66113,0.17762,000.00006866,000.00272870,000.00221252,000.02013687,000.43
Tournament (k=3),Blend,Gaussian,0.94259,0.04390,000.00000000,000.00000000,000.00000000,000.13477884,000.26
Tournament (k=3),Blend,Gaussian,0.83749,0.03686,000.00000000,000.00000033,000.00000000,000.00235010,000.31
Tournament (k=3),Blend,Gaussian,0.70139,0.04791,000.00000000,000.00006013,000.00000572,000.00286714,000.31
Tournament (k=3),Blend,Gaussian,0.81310,0.21153,000.00986481,000.09331174,000.09955597,000.26844287,000.45
Tournament (k=3),Blend,Uniform,0.40000,0.11476,000.00000000,000.00057554,000.00038147,000.02019279,000.30
Tournament (k=3),Blend,Gaussian,0.91514,0.08830,000.00000000,000.00000000,000.00000000,000.00299247,000.32
Tournament (k=3),Blend,Gaussian,0.74410,0.03095,000.00000000,000.00001488,000.00000000,000.00257916,000.30
Tournament (k=3),Blend,Gaussian,0.57030,0.04791,000.00000000,000.00018687,000.00006485,000.00602305,000.25
Tournament (k=3),Blend,Gaussian,0.66113,0.07415,000.00000000,000.00000486,000.00000000,000.00052320,000.28
Tournament (k=3),Blend,Gaussian,0.62318,0.02382,000.00000000,000.00096478,000.00029755,000.15381101,000.27
Tournament (k=3),Blend,Gaussian,0.64187,0.04791,000.00000000,000.00017223,000.00006104,000.00421051,000.25
Tournament (k=3),Blend,Gaussian,0.78941,0.06795,000.00000000,000.00000043,000.00000000,000.00044157,000.34
Tournament (k=3),Blend,Uniform,0.45020,0.04791,000.00000000,000.01057444,000.00740242,000.17333294,000.26
Tournament (k=3),Blend,Uniform,0.42436,0.07415,000.00000000,000.00414410,000.00360107,000.04018914,000.23
Tournament (k=3),Blend,Gaussian,0.97087,0.07415,000.00000000,000.00000000,000.00000000,000.20024306,000.36
Tournament (k=3),Blend,Gaussian,0.58741,0.02382,000.00000000,000.00096879,000.00060272,000.17031485,000.22
Tournament (k=3),Blend,Uniform,0.45020,0.13667,000.00000000,000.00029416,000.00021935,000.00449001,000.28
Tournament (k=3),Blend,Gaussian,0.94259,0.04791,000.00000000,000.00000000,000.00000000,000.11030088,000.27
Tournament (k=3),Blend,Gaussian,0.76642,0.04023,000.00000000,000.00003242,000.00000000,000.07160149,000.30
Tournament (k=3),Blend,Gaussian,0.60503,0.04023,000.00000000,000.00021639,000.00013351,000.01114647,000.24
Tournament (k=3),Blend,Gaussian,1.00000,0.03378,000.00000000,000.00000000,000.00000000,000.16637509,000.32
Tournament (k=3),Blend,Gaussian,0.76642,0.12524,000.00000000,000.00000000,000.00000000,000.00001948,000.43
Tournament (k=3),Blend,Gaussian,0.88849,0.19383,000.00705338,000.06902542,000.07585335,000.22879279,000.51
Tournament (k=3),Blend,Uniform,0.47762,0.09637,000.00000000,000.00126390,000.00076485,000.02662308,000.30
Tournament (k=3),Blend,Gaussian,0.83749,0.04023,000.00000000,000.00000010,000.00000000,000.00124932,000.33
Tournament (k=3),Blend,Gaussian,0.86261,0.04791,000.00000000,000.00000000,000.00000000,000.00122618,000.32
Tournament (k=3),Blend,Gaussian,0.62318,0.02599,000.00000000,000.00094113,000.00044060,000.13936915,000.29
Tournament (k=3),Blend,Gaussian,0.57030,0.14915,000.00000000,000.00001235,000.00001144,000.00146509,000.33
Tournament (k=3),Blend,Gaussian,0.86261,0.13667,000.00000000,000.00000706,000.00000763,000.00323355,000.36
Tournament (k=3),Blend,Gaussian,0.81310,0.02382,000.00000000,000.00000215,000.00000000,000.08562000,000.29
Tournament (k=3),Blend,Uniform,0.49195,0.04390,000.00000000,000.01285763,000.00700569,000.24278431,000.22
Tournament (k=3),Blend,Gaussian,0.52190,0.02382,000.00000000,000.00070505,000.00047302,000.14971898,000.26
Tournament (k=3),Blend,Uniform,0.41200,0.16276,000.00000000,000.00152659,000.00138283,000.00858470,000.33
Tournament (k=3),Blend,Gaussian,0.91514,0.25191,000.04915237,000.52482998,000.56278610,000.59219182,000.48
Tournament (k=3),Blend,Gaussian,0.74410,0.08092,000.00000000,000.00000005,000.00000000,000.00037426,000.35
Tournament (k=3),Blend,Gaussian,0.62318,0.25191,000.00427246,000.15796089,000.17350388,000.35518718,000.40
Tournament (k=3),Blend,Gaussian,0.83749,0.27490,000.03125763,000.54025054,000.60956764,000.58033246,000.41
Tournament (k=3),Blend,Uniform,0.43709,0.03686,000.00000000,000.02162914,000.01427841,000.27984181,000.20
Tournament (k=3),Blend,Gaussian,0.60503,0.04390,000.00000000,000.00021424,000.00003052,000.00937551,000.30
Tournament (k=3),Blend,Gaussian,0.81310,0.08092,000.00000000,000.00000000,000.00000000,000.00022662,000.35
Tournament (k=3),Blend,Uniform,0.52190,0.08092,000.00000000,000.00064921,000.00028801,000.01284289,000.24
Tournament (k=3),Blend,Gaussian,0.58741,0.23084,000.00730896,000.06250362,000.06669617,000.18520866,000.39
Tournament (k=3),Blend,Uniform,0.40000,0.04023,000.00000000,000.01588254,000.01240158,000.25152823,000.25
Tournament (k=3),Blend,Gaussian,0.97087,0.17762,000.00025177,000.02966671,000.02733994,000.14317352,000.40
Tournament (k=3),Blend,Uniform,0.46371,0.06795,000.00000000,000.00256763,000.00151253,000.04976607,000.24
Tournament (k=3),Blend,Gaussian,0.88849,0.07415,000.00000000,000.00000000,000.00000000,000.00047865,000.35
Tournament (k=3),Blend,Gaussian,1.00000,0.08092,000.00000000,000.00000000,000.00000000,000.23711716,000.37
Tournament (k=3),Blend,Uniform,0.50670,0.06226,000.00000000,000.00195575,000.00136948,000.05560744,000.28
Tournament (k=3),Blend,Uniform,0.49195,0.12524,000.00000000,000.00018988,000.00007248,000.00796249,000.28
Tournament (k=3),Blend,Gaussian,0.86261,0.05228,000.00000000,000.00000029,000.00000000,000.13926315,000.35
Tournament (k=3),Blend,Uniform,0.40000,0.27490,000.04634094,000.88059378,001.16288376,000.67848957,000.36
Tournament (k=3),Blend,Uniform,0.50670,0.02382,000.00000000,000.08294363,000.08025169,000.46333653,000.21
Tournament (k=3),Blend,Gaussian,0.78941,0.16276,000.00001144,000.00072055,000.00074387,000.10083058,000.43
Tournament (k=3),Blend,Gaussian,0.62318,0.08092,000.00000000,000.00001082,000.00000000,000.00054915,000.34
Tournament (k=3),Blend,Gaussian,0.97087,0.02183,000.00000000,000.00000000,000.00000000,000.19948404,000.31
Tournament (k=3),Blend,Gaussian,0.68096,0.03686,000.00000000,000.00002646,000.00000763,000.00242683,000.24
Tournament (k=3),Blend,Gaussian,0.72243,0.16276,000.00001144,000.00034137,000.00036621,000.01744548,000.42
Tournament (k=3),Blend,Gaussian,0.60503,0.13667,000.00000000,000.00000157,000.00000000,000.00003752,000.35
Tournament (k=3),Blend,Gaussian,0.72243,0.02183,000.00000000,000.00019951,000.00002480,000.10103387,000.29
Tournament (k=3),Blend,Uniform,0.43709,0.27490,000.03042603,000.92893618,001.24433327,000.70876515,000.30
Tournament (k=3),Blend,Uniform,0.43709,0.10516,000.00000000,000.00108194,000.00070953,000.04310283,000.25
Tournament (k=3),Blend,Uniform,0.46371,0.19383,000.00086212,000.05300326,000.05680084,000.22968188,000.31
Tournament (k=3),Blend,Uniform,0.52190,0.03095,000.00000000,000.01636839,000.00931549,000.28735018,000.21
Tournament (k=3),Blend,Uniform,0.40000,0.04390,000.00000000,000.02676949,000.01551819,000.26985189,000.39
Tournament (k=3),Blend,Uniform,0.42436,0.21153,000.00244904,000.13689966,000.14532280,000.32123423,000.35
Tournament (k=3),Blend,Uniform,0.49195,0.13667,000.00000000,000.00013537,000.00011253,000.00775866,000.33
Tournament (k=3),Blend,Uniform,0.41200,0.06226,000.00000000,000.00591726,000.00352669,000.05945258,000.22
Tournament (k=3),Blend,Uniform,0.46371,0.07415,000.00000000,000.00403233,000.00207901,000.02748650,000.40
Tournament (k=3),Blend,Uniform,0.52190,0.08830,000.00000000,000.00070839,000.00055122,000.01345921,000.46
Tournament (k=3),Blend,Gaussian,0.94259,0.14915,000.00000381,000.00043640,000.00030327,000.00927389,000.38
Tournament (k=3),Blend,Gaussian,0.88849,0.03095,000.00000000,000.00000000,000.00000000,000.09899075,000.24
Tournament (k=3),Blend,Gaussian,0.68096,0.09637,000.00000000,000.00000100,000.00000000,000.00019818,000.31
Tournament (k=3),Blend,Uniform,0.50670,0.17762,000.00013733,000.01135793,000.01289177,000.13421349,000.43
Tournament (k=3),Blend,Uniform,0.42436,0.02599,000.00000000,000.06856475,000.04821968,000.36450192,000.24
Tournament (k=3),Blend,Gaussian,0.55369,0.25191,000.01183319,000.12366223,000.13703918,000.31519070,000.48
Tournament (k=3),Blend,Uniform,0.43709,0.11476,000.00000000,000.00055156,000.00028610,000.01162076,000.27
Tournament (k=3),Blend,Gaussian,0.72243,0.07415,000.00000000,000.00000043,000.00000000,000.00007285,000.35
Tournament (k=3),Blend,Gaussian,0.66113,0.02000,000.00000000,000.00048661,000.00007629,000.14058356,000.28
Tournament (k=3),Blend,Gaussian,0.83749,0.10516,000.00000000,000.00000000,000.00000000,000.00291590,000.47
Tournament (k=3),Blend,Gaussian,0.70139,0.12524,000.00000000,000.00000000,000.00000000,000.00001593,000.44
Tournament (k=3),Blend,Uniform,0.40000,0.12524,000.00000000,000.00087357,000.00054550,000.01110443,000.27
Tournament (k=3),Blend,Gaussian,0.72243,0.02382,000.00000000,000.00008478,000.00000763,000.00607554,000.34
Tournament (k=3),Blend,Uniform,0.52190,0.03378,000.00000000,000.01337996,000.00572968,000.28562254,000.23
Tournament (k=3),Blend,Gaussian,1.00000,0.23084,000.04045105,000.53593689,000.52434540,000.53180218,000.50
Tournament (k=3),Blend,Uniform,0.53756,0.04023,000.00000000,000.00945253,000.00540161,000.22410567,000.22
Tournament (k=3),Blend,Gaussian,0.66113,0.19383,000.00048828,000.01010962,000.01077080,000.03451905,000.44
Tournament (k=3),Blend,Gaussian,0.74410,0.23084,000.00941849,000.13342519,000.14949608,000.39842719,000.47
Tournament (k=3),Blend,Uniform,0.46371,0.02382,000.00000000,000.02815432,000.01575851,000.40145719,000.24
Tournament (k=3),Blend,Gaussian,0.74410,0.03378,000.00000000,000.00003495,000.00000000,000.00373747,000.30
Tournament (k=3),Blend,Uniform,0.52190,0.23084,000.00227356,000.46257153,000.51342010,000.57698911,000.31
Tournament (k=3),Blend,Gaussian,0.58741,0.02599,000.00000000,000.00090828,000.00039291,000.09970739,000.22
Tournament (k=3),Blend,Uniform,0.42436,0.08092,000.00000000,000.00188584,000.00168991,000.04075826,000.24
Tournament (k=3),Blend,Uniform,0.45020,0.05228,000.00000000,000.01024742,000.00845718,000.14775504,000.27
Tournament (k=3),Blend,Gaussian,0.64187,0.05228,000.00000000,000.00005250,000.00001144,000.00223171,000.30
Tournament (k=3),Blend,Gaussian,0.91514,0.09637,000.00000000,000.00000000,000.00000000,000.01928374,000.38
Tournament (k=3),Blend,Gaussian,0.78941,0.07415,000.00000000,000.00000000,000.00000000,000.00006162,000.33
Tournament (k=3),Blend,Gaussian,0.81310,0.23084,000.00651550,000.19232139,000.21233177,000.45085433,000.51
Tournament (k=3),Blend,Uniform,0.45020,0.14915,000.00000000,000.00043306,000.00041199,000.00617413,000.29
Tournament (k=3),Blend,Uniform,0.52190,0.03686,000.00000000,000.00967031,000.00332069,000.23161398,000.25
Tournament (k=3),Blend,Gaussian,0.94259,0.05228,000.00000000,000.00000000,000.00000000,000.17430365,000.31
Tournament (k=3),Blend,Gaussian,0.76642,0.04390,000.00000000,000.00001354,000.00000000,000.00435620,000.31
Tournament (k=3),Blend,Gaussian,0.97087,0.08092,000.00000000,000.00000000,000.00000000,000.08865293,000.37
Tournament (k=3),Blend,Uniform,0.53756,0.04390,000.00000000,000.00585990,000.00395966,000.12792650,000.26
Tournament (k=3),Blend,Uniform,0.46371,0.02599,000.00000000,000.03407168,000.02564240,000.39159343,000.24
Tournament (k=3),Blend,Gaussian,0.76642,0.13667,000.00000000,000.00000229,000.00000000,000.00008082,000.35
Tournament (k=3),Blend,Gaussian,0.76642,0.27490,000.03069305,000.43257457,000.45743561,000.49122009,000.42
Tournament (k=3),Blend,Uniform,0.47762,0.10516,000.00000000,000.00034413,000.00019836,000.02101235,000.31
Tournament (k=3),Blend,Gaussian,0.58741,0.02837,000.00000000,000.00115829,000.00074005,000.01634692,000.27
Tournament (k=3),Blend,Uniform,0.49195,0.04791,000.00000000,000.00508280,000.00378609,000.14516553,000.22
Tournament (k=3),Blend,Gaussian,0.62318,0.02837,000.00000000,000.00023661,000.00004196,000.14211693,000.29
Tournament (k=3),Blend,Uniform,0.55369,0.02000,000.00000000,000.16895184,000.06196213,000.51845926,000.26
Tournament (k=3),Blend,Gaussian,0.81310,0.02599,000.00000000,000.00000339,000.00000000,000.09898745,000.30
Tournament (k=3),Blend,Uniform,0.53756,0.11476,000.00000000,000.00012212,000.00006104,000.00600875,000.33
Tournament (k=3),Blend,Uniform,0.43709,0.04023,000.00000000,000.00900345,000.00606155,000.22978148,000.20
Tournament (k=3),Blend,Uniform,0.45020,0.16276,000.00000000,000.00112901,000.00119972,000.01245905,000.33
Tournament (k=3),Blend,Gaussian,0.64187,0.11476,000.00000000,000.00000029,000.00000000,000.00012155,000.40
Tournament (k=3),Blend,Gaussian,1.00000,0.25191,000.03498840,000.66826731,000.82402039,000.60819840,000.51
Tournament (k=3),Blend,Gaussian,0.66113,0.21153,000.00062180,000.03775110,000.04093933,000.14186122,000.45
Tournament (k=3),Blend,Gaussian,0.86261,0.14915,000.00000000,000.00015063,000.00012779,000.00707417,000.42
Tournament (k=3),Blend,Uniform,0.52190,0.04023,000.00000000,000.00717978,000.00234795,000.23834853,000.34
Tournament (k=3),Blend,Gaussian,0.91514,0.27490,000.05115128,000.74304163,000.87683678,000.64923555,000.45
Tournament (k=3),Blend,Gaussian,0.60503,0.04791,000.00000000,000.00018153,000.00008965,000.00337439,000.30
Tournament (k=3),Blend,Uniform,0.55369,0.05705,000.00000000,000.00220165,000.00083923,000.10976081,000.26
Tournament (k=3),Blend,Gaussian,0.62318,0.27490,000.00978851,000.22286257,000.24542809,000.39842638,000.40
Tournament (k=3),Blend,Uniform,0.47762,0.03378,000.00000000,000.02611122,000.01618004,000.29458863,000.20
Tournament (k=3),Blend,Gaussian,0.83749,0.30000,000.11152649,000.73425984,000.99126053,000.58972526,000.44
Tournament (k=3),Blend,Gaussian,0.62318,0.03095,000.00000000,000.00022078,000.00009537,000.01895859,000.29
Tournament (k=3),Blend,Uniform,0.47762,0.27490,000.13992310,001.00428903,001.21612930,000.71650529,000.31
Tournament (k=3),Blend,Gaussian,0.81310,0.08830,000.00000000,000.00000000,000.00000000,000.00033642,000.36
Tournament (k=3),Blend,Uniform,0.50670,0.02599,000.00000000,000.02907991,000.00881195,000.37535563,000.20
Tournament (k=3),Blend,Uniform,0.55369,0.02183,000.00000000,000.06781282,000.01034164,000.47562924,000.27
Tournament (k=3),Blend,Gaussian,1.00000,0.08830,000.00000000,000.00000000,000.00000000,000.21140350,000.36
Tournament (k=3),Blend,Gaussian,0.58741,0.25191,000.00376892,000.11672340,000.11654282,000.25603092,000.40
Tournament (k=3),Blend,Gaussian,0.86261,0.05705,000.00000000,000.00000000,000.00000000,000.00084316,000.33
Tournament (k=3),Blend,Uniform,0.40000,0.30000,000.02796555,001.05956852,001.20958328,000.79689825,000.34
Tournament (k=3),Blend,Gaussian,0.97087,0.19383,000.01087570,000.06733365,000.06874275,000.24452326,000.48
Tournament (k=3),Blend,Gaussian,0.97087,0.02382,000.00000000,000.00000000,000.00000000,000.21179602,000.31
Tournament (k=3),Blend,Gaussian,0.62318,0.08830,000.00000000,000.00002570,000.00000381,000.00086212,000.31
Tournament (k=3),Blend,Gaussian,0.68096,0.23084,000.00468445,000.09267726,000.10484314,000.34281105,000.51
Tournament (k=3),Blend,Gaussian,0.91514,0.04023,000.00000000,000.00000000,000.00000000,000.00090995,000.25
Tournament (k=3),Blend,Uniform,0.55369,0.16276,000.00000000,000.00205665,000.00210762,000.10487913,000.30
Tournament (k=3),Blend,Uniform,0.41200,0.06795,000.00000000,000.00492296,000.00404739,000.11628517,000.23
Tournament (k=3),Blend,Gaussian,0.78941,0.17762,000.00003433,000.00664325,000.00637817,000.03608646,000.43
Tournament (k=3),Blend,Uniform,0.46371,0.08092,000.00000000,000.00171614,000.00106812,000.04923235,000.25
Tournament (k=3),Blend,Uniform,0.50670,0.02837,000.00000000,000.03345299,000.01150894,000.34249887,000.26
Tournament (k=3),Blend,Uniform,0.40000,0.04791,000.00000000,000.02144833,000.02378082,000.18896025,000.27
Tournament (k=3),Blend,Uniform,0.46371,0.21153,000.00410843,000.17321587,000.16144180,000.42989436,000.31
Tournament (k=3),Blend,Uniform,0.55369,0.02382,000.00000000,000.02889662,000.00665283,000.41436696,000.28
Tournament (k=3),Blend,Gaussian,0.70139,0.05228,000.00000000,000.00006375,000.00000191,000.00171572,000.32
Tournament (k=3),Blend,Gaussian,0.60503,0.14915,000.00000000,000.00000811,000.00000763,000.00014336,000.40
Tournament (k=3),Blend,Gaussian,0.72243,0.17762,000.00009155,000.00303740,000.00288200,000.01745907,000.44
Tournament (k=3),Blend,Uniform,0.42436,0.23084,000.02611542,000.38223982,000.42354012,000.50320780,000.36
Tournament (k=3),Blend,Gaussian,0.88849,0.03378,000.00000000,000.00000000,000.00000000,000.09898913,000.27
Tournament (k=3),Blend,Uniform,0.42436,0.02837,000.00000000,000.04776563,000.02718735,000.37446427,000.25
Tournament (k=3),Blend,Uniform,0.52190,0.09637,000.00000000,000.00049405,000.00024605,000.01288892,000.31
Tournament (k=3),Blend,Gaussian,0.91514,0.04390,000.00000000,000.00000000,000.00000000,000.26773715,000.26
Tournament (k=3),Blend,Uniform,0.43709,0.12524,000.00000000,000.00081272,000.00066376,000.01479243,000.28
Tournament (k=3),Blend,Gaussian,0.68096,0.10516,000.00000000,000.00000005,000.00000000,000.00015582,000.32
Tournament (k=3),Blend,Uniform,0.50670,0.03095,000.00000000,000.03217630,000.00958633,000.33344334,000.22
Tournament (k=3),Blend,Gaussian,0.62318,0.30000,000.01206207,000.32492334,000.37503433,000.46489093,000.53
Tournament (k=3),Blend,Gaussian,0.66113,0.02183,000.00000000,000.00055056,000.00006104,000.17833710,000.28
Tournament (k=3),Blend,Gaussian,0.94259,0.16276,000.00008392,000.00535884,000.00424004,000.01983842,000.39
Tournament (k=3),Blend,Uniform,0.55369,0.17762,000.00045395,000.02791209,000.03065300,000.27279383,000.32
Tournament (k=3),Blend,Uniform,0.50670,0.19383,000.00031662,000.07422700,000.07575607,000.26341012,000.38
Tournament (k=3),Blend,Uniform,0.40000,0.13667,000.00000000,000.00059676,000.00036049,000.00579420,000.32
Tournament (k=3),Blend,Gaussian,0.72243,0.02599,000.00000000,000.00012169,000.00002670,000.05547038,000.29
Tournament (k=3),Blend,Gaussian,1.00000,0.03686,000.00000000,000.00000000,000.00000000,000.33543625,000.33
Tournament (k=3),Blend,Gaussian,0.83749,0.11476,000.00000000,000.00000000,000.00000000,000.00003961,000.40
Tournament (k=3),Blend,Gaussian,0.88849,0.03686,000.00000000,000.00000000,000.00000000,000.00328538,000.25
Tournament (k=3),Blend,Uniform,0.57030,0.02837,000.00000000,000.01246567,000.00609589,000.33356142,000.21
Tournament (k=3),Blend,Uniform,0.42436,0.25191,000.01691818,000.61901706,000.74986649,000.64329809,000.34
Tournament (k=3),Blend,Uniform,0.50670,0.03378,000.00000000,000.01680665,000.00806808,000.25074923,000.22
Tournament (k=3),Blend,Uniform,0.42436,0.03095,000.00000000,000.03245611,000.02793884,000.36950737,000.27
Tournament (k=3),Blend,Uniform,0.42436,0.08830,000.00000000,000.00291500,000.00171661,000.10358860,000.25
Tournament (k=3),Blend,Uniform,0.45020,0.05705,000.00000000,000.00827293,000.00534439,000.14456935,000.27
Tournament (k=3),Blend,Uniform,0.57030,0.08092,000.00000000,000.00067430,000.00036240,000.01796491,000.27
Tournament (k=3),Blend,Uniform,0.52190,0.25191,000.01619720,000.77817571,001.07454491,000.61741316,000.32
Tournament (k=3),Blend,Gaussian,0.74410,0.25191,000.03458786,000.23298974,000.26617622,000.40626273,000.49
Tournament (k=3),Blend,Gaussian,0.88849,0.21153,000.00673676,000.13284501,000.15260315,000.36834860,000.48
Tournament (k=3),Blend,Gaussian,0.72243,0.19383,000.00020981,000.02223167,000.02368546,000.08001306,000.45
Tournament (k=3),Blend,Uniform,0.57030,0.23084,000.02517319,000.68914461,000.97947311,000.74954426,000.33
Tournament (k=3),Blend,Uniform,0.53756,0.04791,000.00000000,000.00444388,000.00167656,000.14858185,000.23
Tournament (k=3),Blend,Uniform,0.46371,0.02837,000.00000000,000.03555622,000.01335526,000.35408342,000.21
Tournament (k=3),Blend,Gaussian,0.76642,0.04791,000.00000000,000.00000491,000.00000000,000.00150298,000.33
Tournament (k=3),Blend,Gaussian,0.91514,0.10516,000.00000000,000.00000000,000.00000000,000.00099896,000.40
Tournament (k=3),Blend,Uniform,0.50670,0.21153,000.00711060,000.19490619,000.22824478,000.41853425,000.38
Tournament (k=3),Blend,Gaussian,0.94259,0.05705,000.00000000,000.00000000,000.00000000,000.00027093,000.35
Tournament (k=3),Blend,Uniform,0.58741,0.04023,000.00000000,000.00556531,000.00344276,000.22336388,000.23
Tournament (k=3),Blend,Gaussian,0.74410,0.08830,000.00000000,000.00000062,000.00000000,000.00040428,000.37
Tournament (k=3),Blend,Uniform,0.49195,0.05228,000.00000000,000.00469403,000.00374985,000.14784555,000.23
Tournament (k=3),Blend,Uniform,0.47762,0.11476,000.00000000,000.00054183,000.00023270,000.01368385,000.33
Tournament (k=3),Blend,Gaussian,0.81310,0.25191,000.00967026,000.33215731,000.35064125,000.45238361,000.50
Tournament (k=3),Blend,Gaussian,0.97087,0.08830,000.00000000,000.00000000,000.00000000,000.04581378,000.39
Tournament (k=3),Blend,Gaussian,0.81310,0.02837,000.00000000,000.00000343,000.00000000,000.00345466,000.31
Tournament (k=3),Blend,Uniform,0.53756,0.12524,000.00000000,000.00009346,000.00005913,000.00469636,000.29
Tournament (k=3),Blend,Gaussian,0.76642,0.14915,000.00000000,000.00004649,000.00004578,000.00361511,000.39
Tournament (k=3),Blend,Gaussian,0.88849,0.08092,000.00000000,000.00000000,000.00000000,000.00842698,000.37
Tournament (k=3),Blend,Gaussian,0.76642,0.30000,000.03012848,000.48756915,000.46913719,000.68365598,000.45
Tournament (k=3),Blend,Uniform,0.52190,0.04390,000.00000000,000.00638084,000.00465393,000.27126351,000.23
Tournament (k=3),Blend,Uniform,0.45020,0.17762,000.00001526,000.01230154,000.00889587,000.18297882,000.30
Tournament (k=3),Blend,Uniform,0.47762,0.03686,000.00000000,000.01088452,000.00581169,000.23081902,000.21
Tournament (k=3),Blend,Gaussian,0.64187,0.12524,000.00000000,000.00000010,000.00000000,000.00005331,000.34
Tournament (k=3),Blend,Gaussian,0.60503,0.05228,000.00000000,000.00016651,000.00008583,000.00226810,000.31
Tournament (k=3),Blend,Uniform,0.58741,0.11476,000.00000000,000.00002942,000.00001526,000.00137764,000.34
Tournament (k=3),Blend,Gaussian,0.86261,0.02000,000.00000000,000.00001440,000.00000000,000.19481315,000.23
Tournament (k=3),Blend,Uniform,0.55369,0.06226,000.00000000,000.00072589,000.00049973,000.09623984,000.29
Tournament (k=3),Blend,Gaussian,0.72243,0.21153,000.00115967,000.05926771,000.06261063,000.22743767,000.47
Tournament (k=3),Blend,Gaussian,0.94259,0.06226,000.00000000,000.00000000,000.00000000,000.09179456,000.35
Tournament (k=3),Blend,Gaussian,0.88849,0.23084,000.00893402,000.22048464,000.25143242,000.36638191,000.50
Tournament (k=3),Blend,Uniform,0.43709,0.30000,000.09244156,001.13950217,001.27359009,000.80953139,000.32
Tournament (k=3),Blend,Uniform,0.60503,0.02000,000.00000000,000.04258905,000.01323128,000.47028768,000.25
Tournament (k=3),Blend,Uniform,0.49195,0.14915,000.00000000,000.00021324,000.00018311,000.00254902,000.31
Tournament (k=3),Blend,Gaussian,0.86261,0.16276,000.00004578,000.00207009,000.00185013,000.03978895,000.47
Tournament (k=3),Blend,Uniform,0.41200,0.02000,000.00000000,000.22959986,000.12512016,000.52628326,000.24
Tournament (k=3),Blend,Uniform,0.47762,0.30000,000.13182068,001.09990728,001.33201218,000.81951421,000.33
Tournament (k=3),Blend,Gaussian,0.78941,0.02000,000.00000000,000.00001602,000.00000000,000.00219264,000.29
Tournament (k=3),Blend,Gaussian,1.00000,0.09637,000.00000000,000.00000000,000.00000000,000.10495815,000.32
Tournament (k=3),Blend,Gaussian,0.81310,0.09637,000.00000000,000.00000000,000.00000000,000.00003771,000.38
Tournament (k=3),Blend,Gaussian,1.00000,0.27490,000.03634644,000.80942076,001.02642632,000.76482576,000.58
Tournament (k=3),Blend,Gaussian,0.86261,0.06226,000.00000000,000.00000000,000.00000000,000.00094659,000.34
Tournament (k=3),Blend,Uniform,0.41200,0.07415,000.00000000,000.00822601,000.00647545,000.17254207,000.25
Tournament (k=3),Blend,Uniform,0.60503,0.05705,000.00000000,000.00060415,000.00028038,000.03080188,000.26
Tournament (k=3),Blend,Gaussian,0.97087,0.02599,000.00000000,000.00000000,000.00000000,000.11208017,000.31
Tournament (k=3),Blend,Uniform,0.60503,0.16276,000.00001526,000.00589290,000.00666237,000.12577167,000.31
Tournament (k=3),Blend,Uniform,0.40000,0.05228,000.00000000,000.00949111,000.00512123,000.19448280,000.27
Tournament (k=3),Blend,Gaussian,0.62318,0.09637,000.00000000,000.00000525,000.00000381,000.00029965,000.37
Tournament (k=3),Blend,Gaussian,0.97087,0.21153,000.00965500,000.20505600,000.22743225,000.44680595,000.41
Tournament (k=3),Blend,Uniform,0.55369,0.02599,000.00000000,000.02766070,000.01650238,000.39340505,000.26
Tournament (k=3),Blend,Uniform,0.62318,0.02837,000.00000000,000.02768116,000.00237274,000.39373678,000.27
Tournament (k=3),Blend,Gaussian,0.94259,0.06795,000.00000000,000.00000000,000.00000000,000.00070558,000.39
Tournament (k=3),Blend,Uniform,0.46371,0.23084,000.01273727,000.35290867,000.39765739,000.53518635,000.30
Tournament (k=3),Blend,Gaussian,0.70139,0.13667,000.00000000,000.00000038,000.00000000,000.00042103,000.40
Tournament (k=3),Blend,Gaussian,0.68096,0.25191,000.01570511,000.19154510,000.21188736,000.36940300,000.46
Tournament (k=3),Blend,Gaussian,0.78941,0.19383,000.00129318,000.03685470,000.03425789,000.11669914,000.44
Tournament (k=3),Blend,Gaussian,0.83749,0.04390,000.00000000,000.00000143,000.00000000,000.00038898,000.28
Tournament (k=3),Blend,Gaussian,0.91514,0.04791,000.00000000,000.00000000,000.00000000,000.12368205,000.26
Tournament (k=3),Blend,Uniform,0.41200,0.08092,000.00000000,000.00172367,000.00104141,000.04463286,000.25
Tournament (k=3),Blend,Gaussian,0.60503,0.16276,000.00000000,000.00010061,000.00007629,000.00574822,000.35
Tournament (k=3),Blend,Uniform,0.43709,0.13667,000.00000000,000.00051379,000.00038910,000.00496418,000.27
Tournament (k=3),Blend,Uniform,0.52190,0.10516,000.00000000,000.00052462,000.00028610,000.09900950,000.31
Tournament (k=3),Blend,Uniform,0.60503,0.06226,000.00000000,000.00076985,000.00023651,000.01705283,000.28
Tournament (k=3),Blend,Gaussian,1.00000,0.10516,000.00000000,000.00000000,000.00000000,000.02545556,000.40
Tournament (k=3),Blend,Uniform,0.57030,0.03095,000.00000000,000.00944052,000.00277328,000.36471438,000.22
Tournament (k=3),Blend,Uniform,0.40000,0.14915,000.00000000,000.00076828,000.00082970,000.00582572,000.31
Tournament (k=3),Blend,Uniform,0.50670,0.03686,000.00000000,000.01825576,000.01387596,000.31702569,000.21
Tournament (k=3),Blend,Uniform,0.41200,0.17762,000.00006104,000.01037607,000.00785637,000.04571850,000.33
Tournament (k=3),Blend,Uniform,0.60503,0.17762,000.00024414,000.04224448,000.03561401,000.37902495,000.37
Tournament (k=3),Blend,Uniform,0.62318,0.08092,000.00000000,000.00015769,000.00004578,000.09920066,000.26
Tournament (k=3),Blend,Uniform,0.42436,0.03378,000.00000000,000.02803221,000.01888275,000.30604959,000.25
Tournament (k=3),Blend,Uniform,0.42436,0.09637,000.00000000,000.00149779,000.00136375,000.02381213,000.25
Tournament (k=3),Blend,Gaussian,1.00000,0.04023,000.00000000,000.00000000,000.00000000,000.21075071,000.33
Tournament (k=3),Blend,Gaussian,0.94259,0.17762,000.00087738,000.03177104,000.03350067,000.13842170,000.44
Tournament (k=3),Blend,Uniform,0.45020,0.06226,000.00000000,000.00625057,000.00456810,000.04247749,000.27
Tournament (k=3),Blend,Uniform,0.57030,0.08830,000.00000000,000.00061646,000.00014496,000.01001480,000.26
Tournament (k=3),Blend,Uniform,0.50670,0.06795,000.00000000,000.00163026,000.00121498,000.03189136,000.25
Tournament (k=3),Blend,Uniform,0.42436,0.27490,000.02866745,000.65649527,000.79092598,000.68173635,000.36
Tournament (k=3),Blend,Uniform,0.43709,0.14915,000.00000000,000.00043726,000.00028992,000.00646081,000.31
Tournament (k=3),Blend,Gaussian,0.83749,0.12524,000.00000000,000.00000000,000.00000000,000.00001156,000.40
Tournament (k=3),Blend,Uniform,0.52190,0.27490,000.00645828,001.05294275,001.33371735,000.69536394,000.33
Tournament (k=3),Blend,Gaussian,0.97087,0.23084,000.01995468,000.43345112,000.40086174,000.53953153,000.47
Tournament (k=3),Blend,Uniform,0.60503,0.06795,000.00000000,000.00047245,000.00022507,000.16651143,000.32
Tournament (k=3),Blend,Uniform,0.53756,0.05228,000.00000000,000.00320759,000.00172615,000.05764246,000.23
Tournament (k=3),Blend,Uniform,0.46371,0.03095,000.00000000,000.03549743,000.01539421,000.36583576,000.22
Tournament (k=3),Blend,Uniform,0.58741,0.04390,000.00000000,000.00198073,000.00124359,000.23109670,000.23
Tournament (k=3),Blend,Uniform,0.49195,0.05705,000.00000000,000.00299568,000.00158691,000.13421704,000.22
Tournament (k=3),Blend,Uniform,0.57030,0.25191,000.08140182,000.97089541,001.26155090,000.82731670,000.32
Tournament (k=3),Blend,Gaussian,0.76642,0.05228,000.00000000,000.00000238,000.00000000,000.00216417,000.32
Tournament (k=3),Blend,Uniform,0.50670,0.23084,000.01277924,000.50103384,000.56245422,000.68234420,000.37
Tournament (k=3),Blend,Uniform,0.52190,0.04791,000.00000000,000.00241880,000.00128174,000.15183719,000.23
Tournament (k=3),Blend,Gaussian,0.81310,0.03095,000.00000000,000.00000558,000.00000000,000.00494315,000.30
Tournament (k=3),Blend,Uniform,0.47762,0.12524,000.00000000,000.00015421,000.00012016,000.00531690,000.32
Tournament (k=3),Blend,Gaussian,0.91514,0.11476,000.00000000,000.00000000,000.00000000,000.00103080,000.40
Tournament (k=3),Blend,Gaussian,0.74410,0.09637,000.00000000,000.00000000,000.00000000,000.00010471,000.37
Tournament (k=3),Blend,Uniform,0.53756,0.13667,000.00000000,000.00006104,000.00003815,000.00128379,000.29
Tournament (k=3),Blend,Uniform,0.53756,0.05705,000.00000000,000.00410972,000.00185013,000.14136495,000.26
Tournament (k=3),Blend,Gaussian,0.97087,0.09637,000.00000000,000.00000000,000.00000000,000.00246948,000.37
Tournament (k=3),Blend,Gaussian,0.91514,0.30000,000.06757355,000.99258929,001.29799652,000.72571802,000.45
Tournament (k=3),Blend,Uniform,0.58741,0.04791,000.00000000,000.00215445,000.00053024,000.19494729,000.24
Tournament (k=3),Blend,Uniform,0.60503,0.07415,000.00000000,000.00051866,000.00017166,000.02026663,000.33
Tournament (k=3),Blend,Uniform,0.64187,0.04023,000.00000000,000.00100250,000.00032806,000.25521824,000.23
Tournament (k=3),Blend,Gaussian,0.88849,0.08830,000.00000000,000.00000000,000.00000000,000.05115446,000.37
Tournament (k=3),Blend,Uniform,0.62318,0.23084,000.05818558,000.84285605,001.12228394,000.67948115,000.39
Tournament (k=3),Blend,Uniform,0.49195,0.06226,000.00000000,000.00495110,000.00362587,000.14123018,000.26
Tournament (k=3),Blend,Gaussian,0.86261,0.02183,000.00000000,000.00000081,000.00000000,000.17118295,000.23
Tournament (k=3),Blend,Gaussian,0.81310,0.27490,000.01449585,000.48614556,000.52787971,000.58217663,000.50
Tournament (k=3),Blend,Gaussian,0.58741,0.27490,000.00500488,000.22599730,000.26777267,000.39473271,000.43
Tournament (k=3),Blend,Uniform,0.45020,0.02000,000.00000000,000.14437766,000.08060837,000.54337949,000.20
Tournament (k=3),Blend,Gaussian,0.64187,0.13667,000.00000000,000.00000048,000.00000000,000.00006589,000.40
Tournament (k=3),Blend,Uniform,0.46371,0.08830,000.00000000,000.00143299,000.00093460,000.01695297,000.25
Tournament (k=3),Blend,Uniform,0.49195,0.02000,000.00000000,000.20829415,000.10966301,000.51838666,000.20
Tournament (k=3),Blend,Uniform,0.60503,0.02183,000.00000000,000.10795951,000.01761246,000.43375269,000.27
Tournament (k=3),Blend,Uniform,0.55369,0.06795,000.00000000,000.00090599,000.00040054,000.04738702,000.32
Tournament (k=3),Blend,Gaussian,0.78941,0.02183,000.00000000,000.00001135,000.00000000,000.17087276,000.23
Tournament (k=3),Blend,Uniform,0.41200,0.02183,000.00000381,000.17827058,000.11406708,000.45799556,000.25
Tournament (k=3),Blend,Uniform,0.64187,0.11476,000.00000000,000.00001855,000.00001144,000.00158991,000.35
Tournament (k=3),Blend,Uniform,0.66113,0.02000,000.00000000,000.04591947,000.00520325,000.42726809,000.21
Tournament (k=3),Blend,Uniform,0.49195,0.16276,000.00000000,000.00162077,000.00111198,000.14335798,000.36
Tournament (k=3),Blend,Uniform,0.49195,0.06795,000.00000000,000.00171089,000.00130844,000.05588282,000.25
Tournament (k=3),Blend,Gaussian,0.74410,0.03686,000.00000000,000.00003700,000.00000000,000.09900065,000.30
Tournament (k=3),Blend,Gaussian,0.66113,0.02382,000.00000000,000.00033660,000.00005341,000.10470796,000.25
Tournament (k=3),Blend,Gaussian,0.88849,0.09637,000.00000000,000.00000000,000.00000000,000.02135552,000.33
Tournament (k=3),Blend,Uniform,0.49195,0.02183,000.00000000,000.10277095,000.04499054,000.51105464,000.20
Tournament (k=3),Blend,Gaussian,0.88849,0.25191,000.02936554,000.50264895,000.57357407,000.46613526,000.49
Tournament (k=3),Blend,Uniform,0.62318,0.25191,000.07927322,001.14603257,001.46591187,000.81344044,000.36
Tournament (k=3),Blend,Gaussian,0.97087,0.02837,000.00000000,000.00000000,000.00000000,000.27366859,000.31
Tournament (k=3),Blend,Gaussian,0.81310,0.10516,000.00000000,000.00000000,000.00000000,000.00003725,000.38
Tournament (k=3),Blend,Gaussian,0.86261,0.17762,000.00026703,000.01460414,000.01454544,000.04391965,000.45
Tournament (k=3),Blend,Uniform,0.55369,0.19383,000.00251389,000.10335030,000.09447861,000.37091392,000.31
Tournament (k=3),Blend,Uniform,0.46371,0.09637,000.00000000,000.00112095,000.00051689,000.09960568,000.28
Tournament (k=3),Blend,Uniform,0.60503,0.02382,000.00000000,000.04008422,000.01002312,000.41574764,000.28
Tournament (k=3),Blend,Uniform,0.55369,0.02837,000.00000000,000.01695480,000.00169945,000.35284543,000.27
Tournament (k=3),Blend,Uniform,0.66113,0.05705,000.00000000,000.00045519,000.00011063,000.10668030,000.30
Tournament (k=3),Blend,Uniform,0.55369,0.07415,000.00000000,000.00065079,000.00042725,000.02066428,000.31
Tournament (k=3),Blend,Gaussian,0.64187,0.14915,000.00000000,000.00000525,000.00000381,000.00009119,000.41
Tournament (k=3),Blend,Uniform,0.62318,0.03095,000.00000000,000.01072988,000.00176620,000.39509499,000.27
Tournament (k=3),Blend,Uniform,0.66113,0.16276,000.00022125,000.00964608,000.00840378,000.27640399,000.32
Tournament (k=3),Blend,Gaussian,0.94259,0.07415,000.00000000,000.00000000,000.00000000,000.02726278,000.32
Tournament (k=3),Blend,Uniform,0.46371,0.25191,000.03206253,000.64908057,000.82273102,000.73667550,000.32
Tournament (k=3),Blend,Uniform,0.43709,0.04390,000.00000000,000.01070561,000.00883102,000.21955602,000.22
Tournament (k=3),Blend,Uniform,0.68096,0.02837,000.00000000,000.00836334,000.00076294,000.34982833,000.23
Tournament (k=3),Blend,Uniform,0.49195,0.02382,000.00000000,000.03483844,000.01579857,000.40545779,000.26
Tournament (k=3),Blend,Uniform,0.41200,0.08830,000.00000000,000.00248408,000.00145531,000.02714363,000.25
Tournament (k=3),Blend,Gaussian,0.91514,0.05228,000.00000000,000.00000000,000.00000000,000.01619726,000.28
Tournament (k=3),Blend,Gaussian,0.70139,0.14915,000.00000000,000.00001478,000.00001144,000.00069085,000.42
Tournament (k=3),Blend,Uniform,0.52190,0.11476,000.00000000,000.00013952,000.00005722,000.00222295,000.34
Tournament (k=3),Blend,Uniform,0.60503,0.02599,000.00000000,000.02571702,000.01049042,000.34975731,000.29
Tournament (k=3),Blend,Gaussian,1.00000,0.11476,000.00000000,000.00000029,000.00000000,000.00279583,000.36
Tournament (k=3),Blend,Uniform,0.62318,0.08830,000.00000000,000.00011148,000.00004959,000.01782506,000.28
Tournament (k=3),Blend,Uniform,0.42436,0.03686,000.00000000,000.01904502,000.01607513,000.28643554,000.22
Tournament (k=3),Blend,Gaussian,0.78941,0.21153,000.00568008,000.09499254,000.10818863,000.26376098,000.48
Tournament (k=3),Blend,Uniform,0.66113,0.06226,000.00000000,000.00026546,000.00004005,000.17555903,000.33
Tournament (k=3),Blend,Gaussian,0.68096,0.27490,000.03696442,000.33779794,000.34883118,000.48477313,000.50
Tournament (k=3),Blend,Uniform,0.62318,0.03378,000.00000000,000.00366249,000.00085640,000.26356092,000.30
Tournament (k=3),Blend,Uniform,0.40000,0.16276,000.00001526,000.00198188,000.00165367,000.01836257,000.36
Tournament (k=3),Blend,Uniform,0.55369,0.08092,000.00000000,000.00058866,000.00051689,000.13909230,000.35
Tournament (k=3),Blend,Uniform,0.42436,0.10516,000.00000000,000.00114045,000.00074768,000.04790264,000.26
Tournament (k=3),Blend,Uniform,0.41200,0.19383,000.00017929,000.04004884,000.03724289,000.15752032,000.37
Tournament (k=3),Blend,Gaussian,0.74410,0.27490,000.02853394,000.38039988,000.39428711,000.47213617,000.52
Tournament (k=3),Blend,Uniform,0.50670,0.07415,000.00000000,000.00197649,000.00138092,000.10304421,000.25
Tournament (k=3),Blend,Uniform,0.41200,0.09637,000.00000000,000.00102210,000.00046921,000.01702696,000.29
Tournament (k=3),Blend,Uniform,0.45020,0.06795,000.00000000,000.00444183,000.00276947,000.02385019,000.30
Tournament (k=3),Blend,Gaussian,1.00000,0.04390,000.00000000,000.00000000,000.00000000,000.22673549,000.35
Tournament (k=3),Blend,Uniform,0.43709,0.16276,000.00000763,000.00123253,000.00119019,000.01070304,000.31
Tournament (k=3),Blend,Uniform,0.42436,0.04023,000.00000000,000.02225308,000.01304245,000.31571308,000.27
Tournament (k=3),Blend,Uniform,0.46371,0.03378,000.00000000,000.02336221,000.01642418,000.28725448,000.27
Tournament (k=3),Blend,Uniform,0.52190,0.30000,000.28246307,001.59947753,001.88737106,000.86825687,000.33
Tournament (k=3),Blend,Uniform,0.42436,0.30000,000.02870178,000.99669325,001.29290199,000.87981290,000.39
Tournament (k=3),Blend,Gaussian,0.94259,0.19383,000.00626755,000.06964159,000.07804298,000.22417496,000.50
Tournament (k=3),Blend,Gaussian,0.83749,0.13667,000.00000000,000.00000234,000.00000000,000.00088763,000.39
Tournament (k=3),Blend,Uniform,0.62318,0.09637,000.00000000,000.00018411,000.00002289,000.01122815,000.34
Tournament (k=3),Blend,Uniform,0.68096,0.08092,000.00000000,000.00007067,000.00000763,000.00458896,000.32
Tournament (k=3),Blend,Uniform,0.58741,0.12524,000.00000000,000.00003166,000.00001717,000.00422538,000.35
Tournament (k=3),Blend,Uniform,0.57030,0.27490,000.04153824,001.37570643,001.64814377,000.86245906,000.35
Tournament (k=3),Blend,Uniform,0.53756,0.06226,000.00000000,000.00213952,000.00063133,000.04242727,000.24
Tournament (k=3),Blend,Uniform,0.47762,0.13667,000.00000000,000.00025520,000.00019264,000.00408833,000.28
Tournament (k=3),Blend,Uniform,0.42436,0.11476,000.00000000,000.00058913,000.00032806,000.02281309,000.33
Tournament (k=3),Blend,Gaussian,0.81310,0.03378,000.00000000,000.00000119,000.00000000,000.09906572,000.32
Tournament (k=3),Blend,Uniform,0.53756,0.14915,000.00000000,000.00032649,000.00019073,000.00477113,000.30
Tournament (k=3),Blend,Uniform,0.50670,0.25191,000.01344299,000.78739333,001.02943420,000.72472006,000.41
Tournament (k=3),Blend,Gaussian,0.94259,0.02000,000.00000000,000.00000000,000.00000000,000.19662116,000.23
Tournament (k=3),Blend,Gaussian,0.74410,0.10516,000.00000000,000.00000000,000.00000000,000.00006500,000.37
Tournament (k=3),Blend,Uniform,0.58741,0.05228,000.00000000,000.00204821,000.00040054,000.14478271,000.24
Tournament (k=3),Blend,Gaussian,0.91514,0.12524,000.00000000,000.00000072,000.00000000,000.00051928,000.45
Tournament (k=3),Blend,Uniform,0.60503,0.08092,000.00000000,000.00026188,000.00003624,000.01164492,000.27
Tournament (k=3),Blend,Uniform,0.45020,0.02183,000.00000000,000.22446080,000.16077423,000.49943671,000.19
Tournament (k=3),Blend,Uniform,0.64187,0.04390,000.00000000,000.00040736,000.00008202,000.11084639,000.29
Tournament (k=3),Blend,Uniform,0.66113,0.02183,000.00000000,000.09551658,000.00475121,000.53637159,000.22
Tournament (k=3),Blend,Gaussian,0.78941,0.02382,000.00000000,000.00000515,000.00000000,000.13922915,000.23
Tournament (k=3),Blend,Gaussian,0.86261,0.02382,000.00000000,000.00000129,000.00000000,000.16966335,000.30
Tournament (k=3),Blend,Uniform,0.41200,0.02382,000.00000000,000.15113974,000.09372902,000.48827419,000.24
Tournament (k=3),Blend,Gaussian,0.97087,0.10516,000.00000000,000.00000000,000.00000000,000.00489676,000.40
Tournament (k=3),Blend,Uniform,0.49195,0.07415,000.00000000,000.00233908,000.00203896,000.02161987,000.24
Tournament (k=3),Blend,Uniform,0.40000,0.05705,000.00000000,000.01072731,000.00776672,000.12660442,000.27
Tournament (k=3),Blend,Gaussian,0.86261,0.06795,000.00000000,000.00000000,000.00000000,000.00301698,000.35
Tournament (k=3),Blend,Gaussian,0.97087,0.25191,000.01480865,000.54740405,000.56745529,000.56949967,000.70
Tournament (k=3),Blend,Gaussian,0.66113,0.02599,000.00000000,000.00026345,000.00003624,000.13931087,000.23
Tournament (k=3),Blend,Uniform,0.64187,0.12524,000.00000000,000.00001216,000.00000572,000.00237911,000.34
Tournament (k=3),Blend,Uniform,0.58741,0.05705,000.00000000,000.00166273,000.00088310,000.10359635,000.28
Tournament (k=3),Blend,Uniform,0.68096,0.23084,000.04043961,001.10164511,001.33838272,000.78432035,000.36
Tournament (k=3),Blend,Gaussian,0.83749,0.04791,000.00000000,000.00000000,000.00000000,000.00012984,000.33
Tournament (k=3),Blend,Uniform,0.58741,0.13667,000.00000000,000.00006051,000.00003815,000.00466667,000.44
Tournament (k=3),Blend,Gaussian,0.88849,0.10516,000.00000000,000.00000000,000.00000000,000.00013721,000.36
Tournament (k=3),Blend,Gaussian,1.00000,0.30000,000.11563110,001.17149425,001.43474960,000.73521280,000.52
Tournament (k=3),Blend,Gaussian,0.81310,0.30000,000.03942108,000.56789792,000.69532394,000.56759202,000.50
Tournament (k=3),Blend,Uniform,0.57030,0.03378,000.00000000,000.01362977,000.00627327,000.25510958,000.22
Tournament (k=3),Blend,Uniform,0.64187,0.04791,000.00000000,000.00166478,000.00081825,000.22865446,000.29
Tournament (k=3),Blend,Gaussian,0.81310,0.03686,000.00000000,000.00000124,000.00000000,000.00066209,000.49
Tournament (k=3),Blend,Gaussian,0.86261,0.02599,000.00000000,000.00000157,000.00000000,000.09897819,000.28
Tournament (k=3),Blend,Uniform,0.50670,0.04023,000.00000000,000.00793843,000.00422859,000.17707361,000.22
Tournament (k=3),Blend,Uniform,0.46371,0.10516,000.00000000,000.00058146,000.00031281,000.00876920,000.26
Tournament (k=3),Blend,Gaussian,0.78941,0.02599,000.00000000,000.00002794,000.00000000,000.09976284,000.31
Tournament (k=3),Blend,Gaussian,0.91514,0.13667,000.00000000,000.00001059,000.00000763,000.03286856,000.40
Tournament (k=3),Blend,Uniform,0.55369,0.03095,000.00000000,000.00989142,000.00163460,000.35213891,000.27
Tournament (k=3),Blend,Uniform,0.55369,0.21153,000.00650024,000.30014157,000.28739548,000.55337489,000.31
Tournament (k=3),Blend,Uniform,0.62318,0.27490,000.06887817,001.44361651,001.66295052,000.88604718,000.41
Tournament (k=3),Blend,Uniform,0.70139,0.04023,000.00000000,000.00073910,000.00015068,000.23844355,000.29
Tournament (k=3),Blend,Uniform,0.43709,0.04791,000.00000000,000.00621471,000.00481987,000.23411603,000.22
Tournament (k=3),Blend,Uniform,0.68096,0.03095,000.00000000,000.00698285,000.00144005,000.33888164,000.22
Tournament (k=3),Blend,Uniform,0.40000,0.02000,000.00000000,000.16065082,000.09240913,000.59832066,000.22
Tournament (k=3),Blend,Gaussian,0.86261,0.19383,000.00156021,000.04191875,000.04698753,000.20082787,000.44
Tournament (k=3),Blend,Uniform,0.60503,0.19383,000.00985336,000.13899437,000.13261604,000.45058584,000.31
Tournament (k=3),Blend,Uniform,0.46371,0.27490,000.12077332,001.00554848,001.25908089,000.74480760,000.31
Tournament (k=3),Blend,Uniform,0.72243,0.02000,000.00000000,000.08138523,000.00014687,000.46286297,000.25
Tournament (k=3),Blend,Uniform,0.72243,0.05705,000.00000000,000.00019794,000.00004196,000.09939320,000.25
Tournament (k=3),Blend,Uniform,0.70139,0.11476,000.00000000,000.00000396,000.00000000,000.00059180,000.34
Tournament (k=3),Blend,Uniform,0.60503,0.02837,000.00000000,000.01231632,000.00277328,000.40015388,000.27
Tournament (k=3),Blend,Uniform,0.45020,0.19383,000.00312042,000.04725432,000.05297470,000.25608683,000.29
Tournament (k=3),Blend,Uniform,0.66113,0.17762,000.00098419,000.07286239,000.08427238,000.37347952,000.40
Tournament (k=3),Blend,Uniform,0.74410,0.02837,000.00000000,000.00056748,000.00000572,000.29257348,000.28
Tournament (k=3),Blend,Uniform,0.52190,0.12524,000.00000000,000.00008516,000.00004578,000.00134584,000.33
Tournament (k=3),Blend,Uniform,0.66113,0.06795,000.00000000,000.00060411,000.00009727,000.06567019,000.30
Tournament (k=3),Blend,Uniform,0.72243,0.16276,000.00009918,000.02535515,000.01792908,000.28022373,000.37
Tournament (k=3),Blend,Gaussian,1.00000,0.12524,000.00000000,000.00000396,000.00000000,000.01827116,000.36
Tournament (k=3),Blend,Uniform,0.52190,0.05228,000.00000000,000.00232224,000.00123596,000.12398122,000.23
Tournament (k=3),Blend,Uniform,0.62318,0.03686,000.00000000,000.00979094,000.00095749,000.30174658,000.28
Tournament (k=3),Blend,Uniform,0.55369,0.08830,000.00000000,000.00042634,000.00031662,000.00741059,000.31
Tournament (k=3),Blend,Uniform,0.40000,0.17762,000.00003815,000.00818343,000.00804901,000.20770416,000.34
Tournament (k=3),Blend,Uniform,0.50670,0.08092,000.00000000,000.00072460,000.00048447,000.10791767,000.25
Tournament (k=3),Blend,Gaussian,0.91514,0.14915,000.00000000,000.00031624,000.00019646,000.04328951,000.44
Tournament (k=3),Blend,Uniform,0.41200,0.10516,000.00000000,000.00198879,000.00160408,000.01723697,000.26
Tournament (k=3),Blend,Uniform,0.60503,0.21153,000.00507355,000.33598274,000.33503532,000.66119093,000.35
Tournament (k=3),Blend,Uniform,0.46371,0.30000,000.13916779,001.26142824,001.48266983,000.81130475,000.34
Tournament (k=3),Blend,Gaussian,0.68096,0.30000,000.01739502,000.41584164,000.45181465,000.57754111,000.49
Tournament (k=3),Blend,Uniform,0.53756,0.02000,000.00000000,000.33491015,000.26252556,000.59373844,000.21
Tournament (k=3),Blend,Uniform,0.60503,0.03095,000.00000000,000.00931239,000.00249290,000.35816026,000.28
Tournament (k=3),Blend,Uniform,0.42436,0.04390,000.00000000,000.02303743,000.01696777,000.18250617,000.26
Tournament (k=3),Blend,Gaussian,0.86261,0.21153,000.00195694,000.13536219,000.13326645,000.32205030,000.43
Tournament (k=3),Blend,Uniform,0.46371,0.03686,000.00000000,000.01636181,000.00974274,000.16289815,000.26
Tournament (k=3),Blend,Uniform,0.43709,0.02000,000.00000000,000.16719946,000.11043167,000.50053978,000.24
Tournament (k=3),Blend,Uniform,0.43709,0.17762,000.00006866,000.00832024,000.00671959,000.07010378,000.30
Tournament (k=3),Blend,Uniform,0.70139,0.12524,000.00000000,000.00001059,000.00000381,000.00038707,000.39
Tournament (k=3),Blend,Gaussian,1.00000,0.04791,000.00000000,000.00000000,000.00000000,000.14940052,000.34
Tournament (k=3),Blend,Uniform,0.62318,0.10516,000.00000000,000.00009990,000.00002289,000.11544513,000.28
Tournament (k=3),Blend,Gaussian,0.74410,0.30000,000.05769730,000.61704385,000.64268494,000.58267051,000.51
Tournament (k=3),Blend,Uniform,0.53756,0.06795,000.00000000,000.00132227,000.00086594,000.03667173,000.25
Tournament (k=3),Blend,Uniform,0.74410,0.08092,000.00000000,000.00002351,000.00000381,000.00266187,000.26
Tournament (k=3),Blend,Uniform,0.68096,0.08830,000.00000000,000.00003576,000.00001144,000.00399543,000.32
Tournament (k=3),Blend,Gaussian,0.94259,0.21153,000.00441742,000.16758446,000.19333458,000.39550051,000.42
Tournament (k=3),Blend,Gaussian,0.83749,0.14915,000.00000000,000.00012097,000.00008011,000.00771478,000.43
Tournament (k=3),Blend,Uniform,0.43709,0.02183,000.00000000,000.10057487,000.04732323,000.46618891,000.22
Tournament (k=3),Blend,Uniform,0.42436,0.12524,000.00000000,000.00026412,000.00019646,000.00852284,000.27
Tournament (k=3),Blend,Uniform,0.60503,0.03378,000.00000000,000.01085534,000.00186539,000.31102651,000.27
Tournament (k=3),Blend,Uniform,0.53756,0.16276,000.00000763,000.00186663,000.00185013,000.02808251,000.31
Tournament (k=3),Blend,Uniform,0.57030,0.30000,000.15186691,001.45039237,001.63331985,000.86341745,000.41
Tournament (k=3),Blend,Uniform,0.47762,0.14915,000.00000000,000.00027695,000.00027847,000.02773832,000.34
Tournament (k=3),Blend,Uniform,0.49195,0.17762,000.00019073,000.01058021,000.00920105,000.18967973,000.35
Tournament (k=3),Blend,Uniform,0.60503,0.08830,000.00000000,000.00007930,000.00004768,000.01090511,000.32
Tournament (k=3),Blend,Uniform,0.66113,0.02382,000.00000000,000.02485538,000.00581169,000.44946671,000.22
Tournament (k=3),Blend,Uniform,0.74410,0.23084,000.04344559,001.12808740,001.38848495,000.91587478,000.34
Tournament (k=3),Blend,Uniform,0.50670,0.27490,000.08718109,001.04192495,001.36836052,000.78069019,000.37
Tournament (k=3),Blend,Uniform,0.43709,0.19383,000.00120544,000.04290066,000.04377556,000.18642306,000.33
Tournament (k=3),Blend,Gaussian,0.97087,0.03095,000.00000000,000.00000000,000.00000000,000.30632314,000.32
Tournament (k=3),Blend,Uniform,0.41200,0.02599,000.00000000,000.14832965,000.11812019,000.43901876,000.25
Tournament (k=3),Blend,Uniform,0.49195,0.08092,000.00000000,000.00280423,000.00150108,000.02211299,000.25
Tournament (k=3),Blend,Uniform,0.76642,0.04023,000.00000000,000.00057573,000.00000763,000.25342619,000.30
Tournament (k=3),Blend,Uniform,0.40000,0.06226,000.00000000,000.01189318,000.00606155,000.07841954,000.27
Tournament (k=3),Blend,Uniform,0.78941,0.02000,000.00000000,000.06350593,000.00008583,000.56628174,000.22
Tournament (k=3),Blend,Uniform,0.76642,0.11476,000.00000000,000.00000038,000.00000000,000.00128262,000.36
Tournament (k=3),Blend,Uniform,0.58741,0.06226,000.00000000,000.00052905,000.00016022,000.02356174,000.24
Tournament (k=3),Blend,Gaussian,0.88849,0.27490,000.04406357,000.60773492,000.75063705,000.63879257,000.50
Tournament (k=3),Blend,Uniform,0.49195,0.02599,000.00000000,000.02596135,000.01635170,000.37028500,000.21
Tournament (k=3),Blend,Gaussian,0.86261,0.07415,000.00000000,000.00000000,000.00000000,000.00006218,000.36
Tournament (k=3),Blend,Uniform,0.78941,0.05705,000.00000000,000.00000334,000.00000000,000.09157895,000.26
Tournament (k=3),Blend,Uniform,0.64187,0.13667,000.00000000,000.00003185,000.00002289,000.00082770,000.35
Tournament (k=3),Blend,Uniform,0.81310,0.02837,000.00000000,000.00050211,000.00000000,000.35568291,000.23
Tournament (k=3),Blend,Uniform,0.68096,0.25191,000.03753662,001.17625785,001.47021103,000.84452504,000.34
Tournament (k=3),Blend,Uniform,0.64187,0.05228,000.00000000,000.00031075,000.00012016,000.17756373,000.29
Tournament (k=3),Blend,Gaussian,0.83749,0.05228,000.00000000,000.00000000,000.00000000,000.00223566,000.34
Tournament (k=3),Blend,Uniform,0.57030,0.09637,000.00000000,000.00041060,000.00024796,000.00618430,000.32
Tournament (k=3),Blend,Gaussian,0.97087,0.27490,000.09720230,000.90301389,001.14988708,000.67703342,000.44
Tournament (k=3),Blend,Uniform,0.49195,0.19383,000.00151062,000.06957054,000.07043457,000.19435388,000.36
Tournament (k=3),Blend,Uniform,0.49195,0.08830,000.00000000,000.00168128,000.00116348,000.01799056,000.27
Tournament (k=3),Blend,Uniform,0.76642,0.04390,000.00000000,000.00021987,000.00000954,000.14111982,000.29
Tournament (k=3),Blend,Uniform,0.40000,0.06795,000.00000000,000.00658612,000.00563812,000.14712812,000.28
Tournament (k=3),Blend,Uniform,0.50670,0.30000,000.11507416,001.36313999,001.61587334,000.79291844,000.39
Tournament (k=3),Blend,Uniform,0.78941,0.16276,000.00047684,000.06673141,000.07028961,000.43229261,000.38
Tournament (k=3),Blend,Uniform,0.78941,0.02183,000.00000000,000.01735926,000.00001335,000.43378317,000.29
Tournament (k=3),Blend,Uniform,0.55369,0.03378,000.00000000,000.01033602,000.00373459,000.31018907,000.27
Tournament (k=3),Blend,Uniform,0.43709,0.05228,000.00000000,000.00763173,000.00517654,000.12443968,000.22
Tournament (k=3),Blend,Uniform,0.40000,0.02183,000.00000000,000.20843902,000.14085197,000.54475939,000.19
Tournament (k=3),Blend,Uniform,0.68096,0.03378,000.00000000,000.00044823,000.00004959,000.22894789,000.23
Tournament (k=3),Blend,Uniform,0.55369,0.23084,000.03705215,000.63955641,000.82768059,000.66285467,000.32
Tournament (k=3),Blend,Uniform,0.70139,0.04390,000.00000000,000.00060096,000.00000763,000.19479598,000.29
Tournament (k=3),Blend,Uniform,0.72243,0.02183,000.00000000,000.02564120,000.00004005,000.50966996,000.22
Tournament (k=3),Blend,Uniform,0.72243,0.06226,000.00000000,000.00011802,000.00001526,000.03700853,000.25
Tournament (k=3),Blend,Uniform,0.45020,0.07415,000.00000000,000.00291810,000.00183868,000.03202043,000.28
Tournament (k=3),Blend,Uniform,0.45020,0.21153,000.00431442,000.14296278,000.14357758,000.38799354,000.30
Tournament (k=3),Blend,Uniform,0.74410,0.03095,000.00000000,000.00733452,000.00024796,000.39533389,000.28
Tournament (k=3),Blend,Uniform,0.41200,0.21153,000.00339127,000.10976692,000.12894058,000.37202108,000.35
Tournament (k=3),Blend,Uniform,0.43709,0.05705,000.00000000,000.00283089,000.00205994,000.10690010,000.22
Tournament (k=3),Blend,Gaussian,0.88849,0.30000,000.01954651,000.90332711,001.19640350,000.63198102,000.51
Tournament (k=3),Blend,Uniform,0.66113,0.07415,000.00000000,000.00022302,000.00003624,000.02519502,000.31
Tournament (k=3),Blend,Uniform,0.52190,0.13667,000.00000000,000.00012183,000.00007629,000.00228772,000.34
Tournament (k=3),Blend,Uniform,0.66113,0.19383,000.00096130,000.33690748,000.26481056,000.60153586,000.38
Tournament (k=3),Blend,Uniform,0.55369,0.03686,000.00000000,000.01054764,000.00302887,000.26687846,000.29
Tournament (k=3),Blend,Uniform,0.68096,0.03686,000.00000000,000.00109167,000.00018311,000.24202262,000.27
Tournament (k=3),Blend,Uniform,0.50670,0.08830,000.00000000,000.00069265,000.00035286,000.04116274,000.26
Tournament (k=3),Blend,Uniform,0.55369,0.09637,000.00000000,000.00020347,000.00013351,000.00287211,000.32
Tournament (k=3),Blend,Uniform,0.72243,0.17762,000.00586319,000.25870815,000.26167488,000.49064061,000.38
Tournament (k=3),Blend,Uniform,0.78941,0.17762,000.00690079,000.25981012,000.23147202,000.67068177,000.37
Tournament (k=3),Blend,Uniform,0.70139,0.04791,000.00000000,000.00023570,000.00000572,000.10070924,000.31
Tournament (k=3),Blend,Uniform,0.47762,0.02000,000.00000000,000.28749543,000.13836670,000.61198646,000.20
Tournament (k=3),Blend,Gaussian,1.00000,0.13667,000.00000000,000.00005841,000.00003242,000.00278303,000.41
Tournament (k=3),Blend,Uniform,0.78941,0.02382,000.00000000,000.00355029,000.00008583,000.39487922,000.40
Tournament (k=3),Blend,Uniform,0.53756,0.02183,000.00000000,000.10303760,000.03076744,000.46228796,000.21
Tournament (k=3),Blend,Uniform,0.55369,0.25191,000.07791138,000.78173268,001.07605934,000.71497220,000.35
Tournament (k=3),Blend,Uniform,0.81310,0.08092,000.00000000,000.00000062,000.00000000,000.09950097,000.33
Tournament (k=3),Blend,Uniform,0.81310,0.23084,000.15905762,001.57426870,001.89668083,001.02204037,000.33
Tournament (k=3),Blend,Uniform,0.60503,0.23084,000.02409744,000.76139086,001.06310272,000.66447479,000.31
Tournament (k=3),Blend,Uniform,0.83749,0.04023,000.00000000,000.00033579,000.00000000,000.27724046,000.30
Tournament (k=3),Blend,Uniform,0.45020,0.02382,000.00000000,000.08483891,000.03654099,000.47021902,000.20
Tournament (k=3),Blend,Uniform,0.42436,0.04791,000.00000000,000.01151671,000.00864410,000.16369279,000.27
Tournament (k=3),Blend,Uniform,0.46371,0.04023,000.00000000,000.01234698,000.00853348,000.27689034,000.26
Tournament (k=3),Blend,Gaussian,0.94259,0.02183,000.00000000,000.00000000,000.00000000,000.14894202,000.29
Tournament (k=3),Blend,Uniform,0.47762,0.02183,000.00000000,000.09495769,000.02202988,000.49649009,000.20
Tournament (k=3),Blend,Uniform,0.53756,0.07415,000.00000000,000.00116768,000.00033379,000.06196542,000.25
Tournament (k=3),Blend,Uniform,0.70139,0.13667,000.00000000,000.00002856,000.00000763,000.00188249,000.31
Tournament (k=3),Blend,Uniform,0.83749,0.11476,000.00000000,000.00000024,000.00000000,000.01129287,000.35
Tournament (k=3),Blend,Uniform,0.86261,0.05705,000.00000000,000.00000010,000.00000000,000.09911051,000.26
Tournament (k=3),Blend,Uniform,0.86261,0.02000,000.00000000,000.10262823,000.00000381,000.55895507,000.29
Tournament (k=3),Blend,Uniform,0.43709,0.02382,000.00000000,000.04395885,000.03178596,000.41998896,000.25
Tournament (k=3),Blend,Uniform,0.70139,0.05228,000.00000000,000.00020609,000.00002670,000.19565205,000.30
Tournament (k=3),Blend,Uniform,0.42436,0.13667,000.00000000,000.00039539,000.00034714,000.09890469,000.28
Tournament (k=3),Blend,Gaussian,1.00000,0.05228,000.00000000,000.00000000,000.00000000,000.17163458,000.34
Tournament (k=3),Blend,Uniform,0.78941,0.19383,000.00766754,000.52355158,000.54142189,000.64192069,000.36
Tournament (k=3),Blend,Uniform,0.58741,0.02000,000.00000000,000.14575024,000.02531052,000.49925420,000.26
Tournament (k=3),Blend,Uniform,0.60503,0.03686,000.00000000,000.00575023,000.00073814,000.32105967,000.29
Tournament (k=3),Blend,Uniform,0.53756,0.17762,000.00030899,000.01891594,000.02059555,000.15045075,000.31
Tournament (k=3),Blend,Uniform,0.66113,0.02599,000.00000000,000.00430045,000.00050926,000.30953857,000.23
Tournament (k=3),Blend,Uniform,0.42436,0.05228,000.00000000,000.00951295,000.00545883,000.14975864,000.27
Tournament (k=3),Blend,Uniform,0.47762,0.16276,000.00000381,000.00242610,000.00159073,000.05539338,000.35
Tournament (k=3),Blend,Uniform,0.47762,0.02382,000.00000000,000.05192313,000.01840401,000.32252452,000.26
Tournament (k=3),Blend,Uniform,0.57030,0.03686,000.00000000,000.00563216,000.00383949,000.20383082,000.23
Tournament (k=3),Blend,Uniform,0.58741,0.14915,000.00000000,000.00021753,000.00011826,000.00240975,000.36
Tournament (k=3),Blend,Gaussian,1.00000,0.14915,000.00001526,000.00074868,000.00077057,000.01431399,000.49
Tournament (k=3),Blend,Uniform,0.46371,0.04390,000.00000000,000.01080585,000.00973129,000.18243076,000.33
Tournament (k=3),Blend,Uniform,0.43709,0.02599,000.00000000,000.03949442,000.03323936,000.35477439,000.25
Tournament (k=3),Blend,Uniform,0.47762,0.04023,000.00000000,000.00980687,000.00625229,000.30940744,000.22
Tournament (k=3),Blend,Uniform,0.41200,0.02837,000.00000000,000.05735912,000.04487610,000.42331317,000.27
Tournament (k=3),Blend,Uniform,0.43709,0.21153,000.00810242,000.14568324,000.15443230,000.32592928,000.31
Tournament (k=3),Blend,Uniform,0.46371,0.11476,000.00000000,000.00061455,000.00034714,000.04322896,000.28
Tournament (k=3),Blend,Uniform,0.58741,0.06795,000.00000000,000.00079761,000.00033188,000.11644585,000.25
Tournament (k=3),Blend,Uniform,0.58741,0.02183,000.00000000,000.11263599,000.01995850,000.59686840,000.25
Tournament (k=3),Blend,Uniform,0.86261,0.16276,000.00257492,000.26076618,000.19257927,000.61059850,000.33
Tournament (k=3),Blend,Uniform,0.74410,0.25191,000.15882111,001.38682306,001.68628120,001.02659404,000.41
Tournament (k=3),Blend,Gaussian,0.97087,0.03378,000.00000000,000.00000000,000.00000000,000.31662342,000.38
Tournament (k=3),Blend,Uniform,0.88849,0.02837,000.00000000,000.00059528,000.00000000,000.41918322,000.27
Tournament (k=3),Blend,Uniform,0.81310,0.03095,000.00000000,000.00025053,000.00000000,000.36938110,000.24
Tournament (k=3),Blend,Uniform,0.76642,0.12524,000.00000000,000.00000329,000.00000000,000.00277584,000.37
Tournament (k=3),Blend,Uniform,0.64187,0.05705,000.00000000,000.00041275,000.00007629,000.10243105,000.31
Tournament (k=3),Blend,Uniform,0.57030,0.10516,000.00000000,000.00007310,000.00003815,000.00306668,000.30
Tournament (k=3),Blend,Uniform,0.78941,0.06226,000.00000000,000.00000806,000.00000000,000.16052131,000.38
Tournament (k=3),Blend,Uniform,0.76642,0.04791,000.00000000,000.00008564,000.00000763,000.13930258,000.27
Tournament (k=3),Blend,Uniform,0.49195,0.09637,000.00000000,000.00073986,000.00037384,000.01190983,000.28
Tournament (k=3),Blend,Uniform,0.52190,0.05705,000.00000000,000.00112805,000.00027084,000.10239029,000.24
Tournament (k=3),Blend,Uniform,0.64187,0.14915,000.00000000,000.00054302,000.00028038,000.09910420,000.41
Tournament (k=3),Blend,Uniform,0.88849,0.08092,000.00000000,000.00000000,000.00000000,000.10161301,000.35
Tournament (k=3),Blend,Uniform,0.52190,0.02000,000.00000000,000.11142087,000.06617355,000.46391127,000.27
Tournament (k=3),Blend,Uniform,0.40000,0.02382,000.00000000,000.10356154,000.07888985,000.43022403,000.25
Tournament (k=3),Blend,Uniform,0.40000,0.07415,000.00000000,000.00563059,000.00532532,000.10826626,000.28
Tournament (k=3),Blend,Uniform,0.53756,0.19383,000.00162125,000.08640442,000.08698463,000.33978537,000.49
Tournament (k=3),Blend,Uniform,0.68096,0.27490,000.15633392,001.58363688,001.79420090,000.98887849,000.42
Tournament (k=3),Blend,Uniform,0.62318,0.04023,000.00000000,000.00221124,000.00029945,000.21360669,000.29
Tournament (k=3),Blend,Uniform,0.49195,0.21153,000.00727463,000.16502833,000.16570091,000.44608113,000.38
Tournament (k=3),Blend,Uniform,0.81310,0.03378,000.00000000,000.00005469,000.00000381,000.29887989,000.24
Tournament (k=3),Blend,Uniform,0.72243,0.06795,000.00000000,000.00009794,000.00001526,000.09959219,000.26
Tournament (k=3),Blend,Uniform,0.40000,0.19383,000.00119781,000.03556528,000.04080391,000.13247560,000.36
Tournament (k=3),Blend,Gaussian,0.97087,0.30000,000.08081055,001.11500669,001.30900192,000.78152156,000.47
Tournament (k=3),Blend,Uniform,0.74410,0.27490,000.06521606,001.73001933,002.14201927,001.03677535,000.41
Tournament (k=3),Blend,Uniform,0.76642,0.13667,000.00000000,000.00030117,000.00012589,000.14510587,000.35
Tournament (k=3),Blend,Uniform,0.43709,0.06226,000.00000000,000.00359530,000.00206184,000.11381750,000.23
Tournament (k=3),Blend,Uniform,0.45020,0.08092,000.00000000,000.00179381,000.00112724,000.01796560,000.29
Tournament (k=3),Blend,Uniform,0.68096,0.04023,000.00000000,000.00129299,000.00017166,000.25932565,000.23
Tournament (k=3),Blend,Uniform,0.40000,0.02599,000.00000000,000.05180974,000.02839851,000.40702605,000.24
Tournament (k=3),Blend,Uniform,0.45020,0.23084,000.02175140,000.35794348,000.32070923,000.48452589,000.32
Tournament (k=3),Blend,Uniform,0.66113,0.08092,000.00000000,000.00018964,000.00003052,000.01185288,000.27
Tournament (k=3),Blend,Uniform,0.74410,0.03378,000.00000000,000.00036726,000.00003433,000.29019713,000.29
Tournament (k=3),Blend,Uniform,0.52190,0.02183,000.00000000,000.08174171,000.02810669,000.48358259,000.28
Tournament (k=3),Blend,Uniform,0.55369,0.04023,000.00000000,000.00437932,000.00220871,000.17526124,000.27
Tournament (k=3),Blend,Uniform,0.50670,0.09637,000.00000000,000.00060105,000.00032997,000.02413920,000.26
Tournament (k=3),Blend,Uniform,0.62318,0.04390,000.00000000,000.00145888,000.00037003,000.21889904,000.29
Tournament (k=3),Blend,Uniform,0.41200,0.23084,000.01882172,000.22996946,000.27027321,000.46863484,000.36
Tournament (k=3),Blend,Uniform,0.62318,0.11476,000.00000000,000.00003700,000.00000763,000.00168352,000.28
Tournament (k=3),Blend,Uniform,0.74410,0.08830,000.00000000,000.00000925,000.00000000,000.09896675,000.28
Tournament (k=3),Blend,Uniform,0.91514,0.04023,000.00000000,000.00000000,000.00000000,000.27494323,000.24
Tournament (k=3),Blend,Uniform,0.88849,0.23084,000.02439880,001.47595632,001.75696945,001.07168078,000.41
Tournament (k=3),Blend,Uniform,0.53756,0.02382,000.00000000,000.07644896,000.04086304,000.42856765,000.21
Tournament (k=3),Blend,Uniform,0.68096,0.09637,000.00000000,000.00001740,000.00000381,000.00237765,000.30
Tournament (k=3),Blend,Uniform,0.72243,0.19383,000.02214050,000.30715847,000.28932953,000.55750656,000.38
Tournament (k=3),Blend,Uniform,0.43709,0.06795,000.00000000,000.00494208,000.00329590,000.11557776,000.25
Tournament (k=3),Blend,Uniform,0.78941,0.02599,000.00000000,000.03138585,000.00002098,000.44151804,000.29
Tournament (k=3),Blend,Uniform,0.68096,0.04390,000.00000000,000.00018382,000.00001526,000.14662835,000.27
Tournament (k=3),Blend,Uniform,0.52190,0.02382,000.00000000,000.10969339,000.04726791,000.42434600,000.25
Tournament (k=3),Blend,Uniform,0.45020,0.08830,000.00000000,000.00137315,000.00075722,000.09915111,000.31
Tournament (k=3),Blend,Gaussian,0.94259,0.02382,000.00000000,000.00000000,000.00000000,000.10183559,000.23
Tournament (k=3),Blend,Uniform,0.83749,0.04390,000.00000000,000.00000348,000.00000000,000.19536611,000.30
Tournament (k=3),Blend,Uniform,0.45020,0.25191,000.03903198,000.62702298,000.72277832,000.59489787,000.33
Tournament (k=3),Blend,Uniform,0.53756,0.08092,000.00000000,000.00080338,000.00027657,000.02382746,000.25
Tournament (k=3),Blend,Uniform,0.91514,0.11476,000.00000000,000.00000162,000.00000000,000.02199457,000.36
Tournament (k=3),Blend,Uniform,0.50670,0.04390,000.00000000,000.00701208,000.00536728,000.10569205,000.22
Tournament (k=3),Blend,Uniform,0.60503,0.09637,000.00000000,000.00009861,000.00004959,000.09905645,000.32
Tournament (k=3),Blend,Uniform,0.86261,0.06226,000.00000000,000.00000010,000.00000000,000.14712255,000.26
Tournament (k=3),Blend,Uniform,0.60503,0.25191,000.07844543,000.92528903,001.19730186,000.74087930,000.38
Tournament (k=3),Blend,Uniform,0.86261,0.02183,000.00000000,000.06658097,000.00000000,000.45775220,000.29
Tournament (k=3),Blend,Uniform,0.83749,0.12524,000.00000000,000.00002418,000.00000763,000.14683595,000.30
Tournament (k=3),Blend,Uniform,0.42436,0.14915,000.00000000,000.00063434,000.00044441,000.00541745,000.28
Tournament (k=3),Blend,Uniform,0.70139,0.14915,000.00000000,000.00104170,000.00060844,000.10489973,000.37
Tournament (k=3),Blend,Uniform,0.70139,0.05705,000.00000000,000.00026526,000.00008774,000.11622013,000.30
Tournament (k=3),Blend,Uniform,0.49195,0.02837,000.00000000,000.03006768,000.01647186,000.25539660,000.21
Tournament (k=3),Blend,Uniform,0.94259,0.02000,000.00000000,000.05925918,000.00000000,000.47757855,000.29
Tournament (k=3),Blend,Uniform,0.66113,0.02837,000.00000000,000.00673065,000.00099564,000.34075788,000.22
Tournament (k=3),Blend,Uniform,0.60503,0.04023,000.00000000,000.00419612,000.00199699,000.19619556,000.26
Tournament (k=3),Blend,Uniform,0.47762,0.02599,000.00000000,000.06882067,000.03110504,000.44048569,000.20
Tournament (k=3),Blend,Uniform,0.46371,0.04791,000.00000000,000.00742459,000.00369835,000.18590257,000.24
Tournament (k=3),Blend,Uniform,0.78941,0.21153,000.05191803,001.00313795,001.29284859,000.89187610,000.39
Tournament (k=3),Blend,Uniform,0.50670,0.04791,000.00000000,000.00708404,000.00366592,000.20979704,000.24
Tournament (k=3),Blend,Uniform,0.47762,0.04390,000.00000000,000.00741034,000.00408363,000.17342514,000.22
Tournament (k=3),Blend,Uniform,0.57030,0.04023,000.00000000,000.00704885,000.00324249,000.22787116,000.27
Tournament (k=3),Blend,Uniform,0.94259,0.05705,000.00000000,000.00000019,000.00000000,000.23207603,000.32
Tournament (k=3),Blend,Uniform,0.62318,0.30000,000.02014542,001.66313970,001.97356606,000.93956465,000.41
Tournament (k=3),Blend,Uniform,0.47762,0.17762,000.00009537,000.01137319,000.01306725,000.16872850,000.35
Tournament (k=3),Blend,Uniform,0.86261,0.02382,000.00000000,000.00961666,000.00000000,000.42079225,000.27
Tournament (k=3),Blend,Uniform,0.97087,0.02837,000.00000000,000.00024056,000.00000000,000.36488020,000.23
Tournament (k=3),Blend,Uniform,0.41200,0.03095,000.00000000,000.04300723,000.03258705,000.38437971,000.25
Tournament (k=3),Blend,Uniform,0.58741,0.16276,000.00000381,000.00457816,000.00364494,000.17503659,000.36
Tournament (k=3),Blend,Uniform,0.58741,0.07415,000.00000000,000.00234208,000.00161171,000.14254470,000.25
Tournament (k=3),Blend,Uniform,0.46371,0.12524,000.00000000,000.00025067,000.00013924,000.00973116,000.27
Tournament (k=3),Blend,Uniform,0.83749,0.13667,000.00000000,000.00047755,000.00027275,000.13974254,000.34
Tournament (k=3),Blend,Uniform,0.58741,0.02382,000.00000000,000.01789913,000.00212288,000.36051768,000.26
Tournament (k=3),Blend,Uniform,0.94259,0.16276,000.00764847,000.36076102,000.31261444,000.59947652,000.38
Tournament (k=3),Blend,Uniform,0.60503,0.04390,000.00000000,000.00158467,000.00063133,000.13964356,000.28
Tournament (k=3),Blend,Uniform,0.72243,0.02382,000.00000000,000.00692835,000.00068855,000.42866564,000.28
Tournament (k=3),Blend,Uniform,0.86261,0.17762,000.01565170,000.41347900,000.43413734,000.59854889,000.33
Tournament (k=3),Blend,Uniform,0.57030,0.04390,000.00000000,000.00359297,000.00051498,000.25480834,000.24
Tournament (k=3),Blend,Uniform,0.50670,0.05228,000.00000000,000.00465689,000.00323868,000.14751489,000.26
Tournament (k=3),Blend,Uniform,0.52190,0.06226,000.00000000,000.00239134,000.00138664,000.15115099,000.23
Tournament (k=3),Blend,Uniform,0.49195,0.10516,000.00000000,000.00054107,000.00037003,000.00803751,000.26
Tournament (k=3),Blend,Uniform,0.88849,0.03095,000.00000000,000.00002971,000.00000000,000.34494197,000.30
Tournament (k=3),Blend,Uniform,0.64187,0.06226,000.00000000,000.00033851,000.00004959,000.10061302,000.30
Tournament (k=3),Blend,Uniform,0.78941,0.06795,000.00000000,000.00000396,000.00000000,000.01405902,000.30
Tournament (k=3),Blend,Uniform,0.81310,0.03686,000.00000000,000.00001488,000.00000000,000.20317943,000.25
Tournament (k=3),Blend,Uniform,0.88849,0.08830,000.00000000,000.00000000,000.00000000,000.11397440,000.33
Tournament (k=3),Blend,Uniform,0.52190,0.14915,000.00000000,000.00022254,000.00012207,000.01976105,000.32
Tournament (k=3),Blend,Uniform,0.58741,0.02599,000.00000000,000.02290135,000.00445557,000.43463755,000.28
Tournament (k=3),Blend,Uniform,0.97087,0.08092,000.00000000,000.00000000,000.00000000,000.09899984,000.32
Tournament (k=3),Blend,Uniform,0.72243,0.07415,000.00000000,000.00005679,000.00000763,000.09898026,000.26
Tournament (k=3),Blend,Uniform,0.53756,0.21153,000.00476074,000.30022335,000.34181595,000.53140128,000.31
Tournament (k=3),Blend,Uniform,0.55369,0.10516,000.00000000,000.00023441,000.00004005,000.09905519,000.30
Tournament (k=3),Blend,Uniform,0.47762,0.19383,000.00089645,000.07806282,000.06913757,000.28047505,000.39
Tournament (k=3),Blend,Uniform,0.66113,0.21153,000.01498413,000.58903682,000.74697876,000.67762238,000.39
Tournament (k=3),Blend,Uniform,1.00000,0.04023,000.00000000,000.00241666,000.00000000,000.50389653,000.26
Tournament (k=3),Blend,Uniform,0.40000,0.21153,000.00696945,000.13053551,000.13333893,000.39290202,000.35
Tournament (k=3),Blend,Uniform,0.97087,0.23084,000.31753922,001.90778005,002.26168251,000.97294861,000.35
Tournament (k=3),Blend,Uniform,0.68096,0.30000,000.18550110,001.97338367,002.31298637,000.94241196,000.47
Tournament (k=3),Blend,Uniform,0.88849,0.03378,000.00000000,000.00000653,000.00000000,000.31109288,000.32
Tournament (k=3),Blend,Uniform,0.45020,0.02599,000.00000000,000.12196436,000.05093002,000.48541045,000.20
Tournament (k=3),Blend,Uniform,0.64187,0.06795,000.00000000,000.00024552,000.00005341,000.09917406,000.34
Tournament (k=3),Blend,Uniform,0.74410,0.03686,000.00000000,000.00051451,000.00001526,000.27172798,000.29
Tournament (k=3),Blend,Uniform,0.76642,0.14915,000.00002289,000.00281377,000.00231361,000.15829642,000.39
Tournament (k=3),Blend,Uniform,0.74410,0.30000,000.11260986,002.08323884,002.29169083,001.13178003,000.41
Tournament (k=3),Blend,Uniform,0.66113,0.08830,000.00000000,000.00006614,000.00002289,000.00291189,000.32
Tournament (k=3),Blend,Uniform,0.55369,0.27490,000.07252121,001.19708562,001.48327637,000.83896416,000.41
Tournament (k=3),Blend,Uniform,0.91514,0.04390,000.00000000,000.00000000,000.00000000,000.23940693,000.24
Tournament (k=3),Blend,Uniform,0.55369,0.04390,000.00000000,000.00467396,000.00327110,000.13066673,000.28
Tournament (k=3),Blend,Uniform,0.50670,0.10516,000.00000000,000.00046906,000.00018120,000.06822193,000.28
Tournament (k=3),Blend,Uniform,0.74410,0.09637,000.00000000,000.00000315,000.00000000,000.02293636,000.28
Tournament (k=3),Blend,Uniform,0.62318,0.04791,000.00000000,000.00221467,000.00056458,000.19706291,000.29
Tournament (k=3),Blend,Uniform,0.62318,0.12524,000.00000000,000.00001831,000.00000381,000.00076451,000.29
Tournament (k=3),Blend,Uniform,0.78941,0.07415,000.00000000,000.00000229,000.00000000,000.09898552,000.41
Tournament (k=3),Blend,Uniform,0.53756,0.02599,000.00000000,000.02360544,000.01047707,000.34226406,000.21
Tournament (k=3),Blend,Uniform,0.41200,0.25191,000.06319427,000.62626755,000.81629562,000.62609702,000.36
Tournament (k=3),Blend,Uniform,0.43709,0.07415,000.00000000,000.00315042,000.00264740,000.02733525,000.24
Tournament (k=3),Blend,Uniform,0.68096,0.04791,000.00000000,000.00094347,000.00021553,000.20646647,000.24
Tournament (k=3),Blend,Gaussian,0.94259,0.02599,000.00000000,000.00000000,000.00000000,000.22175063,000.25
Tournament (k=3),Blend,Uniform,0.88849,0.25191,000.32016373,002.15578175,002.53899956,001.09690177,000.41
Tournament (k=3),Blend,Uniform,0.68096,0.10516,000.00000000,000.00001035,000.00000000,000.09900290,000.33
Tournament (k=3),Blend,Uniform,0.78941,0.02837,000.00000000,000.00264091,000.00004196,000.34363744,000.29
Tournament (k=3),Blend,Uniform,0.74410,0.04023,000.00000000,000.00003262,000.00000191,000.18159847,000.28
Tournament (k=3),Blend,Uniform,0.45020,0.09637,000.00000000,000.00097136,000.00079346,000.00869452,000.30
Tournament (k=3),Blend,Uniform,0.53756,0.08830,000.00000000,000.00043502,000.00029373,000.01415326,000.26
Tournament (k=3),Blend,Uniform,0.72243,0.21153,000.03788757,000.75945628,001.05940247,000.71165454,000.39
Tournament (k=3),Blend,Uniform,0.49195,0.03095,000.00000000,000.03946061,000.01968384,000.40096790,000.21
Tournament (k=3),Blend,Uniform,0.66113,0.09637,000.00000000,000.00002279,000.00000381,000.00697573,000.34
Tournament (k=3),Blend,Uniform,1.00000,0.11476,000.00000000,000.00000386,000.00000000,000.01921663,000.31
Tournament (k=3),Blend,Uniform,0.86261,0.06795,000.00000000,000.00000014,000.00000000,000.05524690,000.33
Tournament (k=3),Blend,Uniform,0.60503,0.27490,000.13361359,001.29394424,001.48197937,000.83021468,000.33
Tournament (k=3),Blend,Uniform,0.91514,0.12524,000.00000000,000.00006065,000.00001526,000.00963451,000.36
Tournament (k=3),Blend,Uniform,0.60503,0.10516,000.00000000,000.00007205,000.00003624,000.00507092,000.35
Tournament (k=3),Blend,Uniform,0.55369,0.30000,000.26455688,001.68718028,001.97613144,000.81432652,000.39
Tournament (k=3),Blend,Uniform,0.70139,0.06226,000.00000000,000.00020652,000.00005722,000.09975459,000.31
Tournament (k=3),Blend,Uniform,0.66113,0.03095,000.00000000,000.00158730,000.00013924,000.28582528,000.22
Tournament (k=3),Blend,Uniform,0.70139,0.16276,000.00026703,000.02359109,000.01727104,000.25468004,000.38
Tournament (k=3),Blend,Uniform,0.94259,0.02183,000.00000000,000.05247474,000.00000000,000.41769552,000.30
Tournament (k=3),Blend,Uniform,0.47762,0.04791,000.00000000,000.00625610,000.00337601,000.17764448,000.23
Tournament (k=3),Blend,Uniform,0.46371,0.05228,000.00000000,000.01259828,000.00890732,000.15234825,000.27
Tournament (k=3),Blend,Uniform,0.57030,0.11476,000.00000000,000.00007820,000.00002861,000.00313791,000.29
Tournament (k=3),Blend,Gaussian,0.97087,0.03686,000.00000000,000.00000000,000.00000000,000.26299715,000.33
Tournament (k=3),Blend,Uniform,0.64187,0.02000,000.00000000,000.07043257,000.00683975,000.50255650,000.27
Tournament (k=3),Blend,Uniform,0.97087,0.03095,000.00000000,000.00003510,000.00000000,000.35054991,000.24
Tournament (k=3),Blend,Uniform,0.45020,0.10516,000.00000000,000.00074916,000.00055504,000.00763305,000.33
Tournament (k=3),Blend,Uniform,0.86261,0.02599,000.00000000,000.00028186,000.00000000,000.39025903,000.29
Tournament (k=3),Blend,Uniform,0.41200,0.03378,000.00000000,000.05118842,000.03389931,000.36042979,000.25
Tournament (k=3),Blend,Uniform,0.94259,0.06226,000.00000000,000.00000000,000.00000000,000.17135650,000.34
Tournament (k=3),Blend,Uniform,0.78941,0.23084,000.10881805,001.33203828,001.62252808,000.80577672,000.40
Tournament (k=3),Blend,Uniform,0.58741,0.08092,000.00000000,000.00082641,000.00024033,000.02751957,000.26
Tournament (k=3),Blend,Uniform,0.46371,0.13667,000.00000000,000.00019841,000.00012016,000.04808043,000.28
Tournament (k=3),Blend,Uniform,1.00000,0.12524,000.00000000,000.00254173,000.00007629,000.13717833,000.35
Tournament (k=3),Blend,Uniform,0.47762,0.05228,000.00000000,000.00568180,000.00391006,000.13232450,000.26
Tournament (k=3),Blend,Uniform,0.64187,0.16276,000.00001144,000.00918598,000.00778198,000.15467487,000.41
Tournament (k=3),Blend,Uniform,0.72243,0.02599,000.00000000,000.01809354,000.00108337,000.43301359,000.24
Tournament (k=3),Blend,Uniform,0.94259,0.02382,000.00000000,000.01899428,000.00000000,000.50995803,000.31
Tournament (k=3),Blend,Uniform,0.60503,0.30000,000.35037994,001.79694057,002.13265228,000.85165477,000.39
Tournament (k=3),Blend,Uniform,0.57030,0.04791,000.00000000,000.00164843,000.00098801,000.06164265,000.24
Tournament (k=3),Blend,Uniform,0.83749,0.14915,000.00002289,000.01823492,000.01509094,000.33670804,000.38
Tournament (k=3),Blend,Uniform,0.49195,0.23084,000.00394440,000.42227620,000.40988350,000.60809708,000.37
Tournament (k=3),Blend,Uniform,0.52190,0.06795,000.00000000,000.00223041,000.00084877,000.10109261,000.24
Tournament (k=3),Blend,Uniform,0.70139,0.17762,000.00140381,000.15330067,000.11763191,000.49935061,000.39
Tournament (k=3),Blend,Uniform,0.86261,0.19383,000.06508255,000.89816397,001.13727760,000.89358205,000.37
Tournament (k=3),Blend,Uniform,0.81310,0.04023,000.00000000,000.00003047,000.00000000,000.13941124,000.28
Tournament (k=3),Blend,Uniform,0.58741,0.02837,000.00000000,000.03658676,000.00510788,000.44585198,000.27
Tournament (k=3),Blend,Uniform,0.81310,0.08830,000.00000000,000.00000000,000.00000000,000.00036021,000.35
Tournament (k=3),Blend,Uniform,0.97087,0.08830,000.00000000,000.00000014,000.00000000,000.10748031,000.28
Tournament (k=3),Blend,Uniform,0.81310,0.25191,000.29237366,001.81392932,002.04189301,000.84554780,000.35
Tournament (k=3),Blend,Uniform,0.72243,0.08092,000.00000000,000.00003076,000.00000381,000.09895737,000.30
Tournament (k=3),Blend,Uniform,0.52190,0.16276,000.00000763,000.00175023,000.00143051,000.10687585,000.35
Tournament (k=3),Blend,Uniform,0.88849,0.09637,000.00000000,000.00000000,000.00000000,000.10551120,000.36
Tournament (k=3),Blend,Uniform,0.55369,0.11476,000.00000000,000.00010605,000.00005531,000.00134973,000.28
Tournament (k=3),Blend,Uniform,0.45020,0.02837,000.00000000,000.05477815,000.03056717,000.44812059,000.20
Tournament (k=3),Blend,Uniform,0.70139,0.02000,000.00000000,000.13077354,000.00057602,000.58260739,000.22
Tournament (k=3),Blend,Uniform,0.53756,0.23084,000.00625610,000.53747702,000.58159828,000.58156574,000.36
Tournament (k=3),Blend,Uniform,0.88849,0.03686,000.00000000,000.00000577,000.00000000,000.26990163,000.25
Tournament (k=3),Blend,Uniform,1.00000,0.04390,000.00000000,000.00000534,000.00000000,000.31110469,000.31
Tournament (k=3),Blend,Uniform,0.47762,0.21153,000.00750732,000.23150015,000.26652527,000.41812745,000.37
Tournament (k=3),Blend,Uniform,0.66113,0.23084,000.04431915,000.79367769,001.00446701,000.73301870,000.37
Tournament (k=3),Blend,Uniform,0.64187,0.07415,000.00000000,000.00005913,000.00001717,000.09893274,000.31
Tournament (k=3),Blend,Uniform,0.76642,0.16276,000.00006485,000.04633064,000.03672409,000.44060352,000.33
Tournament (k=3),Blend,Uniform,0.76642,0.02000,000.00000000,000.00512156,000.00000954,000.46510848,000.28
Tournament (k=3),Blend,Uniform,0.97087,0.25191,000.18355179,002.13369536,002.40110397,001.15520549,000.42
Tournament (k=3),Blend,Uniform,0.83749,0.04791,000.00000000,000.00001359,000.00000000,000.17183371,000.30
Tournament (k=3),Blend,Uniform,0.45020,0.27490,000.08172607,000.95314676,001.16585159,000.79325402,000.31
Tournament (k=3),Blend,Uniform,0.55369,0.04791,000.00000000,000.00223308,000.00066376,000.17629445,000.28
Tournament (k=3),Blend,Uniform,0.50670,0.11476,000.00000000,000.00024395,000.00008011,000.00576251,000.28
Tournament (k=3),Blend,Uniform,0.62318,0.05228,000.00000000,000.00263772,000.00125885,000.13122690,000.29
Tournament (k=3),Blend,Uniform,0.68096,0.05228,000.00000000,000.00031862,000.00006485,000.17030977,000.25
Tournament (k=3),Blend,Uniform,0.62318,0.13667,000.00000000,000.00002370,000.00001526,000.00224479,000.30
Tournament (k=3),Blend,Uniform,0.81310,0.09637,000.00000000,000.00000000,000.00000000,000.00047234,000.36
Tournament (k=3),Blend,Uniform,0.70139,0.19383,000.01120758,000.52103341,000.56650543,000.65175605,000.46
Tournament (k=3),Blend,Uniform,0.74410,0.10516,000.00000000,000.00000291,000.00000000,000.01532005,000.32
Tournament (k=3),Blend,Uniform,0.53756,0.02837,000.00000000,000.01075912,000.00353050,000.25027239,000.27
Tournament (k=3),Blend,Uniform,0.78941,0.08092,000.00000000,000.00000062,000.00000000,000.00098514,000.30
Tournament (k=3),Blend,Uniform,0.88849,0.04023,000.00000000,000.00013790,000.00000000,000.31255043,000.30
Tournament (k=3),Blend,Uniform,0.74410,0.04390,000.00000000,000.00011482,000.00000381,000.14322725,000.24
Tournament (k=3),Blend,Uniform,0.78941,0.03095,000.00000000,000.00039897,000.00000000,000.34638387,000.29
Tournament (k=3),Blend,Uniform,0.49195,0.03378,000.00000000,000.04294944,000.02102280,000.35999495,000.22
Tournament (k=3),Blend,Uniform,0.53756,0.09637,000.00000000,000.00034971,000.00011444,000.00756310,000.27
Tournament (k=3),Blend,Uniform,0.68096,0.11476,000.00000000,000.00000281,000.00000000,000.09898803,000.35
Tournament (k=3),Blend,Uniform,0.76642,0.05228,000.00000000,000.00015421,000.00001144,000.16954255,000.31
Tournament (k=3),Blend,Uniform,0.57030,0.02000,000.00000000,000.03748221,000.01681709,000.50890863,000.21
Tournament (k=3),Blend,Uniform,0.88849,0.27490,000.37399673,002.14576769,002.49368668,001.20560682,000.43
Tournament (k=3),Blend,Uniform,0.66113,0.10516,000.00000000,000.00003991,000.00000954,000.00455563,000.32
Tournament (k=3),Blend,Uniform,0.64187,0.02183,000.00000000,000.14429012,000.02130699,000.52854902,000.22
Tournament (k=3),Blend,Uniform,0.86261,0.07415,000.00000000,000.00000100,000.00000000,000.14112294,000.33
Tournament (k=3),Blend,Uniform,0.66113,0.03378,000.00000000,000.00327482,000.00068474,000.27630046,000.25
Tournament (k=3),Blend,Uniform,0.70139,0.06795,000.00000000,000.00013866,000.00002670,000.00642563,000.27
Tournament (k=3),Blend,Uniform,0.60503,0.11476,000.00000000,000.00005879,000.00002289,000.00976752,000.29
Tournament (k=3),Blend,Uniform,0.57030,0.12524,000.00000000,000.00002942,000.00002861,000.09897984,000.30
Tournament (k=3),Blend,Uniform,0.72243,0.23084,000.09666061,001.16320586,001.42532158,000.79825723,000.41
Tournament (k=3),Blend,Uniform,0.58741,0.17762,000.00030136,000.04030347,000.03628540,000.27634341,000.37
Tournament (k=3),Blend,Uniform,0.86261,0.02837,000.00000000,000.00001030,000.00000000,000.36985558,000.25
Tournament (k=3),Blend,Uniform,0.41200,0.03686,000.00000000,000.01253452,000.00528526,000.24783751,000.27
Tournament (k=3),Blend,Uniform,0.74410,0.04791,000.00000000,000.00007653,000.00000763,000.20435899,000.32
Tournament (k=3),Blend,Uniform,0.57030,0.02183,000.00000000,000.12879582,000.01842880,000.43439525,000.23
Tournament (k=3),Blend,Uniform,0.62318,0.02000,000.00000000,000.10458455,000.00778580,000.45692357,000.22
Tournament (k=3),Blend,Uniform,0.78941,0.08830,000.00000000,000.00000324,000.00000000,000.10080799,000.48
Tournament (k=3),Blend,Uniform,0.47762,0.05705,000.00000000,000.00440311,000.00271034,000.10766843,000.24
Tournament (k=3),Blend,Uniform,0.57030,0.05228,000.00000000,000.00268507,000.00161552,000.10301282,000.24
Tournament (k=3),Blend,Uniform,0.91514,0.13667,000.00000000,000.00486164,000.00125122,000.13662501,000.55
Tournament (k=3),Blend,Uniform,0.88849,0.04390,000.00000000,000.00001140,000.00000000,000.31932122,000.47
Tournament (k=3),Blend,Uniform,0.94259,0.06795,000.00000000,000.00000000,000.00000000,000.14357592,000.34
Tournament (k=3),Blend,Uniform,0.52190,0.07415,000.00000000,000.00163984,000.00135612,000.11031620,000.26
Tournament (k=3),Blend,Uniform,0.72243,0.02837,000.00000000,000.00758543,000.00027466,000.37941179,000.29
Tournament (k=3),Blend,Uniform,0.94259,0.02599,000.00000000,000.00013556,000.00000000,000.37587038,000.31
Tournament (k=3),Blend,Uniform,0.52190,0.02599,000.00000000,000.03358603,000.00921249,000.38977721,000.27
Tournament (k=3),Blend,Uniform,0.94259,0.17762,000.03287125,000.75131887,000.97213554,000.76611143,000.58
Tournament (k=3),Blend,Uniform,0.78941,0.25191,000.27410507,001.73897433,002.06301880,001.04029334,000.42
Tournament (k=3),Blend,Uniform,0.64187,0.17762,000.00091553,000.06369138,000.07181740,000.31404701,000.38
Tournament (k=3),Blend,Uniform,0.83749,0.16276,000.00133133,000.11716504,000.12898827,000.47758839,000.39
Tournament (k=3),Blend,Uniform,0.81310,0.04390,000.00000000,000.00002060,000.00000000,000.21654560,000.24
Tournament (k=3),Blend,Uniform,0.86261,0.21153,000.03963089,001.17302990,001.46935463,000.86971289,000.33
Tournament (k=3),Blend,Uniform,0.58741,0.03095,000.00000000,000.01123576,000.00214005,000.36340412,000.27
Tournament (k=3),Blend,Uniform,0.72243,0.08830,000.00000000,000.00004325,000.00000763,000.00507886,000.27
Tournament (k=3),Blend,Uniform,0.49195,0.25191,000.06836319,000.74377668,000.91192245,000.64335275,000.49
Tournament (k=3),Blend,Uniform,0.45020,0.03095,000.00000000,000.04405642,000.01900101,000.38208890,000.21
Tournament (k=3),Blend,Uniform,0.91514,0.04791,000.00000000,000.00000305,000.00000000,000.24068481,000.27
Tournament (k=3),Blend,Uniform,0.81310,0.27490,000.33790588,002.18548083,002.52244949,001.16699421,000.34
Tournament (k=3),Blend,Uniform,1.00000,0.04791,000.00000000,000.00000014,000.00000000,000.30493927,000.25
Tournament (k=3),Blend,Uniform,0.88849,0.30000,000.11071014,002.64495707,002.97564316,001.23138785,000.63
Tournament (k=3),Blend,Uniform,0.70139,0.02183,000.00000000,000.10415912,000.00336838,000.48880985,000.28
Tournament (k=3),Blend,Uniform,0.66113,0.11476,000.00000000,000.00000744,000.00000000,000.00069760,000.62
Tournament (k=3),Blend,Uniform,0.55369,0.12524,000.00000000,000.00005755,000.00003052,000.00183512,000.33
Tournament (k=3),Blend,Uniform,0.97087,0.09637,000.00000000,000.00000086,000.00000000,000.17001320,000.42
Tournament (k=3),Blend,Uniform,0.88849,0.10516,000.00000000,000.00000052,000.00000000,000.09913815,000.36
Tournament (k=3),Blend,Uniform,0.53756,0.25191,000.11144257,000.82408869,001.08343506,000.86635745,000.33
Tournament (k=3),Blend,Uniform,0.76642,0.02183,000.00000000,000.03291450,000.00057030,000.51915127,000.28
Tournament (k=3),Blend,Uniform,0.64187,0.08092,000.00000000,000.00008955,000.00002098,000.00762794,000.32
Tournament (k=3),Blend,Uniform,0.41200,0.27490,000.02220917,000.82535326,001.12530899,000.69642776,000.36
Tournament (k=3),Blend,Uniform,0.88849,0.04791,000.00000000,000.00000792,000.00000000,000.27506223,000.43
Tournament (k=3),Blend,Uniform,0.45020,0.30000,000.11183167,001.34659553,001.62716484,000.89174747,000.32
Tournament (k=3),Blend,Uniform,0.97087,0.27490,000.42409515,002.59371042,002.89671707,001.19187891,000.37
Tournament (k=3),Blend,Uniform,0.76642,0.17762,000.00817490,000.20811978,000.19573021,000.47352704,000.39
Tournament (k=3),Blend,Uniform,0.83749,0.05228,000.00000000,000.00000668,000.00000000,000.19503109,000.25
Tournament (k=3),Blend,Uniform,0.66113,0.25191,000.09956360,001.07884240,001.21782875,000.79185420,000.40
Tournament (k=3),Blend,Uniform,0.58741,0.03378,000.00000000,000.01314430,000.00185394,000.40024590,000.29
Tournament (k=3),Blend,Uniform,0.83749,0.17762,000.00826645,000.45407447,000.52978897,000.68291652,000.40
Tournament (k=3),Blend,Uniform,0.62318,0.05705,000.00000000,000.00134497,000.00032997,000.16388282,000.31
Tournament (k=3),Blend,Uniform,0.68096,0.05705,000.00000000,000.00048943,000.00004959,000.10085277,000.26
Tournament (k=3),Blend,Uniform,0.86261,0.23084,000.20629120,001.46562576,001.76649094,000.98210400,000.40
Tournament (k=3),Blend,Uniform,0.53756,0.03095,000.00000000,000.01839004,000.00977707,000.31735960,000.23
Tournament (k=3),Blend,Uniform,0.62318,0.14915,000.00000000,000.00034261,000.00028229,000.10552928,000.33
Tournament (k=3),Blend,Uniform,0.81310,0.10516,000.00000000,000.00000000,000.00000000,000.05650683,000.32
Tournament (k=3),Blend,Uniform,0.74410,0.11476,000.00000000,000.00000019,000.00000000,000.09967393,000.31
Tournament (k=3),Blend,Uniform,0.60503,0.04791,000.00000000,000.00209465,000.00053024,000.14175728,000.31
Tournament (k=3),Blend,Uniform,0.97087,0.03378,000.00000000,000.00000463,000.00000000,000.41029763,000.32
Tournament (k=3),Blend,Uniform,0.78941,0.03378,000.00000000,000.00014920,000.00000381,000.28698537,000.31
Tournament (k=3),Blend,Uniform,0.58741,0.08830,000.00000000,000.00047021,000.00015831,000.01428442,000.28
Tournament (k=3),Blend,Uniform,0.88849,0.05228,000.00000000,000.00000019,000.00000000,000.19676889,000.35
Tournament (k=3),Blend,Uniform,0.70139,0.21153,000.02614594,000.75505430,001.12549591,000.71204233,000.43
Tournament (k=3),Blend,Uniform,0.66113,0.03686,000.00000000,000.00284138,000.00029564,000.26948816,000.24
Tournament (k=3),Blend,Uniform,0.46371,0.14915,000.00000000,000.00039496,000.00026512,000.01134443,000.30
Tournament (k=3),Blend,Uniform,0.76642,0.05705,000.00000000,000.00002203,000.00000000,000.18609886,000.33
Tournament (k=3),Blend,Uniform,0.68096,0.12524,000.00000000,000.00002127,000.00000763,000.00158298,000.38
Tournament (k=3),Blend,Uniform,0.64187,0.02382,000.00000000,000.01982656,000.00709915,000.39958116,000.30
Tournament (k=3),Blend,Uniform,0.70139,0.07415,000.00000000,000.00015244,000.00001144,000.01252953,000.29
Tournament (k=3),Blend,Uniform,1.00000,0.13667,000.00000381,000.02967000,000.02463913,000.30968627,000.36
Tournament (k=3),Blend,Uniform,0.86261,0.08092,000.00000000,000.00000005,000.00000000,000.16054280,000.36
Tournament (k=3),Blend,Uniform,0.41200,0.30000,000.18555832,001.10821700,001.35837173,000.71784180,000.47
Tournament (k=3),Blend,Uniform,0.57030,0.02382,000.00000000,000.05812931,000.02170563,000.41973796,000.22
Tournament (k=3),Blend,Uniform,0.60503,0.12524,000.00000000,000.00000801,000.00000381,000.00664703,000.37
Tournament (k=3),Blend,Uniform,0.57030,0.13667,000.00000000,000.00004215,000.00001907,000.00256024,000.37
Tournament (k=3),Blend,Uniform,0.62318,0.02183,000.00000000,000.18485165,000.00608826,000.58422714,000.22
Tournament (k=3),Blend,Uniform,0.86261,0.03095,000.00000000,000.00081573,000.00000000,000.39839956,000.30
Tournament (k=3),Blend,Uniform,0.60503,0.05228,000.00000000,000.00124722,000.00036621,000.13990189,000.31
Tournament (k=3),Blend,Uniform,0.62318,0.16276,000.00005722,000.00551515,000.00465012,000.22910212,000.37
Tournament (k=3),Blend,Uniform,0.81310,0.11476,000.00000000,000.00000029,000.00000000,000.00229897,000.36
Tournament (k=3),Blend,Uniform,0.74410,0.12524,000.00000000,000.00000854,000.00000381,000.00282485,000.34
Tournament (k=3),Blend,Uniform,0.47762,0.06226,000.00000000,000.00614715,000.00473022,000.08743682,000.24
Tournament (k=3),Blend,Uniform,0.57030,0.05705,000.00000000,000.00277739,000.00092316,000.10512402,000.25
Tournament (k=3),Blend,Uniform,0.74410,0.05228,000.00000000,000.00003123,000.00000000,000.10194150,000.33
Tournament (k=3),Blend,Uniform,0.64187,0.02599,000.00000000,000.01052136,000.00319862,000.44661301,000.30
Tournament (k=3),Blend,Uniform,0.91514,0.14915,000.00021362,000.05053830,000.04514313,000.37773618,000.32
Tournament (k=3),Blend,Uniform,0.72243,0.03095,000.00000000,000.00083385,000.00008202,000.25386021,000.29
Tournament (k=3),Blend,Uniform,0.78941,0.09637,000.00000000,000.00000029,000.00000000,000.00064522,000.36
Tournament (k=3),Blend,Uniform,0.94259,0.02837,000.00000000,000.00005198,000.00000000,000.39426652,000.31
Tournament (k=3),Blend,Uniform,0.52190,0.17762,000.00006104,000.01762390,000.01892853,000.14781682,000.36
Tournament (k=3),Blend,Uniform,0.81310,0.04791,000.00000000,000.00000052,000.00000000,000.21784697,000.24
Tournament (k=3),Blend,Uniform,0.45020,0.03378,000.00000000,000.01600575,000.00843239,000.31619373,000.21
Tournament (k=3),Blend,Uniform,0.94259,0.19383,000.00710297,001.13550794,001.38203621,000.79877198,000.33
Tournament (k=3),Blend,Uniform,0.50670,0.12524,000.00000000,000.00018644,000.00011635,000.00609797,000.27
Tournament (k=3),Blend,Uniform,0.64187,0.19383,000.00580597,000.25104061,000.19903183,000.47093174,000.38
Tournament (k=3),Blend,Uniform,0.72243,0.09637,000.00000000,000.00003381,000.00000381,000.01142673,000.33
Tournament (k=3),Blend,Uniform,0.55369,0.05228,000.00000000,000.00181389,000.00064468,000.10811114,000.28
Tournament (k=3),Blend,Uniform,0.70139,0.02382,000.00000000,000.08438740,000.00067139,000.45499188,000.23
Tournament (k=3),Blend,Uniform,0.49195,0.27490,000.07034302,000.94493502,001.18795204,000.74310017,000.33
Tournament (k=3),Blend,Uniform,0.47762,0.06795,000.00000000,000.00253496,000.00147247,000.06709349,000.27
Tournament (k=3),Blend,Uniform,0.91514,0.02000,000.00000000,000.15105215,000.00000000,000.50864601,000.29
Tournament (k=3),Blend,Uniform,0.62318,0.17762,000.00061417,000.05104313,000.04718781,000.30378497,000.36
Tournament (k=3),Blend,Uniform,0.81310,0.12524,000.00000000,000.00002627,000.00000763,000.14469153,000.37
Tournament (k=3),Blend,Uniform,0.66113,0.12524,000.00000000,000.00000949,000.00000572,000.00070445,000.34
Tournament (k=3),Blend,Uniform,0.49195,0.03686,000.00000000,000.01181502,000.00973511,000.18443741,000.22
Tournament (k=3),Blend,Uniform,0.76642,0.02382,000.00000000,000.04670315,000.00007057,000.46703497,000.28
Tournament (k=3),Blend,Uniform,0.53756,0.27490,000.02453613,001.08037913,001.30316544,000.81869745,000.32
Tournament (k=3),Blend,Uniform,0.55369,0.13667,000.00000000,000.00004587,000.00003052,000.00162220,000.34
Tournament (k=3),Blend,Uniform,0.53756,0.10516,000.00000000,000.00019341,000.00005341,000.10002928,000.27
Tournament (k=3),Blend,Uniform,0.64187,0.08830,000.00000000,000.00009260,000.00003624,000.00594794,000.32
Tournament (k=3),Blend,Uniform,0.88849,0.11476,000.00000000,000.00000095,000.00000000,000.00752136,000.37
Tournament (k=3),Blend,Uniform,0.91514,0.16276,000.01984787,000.38839740,000.36732101,000.52354366,000.38
Tournament (k=3),Blend,Uniform,0.68096,0.06226,000.00000000,000.00009179,000.00002289,000.02175521,000.26
Tournament (k=3),Blend,Uniform,0.53756,0.03378,000.00000000,000.02227826,000.01272964,000.37476152,000.22
Tournament (k=3),Blend,Uniform,0.97087,0.30000,000.49233246,002.71050978,003.24467087,001.40937757,000.36
Tournament (k=3),Blend,Uniform,0.62318,0.06226,000.00000000,000.00099368,000.00030518,000.13326798,000.30
Tournament (k=3),Blend,Uniform,0.76642,0.19383,000.02651978,000.67133743,001.01461029,000.74090332,000.37
Tournament (k=3),Blend,Uniform,0.86261,0.25191,000.07627869,001.74129558,002.07343292,000.92743629,000.34
Tournament (k=3),Blend,Uniform,0.78941,0.03686,000.00000000,000.00041761,000.00000572,000.31733117,000.24
Tournament (k=3),Blend,Uniform,0.64187,0.21153,000.00434113,000.53253859,000.63541412,000.58696342,000.38
Tournament (k=3),Blend,Uniform,0.66113,0.27490,000.09088898,001.49591064,001.77742004,000.93231612,000.40
Tournament (k=3),Blend,Uniform,0.83749,0.19383,000.01928711,000.73665929,001.08538246,000.70545256,000.43
Tournament (k=3),Blend,Uniform,0.66113,0.04023,000.00000000,000.00081811,000.00019455,000.21971384,000.23
Tournament (k=3),Blend,Uniform,0.97087,0.03686,000.00000000,000.00000267,000.00000000,000.35580036,000.31
Tournament (k=3),Blend,Uniform,0.76642,0.02599,000.00000000,000.03508520,000.00006485,000.46245053,000.31
Tournament (k=3),Blend,Uniform,0.58741,0.19383,000.00186539,000.11428380,000.12097549,000.43338600,000.37
Tournament (k=3),Blend,Uniform,0.88849,0.05705,000.00000000,000.00000010,000.00000000,000.13928097,000.32
Tournament (k=3),Blend,Uniform,0.72243,0.25191,000.28488922,001.47372663,001.68495178,000.84008062,000.42
Tournament (k=3),Blend,Uniform,0.57030,0.02599,000.00000000,000.01832786,000.00213623,000.34747007,000.21
Tournament (k=3),Blend,Uniform,0.76642,0.06226,000.00000000,000.00000668,000.00000000,000.01507306,000.31
Tournament (k=3),Blend,Uniform,0.70139,0.08092,000.00000000,000.00004029,000.00000763,000.01132226,000.26
Tournament (k=3),Blend,Uniform,0.68096,0.13667,000.00000000,000.00005474,000.00002098,000.02113673,000.33
Tournament (k=3),Blend,Uniform,0.86261,0.08830,000.00000000,000.00000014,000.00000000,000.14053525,000.27
Tournament (k=3),Blend,Uniform,0.94259,0.07415,000.00000000,000.00000038,000.00000000,000.19500068,000.33
Tournament (k=3),Blend,Uniform,0.70139,0.23084,000.02915192,000.94423991,001.18246841,000.84813267,000.39
Tournament (k=3),Blend,Uniform,1.00000,0.14915,000.00049210,000.19442625,000.15719223,000.53311324,000.34
Tournament (k=3),Blend,Uniform,0.62318,0.06795,000.00000000,000.00022826,000.00009727,000.03346674,000.29
Tournament (k=3),Blend,Uniform,0.57030,0.14915,000.00000000,000.00017815,000.00007629,000.00988349,000.30
Tournament (k=3),Blend,Uniform,0.78941,0.04023,000.00000000,000.00024452,000.00001144,000.28495869,000.30
Tournament (k=3),Blend,Uniform,0.86261,0.03378,000.00000000,000.00000143,000.00000000,000.21700016,000.30
Tournament (k=3),Blend,Uniform,0.74410,0.13667,000.00000000,000.00010715,000.00002861,000.07749447,000.31
Tournament (k=3),Blend,Uniform,0.91514,0.05228,000.00000000,000.00001101,000.00000000,000.25919011,000.31
Tournament (k=3),Blend,Uniform,0.78941,0.27490,000.19404984,001.92411685,002.29260254,001.14317346,000.46
Tournament (k=3),Blend,Uniform,0.64187,0.02837,000.00000000,000.00721593,000.00160217,000.31677100,000.28
Tournament (k=3),Blend,Uniform,0.76642,0.02837,000.00000000,000.00295067,000.00000763,000.36170369,000.32
Tournament (k=3),Blend,Uniform,0.81310,0.30000,000.16463852,002.23087692,002.68120384,001.03593433,000.35
Tournament (k=3),Blend,Uniform,0.45020,0.03686,000.00000000,000.01804051,000.01236916,000.22119656,000.22
Tournament (k=3),Blend,Uniform,0.74410,0.05705,000.00000000,000.00002232,000.00000000,000.09944603,000.30
Tournament (k=3),Blend,Uniform,0.72243,0.03378,000.00000000,000.00093617,000.00008202,000.37256479,000.29
Tournament (k=3),Blend,Uniform,0.81310,0.05228,000.00000000,000.00000429,000.00000000,000.21691413,000.25
Tournament (k=3),Blend,Uniform,0.94259,0.03095,000.00000000,000.02917652,000.00000000,000.41148877,000.28
Tournament (k=3),Blend,Uniform,0.58741,0.21153,000.00020218,000.34616295,000.38575363,000.48353121,000.39
Tournament (k=3),Blend,Uniform,0.97087,0.10516,000.00000000,000.00000033,000.00000000,000.00483238,000.37
Tournament (k=3),Blend,Uniform,0.78941,0.10516,000.00000000,000.00000038,000.00000000,000.00065633,000.36
Tournament (k=3),Blend,Uniform,0.52190,0.19383,000.00157166,000.07908239,000.08792877,000.33537996,000.37
Tournament (k=3),Blend,Uniform,0.72243,0.10516,000.00000000,000.00000196,000.00000000,000.00034006,000.30
Tournament (k=3),Blend,Uniform,0.50670,0.13667,000.00000000,000.00017223,000.00007439,000.00687599,000.34
Tournament (k=3),Blend,Uniform,0.83749,0.05705,000.00000000,000.00000300,000.00000000,000.15557259,000.33
Tournament (k=3),Blend,Uniform,0.70139,0.02599,000.00000000,000.01967401,000.00020981,000.49033865,000.25
Tournament (k=3),Blend,Uniform,0.47762,0.07415,000.00000000,000.00233274,000.00154877,000.04870262,000.25
Tournament (k=3),Blend,Uniform,1.00000,0.16276,000.00642014,000.63062501,000.80215454,000.76511478,000.40
Tournament (k=3),Blend,Uniform,0.94259,0.21153,000.04277039,001.40882802,001.68743515,000.84680331,000.41
Tournament (k=3),Blend,Uniform,0.91514,0.02183,000.00000000,000.09038477,000.00000000,000.58155781,000.31
Tournament (k=3),Blend,Uniform,0.49195,0.30000,000.02253723,001.22884786,001.41539192,000.84376943,000.34
Tournament (k=3),Blend,Uniform,0.58741,0.09637,000.00000000,000.00007849,000.00003433,000.00523030,000.28
Tournament (k=3),Blend,Uniform,0.78941,0.04390,000.00000000,000.00016336,000.00000000,000.29795250,000.38
Tournament (k=3),Blend,Uniform,0.62318,0.19383,000.00490952,000.17496128,000.17652893,000.46195486,000.36
Tournament (k=3),Blend,Uniform,0.66113,0.13667,000.00000000,000.00003476,000.00002670,000.01190597,000.36
Tournament (k=3),Blend,Uniform,0.64187,0.09637,000.00000000,000.00015769,000.00004578,000.01868841,000.34
Tournament (k=3),Blend,Uniform,0.81310,0.13667,000.00000000,000.00061564,000.00015259,000.12008853,000.39
Tournament (k=3),Blend,Uniform,0.53756,0.30000,000.16215515,001.50134814,001.63348770,000.79737443,000.36
Tournament (k=3),Blend,Uniform,1.00000,0.02000,000.00000000,000.04819508,000.00000000,000.50243437,000.22
Tournament (k=3),Blend,Uniform,0.68096,0.06795,000.00000000,000.00015020,000.00003433,000.01675284,000.28
Tournament (k=3),Blend,Uniform,0.55369,0.14915,000.00000000,000.00029268,000.00016975,000.13607663,000.37
Tournament (k=3),Blend,Uniform,0.62318,0.02382,000.00000000,000.10032912,000.00440788,000.43300191,000.22
Tournament (k=3),Blend,Uniform,0.88849,0.12524,000.00000000,000.00006795,000.00002098,000.02897248,000.38
Tournament (k=3),Blend,Uniform,0.91514,0.17762,000.01665115,000.72338027,000.96509171,000.75395203,000.41
Tournament (k=3),Blend,Uniform,0.72243,0.11476,000.00000000,000.00000191,000.00000000,000.00079672,000.34
Tournament (k=3),Blend,Uniform,0.66113,0.04390,000.00000000,000.00096726,000.00014496,000.28039271,000.23
Tournament (k=3),Blend,Uniform,0.86261,0.27490,000.18412018,002.39921236,002.67045975,001.09639168,000.36
Tournament (k=3),Blend,Uniform,1.00000,0.05228,000.00000000,000.00000978,000.00000000,000.24569032,000.26
Tournament (k=3),Blend,Uniform,0.76642,0.21153,000.00318146,000.99812394,001.25132179,000.92293447,000.39
Tournament (k=3),Blend,Uniform,0.60503,0.13667,000.00000000,000.00002055,000.00001526,000.00163831,000.41
Tournament (k=3),Blend,Uniform,0.58741,0.10516,000.00000000,000.00006113,000.00001717,000.00340480,000.32
Tournament (k=3),Blend,Uniform,0.66113,0.30000,000.25118637,001.77810645,002.20383644,000.91159856,000.34
Tournament (k=3),Blend,Uniform,0.78941,0.04791,000.00000000,000.00004020,000.00000000,000.23226458,000.30
Tournament (k=3),Blend,Uniform,0.88849,0.06226,000.00000000,000.00000000,000.00000000,000.21688406,000.28
Tournament (k=3),Blend,Uniform,0.64187,0.23084,000.02165222,000.90072614,001.19135475,000.75412244,000.41
Tournament (k=3),Blend,Uniform,0.76642,0.06795,000.00000000,000.00000529,000.00000000,000.00642743,000.32
Tournament (k=3),Blend,Uniform,0.86261,0.09637,000.00000000,000.00000052,000.00000000,000.09975594,000.31
Tournament (k=3),Blend,Uniform,0.70139,0.08830,000.00000000,000.00003300,000.00000763,000.10083708,000.33
Tournament (k=3),Blend,Uniform,0.68096,0.14915,000.00000000,000.00134125,000.00121880,000.17294832,000.33
Tournament (k=3),Blend,Uniform,0.94259,0.08092,000.00000000,000.00000000,000.00000000,000.13924579,000.34
Tournament (k=3),Blend,Uniform,0.62318,0.07415,000.00000000,000.00031662,000.00009155,000.00998238,000.31
Tournament (k=3),Blend,Uniform,0.72243,0.27490,000.10304642,001.64040720,001.93461227,000.85983306,000.40
Tournament (k=3),Blend,Uniform,0.58741,0.03686,000.00000000,000.00448556,000.00094223,000.29719481,000.28
Tournament (k=3),Blend,Uniform,0.86261,0.03686,000.00000000,000.00000424,000.00000000,000.29682595,000.30
Tournament (k=3),Blend,Uniform,0.57030,0.16276,000.00002289,000.00353389,000.00319290,000.10583009,000.31
Tournament (k=3),Blend,Uniform,0.70139,0.25191,000.14172363,001.17123568,001.54931641,000.95824665,000.40
Tournament (k=3),Blend,Uniform,0.91514,0.05705,000.00000000,000.00000000,000.00000000,000.24112384,000.27
Tournament (k=3),Blend,Uniform,0.74410,0.14915,000.00000000,000.00253887,000.00129700,000.07373291,000.31
Tournament (k=3),Blend,Uniform,0.83749,0.02000,000.00000000,000.12676319,000.00001144,000.49731410,000.22
Tournament (k=3),Blend,Uniform,1.00000,0.05705,000.00000000,000.00000334,000.00000000,000.25322703,000.30
Tournament (k=3),Blend,Uniform,0.72243,0.03686,000.00000000,000.00142670,000.00013351,000.28120098,000.24
Tournament (k=3),Blend,Uniform,0.64187,0.03095,000.00000000,000.00311823,000.00055313,000.30519408,000.30
Tournament (k=3),Blend,Uniform,0.81310,0.05705,000.00000000,000.00000134,000.00000000,000.13961133,000.25
Tournament (k=3),Blend,Uniform,0.68096,0.02000,000.00000000,000.05893765,000.00192261,000.45679933,000.29
Tournament (k=3),Blend,Uniform,0.74410,0.06226,000.00000000,000.00004435,000.00000572,000.13924286,000.31
Tournament (k=3),Blend,Uniform,0.53756,0.03686,000.00000000,000.00817685,000.00294304,000.22274648,000.23
Tournament (k=3),Blend,Uniform,0.78941,0.30000,000.25624847,002.22026086,002.58937263,001.02195799,000.42
Tournament (k=3),Blend,Uniform,0.97087,0.11476,000.00000000,000.00000272,000.00000000,000.00305130,000.32
Tournament (k=3),Blend,Uniform,0.76642,0.07415,000.00000000,000.00001626,000.00000000,000.00554294,000.37
Tournament (k=3),Blend,Uniform,0.86261,0.10516,000.00000000,000.00000000,000.00000000,000.00026316,000.35
Tournament (k=3),Blend,Uniform,0.70139,0.02837,000.00000000,000.00811419,000.00058937,000.37400225,000.25
Tournament (k=3),Blend,Uniform,0.58741,0.23084,000.07143784,000.59982657,000.70649910,000.65377229,000.39
Tournament (k=3),Blend,Uniform,0.78941,0.11476,000.00000000,000.00000038,000.00000000,000.00166408,000.36
Tournament (k=3),Blend,Uniform,0.83749,0.06226,000.00000000,000.00000033,000.00000000,000.09897080,000.32
Tournament (k=3),Blend,Uniform,0.97087,0.04023,000.00000000,000.00000048,000.00000000,000.34104022,000.26
Tournament (k=3),Blend,Uniform,0.57030,0.06226,000.00000000,000.00296187,000.00208664,000.03749797,000.24
Tournament (k=3),Blend,Uniform,0.50670,0.14915,000.00000000,000.00020099,000.00014114,000.01556534,000.36
Tournament (k=3),Blend,Uniform,0.52190,0.21153,000.02113342,000.30684027,000.29713058,000.49542102,000.37
Tournament (k=3),Blend,Uniform,0.91514,0.02382,000.00000000,000.06760349,000.00000000,000.42403877,000.30
Tournament (k=3),Blend,Uniform,1.00000,0.17762,000.05284882,000.93191546,001.16721725,000.80501091,000.34
Tournament (k=3),Blend,Uniform,0.83749,0.21153,000.04181290,001.29018247,001.49384308,000.81446737,000.34
Tournament (k=3),Blend,Uniform,0.68096,0.02183,000.00000000,000.04413266,000.00150681,000.49048090,000.31
Tournament (k=3),Blend,Uniform,0.62318,0.21153,000.01328659,000.49482685,000.43551636,000.61408395,000.32
Tournament (k=3),Blend,Uniform,1.00000,0.02183,000.00000000,000.12617297,000.00000000,000.51358080,000.23
Tournament (k=3),Blend,Uniform,0.94259,0.23084,000.37858963,001.77260017,001.95915604,000.94961184,000.42
Tournament (k=3),Blend,Uniform,0.62318,0.02599,000.00000000,000.05187092,000.01059723,000.43232942,000.22
Tournament (k=3),Blend,Uniform,0.64187,0.10516,000.00000000,000.00003185,000.00000763,000.00559138,000.33
Tournament (k=3),Blend,Uniform,0.68096,0.07415,000.00000000,000.00011063,000.00001907,000.00650646,000.31
Tournament (k=3),Blend,Uniform,0.66113,0.04791,000.00000000,000.00067859,000.00021362,000.14818154,000.25
Tournament (k=3),Blend,Uniform,0.81310,0.14915,000.00003052,000.01820974,000.01338196,000.35632628,000.38
Tournament (k=3),Blend,Uniform,0.76642,0.03095,000.00000000,000.00039639,000.00000000,000.31110421,000.26
Tournament (k=3),Blend,Uniform,0.83749,0.06795,000.00000000,000.00000000,000.00000000,000.02419164,000.27
Tournament (k=3),Blend,Uniform,0.88849,0.06795,000.00000000,000.00000024,000.00000000,000.13940327,000.27
Tournament (k=3),Blend,Uniform,0.88849,0.13667,000.00000000,000.00178308,000.00074196,000.19777015,000.38
Tournament (k=3),Blend,Uniform,0.78941,0.05228,000.00000000,000.00003300,000.00000000,000.19518909,000.31
Tournament (k=3),Blend,Uniform,0.91514,0.19383,000.07327652,000.99405730,001.17504311,000.80996174,000.40
Tournament (k=3),Blend,Uniform,0.58741,0.25191,000.04119873,000.88283378,001.05067825,000.72866940,000.36
Tournament (k=3),Blend,Uniform,0.60503,0.14915,000.00000000,000.00021362,000.00012779,000.00510520,000.36
Tournament (k=3),Blend,Uniform,0.94259,0.03378,000.00000000,000.00002656,000.00000000,000.35860118,000.30
Tournament (k=3),Blend,Uniform,0.76642,0.23084,000.16833115,001.28840423,001.56358910,000.82364750,000.39
Tournament (k=3),Blend,Uniform,1.00000,0.02382,000.00000000,000.00362306,000.00000000,000.48042998,000.29
Tournament (k=3),Blend,Uniform,0.68096,0.16276,000.00005341,000.01931438,000.01397896,000.22159848,000.32
Tournament (k=3),Blend,Uniform,0.64187,0.25191,000.07148743,001.11314380,001.34370995,000.89587939,000.39
Tournament (k=3),Blend,Uniform,0.70139,0.09637,000.00000000,000.00001473,000.00000572,000.00187586,000.33
Tournament (k=3),Blend,Uniform,0.94259,0.08830,000.00000000,000.00000024,000.00000000,000.14234529,000.28
Tournament (k=3),Blend,Uniform,0.86261,0.04023,000.00000000,000.00001235,000.00000000,000.35958448,000.24
Tournament (k=3),Blend,Uniform,0.83749,0.02183,000.00000000,000.07917037,000.00006866,000.46621203,000.22
Tournament (k=3),Blend,Uniform,0.91514,0.06226,000.00000000,000.00000000,000.00000000,000.03913790,000.27
Tournament (k=3),Blend,Uniform,0.57030,0.17762,000.00032806,000.03526749,000.03923035,000.21102133,000.31
Tournament (k=3),Blend,Uniform,0.94259,0.25191,000.52592087,002.27727294,002.67648315,001.18052697,000.41
Tournament (k=3),Blend,Uniform,1.00000,0.06226,000.00000000,000.00000653,000.00000000,000.39057654,000.27
Tournament (k=3),Blend,Uniform,0.72243,0.30000,000.30823517,002.07673836,002.35103035,000.98786348,000.41
Tournament (k=3),Blend,Uniform,0.74410,0.16276,000.00005341,000.04301061,000.04292679,000.28940582,000.31
Tournament (k=3),Blend,Uniform,0.72243,0.04023,000.00000000,000.00067387,000.00023270,000.25714326,000.29
Tournament (k=3),Blend,Uniform,0.64187,0.03378,000.00000000,000.00299129,000.00183868,000.22981954,000.28
Tournament (k=3),Blend,Uniform,0.70139,0.27490,000.12431717,001.81588578,002.24676895,000.95929319,000.39
Tournament (k=3),Blend,Uniform,0.81310,0.02000,000.00000000,000.01374526,000.00000000,000.43732673,000.28
Tournament (k=3),Blend,Uniform,0.74410,0.06795,000.00000000,000.00003419,000.00000000,000.08753848,000.31
Tournament (k=3),Blend,Uniform,0.58741,0.27490,000.02662659,001.22059739,001.48110771,000.81237274,000.37
Tournament (k=3),Blend,Uniform,0.66113,0.14915,000.00000000,000.00072680,000.00056839,000.10198805,000.36
Tournament (k=3),Blend,Uniform,0.72243,0.12524,000.00000000,000.00000424,000.00000000,000.05881906,000.29
Tournament (k=3),Blend,Uniform,0.70139,0.10516,000.00000000,000.00000553,000.00000191,000.00259760,000.31
Tournament (k=3),Blend,Uniform,0.76642,0.08092,000.00000000,000.00000296,000.00000000,000.00361667,000.33
Tournament (k=3),Blend,Uniform,0.86261,0.11476,000.00000000,000.00000029,000.00000000,000.00065671,000.35
Tournament (k=3),Blend,Uniform,0.97087,0.12524,000.00000000,000.00060101,000.00008011,000.15416303,000.37
Tournament (k=3),Blend,Uniform,0.57030,0.06795,000.00000000,000.00068345,000.00028610,000.02909827,000.25
Tournament (k=3),Blend,Uniform,0.97087,0.04390,000.00000000,000.00122614,000.00000000,000.47442332,000.28
Tournament (k=3),Blend,Uniform,0.91514,0.02599,000.00000000,000.00383792,000.00000000,000.41398475,000.26
Tournament (k=3),Blend,Uniform,0.68096,0.02382,000.00000000,000.08365607,000.00334167,000.46515116,000.21
Tournament (k=3),Blend,Uniform,0.78941,0.12524,000.00000000,000.00000882,000.00000000,000.00855201,000.37
Tournament (k=3),Blend,Uniform,0.66113,0.05228,000.00000000,000.00159755,000.00099945,000.21007824,000.24
Tournament (k=3),Blend,Uniform,0.86261,0.30000,000.25102997,002.37468839,002.76144218,001.11586809,000.35
Tournament (k=3),Blend,Uniform,0.76642,0.03378,000.00000000,000.00006399,000.00000000,000.28824076,000.28
Tournament (k=3),Blend,Uniform,0.83749,0.23084,000.03065491,001.44686508,001.68302345,000.93826693,000.35
Tournament (k=3),Blend,Uniform,1.00000,0.19383,000.02706146,001.41451311,001.72473335,000.92198366,000.38
Tournament (k=3),Blend,Uniform,0.74410,0.07415,000.00000000,000.00009255,000.00000191,000.09895289,000.29
Tournament (k=3),Blend,Uniform,0.88849,0.07415,000.00000000,000.00000067,000.00000000,000.19339047,000.27
Tournament (k=3),Blend,Uniform,0.83749,0.07415,000.00000000,000.00000124,000.00000000,000.09970891,000.32
Tournament (k=3),Blend,Uniform,0.81310,0.06226,000.00000000,000.00000491,000.00000000,000.16977464,000.26
Tournament (k=3),Blend,Uniform,0.81310,0.16276,000.00082779,000.08528447,000.09248161,000.38235340,000.38
Tournament (k=3),Blend,Uniform,0.94259,0.03686,000.00000000,000.00000081,000.00000000,000.34418234,000.30
Tournament (k=3),Blend,Uniform,0.83749,0.02382,000.00000000,000.00044909,000.00000000,000.35340309,000.22
Tournament (k=3),Blend,Uniform,0.88849,0.14915,000.00000000,000.02654495,000.02478600,000.32436624,000.38
Tournament (k=3),Blend,Uniform,0.70139,0.03095,000.00000000,000.00107450,000.00037193,000.32833225,000.28
Tournament (k=3),Blend,Uniform,0.68096,0.17762,000.00078964,000.08933368,000.09775925,000.44673383,000.33
Tournament (k=3),Blend,Uniform,0.68096,0.02599,000.00000000,000.01460981,000.00185394,000.45896551,000.28
Tournament (k=3),Blend,Uniform,0.91514,0.21153,000.26221466,001.57769048,001.78971481,000.92418891,000.38
Tournament (k=3),Blend,Uniform,0.91514,0.06795,000.00000000,000.00000086,000.00000000,000.17128775,000.26
Tournament (k=3),Blend,Uniform,0.86261,0.04390,000.00000000,000.00006042,000.00000000,000.32257614,000.30
Tournament (k=3),Blend,Uniform,1.00000,0.06795,000.00000000,000.00000005,000.00000000,000.19140254,000.26
Tournament (k=3),Blend,Uniform,0.74410,0.02000,000.00000000,000.13149576,000.00078011,000.52638274,000.28
Tournament (k=3),Blend,Uniform,0.57030,0.19383,000.00275421,000.11666484,000.12807465,000.35568756,000.32
Tournament (k=3),Blend,Uniform,0.72243,0.04390,000.00000000,000.00056925,000.00002861,000.17380215,000.29
Tournament (k=3),Blend,Uniform,0.64187,0.03686,000.00000000,000.00312033,000.00110245,000.22291377,000.28
Tournament (k=3),Blend,Uniform,0.74410,0.17762,000.00714874,000.18174753,000.16177368,000.45886222,000.32
Tournament (k=3),Blend,Uniform,0.97087,0.13667,000.00000000,000.01676059,000.01028061,000.28263435,000.52
Tournament (k=3),Blend,Uniform,0.76642,0.25191,000.15464020,001.55927527,001.88661003,000.94838738,000.54
Tournament (k=3),Blend,Uniform,0.81310,0.02183,000.00000000,000.00509577,000.00000191,000.39118570,000.29
Tournament (k=3),Blend,Uniform,1.00000,0.02599,000.00000000,000.00313892,000.00000000,000.48767033,000.23
Tournament (k=3),Blend,Uniform,0.64187,0.27490,000.21682739,001.51408267,001.76675987,000.88073593,000.53
Tournament (k=3),Blend,Uniform,0.94259,0.27490,000.42162704,002.57335520,003.08197403,001.06632996,000.42
Tournament (k=3),Blend,Uniform,0.70139,0.30000,000.40331268,001.94455564,002.42440796,001.13706923,000.36
Tournament (k=3),Blend,Uniform,0.88849,0.02000,000.00000000,000.13029790,000.00000000,000.52613485,000.22
Tournament (k=3),Blend,Uniform,0.72243,0.13667,000.00000000,000.00010490,000.00003624,000.10091800,000.30
Tournament (k=3),Blend,Uniform,0.97087,0.04791,000.00000000,000.00000134,000.00000000,000.24915351,000.26
Tournament (k=3),Blend,Uniform,0.57030,0.07415,000.00000000,000.00063910,000.00034332,000.01665369,000.30
Tournament (k=3),Blend,Uniform,0.58741,0.30000,000.05101013,001.68264639,002.10479355,000.91770524,000.37
Tournament (k=3),Blend,Uniform,0.91514,0.02837,000.00000000,000.00000119,000.00000000,000.37452114,000.30
Tournament (k=3),Blend,Uniform,0.86261,0.12524,000.00000000,000.00009761,000.00001335,000.02727423,000.36
Tournament (k=3),Blend,Uniform,0.76642,0.08830,000.00000000,000.00000257,000.00000000,000.00361594,000.40
Tournament (k=3),Blend,Uniform,0.76642,0.03686,000.00000000,000.00038924,000.00000763,000.32613915,000.23
Tournament (k=3),Blend,Uniform,0.94259,0.09637,000.00000000,000.00000038,000.00000000,000.13964917,000.35
Tournament (k=3),Blend,Uniform,0.78941,0.13667,000.00000000,000.00027790,000.00008774,000.01486062,000.37
Tournament (k=3),Blend,Uniform,1.00000,0.07415,000.00000000,000.00003080,000.00000000,000.32960582,000.32
Tournament (k=3),Blend,Uniform,0.74410,0.02183,000.00000000,000.20098266,000.00613022,000.59133422,000.29
Tournament (k=3),Blend,Uniform,0.72243,0.04791,000.00000000,000.00010738,000.00000381,000.14197505,000.29
Tournament (k=3),Blend,Uniform,0.83749,0.02599,000.00000000,000.00001020,000.00000000,000.32956761,000.23
Tournament (k=3),Blend,Uniform,0.81310,0.06795,000.00000000,000.00000224,000.00000000,000.00322683,000.26
Tournament (k=3),Blend,Uniform,0.83749,0.08092,000.00000000,000.00000005,000.00000000,000.01729257,000.31
Tournament (k=3),Blend,Uniform,0.88849,0.02183,000.00000000,000.05174565,000.00000000,000.45506930,000.25
Tournament (k=3),Blend,Uniform,0.94259,0.04023,000.00000000,000.00000010,000.00000000,000.29499197,000.31
Tournament (k=3),Blend,Uniform,0.70139,0.03378,000.00000000,000.00185213,000.00008011,000.25153163,000.29
Tournament (k=3),Blend,Uniform,0.81310,0.17762,000.00566483,000.32489929,000.28051758,000.52000058,000.33
Tournament (k=3),Blend,Uniform,0.91514,0.07415,000.00000000,000.00000000,000.00000000,000.10050812,000.27
Tournament (k=3),Blend,Uniform,0.86261,0.04791,000.00000000,000.00000157,000.00000000,000.22012366,000.31
Tournament (k=3),Blend,Uniform,1.00000,0.02837,000.00000000,000.00016632,000.00000000,000.38101465,000.24
Tournament (k=3),Blend,Uniform,0.57030,0.21153,000.00912857,000.41655913,000.37653923,000.55854714,000.35
Tournament (k=3),Blend,Uniform,0.81310,0.02382,000.00000000,000.02988629,000.00001335,000.41250011,000.28
Tournament (k=3),Blend,Uniform,1.00000,0.21153,000.08528137,001.55095410,001.85683060,001.07125831,000.35
Tournament (k=3),Blend,Uniform,0.91514,0.23084,000.11149597,001.81285405,002.11698914,001.02147746,000.42
Tournament (k=3),Blend,Uniform,0.74410,0.19383,000.01207733,000.51895088,000.62102127,000.64526796,000.32
Tournament (k=3),Blend,Uniform,0.83749,0.25191,000.02561951,001.71200526,002.09524918,001.01985300,000.41
Tournament (k=3),Blend,Uniform,0.97087,0.14915,000.00053406,000.15152483,000.13968468,000.60249394,000.36
Tournament (k=3),Blend,Uniform,0.97087,0.05228,000.00000000,000.00000000,000.00000000,000.22093083,000.26
Tournament (k=3),Blend,Uniform,0.76642,0.27490,000.11429596,001.89073300,002.18151855,000.97272819,000.42
Tournament (k=3),Blend,Uniform,0.91514,0.03095,000.00000000,000.00000091,000.00000000,000.27401087,000.27
Tournament (k=3),Blend,Uniform,0.72243,0.14915,000.00000763,000.00335288,000.00170517,000.16257401,000.31
Tournament (k=3),Blend,Uniform,0.64187,0.30000,000.07889175,001.64751279,001.90892601,001.03026879,000.40
Tournament (k=3),Blend,Uniform,0.68096,0.19383,000.00068665,000.31111670,000.29013634,000.47358155,000.39
Tournament (k=3),Blend,Uniform,0.88849,0.16276,000.00262451,000.27550167,000.22220421,000.69415438,000.39
Tournament (k=3),Blend,Uniform,0.94259,0.30000,000.72878265,002.95919752,003.40611649,001.35258174,000.42
Tournament (k=3),Blend,Uniform,0.86261,0.13667,000.00000000,000.00078435,000.00040627,000.07061557,000.34
Tournament (k=3),Blend,Uniform,0.76642,0.09637,000.00000000,000.00000052,000.00000000,000.00165045,000.34
Tournament (k=3),Blend,Uniform,0.94259,0.10516,000.00000000,000.00000072,000.00000000,000.22662406,000.34
Tournament (k=3),Blend,Uniform,0.74410,0.02382,000.00000000,000.20812421,000.00377655,000.52013266,000.29
Tournament (k=3),Blend,Uniform,0.83749,0.02837,000.00000000,000.00014853,000.00000000,000.33441919,000.26
Tournament (k=3),Blend,Uniform,0.72243,0.05228,000.00000000,000.00032110,000.00001717,000.16982359,000.28
Tournament (k=3),Blend,Uniform,0.88849,0.02382,000.00000000,000.01427588,000.00000000,000.52407259,000.23
Tournament (k=3),Blend,Uniform,1.00000,0.08092,000.00000000,000.00000014,000.00000000,000.17614734,000.33
Tournament (k=3),Blend,Uniform,0.78941,0.14915,000.00000381,000.00628309,000.00598717,000.27430806,000.37
Tournament (k=3),Blend,Uniform,0.83749,0.08830,000.00000000,000.00000000,000.00000000,000.00084652,000.29
Tournament (k=3),Blend,Uniform,0.81310,0.07415,000.00000000,000.00000086,000.00000000,000.00441209,000.30
Tournament (k=3),Blend,Uniform,0.70139,0.03686,000.00000000,000.00042415,000.00003815,000.28134662,000.27
Tournament (k=3),Blend,Uniform,0.94259,0.04390,000.00000000,000.00000300,000.00000000,000.35731784,000.32
Tournament (k=3),Blend,Uniform,1.00000,0.03095,000.00000000,000.00001707,000.00000000,000.39023885,000.24
Tournament (k=3),Blend,Uniform,0.91514,0.08092,000.00000000,000.00000000,000.00000000,000.17000201,000.27
Tournament (k=3),Blend,Uniform,0.86261,0.05228,000.00000000,000.00000014,000.00000000,000.17088763,000.32
Tournament (k=3),Blend,Uniform,0.81310,0.02599,000.00000000,000.00359597,000.00000000,000.42441162,000.29
Tournament (k=3),Blend,Uniform,0.81310,0.19383,000.00929260,000.79271930,001.09337425,000.80263186,000.39
Tournament (k=3),Blend,Uniform,0.88849,0.02599,000.00000000,000.00009007,000.00000000,000.40702376,000.22
Tournament (k=3),Blend,Uniform,0.74410,0.21153,000.01879120,000.91949368,001.13989639,000.83916801,000.34
Tournament (k=3),Blend,Uniform,0.91514,0.03378,000.00000000,000.00004568,000.00000000,000.32267976,000.26
Tournament (k=3),Blend,Uniform,1.00000,0.23084,000.45655060,002.06245923,002.45482445,001.11154211,000.37
Tournament (k=3),Blend,Uniform,0.97087,0.05705,000.00000000,000.00000043,000.00000000,000.22505352,000.27
Tournament (k=3),Blend,Uniform,0.83749,0.27490,000.43413162,002.27584505,002.59040833,000.98330373,000.37
Tournament (k=3),Blend,Uniform,0.91514,0.25191,000.32912445,002.03119469,002.31530380,001.13356376,000.41
Tournament (k=3),Blend,Uniform,0.97087,0.16276,000.00451660,000.47138810,000.56280518,000.68940341,000.40
Tournament (k=3),Blend,Uniform,1.00000,0.03378,000.00000000,000.00000339,000.00000000,000.45999971,000.24
Tournament (k=3),Blend,Uniform,0.83749,0.03095,000.00000000,000.00049915,000.00000000,000.38166618,000.25
Tournament (k=3),Blend,Uniform,0.83749,0.09637,000.00000000,000.00000000,000.00000000,000.03291174,000.34
Tournament (k=3),Blend,Uniform,0.88849,0.17762,000.01949310,000.52427232,000.60263252,000.74607724,000.36
Tournament (k=3),Blend,Uniform,0.76642,0.10516,000.00000000,000.00000157,000.00000000,000.00044926,000.34
Tournament (k=3),Blend,Uniform,0.76642,0.30000,000.20418549,002.20027494,002.63199234,001.04325581,000.40
Tournament (k=3),Blend,Uniform,0.68096,0.21153,000.04810333,000.60026932,000.62459373,000.70465672,000.38
Tournament (k=3),Blend,Uniform,0.86261,0.14915,000.00009918,000.04371333,000.03734970,000.32186604,000.38
Tournament (k=3),Blend,Uniform,0.97087,0.02000,000.00000000,000.08872099,000.00000000,000.46038947,000.23
Tournament (k=3),Blend,Uniform,0.94259,0.11476,000.00000000,000.00000405,000.00000000,000.02181461,000.36
Tournament (k=3),Blend,Uniform,0.74410,0.02599,000.00000000,000.07348657,000.00037766,000.48640403,000.23
Tournament (k=3),Blend,Uniform,1.00000,0.08830,000.00000000,000.00000052,000.00000000,000.17031175,000.28
Tournament (k=3),Blend,Uniform,0.94259,0.04791,000.00000000,000.00007763,000.00000000,000.39384484,000.31
Tournament (k=3),Blend,Uniform,0.91514,0.03686,000.00000000,000.00000863,000.00000000,000.33584315,000.30
Tournament (k=3),Blend,Uniform,0.97087,0.06226,000.00000000,000.00000038,000.00000000,000.15431841,000.26
Tournament (k=3),Blend,Uniform,0.91514,0.08830,000.00000000,000.00000000,000.00000000,000.15277703,000.31
Tournament (k=3),Blend,Uniform,0.83749,0.03378,000.00000000,000.00013471,000.00000000,000.32466546,000.22
Tournament (k=3),Blend,Uniform,1.00000,0.03686,000.00000000,000.00010200,000.00000000,000.45088068,000.23
Tournament (k=3),Blend,Uniform,0.81310,0.21153,000.04746246,000.97489250,001.28344727,000.79418951,000.34
Tournament (k=3),Blend,Uniform,1.00000,0.25191,000.03554535,002.47218513,002.85395813,001.19056344,000.36
Tournament (k=3),Blend,Uniform,0.97087,0.17762,000.03058243,000.84460336,001.09163666,000.81928754,000.32
Tournament (k=3),Blend,Uniform,0.83749,0.30000,000.29384232,002.39112115,002.73847008,001.11933351,000.39
Tournament (k=3),Blend,Uniform,0.88849,0.19383,000.04153442,000.86939716,001.12533379,000.85513002,000.31
Tournament (k=3),Blend,Uniform,0.97087,0.02183,000.00000000,000.01480312,000.00000000,000.40835330,000.27
Tournament (k=3),Blend,Uniform,0.83749,0.10516,000.00000000,000.00000000,000.00000000,000.09947962,000.33
Tournament (k=3),Blend,Uniform,0.91514,0.27490,000.41581726,002.38199091,002.67336082,001.23540258,000.40
Tournament (k=3),Blend,Uniform,0.94259,0.05228,000.00000000,000.00000000,000.00000000,000.16967575,000.24
Tournament (k=3),Blend,Uniform,0.94259,0.12524,000.00000000,000.00021195,000.00005913,000.14251056,000.31
Tournament (k=3),Blend,Uniform,1.00000,0.09637,000.00000000,000.00000000,000.00000000,000.05954299,000.30
Tournament (k=3),Blend,Uniform,0.97087,0.06795,000.00000000,000.00000029,000.00000000,000.25423485,000.24
Tournament (k=3),Blend,Uniform,0.91514,0.09637,000.00000000,000.00000000,000.00000000,000.00160105,000.25
Tournament (k=3),Blend,Uniform,0.83749,0.03686,000.00000000,000.00011587,000.00000000,000.37351257,000.24
Tournament (k=3),Blend,Uniform,1.00000,0.27490,000.69800186,002.47969127,002.87115669,001.09553421,000.31
Tournament (k=3),Blend,Uniform,0.97087,0.19383,000.01749802,001.09876859,001.30857658,000.96828091,000.29
Tournament (k=3),Blend,Uniform,0.97087,0.02382,000.00000000,000.00004554,000.00000000,000.40731883,000.25
Tournament (k=3),Blend,Uniform,0.88849,0.21153,000.03422165,001.41626012,001.65824127,000.79567379,000.28
Tournament (k=3),Blend,Uniform,1.00000,0.10516,000.00000000,000.00000229,000.00000000,000.17565298,000.26
Tournament (k=3),Blend,Uniform,0.94259,0.13667,000.00000381,000.00713129,000.00408554,000.16137268,000.27
Tournament (k=3),Blend,Uniform,0.97087,0.07415,000.00000000,000.00000005,000.00000000,000.17889318,000.23
Tournament (k=3),Blend,Uniform,0.91514,0.30000,000.23055649,002.64477491,003.07901955,001.33431542,000.31
Tournament (k=3),Blend,Uniform,0.91514,0.10516,000.00000000,000.00000000,000.00000000,000.14038105,000.24
Tournament (k=3),Blend,Uniform,0.97087,0.02599,000.00000000,000.00853291,000.00000000,000.49427405,000.19
Tournament (k=3),Blend,Uniform,0.97087,0.21153,000.18455124,001.68145239,002.14008904,000.99570131,000.28
Tournament (k=3),Blend,Uniform,1.00000,0.30000,000.35778809,003.02165294,003.39536095,001.23995566,000.31
Tournament (k=3),Blend,Uniform,0.94259,0.14915,000.00035477,000.08112836,000.08473206,000.43180719,000.26
