objective,dimensionality,population_size,num_iterations
rastrigin,4,64,128
selection,crossover,mutation,crossover_prob,mutation_prob,best_value,average_value_top_80,median_value,stddev_value,average_time_ms
Tournament (k=2),Arithmetic,Gaussian,0.40000,0.02000,000.00000000,000.03659239,000.03742981,000.15989238,000.18
Tournament (k=2),Arithmetic,Gaussian,0.47762,0.02599,000.00000000,000.01417236,000.01706696,000.17629316,000.20
Tournament (k=2),Arithmetic,Gaussian,0.45020,0.02382,000.00011826,000.01669273,000.01313591,000.18511339,000.24
Tournament (k=2),Arithmetic,Gaussian,0.41200,0.03686,000.00000000,000.00735083,000.00729561,000.05172093,000.28
Tournament (k=2),Arithmetic,Gaussian,0.47762,0.08092,000.00000763,000.00070896,000.00065804,000.01561918,000.23
Tournament (k=2),Arithmetic,Gaussian,0.46371,0.04390,000.00000763,000.00323453,000.00347519,000.10298699,000.29
Tournament (k=2),Arithmetic,Gaussian,0.40000,0.06226,000.00000000,000.00129905,000.00110817,000.00942678,000.34
Tournament (k=2),Arithmetic,Gaussian,0.43709,0.04023,000.00001526,000.00601487,000.00623703,000.02005915,000.33
Tournament (k=2),Arithmetic,Gaussian,0.42436,0.02183,000.00016403,000.03291678,000.02993965,000.23060721,000.34
Tournament (k=2),Arithmetic,Gaussian,0.45020,0.07415,000.00000763,000.00100822,000.00092316,000.01136963,000.32
Tournament (k=2),Arithmetic,Gaussian,0.40000,0.02183,000.00000000,000.02891507,000.02313423,000.19007102,000.17
Tournament (k=2),Arithmetic,Gaussian,0.43709,0.12524,000.00016403,000.00633054,000.00598907,000.03247444,000.35
Tournament (k=2),Arithmetic,Gaussian,0.41200,0.11476,000.00002289,000.00257287,000.00269508,000.01050899,000.40
Tournament (k=2),Arithmetic,Gaussian,0.42436,0.06795,000.00000000,000.00134377,000.00124550,000.00525924,000.40
Tournament (k=2),Arithmetic,Gaussian,0.46371,0.13667,000.00033951,000.01718874,000.01936722,000.15063266,000.42
Tournament (k=2),Arithmetic,Gaussian,0.42436,0.21153,000.00773621,000.20052800,000.21391678,000.37866512,000.46
Tournament (k=2),Arithmetic,Gaussian,0.45020,0.02599,000.00000000,000.01832089,000.01837158,000.25076437,000.18
Tournament (k=2),Arithmetic,Gaussian,0.45020,0.23084,000.02391815,000.29001942,000.33050156,000.44691718,000.46
Tournament (k=2),Arithmetic,Gaussian,0.47762,0.02837,000.00000381,000.01119018,000.01224518,000.12369649,000.24
Tournament (k=2),Arithmetic,Gaussian,0.40000,0.19383,000.00645447,000.13344011,000.15517616,000.34018084,000.51
Tournament (k=2),Arithmetic,Gaussian,0.49195,0.04791,000.00003052,000.00299139,000.00263214,000.02049132,000.39
Tournament (k=2),Arithmetic,Gaussian,0.41200,0.04023,000.00001907,000.00511661,000.00629997,000.02081463,000.18
Tournament (k=2),Arithmetic,Gaussian,0.47762,0.25191,000.01133728,000.48396659,000.58758545,000.51669323,000.42
Tournament (k=2),Arithmetic,Gaussian,0.50670,0.02837,000.00000763,000.00980072,000.01083374,000.03618073,000.30
Tournament (k=2),Arithmetic,Gaussian,0.53756,0.03095,000.00004959,000.01136594,000.01070976,000.10984744,000.20
Tournament (k=2),Arithmetic,Gaussian,0.52190,0.05228,000.00000000,000.00206575,000.00228691,000.02676148,000.27
Tournament (k=2),Arithmetic,Gaussian,0.49195,0.14915,000.00182343,000.03177128,000.03346062,000.19250040,000.47
Tournament (k=2),Arithmetic,Gaussian,0.47762,0.08830,000.00000381,000.00074792,000.00082016,000.00793749,000.29
Tournament (k=2),Arithmetic,Gaussian,0.40000,0.06795,000.00002289,000.00150514,000.00136948,000.01823250,000.22
Tournament (k=2),Arithmetic,Gaussian,0.42436,0.02382,000.00000381,000.01977897,000.02047157,000.23651129,000.19
Tournament (k=2),Arithmetic,Gaussian,0.46371,0.04791,000.00000000,000.00240436,000.00224113,000.01277825,000.28
Tournament (k=2),Arithmetic,Gaussian,0.45020,0.08092,000.00000000,000.00069642,000.00079727,000.00753505,000.24
Tournament (k=2),Arithmetic,Gaussian,0.43709,0.04390,000.00000763,000.00509272,000.00592613,000.02548581,000.24
Tournament (k=2),Arithmetic,Gaussian,0.50670,0.08830,000.00000000,000.00074668,000.00078201,000.10341681,000.41
Tournament (k=2),Arithmetic,Gaussian,0.40000,0.02382,000.00005341,000.01879177,000.01914024,000.13927437,000.23
Tournament (k=2),Arithmetic,Gaussian,0.42436,0.07415,000.00001144,000.00113459,000.00123215,000.00933469,000.29
Tournament (k=2),Arithmetic,Gaussian,0.52190,0.16276,000.00308990,000.04608755,000.04658127,000.24856524,000.44
Tournament (k=2),Arithmetic,Gaussian,0.46371,0.14915,000.00043488,000.03843775,000.04298019,000.15881982,000.28
Tournament (k=2),Arithmetic,Gaussian,0.43709,0.13667,000.00009918,000.01713476,000.01949883,000.09443708,000.33
Tournament (k=2),Arithmetic,Gaussian,0.53756,0.09637,000.00000763,000.00144267,000.00145340,000.00767182,000.33
Tournament (k=2),Arithmetic,Gaussian,0.45020,0.02837,000.00000381,000.01160851,000.01077843,000.10278404,000.22
Tournament (k=2),Arithmetic,Gaussian,0.50670,0.27490,000.03029633,000.47589111,000.54287529,000.62335330,000.52
Tournament (k=2),Arithmetic,Gaussian,0.41200,0.12524,000.00019836,000.00708761,000.00690269,000.02720981,000.34
Tournament (k=2),Arithmetic,Gaussian,0.41200,0.04390,000.00000000,000.00316434,000.00294876,000.01694463,000.20
Tournament (k=2),Arithmetic,Gaussian,0.49195,0.05228,000.00002670,000.00188909,000.00180435,000.00726736,000.28
Tournament (k=2),Arithmetic,Gaussian,0.46371,0.05228,000.00000000,000.00214419,000.00243378,000.01255377,000.28
Tournament (k=2),Arithmetic,Gaussian,0.40000,0.21153,000.02627945,000.18776831,000.19064713,000.39608580,000.30
Tournament (k=2),Arithmetic,Gaussian,0.50670,0.03095,000.00000763,000.00927630,000.00952911,000.02424962,000.24
Tournament (k=2),Arithmetic,Gaussian,0.52190,0.05705,000.00002289,000.00149384,000.00166321,000.03593454,000.24
Tournament (k=2),Arithmetic,Gaussian,0.47762,0.09637,000.00001144,000.00079484,000.00084686,000.01819138,000.32
Tournament (k=2),Arithmetic,Gaussian,0.42436,0.23084,000.02995300,000.34543353,000.33489418,000.45417178,000.42
Tournament (k=2),Arithmetic,Gaussian,0.53756,0.03378,000.00002289,000.00788689,000.00741768,000.10509519,000.27
Tournament (k=2),Arithmetic,Gaussian,0.42436,0.02599,000.00003815,000.02003670,000.01948547,000.10505423,000.20
Tournament (k=2),Arithmetic,Gaussian,0.45020,0.25191,000.00729370,000.37547317,000.39391327,000.43028727,000.41
Tournament (k=2),Arithmetic,Gaussian,0.47762,0.03095,000.00003052,000.01399794,000.01235199,000.18126404,000.17
Tournament (k=2),Arithmetic,Gaussian,0.40000,0.02599,000.00006485,000.02025771,000.02052689,000.12506171,000.22
Tournament (k=2),Arithmetic,Gaussian,0.43709,0.04791,000.00002289,000.00268974,000.00257301,000.00923264,000.25
Tournament (k=2),Arithmetic,Gaussian,0.49195,0.16276,000.00045013,000.06059747,000.06663895,000.24941690,000.35
Tournament (k=2),Arithmetic,Gaussian,0.41200,0.04791,000.00004578,000.00384302,000.00379562,000.01585476,000.23
Tournament (k=2),Arithmetic,Gaussian,0.45020,0.08830,000.00000381,000.00075774,000.00087547,000.00641432,000.28
Tournament (k=2),Arithmetic,Gaussian,0.42436,0.08092,000.00000000,000.00083566,000.00079918,000.00605113,000.30
Tournament (k=2),Arithmetic,Gaussian,0.53756,0.10516,000.00003815,000.00189862,000.00158501,000.10237098,000.32
Tournament (k=2),Arithmetic,Gaussian,0.45020,0.03095,000.00006866,000.00789299,000.01012039,000.13010000,000.23
Tournament (k=2),Arithmetic,Gaussian,0.50670,0.09637,000.00000763,000.00109148,000.00102997,000.00715211,000.38
Tournament (k=2),Arithmetic,Gaussian,0.47762,0.27490,000.00233841,000.50816780,000.60772324,000.52341646,000.39
Tournament (k=2),Arithmetic,Gaussian,0.42436,0.02837,000.00000000,000.01006002,000.00874138,000.14776880,000.22
Tournament (k=2),Arithmetic,Gaussian,0.40000,0.07415,000.00000763,000.00114655,000.00128937,000.00391625,000.31
Tournament (k=2),Arithmetic,Gaussian,0.46371,0.05705,000.00000381,000.00160122,000.00197983,000.00967010,000.23
Tournament (k=2),Arithmetic,Gaussian,0.49195,0.05705,000.00001144,000.00189047,000.00186348,000.01312215,000.32
Tournament (k=2),Arithmetic,Gaussian,0.53756,0.03686,000.00002289,000.00553803,000.00637245,000.10063270,000.21
Tournament (k=2),Arithmetic,Gaussian,0.52190,0.06226,000.00000763,000.00155015,000.00126266,000.10550849,000.22
Tournament (k=2),Arithmetic,Gaussian,0.52190,0.17762,000.00250244,000.09818034,000.10868073,000.40082595,000.31
Tournament (k=2),Arithmetic,Gaussian,0.41200,0.13667,000.00045013,000.01331243,000.01340675,000.06801780,000.36
Tournament (k=2),Arithmetic,Gaussian,0.50670,0.03378,000.00001526,000.00850358,000.00625229,000.12111290,000.26
Tournament (k=2),Arithmetic,Gaussian,0.43709,0.14915,000.00086975,000.03109369,000.03405762,000.17092037,000.43
Tournament (k=2),Arithmetic,Gaussian,0.40000,0.02837,000.00002289,000.01644273,000.01570129,000.08002371,000.17
Tournament (k=2),Arithmetic,Gaussian,0.47762,0.10516,000.00000381,000.00190039,000.00205803,000.03596374,000.28
Tournament (k=2),Arithmetic,Gaussian,0.50670,0.30000,000.02045441,000.71354425,000.89632225,000.66118783,000.43
Tournament (k=2),Arithmetic,Gaussian,0.41200,0.05228,000.00000381,000.00201812,000.00216103,000.01526673,000.20
Tournament (k=2),Arithmetic,Gaussian,0.43709,0.05228,000.00000381,000.00433450,000.00441742,000.03264023,000.23
Tournament (k=2),Arithmetic,Gaussian,0.47762,0.03378,000.00000000,000.00801506,000.00865936,000.03289106,000.25
Tournament (k=2),Arithmetic,Gaussian,0.42436,0.25191,000.01079559,000.44387621,000.42206764,000.58638364,000.40
Tournament (k=2),Arithmetic,Gaussian,0.40000,0.23084,000.00711823,000.25139913,000.26994324,000.46906894,000.47
Tournament (k=2),Arithmetic,Gaussian,0.45020,0.03378,000.00000000,000.01033917,000.01028824,000.08515403,000.19
Tournament (k=2),Arithmetic,Gaussian,0.46371,0.16276,000.00294876,000.04967256,000.05751610,000.26497975,000.40
Tournament (k=2),Arithmetic,Gaussian,0.42436,0.03095,000.00008392,000.01000114,000.01156616,000.12378720,000.19
Tournament (k=2),Arithmetic,Gaussian,0.45020,0.09637,000.00000381,000.00076027,000.00071335,000.00733197,000.30
Tournament (k=2),Arithmetic,Gaussian,0.49195,0.17762,000.00502014,000.09754267,000.10315323,000.32851234,000.35
Tournament (k=2),Arithmetic,Gaussian,0.42436,0.08830,000.00000000,000.00064006,000.00057411,000.00589054,000.32
Tournament (k=2),Arithmetic,Gaussian,0.45020,0.27490,000.03227615,000.45491987,000.47305298,000.55202425,000.42
Tournament (k=2),Arithmetic,Gaussian,0.46371,0.06226,000.00000381,000.00111709,000.00121117,000.00583145,000.21
Tournament (k=2),Arithmetic,Gaussian,0.53756,0.11476,000.00009537,000.00335565,000.00331116,000.02073296,000.35
Tournament (k=2),Arithmetic,Gaussian,0.50670,0.10516,000.00004196,000.00188107,000.00144386,000.02090182,000.35
Tournament (k=2),Arithmetic,Gaussian,0.49195,0.06226,000.00000381,000.00114183,000.00105286,000.10080224,000.25
Tournament (k=2),Arithmetic,Gaussian,0.53756,0.04023,000.00000381,000.00478277,000.00599861,000.01779584,000.26
Tournament (k=2),Arithmetic,Gaussian,0.40000,0.08092,000.00001144,000.00103426,000.00088120,000.00620767,000.31
Tournament (k=2),Arithmetic,Gaussian,0.52190,0.02000,000.00001526,000.03010330,000.02705383,000.22617045,000.18
Tournament (k=2),Arithmetic,Gaussian,0.52190,0.06795,000.00000000,000.00114322,000.00118256,000.01753276,000.28
Tournament (k=2),Arithmetic,Gaussian,0.50670,0.03686,000.00004959,000.00641322,000.00772476,000.06708126,000.25
Tournament (k=2),Arithmetic,Gaussian,0.43709,0.05705,000.00000000,000.00195317,000.00197983,000.01107354,000.26
Tournament (k=2),Arithmetic,Gaussian,0.41200,0.05705,000.00000000,000.00194812,000.00182533,000.01004182,000.29
Tournament (k=2),Arithmetic,Gaussian,0.40000,0.03095,000.00001144,000.01149983,000.01168060,000.04845907,000.23
Tournament (k=2),Arithmetic,Gaussian,0.47762,0.11476,000.00006866,000.00304074,000.00352287,000.01843308,000.25
Tournament (k=2),Arithmetic,Gaussian,0.47762,0.30000,000.06269836,000.70738268,000.89136505,000.62666839,000.45
Tournament (k=2),Arithmetic,Gaussian,0.47762,0.03686,000.00000000,000.00518494,000.00545883,000.02612599,000.21
Tournament (k=2),Arithmetic,Gaussian,0.52190,0.19383,000.00681305,000.17154913,000.20611572,000.40799367,000.31
Tournament (k=2),Arithmetic,Gaussian,0.43709,0.16276,000.00131989,000.04561291,000.04833412,000.21295738,000.39
Tournament (k=2),Arithmetic,Gaussian,0.45020,0.03686,000.00000000,000.00645580,000.00504494,000.03716245,000.26
Tournament (k=2),Arithmetic,Gaussian,0.41200,0.14915,000.00022888,000.02818727,000.02947617,000.12050464,000.38
Tournament (k=2),Arithmetic,Gaussian,0.40000,0.25191,000.01379395,000.28879809,000.30534744,000.46437493,000.34
Tournament (k=2),Arithmetic,Gaussian,0.46371,0.06795,000.00000381,000.00120625,000.00117493,000.00752398,000.26
Tournament (k=2),Arithmetic,Gaussian,0.53756,0.04390,000.00001526,000.00415936,000.00373840,000.09985936,000.24
Tournament (k=2),Arithmetic,Gaussian,0.49195,0.06795,000.00000000,000.00107689,000.00091553,000.07529003,000.24
Tournament (k=2),Arithmetic,Gaussian,0.46371,0.17762,000.00094604,000.07505336,000.08633232,000.26539564,000.31
Tournament (k=2),Arithmetic,Gaussian,0.42436,0.03378,000.00002289,000.00876279,000.01097870,000.03027248,000.33
Tournament (k=2),Arithmetic,Gaussian,0.43709,0.06226,000.00000000,000.00168548,000.00136375,000.01143919,000.30
Tournament (k=2),Arithmetic,Gaussian,0.45020,0.10516,000.00001144,000.00162349,000.00141716,000.01842488,000.35
Tournament (k=2),Arithmetic,Gaussian,0.40000,0.08830,000.00000763,000.00112805,000.00104523,000.00783003,000.32
Tournament (k=2),Arithmetic,Gaussian,0.41200,0.06226,000.00000763,000.00162549,000.00164795,000.01015888,000.22
Tournament (k=2),Arithmetic,Gaussian,0.42436,0.27490,000.04087067,000.50883669,000.56425285,000.55516487,000.48
Tournament (k=2),Arithmetic,Gaussian,0.45020,0.30000,000.02399445,000.51024425,000.50714493,000.63886625,000.38
Tournament (k=2),Arithmetic,Gaussian,0.47762,0.04023,000.00000000,000.00449562,000.00479698,000.01303730,000.29
Tournament (k=2),Arithmetic,Gaussian,0.53756,0.12524,000.00016022,000.00812879,000.00871658,000.11611158,000.39
Tournament (k=2),Arithmetic,Gaussian,0.49195,0.19383,000.00870895,000.17650995,000.19705391,000.36429039,000.42
Tournament (k=2),Arithmetic,Gaussian,0.42436,0.09637,000.00000763,000.00117555,000.00133896,000.00597031,000.41
Tournament (k=2),Arithmetic,Gaussian,0.47762,0.12524,000.00025558,000.00829744,000.00823593,000.04447255,000.34
Tournament (k=2),Arithmetic,Gaussian,0.40000,0.03378,000.00000000,000.00866799,000.00858116,000.02891427,000.18
Tournament (k=2),Arithmetic,Gaussian,0.49195,0.02000,000.00000763,000.03043475,000.03222084,000.15348274,000.18
Tournament (k=2),Arithmetic,Gaussian,0.52190,0.02183,000.00019073,000.02821641,000.02399826,000.22381788,000.18
Tournament (k=2),Arithmetic,Gaussian,0.50670,0.04023,000.00001526,000.00488482,000.00490189,000.02046785,000.32
Tournament (k=2),Arithmetic,Gaussian,0.50670,0.11476,000.00009537,000.00419970,000.00414467,000.09953690,000.38
Tournament (k=2),Arithmetic,Gaussian,0.53756,0.04791,000.00000000,000.00208001,000.00176430,000.02152498,000.21
Tournament (k=2),Arithmetic,Gaussian,0.45020,0.04023,000.00000763,000.00389256,000.00443840,000.02155678,000.28
Tournament (k=2),Arithmetic,Gaussian,0.52190,0.07415,000.00000763,000.00084209,000.00066757,000.00457956,000.31
Tournament (k=2),Arithmetic,Gaussian,0.46371,0.07415,000.00000000,000.00074158,000.00060272,000.01007095,000.24
Tournament (k=2),Arithmetic,Gaussian,0.46371,0.02000,000.00000000,000.02397051,000.02466393,000.18994005,000.18
Tournament (k=2),Arithmetic,Gaussian,0.52190,0.21153,000.00574493,000.28278852,000.26320648,000.47552785,000.37
Tournament (k=2),Arithmetic,Gaussian,0.42436,0.03686,000.00001144,000.00690613,000.00675201,000.02935456,000.27
Tournament (k=2),Arithmetic,Gaussian,0.41200,0.06795,000.00001907,000.00120711,000.00120544,000.09913176,000.25
Tournament (k=2),Arithmetic,Gaussian,0.49195,0.07415,000.00000000,000.00107284,000.00087166,000.01013246,000.30
Tournament (k=2),Arithmetic,Gaussian,0.40000,0.09637,000.00001907,000.00089359,000.00087166,000.00748160,000.27
Tournament (k=2),Arithmetic,Gaussian,0.40000,0.27490,000.01634979,000.48911530,000.55886078,000.50940084,000.37
Tournament (k=2),Arithmetic,Gaussian,0.43709,0.06795,000.00000000,000.00116124,000.00098419,000.02218183,000.30
Tournament (k=2),Arithmetic,Gaussian,0.47762,0.04390,000.00000381,000.00498400,000.00479889,000.02099177,000.24
Tournament (k=2),Arithmetic,Gaussian,0.49195,0.02183,000.00006485,000.02713313,000.02505875,000.24282238,000.20
Tournament (k=2),Arithmetic,Gaussian,0.43709,0.17762,000.00399780,000.09407406,000.11649704,000.28959447,000.51
Tournament (k=2),Arithmetic,Gaussian,0.52190,0.02382,000.00000381,000.01528926,000.01455307,000.14638661,000.19
Tournament (k=2),Arithmetic,Gaussian,0.46371,0.19383,000.01596069,000.10885306,000.12499809,000.31366226,000.41
Tournament (k=2),Arithmetic,Gaussian,0.40000,0.03686,000.00000763,000.00739770,000.00545692,000.03612463,000.24
Tournament (k=2),Arithmetic,Gaussian,0.53756,0.05228,000.00000000,000.00208006,000.00180244,000.08023225,000.24
Tournament (k=2),Arithmetic,Gaussian,0.42436,0.10516,000.00002289,000.00111880,000.00099945,000.00504741,000.33
Tournament (k=2),Arithmetic,Gaussian,0.45020,0.11476,000.00009918,000.00350351,000.00377655,000.02787160,000.49
Tournament (k=2),Arithmetic,Gaussian,0.45020,0.04390,000.00000000,000.00335751,000.00391388,000.04276020,000.24
Tournament (k=2),Arithmetic,Gaussian,0.41200,0.16276,000.00281906,000.05062471,000.05381393,000.22036298,000.63
Tournament (k=2),Arithmetic,Gaussian,0.50670,0.04390,000.00000000,000.00426698,000.00453377,000.02531016,000.33
Tournament (k=2),Arithmetic,Gaussian,0.47762,0.13667,000.00129700,000.01816487,000.02008247,000.07235150,000.40
Tournament (k=2),Arithmetic,Gaussian,0.46371,0.02183,000.00000000,000.02456388,000.01968002,000.21975560,000.29
Tournament (k=2),Arithmetic,Gaussian,0.46371,0.08092,000.00000381,000.00055957,000.00051880,000.02677182,000.30
Tournament (k=2),Arithmetic,Gaussian,0.42436,0.04023,000.00001144,000.00409598,000.00430107,000.01967111,000.31
Tournament (k=2),Arithmetic,Gaussian,0.49195,0.02382,000.00005722,000.01831050,000.01981926,000.14202912,000.19
Tournament (k=2),Arithmetic,Gaussian,0.53756,0.13667,000.00027466,000.02055097,000.02357101,000.18009411,000.52
Tournament (k=2),Arithmetic,Gaussian,0.42436,0.30000,000.06705475,000.66752744,000.79182434,000.61421365,000.61
Tournament (k=2),Arithmetic,Gaussian,0.41200,0.07415,000.00000381,000.00101786,000.00091171,000.00511678,000.24
Tournament (k=2),Arithmetic,Gaussian,0.52190,0.23084,000.01702118,000.31482762,000.33843231,000.45116290,000.34
Tournament (k=2),Arithmetic,Gaussian,0.52190,0.08092,000.00000000,000.00094137,000.00092888,000.00474141,000.36
Tournament (k=2),Arithmetic,Gaussian,0.47762,0.04791,000.00000381,000.00279436,000.00333214,000.02006334,000.23
Tournament (k=2),Arithmetic,Gaussian,0.50670,0.12524,000.00022125,000.00851483,000.00901031,000.07010145,000.44
Tournament (k=2),Arithmetic,Gaussian,0.52190,0.02599,000.00000000,000.01317420,000.01223755,000.12235971,000.18
Tournament (k=2),Arithmetic,Gaussian,0.40000,0.10516,000.00002670,000.00116329,000.00117302,000.00950818,000.34
Tournament (k=2),Arithmetic,Gaussian,0.49195,0.21153,000.01520538,000.19642253,000.19957924,000.45707867,000.60
Tournament (k=2),Arithmetic,Gaussian,0.43709,0.07415,000.00000000,000.00059257,000.00063515,000.01343073,000.33
Tournament (k=2),Arithmetic,Gaussian,0.40000,0.04023,000.00001144,000.00611734,000.00751305,000.03645485,000.18
Tournament (k=2),Arithmetic,Gaussian,0.40000,0.30000,000.00646973,000.59776795,000.73311615,000.60707808,000.39
Tournament (k=2),Arithmetic,Gaussian,0.53756,0.30000,000.03749847,000.72869718,000.98501015,000.57516301,000.66
Tournament (k=2),Arithmetic,Gaussian,0.49195,0.08092,000.00000381,000.00117350,000.00102615,000.01167891,000.41
Tournament (k=2),Arithmetic,Gaussian,0.53756,0.05705,000.00000000,000.00185046,000.00175285,000.01105739,000.21
Tournament (k=2),Arithmetic,Gaussian,0.45020,0.04791,000.00001144,000.00304904,000.00292778,000.01735915,000.20
Tournament (k=2),Arithmetic,Gaussian,0.46371,0.21153,000.01345825,000.22268096,000.24208450,000.38096425,000.32
Tournament (k=2),Arithmetic,Gaussian,0.43709,0.19383,000.00811768,000.11930422,000.13409996,000.31212500,000.39
Tournament (k=2),Arithmetic,Gaussian,0.42436,0.04390,000.00003815,000.00330100,000.00305367,000.01737480,000.19
Tournament (k=2),Arithmetic,Gaussian,0.50670,0.04791,000.00000763,000.00300131,000.00296021,000.06604007,000.28
Tournament (k=2),Arithmetic,Gaussian,0.46371,0.02382,000.00009918,000.02031446,000.02056313,000.26791766,000.23
Tournament (k=2),Arithmetic,Gaussian,0.45020,0.12524,000.00014877,000.00664439,000.00745201,000.05339387,000.32
Tournament (k=2),Arithmetic,Gaussian,0.42436,0.11476,000.00001907,000.00232668,000.00225449,000.01371728,000.33
Tournament (k=2),Arithmetic,Gaussian,0.41200,0.17762,000.00170135,000.09410987,000.10942841,000.19011568,000.33
Tournament (k=2),Arithmetic,Gaussian,0.46371,0.08830,000.00000000,000.00086942,000.00099373,000.00743029,000.25
Tournament (k=2),Arithmetic,Gaussian,0.49195,0.02599,000.00003815,000.01972046,000.01953125,000.13370897,000.27
Tournament (k=2),Arithmetic,Gaussian,0.47762,0.14915,000.00086975,000.02808347,000.03228188,000.13199703,000.36
Tournament (k=2),Arithmetic,Gaussian,0.47762,0.05228,000.00001144,000.00257111,000.00265884,000.00969991,000.20
Tournament (k=2),Arithmetic,Gaussian,0.40000,0.04390,000.00001526,000.00459895,000.00376320,000.02429384,000.20
Tournament (k=2),Arithmetic,Gaussian,0.52190,0.08830,000.00000763,000.00100918,000.00066376,000.12114526,000.24
Tournament (k=2),Arithmetic,Gaussian,0.45020,0.05228,000.00000000,000.00255127,000.00255394,000.01151368,000.26
Tournament (k=2),Arithmetic,Gaussian,0.52190,0.02837,000.00000763,000.00865908,000.00984383,000.16838896,000.22
Tournament (k=2),Arithmetic,Gaussian,0.41200,0.02000,000.00000763,000.03195863,000.03710938,000.19051121,000.18
Tournament (k=2),Arithmetic,Gaussian,0.43709,0.02000,000.00009537,000.03436380,000.03553963,000.22845238,000.34
Tournament (k=2),Arithmetic,Gaussian,0.41200,0.08092,000.00000000,000.00103040,000.00078011,000.00591480,000.32
Tournament (k=2),Arithmetic,Gaussian,0.43709,0.08092,000.00000000,000.00076866,000.00055695,000.02311605,000.30
Tournament (k=2),Arithmetic,Gaussian,0.53756,0.06226,000.00000000,000.00087428,000.00061417,000.02634799,000.25
Tournament (k=2),Arithmetic,Gaussian,0.55369,0.02000,000.00000000,000.02977448,000.02950287,000.28392708,000.30
Tournament (k=2),Arithmetic,Gaussian,0.53756,0.14915,000.00061417,000.03179636,000.03298187,000.16282998,000.47
Tournament (k=2),Arithmetic,Gaussian,0.40000,0.11476,000.00000763,000.00293293,000.00317192,000.00760748,000.37
Tournament (k=2),Arithmetic,Gaussian,0.42436,0.04791,000.00002670,000.00340633,000.00374985,000.01483228,000.23
Tournament (k=2),Arithmetic,Gaussian,0.46371,0.02599,000.00003433,000.01311069,000.01341629,000.18122165,000.24
Tournament (k=2),Arithmetic,Gaussian,0.49195,0.02837,000.00000381,000.01259055,000.01400757,000.14275277,000.18
Tournament (k=2),Arithmetic,Gaussian,0.50670,0.05228,000.00003052,000.00173459,000.00184441,000.00734011,000.31
Tournament (k=2),Arithmetic,Gaussian,0.45020,0.13667,000.00052643,000.02012243,000.02003288,000.12830193,000.28
Tournament (k=2),Arithmetic,Gaussian,0.41200,0.19383,000.00984192,000.12824225,000.15290260,000.36387533,000.40
Tournament (k=2),Arithmetic,Gaussian,0.49195,0.08830,000.00000000,000.00089269,000.00090218,000.00489483,000.43
Tournament (k=2),Arithmetic,Gaussian,0.43709,0.21153,000.02294159,000.25237140,000.25986671,000.49724194,000.41
Tournament (k=2),Arithmetic,Gaussian,0.52190,0.25191,000.02217102,000.41376647,000.39496040,000.57420820,000.45
Tournament (k=2),Arithmetic,Gaussian,0.50670,0.13667,000.00019836,000.01941400,000.01745796,000.19800264,000.53
Tournament (k=2),Arithmetic,Gaussian,0.52190,0.09637,000.00000000,000.00082192,000.00082016,000.00789870,000.23
Tournament (k=2),Arithmetic,Gaussian,0.49195,0.23084,000.01485443,000.34230334,000.34881210,000.47601652,000.54
Tournament (k=2),Arithmetic,Gaussian,0.47762,0.05705,000.00000763,000.00181899,000.00162506,000.00860798,000.27
Tournament (k=2),Arithmetic,Gaussian,0.40000,0.04791,000.00000763,000.00343523,000.00364876,000.01611057,000.26
Tournament (k=2),Arithmetic,Gaussian,0.41200,0.02183,000.00003433,000.02177839,000.02295876,000.24684806,000.17
Tournament (k=2),Arithmetic,Gaussian,0.46371,0.23084,000.00078964,000.26675367,000.30167770,000.44836405,000.37
Tournament (k=2),Arithmetic,Gaussian,0.52190,0.03095,000.00000000,000.00850716,000.00872421,000.12916026,000.19
Tournament (k=2),Arithmetic,Gaussian,0.45020,0.05705,000.00000763,000.00174909,000.00160217,000.01135631,000.23
Tournament (k=2),Arithmetic,Gaussian,0.42436,0.12524,000.00021362,000.00773516,000.00805664,000.10573378,000.40
Tournament (k=2),Arithmetic,Gaussian,0.47762,0.16276,000.00358200,000.04773869,000.05119133,000.15126759,000.38
Tournament (k=2),Arithmetic,Gaussian,0.46371,0.09637,000.00000381,000.00074525,000.00072098,000.01633877,000.43
Tournament (k=2),Arithmetic,Gaussian,0.43709,0.02183,000.00000763,000.01672616,000.01626778,000.15980846,000.20
Tournament (k=2),Arithmetic,Gaussian,0.53756,0.06795,000.00001526,000.00121913,000.00111008,000.00677378,000.25
Tournament (k=2),Arithmetic,Gaussian,0.55369,0.02183,000.00022125,000.02559261,000.02865219,000.16841012,000.24
Tournament (k=2),Arithmetic,Gaussian,0.42436,0.05228,000.00000000,000.00322924,000.00346184,000.01969486,000.19
Tournament (k=2),Arithmetic,Gaussian,0.43709,0.08830,000.00000000,000.00088954,000.00084686,000.00378680,000.32
Tournament (k=2),Arithmetic,Gaussian,0.46371,0.02837,000.00003815,000.01347599,000.01511765,000.16961502,000.23
Tournament (k=2),Arithmetic,Gaussian,0.41200,0.08830,000.00001144,000.00101681,000.00102615,000.00595041,000.37
Tournament (k=2),Arithmetic,Gaussian,0.40000,0.05228,000.00000381,000.00259614,000.00253296,000.01191994,000.20
Tournament (k=2),Arithmetic,Gaussian,0.50670,0.05705,000.00000381,000.00159006,000.00153732,000.00787893,000.28
Tournament (k=2),Arithmetic,Gaussian,0.41200,0.02382,000.00002289,000.01760135,000.01807785,000.15479192,000.17
Tournament (k=2),Arithmetic,Gaussian,0.47762,0.06226,000.00002670,000.00142169,000.00117683,000.02694133,000.23
Tournament (k=2),Arithmetic,Gaussian,0.49195,0.03095,000.00007248,000.01150327,000.01258659,000.11420500,000.34
Tournament (k=2),Arithmetic,Gaussian,0.41200,0.21153,000.00942612,000.16018243,000.16625977,000.46101910,000.32
Tournament (k=2),Arithmetic,Gaussian,0.40000,0.12524,000.00004578,000.00563183,000.00651169,000.10026000,000.38
Tournament (k=2),Arithmetic,Gaussian,0.49195,0.09637,000.00000000,000.00113654,000.00113487,000.02035355,000.35
Tournament (k=2),Arithmetic,Gaussian,0.45020,0.14915,000.00133896,000.02998276,000.03808594,000.09559455,000.37
Tournament (k=2),Arithmetic,Gaussian,0.52190,0.10516,000.00001144,000.00203471,000.00156212,000.02064494,000.34
Tournament (k=2),Arithmetic,Gaussian,0.50670,0.14915,000.00015259,000.03560934,000.03963852,000.20670858,000.36
Tournament (k=2),Arithmetic,Gaussian,0.52190,0.27490,000.01377487,000.47954503,000.53421402,000.54099673,000.38
Tournament (k=2),Arithmetic,Gaussian,0.45020,0.06226,000.00000000,000.00093884,000.00101089,000.00732516,000.24
Tournament (k=2),Arithmetic,Gaussian,0.52190,0.03378,000.00000000,000.01026940,000.01000786,000.03233709,000.30
Tournament (k=2),Arithmetic,Gaussian,0.53756,0.16276,000.00259399,000.05900245,000.05942917,000.31876439,000.53
Tournament (k=2),Arithmetic,Gaussian,0.43709,0.23084,000.03133392,000.33483464,000.33921051,000.45540828,000.46
Tournament (k=2),Arithmetic,Gaussian,0.43709,0.02382,000.00001144,000.02407079,000.02848434,000.16685292,000.22
Tournament (k=2),Arithmetic,Gaussian,0.53756,0.07415,000.00000000,000.00119915,000.00112152,000.01922677,000.34
Tournament (k=2),Arithmetic,Gaussian,0.49195,0.25191,000.03484726,000.40023884,000.42817307,000.49913618,000.46
Tournament (k=2),Arithmetic,Gaussian,0.46371,0.10516,000.00001526,000.00185585,000.00182343,000.01486899,000.29
Tournament (k=2),Arithmetic,Gaussian,0.42436,0.05705,000.00000000,000.00170646,000.00149536,000.00685694,000.27
Tournament (k=2),Arithmetic,Gaussian,0.42436,0.13667,000.00024796,000.01291766,000.01344872,000.18279903,000.41
Tournament (k=2),Arithmetic,Gaussian,0.43709,0.09637,000.00001526,000.00095477,000.00086594,000.01565381,000.26
Tournament (k=2),Arithmetic,Gaussian,0.41200,0.02599,000.00000381,000.01535654,000.01655579,000.10386955,000.16
Tournament (k=2),Arithmetic,Gaussian,0.55369,0.05705,000.00000000,000.00126300,000.00117683,000.01245628,000.31
Tournament (k=2),Arithmetic,Gaussian,0.46371,0.03095,000.00002670,000.00990214,000.00883102,000.12890969,000.24
Tournament (k=2),Arithmetic,Gaussian,0.55369,0.02382,000.00004196,000.01762967,000.01462936,000.19541922,000.33
Tournament (k=2),Arithmetic,Gaussian,0.46371,0.25191,000.01103210,000.40654063,000.49038887,000.47879103,000.37
Tournament (k=2),Arithmetic,Gaussian,0.47762,0.17762,000.00966644,000.08804484,000.09551811,000.32083976,000.44
Tournament (k=2),Arithmetic,Gaussian,0.41200,0.09637,000.00000763,000.00094051,000.00075150,000.00850807,000.28
Tournament (k=2),Arithmetic,Gaussian,0.49195,0.03378,000.00001144,000.00696006,000.00633430,000.06527583,000.19
Tournament (k=2),Arithmetic,Gaussian,0.47762,0.06795,000.00000000,000.00094175,000.00114441,000.01037680,000.21
Tournament (k=2),Arithmetic,Gaussian,0.50670,0.06226,000.00000000,000.00088935,000.00076294,000.00552755,000.28
Tournament (k=2),Arithmetic,Gaussian,0.40000,0.05705,000.00001144,000.00191131,000.00175858,000.01088993,000.31
Tournament (k=2),Arithmetic,Gaussian,0.55369,0.17762,000.00235748,000.09231243,000.09490585,000.34192887,000.44
Tournament (k=2),Arithmetic,Gaussian,0.41200,0.23084,000.01096344,000.31764287,000.32672310,000.50395459,000.34
Tournament (k=2),Arithmetic,Gaussian,0.45020,0.16276,000.00177765,000.05049019,000.05473328,000.19180022,000.29
Tournament (k=2),Arithmetic,Gaussian,0.43709,0.02599,000.00001526,000.01554012,000.01332283,000.21884534,000.19
Tournament (k=2),Arithmetic,Gaussian,0.49195,0.10516,000.00001526,000.00117950,000.00128365,000.00924662,000.32
Tournament (k=2),Arithmetic,Gaussian,0.40000,0.13667,000.00044250,000.01663904,000.01949120,000.11395280,000.34
Tournament (k=2),Arithmetic,Gaussian,0.53756,0.08092,000.00000000,000.00056133,000.00050735,000.00765653,000.22
Tournament (k=2),Arithmetic,Gaussian,0.52190,0.11476,000.00007248,000.00322523,000.00385284,000.15062533,000.39
Tournament (k=2),Arithmetic,Gaussian,0.42436,0.06226,000.00001526,000.00197101,000.00197029,000.01297978,000.28
Tournament (k=2),Arithmetic,Gaussian,0.41200,0.02837,000.00000000,000.00906777,000.00986671,000.07741471,000.17
Tournament (k=2),Arithmetic,Gaussian,0.50670,0.16276,000.00037003,000.05883174,000.06191826,000.25367787,000.41
Tournament (k=2),Arithmetic,Gaussian,0.45020,0.06795,000.00000763,000.00097456,000.00091743,000.01833861,000.38
Tournament (k=2),Arithmetic,Gaussian,0.52190,0.30000,000.01107025,000.65276879,000.99047661,000.71955639,000.42
Tournament (k=2),Arithmetic,Gaussian,0.52190,0.03686,000.00000763,000.00595999,000.00497818,000.13225040,000.20
Tournament (k=2),Arithmetic,Gaussian,0.55369,0.02599,000.00000763,000.01398816,000.01053429,000.14973626,000.25
Tournament (k=2),Arithmetic,Gaussian,0.46371,0.03378,000.00014496,000.00901794,000.00778008,000.12701111,000.26
Tournament (k=2),Arithmetic,Gaussian,0.41200,0.10516,000.00000763,000.00175395,000.00176048,000.00724114,000.28
Tournament (k=2),Arithmetic,Gaussian,0.55369,0.06226,000.00000381,000.00182285,000.00185394,000.01152705,000.30
Tournament (k=2),Arithmetic,Gaussian,0.58741,0.02000,000.00000381,000.05000687,000.04842949,000.30861163,000.18
Tournament (k=2),Arithmetic,Gaussian,0.47762,0.07415,000.00000000,000.00069370,000.00065422,000.00887791,000.22
Tournament (k=2),Arithmetic,Gaussian,0.42436,0.14915,000.00031281,000.02771535,000.02925491,000.16661416,000.47
Tournament (k=2),Arithmetic,Gaussian,0.57030,0.03378,000.00000763,000.00650144,000.00779152,000.06463592,000.49
Tournament (k=2),Arithmetic,Gaussian,0.53756,0.17762,000.00527191,000.11094709,000.11549759,000.36026636,000.59
Tournament (k=2),Arithmetic,Gaussian,0.47762,0.19383,000.00244141,000.13582020,000.15329933,000.33403805,000.60
Tournament (k=2),Arithmetic,Gaussian,0.50670,0.06795,000.00000000,000.00109000,000.00126266,000.04113170,000.28
Tournament (k=2),Arithmetic,Gaussian,0.43709,0.25191,000.00912476,000.48473090,000.52473450,000.52817625,000.62
Tournament (k=2),Arithmetic,Gaussian,0.46371,0.27490,000.03317642,000.51009762,000.52291870,000.52865487,000.42
Tournament (k=2),Arithmetic,Gaussian,0.41200,0.25191,000.04049683,000.44654995,000.47599030,000.61294335,000.31
Tournament (k=2),Arithmetic,Gaussian,0.46371,0.11476,000.00000000,000.00347567,000.00322342,000.05613029,000.63
Tournament (k=2),Arithmetic,Gaussian,0.57030,0.10516,000.00001144,000.00247922,000.00223160,000.01711020,000.57
Tournament (k=2),Arithmetic,Gaussian,0.43709,0.10516,000.00000763,000.00122581,000.00128365,000.00589131,000.53
Tournament (k=2),Arithmetic,Gaussian,0.43709,0.02837,000.00001526,000.01430020,000.01054955,000.11063473,000.27
Tournament (k=2),Arithmetic,Gaussian,0.41200,0.03095,000.00000000,000.01022449,000.01059723,000.10826218,000.17
Tournament (k=2),Arithmetic,Gaussian,0.49195,0.27490,000.02410889,000.50978506,000.52702904,000.59568995,000.67
Tournament (k=2),Arithmetic,Gaussian,0.49195,0.03686,000.00000000,000.00851646,000.00648308,000.06363659,000.40
Tournament (k=2),Arithmetic,Gaussian,0.58741,0.06226,000.00001526,000.00135832,000.00139809,000.02652507,000.20
Tournament (k=2),Arithmetic,Gaussian,0.55369,0.19383,000.00057220,000.14445075,000.12585831,000.41836712,000.39
Tournament (k=2),Arithmetic,Gaussian,0.40000,0.14915,000.00027466,000.03162394,000.03657341,000.10529500,000.37
Tournament (k=2),Arithmetic,Gaussian,0.53756,0.08830,000.00000381,000.00050054,000.00045776,000.00224422,000.37
Tournament (k=2),Arithmetic,Gaussian,0.52190,0.12524,000.00030518,000.00976872,000.01122665,000.04259400,000.39
Tournament (k=2),Arithmetic,Gaussian,0.49195,0.11476,000.00003815,000.00420151,000.00392151,000.03529698,000.40
Tournament (k=2),Arithmetic,Gaussian,0.53756,0.02000,000.00005341,000.02904882,000.01950836,000.23048410,000.17
Tournament (k=2),Arithmetic,Gaussian,0.52190,0.04023,000.00001526,000.00450554,000.00538254,000.02491693,000.20
Tournament (k=2),Arithmetic,Gaussian,0.60503,0.03686,000.00001526,000.00786338,000.00725937,000.19877662,000.20
Tournament (k=2),Arithmetic,Gaussian,0.58741,0.02183,000.00003052,000.01710477,000.01675034,000.17417932,000.23
Tournament (k=2),Arithmetic,Gaussian,0.55369,0.02837,000.00000000,000.01435661,000.01591301,000.22429347,000.29
Tournament (k=2),Arithmetic,Gaussian,0.46371,0.03686,000.00001526,000.00589690,000.00717163,000.02596404,000.29
Tournament (k=2),Arithmetic,Gaussian,0.45020,0.17762,000.00392914,000.08336353,000.09309387,000.27507165,000.61
Tournament (k=2),Arithmetic,Gaussian,0.41200,0.03378,000.00000000,000.01020079,000.01042557,000.10547265,000.19
Tournament (k=2),Arithmetic,Gaussian,0.49195,0.04023,000.00000763,000.00342765,000.00321198,000.06889538,000.21
Tournament (k=2),Arithmetic,Gaussian,0.60503,0.11476,000.00007629,000.00470099,000.00513458,000.02569499,000.32
Tournament (k=2),Arithmetic,Gaussian,0.52190,0.04390,000.00001144,000.00381789,000.00400925,000.07334913,000.21
Tournament (k=2),Arithmetic,Gaussian,0.47762,0.21153,000.00565720,000.19360700,000.19933891,000.38975298,000.33
Tournament (k=2),Arithmetic,Gaussian,0.55369,0.06795,000.00000000,000.00133791,000.00109863,000.10846289,000.37
Tournament (k=2),Arithmetic,Gaussian,0.62318,0.02183,000.00000000,000.03042417,000.03049850,000.26910448,000.19
Tournament (k=2),Arithmetic,Gaussian,0.58741,0.19383,000.00488663,000.15875463,000.16266632,000.47090393,000.47
Tournament (k=2),Arithmetic,Gaussian,0.46371,0.30000,000.06265259,000.61583668,000.74153328,000.57228845,000.37
Tournament (k=2),Arithmetic,Gaussian,0.50670,0.17762,000.00328827,000.09470115,000.10195541,000.31003633,000.54
Tournament (k=2),Arithmetic,Gaussian,0.50670,0.07415,000.00000381,000.00055265,000.00057793,000.03481837,000.45
Tournament (k=2),Arithmetic,Gaussian,0.43709,0.03095,000.00001526,000.01157556,000.01183510,000.06563617,000.42
Tournament (k=2),Arithmetic,Gaussian,0.57030,0.03686,000.00000000,000.00539365,000.00555801,000.06708588,000.50
Tournament (k=2),Arithmetic,Gaussian,0.58741,0.02382,000.00000763,000.01760087,000.01435661,000.21808454,000.19
Tournament (k=2),Arithmetic,Gaussian,0.52190,0.13667,000.00064087,000.01350250,000.01297760,000.10588925,000.33
Tournament (k=2),Arithmetic,Gaussian,0.53756,0.02183,000.00050354,000.03079009,000.03075790,000.25545809,000.25
Tournament (k=2),Arithmetic,Gaussian,0.46371,0.12524,000.00034332,000.00676103,000.00706482,000.03810643,000.47
Tournament (k=2),Arithmetic,Gaussian,0.58741,0.06795,000.00000000,000.00109820,000.00048637,000.02102993,000.23
Tournament (k=2),Arithmetic,Gaussian,0.43709,0.11476,000.00003052,000.00276513,000.00302887,000.00908825,000.48
Tournament (k=2),Arithmetic,Gaussian,0.49195,0.04390,000.00000381,000.00298543,000.00295639,000.02275916,000.20
Tournament (k=2),Arithmetic,Gaussian,0.60503,0.04023,000.00002670,000.00498877,000.00531197,000.01652408,000.25
Tournament (k=2),Arithmetic,Gaussian,0.62318,0.06795,000.00000000,000.00115151,000.00112915,000.16935714,000.25
Tournament (k=2),Arithmetic,Gaussian,0.53756,0.19383,000.00683975,000.18268089,000.20884323,000.35455087,000.62
Tournament (k=2),Arithmetic,Gaussian,0.40000,0.16276,000.00066757,000.04496069,000.05221748,000.14704086,000.55
Tournament (k=2),Arithmetic,Gaussian,0.57030,0.11476,000.00006104,000.00479879,000.00464058,000.02106132,000.38
Tournament (k=2),Arithmetic,Gaussian,0.43709,0.27490,000.03008270,000.52409065,000.60015488,000.54304123,000.64
Tournament (k=2),Arithmetic,Gaussian,0.41200,0.27490,000.02923965,000.53122914,000.54223251,000.58456087,000.38
Tournament (k=2),Arithmetic,Gaussian,0.49195,0.12524,000.00029755,000.00686784,000.00764275,000.01958147,000.44
Tournament (k=2),Arithmetic,Gaussian,0.55369,0.03095,000.00000763,000.00789824,000.00773811,000.14651291,000.31
Tournament (k=2),Arithmetic,Gaussian,0.55369,0.21153,000.01681137,000.26098317,000.25738907,000.46539474,000.54
Tournament (k=2),Arithmetic,Gaussian,0.49195,0.30000,000.01551056,000.67601395,000.87702942,000.57709783,000.65
Tournament (k=2),Arithmetic,Gaussian,0.62318,0.02382,000.00000763,000.02164631,000.01840973,000.29990634,000.19
Tournament (k=2),Arithmetic,Gaussian,0.52190,0.04791,000.00000000,000.00336466,000.00276947,000.14028883,000.21
Tournament (k=2),Arithmetic,Gaussian,0.46371,0.04023,000.00000381,000.00498252,000.00539017,000.01874415,000.39
Tournament (k=2),Arithmetic,Gaussian,0.42436,0.16276,000.00167084,000.05592475,000.05954552,000.21130748,000.76
Tournament (k=2),Arithmetic,Gaussian,0.47762,0.02000,000.00000763,000.03123250,000.02678299,000.26588050,000.19
Tournament (k=2),Arithmetic,Gaussian,0.60503,0.12524,000.00013351,000.00745597,000.00805855,000.14384408,000.30
Tournament (k=2),Arithmetic,Gaussian,0.53756,0.02382,000.00000000,000.02095819,000.01946259,000.14304191,000.19
Tournament (k=2),Arithmetic,Gaussian,0.58741,0.21153,000.00875092,000.18138166,000.19782639,000.45146447,000.51
Tournament (k=2),Arithmetic,Gaussian,0.43709,0.03378,000.00000000,000.00943294,000.00874329,000.04436612,000.26
Tournament (k=2),Arithmetic,Gaussian,0.58741,0.07415,000.00000000,000.00074530,000.00066376,000.01137748,000.24
Tournament (k=2),Arithmetic,Gaussian,0.60503,0.04390,000.00000000,000.00325160,000.00270081,000.10199247,000.20
Tournament (k=2),Arithmetic,Gaussian,0.66113,0.02382,000.00004578,000.02233543,000.01676559,000.37098265,000.22
Tournament (k=2),Arithmetic,Gaussian,0.62318,0.07415,000.00000000,000.00093360,000.00082779,000.03262541,000.24
Tournament (k=2),Arithmetic,Gaussian,0.64187,0.12524,000.00012207,000.01126513,000.01203728,000.06116827,000.27
Tournament (k=2),Arithmetic,Gaussian,0.62318,0.02599,000.00000763,000.01946578,000.02204895,000.16178332,000.25
Tournament (k=2),Arithmetic,Gaussian,0.47762,0.02183,000.00000000,000.01821132,000.01878738,000.15946278,000.18
Tournament (k=2),Arithmetic,Gaussian,0.57030,0.04023,000.00000000,000.00481400,000.00496483,000.02872281,000.43
Tournament (k=2),Arithmetic,Gaussian,0.55369,0.07415,000.00000381,000.00080681,000.00069809,000.00626624,000.53
Tournament (k=2),Arithmetic,Gaussian,0.58741,0.02599,000.00002289,000.01830835,000.01639938,000.15694648,000.45
Tournament (k=2),Arithmetic,Gaussian,0.50670,0.08092,000.00000000,000.00051808,000.00045967,000.00948538,000.51
Tournament (k=2),Arithmetic,Gaussian,0.64187,0.04023,000.00000000,000.00472388,000.00472450,000.10926539,000.38
Tournament (k=2),Arithmetic,Gaussian,0.45020,0.19383,000.00455475,000.12918386,000.12841034,000.34227702,000.58
Tournament (k=2),Arithmetic,Gaussian,0.41200,0.30000,000.05342484,000.64802706,000.68731689,000.58838528,000.40
Tournament (k=2),Arithmetic,Gaussian,0.57030,0.12524,000.00003433,000.01020350,000.00922012,000.05358103,000.44
Tournament (k=2),Arithmetic,Gaussian,0.62318,0.02837,000.00006866,000.01216397,000.00962448,000.23993169,000.19
Tournament (k=2),Arithmetic,Gaussian,0.60503,0.04791,000.00000763,000.00282836,000.00236130,000.02337840,000.20
Tournament (k=2),Arithmetic,Gaussian,0.62318,0.21153,000.00772095,000.22685237,000.19806290,000.52229047,000.55
Tournament (k=2),Arithmetic,Gaussian,0.47762,0.23084,000.01395416,000.30704278,000.30735016,000.46270245,000.69
Tournament (k=2),Arithmetic,Gaussian,0.53756,0.02599,000.00008392,000.01303835,000.01158714,000.11514619,000.31
Tournament (k=2),Arithmetic,Gaussian,0.60503,0.13667,000.00029755,000.01883039,000.02085114,000.21287179,000.34
Tournament (k=2),Arithmetic,Gaussian,0.66113,0.07415,000.00000000,000.00093880,000.00085449,000.07614772,000.39
Tournament (k=2),Arithmetic,Gaussian,0.62318,0.08092,000.00000000,000.00123930,000.00057793,000.03986127,000.24
Tournament (k=2),Arithmetic,Gaussian,0.49195,0.13667,000.00022507,000.02122731,000.01894569,000.18191947,000.48
Tournament (k=2),Arithmetic,Gaussian,0.52190,0.14915,000.00116730,000.03296394,000.03423119,000.18924941,000.62
Tournament (k=2),Arithmetic,Gaussian,0.58741,0.08092,000.00000000,000.00074782,000.00052834,000.01227359,000.26
Tournament (k=2),Arithmetic,Gaussian,0.50670,0.02000,000.00009155,000.02062159,000.02106285,000.18007226,000.50
Tournament (k=2),Arithmetic,Gaussian,0.42436,0.17762,000.00531769,000.10273466,000.11986160,000.29102489,000.43
Tournament (k=2),Arithmetic,Gaussian,0.66113,0.02599,000.00004578,000.02040305,000.01899529,000.32576379,000.26
Tournament (k=2),Arithmetic,Gaussian,0.55369,0.03378,000.00000381,000.00837841,000.00739098,000.16041133,000.53
Tournament (k=2),Arithmetic,Gaussian,0.40000,0.17762,000.00090790,000.08798723,000.09416199,000.31899229,000.57
Tournament (k=2),Arithmetic,Gaussian,0.50670,0.19383,000.00255203,000.17181011,000.19081116,000.40280196,000.80
Tournament (k=2),Arithmetic,Gaussian,0.43709,0.30000,000.04632187,000.61767614,000.71788216,000.57678455,000.63
Tournament (k=2),Arithmetic,Gaussian,0.55369,0.23084,000.00585556,000.26847249,000.25534821,000.45962903,000.63
Tournament (k=2),Arithmetic,Gaussian,0.64187,0.13667,000.00047302,000.02227092,000.02432060,000.13651575,000.38
Tournament (k=2),Arithmetic,Gaussian,0.47762,0.02382,000.00008774,000.02163677,000.02241516,000.12996264,000.18
Tournament (k=2),Arithmetic,Gaussian,0.42436,0.02000,000.00005722,000.03832621,000.03921509,000.25058958,000.17
Tournament (k=2),Arithmetic,Gaussian,0.58741,0.02837,000.00006866,000.01255078,000.01000977,000.18885592,000.19
Tournament (k=2),Arithmetic,Gaussian,0.53756,0.02837,000.00000763,000.01004009,000.00948524,000.10692552,000.18
Tournament (k=2),Arithmetic,Gaussian,0.60503,0.05228,000.00001144,000.00206718,000.00128174,000.11643074,000.23
Tournament (k=2),Arithmetic,Gaussian,0.43709,0.03686,000.00000763,000.00597920,000.00609589,000.02552747,000.52
Tournament (k=2),Arithmetic,Gaussian,0.64187,0.04390,000.00000000,000.00411882,000.00355911,000.10556114,000.28
Tournament (k=2),Arithmetic,Gaussian,0.53756,0.21153,000.00971985,000.29674762,000.28481102,000.43865636,000.81
Tournament (k=2),Arithmetic,Gaussian,0.62318,0.08830,000.00000381,000.00109110,000.00092125,000.10095171,000.25
Tournament (k=2),Arithmetic,Gaussian,0.68096,0.13667,000.00070953,000.01584368,000.01592445,000.20578150,000.31
Tournament (k=2),Arithmetic,Gaussian,0.60503,0.14915,000.00157928,000.03895178,000.04600716,000.24653876,000.30
Tournament (k=2),Arithmetic,Gaussian,0.66113,0.02837,000.00000000,000.01348495,000.01226234,000.15735561,000.18
Tournament (k=2),Arithmetic,Gaussian,0.57030,0.04390,000.00000763,000.00318952,000.00403404,000.02219282,000.41
Tournament (k=2),Arithmetic,Gaussian,0.62318,0.03095,000.00000763,000.01033745,000.00947571,000.11434624,000.39
Tournament (k=2),Arithmetic,Gaussian,0.58741,0.08830,000.00000000,000.00074921,000.00074387,000.00941940,000.25
Tournament (k=2),Arithmetic,Gaussian,0.58741,0.23084,000.01483154,000.33602399,000.33652306,000.56211448,000.69
Tournament (k=2),Arithmetic,Gaussian,0.70139,0.08092,000.00000000,000.00145669,000.00097466,000.13718878,000.27
Tournament (k=2),Arithmetic,Gaussian,0.72243,0.04791,000.00000763,000.00990467,000.00714684,000.27197626,000.21
Tournament (k=2),Arithmetic,Gaussian,0.45020,0.02000,000.00009537,000.03847032,000.03860283,000.22644109,000.25
Tournament (k=2),Arithmetic,Gaussian,0.68096,0.04390,000.00000763,000.00419745,000.00355148,000.19183287,000.54
Tournament (k=2),Arithmetic,Gaussian,0.57030,0.13667,000.00051880,000.02015905,000.01964188,000.17696245,000.53
Tournament (k=2),Arithmetic,Gaussian,0.64187,0.14915,000.00106049,000.04356418,000.03595734,000.27268440,000.31
Tournament (k=2),Arithmetic,Gaussian,0.66113,0.08092,000.00000000,000.00058370,000.00040436,000.01711905,000.45
Tournament (k=2),Arithmetic,Gaussian,0.45020,0.21153,000.00304413,000.19190530,000.20864677,000.37618816,000.56
Tournament (k=2),Arithmetic,Gaussian,0.72243,0.14915,000.00057983,000.04201827,000.04288673,000.25997159,000.30
Tournament (k=2),Arithmetic,Gaussian,0.50670,0.02183,000.00001526,000.02045550,000.02111816,000.19659169,000.37
Tournament (k=2),Arithmetic,Gaussian,0.58741,0.03095,000.00000000,000.00983915,000.01056671,000.10522161,000.21
Tournament (k=2),Arithmetic,Gaussian,0.70139,0.02599,000.00002670,000.04091835,000.02753639,000.37048286,000.40
Tournament (k=2),Arithmetic,Gaussian,0.55369,0.08092,000.00000000,000.00100436,000.00098610,000.02034330,000.58
Tournament (k=2),Arithmetic,Gaussian,0.60503,0.05705,000.00000381,000.00163274,000.00133896,000.12404170,000.22
Tournament (k=2),Arithmetic,Gaussian,0.55369,0.03686,000.00003052,000.00520096,000.00541306,000.03264014,000.37
Tournament (k=2),Arithmetic,Gaussian,0.60503,0.16276,000.00295258,000.05875616,000.05909729,000.39284810,000.33
Tournament (k=2),Arithmetic,Gaussian,0.62318,0.09637,000.00000763,000.00170803,000.00152206,000.05520107,000.28
Tournament (k=2),Arithmetic,Gaussian,0.66113,0.23084,000.01516724,000.49431515,000.57199478,000.54478925,000.71
Tournament (k=2),Arithmetic,Gaussian,0.62318,0.23084,000.01160431,000.28716403,000.29372215,000.49778256,000.68
Tournament (k=2),Arithmetic,Gaussian,0.64187,0.04791,000.00001144,000.00395813,000.00350952,000.02743652,000.31
Tournament (k=2),Arithmetic,Gaussian,0.74410,0.08830,000.00000000,000.00179148,000.00130272,000.05189138,000.28
Tournament (k=2),Arithmetic,Gaussian,0.68096,0.14915,000.00022125,000.03540816,000.03314590,000.24295528,000.29
Tournament (k=2),Arithmetic,Gaussian,0.42436,0.19383,000.00722504,000.12848549,000.14688492,000.34956372,000.54
Tournament (k=2),Arithmetic,Gaussian,0.66113,0.03095,000.00003815,000.01375279,000.01203918,000.25479519,000.22
Tournament (k=2),Arithmetic,Gaussian,0.74410,0.02837,000.00003815,000.04888415,000.03653336,000.45930859,000.33
Tournament (k=2),Arithmetic,Gaussian,0.62318,0.03378,000.00005341,000.01101556,000.01120567,000.09180670,000.19
Tournament (k=2),Arithmetic,Gaussian,0.50670,0.21153,000.01570129,000.20377989,000.20303917,000.40866593,000.56
Tournament (k=2),Arithmetic,Gaussian,0.70139,0.08830,000.00000381,000.00097141,000.00076675,000.02557758,000.25
Tournament (k=2),Arithmetic,Gaussian,0.58741,0.09637,000.00001144,000.00087905,000.00088310,000.13624975,000.28
Tournament (k=2),Arithmetic,Gaussian,0.70139,0.25191,000.01457214,000.48097062,000.51238632,000.61995876,000.61
Tournament (k=2),Arithmetic,Gaussian,0.72243,0.05228,000.00000000,000.00661430,000.00426865,000.24685803,000.25
Tournament (k=2),Arithmetic,Gaussian,0.57030,0.04791,000.00001526,000.00339627,000.00393677,000.01830296,000.37
Tournament (k=2),Arithmetic,Gaussian,0.53756,0.23084,000.01166534,000.42647758,000.42541122,000.50649512,000.52
Tournament (k=2),Arithmetic,Gaussian,0.45020,0.02183,000.00012970,000.02967668,000.03514099,000.24312547,000.32
Tournament (k=2),Arithmetic,Gaussian,0.58741,0.03378,000.00002670,000.00805445,000.00717926,000.07262323,000.21
Tournament (k=2),Arithmetic,Gaussian,0.60503,0.06226,000.00000381,000.00193205,000.00151062,000.13000520,000.23
Tournament (k=2),Arithmetic,Gaussian,0.64187,0.16276,000.00093079,000.06506815,000.06569481,000.34979549,000.31
Tournament (k=2),Arithmetic,Gaussian,0.55369,0.04023,000.00000381,000.00502524,000.00580978,000.02529674,000.21
Tournament (k=2),Arithmetic,Gaussian,0.55369,0.25191,000.03540039,000.44064555,000.42238998,000.52659249,000.80
Tournament (k=2),Arithmetic,Gaussian,0.50670,0.02382,000.00031281,000.01901812,000.01735115,000.17908838,000.29
Tournament (k=2),Arithmetic,Gaussian,0.70139,0.02837,000.00004959,000.01896873,000.01586151,000.28612211,000.29
Tournament (k=2),Arithmetic,Gaussian,0.68096,0.04791,000.00000000,000.00678515,000.00319481,000.22047220,000.36
Tournament (k=2),Arithmetic,Gaussian,0.72243,0.16276,000.00175476,000.06660662,000.07723999,000.31111997,000.32
Tournament (k=2),Arithmetic,Gaussian,0.62318,0.10516,000.00001144,000.00202098,000.00158119,000.01746056,000.39
Tournament (k=2),Arithmetic,Gaussian,0.74410,0.09637,000.00001144,000.00170517,000.00129318,000.11211137,000.25
Tournament (k=2),Arithmetic,Gaussian,0.60503,0.17762,000.00178528,000.09259295,000.09423447,000.39353913,000.30
Tournament (k=2),Arithmetic,Gaussian,0.68096,0.16276,000.00276947,000.05016923,000.05569267,000.39069736,000.31
Tournament (k=2),Arithmetic,Gaussian,0.66113,0.03378,000.00000763,000.01179290,000.01023102,000.27082512,000.20
Tournament (k=2),Arithmetic,Gaussian,0.66113,0.08830,000.00000000,000.00086455,000.00089264,000.01721263,000.46
Tournament (k=2),Arithmetic,Gaussian,0.62318,0.03686,000.00001144,000.00640278,000.00516891,000.15161733,000.21
Tournament (k=2),Arithmetic,Gaussian,0.64187,0.05228,000.00000000,000.00260744,000.00218773,000.14569119,000.40
Tournament (k=2),Arithmetic,Gaussian,0.57030,0.14915,000.00174713,000.03608298,000.04454613,000.15233871,000.42
Tournament (k=2),Arithmetic,Gaussian,0.58741,0.25191,000.00438309,000.49128827,000.53929520,000.52191001,000.68
Tournament (k=2),Arithmetic,Gaussian,0.74410,0.03095,000.00007629,000.05390191,000.03146553,000.42660585,000.28
Tournament (k=2),Arithmetic,Gaussian,0.58741,0.03686,000.00006104,000.00795140,000.00724030,000.15191388,000.20
Tournament (k=2),Arithmetic,Gaussian,0.55369,0.08830,000.00000763,000.00077291,000.00068855,000.02335176,000.56
Tournament (k=2),Arithmetic,Gaussian,0.72243,0.05705,000.00001144,000.00275774,000.00191116,000.12967351,000.23
Tournament (k=2),Arithmetic,Gaussian,0.76642,0.05228,000.00000000,000.00663347,000.00516129,000.29616365,000.49
Tournament (k=2),Arithmetic,Gaussian,0.70139,0.09637,000.00001907,000.00159545,000.00114632,000.04300088,000.29
Tournament (k=2),Arithmetic,Gaussian,0.64187,0.17762,000.01068878,000.11768927,000.11780930,000.34781164,000.37
Tournament (k=2),Arithmetic,Gaussian,0.74410,0.27490,000.03606415,000.58043706,000.60943985,000.60336083,000.65
Tournament (k=2),Arithmetic,Gaussian,0.60503,0.06795,000.00000000,000.00082488,000.00059319,000.11088026,000.26
Tournament (k=2),Arithmetic,Gaussian,0.57030,0.05228,000.00000763,000.00245214,000.00256729,000.04749169,000.31
Tournament (k=2),Arithmetic,Gaussian,0.55369,0.04390,000.00001526,000.00318575,000.00376511,000.10246648,000.41
Tournament (k=2),Arithmetic,Gaussian,0.58741,0.10516,000.00002670,000.00186663,000.00152016,000.04212549,000.35
Tournament (k=2),Arithmetic,Gaussian,0.62318,0.25191,000.00356293,000.42356247,000.41113091,000.58688354,000.59
Tournament (k=2),Arithmetic,Gaussian,0.50670,0.02599,000.00001144,000.01327124,000.01298141,000.09346096,000.26
Tournament (k=2),Arithmetic,Gaussian,0.62318,0.11476,000.00016403,000.00438085,000.00521469,000.05889981,000.27
Tournament (k=2),Arithmetic,Gaussian,0.74410,0.10516,000.00000763,000.00279632,000.00258827,000.14611520,000.27
Tournament (k=2),Arithmetic,Gaussian,0.66113,0.25191,000.01375198,000.63120687,000.78426743,000.56307244,000.64
Tournament (k=2),Arithmetic,Gaussian,0.72243,0.17762,000.00196838,000.12458906,000.11395454,000.34691510,000.33
Tournament (k=2),Arithmetic,Gaussian,0.66113,0.03686,000.00003815,000.00803051,000.00706100,000.25680813,000.24
Tournament (k=2),Arithmetic,Gaussian,0.76642,0.16276,000.00317001,000.05939741,000.05593872,000.32535285,000.48
Tournament (k=2),Arithmetic,Gaussian,0.55369,0.27490,000.02813339,000.51860315,000.59214020,000.55548048,000.54
Tournament (k=2),Arithmetic,Gaussian,0.62318,0.04023,000.00000000,000.00496421,000.00497818,000.06986653,000.23
Tournament (k=2),Arithmetic,Gaussian,0.53756,0.25191,000.01304626,000.44817248,000.45934486,000.62638491,000.51
Tournament (k=2),Arithmetic,Gaussian,0.58741,0.04023,000.00012207,000.00678906,000.00583839,000.17318557,000.23
Tournament (k=2),Arithmetic,Gaussian,0.72243,0.06226,000.00000763,000.00419436,000.00196457,000.25618044,000.22
Tournament (k=2),Arithmetic,Gaussian,0.70139,0.03095,000.00006104,000.01176290,000.01071930,000.34481612,000.48
Tournament (k=2),Arithmetic,Gaussian,0.68096,0.05228,000.00000000,000.00277119,000.00217438,000.13835604,000.48
Tournament (k=2),Arithmetic,Gaussian,0.70139,0.10516,000.00004196,000.00237999,000.00248909,000.10629202,000.26
Tournament (k=2),Arithmetic,Gaussian,0.50670,0.23084,000.01309204,000.39307672,000.39493752,000.49647114,000.54
Tournament (k=2),Arithmetic,Gaussian,0.60503,0.19383,000.01265335,000.24460788,000.24498367,000.42389891,000.33
Tournament (k=2),Arithmetic,Gaussian,0.74410,0.03378,000.00000000,000.03548717,000.02335739,000.48412529,000.32
Tournament (k=2),Arithmetic,Gaussian,0.60503,0.07415,000.00000381,000.00094008,000.00095940,000.00906796,000.24
Tournament (k=2),Arithmetic,Gaussian,0.70139,0.27490,000.01551437,000.58541304,000.67107582,000.60945135,000.76
Tournament (k=2),Arithmetic,Gaussian,0.64187,0.19383,000.00526428,000.20315185,000.17705917,000.45287970,000.39
Tournament (k=2),Arithmetic,Gaussian,0.76642,0.05705,000.00000000,000.00619288,000.00481033,000.35419399,000.41
Tournament (k=2),Arithmetic,Gaussian,0.62318,0.12524,000.00028229,000.01034393,000.00984955,000.08912161,000.29
Tournament (k=2),Arithmetic,Gaussian,0.66113,0.09637,000.00000000,000.00139499,000.00128937,000.02143697,000.59
Tournament (k=2),Arithmetic,Gaussian,0.74410,0.11476,000.00030518,000.00780396,000.00792885,000.17076752,000.27
Tournament (k=2),Arithmetic,Gaussian,0.58741,0.11476,000.00008392,000.00456381,000.00514603,000.10354047,000.30
Tournament (k=2),Arithmetic,Gaussian,0.57030,0.16276,000.00060272,000.06252656,000.06591797,000.29496151,000.50
Tournament (k=2),Arithmetic,Gaussian,0.62318,0.04390,000.00001526,000.00520015,000.00501823,000.02956177,000.20
Tournament (k=2),Arithmetic,Gaussian,0.58741,0.04390,000.00000381,000.00366273,000.00379753,000.10247587,000.21
Tournament (k=2),Arithmetic,Gaussian,0.78941,0.03095,000.00009918,000.16469955,000.04043198,000.62171650,000.34
Tournament (k=2),Arithmetic,Gaussian,0.64187,0.05705,000.00000000,000.00246882,000.00174141,000.15533260,000.54
Tournament (k=2),Arithmetic,Gaussian,0.68096,0.17762,000.00077820,000.11485152,000.10889626,000.41471297,000.64
Tournament (k=2),Arithmetic,Gaussian,0.55369,0.09637,000.00000000,000.00108771,000.00112534,000.03317614,000.55
Tournament (k=2),Arithmetic,Gaussian,0.66113,0.04023,000.00001907,000.00739517,000.00679016,000.18606602,000.27
Tournament (k=2),Arithmetic,Gaussian,0.72243,0.19383,000.01471329,000.22336741,000.16694641,000.48301247,000.36
Tournament (k=2),Arithmetic,Gaussian,0.55369,0.04791,000.00002289,000.00272179,000.00228500,000.02774473,000.40
Tournament (k=2),Arithmetic,Gaussian,0.57030,0.05705,000.00000381,000.00156665,000.00133705,000.10158724,000.43
Tournament (k=2),Arithmetic,Gaussian,0.72243,0.06795,000.00000000,000.00328708,000.00083923,000.23866703,000.33
Tournament (k=2),Arithmetic,Gaussian,0.70139,0.03378,000.00006866,000.01611185,000.01354218,000.37023509,000.27
Tournament (k=2),Arithmetic,Gaussian,0.58741,0.27490,000.01778793,000.68205410,000.86301804,000.62266451,000.70
Tournament (k=2),Arithmetic,Gaussian,0.60503,0.08092,000.00000000,000.00109487,000.00057030,000.01807225,000.23
Tournament (k=2),Arithmetic,Gaussian,0.76642,0.06226,000.00000000,000.00270019,000.00137138,000.27055621,000.25
Tournament (k=2),Arithmetic,Gaussian,0.68096,0.05705,000.00000763,000.00294647,000.00277328,000.18464904,000.33
Tournament (k=2),Arithmetic,Gaussian,0.74410,0.03686,000.00003815,000.05202031,000.02371216,000.53288347,000.29
Tournament (k=2),Arithmetic,Gaussian,0.74410,0.30000,000.00951385,000.66115618,000.71990013,000.65756935,000.69
Tournament (k=2),Arithmetic,Gaussian,0.53756,0.27490,000.02562714,000.52273405,000.58612633,000.54944479,000.50
Tournament (k=2),Arithmetic,Gaussian,0.66113,0.10516,000.00006485,000.00308084,000.00303841,000.01829826,000.36
Tournament (k=2),Arithmetic,Gaussian,0.70139,0.11476,000.00006866,000.00569496,000.00562477,000.11681395,000.36
Tournament (k=2),Arithmetic,Gaussian,0.62318,0.27490,000.02945709,000.52029550,000.54332352,000.61568993,000.66
Tournament (k=2),Arithmetic,Gaussian,0.74410,0.12524,000.00022125,000.00944858,000.00998497,000.18181171,000.27
Tournament (k=2),Arithmetic,Gaussian,0.76642,0.17762,000.00923157,000.10312557,000.11689186,000.32870677,000.57
Tournament (k=2),Arithmetic,Gaussian,0.62318,0.13667,000.00086212,000.02001004,000.02354240,000.15004626,000.39
Tournament (k=2),Arithmetic,Gaussian,0.64187,0.21153,000.00985336,000.20181361,000.21475601,000.43846694,000.40
Tournament (k=2),Arithmetic,Gaussian,0.60503,0.21153,000.00874329,000.24717279,000.27289963,000.38534129,000.32
Tournament (k=2),Arithmetic,Gaussian,0.58741,0.04791,000.00000000,000.00348091,000.00323296,000.05249187,000.21
Tournament (k=2),Arithmetic,Gaussian,0.55369,0.30000,000.05271149,000.58696598,000.65723801,000.58152562,000.69
Tournament (k=2),Arithmetic,Gaussian,0.50670,0.25191,000.02490234,000.51035124,000.56067085,000.51611018,000.55
Tournament (k=2),Arithmetic,Gaussian,0.66113,0.04390,000.00000381,000.00467801,000.00381088,000.17833695,000.21
Tournament (k=2),Arithmetic,Gaussian,0.70139,0.30000,000.03643417,000.67806512,000.79525375,000.71000367,000.60
Tournament (k=2),Arithmetic,Gaussian,0.58741,0.12524,000.00020981,000.00935349,000.01025581,000.14892523,000.43
Tournament (k=2),Arithmetic,Gaussian,0.55369,0.10516,000.00000763,000.00151429,000.00156403,000.08772086,000.26
Tournament (k=2),Arithmetic,Gaussian,0.62318,0.04791,000.00000000,000.00397573,000.00440216,000.14434172,000.37
Tournament (k=2),Arithmetic,Gaussian,0.68096,0.19383,000.01355362,000.15790744,000.15870285,000.45136267,000.31
Tournament (k=2),Arithmetic,Gaussian,0.66113,0.27490,000.05049133,000.66600388,000.82097054,000.57883698,000.90
Tournament (k=2),Arithmetic,Gaussian,0.72243,0.07415,000.00000000,000.00226302,000.00076294,000.24421254,000.26
Tournament (k=2),Arithmetic,Gaussian,0.60503,0.08830,000.00000000,000.00093164,000.00075340,000.02387044,000.24
Tournament (k=2),Arithmetic,Gaussian,0.78941,0.03378,000.00004959,000.12736826,000.03720665,000.56654388,000.40
Tournament (k=2),Arithmetic,Gaussian,0.55369,0.05228,000.00000000,000.00227351,000.00210190,000.10252888,000.29
Tournament (k=2),Arithmetic,Gaussian,0.57030,0.06226,000.00000381,000.00152860,000.00123787,000.01155578,000.30
Tournament (k=2),Arithmetic,Gaussian,0.72243,0.21153,000.00191116,000.27156663,000.24480247,000.43035385,000.31
Tournament (k=2),Arithmetic,Gaussian,0.78941,0.09637,000.00003052,000.00169444,000.00095177,000.10760779,000.51
Tournament (k=2),Arithmetic,Gaussian,0.70139,0.12524,000.00031281,000.01239328,000.01315308,000.18611948,000.29
Tournament (k=2),Arithmetic,Gaussian,0.74410,0.13667,000.00013733,000.02200742,000.02413750,000.12572941,000.31
Tournament (k=2),Arithmetic,Gaussian,0.70139,0.03686,000.00011444,000.00890760,000.00605011,000.31143573,000.38
Tournament (k=2),Arithmetic,Gaussian,0.74410,0.04023,000.00001526,000.01554747,000.00761795,000.31635389,000.37
Tournament (k=2),Arithmetic,Gaussian,0.68096,0.06226,000.00000763,000.00194883,000.00107765,000.15823756,000.38
Tournament (k=2),Arithmetic,Gaussian,0.64187,0.06226,000.00000000,000.00124497,000.00091362,000.15310086,000.52
Tournament (k=2),Arithmetic,Gaussian,0.57030,0.17762,000.00882339,000.08535881,000.08822441,000.36151087,000.59
Tournament (k=2),Arithmetic,Gaussian,0.76642,0.06795,000.00000000,000.00338569,000.00104904,000.28350046,000.42
Tournament (k=2),Arithmetic,Gaussian,0.76642,0.02000,000.00004578,000.09688787,000.05213737,000.51806635,000.44
Tournament (k=2),Arithmetic,Gaussian,0.58741,0.05228,000.00000000,000.00248647,000.00247192,000.09972882,000.22
Tournament (k=2),Arithmetic,Gaussian,0.62318,0.14915,000.00185394,000.04405461,000.04795265,000.24485904,000.31
Tournament (k=2),Arithmetic,Gaussian,0.66113,0.04791,000.00001144,000.00273223,000.00222778,000.14461949,000.24
Tournament (k=2),Arithmetic,Gaussian,0.57030,0.02000,000.00001526,000.02412396,000.02679062,000.25625551,000.25
Tournament (k=2),Arithmetic,Gaussian,0.66113,0.11476,000.00006104,000.00456238,000.00528145,000.02691322,000.51
Tournament (k=2),Arithmetic,Gaussian,0.76642,0.19383,000.00314331,000.15811582,000.15919876,000.40537131,000.47
Tournament (k=2),Arithmetic,Gaussian,0.72243,0.02000,000.00004578,000.06911373,000.06136322,000.41054833,000.28
Tournament (k=2),Arithmetic,Gaussian,0.62318,0.05228,000.00000000,000.00242190,000.00246048,000.10504168,000.25
Tournament (k=2),Arithmetic,Gaussian,0.60503,0.23084,000.01007080,000.37854105,000.38276291,000.57748091,000.35
Tournament (k=2),Arithmetic,Gaussian,0.58741,0.13667,000.00090790,000.02045255,000.02307892,000.11328221,000.30
Tournament (k=2),Arithmetic,Gaussian,0.81310,0.05705,000.00000000,000.00745959,000.00553703,000.33422333,000.33
Tournament (k=2),Arithmetic,Gaussian,0.62318,0.30000,000.04274750,000.81047517,001.03435135,000.60810930,000.58
Tournament (k=2),Arithmetic,Gaussian,0.64187,0.23084,000.01363373,000.33451176,000.32950211,000.50239658,000.46
Tournament (k=2),Arithmetic,Gaussian,0.60503,0.09637,000.00002670,000.00159707,000.00157928,000.14362113,000.27
Tournament (k=2),Arithmetic,Gaussian,0.55369,0.11476,000.00008392,000.00359797,000.00320816,000.03348453,000.42
Tournament (k=2),Arithmetic,Gaussian,0.68096,0.21153,000.00433350,000.27834511,000.26222610,000.49793592,000.38
Tournament (k=2),Arithmetic,Gaussian,0.58741,0.30000,000.05078506,000.68621397,000.84233284,000.68252498,000.73
Tournament (k=2),Arithmetic,Gaussian,0.72243,0.08092,000.00000381,000.00170674,000.00096321,000.15554912,000.29
Tournament (k=2),Arithmetic,Gaussian,0.78941,0.30000,000.03710938,000.78106749,001.07442284,000.68917745,000.74
Tournament (k=2),Arithmetic,Gaussian,0.70139,0.13667,000.00051880,000.01884284,000.02035141,000.12955542,000.30
Tournament (k=2),Arithmetic,Gaussian,0.78941,0.03686,000.00000763,000.02867594,000.01571465,000.41644669,000.34
Tournament (k=2),Arithmetic,Gaussian,0.66113,0.30000,000.02191544,000.68667799,001.00238419,000.66433263,000.38
Tournament (k=2),Arithmetic,Gaussian,0.57030,0.06795,000.00000000,000.00101371,000.00130844,000.01731161,000.37
Tournament (k=2),Arithmetic,Gaussian,0.72243,0.23084,000.00758362,000.43419781,000.39730453,000.67724067,000.37
Tournament (k=2),Arithmetic,Gaussian,0.58741,0.05705,000.00000763,000.00191860,000.00165558,000.13749868,000.24
Tournament (k=2),Arithmetic,Gaussian,0.74410,0.14915,000.00228119,000.04846668,000.05458450,000.27419320,000.34
Tournament (k=2),Arithmetic,Gaussian,0.70139,0.04023,000.00001144,000.00975380,000.00948143,000.22058634,000.31
Tournament (k=2),Arithmetic,Gaussian,0.78941,0.10516,000.00004196,000.00411735,000.00276947,000.03713007,000.39
Tournament (k=2),Arithmetic,Gaussian,0.74410,0.04390,000.00000000,000.01001172,000.00946808,000.31433234,000.33
Tournament (k=2),Arithmetic,Gaussian,0.68096,0.06795,000.00000000,000.00131130,000.00076866,000.08189929,000.33
Tournament (k=2),Arithmetic,Gaussian,0.66113,0.05228,000.00000000,000.00283194,000.00212860,000.11427583,000.21
Tournament (k=2),Arithmetic,Gaussian,0.81310,0.17762,000.00313568,000.09885512,000.10478020,000.36408079,000.48
Tournament (k=2),Arithmetic,Gaussian,0.76642,0.07415,000.00000000,000.00105519,000.00045967,000.18384703,000.37
Tournament (k=2),Arithmetic,Gaussian,0.62318,0.16276,000.00244141,000.10637321,000.10280991,000.41425213,000.38
Tournament (k=2),Arithmetic,Gaussian,0.62318,0.05705,000.00002289,000.00174761,000.00144386,000.05973953,000.22
Tournament (k=2),Arithmetic,Gaussian,0.57030,0.02183,000.00004578,000.02822948,000.02764130,000.23952252,000.26
Tournament (k=2),Arithmetic,Gaussian,0.72243,0.02183,000.00019455,000.05943594,000.05248260,000.40312582,000.26
Tournament (k=2),Arithmetic,Gaussian,0.76642,0.02183,000.00015259,000.07013555,000.04609489,000.48714989,000.43
Tournament (k=2),Arithmetic,Gaussian,0.64187,0.06795,000.00001144,000.00091639,000.00065613,000.01312280,000.44
Tournament (k=2),Arithmetic,Gaussian,0.58741,0.14915,000.00022888,000.04149418,000.05272675,000.21570741,000.28
Tournament (k=2),Arithmetic,Gaussian,0.64187,0.02000,000.00005341,000.02718234,000.02686501,000.23134308,000.26
Tournament (k=2),Arithmetic,Gaussian,0.57030,0.19383,000.00814819,000.15507384,000.16934013,000.38018447,000.51
Tournament (k=2),Arithmetic,Gaussian,0.60503,0.10516,000.00004578,000.00227809,000.00210953,000.05259328,000.29
Tournament (k=2),Arithmetic,Gaussian,0.60503,0.25191,000.01755142,000.48454636,000.54666710,000.61925519,000.33
Tournament (k=2),Arithmetic,Gaussian,0.72243,0.08830,000.00000000,000.00076823,000.00068474,000.07024796,000.24
Tournament (k=2),Arithmetic,Gaussian,0.68096,0.23084,000.00714874,000.28783211,000.30579758,000.46989933,000.33
Tournament (k=2),Arithmetic,Gaussian,0.70139,0.14915,000.00086594,000.03881025,000.04037666,000.20342705,000.29
Tournament (k=2),Arithmetic,Gaussian,0.83749,0.03378,000.00005341,000.22424193,000.09753990,000.61931640,000.19
Tournament (k=2),Arithmetic,Gaussian,0.60503,0.02000,000.00035095,000.05288715,000.04510880,000.34785172,000.34
Tournament (k=2),Arithmetic,Gaussian,0.76642,0.21153,000.01213455,000.26255941,000.24358559,000.44575045,000.59
Tournament (k=2),Arithmetic,Gaussian,0.66113,0.05705,000.00000000,000.00281100,000.00189018,000.20929579,000.23
Tournament (k=2),Arithmetic,Gaussian,0.62318,0.06226,000.00000763,000.00268106,000.00200844,000.10820401,000.22
Tournament (k=2),Arithmetic,Gaussian,0.66113,0.12524,000.00065231,000.01205239,000.01203346,000.14945947,000.60
Tournament (k=2),Arithmetic,Gaussian,0.81310,0.06226,000.00000000,000.01257010,000.00617218,000.30288377,000.53
Tournament (k=2),Arithmetic,Gaussian,0.68096,0.02000,000.00011826,000.04595537,000.02790451,000.36268640,000.37
Tournament (k=2),Arithmetic,Gaussian,0.74410,0.16276,000.00111389,000.09370651,000.08454132,000.38387066,000.34
Tournament (k=2),Arithmetic,Gaussian,0.81310,0.02000,000.00050354,000.25678641,000.14776802,000.61119694,000.48
Tournament (k=2),Arithmetic,Gaussian,0.72243,0.02382,000.00000763,000.04459386,000.02981186,000.39786097,000.26
Tournament (k=2),Arithmetic,Gaussian,0.57030,0.07415,000.00000000,000.00074911,000.00065613,000.10632028,000.43
Tournament (k=2),Arithmetic,Gaussian,0.62318,0.17762,000.00321960,000.12123947,000.12081909,000.42460746,000.31
Tournament (k=2),Arithmetic,Gaussian,0.64187,0.25191,000.01829529,000.52298361,000.58170891,000.59421098,000.62
Tournament (k=2),Arithmetic,Gaussian,0.83749,0.10516,000.00004578,000.00253820,000.00250435,000.10420094,000.25
Tournament (k=2),Arithmetic,Gaussian,0.74410,0.04791,000.00000000,000.00538945,000.00388336,000.35305992,000.36
Tournament (k=2),Arithmetic,Gaussian,0.83749,0.03686,000.00003815,000.17972532,000.05277061,000.68576604,000.20
Tournament (k=2),Arithmetic,Gaussian,0.58741,0.16276,000.00102615,000.06136990,000.05953979,000.27418560,000.32
Tournament (k=2),Arithmetic,Gaussian,0.78941,0.04023,000.00001526,000.04126582,000.01696014,000.54990363,000.54
Tournament (k=2),Arithmetic,Gaussian,0.70139,0.04390,000.00000000,000.00595255,000.00451851,000.34456649,000.40
Tournament (k=2),Arithmetic,Gaussian,0.78941,0.11476,000.00004196,000.00727186,000.00690842,000.11580317,000.41
Tournament (k=2),Arithmetic,Gaussian,0.76642,0.08092,000.00000000,000.00137315,000.00068283,000.07818010,000.40
Tournament (k=2),Arithmetic,Gaussian,0.76642,0.02382,000.00023651,000.09172740,000.06133652,000.42941999,000.37
Tournament (k=2),Arithmetic,Gaussian,0.57030,0.02382,000.00000381,000.02289867,000.01830292,000.24476594,000.37
Tournament (k=2),Arithmetic,Gaussian,0.72243,0.25191,000.01599121,000.45673767,000.42177582,000.57556647,000.53
Tournament (k=2),Arithmetic,Gaussian,0.68096,0.07415,000.00000763,000.00295210,000.00166321,000.03673538,000.43
Tournament (k=2),Arithmetic,Gaussian,0.60503,0.27490,000.01667786,000.52578449,000.53612518,000.60209143,000.35
Tournament (k=2),Arithmetic,Gaussian,0.64187,0.02183,000.00001526,000.02578964,000.02914047,000.18075961,000.38
Tournament (k=2),Arithmetic,Gaussian,0.72243,0.09637,000.00003052,000.00152578,000.00126266,000.05763935,000.36
Tournament (k=2),Arithmetic,Gaussian,0.64187,0.07415,000.00000000,000.00070100,000.00066376,000.00805903,000.43
Tournament (k=2),Arithmetic,Gaussian,0.55369,0.12524,000.00018311,000.00969243,000.01087761,000.06134823,000.77
Tournament (k=2),Arithmetic,Gaussian,0.81310,0.19383,000.00985336,000.24450684,000.19936562,000.49963960,000.53
Tournament (k=2),Arithmetic,Gaussian,0.60503,0.02183,000.00017166,000.01865974,000.01851654,000.20486961,000.25
Tournament (k=2),Arithmetic,Gaussian,0.86261,0.02000,000.00001526,000.39695889,000.24071693,000.85537380,000.19
Tournament (k=2),Arithmetic,Gaussian,0.86261,0.06226,000.00000000,000.01455221,000.00378036,000.35826191,000.23
Tournament (k=2),Arithmetic,Gaussian,0.68096,0.25191,000.03215790,000.52145529,000.53706360,000.53456491,000.33
Tournament (k=2),Arithmetic,Gaussian,0.68096,0.02183,000.00003433,000.04262133,000.03524399,000.29842350,000.26
Tournament (k=2),Arithmetic,Gaussian,0.81310,0.02183,000.00105667,000.30623236,000.21876335,000.67717129,000.25
Tournament (k=2),Arithmetic,Gaussian,0.66113,0.06226,000.00000000,000.00186000,000.00092697,000.11041643,000.33
Tournament (k=2),Arithmetic,Gaussian,0.74410,0.17762,000.00300217,000.10137105,000.11124229,000.30424255,000.30
Tournament (k=2),Arithmetic,Gaussian,0.83749,0.11476,000.00017166,000.00548477,000.00581169,000.14573823,000.27
Tournament (k=2),Arithmetic,Gaussian,0.83749,0.04023,000.00001144,000.08024373,000.02480888,000.57066345,000.20
Tournament (k=2),Arithmetic,Gaussian,0.62318,0.19383,000.00082397,000.19396305,000.20680428,000.50859278,000.32
Tournament (k=2),Arithmetic,Gaussian,0.70139,0.16276,000.00168228,000.05692387,000.05752373,000.30410954,000.61
Tournament (k=2),Arithmetic,Gaussian,0.57030,0.21153,000.00042343,000.30615443,000.32182693,000.50122964,000.76
Tournament (k=2),Arithmetic,Gaussian,0.57030,0.08092,000.00000000,000.00053401,000.00054169,000.02635884,000.42
Tournament (k=2),Arithmetic,Gaussian,0.74410,0.05228,000.00002289,000.00752816,000.00432777,000.38998532,000.36
Tournament (k=2),Arithmetic,Gaussian,0.81310,0.06795,000.00000000,000.00850043,000.00183105,000.33234552,000.48
Tournament (k=2),Arithmetic,Gaussian,0.58741,0.17762,000.00278854,000.09845543,000.11204147,000.30216768,000.36
Tournament (k=2),Arithmetic,Gaussian,0.86261,0.02183,000.00024796,000.36336541,000.20267487,000.73171443,000.19
Tournament (k=2),Arithmetic,Gaussian,0.70139,0.04791,000.00004578,000.00460277,000.00376892,000.23614225,000.37
Tournament (k=2),Arithmetic,Gaussian,0.72243,0.02599,000.00000000,000.03085260,000.02740097,000.46833995,000.52
Tournament (k=2),Arithmetic,Gaussian,0.78941,0.04390,000.00002289,000.05148759,000.01931000,000.54797184,000.37
Tournament (k=2),Arithmetic,Gaussian,0.76642,0.08830,000.00000381,000.00308394,000.00116158,000.11499530,000.37
Tournament (k=2),Arithmetic,Gaussian,0.72243,0.27490,000.03458786,000.66865402,000.74845505,000.58848554,000.37
Tournament (k=2),Arithmetic,Gaussian,0.66113,0.13667,000.00029373,000.02066712,000.02030373,000.21566276,000.57
Tournament (k=2),Arithmetic,Gaussian,0.64187,0.02382,000.00027847,000.02451162,000.02383995,000.29963657,000.25
Tournament (k=2),Arithmetic,Gaussian,0.86261,0.06795,000.00000000,000.00970812,000.00330162,000.32071137,000.24
Tournament (k=2),Arithmetic,Gaussian,0.57030,0.02599,000.00002289,000.01293664,000.01305962,000.05014246,000.40
Tournament (k=2),Arithmetic,Gaussian,0.72243,0.10516,000.00007629,000.00370631,000.00321198,000.07214320,000.26
Tournament (k=2),Arithmetic,Gaussian,0.68096,0.08092,000.00000381,000.00092769,000.00062943,000.15986775,000.36
Tournament (k=2),Arithmetic,Gaussian,0.76642,0.02599,000.00009155,000.06125231,000.04064941,000.47677147,000.42
Tournament (k=2),Arithmetic,Gaussian,0.66113,0.06795,000.00000000,000.00137839,000.00078011,000.15457520,000.23
Tournament (k=2),Arithmetic,Gaussian,0.68096,0.27490,000.06223297,000.63926673,000.78554726,000.62646425,000.42
Tournament (k=2),Arithmetic,Gaussian,0.76642,0.23084,000.02725601,000.42009750,000.45078087,000.49810234,000.69
Tournament (k=2),Arithmetic,Gaussian,0.78941,0.12524,000.00066376,000.01105156,000.01184464,000.19267921,000.50
Tournament (k=2),Arithmetic,Gaussian,0.55369,0.13667,000.00067520,000.01791372,000.02174950,000.14814088,000.38
Tournament (k=2),Arithmetic,Gaussian,0.81310,0.02382,000.00065613,000.19939256,000.08598328,000.70716959,000.38
Tournament (k=2),Arithmetic,Gaussian,0.60503,0.02382,000.00007629,000.01926684,000.01895905,000.36217907,000.44
Tournament (k=2),Arithmetic,Gaussian,0.83749,0.04390,000.00003052,000.08824205,000.02556992,000.62171018,000.23
Tournament (k=2),Arithmetic,Gaussian,0.86261,0.02382,000.00098419,000.39732170,000.38644409,000.69898164,000.19
Tournament (k=2),Arithmetic,Gaussian,0.88849,0.03686,000.00001526,000.16386485,000.03452301,000.70880777,000.21
Tournament (k=2),Arithmetic,Gaussian,0.83749,0.12524,000.00028610,000.01591911,000.01756096,000.16714118,000.28
Tournament (k=2),Arithmetic,Gaussian,0.60503,0.30000,000.01045227,000.74102086,001.00804710,000.65426981,000.57
Tournament (k=2),Arithmetic,Gaussian,0.64187,0.08092,000.00000000,000.00113254,000.00077820,000.02498982,000.50
Tournament (k=2),Arithmetic,Gaussian,0.64187,0.27490,000.01107025,000.74121249,001.08545876,000.60507983,000.80
Tournament (k=2),Arithmetic,Gaussian,0.74410,0.19383,000.01021576,000.20583682,000.17362785,000.49972615,000.34
Tournament (k=2),Arithmetic,Gaussian,0.68096,0.02382,000.00009918,000.02691135,000.02931595,000.30289963,000.49
Tournament (k=2),Arithmetic,Gaussian,0.86261,0.19383,000.00847244,000.20914611,000.20036316,000.45018956,000.31
Tournament (k=2),Arithmetic,Gaussian,0.74410,0.05705,000.00000000,000.01093945,000.00550842,000.41205084,000.29
Tournament (k=2),Arithmetic,Gaussian,0.70139,0.17762,000.00938797,000.12583070,000.12307358,000.41662645,000.31
Tournament (k=2),Arithmetic,Gaussian,0.70139,0.05228,000.00000000,000.00697794,000.00463104,000.20195620,000.28
Tournament (k=2),Arithmetic,Gaussian,0.81310,0.07415,000.00000000,000.00267725,000.00122833,000.11552475,000.33
Tournament (k=2),Arithmetic,Gaussian,0.78941,0.04791,000.00000763,000.00865273,000.00466919,000.26000026,000.33
Tournament (k=2),Arithmetic,Gaussian,0.81310,0.21153,000.00677872,000.21344495,000.21117401,000.47382227,000.65
Tournament (k=2),Arithmetic,Gaussian,0.72243,0.30000,000.02143860,000.75223958,000.98695755,000.64490730,000.37
Tournament (k=2),Arithmetic,Gaussian,0.76642,0.09637,000.00000763,000.00182447,000.00155830,000.07756891,000.38
Tournament (k=2),Arithmetic,Gaussian,0.86261,0.07415,000.00000000,000.01127949,000.00368500,000.33360568,000.23
Tournament (k=2),Arithmetic,Gaussian,0.76642,0.02837,000.00005341,000.06473360,000.04005623,000.45421782,000.25
Tournament (k=2),Arithmetic,Gaussian,0.72243,0.02837,000.00000763,000.04076085,000.03880310,000.43091145,000.43
Tournament (k=2),Arithmetic,Gaussian,0.88849,0.11476,000.00021362,000.00732074,000.00653648,000.17290118,000.26
Tournament (k=2),Arithmetic,Gaussian,0.72243,0.11476,000.00016403,000.00503597,000.00537300,000.11121591,000.29
Tournament (k=2),Arithmetic,Gaussian,0.83749,0.04791,000.00000763,000.03774643,000.01611710,000.48882866,000.22
Tournament (k=2),Arithmetic,Gaussian,0.57030,0.08830,000.00000000,000.00071549,000.00071716,000.04970619,000.53
Tournament (k=2),Arithmetic,Gaussian,0.68096,0.08830,000.00000381,000.00093260,000.00080490,000.13017270,000.33
Tournament (k=2),Arithmetic,Gaussian,0.57030,0.23084,000.00720596,000.34594473,000.36498451,000.53404707,000.55
Tournament (k=2),Arithmetic,Gaussian,0.86261,0.02599,000.00007248,000.23780927,000.09306908,000.64490730,000.28
Tournament (k=2),Arithmetic,Gaussian,0.62318,0.02000,000.00035477,000.04589162,000.03652763,000.25601092,000.18
Tournament (k=2),Arithmetic,Gaussian,0.68096,0.30000,000.09066772,000.70576328,000.85438919,000.66541409,000.36
Tournament (k=2),Arithmetic,Gaussian,0.57030,0.02837,000.00004959,000.01180463,000.01043510,000.13661785,000.36
Tournament (k=2),Arithmetic,Gaussian,0.88849,0.04023,000.00000763,000.25321087,000.04688263,000.71953452,000.21
Tournament (k=2),Arithmetic,Gaussian,0.78941,0.13667,000.00080872,000.02395873,000.02688599,000.22197901,000.39
Tournament (k=2),Arithmetic,Gaussian,0.55369,0.14915,000.00266647,000.03348412,000.03249550,000.16166726,000.40
Tournament (k=2),Arithmetic,Gaussian,0.64187,0.02599,000.00001526,000.01398373,000.01236153,000.16324560,000.47
Tournament (k=2),Arithmetic,Gaussian,0.81310,0.02599,000.00041199,000.17311125,000.05138969,000.67713404,000.41
Tournament (k=2),Arithmetic,Gaussian,0.83749,0.13667,000.00045776,000.02299199,000.02644539,000.15926734,000.30
Tournament (k=2),Arithmetic,Gaussian,0.74410,0.02000,000.00001144,000.13367715,000.06428337,000.52464569,000.18
Tournament (k=2),Arithmetic,Gaussian,0.76642,0.25191,000.04516602,000.49336895,000.48279190,000.64131922,000.47
Tournament (k=2),Arithmetic,Gaussian,0.60503,0.02599,000.00000763,000.01347308,000.01478767,000.16022627,000.49
Tournament (k=2),Arithmetic,Gaussian,0.64187,0.08830,000.00001526,000.00098104,000.00055122,000.01540879,000.36
Tournament (k=2),Arithmetic,Gaussian,0.68096,0.02599,000.00002289,000.02676463,000.02288818,000.36593682,000.29
Tournament (k=2),Arithmetic,Gaussian,0.74410,0.21153,000.00718307,000.23205762,000.22486877,000.52485681,000.32
Tournament (k=2),Arithmetic,Gaussian,0.78941,0.05228,000.00000381,000.01087928,000.00350761,000.35912099,000.30
Tournament (k=2),Arithmetic,Gaussian,0.64187,0.30000,000.07576752,000.76074815,001.02449226,000.62223792,000.42
Tournament (k=2),Arithmetic,Gaussian,0.66113,0.14915,000.00083923,000.04134474,000.04164886,000.23318534,000.68
Tournament (k=2),Arithmetic,Gaussian,0.81310,0.08092,000.00000000,000.00302982,000.00111580,000.22412694,000.35
Tournament (k=2),Arithmetic,Gaussian,0.86261,0.08092,000.00000381,000.00206857,000.00086212,000.15486436,000.29
Tournament (k=2),Arithmetic,Gaussian,0.86261,0.02837,000.00007248,000.31870800,000.16560745,000.70701373,000.18
Tournament (k=2),Arithmetic,Gaussian,0.86261,0.21153,000.00355148,000.33798590,000.27443695,000.50527185,000.60
Tournament (k=2),Arithmetic,Gaussian,0.76642,0.03095,000.00028992,000.03810401,000.04076767,000.46540597,000.30
Tournament (k=2),Arithmetic,Gaussian,0.70139,0.19383,000.00939560,000.15931110,000.18240929,000.40945071,000.38
Tournament (k=2),Arithmetic,Gaussian,0.88849,0.12524,000.00037384,000.01297173,000.01213837,000.27776149,000.30
Tournament (k=2),Arithmetic,Gaussian,0.83749,0.05228,000.00000381,000.09115925,000.03362846,000.71332955,000.21
Tournament (k=2),Arithmetic,Gaussian,0.70139,0.02000,000.00009155,000.05203028,000.03621674,000.37214339,000.17
Tournament (k=2),Arithmetic,Gaussian,0.91514,0.02183,000.00028610,000.43666968,000.39104462,000.74749339,000.18
Tournament (k=2),Arithmetic,Gaussian,0.72243,0.12524,000.00042725,000.01281075,000.00983429,000.15638466,000.33
Tournament (k=2),Arithmetic,Gaussian,0.72243,0.03095,000.00002289,000.03511453,000.02143669,000.49205866,000.34
Tournament (k=2),Arithmetic,Gaussian,0.76642,0.10516,000.00001526,000.00285649,000.00239563,000.03908578,000.36
Tournament (k=2),Arithmetic,Gaussian,0.68096,0.09637,000.00000000,000.00133462,000.00143433,000.01343353,000.31
Tournament (k=2),Arithmetic,Gaussian,0.70139,0.05705,000.00000763,000.00589170,000.00368309,000.17277119,000.50
Tournament (k=2),Arithmetic,Gaussian,0.88849,0.04390,000.00000381,000.06265306,000.02429008,000.53194606,000.18
Tournament (k=2),Arithmetic,Gaussian,0.57030,0.03095,000.00000763,000.01073465,000.01148224,000.12007384,000.23
Tournament (k=2),Arithmetic,Gaussian,0.81310,0.23084,000.02015686,000.37197906,000.38719559,000.49655572,000.55
Tournament (k=2),Arithmetic,Gaussian,0.74410,0.06226,000.00000000,000.00259347,000.00214958,000.34038776,000.58
Tournament (k=2),Arithmetic,Gaussian,0.83749,0.05705,000.00000763,000.02632108,000.00747108,000.57335603,000.21
Tournament (k=2),Arithmetic,Gaussian,0.70139,0.02183,000.00061798,000.03898516,000.03486824,000.38681293,000.21
Tournament (k=2),Arithmetic,Gaussian,0.64187,0.02837,000.00000000,000.01484194,000.01456451,000.24230470,000.24
Tournament (k=2),Arithmetic,Gaussian,0.81310,0.02837,000.00019836,000.11946325,000.04116058,000.83772796,000.24
Tournament (k=2),Arithmetic,Gaussian,0.91514,0.02382,000.00003815,000.30758801,000.15778732,000.69854534,000.24
Tournament (k=2),Arithmetic,Gaussian,0.83749,0.14915,000.00130844,000.04771919,000.04433060,000.32128903,000.28
Tournament (k=2),Arithmetic,Gaussian,0.86261,0.23084,000.02963257,000.34141827,000.33714485,000.54028475,000.30
Tournament (k=2),Arithmetic,Gaussian,0.60503,0.02837,000.00002289,000.01419382,000.01291275,000.15304370,000.18
Tournament (k=2),Arithmetic,Gaussian,0.66113,0.02000,000.00020599,000.03824649,000.03729439,000.23646593,000.17
Tournament (k=2),Arithmetic,Gaussian,0.78941,0.14915,000.00059891,000.03557243,000.03887558,000.17033914,000.34
Tournament (k=2),Arithmetic,Gaussian,0.72243,0.13667,000.00119019,000.02444677,000.02474976,000.21748555,000.30
Tournament (k=2),Arithmetic,Gaussian,0.57030,0.25191,000.01708221,000.45056266,000.40874481,000.54095328,000.53
Tournament (k=2),Arithmetic,Gaussian,0.76642,0.27490,000.03345871,000.72950882,001.05082130,000.63111609,000.35
Tournament (k=2),Arithmetic,Gaussian,0.68096,0.02837,000.00003815,000.01990318,000.01685333,000.29594275,000.25
Tournament (k=2),Arithmetic,Gaussian,0.91514,0.06795,000.00000381,000.01244850,000.00386047,000.32647082,000.25
Tournament (k=2),Arithmetic,Gaussian,0.78941,0.05705,000.00001144,000.01439776,000.00892258,000.43187159,000.26
Tournament (k=2),Arithmetic,Gaussian,0.86261,0.03095,000.00005341,000.27290291,000.13064957,000.71555400,000.17
Tournament (k=2),Arithmetic,Gaussian,0.55369,0.16276,000.00228882,000.06415419,000.07081795,000.28393194,000.44
Tournament (k=2),Arithmetic,Gaussian,0.57030,0.09637,000.00000763,000.00114856,000.00129318,000.01144641,000.62
Tournament (k=2),Arithmetic,Gaussian,0.74410,0.02183,000.00001144,000.05373850,000.04501724,000.42248988,000.17
Tournament (k=2),Arithmetic,Gaussian,0.86261,0.08830,000.00002289,000.00241308,000.00130844,000.21813111,000.22
Tournament (k=2),Arithmetic,Gaussian,0.88849,0.04791,000.00000381,000.12051129,000.04332733,000.59310836,000.19
Tournament (k=2),Arithmetic,Gaussian,0.81310,0.08830,000.00000000,000.00129271,000.00087929,000.14664109,000.29
Tournament (k=2),Arithmetic,Gaussian,0.76642,0.11476,000.00010681,000.00574856,000.00658035,000.13757759,000.47
Tournament (k=2),Arithmetic,Gaussian,0.72243,0.03378,000.00002289,000.01781135,000.01253510,000.42754042,000.24
Tournament (k=2),Arithmetic,Gaussian,0.76642,0.03378,000.00009155,000.14032479,000.03788948,000.54086059,000.25
Tournament (k=2),Arithmetic,Gaussian,0.66113,0.16276,000.00556183,000.08452816,000.09634781,000.34905449,000.34
Tournament (k=2),Arithmetic,Gaussian,0.88849,0.13667,000.00099945,000.02542415,000.02570724,000.20393182,000.26
Tournament (k=2),Arithmetic,Gaussian,0.70139,0.02382,000.00009155,000.02122436,000.02074432,000.26308632,000.17
Tournament (k=2),Arithmetic,Gaussian,0.70139,0.06226,000.00001526,000.00190830,000.00144577,000.18433155,000.27
Tournament (k=2),Arithmetic,Gaussian,0.70139,0.21153,000.00803375,000.27307105,000.28596878,000.45691177,000.29
Tournament (k=2),Arithmetic,Gaussian,0.64187,0.09637,000.00000763,000.00151763,000.00112915,000.05403560,000.29
Tournament (k=2),Arithmetic,Gaussian,0.68096,0.10516,000.00001526,000.00239682,000.00191116,000.05025515,000.30
Tournament (k=2),Arithmetic,Gaussian,0.74410,0.23084,000.02000427,000.31719026,000.28581810,000.50546050,000.50
Tournament (k=2),Arithmetic,Gaussian,0.83749,0.06226,000.00000000,000.01341891,000.00552559,000.32091886,000.21
Tournament (k=2),Arithmetic,Gaussian,0.91514,0.07415,000.00000000,000.00557518,000.00299263,000.23525062,000.27
Tournament (k=2),Arithmetic,Gaussian,0.64187,0.03095,000.00001907,000.01108389,000.01042557,000.15277798,000.24
Tournament (k=2),Arithmetic,Gaussian,0.81310,0.03095,000.00001144,000.04932356,000.03175545,000.52790451,000.24
Tournament (k=2),Arithmetic,Gaussian,0.83749,0.16276,000.00421906,000.06207290,000.05708313,000.26805297,000.27
Tournament (k=2),Arithmetic,Gaussian,0.78941,0.06226,000.00000381,000.00937018,000.00358582,000.38301572,000.32
Tournament (k=2),Arithmetic,Gaussian,0.66113,0.02183,000.00000000,000.02740183,000.02626610,000.26169237,000.17
Tournament (k=2),Arithmetic,Gaussian,0.94259,0.04023,000.00003052,000.28374559,000.08200264,000.62190717,000.18
Tournament (k=2),Arithmetic,Gaussian,0.86261,0.03378,000.00015259,000.23776598,000.06478882,000.76155734,000.19
Tournament (k=2),Arithmetic,Gaussian,0.60503,0.03095,000.00003052,000.01031518,000.01029778,000.18445419,000.23
Tournament (k=2),Arithmetic,Gaussian,0.74410,0.02382,000.00062561,000.06753001,000.05323792,000.48305064,000.18
Tournament (k=2),Arithmetic,Gaussian,0.86261,0.25191,000.03522110,000.47832364,000.49344826,000.59262413,000.31
Tournament (k=2),Arithmetic,Gaussian,0.68096,0.03095,000.00001144,000.01886916,000.02201080,000.25929299,000.43
Tournament (k=2),Arithmetic,Gaussian,0.88849,0.05228,000.00002289,000.07046866,000.01463890,000.61962539,000.19
Tournament (k=2),Arithmetic,Gaussian,0.74410,0.06795,000.00000000,000.00327516,000.00136757,000.36521286,000.27
Tournament (k=2),Arithmetic,Gaussian,0.86261,0.09637,000.00007248,000.00288310,000.00178909,000.03695355,000.24
Tournament (k=2),Arithmetic,Gaussian,0.81310,0.25191,000.01288605,000.53207189,000.53546524,000.59207952,000.52
Tournament (k=2),Arithmetic,Gaussian,0.91514,0.02599,000.00008392,000.35113779,000.12272072,000.78563237,000.44
Tournament (k=2),Arithmetic,Gaussian,0.97087,0.02382,000.00080490,000.39781779,000.37009430,000.62747085,000.17
Tournament (k=2),Arithmetic,Gaussian,0.70139,0.06795,000.00000000,000.00146360,000.00143242,000.10147662,000.29
Tournament (k=2),Arithmetic,Gaussian,0.78941,0.16276,000.00364304,000.06416621,000.07191277,000.26995388,000.35
Tournament (k=2),Arithmetic,Gaussian,0.72243,0.03686,000.00000000,000.01236296,000.01156235,000.41924176,000.24
Tournament (k=2),Arithmetic,Gaussian,0.91514,0.21153,000.01792908,000.18801561,000.16919708,000.52892983,000.60
Tournament (k=2),Arithmetic,Gaussian,0.76642,0.03686,000.00010681,000.02134447,000.01212311,000.44422093,000.24
Tournament (k=2),Arithmetic,Gaussian,0.57030,0.27490,000.00906754,000.48741835,000.53424835,000.64103109,000.39
Tournament (k=2),Arithmetic,Gaussian,0.88849,0.14915,000.00104904,000.03791270,000.03572464,000.27723756,000.27
Tournament (k=2),Arithmetic,Gaussian,0.81310,0.09637,000.00000000,000.00235481,000.00199699,000.18005273,000.33
Tournament (k=2),Arithmetic,Gaussian,0.76642,0.12524,000.00028992,000.01265278,000.01184845,000.07181288,000.32
Tournament (k=2),Arithmetic,Gaussian,0.94259,0.12524,000.00098038,000.01278648,000.01164436,000.11854531,000.38
Tournament (k=2),Arithmetic,Gaussian,0.97087,0.07415,000.00000000,000.01985455,000.00581551,000.44308719,000.28
Tournament (k=2),Arithmetic,Gaussian,0.66113,0.17762,000.00293732,000.09913526,000.10077477,000.36485395,000.35
Tournament (k=2),Arithmetic,Gaussian,0.70139,0.23084,000.02302170,000.32769066,000.29430389,000.48521045,000.32
Tournament (k=2),Arithmetic,Gaussian,0.76642,0.30000,000.02940750,000.83527213,001.12054062,000.75024086,000.49
Tournament (k=2),Arithmetic,Gaussian,0.83749,0.06795,000.00000381,000.00705438,000.00264359,000.34552372,000.22
Tournament (k=2),Arithmetic,Gaussian,0.91514,0.08092,000.00000381,000.00125890,000.00052452,000.12270132,000.21
Tournament (k=2),Arithmetic,Gaussian,0.64187,0.03378,000.00002289,000.00774260,000.00802612,000.12736489,000.23
Tournament (k=2),Arithmetic,Gaussian,0.74410,0.02599,000.00000000,000.05251279,000.04692078,000.41772413,000.17
Tournament (k=2),Arithmetic,Gaussian,0.86261,0.03686,000.00006104,000.08659997,000.02354622,000.52214932,000.17
Tournament (k=2),Arithmetic,Gaussian,0.64187,0.10516,000.00004959,000.00258098,000.00180435,000.12416325,000.29
Tournament (k=2),Arithmetic,Gaussian,0.74410,0.25191,000.00515747,000.45874149,000.51145172,000.56714082,000.30
Tournament (k=2),Arithmetic,Gaussian,0.83749,0.17762,000.00586700,000.10092092,000.12081528,000.34649563,000.28
Tournament (k=2),Arithmetic,Gaussian,0.74410,0.07415,000.00000000,000.00205140,000.00084496,000.22644804,000.34
Tournament (k=2),Arithmetic,Gaussian,0.81310,0.03378,000.00045776,000.17444840,000.05307770,000.59457135,000.35
Tournament (k=2),Arithmetic,Gaussian,0.91514,0.02837,000.00002289,000.30335522,000.12573242,000.70338166,000.17
Tournament (k=2),Arithmetic,Gaussian,0.97087,0.23084,000.01632309,000.39280516,000.29699516,000.67010367,000.31
Tournament (k=2),Arithmetic,Gaussian,0.97087,0.02599,000.00103760,000.31472406,000.16366196,000.71487516,000.17
Tournament (k=2),Arithmetic,Gaussian,0.60503,0.03378,000.00001526,000.01112766,000.01183510,000.14364457,000.32
Tournament (k=2),Arithmetic,Gaussian,0.88849,0.05705,000.00000000,000.05103102,000.01450348,000.59653145,000.19
Tournament (k=2),Arithmetic,Gaussian,0.72243,0.04023,000.00001526,000.01031318,000.00924301,000.28542182,000.23
Tournament (k=2),Arithmetic,Gaussian,0.76642,0.04023,000.00000000,000.03613834,000.02109909,000.53072774,000.23
Tournament (k=2),Arithmetic,Gaussian,0.70139,0.07415,000.00000381,000.00220914,000.00118828,000.11339689,000.26
Tournament (k=2),Arithmetic,Gaussian,0.94259,0.04390,000.00003433,000.28851795,000.07101440,000.70875460,000.42
Tournament (k=2),Arithmetic,Gaussian,0.68096,0.11476,000.00013351,000.00472026,000.00530243,000.03196793,000.30
Tournament (k=2),Arithmetic,Gaussian,0.86261,0.10516,000.00002289,000.00300574,000.00259018,000.14210887,000.24
Tournament (k=2),Arithmetic,Gaussian,0.83749,0.07415,000.00000000,000.00219665,000.00094604,000.19249347,000.23
Tournament (k=2),Arithmetic,Gaussian,0.78941,0.06795,000.00000000,000.00358615,000.00097084,000.29074046,000.46
Tournament (k=2),Arithmetic,Uniform,0.40000,0.02599,000.00001144,000.11406727,000.08959579,000.41868857,000.15
Tournament (k=2),Arithmetic,Gaussian,0.88849,0.16276,000.00210571,000.07850961,000.08136940,000.38420376,000.33
Tournament (k=2),Arithmetic,Gaussian,0.86261,0.04023,000.00000381,000.12530509,000.02772522,000.59748483,000.18
Tournament (k=2),Arithmetic,Gaussian,0.86261,0.27490,000.01782990,000.63275480,000.78246117,000.60758871,000.46
Tournament (k=2),Arithmetic,Gaussian,1.00000,0.04390,000.00002289,000.26313251,000.04438972,000.65212917,000.22
Tournament (k=2),Arithmetic,Gaussian,0.68096,0.03378,000.00004196,000.01238723,000.00989342,000.22671704,000.44
Tournament (k=2),Arithmetic,Gaussian,0.76642,0.13667,000.00054169,000.02483287,000.02513695,000.15790135,000.33
Tournament (k=2),Arithmetic,Gaussian,0.83749,0.19383,000.00886917,000.15995064,000.15076256,000.47906476,000.35
Tournament (k=2),Arithmetic,Gaussian,0.94259,0.13667,000.00001907,000.02075939,000.02251053,000.23156661,000.56
Tournament (k=2),Arithmetic,Gaussian,0.78941,0.02000,000.00008774,000.26820269,000.14890671,000.62000155,000.38
Tournament (k=2),Arithmetic,Gaussian,1.00000,0.13667,000.00032043,000.02191439,000.02218246,000.30162218,000.30
Tournament (k=2),Arithmetic,Gaussian,0.91514,0.08830,000.00001526,000.00521188,000.00205803,000.21656421,000.25
Tournament (k=2),Arithmetic,Gaussian,0.91514,0.03095,000.00005341,000.33512479,000.13184547,000.72208476,000.18
Tournament (k=2),Arithmetic,Gaussian,0.97087,0.08092,000.00000000,000.00646181,000.00165176,000.24831243,000.46
Tournament (k=2),Arithmetic,Gaussian,0.64187,0.11476,000.00021362,000.00479603,000.00434303,000.05199460,000.43
Tournament (k=2),Arithmetic,Gaussian,0.81310,0.10516,000.00003052,000.00407929,000.00353622,000.10613486,000.47
Tournament (k=2),Arithmetic,Gaussian,0.78941,0.17762,000.00212479,000.13767810,000.11811447,000.47793633,000.52
Tournament (k=2),Arithmetic,Gaussian,0.91514,0.23084,000.02904510,000.45533156,000.36316872,000.60926193,000.56
Tournament (k=2),Arithmetic,Gaussian,0.88849,0.06226,000.00000000,000.01685209,000.00794983,000.44969645,000.20
Tournament (k=2),Arithmetic,Gaussian,0.74410,0.08092,000.00000763,000.00196290,000.00107574,000.08320545,000.30
Tournament (k=2),Arithmetic,Gaussian,0.64187,0.03686,000.00000000,000.00965633,000.00830078,000.14517564,000.45
Tournament (k=2),Arithmetic,Gaussian,0.81310,0.03686,000.00002289,000.08851123,000.02733231,000.62797982,000.27
Tournament (k=2),Arithmetic,Gaussian,0.97087,0.02837,000.00035858,000.27146196,000.11632729,000.81139535,000.26
Tournament (k=2),Arithmetic,Uniform,0.40000,0.08092,000.00003815,000.00686817,000.00610733,000.04007046,000.24
Tournament (k=2),Arithmetic,Gaussian,0.66113,0.19383,000.00735474,000.22518501,000.23118973,000.41440162,000.67
Tournament (k=2),Arithmetic,Gaussian,0.97087,0.25191,000.01907730,000.58107394,000.60380173,000.56275815,000.30
Tournament (k=2),Arithmetic,Uniform,0.40000,0.02837,000.00019836,000.13773599,000.11745834,000.43453464,000.16
Tournament (k=2),Arithmetic,Gaussian,0.81310,0.27490,000.01786423,000.55915225,000.69688606,000.67479062,000.65
Tournament (k=2),Arithmetic,Gaussian,0.57030,0.30000,000.06130981,000.75914168,000.90670204,000.60522902,000.66
Tournament (k=2),Arithmetic,Gaussian,0.83749,0.08092,000.00000381,000.00209479,000.00071526,000.12243577,000.22
Tournament (k=2),Arithmetic,Gaussian,0.86261,0.04390,000.00002670,000.10452528,000.02692413,000.55000043,000.19
Tournament (k=2),Arithmetic,Gaussian,0.94259,0.04791,000.00001526,000.23759103,000.04115677,000.61900365,000.29
Tournament (k=2),Arithmetic,Gaussian,0.86261,0.11476,000.00017166,000.00887966,000.00966835,000.12786847,000.25
Tournament (k=2),Arithmetic,Gaussian,0.76642,0.04390,000.00000763,000.04035892,000.01399994,000.50090343,000.34
Tournament (k=2),Arithmetic,Gaussian,0.72243,0.04390,000.00003052,000.00660820,000.00416183,000.19307852,000.35
Tournament (k=2),Arithmetic,Uniform,0.40000,0.25191,000.24467850,001.74645615,002.04264069,000.96199399,000.35
Tournament (k=2),Arithmetic,Gaussian,0.78941,0.07415,000.00000000,000.00135894,000.00058556,000.15917104,000.28
Tournament (k=2),Arithmetic,Gaussian,0.88849,0.17762,000.00237656,000.10274573,000.09877586,000.33904809,000.28
Tournament (k=2),Arithmetic,Uniform,0.41200,0.04791,000.00035858,000.02608809,000.02754974,000.18698071,000.20
Tournament (k=2),Arithmetic,Gaussian,1.00000,0.04791,000.00000381,000.22469278,000.03842545,000.61582029,000.26
Tournament (k=2),Arithmetic,Gaussian,0.86261,0.30000,000.03316498,000.71213955,000.96781158,000.63688511,000.33
Tournament (k=2),Arithmetic,Gaussian,0.91514,0.03378,000.00012207,000.27069193,000.06741333,000.75880086,000.18
Tournament (k=2),Arithmetic,Uniform,0.41200,0.14915,000.01255035,000.35168839,000.32359695,000.64581007,000.27
Tournament (k=2),Arithmetic,Gaussian,0.91514,0.09637,000.00005722,000.00220680,000.00190353,000.06032402,000.23
Tournament (k=2),Arithmetic,Gaussian,0.83749,0.21153,000.00396729,000.26368672,000.22394753,000.52787983,000.28
Tournament (k=2),Arithmetic,Gaussian,1.00000,0.14915,000.00297928,000.03356781,000.02804947,000.29129389,000.26
Tournament (k=2),Arithmetic,Uniform,0.42436,0.02837,000.00006485,000.14460015,000.17011070,000.40660155,000.30
Tournament (k=2),Arithmetic,Gaussian,0.76642,0.14915,000.00119781,000.03753281,000.03899765,000.28020987,000.36
Tournament (k=2),Arithmetic,Gaussian,0.88849,0.06795,000.00000000,000.02154403,000.00231552,000.43831855,000.20
Tournament (k=2),Arithmetic,Uniform,0.42436,0.08830,000.00000381,000.00681944,000.00626564,000.04769567,000.31
Tournament (k=2),Arithmetic,Uniform,0.43709,0.05228,000.00007248,000.01354737,000.01356697,000.04489077,000.21
Tournament (k=2),Arithmetic,Gaussian,0.97087,0.03095,000.00015640,000.30614561,000.07440758,000.66266483,000.17
Tournament (k=2),Arithmetic,Gaussian,0.68096,0.03686,000.00001144,000.00696225,000.00504494,000.23469743,000.40
Tournament (k=2),Arithmetic,Uniform,0.45020,0.03095,000.00000763,000.08504744,000.07778931,000.31956181,000.20
Tournament (k=2),Arithmetic,Gaussian,1.00000,0.05228,000.00000763,000.13262406,000.02555847,000.55011868,000.20
Tournament (k=2),Arithmetic,Gaussian,0.88849,0.02000,000.00097275,000.33878002,000.18938255,000.74415231,000.17
Tournament (k=2),Arithmetic,Gaussian,0.68096,0.12524,000.00006104,000.00934987,000.01054382,000.08733926,000.61
Tournament (k=2),Arithmetic,Gaussian,0.81310,0.04023,000.00003815,000.03244223,000.02507019,000.48185989,000.23
Tournament (k=2),Arithmetic,Uniform,0.42436,0.27490,000.04238892,001.66038454,001.94549751,001.20762932,000.33
Tournament (k=2),Arithmetic,Gaussian,0.97087,0.08830,000.00002670,000.00622902,000.00215912,000.32806358,000.28
Tournament (k=2),Arithmetic,Gaussian,0.81310,0.11476,000.00022507,000.00530014,000.00494766,000.15857914,000.30
Tournament (k=2),Arithmetic,Uniform,0.43709,0.16276,000.02033234,000.60151279,000.85291862,000.63036269,000.28
Tournament (k=2),Arithmetic,Gaussian,0.78941,0.02183,000.00057983,000.15644793,000.06567764,000.61132967,000.44
Tournament (k=2),Arithmetic,Gaussian,0.78941,0.19383,000.00651169,000.26202178,000.23020744,000.48410827,000.36
Tournament (k=2),Arithmetic,Uniform,0.40000,0.03095,000.00003052,000.09177604,000.08523560,000.39566067,000.15
Tournament (k=2),Arithmetic,Uniform,0.40000,0.08830,000.00001526,000.00923643,000.00734711,000.05613073,000.23
Tournament (k=2),Arithmetic,Gaussian,0.91514,0.25191,000.01240540,000.47016501,000.55397415,000.48897964,000.39
Tournament (k=2),Arithmetic,Gaussian,0.86261,0.04791,000.00004196,000.11028604,000.02024841,000.57695019,000.19
Tournament (k=2),Arithmetic,Gaussian,0.94259,0.05228,000.00000763,000.08995271,000.02512550,000.64698315,000.19
Tournament (k=2),Arithmetic,Gaussian,0.83749,0.08830,000.00001907,000.00247068,000.00159836,000.15006748,000.22
Tournament (k=2),Arithmetic,Gaussian,0.66113,0.21153,000.01237488,000.22173810,000.24313164,000.55554187,000.28
Tournament (k=2),Arithmetic,Gaussian,0.97087,0.27490,000.11022949,000.61282629,000.74990463,000.62494636,000.30
Tournament (k=2),Arithmetic,Uniform,0.45020,0.03378,000.00041199,000.06634836,000.06242371,000.30818093,000.27
Tournament (k=2),Arithmetic,Uniform,0.40000,0.03378,000.00061798,000.07511806,000.07427788,000.27038541,000.15
Tournament (k=2),Arithmetic,Uniform,0.45020,0.09637,000.00001144,000.00781679,000.00722694,000.15074345,000.24
Tournament (k=2),Arithmetic,Gaussian,0.76642,0.04791,000.00001907,000.01021543,000.00598145,000.36538845,000.24
Tournament (k=2),Arithmetic,Gaussian,0.86261,0.12524,000.00059891,000.01241055,000.01311302,000.13411225,000.29
Tournament (k=2),Arithmetic,Gaussian,0.88849,0.19383,000.00559235,000.14572759,000.13936996,000.39773890,000.29
Tournament (k=2),Arithmetic,Gaussian,0.91514,0.03686,000.00003052,000.24524751,000.06432724,000.75023967,000.23
Tournament (k=2),Arithmetic,Uniform,0.40000,0.27490,000.15761566,001.78589404,002.12203789,000.88419634,000.30
Tournament (k=2),Arithmetic,Gaussian,0.88849,0.07415,000.00000000,000.00426765,000.00083160,000.22510882,000.21
Tournament (k=2),Arithmetic,Gaussian,0.94259,0.14915,000.00094223,000.05076432,000.04557037,000.31736562,000.71
Tournament (k=2),Arithmetic,Gaussian,0.78941,0.08092,000.00000763,000.00357509,000.00162697,000.04828663,000.33
Tournament (k=2),Arithmetic,Gaussian,0.86261,0.05228,000.00001526,000.03483591,000.02019119,000.44052896,000.19
Tournament (k=2),Arithmetic,Gaussian,0.94259,0.05705,000.00000000,000.07343759,000.03157425,000.49956414,000.19
Tournament (k=2),Arithmetic,Uniform,0.40000,0.03686,000.00012207,000.05939608,000.06304550,000.26980734,000.15
Tournament (k=2),Arithmetic,Gaussian,0.81310,0.30000,000.07446289,000.89782965,001.20028114,000.75282699,000.44
Tournament (k=2),Arithmetic,Gaussian,0.83749,0.09637,000.00002289,000.00148869,000.00137901,000.12280577,000.23
Tournament (k=2),Arithmetic,Gaussian,0.97087,0.03378,000.00003052,000.23742390,000.06400871,000.62720615,000.18
Tournament (k=2),Arithmetic,Uniform,0.43709,0.05705,000.00000763,000.00854602,000.00794029,000.11043057,000.21
Tournament (k=2),Arithmetic,Gaussian,0.88849,0.02183,000.00076675,000.35818458,000.15476036,000.79675537,000.17
Tournament (k=2),Arithmetic,Gaussian,1.00000,0.05705,000.00000000,000.07418160,000.03042221,000.66293335,000.20
Tournament (k=2),Arithmetic,Gaussian,0.97087,0.30000,000.01570892,000.65183038,000.80863380,000.65415847,000.32
Tournament (k=2),Arithmetic,Uniform,0.41200,0.05228,000.00003052,000.01216893,000.01075745,000.11355604,000.16
Tournament (k=2),Arithmetic,Gaussian,0.68096,0.04023,000.00005341,000.00777140,000.00713921,000.28449830,000.23
Tournament (k=2),Arithmetic,Uniform,0.47762,0.03378,000.00024414,000.06313615,000.06926918,000.25182968,000.20
Tournament (k=2),Arithmetic,Gaussian,0.78941,0.02382,000.00027466,000.31638926,000.18136406,000.66213065,000.22
Tournament (k=2),Arithmetic,Gaussian,0.81310,0.04390,000.00002289,000.01333451,000.00955391,000.47155148,000.24
Tournament (k=2),Arithmetic,Uniform,0.41200,0.16276,000.02373123,000.66600406,001.01665306,000.59716982,000.23
Tournament (k=2),Arithmetic,Uniform,0.46371,0.17762,000.01049042,000.68240368,000.99937439,000.74449259,000.29
Tournament (k=2),Arithmetic,Uniform,0.42436,0.03095,000.00000763,000.08199711,000.09752655,000.32017758,000.49
Tournament (k=2),Arithmetic,Gaussian,0.91514,0.10516,000.00007248,000.00498509,000.00444794,000.13588513,000.23
Tournament (k=2),Arithmetic,Uniform,0.43709,0.17762,000.02991867,000.81023407,001.07980347,000.72912544,000.28
Tournament (k=2),Arithmetic,Gaussian,0.97087,0.09637,000.00001144,000.00323172,000.00222206,000.18603550,000.29
Tournament (k=2),Arithmetic,Uniform,0.45020,0.03686,000.00028610,000.06969557,000.07708359,000.31089234,000.42
Tournament (k=2),Arithmetic,Uniform,0.42436,0.30000,000.21010208,001.91388321,002.18047905,001.10854435,000.31
Tournament (k=2),Arithmetic,Uniform,0.45020,0.30000,000.03528595,002.00736856,002.37029648,001.09468889,000.55
Tournament (k=2),Arithmetic,Uniform,0.40000,0.09637,000.00005341,000.01095567,000.01075745,000.14822443,000.57
Tournament (k=2),Arithmetic,Gaussian,1.00000,0.16276,000.00389099,000.05908513,000.05601883,000.34914625,000.26
Tournament (k=2),Arithmetic,Gaussian,0.91514,0.04023,000.00034332,000.26412201,000.07924652,000.70995051,000.18
Tournament (k=2),Arithmetic,Gaussian,0.81310,0.12524,000.00005341,000.01032085,000.01091766,000.16499044,000.61
Tournament (k=2),Arithmetic,Gaussian,0.83749,0.23084,000.00761414,000.41247907,000.39313316,000.56182379,000.81
Tournament (k=2),Arithmetic,Uniform,0.41200,0.05705,000.00000381,000.01488428,000.01630592,000.11713150,000.17
Tournament (k=2),Arithmetic,Gaussian,0.78941,0.21153,000.00744629,000.25700369,000.24857712,000.52065921,000.36
Tournament (k=2),Arithmetic,Gaussian,0.88849,0.08092,000.00000000,000.00252490,000.00120735,000.17616454,000.21
Tournament (k=2),Arithmetic,Gaussian,0.86261,0.13667,000.00091171,000.02765255,000.03097534,000.24837503,000.27
Tournament (k=2),Arithmetic,Uniform,0.43709,0.06226,000.00018311,000.00829630,000.00779533,000.03709420,000.28
Tournament (k=2),Arithmetic,Gaussian,0.91514,0.27490,000.08564758,000.62147897,000.80750275,000.60169780,000.65
Tournament (k=2),Arithmetic,Gaussian,0.88849,0.21153,000.00920868,000.39878568,000.33777809,000.52591074,000.29
Tournament (k=2),Arithmetic,Gaussian,0.86261,0.05705,000.00000763,000.01379862,000.01186752,000.45323983,000.20
Tournament (k=2),Arithmetic,Uniform,0.46371,0.05705,000.00001526,000.00883803,000.00874138,000.11576286,000.62
Tournament (k=2),Arithmetic,Gaussian,0.94259,0.06226,000.00000763,000.02168498,000.00825691,000.40326467,000.20
Tournament (k=2),Arithmetic,Uniform,0.40000,0.30000,000.05842590,002.00826693,002.36131668,001.12192798,000.31
Tournament (k=2),Arithmetic,Uniform,0.49195,0.02000,000.00000763,000.24487853,000.22819901,000.53007299,000.15
Tournament (k=2),Arithmetic,Uniform,0.40000,0.04023,000.00005341,000.04808044,000.05178452,000.20999306,000.18
Tournament (k=2),Arithmetic,Gaussian,0.97087,0.03686,000.00000763,000.19521289,000.04744530,000.60439509,000.18
Tournament (k=2),Arithmetic,Uniform,0.47762,0.10516,000.00016022,000.01673331,000.01838303,000.11251741,000.27
Tournament (k=2),Arithmetic,Uniform,0.45020,0.10516,000.00014496,000.01885185,000.01852798,000.18236914,000.64
Tournament (k=2),Arithmetic,Uniform,0.42436,0.09637,000.00007629,000.01054254,000.01119423,000.15373398,000.47
Tournament (k=2),Arithmetic,Gaussian,0.83749,0.02000,000.00011063,000.30833092,000.21071053,000.65274084,000.22
Tournament (k=2),Arithmetic,Gaussian,0.78941,0.08830,000.00000000,000.00116725,000.00078201,000.16493164,000.31
Tournament (k=2),Arithmetic,Gaussian,1.00000,0.06226,000.00000000,000.05550423,000.02782059,000.55450642,000.20
Tournament (k=2),Arithmetic,Uniform,0.49195,0.06226,000.00000381,000.00807366,000.00966454,000.10660885,000.22
Tournament (k=2),Arithmetic,Gaussian,0.88849,0.02382,000.00002289,000.39524683,000.28038216,000.81745011,000.23
Tournament (k=2),Arithmetic,Uniform,0.40000,0.04390,000.00002670,000.03414645,000.03890800,000.18605946,000.18
Tournament (k=2),Arithmetic,Uniform,0.43709,0.06795,000.00000763,000.01012793,000.01150131,000.14529097,000.28
Tournament (k=2),Arithmetic,Uniform,0.47762,0.03686,000.00003815,000.05768442,000.05572128,000.39198720,000.28
Tournament (k=2),Arithmetic,Gaussian,0.91514,0.11476,000.00012970,000.00548286,000.00561714,000.10182051,000.23
Tournament (k=2),Arithmetic,Gaussian,0.94259,0.06795,000.00000381,000.01785297,000.00770760,000.37055713,000.25
Tournament (k=2),Arithmetic,Gaussian,0.91514,0.04390,000.00003052,000.13993005,000.03256798,000.59171355,000.18
Tournament (k=2),Arithmetic,Uniform,0.49195,0.19383,000.03195190,001.06587958,001.29822159,000.87996411,000.27
Tournament (k=2),Arithmetic,Uniform,0.41200,0.02000,000.00025177,000.33308721,000.36615181,000.65198749,000.24
Tournament (k=2),Arithmetic,Uniform,0.41200,0.17762,000.01359558,000.61094224,000.72177315,000.72579455,000.30
Tournament (k=2),Arithmetic,Gaussian,0.81310,0.04791,000.00000381,000.04206967,000.01601791,000.52669728,000.30
Tournament (k=2),Arithmetic,Uniform,0.43709,0.02000,000.00015259,000.30980200,000.28383446,000.59921789,000.26
Tournament (k=2),Arithmetic,Uniform,0.43709,0.19383,000.01845551,000.87957036,001.18021965,000.78974974,000.29
Tournament (k=2),Arithmetic,Gaussian,0.97087,0.10516,000.00015259,000.00494938,000.00377846,000.16964588,000.29
Tournament (k=2),Arithmetic,Uniform,0.46371,0.19383,000.04906464,001.01260066,001.32469940,000.84252888,000.37
Tournament (k=2),Arithmetic,Gaussian,0.78941,0.02599,000.00000763,000.14034338,000.04913139,000.55764097,000.39
Tournament (k=2),Arithmetic,Uniform,0.46371,0.06226,000.00000000,000.00908356,000.00694656,000.03638698,000.36
Tournament (k=2),Arithmetic,Uniform,0.45020,0.04023,000.00003815,000.04496355,000.05201721,000.18749972,000.35
Tournament (k=2),Arithmetic,Uniform,0.41200,0.06226,000.00006104,000.01104960,000.00791931,000.08828968,000.19
Tournament (k=2),Arithmetic,Gaussian,0.94259,0.16276,000.00308609,000.06931672,000.06761551,000.35306481,000.45
Tournament (k=2),Arithmetic,Uniform,0.49195,0.02183,000.00056458,000.27597642,000.25740814,000.51860297,000.16
Tournament (k=2),Arithmetic,Uniform,0.46371,0.02000,000.00060272,000.30496979,000.30049515,000.55238444,000.16
Tournament (k=2),Arithmetic,Gaussian,1.00000,0.02000,000.00169373,000.49610600,000.92430687,000.78732288,000.18
Tournament (k=2),Arithmetic,Uniform,0.40000,0.10516,000.00018692,000.01558785,000.01481438,000.20069672,000.38
Tournament (k=2),Arithmetic,Gaussian,0.88849,0.08830,000.00000763,000.00087509,000.00092697,000.06838378,000.23
Tournament (k=2),Arithmetic,Uniform,0.42436,0.03378,000.00001526,000.07711887,000.08805275,000.27087161,000.21
Tournament (k=2),Arithmetic,Gaussian,0.83749,0.25191,000.01702118,000.60681605,000.72323990,000.64289021,000.31
Tournament (k=2),Arithmetic,Gaussian,0.97087,0.04023,000.00006104,000.28559208,000.06339073,000.79206330,000.19
Tournament (k=2),Arithmetic,Gaussian,0.86261,0.14915,000.00256348,000.03318686,000.03814125,000.35863933,000.30
Tournament (k=2),Arithmetic,Gaussian,0.91514,0.04791,000.00000763,000.13548584,000.03056335,000.56963634,000.32
Tournament (k=2),Arithmetic,Uniform,0.52190,0.02183,000.00000000,000.20420365,000.16472054,000.45794436,000.17
Tournament (k=2),Arithmetic,Gaussian,0.81310,0.13667,000.00035858,000.02405124,000.02330208,000.14319198,000.42
Tournament (k=2),Arithmetic,Gaussian,0.78941,0.23084,000.02622986,000.39056429,000.36530495,000.54856354,000.40
Tournament (k=2),Arithmetic,Gaussian,0.88849,0.02599,000.00022888,000.29785687,000.12495232,000.71177506,000.17
Tournament (k=2),Arithmetic,Uniform,0.52190,0.06795,000.00002289,000.00549889,000.00509262,000.10146780,000.20
Tournament (k=2),Arithmetic,Gaussian,1.00000,0.17762,000.00305176,000.15295653,000.13569260,000.42163101,000.57
Tournament (k=2),Arithmetic,Uniform,0.47762,0.11476,000.00036621,000.03900814,000.04008675,000.30278859,000.27
Tournament (k=2),Arithmetic,Uniform,0.40000,0.04791,000.00008011,000.02198648,000.01950455,000.11536037,000.17
Tournament (k=2),Arithmetic,Uniform,0.45020,0.11476,000.00184631,000.04064427,000.04445267,000.19381018,000.26
Tournament (k=2),Arithmetic,Uniform,0.50670,0.11476,000.00101471,000.05097256,000.06232452,000.34638870,000.26
Tournament (k=2),Arithmetic,Gaussian,1.00000,0.06795,000.00000000,000.02912059,000.01527405,000.56724381,000.21
Tournament (k=2),Arithmetic,Gaussian,0.83749,0.02183,000.00008774,000.22373223,000.09413147,000.74873251,000.23
Tournament (k=2),Arithmetic,Uniform,0.42436,0.10516,000.00042343,000.01712408,000.01589966,000.08603029,000.25
Tournament (k=2),Arithmetic,Gaussian,0.91514,0.30000,000.03674316,000.69755566,000.94403458,000.66824007,000.40
Tournament (k=2),Arithmetic,Uniform,0.49195,0.06795,000.00004959,000.00499663,000.00427055,000.06615296,000.23
Tournament (k=2),Arithmetic,Uniform,0.47762,0.04023,000.00021362,000.03937168,000.03179932,000.24544135,000.22
Tournament (k=2),Arithmetic,Uniform,0.43709,0.07415,000.00001144,000.00526147,000.00467682,000.05025752,000.23
Tournament (k=2),Arithmetic,Uniform,0.52190,0.21153,000.04759979,001.43858778,001.78514099,000.90373474,000.30
Tournament (k=2),Arithmetic,Gaussian,0.91514,0.12524,000.00060272,000.01528616,000.01677322,000.12212753,000.24
Tournament (k=2),Arithmetic,Gaussian,0.94259,0.07415,000.00000000,000.01100969,000.00474548,000.34020436,000.21
Tournament (k=2),Arithmetic,Uniform,0.43709,0.02183,000.00001144,000.22773376,000.19645882,000.52663261,000.15
Tournament (k=2),Arithmetic,Uniform,0.41200,0.02183,000.00000000,000.27019042,000.27264786,000.41526058,000.20
Tournament (k=2),Arithmetic,Uniform,0.49195,0.21153,000.05970764,001.32153058,001.62791252,001.01323962,000.24
Tournament (k=2),Arithmetic,Uniform,0.41200,0.06795,000.00006866,000.00975008,000.00771332,000.06495161,000.18
Tournament (k=2),Arithmetic,Uniform,0.41200,0.19383,000.10049057,001.02573740,001.19555473,000.76810771,000.24
Tournament (k=2),Arithmetic,Gaussian,0.88849,0.23084,000.00410843,000.28069043,000.29053879,000.48063609,000.29
Tournament (k=2),Arithmetic,Gaussian,0.78941,0.02837,000.00008392,000.17033224,000.09284210,000.61326009,000.23
Tournament (k=2),Arithmetic,Gaussian,0.81310,0.05228,000.00000381,000.02254257,000.00767136,000.47832131,000.25
Tournament (k=2),Arithmetic,Uniform,0.43709,0.21153,000.05856323,001.12101281,001.38162231,000.85148382,000.26
Tournament (k=2),Arithmetic,Gaussian,1.00000,0.02183,000.00162506,000.58830702,001.01584053,000.81649214,000.17
Tournament (k=2),Arithmetic,Uniform,0.50670,0.03686,000.00011063,000.05969872,000.05452347,000.36750239,000.57
Tournament (k=2),Arithmetic,Gaussian,0.83749,0.02382,000.00001144,000.27135754,000.13969803,000.67266005,000.28
Tournament (k=2),Arithmetic,Uniform,0.49195,0.02382,000.00005341,000.17737421,000.16089249,000.42590690,000.20
Tournament (k=2),Arithmetic,Uniform,0.42436,0.11476,000.00052261,000.03990235,000.03838158,000.31942284,000.28
Tournament (k=2),Arithmetic,Uniform,0.46371,0.21153,000.08013916,001.40283358,001.61301422,000.89564723,000.30
Tournament (k=2),Arithmetic,Gaussian,0.97087,0.11476,000.00016785,000.01100574,000.01144028,000.18537822,000.30
Tournament (k=2),Arithmetic,Uniform,0.46371,0.02183,000.00010681,000.24446125,000.21670532,000.46688697,000.20
Tournament (k=2),Arithmetic,Uniform,0.47762,0.04390,000.00001144,000.02741919,000.02280235,000.18853101,000.23
Tournament (k=2),Arithmetic,Uniform,0.42436,0.03686,000.00000381,000.04970789,000.05857849,000.32866624,000.16
Tournament (k=2),Arithmetic,Gaussian,0.94259,0.08092,000.00000763,000.00628963,000.00258636,000.24019355,000.23
Tournament (k=2),Arithmetic,Gaussian,0.88849,0.09637,000.00003815,000.00299149,000.00311279,000.10213796,000.22
Tournament (k=2),Arithmetic,Uniform,0.40000,0.11476,000.00018311,000.03072491,000.03216171,000.21029338,000.24
Tournament (k=2),Arithmetic,Uniform,0.43709,0.08092,000.00000381,000.00512352,000.00439262,000.03982594,000.31
Tournament (k=2),Arithmetic,Uniform,0.41200,0.07415,000.00002670,000.00844851,000.00861549,000.03783770,000.19
Tournament (k=2),Arithmetic,Uniform,0.49195,0.07415,000.00003815,000.00381632,000.00344849,000.11253508,000.39
Tournament (k=2),Arithmetic,Gaussian,0.88849,0.02837,000.00033569,000.16363625,000.04361153,000.64386833,000.17
Tournament (k=2),Arithmetic,Uniform,0.53756,0.04023,000.00001526,000.03953362,000.03743553,000.25391001,000.21
Tournament (k=2),Arithmetic,Uniform,0.40000,0.05228,000.00015640,000.01978121,000.01599884,000.13775858,000.16
Tournament (k=2),Arithmetic,Uniform,0.52190,0.07415,000.00000763,000.00312448,000.00242615,000.10671452,000.22
Tournament (k=2),Arithmetic,Gaussian,1.00000,0.07415,000.00000381,000.01204939,000.00377655,000.33782914,000.20
Tournament (k=2),Arithmetic,Uniform,0.47762,0.12524,000.00028610,000.10621075,000.10132217,000.32213226,000.23
Tournament (k=2),Arithmetic,Uniform,0.45020,0.04390,000.00005722,000.02990413,000.03321075,000.17807426,000.18
Tournament (k=2),Arithmetic,Uniform,0.45020,0.12524,000.00237274,000.12171821,000.11569405,000.40665820,000.26
Tournament (k=2),Arithmetic,Gaussian,0.94259,0.02000,000.00189209,000.36560026,000.23460579,000.91765660,000.22
Tournament (k=2),Arithmetic,Uniform,0.46371,0.06795,000.00001526,000.00780764,000.00881195,000.10454209,000.22
Tournament (k=2),Arithmetic,Uniform,0.49195,0.23084,000.18158722,001.49101806,001.65876770,000.85540766,000.36
Tournament (k=2),Arithmetic,Gaussian,0.88849,0.03095,000.00002289,000.34133220,000.26361084,000.76587480,000.18
Tournament (k=2),Arithmetic,Gaussian,0.78941,0.25191,000.00819397,000.50033808,000.47657776,000.59041810,000.36
Tournament (k=2),Arithmetic,Gaussian,0.97087,0.04390,000.00003433,000.20019355,000.06234169,000.62645715,000.19
Tournament (k=2),Arithmetic,Gaussian,1.00000,0.19383,000.00325775,000.11363864,000.12348175,000.40230992,000.33
Tournament (k=2),Arithmetic,Uniform,0.40000,0.05705,000.00000000,000.01888957,000.01796150,000.06469024,000.16
Tournament (k=2),Arithmetic,Uniform,0.53756,0.04390,000.00000000,000.02519817,000.02237511,000.23871055,000.22
Tournament (k=2),Arithmetic,Gaussian,0.91514,0.13667,000.00080872,000.02471762,000.02592087,000.24591625,000.28
Tournament (k=2),Arithmetic,Gaussian,1.00000,0.02382,000.00011826,000.37655458,000.16912079,000.73263276,000.17
Tournament (k=2),Arithmetic,Uniform,0.52190,0.23084,000.11776733,001.60121465,001.92750740,000.90868139,000.31
Tournament (k=2),Arithmetic,Gaussian,1.00000,0.08092,000.00000000,000.00917883,000.00141907,000.32832718,000.21
Tournament (k=2),Arithmetic,Gaussian,0.83749,0.27490,000.02420044,000.64682698,000.84944153,000.67390972,000.31
Tournament (k=2),Arithmetic,Uniform,0.49195,0.02599,000.00000000,000.18474288,000.16633987,000.46175253,000.16
Tournament (k=2),Arithmetic,Uniform,0.53756,0.12524,000.00204468,000.11416221,000.10494614,000.44301501,000.26
Tournament (k=2),Arithmetic,Uniform,0.46371,0.02382,000.00000381,000.18568997,000.18879318,000.46636975,000.19
Tournament (k=2),Arithmetic,Gaussian,0.97087,0.04791,000.00003052,000.24900484,000.06515694,000.67239851,000.19
Tournament (k=2),Arithmetic,Uniform,0.47762,0.04791,000.00001526,000.01597772,000.01452827,000.15862033,000.52
Tournament (k=2),Arithmetic,Uniform,0.43709,0.23084,000.05126190,001.39158154,001.71087646,000.78599828,000.30
Tournament (k=2),Arithmetic,Gaussian,0.81310,0.14915,000.00051880,000.04240455,000.04300690,000.32520860,000.59
Tournament (k=2),Arithmetic,Uniform,0.50670,0.12524,000.00190353,000.14061418,000.11723137,000.40699583,000.23
Tournament (k=2),Arithmetic,Uniform,0.43709,0.02382,000.00015640,000.20560679,000.19186020,000.46924755,000.43
Tournament (k=2),Arithmetic,Uniform,0.42436,0.04023,000.00003433,000.04110594,000.04201126,000.19229886,000.20
Tournament (k=2),Arithmetic,Gaussian,0.94259,0.08830,000.00000763,000.00333939,000.00175476,000.23631565,000.22
Tournament (k=2),Arithmetic,Gaussian,0.88849,0.10516,000.00002289,000.00545688,000.00496101,000.12026767,000.23
Tournament (k=2),Arithmetic,Uniform,0.46371,0.23084,000.06838989,001.28417814,001.46506119,001.07389712,000.30
Tournament (k=2),Arithmetic,Uniform,0.49195,0.02837,000.00000000,000.08693828,000.08845711,000.29778421,000.17
Tournament (k=2),Arithmetic,Uniform,0.41200,0.08092,000.00001526,000.00425463,000.00337791,000.04927536,000.19
Tournament (k=2),Arithmetic,Gaussian,0.97087,0.12524,000.00009155,000.01203108,000.01024246,000.15843235,000.31
Tournament (k=2),Arithmetic,Uniform,0.41200,0.02382,000.00025558,000.17255592,000.14172173,000.45628995,000.19
Tournament (k=2),Arithmetic,Uniform,0.43709,0.08830,000.00000000,000.00538692,000.00521469,000.08317030,000.23
Tournament (k=2),Arithmetic,Gaussian,0.88849,0.25191,000.03176117,000.39918298,000.38574219,000.61978656,000.72
Tournament (k=2),Arithmetic,Gaussian,0.91514,0.05228,000.00000381,000.08764086,000.01865959,000.53802198,000.19
Tournament (k=2),Arithmetic,Gaussian,0.94259,0.17762,000.00118256,000.08864937,000.10214043,000.33986410,000.57
Tournament (k=2),Arithmetic,Uniform,0.40000,0.12524,000.00094604,000.08044501,000.09493446,000.39511791,000.26
Tournament (k=2),Arithmetic,Uniform,0.42436,0.12524,000.00065613,000.14465079,000.14180374,000.45609611,000.37
Tournament (k=2),Arithmetic,Uniform,0.49195,0.08092,000.00000763,000.00443883,000.00394440,000.10901499,000.24
Tournament (k=2),Arithmetic,Uniform,0.41200,0.21153,000.04644775,001.19973087,001.46819115,000.75330353,000.76
Tournament (k=2),Arithmetic,Uniform,0.49195,0.25191,000.33172607,001.73275948,001.99888611,000.99906564,000.41
Tournament (k=2),Arithmetic,Gaussian,0.86261,0.16276,000.00274277,000.06177383,000.06636047,000.26668841,000.26
Tournament (k=2),Arithmetic,Uniform,0.52190,0.02382,000.00000000,000.18218569,000.15232468,000.45926976,000.15
Tournament (k=2),Arithmetic,Uniform,0.52190,0.08092,000.00004578,000.00364971,000.00296211,000.04620428,000.19
Tournament (k=2),Arithmetic,Uniform,0.45020,0.13667,000.01130676,000.18751812,000.18064117,000.51678133,000.48
Tournament (k=2),Arithmetic,Uniform,0.55369,0.02382,000.00067902,000.17502856,000.18145370,000.45326966,000.18
Tournament (k=2),Arithmetic,Gaussian,0.88849,0.03378,000.00001526,000.24684009,000.07337952,000.68992883,000.19
Tournament (k=2),Arithmetic,Uniform,0.50670,0.04023,000.00001907,000.03297148,000.02897072,000.19328660,000.21
Tournament (k=2),Arithmetic,Uniform,0.47762,0.13667,000.01358414,000.33652955,000.25952530,000.51926404,000.27
Tournament (k=2),Arithmetic,Uniform,0.40000,0.06226,000.00003433,000.01040020,000.01158714,000.10736618,000.18
Tournament (k=2),Arithmetic,Uniform,0.46371,0.07415,000.00003052,000.00585485,000.00428200,000.10146310,000.23
Tournament (k=2),Arithmetic,Gaussian,0.83749,0.02599,000.00011444,000.18072692,000.05481529,000.69803882,000.23
Tournament (k=2),Arithmetic,Gaussian,1.00000,0.02599,000.00049591,000.26296610,000.09016228,000.71934175,000.17
Tournament (k=2),Arithmetic,Uniform,0.53756,0.04791,000.00008011,000.01887665,000.01523590,000.15553252,000.21
Tournament (k=2),Arithmetic,Gaussian,1.00000,0.08830,000.00001144,000.00382004,000.00136375,000.26616451,000.21
Tournament (k=2),Arithmetic,Gaussian,1.00000,0.21153,000.00190353,000.27330118,000.27052879,000.61390740,000.29
Tournament (k=2),Arithmetic,Gaussian,0.97087,0.05228,000.00000763,000.23654814,000.04465294,000.59206021,000.20
Tournament (k=2),Arithmetic,Uniform,0.46371,0.25191,000.04155731,001.69302559,001.95124626,000.94735461,000.35
Tournament (k=2),Arithmetic,Gaussian,0.94259,0.09637,000.00000763,000.00235834,000.00170517,000.17238608,000.41
Tournament (k=2),Arithmetic,Uniform,0.55369,0.07415,000.00003815,000.00244894,000.00221252,000.03339517,000.19
Tournament (k=2),Arithmetic,Gaussian,0.91514,0.14915,000.00321198,000.04275494,000.04777336,000.33945990,000.31
Tournament (k=2),Arithmetic,Uniform,0.52190,0.25191,000.25174332,001.81049609,002.10634995,000.94608158,000.31
Tournament (k=2),Arithmetic,Uniform,0.50670,0.13667,000.02014923,000.34564820,000.32827759,000.57517010,000.23
Tournament (k=2),Arithmetic,Uniform,0.49195,0.03095,000.00001526,000.08006163,000.06560898,000.35586908,000.16
Tournament (k=2),Arithmetic,Uniform,0.41200,0.08830,000.00000381,000.00563464,000.00679779,000.02076267,000.19
Tournament (k=2),Arithmetic,Uniform,0.45020,0.04791,000.00001526,000.01695895,000.01300812,000.21110545,000.21
Tournament (k=2),Arithmetic,Uniform,0.43709,0.25191,000.04930496,001.65618193,001.93983841,000.94310486,000.30
Tournament (k=2),Arithmetic,Uniform,0.41200,0.02599,000.00022507,000.14252500,000.11655807,000.40248138,000.19
Tournament (k=2),Arithmetic,Uniform,0.53756,0.13667,000.00073242,000.25685707,000.28669930,000.51848936,000.38
Tournament (k=2),Arithmetic,Uniform,0.46371,0.02599,000.00000000,000.13638182,000.14044952,000.38718849,000.39
Tournament (k=2),Arithmetic,Gaussian,0.97087,0.05705,000.00000000,000.20982847,000.06483459,000.58090281,000.20
Tournament (k=2),Arithmetic,Gaussian,0.91514,0.05705,000.00000000,000.01742950,000.00741577,000.56485081,000.19
Tournament (k=2),Arithmetic,Gaussian,0.83749,0.30000,000.11598206,000.74814200,000.96740532,000.69786537,000.76
Tournament (k=2),Arithmetic,Uniform,0.47762,0.05228,000.00000000,000.01177487,000.00948715,000.20180678,000.41
Tournament (k=2),Arithmetic,Gaussian,0.78941,0.27490,000.04489136,000.63154042,000.80946541,000.63667834,000.55
Tournament (k=2),Arithmetic,Uniform,0.43709,0.09637,000.00015259,000.00813575,000.00672340,000.04118511,000.24
Tournament (k=2),Arithmetic,Gaussian,0.97087,0.13667,000.00093079,000.01914544,000.01806831,000.12845199,000.58
Tournament (k=2),Arithmetic,Gaussian,0.81310,0.16276,000.00248337,000.06847878,000.07419586,000.33434519,000.41
Tournament (k=2),Arithmetic,Uniform,0.46371,0.08092,000.00000000,000.00372682,000.00459671,000.03993428,000.37
Tournament (k=2),Arithmetic,Uniform,0.50670,0.04390,000.00000763,000.02580538,000.02777863,000.15824561,000.40
Tournament (k=2),Arithmetic,Gaussian,1.00000,0.23084,000.01445770,000.31194234,000.25441170,000.63765377,000.33
Tournament (k=2),Arithmetic,Uniform,0.53756,0.05228,000.00002670,000.01023974,000.01062965,000.09651195,000.34
Tournament (k=2),Arithmetic,Gaussian,0.88849,0.27490,000.02954865,000.61103046,000.73684883,000.59533417,000.31
Tournament (k=2),Arithmetic,Uniform,0.49195,0.08830,000.00000763,000.00379791,000.00403214,000.01992963,000.24
Tournament (k=2),Arithmetic,Uniform,0.42436,0.13667,000.00502396,000.21506624,000.20890045,000.49440274,000.26
Tournament (k=2),Arithmetic,Uniform,0.52190,0.02599,000.00012207,000.13719968,000.13861084,000.35545975,000.16
Tournament (k=2),Arithmetic,Uniform,0.49195,0.27490,000.16535187,001.83049941,002.24171829,001.01406574,000.26
Tournament (k=2),Arithmetic,Uniform,0.41200,0.23084,000.14835739,001.37869799,001.58878326,000.88750404,000.26
Tournament (k=2),Arithmetic,Uniform,0.55369,0.02599,000.00079727,000.13860974,000.13161469,000.42132765,000.15
Tournament (k=2),Arithmetic,Uniform,0.52190,0.08830,000.00000763,000.00856471,000.00745010,000.10554736,000.19
Tournament (k=2),Arithmetic,Gaussian,0.86261,0.17762,000.00354767,000.14293161,000.15617180,000.41404462,000.27
Tournament (k=2),Arithmetic,Gaussian,0.94259,0.19383,000.00510025,000.13177595,000.13459587,000.44813588,000.35
Tournament (k=2),Arithmetic,Gaussian,0.91514,0.16276,000.00325012,000.07240424,000.06970978,000.36197037,000.36
Tournament (k=2),Arithmetic,Uniform,0.43709,0.02599,000.00000763,000.14617547,000.14860916,000.41405189,000.18
Tournament (k=2),Arithmetic,Uniform,0.40000,0.06795,000.00001526,000.00879655,000.00786781,000.10187417,000.18
Tournament (k=2),Arithmetic,Uniform,0.42436,0.04390,000.00000381,000.03970146,000.03177071,000.27801156,000.21
Tournament (k=2),Arithmetic,Gaussian,1.00000,0.02837,000.00007629,000.38892514,000.17486572,000.70293868,000.22
Tournament (k=2),Arithmetic,Uniform,0.45020,0.14915,000.00930786,000.42330599,000.40347290,000.60036683,000.28
Tournament (k=2),Arithmetic,Gaussian,0.83749,0.02837,000.00020981,000.24144474,000.06360817,000.69801307,000.23
Tournament (k=2),Arithmetic,Uniform,0.49195,0.03378,000.00017548,000.06610794,000.05678558,000.28719312,000.17
Tournament (k=2),Arithmetic,Uniform,0.47762,0.14915,000.01202774,000.45802456,000.51514816,000.60100383,000.28
Tournament (k=2),Arithmetic,Uniform,0.55369,0.02837,000.00007248,000.08078227,000.06608772,000.41776431,000.18
Tournament (k=2),Arithmetic,Gaussian,0.94259,0.02183,000.00002289,000.44325918,000.74488258,000.77303636,000.23
Tournament (k=2),Arithmetic,Gaussian,0.94259,0.10516,000.00002289,000.00558996,000.00529671,000.05886723,000.23
Tournament (k=2),Arithmetic,Uniform,0.50670,0.14915,000.01569748,000.45149475,000.44503021,000.66298670,000.24
Tournament (k=2),Arithmetic,Uniform,0.52190,0.09637,000.00020599,000.01216845,000.01194000,000.12819435,000.22
Tournament (k=2),Arithmetic,Uniform,0.46371,0.27490,000.18940353,001.90649343,002.19541550,001.06577373,000.29
Tournament (k=2),Arithmetic,Uniform,0.40000,0.13667,000.00199127,000.26749903,000.28491402,000.45526323,000.27
Tournament (k=2),Arithmetic,Gaussian,1.00000,0.09637,000.00005722,000.00243011,000.00205231,000.21561076,000.30
Tournament (k=2),Arithmetic,Uniform,0.45020,0.05228,000.00000763,000.01655035,000.01476860,000.18138464,000.25
Tournament (k=2),Arithmetic,Uniform,0.57030,0.04390,000.00000381,000.01876340,000.01523972,000.18376546,000.17
Tournament (k=2),Arithmetic,Uniform,0.46371,0.02837,000.00038910,000.12348051,000.12827492,000.40754718,000.20
Tournament (k=2),Arithmetic,Gaussian,0.97087,0.06226,000.00000000,000.03263273,000.02291679,000.54237914,000.20
Tournament (k=2),Arithmetic,Uniform,0.41200,0.02837,000.00147247,000.12513094,000.11173630,000.40240613,000.21
Tournament (k=2),Arithmetic,Gaussian,0.91514,0.06226,000.00000381,000.01741958,000.00924110,000.64337057,000.20
Tournament (k=2),Arithmetic,Uniform,0.55369,0.03095,000.00006104,000.08967423,000.07012558,000.32344046,000.17
Tournament (k=2),Arithmetic,Uniform,0.58741,0.02599,000.00003815,000.11133866,000.11804771,000.38487411,000.20
Tournament (k=2),Arithmetic,Uniform,0.47762,0.05705,000.00000381,000.01121202,000.01009369,000.11053820,000.22
Tournament (k=2),Arithmetic,Uniform,0.53756,0.14915,000.03458786,000.49001089,000.56073952,000.60152918,000.28
Tournament (k=2),Arithmetic,Uniform,0.43709,0.10516,000.00005341,000.02135205,000.02219391,000.19553170,000.24
Tournament (k=2),Arithmetic,Uniform,0.42436,0.14915,000.00792694,000.30505672,000.27304649,000.50590479,000.46
Tournament (k=2),Arithmetic,Uniform,0.50670,0.04791,000.00000000,000.01506710,000.01556015,000.14358696,000.24
Tournament (k=2),Arithmetic,Uniform,0.55369,0.08092,000.00000000,000.00435758,000.00431633,000.04005563,000.19
Tournament (k=2),Arithmetic,Uniform,0.57030,0.13667,000.00983429,000.39548436,000.41456223,000.59285325,000.28
Tournament (k=2),Arithmetic,Uniform,0.52190,0.10516,000.00013733,000.02181292,000.02157784,000.17738737,000.22
Tournament (k=2),Arithmetic,Uniform,0.53756,0.05705,000.00003433,000.00925488,000.00974083,000.14941099,000.22
Tournament (k=2),Arithmetic,Gaussian,0.97087,0.14915,000.00111771,000.03227916,000.03632164,000.20233075,000.33
Tournament (k=2),Arithmetic,Uniform,0.49195,0.30000,000.38619614,002.08060026,002.41878319,001.22083580,000.26
Tournament (k=2),Arithmetic,Uniform,0.41200,0.09637,000.00001144,000.00946565,000.00842857,000.11573751,000.20
Tournament (k=2),Arithmetic,Gaussian,0.88849,0.30000,000.04860687,000.70418817,000.90375137,000.56425077,000.32
Tournament (k=2),Arithmetic,Uniform,0.46371,0.03095,000.00029755,000.08874516,000.08069420,000.34510902,000.22
Tournament (k=2),Arithmetic,Uniform,0.41200,0.25191,000.22877502,001.59359336,001.77773094,000.91139442,000.27
Tournament (k=2),Arithmetic,Gaussian,1.00000,0.10516,000.00000381,000.00411816,000.00351524,000.26213631,000.36
Tournament (k=2),Arithmetic,Uniform,0.40000,0.07415,000.00000763,000.00869408,000.01006508,000.14091656,000.18
Tournament (k=2),Arithmetic,Gaussian,1.00000,0.03095,000.00035858,000.33933491,000.14598465,000.76853150,000.17
Tournament (k=2),Arithmetic,Uniform,0.58741,0.08092,000.00001526,000.00355558,000.00151443,000.03119124,000.19
Tournament (k=2),Arithmetic,Uniform,0.43709,0.02837,000.00000000,000.15733556,000.14262962,000.44564831,000.20
Tournament (k=2),Arithmetic,Gaussian,0.94259,0.21153,000.00621796,000.30890331,000.27882195,000.48431423,000.53
Tournament (k=2),Arithmetic,Uniform,0.49195,0.03686,000.00001907,000.06163759,000.07073784,000.29676810,000.17
Tournament (k=2),Arithmetic,Uniform,0.42436,0.04791,000.00002670,000.02301183,000.02297974,000.16164948,000.21
Tournament (k=2),Arithmetic,Gaussian,0.83749,0.03095,000.00001526,000.16295385,000.04935837,000.63898414,000.23
Tournament (k=2),Arithmetic,Uniform,0.52190,0.02837,000.00005341,000.07611833,000.08132935,000.34552160,000.16
Tournament (k=2),Arithmetic,Gaussian,0.91514,0.17762,000.00785446,000.11290550,000.12970734,000.39610708,000.28
Tournament (k=2),Arithmetic,Uniform,0.45020,0.16276,000.00889587,000.53816301,000.60369682,000.72722268,000.28
Tournament (k=2),Arithmetic,Gaussian,1.00000,0.25191,000.02292633,000.45436317,000.46229935,000.53446835,000.56
Tournament (k=2),Arithmetic,Gaussian,0.94259,0.02382,000.00012970,000.38011199,000.16665077,000.85923672,000.23
Tournament (k=2),Arithmetic,Uniform,0.41200,0.10516,000.00006485,000.01800113,000.01735306,000.24310161,000.23
Tournament (k=2),Arithmetic,Gaussian,0.94259,0.11476,000.00056458,000.00837250,000.00881577,000.16305608,000.24
Tournament (k=2),Arithmetic,Uniform,0.46371,0.08830,000.00003815,000.00456066,000.00401878,000.13398167,000.24
Tournament (k=2),Arithmetic,Uniform,0.47762,0.16276,000.02535248,000.59767377,000.73458481,000.66511852,000.29
Tournament (k=2),Arithmetic,Uniform,0.57030,0.04791,000.00000000,000.01235771,000.01301003,000.19078439,000.18
Tournament (k=2),Arithmetic,Uniform,0.49195,0.09637,000.00008392,000.00922084,000.00772095,000.11108407,000.25
Tournament (k=2),Arithmetic,Uniform,0.46371,0.30000,000.09239197,002.09789228,002.53045464,001.08565497,000.58
Tournament (k=2),Arithmetic,Uniform,0.40000,0.14915,000.01171875,000.40849680,000.44783974,000.58189178,000.27
Tournament (k=2),Arithmetic,Gaussian,0.97087,0.06795,000.00000000,000.04491920,000.01404190,000.48037222,000.20
Tournament (k=2),Arithmetic,Uniform,0.55369,0.23084,000.05097961,001.56019402,001.78532982,000.94772035,000.81
Tournament (k=2),Arithmetic,Uniform,0.41200,0.03095,000.00000000,000.06738029,000.06182671,000.32948869,000.22
Tournament (k=2),Arithmetic,Uniform,0.57030,0.14915,000.02042389,000.52143037,000.54851151,000.66121727,000.42
Tournament (k=2),Arithmetic,Uniform,0.52190,0.03095,000.00001144,000.06115995,000.05714226,000.32462505,000.15
Tournament (k=2),Arithmetic,Uniform,0.58741,0.25191,000.17158890,001.94693148,002.27663422,001.14175081,000.26
Tournament (k=2),Arithmetic,Uniform,0.52190,0.27490,000.45151901,002.00673270,002.34350395,001.06312788,000.31
Tournament (k=2),Arithmetic,Uniform,0.43709,0.03095,000.00001526,000.10277047,000.12201118,000.41407040,000.28
Tournament (k=2),Arithmetic,Uniform,0.42436,0.05228,000.00001526,000.01738563,000.02292252,000.13416827,000.29
Tournament (k=2),Arithmetic,Uniform,0.55369,0.08830,000.00001526,000.00435944,000.00342369,000.11026473,000.20
Tournament (k=2),Arithmetic,Uniform,0.52190,0.11476,000.00054169,000.06957736,000.06625748,000.29535908,000.22
Tournament (k=2),Arithmetic,Uniform,0.50670,0.05228,000.00014114,000.01221480,000.01420593,000.11210014,000.22
Tournament (k=2),Arithmetic,Uniform,0.60503,0.04791,000.00004578,000.01894870,000.01586723,000.21222961,000.31
Tournament (k=2),Arithmetic,Gaussian,0.91514,0.02000,000.00003052,000.42392907,000.36845589,000.70472080,000.18
Tournament (k=2),Arithmetic,Uniform,0.53756,0.06226,000.00000000,000.00622330,000.00660896,000.09577987,000.23
Tournament (k=2),Arithmetic,Uniform,0.43709,0.11476,000.00056458,000.03782945,000.04053688,000.26576653,000.25
Tournament (k=2),Arithmetic,Uniform,0.42436,0.16276,000.00784683,000.59445989,000.68912506,000.73007268,000.28
Tournament (k=2),Arithmetic,Gaussian,1.00000,0.03378,000.00026703,000.41428590,000.43311691,000.69541800,000.18
Tournament (k=2),Arithmetic,Uniform,0.46371,0.03378,000.00033569,000.06037440,000.07996559,000.30396715,000.46
Tournament (k=2),Arithmetic,Gaussian,0.91514,0.19383,000.00173950,000.27688265,000.22776985,000.52206051,000.37
Tournament (k=2),Arithmetic,Uniform,0.50670,0.16276,000.00672913,000.58435291,000.73565483,000.70420539,000.25
Tournament (k=2),Arithmetic,Uniform,0.45020,0.05705,000.00000763,000.01240230,000.01249504,000.15461837,000.22
Tournament (k=2),Arithmetic,Uniform,0.58741,0.08830,000.00000381,000.00666246,000.00389671,000.04643764,000.20
Tournament (k=2),Arithmetic,Uniform,0.43709,0.27490,000.10345459,001.98169458,002.43386459,001.10178697,000.32
Tournament (k=2),Arithmetic,Gaussian,1.00000,0.11476,000.00017166,000.00703621,000.00592613,000.17042470,000.25
Tournament (k=2),Arithmetic,Uniform,0.50670,0.02000,000.00013733,000.24954009,000.20447731,000.50522596,000.31
Tournament (k=2),Arithmetic,Uniform,0.60503,0.14915,000.02121735,000.55514592,000.67188454,000.69051760,000.24
Tournament (k=2),Arithmetic,Gaussian,0.97087,0.16276,000.00446701,000.07564936,000.06596565,000.37439999,000.34
Tournament (k=2),Arithmetic,Uniform,0.49195,0.04023,000.00002289,000.03701844,000.03776169,000.19722073,000.17
Tournament (k=2),Arithmetic,Uniform,0.55369,0.03378,000.00014114,000.05052919,000.04497910,000.30567098,000.17
Tournament (k=2),Arithmetic,Uniform,0.58741,0.02837,000.00014496,000.10214119,000.10097885,000.32313183,000.18
Tournament (k=2),Arithmetic,Uniform,0.45020,0.17762,000.02696228,000.76592737,001.08142853,000.73781765,000.46
Tournament (k=2),Arithmetic,Uniform,0.47762,0.06226,000.00002670,000.00735416,000.00643921,000.05201565,000.23
Tournament (k=2),Arithmetic,Uniform,0.57030,0.05228,000.00000381,000.01199694,000.00868607,000.13370633,000.18
Tournament (k=2),Arithmetic,Uniform,0.41200,0.11476,000.00070953,000.03858380,000.03460121,000.26206347,000.21
Tournament (k=2),Arithmetic,Uniform,0.55369,0.25191,000.26107025,001.91400075,002.21987343,000.87966543,000.44
Tournament (k=2),Arithmetic,Gaussian,0.94259,0.02599,000.00006485,000.31983852,000.09843445,000.88035715,000.24
Tournament (k=2),Arithmetic,Uniform,0.62318,0.02837,000.00006866,000.12228193,000.09014511,000.46067703,000.17
Tournament (k=2),Arithmetic,Uniform,0.46371,0.09637,000.00003815,000.00925984,000.00706482,000.12100564,000.25
Tournament (k=2),Arithmetic,Uniform,0.53756,0.16276,000.01007462,000.64065158,000.99273300,000.67122447,000.30
Tournament (k=2),Arithmetic,Uniform,0.49195,0.10516,000.00002670,000.02025614,000.01666069,000.23903812,000.25
Tournament (k=2),Arithmetic,Uniform,0.52190,0.03378,000.00007629,000.04870815,000.04546738,000.31655535,000.16
Tournament (k=2),Arithmetic,Uniform,0.47762,0.17762,000.03077316,000.86968327,001.12859344,000.77172846,000.29
Tournament (k=2),Arithmetic,Uniform,0.41200,0.03378,000.00025177,000.08481088,000.07613754,000.23405911,000.21
Tournament (k=2),Arithmetic,Uniform,0.40000,0.16276,000.00791168,000.52596051,000.59256744,000.65915465,000.28
Tournament (k=2),Arithmetic,Gaussian,0.94259,0.23084,000.02244568,000.36712694,000.32079697,000.57417917,000.41
Tournament (k=2),Arithmetic,Gaussian,1.00000,0.27490,000.00825882,000.56300437,000.63545609,000.65822226,000.39
Tournament (k=2),Arithmetic,Uniform,0.46371,0.03686,000.00002289,000.03300662,000.03424263,000.23567645,000.36
Tournament (k=2),Arithmetic,Uniform,0.41200,0.27490,000.14199066,001.79639888,002.10528946,001.10929143,000.25
Tournament (k=2),Arithmetic,Uniform,0.43709,0.03378,000.00001526,000.06843519,000.06108475,000.38383138,000.20
Tournament (k=2),Arithmetic,Uniform,0.58741,0.27490,000.32680130,002.05281830,002.44770622,001.09924936,000.26
Tournament (k=2),Arithmetic,Uniform,0.57030,0.16276,000.00637817,000.72441268,000.97747231,000.65092516,000.30
Tournament (k=2),Arithmetic,Uniform,0.42436,0.05705,000.00000763,000.01545997,000.01553917,000.17914274,000.22
Tournament (k=2),Arithmetic,Gaussian,0.94259,0.02837,000.00002670,000.27672529,000.07732964,000.62542540,000.20
Tournament (k=2),Arithmetic,Uniform,0.55369,0.09637,000.00006866,000.00996060,000.01015472,000.21491522,000.24
Tournament (k=2),Arithmetic,Uniform,0.60503,0.05228,000.00001526,000.00835443,000.00742149,000.24092974,000.18
Tournament (k=2),Arithmetic,Uniform,0.62318,0.03095,000.00006104,000.06638475,000.07400131,000.38535821,000.22
Tournament (k=2),Arithmetic,Uniform,0.43709,0.30000,000.04392242,002.01900911,002.50315094,001.20444655,000.41
Tournament (k=2),Arithmetic,Gaussian,1.00000,0.03686,000.00001526,000.24115133,000.05440521,000.68561101,000.19
Tournament (k=2),Arithmetic,Uniform,0.52190,0.12524,000.00145721,000.11735912,000.11195946,000.39090902,000.28
Tournament (k=2),Arithmetic,Uniform,0.52190,0.30000,000.09985352,002.05044699,002.43237877,001.14002931,000.34
Tournament (k=2),Arithmetic,Uniform,0.53756,0.06795,000.00001144,000.00499682,000.00455093,000.04346326,000.24
Tournament (k=2),Arithmetic,Uniform,0.49195,0.11476,000.00051117,000.05731754,000.06007004,000.26326263,000.29
Tournament (k=2),Arithmetic,Uniform,0.62318,0.08830,000.00000763,000.00436773,000.00435066,000.08660750,000.22
Tournament (k=2),Arithmetic,Uniform,0.43709,0.12524,000.00131607,000.09932818,000.11401749,000.31469736,000.28
Tournament (k=2),Arithmetic,Uniform,0.50670,0.02183,000.00050354,000.17231803,000.17165184,000.49924213,000.19
Tournament (k=2),Arithmetic,Uniform,0.42436,0.17762,000.03818512,000.71812701,001.01968002,000.63147634,000.30
Tournament (k=2),Arithmetic,Uniform,0.50670,0.17762,000.01067352,000.78946072,001.07187843,000.84601921,000.29
Tournament (k=2),Arithmetic,Uniform,0.58741,0.09637,000.00004578,000.01387887,000.01205444,000.18236265,000.23
Tournament (k=2),Arithmetic,Uniform,0.45020,0.06226,000.00003815,000.01211715,000.01118469,000.16642661,000.24
Tournament (k=2),Arithmetic,Uniform,0.47762,0.02000,000.00051117,000.27975017,000.28095245,000.53450084,000.21
Tournament (k=2),Arithmetic,Gaussian,1.00000,0.12524,000.00064850,000.01645951,000.01673889,000.16881952,000.27
Tournament (k=2),Arithmetic,Uniform,0.49195,0.04390,000.00003433,000.02728710,000.02764702,000.15888447,000.19
Tournament (k=2),Arithmetic,Uniform,0.62318,0.27490,000.19480896,002.12926078,002.52155876,001.17028952,000.31
Tournament (k=2),Arithmetic,Uniform,0.58741,0.03095,000.00010300,000.08786197,000.11716843,000.31694677,000.19
Tournament (k=2),Arithmetic,Uniform,0.55369,0.03686,000.00009918,000.04827004,000.03585243,000.30672231,000.20
Tournament (k=2),Arithmetic,Uniform,0.60503,0.16276,000.01459885,000.73106599,001.00841331,000.78839141,000.32
Tournament (k=2),Arithmetic,Uniform,0.47762,0.06795,000.00000763,000.00819340,000.00747871,000.10708299,000.24
Tournament (k=2),Arithmetic,Uniform,0.41200,0.12524,000.00200653,000.07239322,000.08780289,000.24964030,000.22
Tournament (k=2),Arithmetic,Uniform,0.52190,0.13667,000.00507355,000.29237169,000.27967644,000.53294712,000.32
Tournament (k=2),Arithmetic,Uniform,0.46371,0.10516,000.00021362,000.02100868,000.02067757,000.28016421,000.27
Tournament (k=2),Arithmetic,Uniform,0.55369,0.27490,000.42022705,001.99392927,002.30485916,001.03405392,000.28
Tournament (k=2),Arithmetic,Uniform,0.58741,0.10516,000.00001526,000.04217296,000.04126740,000.30097356,000.23
Tournament (k=2),Arithmetic,Uniform,0.49195,0.12524,000.00235748,000.12727804,000.12721062,000.45367166,000.30
Tournament (k=2),Arithmetic,Uniform,0.41200,0.03686,000.00030518,000.04921346,000.05954933,000.22983611,000.21
Tournament (k=2),Arithmetic,Uniform,0.53756,0.17762,000.00509644,001.01632142,001.23746490,000.78316230,000.29
Tournament (k=2),Arithmetic,Uniform,0.66113,0.03095,000.00032425,000.07692852,000.06933212,000.32700294,000.33
Tournament (k=2),Arithmetic,Uniform,0.46371,0.04023,000.00016022,000.04366126,000.03776169,000.27871829,000.22
Tournament (k=2),Arithmetic,Uniform,0.47762,0.19383,000.15053177,001.24641764,001.42753029,000.83650404,000.30
Tournament (k=2),Arithmetic,Uniform,0.40000,0.17762,000.03490067,000.77020234,001.08586311,000.72776783,000.29
Tournament (k=2),Arithmetic,Uniform,0.43709,0.03686,000.00008774,000.05960236,000.06592369,000.27205729,000.21
Tournament (k=2),Arithmetic,Gaussian,0.97087,0.17762,000.00721359,000.12103677,000.11167908,000.42676589,000.55
Tournament (k=2),Arithmetic,Uniform,0.64187,0.05228,000.00007248,000.01204939,000.01234055,000.17390728,000.47
Tournament (k=2),Arithmetic,Uniform,0.62318,0.03378,000.00034332,000.03839421,000.03228188,000.34240821,000.17
Tournament (k=2),Arithmetic,Gaussian,1.00000,0.30000,000.00687790,000.76181138,001.04045868,000.66741520,000.32
Tournament (k=2),Arithmetic,Uniform,0.55369,0.10516,000.00120544,000.02166824,000.02147865,000.07347231,000.22
Tournament (k=2),Arithmetic,Uniform,0.42436,0.06226,000.00006866,000.01280961,000.01384735,000.12242980,000.22
Tournament (k=2),Arithmetic,Uniform,0.66113,0.09637,000.00029373,000.02018089,000.01539040,000.21358284,000.40
Tournament (k=2),Arithmetic,Uniform,0.41200,0.30000,000.12791443,001.85226250,002.16745186,001.05648410,000.27
Tournament (k=2),Arithmetic,Gaussian,0.94259,0.03095,000.00004196,000.27058467,000.08001328,000.64346290,000.24
Tournament (k=2),Arithmetic,Uniform,0.47762,0.02183,000.00259399,000.24754520,000.24238396,000.47519329,000.39
Tournament (k=2),Arithmetic,Gaussian,1.00000,0.04023,000.00001526,000.19537425,000.04653549,000.69813406,000.18
Tournament (k=2),Arithmetic,Uniform,0.58741,0.30000,000.45056534,002.41741538,002.81541824,001.07586777,000.26
Tournament (k=2),Arithmetic,Uniform,0.45020,0.02000,000.00022507,000.24572024,000.26669312,000.49090427,000.20
Tournament (k=2),Arithmetic,Gaussian,0.94259,0.25191,000.01781082,000.51583362,000.52391243,000.65345687,000.41
Tournament (k=2),Arithmetic,Uniform,0.57030,0.17762,000.02917480,000.89411467,001.17085648,000.80835003,000.30
Tournament (k=2),Arithmetic,Uniform,0.60503,0.05705,000.00000763,000.00524793,000.00456238,000.14000669,000.25
Tournament (k=2),Arithmetic,Uniform,0.43709,0.13667,000.00180817,000.32565627,000.30310059,000.52538162,000.49
Tournament (k=2),Arithmetic,Uniform,0.41200,0.04023,000.00001526,000.04294977,000.05038452,000.19568643,000.28
Tournament (k=2),Arithmetic,Uniform,0.57030,0.05705,000.00001526,000.00902467,000.00923729,000.16947632,000.19
Tournament (k=2),Arithmetic,Uniform,0.50670,0.02382,000.00000763,000.19803810,000.14733696,000.39905030,000.16
Tournament (k=2),Arithmetic,Uniform,0.62318,0.09637,000.00015640,000.01299348,000.01259422,000.16666402,000.20
Tournament (k=2),Arithmetic,Uniform,0.64187,0.16276,000.01388168,000.72120893,001.06549263,000.77198166,000.61
Tournament (k=2),Arithmetic,Uniform,0.52190,0.03686,000.00002289,000.04938879,000.04404640,000.30141878,000.16
Tournament (k=2),Arithmetic,Uniform,0.53756,0.07415,000.00000763,000.00329947,000.00337601,000.02916997,000.24
Tournament (k=2),Arithmetic,Uniform,0.49195,0.04791,000.00004196,000.01295247,000.01257324,000.18126583,000.17
Tournament (k=2),Arithmetic,Uniform,0.68096,0.05705,000.00001144,000.00990157,000.00937843,000.20572585,000.19
Tournament (k=2),Arithmetic,Uniform,0.50670,0.05705,000.00005341,000.01040630,000.01291656,000.11000286,000.22
Tournament (k=2),Arithmetic,Uniform,0.45020,0.06795,000.00001144,000.00706820,000.00505829,000.10441464,000.22
Tournament (k=2),Arithmetic,Uniform,0.58741,0.03378,000.00005722,000.04589815,000.04318428,000.25009453,000.21
Tournament (k=2),Arithmetic,Uniform,0.66113,0.30000,000.33071518,002.31227779,002.69724274,001.29970312,000.32
Tournament (k=2),Arithmetic,Uniform,0.42436,0.06795,000.00000763,000.00888467,000.00893402,000.05045322,000.35
Tournament (k=2),Arithmetic,Uniform,0.41200,0.13667,000.00142670,000.22308421,000.25703430,000.49545923,000.23
Tournament (k=2),Arithmetic,Uniform,0.58741,0.11476,000.00139618,000.05909748,000.06732559,000.38649720,000.21
Tournament (k=2),Arithmetic,Uniform,0.47762,0.07415,000.00000000,000.00403557,000.00480843,000.04479528,000.24
Tournament (k=2),Arithmetic,Uniform,0.60503,0.17762,000.04922485,000.88058054,001.20003700,000.84728664,000.25
Tournament (k=2),Arithmetic,Uniform,0.46371,0.04390,000.00002289,000.02924099,000.03016853,000.22516444,000.22
Tournament (k=2),Arithmetic,Uniform,0.66113,0.03378,000.00000000,000.07074585,000.06525993,000.37877050,000.22
Tournament (k=2),Arithmetic,Uniform,0.53756,0.19383,000.02873230,001.06599045,001.31136894,000.89996094,000.49
Tournament (k=2),Arithmetic,Uniform,0.52190,0.14915,000.00686264,000.47424835,000.44970512,000.71802700,000.25
Tournament (k=2),Arithmetic,Uniform,0.46371,0.11476,000.00164032,000.05287419,000.05798340,000.31969956,000.26
Tournament (k=2),Arithmetic,Uniform,0.66113,0.10516,000.00031281,000.03541317,000.03948975,000.30278826,000.45
Tournament (k=2),Arithmetic,Uniform,0.55369,0.30000,000.34322357,002.15629673,002.42525291,001.21603215,000.28
Tournament (k=2),Arithmetic,Uniform,0.45020,0.19383,000.03520203,001.11028790,001.31854248,000.85190022,000.26
Tournament (k=2),Arithmetic,Uniform,0.49195,0.13667,000.00065231,000.24602953,000.22673225,000.54761684,000.28
Tournament (k=2),Arithmetic,Uniform,0.62318,0.30000,000.21743393,002.51676273,002.66739273,000.95582139,000.46
Tournament (k=2),Arithmetic,Uniform,0.62318,0.03686,000.00002289,000.02663894,000.02251244,000.25099263,000.18
Tournament (k=2),Arithmetic,Uniform,0.53756,0.02000,000.00005341,000.34935054,000.29944611,000.54170793,000.20
Tournament (k=2),Arithmetic,Uniform,0.43709,0.04023,000.00001907,000.04486513,000.04406357,000.22409630,000.21
Tournament (k=2),Arithmetic,Uniform,0.40000,0.02000,000.00104141,000.35299653,000.36393166,000.52462304,000.16
Tournament (k=2),Arithmetic,Uniform,0.42436,0.02000,000.00065613,000.38032436,000.47495461,000.59747213,000.15
Tournament (k=2),Arithmetic,Uniform,0.64187,0.05705,000.00001144,000.00653448,000.00544357,000.11297205,000.23
Tournament (k=2),Arithmetic,Uniform,0.50670,0.06226,000.00004196,000.00601106,000.00600243,000.02940257,000.34
Tournament (k=2),Arithmetic,Uniform,0.40000,0.19383,000.02841949,000.84038907,001.11334038,000.78642541,000.29
Tournament (k=2),Arithmetic,Uniform,0.60503,0.02000,000.00051880,000.29411930,000.27644730,000.57776999,000.17
Tournament (k=2),Arithmetic,Uniform,0.50670,0.19383,000.06680679,001.15489960,001.43392181,000.89470911,000.25
Tournament (k=2),Arithmetic,Uniform,0.47762,0.02382,000.00061798,000.23666640,000.21475029,000.48671889,000.20
Tournament (k=2),Arithmetic,Uniform,0.42436,0.19383,000.03298950,000.96002305,001.20115662,000.85219932,000.29
Tournament (k=2),Arithmetic,Gaussian,0.94259,0.03378,000.00001907,000.34928751,000.18225861,000.72436982,000.24
Tournament (k=2),Arithmetic,Uniform,0.68096,0.17762,000.02224731,001.08200252,001.32177925,000.81588280,000.24
Tournament (k=2),Arithmetic,Uniform,0.55369,0.04023,000.00001526,000.02489643,000.02159882,000.19613308,000.17
Tournament (k=2),Arithmetic,Uniform,0.43709,0.14915,000.01205063,000.37292975,000.28614044,000.61208713,000.61
Tournament (k=2),Arithmetic,Uniform,0.50670,0.02599,000.00012970,000.13276330,000.09798050,000.48608786,000.16
Tournament (k=2),Arithmetic,Uniform,0.45020,0.02183,000.00000000,000.27504545,000.30474854,000.47289234,000.20
Tournament (k=2),Arithmetic,Uniform,0.58741,0.12524,000.00212097,000.20968747,000.17080879,000.52113503,000.33
Tournament (k=2),Arithmetic,Gaussian,0.97087,0.19383,000.00756073,000.17943034,000.16358757,000.45486304,000.40
Tournament (k=2),Arithmetic,Uniform,0.57030,0.06226,000.00001526,000.00513692,000.00475502,000.08409654,000.20
Tournament (k=2),Arithmetic,Uniform,0.60503,0.06226,000.00000763,000.00741582,000.00764656,000.14121817,000.23
Tournament (k=2),Arithmetic,Uniform,0.53756,0.02183,000.00004196,000.20249239,000.20178604,000.47749272,000.24
Tournament (k=2),Arithmetic,Uniform,0.57030,0.19383,000.04251862,001.07223344,001.38681602,000.89991844,000.28
Tournament (k=2),Arithmetic,Uniform,0.52190,0.04023,000.00000763,000.02918296,000.03084755,000.22819008,000.17
Tournament (k=2),Arithmetic,Uniform,0.62318,0.10516,000.00034332,000.03119073,000.03326797,000.26264736,000.21
Tournament (k=2),Arithmetic,Uniform,0.68096,0.02000,000.00004196,000.26862469,000.23451996,000.50746638,000.17
Tournament (k=2),Arithmetic,Uniform,0.68096,0.06226,000.00000381,000.00527177,000.00347710,000.10425578,000.19
Tournament (k=2),Arithmetic,Uniform,0.53756,0.08092,000.00003052,000.00484424,000.00447083,000.02559305,000.20
Tournament (k=2),Arithmetic,Uniform,0.49195,0.05228,000.00000763,000.01842694,000.01614571,000.29464179,000.22
Tournament (k=2),Arithmetic,Gaussian,0.94259,0.27490,000.01483154,000.60535634,000.64658546,000.61648035,000.40
Tournament (k=2),Arithmetic,Uniform,0.58741,0.03686,000.00007629,000.04583230,000.04325294,000.26281458,000.21
Tournament (k=2),Arithmetic,Uniform,0.45020,0.07415,000.00000763,000.00561414,000.00406456,000.05592737,000.24
Tournament (k=2),Arithmetic,Uniform,0.42436,0.07415,000.00002289,000.00455151,000.00464249,000.09968910,000.22
Tournament (k=2),Arithmetic,Uniform,0.70139,0.03378,000.00067139,000.10264158,000.08464050,000.45187980,000.22
Tournament (k=2),Arithmetic,Uniform,0.64187,0.17762,000.04084778,000.99130040,001.27255630,000.83146846,000.32
Tournament (k=2),Arithmetic,Uniform,0.55369,0.11476,000.00147247,000.03931675,000.03910828,000.18215729,000.22
Tournament (k=2),Arithmetic,Uniform,0.47762,0.08092,000.00001526,000.00290580,000.00270462,000.10070691,000.24
Tournament (k=2),Arithmetic,Uniform,0.47762,0.21153,000.16303635,001.36549902,001.58592796,000.83014464,000.30
Tournament (k=2),Arithmetic,Uniform,0.46371,0.04791,000.00013351,000.01641827,000.01508141,000.10986504,000.22
Tournament (k=2),Arithmetic,Uniform,0.60503,0.19383,000.00985718,001.17438102,001.42673683,000.87653118,000.26
Tournament (k=2),Arithmetic,Uniform,0.66113,0.03686,000.00008774,000.04391255,000.05299377,000.30433273,000.23
Tournament (k=2),Arithmetic,Uniform,0.68096,0.06795,000.00001144,000.00274649,000.00165558,000.13984692,000.21
Tournament (k=2),Arithmetic,Uniform,0.66113,0.11476,000.00144196,000.06588049,000.06446266,000.39214250,000.22
Tournament (k=2),Arithmetic,Uniform,0.43709,0.04390,000.00012589,000.03230343,000.03417397,000.18069459,000.17
Tournament (k=2),Arithmetic,Uniform,0.46371,0.12524,000.00145721,000.11760554,000.12034988,000.39325058,000.25
Tournament (k=2),Arithmetic,Uniform,0.42436,0.02183,000.00005722,000.18431529,000.15519333,000.46809247,000.18
Tournament (k=2),Arithmetic,Uniform,0.52190,0.16276,000.00466156,000.65613168,001.03661346,000.64947861,000.30
Tournament (k=2),Arithmetic,Uniform,0.58741,0.04023,000.00035858,000.03075633,000.02849197,000.23519035,000.23
Tournament (k=2),Arithmetic,Uniform,0.49195,0.14915,000.01947784,000.33652964,000.35196114,000.62307703,000.25
Tournament (k=2),Arithmetic,Uniform,0.53756,0.21153,000.07183075,001.27320254,001.52189636,000.92527610,000.31
Tournament (k=2),Arithmetic,Uniform,0.60503,0.02183,000.00027466,000.19599891,000.16674995,000.45657808,000.16
Tournament (k=2),Arithmetic,Uniform,0.45020,0.21153,000.05727386,001.24907446,001.47447968,000.89858657,000.32
Tournament (k=2),Arithmetic,Uniform,0.42436,0.08092,000.00000000,000.00646448,000.00586319,000.16092655,000.26
Tournament (k=2),Arithmetic,Uniform,0.45020,0.08092,000.00000763,000.00538907,000.00553894,000.04972757,000.29
Tournament (k=2),Arithmetic,Uniform,0.47762,0.08830,000.00001907,000.00554738,000.00451660,000.03264444,000.26
Tournament (k=2),Arithmetic,Uniform,0.47762,0.02599,000.00014496,000.14835754,000.14735985,000.44068837,000.21
Tournament (k=2),Arithmetic,Uniform,0.55369,0.04390,000.00028992,000.03497129,000.03157234,000.17727368,000.18
Tournament (k=2),Arithmetic,Uniform,0.50670,0.02837,000.00004578,000.06299558,000.07110786,000.29283294,000.17
Tournament (k=2),Arithmetic,Uniform,0.64187,0.19383,000.04744720,001.21902335,001.33816338,000.89478433,000.35
Tournament (k=2),Arithmetic,Uniform,0.50670,0.21153,000.00530243,001.32200742,001.43679619,000.84627849,000.28
Tournament (k=2),Arithmetic,Uniform,0.40000,0.21153,000.13796997,001.21233916,001.45353889,000.91377217,000.30
Tournament (k=2),Arithmetic,Uniform,0.45020,0.02382,000.00056458,000.19681898,000.19381523,000.48134473,000.21
Tournament (k=2),Arithmetic,Gaussian,0.94259,0.03686,000.00001526,000.27240688,000.06034088,000.64518005,000.25
Tournament (k=2),Arithmetic,Uniform,0.68096,0.19383,000.03524399,001.21395779,001.39829636,000.98197502,000.26
Tournament (k=2),Arithmetic,Uniform,0.70139,0.10516,000.00031662,000.03526650,000.03183746,000.32755646,000.23
Tournament (k=2),Arithmetic,Uniform,0.58741,0.13667,000.01758575,000.40131688,000.36356163,000.63396585,000.23
Tournament (k=2),Arithmetic,Uniform,0.57030,0.06795,000.00006866,000.00521564,000.00398445,000.14561854,000.23
Tournament (k=2),Arithmetic,Gaussian,0.94259,0.30000,000.01386261,000.74516505,000.94983673,000.62367016,000.49
Tournament (k=2),Arithmetic,Uniform,0.42436,0.21153,000.04076385,001.21076941,001.42304420,000.86890846,000.31
Tournament (k=2),Arithmetic,Uniform,0.53756,0.02382,000.00000763,000.25349769,000.19731903,000.49290693,000.22
Tournament (k=2),Arithmetic,Uniform,0.52190,0.04390,000.00002670,000.02086844,000.02218628,000.16914704,000.20
Tournament (k=2),Arithmetic,Uniform,0.60503,0.06795,000.00001144,000.00281615,000.00221634,000.12047512,000.25
Tournament (k=2),Arithmetic,Uniform,0.47762,0.02837,000.00012207,000.09062205,000.09333611,000.30070674,000.20
Tournament (k=2),Arithmetic,Uniform,0.64187,0.02000,000.00321579,000.23098488,000.25820160,000.50915074,000.17
Tournament (k=2),Arithmetic,Uniform,0.49195,0.05705,000.00003433,000.01038299,000.00726509,000.17856607,000.19
Tournament (k=2),Arithmetic,Uniform,0.55369,0.04791,000.00000763,000.01675115,000.01365089,000.22238421,000.24
Tournament (k=2),Arithmetic,Uniform,0.50670,0.03095,000.00010300,000.05560289,000.06487274,000.28923357,000.23
Tournament (k=2),Arithmetic,Uniform,0.57030,0.21153,000.12799072,001.44874406,001.72576141,000.95761639,000.32
Tournament (k=2),Arithmetic,Gaussian,0.97087,0.21153,000.01087952,000.16478524,000.14393997,000.48119479,000.39
Tournament (k=2),Arithmetic,Uniform,0.41200,0.04390,000.00000000,000.03105450,000.02521896,000.23459174,000.21
Tournament (k=2),Arithmetic,Uniform,0.53756,0.08830,000.00000381,000.00340014,000.00433540,000.09513462,000.25
Tournament (k=2),Arithmetic,Uniform,0.45020,0.02599,000.00000381,000.14482045,000.10068321,000.41220880,000.22
Tournament (k=2),Arithmetic,Uniform,0.66113,0.04023,000.00000763,000.04742251,000.04776001,000.31943047,000.18
Tournament (k=2),Arithmetic,Uniform,0.57030,0.07415,000.00001526,000.00446687,000.00395393,000.11213934,000.25
Tournament (k=2),Arithmetic,Uniform,0.50670,0.06795,000.00000763,000.00485215,000.00526047,000.10739580,000.24
Tournament (k=2),Arithmetic,Uniform,0.55369,0.12524,000.00199127,000.15134330,000.14659882,000.43353781,000.26
Tournament (k=2),Arithmetic,Uniform,0.68096,0.21153,000.05874252,001.52663493,001.83104324,000.88182682,000.30
Tournament (k=2),Arithmetic,Uniform,0.53756,0.02599,000.00183487,000.15298423,000.13485336,000.44330606,000.24
Tournament (k=2),Arithmetic,Uniform,0.68096,0.07415,000.00000000,000.00301847,000.00275421,000.10769548,000.20
Tournament (k=2),Arithmetic,Uniform,0.60503,0.21153,000.12252808,001.47660065,001.69506073,000.88726926,000.25
Tournament (k=2),Arithmetic,Uniform,0.42436,0.02382,000.00006485,000.20633717,000.16429520,000.47837049,000.16
Tournament (k=2),Arithmetic,Uniform,0.70139,0.11476,000.00572968,000.08941803,000.07191849,000.42921209,000.33
Tournament (k=2),Arithmetic,Uniform,0.47762,0.23084,000.08592224,001.49937546,001.71092987,000.89195806,000.31
Tournament (k=2),Arithmetic,Uniform,0.60503,0.02382,000.00048065,000.16530661,000.15589142,000.41028860,000.16
Tournament (k=2),Arithmetic,Uniform,0.43709,0.04791,000.00004196,000.01493530,000.01083755,000.13403696,000.22
Tournament (k=2),Arithmetic,Uniform,0.58741,0.04390,000.00000763,000.02207551,000.02185440,000.19727586,000.22
Tournament (k=2),Arithmetic,Uniform,0.52190,0.17762,000.02681732,000.93665135,001.16840744,000.74943823,000.26
Tournament (k=2),Arithmetic,Uniform,0.66113,0.12524,000.00224304,000.19958147,000.17219543,000.47825095,000.28
Tournament (k=2),Arithmetic,Uniform,0.46371,0.13667,000.00412369,000.21262507,000.18632126,000.48070353,000.28
Tournament (k=2),Arithmetic,Uniform,0.49195,0.16276,000.07466888,000.72171921,001.03886414,000.73098767,000.25
Tournament (k=2),Arithmetic,Uniform,0.68096,0.02183,000.00031281,000.16958494,000.17276764,000.52125102,000.17
Tournament (k=2),Arithmetic,Uniform,0.72243,0.02000,000.00006866,000.25506592,000.26916885,000.53247273,000.21
Tournament (k=2),Arithmetic,Uniform,0.42436,0.02599,000.00004959,000.16145658,000.11222458,000.46088710,000.17
Tournament (k=2),Arithmetic,Uniform,0.45020,0.08830,000.00004578,000.00376644,000.00461388,000.04624679,000.24
Tournament (k=2),Arithmetic,Uniform,0.47762,0.09637,000.00000763,000.00702367,000.00603294,000.03151130,000.25
Tournament (k=2),Arithmetic,Uniform,0.53756,0.23084,000.12674713,001.59424710,001.86528397,000.92001098,000.34
Tournament (k=2),Arithmetic,Uniform,0.45020,0.23084,000.03112793,001.41041970,001.66773987,000.86218548,000.31
Tournament (k=2),Arithmetic,Uniform,0.40000,0.02183,000.00003433,000.24902625,000.22519112,000.54522985,000.15
Tournament (k=2),Arithmetic,Uniform,0.62318,0.11476,000.00114441,000.12064166,000.08950043,000.49406874,000.28
Tournament (k=2),Arithmetic,Uniform,0.70139,0.03686,000.00001907,000.07362018,000.05501556,000.42849660,000.18
Tournament (k=2),Arithmetic,Uniform,0.72243,0.06226,000.00001144,000.00281534,000.00243378,000.24622391,000.25
Tournament (k=2),Arithmetic,Uniform,0.70139,0.12524,000.00391006,000.21396685,000.16571808,000.56546891,000.30
Tournament (k=2),Arithmetic,Uniform,0.68096,0.02382,000.00002289,000.14907674,000.16322708,000.44874054,000.16
Tournament (k=2),Arithmetic,Uniform,0.50670,0.23084,000.12734985,001.70800650,002.07491684,000.87214035,000.27
Tournament (k=2),Arithmetic,Uniform,0.40000,0.23084,000.03113937,001.22418725,001.47524261,000.99033272,000.30
Tournament (k=2),Arithmetic,Uniform,0.52190,0.04791,000.00000381,000.01569200,000.01644516,000.15913497,000.17
Tournament (k=2),Arithmetic,Uniform,0.58741,0.14915,000.01363373,000.55248702,000.60618973,000.64276582,000.24
Tournament (k=2),Arithmetic,Gaussian,0.97087,0.02000,000.00128937,000.48600277,001.00190353,000.74281746,000.22
Tournament (k=2),Arithmetic,Uniform,0.64187,0.06226,000.00000000,000.00529304,000.00445366,000.11134651,000.25
Tournament (k=2),Arithmetic,Uniform,0.60503,0.23084,000.28909302,001.61798060,001.97303009,001.00438082,000.39
Tournament (k=2),Arithmetic,Uniform,0.64187,0.02183,000.00024796,000.20303217,000.16660881,000.49039114,000.16
Tournament (k=2),Arithmetic,Uniform,0.72243,0.19383,000.10403824,001.30245852,001.49309540,000.97141230,000.29
Tournament (k=2),Arithmetic,Uniform,0.47762,0.25191,000.11529922,001.67374992,001.94937897,000.95532155,000.39
Tournament (k=2),Arithmetic,Uniform,0.40000,0.02382,000.00119781,000.22884727,000.26116562,000.50383991,000.15
Tournament (k=2),Arithmetic,Uniform,0.76642,0.02183,000.00248337,000.36744532,000.29875565,000.71883738,000.17
Tournament (k=2),Arithmetic,Uniform,0.74410,0.03686,000.00009537,000.05341048,000.03825569,000.40453666,000.26
Tournament (k=2),Arithmetic,Uniform,0.47762,0.03095,000.00052643,000.12868682,000.11692619,000.35900703,000.20
Tournament (k=2),Arithmetic,Uniform,0.42436,0.23084,000.03125000,001.48151207,001.72747040,000.90780967,000.30
Tournament (k=2),Arithmetic,Uniform,0.70139,0.04023,000.00003815,000.04132919,000.04345322,000.32988852,000.22
Tournament (k=2),Arithmetic,Uniform,0.66113,0.04390,000.00006104,000.02860427,000.03182411,000.25313595,000.18
Tournament (k=2),Arithmetic,Uniform,0.45020,0.02837,000.00006104,000.07761025,000.07214355,000.32704398,000.21
Tournament (k=2),Arithmetic,Uniform,0.57030,0.08092,000.00000000,000.00397482,000.00336456,000.08387568,000.20
Tournament (k=2),Arithmetic,Uniform,0.74410,0.11476,000.00207520,000.09225921,000.08380318,000.43533999,000.32
Tournament (k=2),Arithmetic,Uniform,0.76642,0.06795,000.00000763,000.00267773,000.00183678,000.08859693,000.24
Tournament (k=2),Arithmetic,Uniform,0.53756,0.09637,000.00008392,000.01315284,000.00983810,000.19963436,000.25
Tournament (k=2),Arithmetic,Uniform,0.76642,0.02382,000.00000763,000.39610577,000.50104713,000.56883186,000.17
Tournament (k=2),Arithmetic,Uniform,0.57030,0.23084,000.11307526,001.62583315,001.87879944,000.96188182,000.31
Tournament (k=2),Arithmetic,Uniform,0.68096,0.08092,000.00000763,000.00373459,000.00330353,000.07672658,000.20
Tournament (k=2),Arithmetic,Uniform,0.50670,0.07415,000.00000763,000.00450764,000.00454712,000.02667963,000.25
Tournament (k=2),Arithmetic,Uniform,0.57030,0.02000,000.00291061,000.34911567,000.33971977,000.53358197,000.21
Tournament (k=2),Arithmetic,Uniform,0.53756,0.02837,000.00018692,000.08311167,000.07811356,000.31229103,000.22
Tournament (k=2),Arithmetic,Uniform,0.60503,0.02599,000.00007248,000.08210693,000.06445312,000.41277131,000.19
Tournament (k=2),Arithmetic,Uniform,0.70139,0.13667,000.00531006,000.37687889,000.30709457,000.65272260,000.33
Tournament (k=2),Arithmetic,Uniform,0.68096,0.23084,000.20347214,001.85013163,002.17691612,001.07723916,000.25
Tournament (k=2),Arithmetic,Uniform,0.55369,0.13667,000.00259781,000.28850546,000.25898743,000.62169945,000.26
Tournament (k=2),Arithmetic,Uniform,0.74410,0.04023,000.00001526,000.05560575,000.04694939,000.49166599,000.29
Tournament (k=2),Arithmetic,Uniform,0.62318,0.04023,000.00000763,000.02903018,000.02814674,000.22672018,000.22
Tournament (k=2),Arithmetic,Uniform,0.57030,0.08830,000.00001526,000.00520401,000.00548553,000.04488279,000.22
Tournament (k=2),Arithmetic,Uniform,0.58741,0.04791,000.00003433,000.02465601,000.01731682,000.21752557,000.24
Tournament (k=2),Arithmetic,Uniform,0.72243,0.02183,000.00225067,000.29916629,000.24053192,000.65750605,000.16
Tournament (k=2),Arithmetic,Uniform,0.76642,0.21153,000.07933426,001.47902262,001.74064255,000.96457291,000.34
Tournament (k=2),Arithmetic,Uniform,0.57030,0.02183,000.00014496,000.19671793,000.18394661,000.46103039,000.18
Tournament (k=2),Arithmetic,Uniform,0.55369,0.05228,000.00002289,000.01549149,000.01033401,000.13859639,000.18
Tournament (k=2),Arithmetic,Uniform,0.46371,0.14915,000.00354004,000.34041029,000.28272438,000.57535434,000.28
Tournament (k=2),Arithmetic,Uniform,0.52190,0.19383,000.02931976,001.08281159,001.24697495,000.88027793,000.29
Tournament (k=2),Arithmetic,Uniform,0.49195,0.17762,000.00789642,000.81219542,001.11346245,000.72399914,000.24
Tournament (k=2),Arithmetic,Uniform,0.46371,0.05228,000.00001907,000.01456785,000.01531982,000.19009691,000.22
Tournament (k=2),Arithmetic,Uniform,0.78941,0.04023,000.00000763,000.03974314,000.03348351,000.34443474,000.22
Tournament (k=2),Arithmetic,Uniform,0.50670,0.03378,000.00013733,000.06927375,000.05327606,000.34215105,000.19
Tournament (k=2),Arithmetic,Uniform,0.53756,0.03095,000.00061035,000.05485683,000.06407166,000.19484383,000.20
Tournament (k=2),Arithmetic,Uniform,0.68096,0.02599,000.00016785,000.16173205,000.14863014,000.43969744,000.17
Tournament (k=2),Arithmetic,Uniform,0.50670,0.08092,000.00000763,000.00340614,000.00326729,000.02452028,000.28
Tournament (k=2),Arithmetic,Uniform,0.52190,0.05228,000.00004196,000.01162004,000.01086426,000.17954807,000.17
Tournament (k=2),Arithmetic,Uniform,0.45020,0.25191,000.22548676,001.73219144,002.18766212,000.99300200,000.32
Tournament (k=2),Arithmetic,Uniform,0.55369,0.14915,000.01878738,000.34288353,000.31088638,000.55383986,000.30
Tournament (k=2),Arithmetic,Uniform,0.81310,0.02382,000.00204086,000.34485722,000.32421494,000.63244843,000.21
Tournament (k=2),Arithmetic,Uniform,0.64187,0.06795,000.00000000,000.00332313,000.00270271,000.08331838,000.21
Tournament (k=2),Arithmetic,Uniform,0.74410,0.04390,000.00011444,000.04955335,000.04275513,000.43098900,000.24
Tournament (k=2),Arithmetic,Uniform,0.64187,0.02382,000.00092697,000.19636726,000.21892738,000.43420175,000.19
Tournament (k=2),Arithmetic,Uniform,0.58741,0.16276,000.01782990,000.63305134,000.87633705,000.67936593,000.24
Tournament (k=2),Arithmetic,Uniform,0.78941,0.12524,000.00992584,000.16083832,000.12200737,000.47010061,000.27
Tournament (k=2),Arithmetic,Uniform,0.72243,0.21153,000.12652969,001.41426396,001.60065269,001.00477612,000.27
Tournament (k=2),Arithmetic,Uniform,0.81310,0.07415,000.00000381,000.00127144,000.00101662,000.00850516,000.25
Tournament (k=2),Arithmetic,Uniform,0.70139,0.04390,000.00000763,000.02436576,000.02069855,000.35889405,000.24
Tournament (k=2),Arithmetic,Uniform,0.60503,0.25191,000.08380508,001.93772960,002.39911652,001.09130311,000.31
Tournament (k=2),Arithmetic,Uniform,0.47762,0.27490,000.28442383,001.80534387,002.17599678,001.09708309,000.30
Tournament (k=2),Arithmetic,Uniform,0.64187,0.21153,000.02175140,001.54841208,001.85563087,000.88343257,000.32
Tournament (k=2),Arithmetic,Uniform,0.76642,0.02599,000.00436783,000.34084797,000.31453705,000.59582418,000.18
Tournament (k=2),Arithmetic,Uniform,0.66113,0.04791,000.00001907,000.01881909,000.01716805,000.29607129,000.24
Tournament (k=2),Arithmetic,Uniform,0.76642,0.07415,000.00000000,000.00165987,000.00158501,000.04142958,000.21
Tournament (k=2),Arithmetic,Uniform,0.83749,0.04390,000.00003815,000.05161400,000.03497696,000.49803868,000.25
Tournament (k=2),Arithmetic,Uniform,0.68096,0.08830,000.00001526,000.00467443,000.00500107,000.10440067,000.22
Tournament (k=2),Arithmetic,Uniform,0.74410,0.12524,000.00861359,000.23750266,000.20682526,000.55209297,000.27
Tournament (k=2),Arithmetic,Uniform,0.81310,0.23084,000.04531860,001.65677762,001.94864082,001.05538261,000.38
Tournament (k=2),Arithmetic,Uniform,0.53756,0.10516,000.00009155,000.02792087,000.03115273,000.25053957,000.26
Tournament (k=2),Arithmetic,Uniform,0.76642,0.23084,000.01322174,001.51617587,001.82900810,000.98676962,000.48
Tournament (k=2),Arithmetic,Uniform,0.60503,0.02837,000.00000000,000.08648510,000.07374191,000.40793854,000.18
Tournament (k=2),Arithmetic,Uniform,0.60503,0.07415,000.00000381,000.00368252,000.00305557,000.10115922,000.24
Tournament (k=2),Arithmetic,Uniform,0.66113,0.13667,000.00646973,000.43952695,000.44815445,000.54230112,000.34
Tournament (k=2),Arithmetic,Uniform,0.62318,0.12524,000.00603867,000.17824927,000.18643570,000.46224788,000.22
Tournament (k=2),Arithmetic,Uniform,0.62318,0.04390,000.00002670,000.01944561,000.01660919,000.23754251,000.18
Tournament (k=2),Arithmetic,Uniform,0.57030,0.25191,000.21900940,001.90955698,002.28182220,000.99496949,000.32
Tournament (k=2),Arithmetic,Uniform,0.57030,0.02382,000.00022507,000.22118369,000.18062973,000.56612027,000.16
Tournament (k=2),Arithmetic,Uniform,0.53756,0.25191,000.16849136,001.83959770,002.22837067,000.94627780,000.31
Tournament (k=2),Arithmetic,Uniform,0.72243,0.06795,000.00000000,000.00210824,000.00223732,000.11654728,000.24
Tournament (k=2),Arithmetic,Uniform,0.68096,0.25191,000.15468216,001.83053648,002.15987968,000.98887813,000.26
Tournament (k=2),Arithmetic,Uniform,0.72243,0.02382,000.00029373,000.29405069,000.17770767,000.54809147,000.21
Tournament (k=2),Arithmetic,Uniform,0.57030,0.09637,000.00005341,000.01248708,000.01134300,000.10579056,000.22
Tournament (k=2),Arithmetic,Uniform,0.58741,0.05228,000.00000763,000.01104889,000.01107979,000.18991739,000.23
Tournament (k=2),Arithmetic,Gaussian,0.97087,0.02183,000.00006104,000.46077728,000.85391235,000.77595598,000.23
Tournament (k=2),Arithmetic,Uniform,0.55369,0.05705,000.00000381,000.00876513,000.00739479,000.13175569,000.18
Tournament (k=2),Arithmetic,Uniform,0.86261,0.08092,000.00001907,000.00293403,000.00253296,000.15844820,000.20
Tournament (k=2),Arithmetic,Uniform,0.86261,0.02599,000.00006866,000.31461421,000.22560120,000.62447685,000.28
Tournament (k=2),Arithmetic,Uniform,0.72243,0.23084,000.13625336,001.46639609,001.81251144,000.98410255,000.39
Tournament (k=2),Arithmetic,Uniform,0.46371,0.16276,000.01268387,000.51883274,000.49176788,000.63480335,000.28
Tournament (k=2),Arithmetic,Uniform,0.68096,0.02837,000.00001144,000.12173824,000.09621811,000.44857875,000.17
Tournament (k=2),Arithmetic,Uniform,0.64187,0.23084,000.10988235,001.58770728,001.84733963,001.08466101,000.37
Tournament (k=2),Arithmetic,Uniform,0.57030,0.02599,000.00003052,000.12948522,000.12491035,000.42698258,000.21
Tournament (k=2),Arithmetic,Uniform,0.88849,0.04791,000.00000763,000.03586831,000.02108383,000.49601439,000.24
Tournament (k=2),Arithmetic,Uniform,0.52190,0.05705,000.00005341,000.00880799,000.00835419,000.11632349,000.18
Tournament (k=2),Arithmetic,Uniform,0.50670,0.08830,000.00008392,000.00416265,000.00441742,000.06480031,000.20
Tournament (k=2),Arithmetic,Uniform,0.78941,0.04390,000.00027847,000.02796187,000.02037239,000.39811796,000.24
Tournament (k=2),Arithmetic,Uniform,0.83749,0.13667,000.00642014,000.36353812,000.38725662,000.61341029,000.47
Tournament (k=2),Arithmetic,Uniform,0.86261,0.25191,000.39876175,002.03003287,002.38668823,000.95118070,000.31
Tournament (k=2),Arithmetic,Uniform,0.81310,0.02599,000.00060272,000.23994212,000.15886879,000.61545146,000.20
Tournament (k=2),Arithmetic,Uniform,0.74410,0.04791,000.00001907,000.01752343,000.02064514,000.33518365,000.19
Tournament (k=2),Arithmetic,Uniform,0.55369,0.06226,000.00000763,000.00841131,000.00749397,000.19615275,000.20
Tournament (k=2),Arithmetic,Uniform,0.64187,0.07415,000.00000381,000.00298276,000.00247765,000.14438495,000.24
Tournament (k=2),Arithmetic,Uniform,0.55369,0.16276,000.05896759,000.64810777,000.76000977,000.68140632,000.27
Tournament (k=2),Arithmetic,Uniform,0.78941,0.13667,000.01483154,000.34421095,000.27791786,000.61965084,000.24
Tournament (k=2),Arithmetic,Uniform,0.45020,0.27490,000.16741180,002.00096059,002.41297913,001.14754677,000.31
Tournament (k=2),Arithmetic,Uniform,0.68096,0.03095,000.00001144,000.09072070,000.08052635,000.41252464,000.18
Tournament (k=2),Arithmetic,Uniform,0.86261,0.08830,000.00014114,000.01054339,000.01025772,000.18501896,000.29
Tournament (k=2),Arithmetic,Uniform,0.81310,0.08092,000.00001526,000.00361543,000.00339508,000.12624042,000.25
Tournament (k=2),Arithmetic,Uniform,0.76642,0.02837,000.00033188,000.21744838,000.13304520,000.56169856,000.19
Tournament (k=2),Arithmetic,Uniform,0.53756,0.27490,000.22744751,002.10442686,002.47117615,001.16497707,000.43
Tournament (k=2),Arithmetic,Uniform,0.66113,0.05228,000.00001526,000.01271291,000.01273537,000.22158569,000.18
Tournament (k=2),Arithmetic,Uniform,0.57030,0.02837,000.00025940,000.09328594,000.09192657,000.44059700,000.25
Tournament (k=2),Arithmetic,Uniform,0.68096,0.09637,000.00027466,000.01783557,000.01355553,000.26259568,000.19
Tournament (k=2),Arithmetic,Uniform,0.70139,0.14915,000.00665665,000.62478119,000.85329247,000.72126019,000.29
Tournament (k=2),Arithmetic,Uniform,0.47762,0.30000,000.20559311,002.09682560,002.45185089,001.00653327,000.27
Tournament (k=2),Arithmetic,Uniform,0.83749,0.04791,000.00001526,000.03323422,000.02000809,000.45686436,000.24
Tournament (k=2),Arithmetic,Uniform,0.76642,0.08092,000.00001526,000.00409083,000.00292397,000.15563658,000.25
Tournament (k=2),Arithmetic,Uniform,0.60503,0.03095,000.00007248,000.06908365,000.07146454,000.36516407,000.18
Tournament (k=2),Arithmetic,Uniform,0.74410,0.13667,000.00220490,000.33065134,000.32477379,000.63718182,000.28
Tournament (k=2),Arithmetic,Uniform,0.50670,0.25191,000.19789124,001.81143832,002.05600929,001.08667028,000.32
Tournament (k=2),Arithmetic,Uniform,0.76642,0.25191,000.07743454,001.87035823,002.31393433,000.97386438,000.25
Tournament (k=2),Arithmetic,Uniform,0.81310,0.25191,000.07052612,001.78670812,002.11746597,000.97612447,000.31
Tournament (k=2),Arithmetic,Uniform,0.53756,0.11476,000.00199890,000.05048094,000.05063057,000.26214609,000.26
Tournament (k=2),Arithmetic,Uniform,0.62318,0.04791,000.00001144,000.01487460,000.01376534,000.16954926,000.20
Tournament (k=2),Arithmetic,Uniform,0.60503,0.08092,000.00000763,000.00568900,000.00572395,000.10560940,000.25
Tournament (k=2),Arithmetic,Uniform,0.62318,0.13667,000.00351715,000.36691529,000.33629608,000.55557525,000.23
Tournament (k=2),Arithmetic,Uniform,0.66113,0.14915,000.00889206,000.56322896,000.67990875,000.66321778,000.25
Tournament (k=2),Arithmetic,Uniform,0.72243,0.02599,000.00001144,000.27286434,000.24459267,000.51019889,000.22
Tournament (k=2),Arithmetic,Uniform,0.64187,0.02599,000.00048828,000.23181248,000.18760109,000.50713485,000.17
Tournament (k=2),Arithmetic,Uniform,0.57030,0.03095,000.00000000,000.07629790,000.07402039,000.31521925,000.26
Tournament (k=2),Arithmetic,Uniform,0.57030,0.10516,000.00008774,000.01950831,000.01866531,000.19896823,000.23
Tournament (k=2),Arithmetic,Uniform,0.86261,0.02837,000.00088120,000.33015099,000.32678604,000.68927622,000.17
Tournament (k=2),Arithmetic,Uniform,0.57030,0.27490,000.09303284,001.88979053,002.19784546,000.99477690,000.31
Tournament (k=2),Arithmetic,Uniform,0.58741,0.05705,000.00003052,000.01241617,000.01357460,000.15652789,000.24
Tournament (k=2),Arithmetic,Uniform,0.68096,0.27490,000.04802322,001.88528061,002.22699547,001.26434267,000.28
Tournament (k=2),Arithmetic,Uniform,0.42436,0.25191,000.15184784,001.68082559,001.91932487,001.12011325,000.32
Tournament (k=2),Arithmetic,Uniform,0.88849,0.14915,000.00443649,000.70962322,001.07957840,000.68404192,000.25
Tournament (k=2),Arithmetic,Uniform,0.52190,0.06226,000.00000381,000.00629668,000.00584793,000.03588430,000.18
Tournament (k=2),Arithmetic,Uniform,0.91514,0.02837,000.00085068,000.21428542,000.12733269,000.61406016,000.23
Tournament (k=2),Arithmetic,Uniform,0.70139,0.16276,000.00263977,000.85106599,001.13243103,000.79906434,000.37
Tournament (k=2),Arithmetic,Uniform,0.58741,0.17762,000.00313187,001.11080384,001.35956764,000.76638633,000.30
Tournament (k=2),Arithmetic,Uniform,0.64187,0.25191,000.21439743,001.91765690,002.40431976,001.04513240,000.28
Tournament (k=2),Arithmetic,Uniform,0.88849,0.05228,000.00000381,000.01267185,000.00826836,000.31805345,000.24
Tournament (k=2),Arithmetic,Uniform,0.72243,0.25191,000.13837433,001.87471616,002.27849007,001.04896152,000.32
Tournament (k=2),Arithmetic,Uniform,0.81310,0.02837,000.00086212,000.23816982,000.16691971,000.66790438,000.17
Tournament (k=2),Arithmetic,Uniform,0.81310,0.27490,000.43543625,002.11477351,002.46398544,001.00115967,000.36
Tournament (k=2),Arithmetic,Uniform,0.74410,0.05228,000.00003052,000.01433301,000.01266289,000.28494346,000.20
Tournament (k=2),Arithmetic,Uniform,0.55369,0.06795,000.00000763,000.00490828,000.00444603,000.11389231,000.19
Tournament (k=2),Arithmetic,Uniform,0.60503,0.27490,000.23112869,002.05405021,002.40431595,001.14095128,000.34
Tournament (k=2),Arithmetic,Uniform,0.50670,0.09637,000.00008011,000.01003480,000.00951767,000.15857039,000.26
Tournament (k=2),Arithmetic,Uniform,0.78941,0.04791,000.00000763,000.02869434,000.02311134,000.40421599,000.24
Tournament (k=2),Arithmetic,Uniform,0.57030,0.03378,000.00001526,000.05574770,000.04396439,000.26903117,000.27
Tournament (k=2),Arithmetic,Uniform,0.83749,0.14915,000.00600433,000.56453836,000.54250717,000.70171547,000.29
Tournament (k=2),Arithmetic,Uniform,0.64187,0.08092,000.00000381,000.00306211,000.00354004,000.03438709,000.25
Tournament (k=2),Arithmetic,Uniform,0.68096,0.03378,000.00012970,000.04765797,000.04166031,000.44019330,000.18
Tournament (k=2),Arithmetic,Uniform,0.78941,0.14915,000.00720215,000.56848246,000.73151779,000.74407279,000.24
Tournament (k=2),Arithmetic,Uniform,0.76642,0.03095,000.00008011,000.15626979,000.11553001,000.45267218,000.16
Tournament (k=2),Arithmetic,Uniform,0.55369,0.17762,000.02986908,000.88042402,001.15039444,000.69882149,000.30
Tournament (k=2),Arithmetic,Uniform,0.86261,0.09637,000.00034332,000.02214055,000.02269554,000.25241432,000.19
Tournament (k=2),Arithmetic,Uniform,0.81310,0.03095,000.00008392,000.19133739,000.12116623,000.58938831,000.19
Tournament (k=2),Arithmetic,Uniform,0.91514,0.08830,000.00011444,000.01303020,000.01429176,000.25402847,000.28
Tournament (k=2),Arithmetic,Uniform,0.81310,0.08830,000.00007248,000.00895619,000.00868988,000.15971601,000.25
Tournament (k=2),Arithmetic,Uniform,0.66113,0.05705,000.00000000,000.00791240,000.00835419,000.27641764,000.24
Tournament (k=2),Arithmetic,Uniform,0.68096,0.10516,000.00013351,000.03488569,000.03131294,000.30021378,000.21
Tournament (k=2),Arithmetic,Uniform,0.53756,0.03378,000.00001144,000.07431269,000.07447815,000.33445519,000.22
Tournament (k=2),Arithmetic,Uniform,0.76642,0.08830,000.00019073,000.01137834,000.00977135,000.24151494,000.20
Tournament (k=2),Arithmetic,Uniform,0.72243,0.07415,000.00000763,000.00321560,000.00219727,000.06727311,000.24
Tournament (k=2),Arithmetic,Uniform,0.70139,0.04791,000.00006485,000.01826048,000.01619720,000.38579294,000.18
Tournament (k=2),Arithmetic,Uniform,0.53756,0.30000,000.24917221,001.99400258,002.26230049,001.12520397,000.35
Tournament (k=2),Arithmetic,Uniform,0.91514,0.27490,000.25298309,002.14897323,002.45398140,000.99741179,000.31
Tournament (k=2),Arithmetic,Uniform,0.94259,0.05228,000.00000000,000.01318841,000.00823593,000.35155672,000.21
Tournament (k=2),Arithmetic,Uniform,0.50670,0.10516,000.00017929,000.02098227,000.01958847,000.22809567,000.31
Tournament (k=2),Arithmetic,Uniform,0.50670,0.27490,000.12955093,001.96320307,002.15107918,001.03991175,000.27
Tournament (k=2),Arithmetic,Uniform,0.86261,0.10516,000.00045776,000.04192777,000.03963280,000.33432558,000.23
Tournament (k=2),Arithmetic,Uniform,0.74410,0.14915,000.00675964,000.57756078,000.69040298,000.74553400,000.28
Tournament (k=2),Arithmetic,Uniform,0.57030,0.03686,000.00004196,000.03686047,000.03408432,000.15480708,000.30
Tournament (k=2),Arithmetic,Uniform,0.64187,0.02837,000.00000000,000.10475902,000.08376312,000.41401622,000.19
Tournament (k=2),Arithmetic,Uniform,0.62318,0.14915,000.01718521,000.43841201,000.37663269,000.65096956,000.23
Tournament (k=2),Arithmetic,Uniform,0.60503,0.08830,000.00002670,000.00619540,000.00529671,000.12135803,000.25
Tournament (k=2),Arithmetic,Uniform,0.72243,0.02837,000.00079346,000.21619725,000.10955811,000.46975276,000.22
Tournament (k=2),Arithmetic,Uniform,0.76642,0.27490,000.01775360,002.06080222,002.51799965,001.20736814,000.32
Tournament (k=2),Arithmetic,Uniform,0.91514,0.09637,000.00023651,000.02027879,000.02338791,000.20845152,000.31
Tournament (k=2),Arithmetic,Uniform,0.66113,0.06226,000.00000000,000.00395451,000.00333405,000.11655151,000.25
Tournament (k=2),Arithmetic,Uniform,0.97087,0.03095,000.00061417,000.30449170,000.15346718,000.70728409,000.17
Tournament (k=2),Arithmetic,Uniform,0.81310,0.09637,000.00027084,000.02333322,000.02444077,000.21849121,000.32
Tournament (k=2),Arithmetic,Uniform,0.60503,0.30000,000.32830048,002.19295454,002.58155441,001.31710553,000.51
Tournament (k=2),Arithmetic,Uniform,0.57030,0.11476,000.00010300,000.09616528,000.09284592,000.42880115,000.24
Tournament (k=2),Arithmetic,Uniform,0.91514,0.03095,000.00149918,000.34213680,000.23368645,000.76428646,000.18
Tournament (k=2),Arithmetic,Uniform,0.86261,0.03095,000.00010681,000.27431005,000.17613602,000.64381450,000.22
Tournament (k=2),Arithmetic,Uniform,0.58741,0.06226,000.00000763,000.00416417,000.00390816,000.07183520,000.23
Tournament (k=2),Arithmetic,Uniform,0.70139,0.17762,000.01545715,000.99701941,001.20598412,000.75077474,000.24
Tournament (k=2),Arithmetic,Uniform,0.58741,0.19383,000.11872864,001.14448512,001.26071548,000.84188390,000.25
Tournament (k=2),Arithmetic,Uniform,0.68096,0.30000,000.17773056,002.11180472,002.32790375,001.06301045,000.29
Tournament (k=2),Arithmetic,Uniform,0.64187,0.03095,000.00005341,000.10608020,000.09317780,000.40519968,000.22
Tournament (k=2),Arithmetic,Uniform,0.94259,0.16276,000.00509644,000.70489877,000.87790298,000.77709013,000.30
Tournament (k=2),Arithmetic,Uniform,0.88849,0.16276,000.02606201,000.90561962,001.18817139,000.78394526,000.30
Tournament (k=2),Arithmetic,Uniform,0.57030,0.30000,000.13190460,002.22475123,002.72532654,001.22959745,000.32
Tournament (k=2),Arithmetic,Uniform,0.74410,0.05705,000.00000763,000.00759339,000.00796890,000.21276017,000.19
Tournament (k=2),Arithmetic,Uniform,0.64187,0.27490,000.44858551,002.17693710,002.62155724,001.12202406,000.32
Tournament (k=2),Arithmetic,Uniform,0.97087,0.09637,000.00027466,000.02309904,000.02452469,000.20379475,000.20
Tournament (k=2),Arithmetic,Uniform,0.81310,0.30000,000.29043579,002.37728953,002.85939026,001.24611294,000.27
Tournament (k=2),Arithmetic,Uniform,0.83749,0.05228,000.00001526,000.01631637,000.00795937,000.34584156,000.25
Tournament (k=2),Arithmetic,Uniform,0.58741,0.06795,000.00000763,000.00361104,000.00348663,000.11499179,000.20
Tournament (k=2),Arithmetic,Uniform,0.76642,0.03378,000.00004959,000.08511977,000.07151985,000.45969963,000.17
Tournament (k=2),Arithmetic,Uniform,0.64187,0.08830,000.00006485,000.00687232,000.00706100,000.11664473,000.25
Tournament (k=2),Arithmetic,Uniform,0.62318,0.05228,000.00016022,000.01399426,000.01404953,000.12381572,000.18
Tournament (k=2),Arithmetic,Uniform,0.72243,0.27490,000.26332092,002.13873529,002.61487198,001.11886597,000.35
Tournament (k=2),Arithmetic,Uniform,0.83749,0.16276,000.01728058,000.68213522,001.07217026,000.78934348,000.27
Tournament (k=2),Arithmetic,Uniform,0.57030,0.12524,000.00056076,000.12390981,000.11548805,000.42381936,000.29
Tournament (k=2),Arithmetic,Uniform,0.81310,0.10516,000.00113297,000.04074593,000.04545784,000.27723390,000.32
Tournament (k=2),Arithmetic,Uniform,0.81310,0.03378,000.00022888,000.22425084,000.16105652,000.57151067,000.22
Tournament (k=2),Arithmetic,Uniform,0.97087,0.30000,000.18420410,002.31138563,002.57192230,001.12315953,000.35
Tournament (k=2),Arithmetic,Uniform,0.78941,0.16276,000.00459671,000.71873856,001.05697250,000.62355810,000.28
Tournament (k=2),Arithmetic,Uniform,0.68096,0.11476,000.00220871,000.07769241,000.08589363,000.37054613,000.21
Tournament (k=2),Arithmetic,Uniform,0.74410,0.06226,000.00000381,000.00447330,000.00325012,000.14895047,000.21
Tournament (k=2),Arithmetic,Uniform,0.76642,0.09637,000.00018311,000.01729875,000.01524162,000.19988097,000.22
Tournament (k=2),Arithmetic,Uniform,0.66113,0.16276,000.01214600,000.76936185,001.06741524,000.68494231,000.29
Tournament (k=2),Arithmetic,Uniform,0.70139,0.05228,000.00001907,000.01347117,000.01043892,000.24152480,000.18
Tournament (k=2),Arithmetic,Uniform,0.86261,0.27490,000.22913361,002.13036418,002.49275970,001.07571054,000.32
Tournament (k=2),Arithmetic,Uniform,0.94259,0.05705,000.00000381,000.00577884,000.00252533,000.25139555,000.20
Tournament (k=2),Arithmetic,Uniform,0.55369,0.02000,000.00022125,000.34025353,000.29867554,000.53232276,000.21
Tournament (k=2),Arithmetic,Uniform,0.58741,0.21153,000.09990692,001.45267224,001.75306320,001.00733411,000.36
Tournament (k=2),Arithmetic,Uniform,0.72243,0.08092,000.00001526,000.00358658,000.00370598,000.11274552,000.25
Tournament (k=2),Arithmetic,Uniform,0.86261,0.11476,000.00262451,000.10133286,000.09205437,000.36252275,000.21
Tournament (k=2),Arithmetic,Uniform,0.57030,0.04023,000.00033188,000.03398995,000.02613449,000.18826643,000.17
Tournament (k=2),Arithmetic,Uniform,1.00000,0.05705,000.00000000,000.00571556,000.00242615,000.27026826,000.24
Tournament (k=2),Arithmetic,Uniform,0.50670,0.30000,000.18682480,002.18439364,002.57874489,001.14659345,000.27
Tournament (k=2),Arithmetic,Uniform,0.91514,0.30000,000.21630096,002.31420326,002.57788467,001.09492779,000.32
Tournament (k=2),Arithmetic,Uniform,0.97087,0.03378,000.00019836,000.20275649,000.10383987,000.76264471,000.17
Tournament (k=2),Arithmetic,Uniform,0.88849,0.05705,000.00001526,000.00505242,000.00397491,000.23469713,000.24
Tournament (k=2),Arithmetic,Uniform,0.72243,0.03095,000.00000000,000.12545557,000.10324097,000.52490222,000.21
Tournament (k=2),Arithmetic,Uniform,0.60503,0.09637,000.00000000,000.01214814,000.01353645,000.18358000,000.23
Tournament (k=2),Arithmetic,Uniform,0.64187,0.09637,000.00012970,000.01702228,000.01248932,000.30261570,000.29
Tournament (k=2),Arithmetic,Uniform,0.62318,0.02000,000.00000763,000.30364847,000.27132416,000.59319562,000.16
Tournament (k=2),Arithmetic,Uniform,0.60503,0.03378,000.00002289,000.05368414,000.04948425,000.36897781,000.17
Tournament (k=2),Arithmetic,Uniform,0.66113,0.06795,000.00000000,000.00524321,000.00312233,000.08066167,000.24
Tournament (k=2),Arithmetic,Uniform,0.68096,0.03686,000.00012207,000.05414987,000.04578972,000.25011140,000.18
Tournament (k=2),Arithmetic,Uniform,0.81310,0.11476,000.00269318,000.11089291,000.11123848,000.42458984,000.31
Tournament (k=2),Arithmetic,Uniform,0.91514,0.10516,000.00019073,000.05107694,000.05234528,000.32644984,000.27
Tournament (k=2),Arithmetic,Uniform,0.91514,0.03378,000.00010681,000.19970927,000.10371780,000.66398489,000.22
Tournament (k=2),Arithmetic,Uniform,0.86261,0.03378,000.00114822,000.25388527,000.13797379,000.73338604,000.22
Tournament (k=2),Arithmetic,Uniform,0.76642,0.30000,000.58572006,002.36934590,002.69103241,001.11592233,000.33
Tournament (k=2),Arithmetic,Uniform,0.55369,0.02183,000.00066376,000.14628319,000.14430809,000.44744745,000.25
Tournament (k=2),Arithmetic,Uniform,0.83749,0.02000,000.00044250,000.63727897,001.01458359,000.87783444,000.16
Tournament (k=2),Arithmetic,Uniform,0.70139,0.19383,000.11442566,001.15307260,001.37511826,000.88304257,000.26
Tournament (k=2),Arithmetic,Uniform,0.52190,0.02000,000.00016022,000.27565050,000.20595551,000.57428390,000.23
Tournament (k=2),Arithmetic,Uniform,0.64187,0.03378,000.00005341,000.05646276,000.05176163,000.40141174,000.22
Tournament (k=2),Arithmetic,Uniform,0.62318,0.02183,000.00381088,000.26055011,000.20491028,000.48714554,000.16
Tournament (k=2),Arithmetic,Uniform,0.97087,0.10516,000.00068665,000.05079389,000.05459595,000.37390411,000.20
Tournament (k=2),Arithmetic,Uniform,0.58741,0.02000,000.00017929,000.25562105,000.27144814,000.55849051,000.20
Tournament (k=2),Arithmetic,Uniform,0.60503,0.03686,000.00058746,000.04290729,000.03851318,000.28243881,000.17
Tournament (k=2),Arithmetic,Uniform,0.53756,0.03686,000.00025940,000.04782376,000.05420113,000.24914140,000.22
Tournament (k=2),Arithmetic,Uniform,0.55369,0.19383,000.02944946,001.11419797,001.29767227,000.78627145,000.27
Tournament (k=2),Arithmetic,Uniform,0.83749,0.05705,000.00000000,000.01093717,000.00527382,000.26088780,000.24
Tournament (k=2),Arithmetic,Uniform,0.76642,0.03686,000.00004578,000.06874456,000.04687119,000.52119863,000.17
Tournament (k=2),Arithmetic,Uniform,0.88849,0.17762,000.02715683,000.94635201,001.19405174,000.77219939,000.27
Tournament (k=2),Arithmetic,Uniform,0.62318,0.05705,000.00004196,000.01129222,000.01094055,000.31268856,000.18
Tournament (k=2),Arithmetic,Uniform,0.94259,0.17762,000.04836273,000.85301387,001.13988686,000.88798141,000.30
Tournament (k=2),Arithmetic,Uniform,0.64187,0.30000,000.35201645,002.38936090,002.69993591,001.07688570,000.34
Tournament (k=2),Arithmetic,Uniform,0.66113,0.07415,000.00000000,000.00290294,000.00222015,000.12254728,000.28
Tournament (k=2),Arithmetic,Uniform,0.58741,0.02183,000.00044250,000.20576887,000.15361595,000.49958795,000.18
Tournament (k=2),Arithmetic,Uniform,1.00000,0.02000,000.00184631,000.37978417,000.32632637,000.77571547,000.22
Tournament (k=2),Arithmetic,Uniform,1.00000,0.17762,000.02652359,000.94511354,001.27843857,000.80271631,000.24
Tournament (k=2),Arithmetic,Uniform,0.81310,0.03686,000.00010300,000.15549774,000.06456566,000.56459981,000.23
Tournament (k=2),Arithmetic,Uniform,0.74410,0.06795,000.00002289,000.00353837,000.00256729,000.21788780,000.20
Tournament (k=2),Arithmetic,Uniform,0.64187,0.03686,000.00004959,000.04091387,000.03317261,000.34640223,000.21
Tournament (k=2),Arithmetic,Uniform,0.62318,0.16276,000.00629807,000.73814523,001.06440735,000.71133584,000.24
Tournament (k=2),Arithmetic,Uniform,0.74410,0.16276,000.00708008,000.75944734,001.09490967,000.78149450,000.30
Tournament (k=2),Arithmetic,Uniform,0.94259,0.06226,000.00000000,000.00285811,000.00162506,000.17555337,000.18
Tournament (k=2),Arithmetic,Uniform,0.72243,0.30000,000.06115341,002.44830942,002.76623917,001.13656211,000.34
Tournament (k=2),Arithmetic,Uniform,0.83749,0.17762,000.05481720,000.93170774,001.20578957,000.79891276,000.30
Tournament (k=2),Arithmetic,Uniform,0.76642,0.10516,000.00046921,000.05293489,000.05743790,000.29508662,000.27
Tournament (k=2),Arithmetic,Uniform,0.83749,0.06226,000.00001144,000.00322480,000.00185776,000.25669628,000.25
Tournament (k=2),Arithmetic,Uniform,0.86261,0.30000,000.19040680,002.15037513,002.55328560,001.28945267,000.26
Tournament (k=2),Arithmetic,Uniform,0.78941,0.05228,000.00000763,000.01849709,000.01477432,000.30893847,000.24
Tournament (k=2),Arithmetic,Uniform,0.58741,0.23084,000.01697540,001.59136820,001.86782455,001.00095153,000.25
Tournament (k=2),Arithmetic,Uniform,0.66113,0.17762,000.01959991,001.01201952,001.26462555,000.83805215,000.29
Tournament (k=2),Blend,Gaussian,0.40000,0.03378,000.00000000,000.00022697,000.00014877,000.02469044,000.21
Tournament (k=2),Arithmetic,Uniform,0.86261,0.12524,000.01220703,000.26054773,000.22617722,000.50091159,000.23
Tournament (k=2),Arithmetic,Uniform,0.97087,0.03686,000.00012207,000.28783932,000.13219070,000.64479363,000.17
Tournament (k=2),Arithmetic,Uniform,0.74410,0.07415,000.00000000,000.00326433,000.00302124,000.17657627,000.20
Tournament (k=2),Arithmetic,Uniform,0.72243,0.03378,000.00034714,000.06799464,000.06214333,000.40474200,000.21
Tournament (k=2),Arithmetic,Uniform,0.94259,0.19383,000.02106094,001.37971616,001.58585548,000.98283422,000.28
Tournament (k=2),Arithmetic,Uniform,0.94259,0.02000,000.00551224,000.58159643,000.98736763,000.80584621,000.22
Tournament (k=2),Arithmetic,Uniform,0.68096,0.04023,000.00013733,000.02259393,000.02035904,000.24636145,000.17
Tournament (k=2),Arithmetic,Uniform,1.00000,0.06226,000.00000381,000.00464954,000.00179482,000.19198067,000.25
Tournament (k=2),Arithmetic,Uniform,0.88849,0.06226,000.00000000,000.00194469,000.00118828,000.11545689,000.25
Tournament (k=2),Arithmetic,Uniform,0.60503,0.10516,000.00025177,000.03982244,000.03753090,000.23394650,000.25
Tournament (k=2),Arithmetic,Uniform,0.74410,0.02000,000.00181580,000.42252797,000.44162750,000.69279718,000.22
Tournament (k=2),Arithmetic,Uniform,0.91514,0.03686,000.00016022,000.21366739,000.09079170,000.69211996,000.17
Tournament (k=2),Arithmetic,Uniform,0.78941,0.02000,000.00028229,000.29513329,000.28685951,000.66906077,000.16
Tournament (k=2),Arithmetic,Uniform,0.83749,0.02183,000.00596237,000.40494186,000.38047218,000.75505447,000.16
Tournament (k=2),Arithmetic,Uniform,0.64187,0.10516,000.00031281,000.04559798,000.04474640,000.31665167,000.27
Tournament (k=2),Arithmetic,Uniform,0.86261,0.03686,000.00006866,000.14079456,000.07656288,000.51996064,000.22
Tournament (k=2),Blend,Gaussian,0.41200,0.02000,000.00000000,000.00155029,000.00123787,000.17688321,000.18
Tournament (k=2),Arithmetic,Uniform,0.62318,0.02382,000.00001907,000.22630329,000.20899773,000.50630373,000.16
Tournament (k=2),Arithmetic,Uniform,0.81310,0.12524,000.00429153,000.23088518,000.18028641,000.55993861,000.28
Tournament (k=2),Arithmetic,Uniform,0.91514,0.11476,000.00324631,000.08922944,000.08125496,000.48075280,000.28
Tournament (k=2),Arithmetic,Uniform,0.78941,0.17762,000.01124573,000.98042047,001.20764542,000.75688046,000.24
Tournament (k=2),Arithmetic,Uniform,0.68096,0.04390,000.00007629,000.02347059,000.02568054,000.32518509,000.18
Tournament (k=2),Blend,Gaussian,0.40000,0.10516,000.00000381,000.00144200,000.00126076,000.01560002,000.30
Tournament (k=2),Arithmetic,Uniform,0.70139,0.21153,000.08386230,001.60384595,001.91263580,000.98173988,000.27
Tournament (k=2),Arithmetic,Uniform,0.94259,0.02183,000.00199890,000.41962236,000.32602310,000.74221361,000.22
Tournament (k=2),Arithmetic,Uniform,0.70139,0.05705,000.00000000,000.00756488,000.00534821,000.16836672,000.18
Tournament (k=2),Arithmetic,Uniform,0.72243,0.03686,000.00017548,000.03038507,000.03318024,000.20780578,000.23
Tournament (k=2),Arithmetic,Uniform,0.83749,0.02382,000.00106049,000.45680800,000.40847588,000.70134604,000.16
Tournament (k=2),Arithmetic,Uniform,0.88849,0.06795,000.00001526,000.00223656,000.00177383,000.12512049,000.25
Tournament (k=2),Arithmetic,Uniform,1.00000,0.06795,000.00000381,000.00321374,000.00237846,000.14931393,000.26
Tournament (k=2),Arithmetic,Uniform,0.60503,0.11476,000.00267410,000.06839023,000.06672287,000.38704249,000.25
Tournament (k=2),Arithmetic,Uniform,0.88849,0.19383,000.04971313,001.23928881,001.50267410,000.94752604,000.24
Tournament (k=2),Arithmetic,Uniform,0.91514,0.04023,000.00003052,000.12139706,000.05496407,000.49423164,000.23
Tournament (k=2),Arithmetic,Uniform,0.74410,0.02183,000.00082779,000.36332232,000.39381790,000.65097207,000.24
Tournament (k=2),Arithmetic,Uniform,0.66113,0.02000,000.00104523,000.31463113,000.31757927,000.50233972,000.21
Tournament (k=2),Arithmetic,Uniform,0.72243,0.08830,000.00001526,000.00658588,000.00618553,000.17384519,000.24
Tournament (k=2),Arithmetic,Uniform,0.58741,0.02382,000.00008011,000.18854861,000.19348907,000.48638099,000.21
Tournament (k=2),Arithmetic,Uniform,1.00000,0.02183,000.00057220,000.44803149,000.45212555,000.72135890,000.20
Tournament (k=2),Arithmetic,Uniform,0.70139,0.02000,000.00007248,000.31160790,000.33569908,000.68303037,000.16
Tournament (k=2),Arithmetic,Uniform,0.64187,0.04023,000.00003815,000.03400955,000.03377914,000.24648099,000.17
Tournament (k=2),Arithmetic,Uniform,0.66113,0.08092,000.00000381,000.00263014,000.00246620,000.03479730,000.25
Tournament (k=2),Arithmetic,Uniform,0.94259,0.06795,000.00000000,000.00252366,000.00139809,000.19922589,000.19
Tournament (k=2),Arithmetic,Uniform,0.81310,0.04023,000.00004196,000.15129881,000.07421875,000.57700044,000.23
Tournament (k=2),Arithmetic,Uniform,0.70139,0.06226,000.00000381,000.00389199,000.00278854,000.14558357,000.20
Tournament (k=2),Arithmetic,Uniform,1.00000,0.19383,000.12153625,001.36876380,001.64865685,001.00376141,000.25
Tournament (k=2),Arithmetic,Uniform,0.62318,0.17762,000.04154205,001.11759853,001.44334412,000.76189548,000.25
Tournament (k=2),Arithmetic,Uniform,0.83749,0.06795,000.00000763,000.00262237,000.00211906,000.14861766,000.20
Tournament (k=2),Arithmetic,Uniform,0.58741,0.07415,000.00006485,000.00361681,000.00316429,000.11742127,000.25
Tournament (k=2),Arithmetic,Uniform,0.88849,0.02000,000.00159454,000.48500770,000.64168549,000.80357790,000.22
Tournament (k=2),Arithmetic,Uniform,0.83749,0.19383,000.08758545,001.21799850,001.46515083,000.83682376,000.26
Tournament (k=2),Arithmetic,Uniform,0.74410,0.02382,000.00522614,000.31664720,000.25310516,000.54593509,000.23
Tournament (k=2),Arithmetic,Uniform,0.97087,0.04023,000.00004196,000.06972666,000.04610825,000.60031468,000.17
Tournament (k=2),Arithmetic,Uniform,0.91514,0.04390,000.00001526,000.06705709,000.02088928,000.57305932,000.24
Tournament (k=2),Arithmetic,Uniform,0.64187,0.04390,000.00019073,000.01956015,000.01952744,000.24120587,000.17
Tournament (k=2),Arithmetic,Uniform,0.74410,0.08092,000.00000763,000.00548229,000.00481224,000.11614891,000.20
Tournament (k=2),Arithmetic,Uniform,0.76642,0.11476,000.00130081,000.10844216,000.07544136,000.41270477,000.27
Tournament (k=2),Blend,Gaussian,0.40000,0.03686,000.00000000,000.00044150,000.00021553,000.09289422,000.24
Tournament (k=2),Arithmetic,Uniform,0.60503,0.04023,000.00000763,000.03710322,000.03965378,000.24593978,000.17
Tournament (k=2),Arithmetic,Uniform,0.66113,0.19383,000.01110840,001.24302268,001.52324867,000.93819118,000.27
Tournament (k=2),Blend,Gaussian,0.41200,0.06226,000.00000000,000.00002732,000.00001907,000.09923767,000.27
Tournament (k=2),Arithmetic,Uniform,0.78941,0.02183,000.00068665,000.43415132,000.46065712,000.70132607,000.16
Tournament (k=2),Arithmetic,Uniform,0.94259,0.07415,000.00001526,000.00186586,000.00140572,000.03752739,000.25
Tournament (k=2),Arithmetic,Uniform,1.00000,0.21153,000.12059784,001.57161617,001.86413002,000.89760780,000.26
Tournament (k=2),Arithmetic,Uniform,0.94259,0.21153,000.05357361,001.43437493,001.62512589,000.96658349,000.31
Tournament (k=2),Arithmetic,Uniform,0.62318,0.02599,000.00050354,000.15667805,000.11840248,000.43658048,000.16
Tournament (k=2),Arithmetic,Uniform,0.88849,0.02183,000.00238037,000.45422202,000.54776573,000.67357016,000.20
Tournament (k=2),Blend,Gaussian,0.41200,0.02183,000.00000000,000.00182118,000.00120735,000.10274015,000.18
Tournament (k=2),Arithmetic,Uniform,0.83749,0.07415,000.00000763,000.00232792,000.00140381,000.14607878,000.24
Tournament (k=2),Arithmetic,Uniform,0.62318,0.19383,000.08518219,001.20314765,001.46882248,000.90114039,000.28
Tournament (k=2),Arithmetic,Uniform,0.86261,0.04023,000.00011444,000.05981093,000.05292320,000.48603755,000.22
Tournament (k=2),Arithmetic,Uniform,0.68096,0.04791,000.00000381,000.01636381,000.01132011,000.30269209,000.18
Tournament (k=2),Arithmetic,Uniform,0.74410,0.08830,000.00006104,000.00822706,000.00609589,000.23798747,000.20
Tournament (k=2),Blend,Gaussian,0.42436,0.03686,000.00000000,000.00033956,000.00014305,000.00549800,000.27
Tournament (k=2),Arithmetic,Uniform,0.94259,0.02382,000.00074005,000.38299188,000.29759979,000.67020553,000.19
Tournament (k=2),Arithmetic,Uniform,0.78941,0.19383,000.06564713,001.22909856,001.56828880,000.91522783,000.26
Tournament (k=2),Blend,Gaussian,0.41200,0.19383,000.02244949,000.34710059,000.38446045,000.47483820,000.38
Tournament (k=2),Arithmetic,Uniform,0.81310,0.13667,000.00033569,000.40947849,000.41969681,000.59573680,000.28
Tournament (k=2),Blend,Gaussian,0.40000,0.11476,000.00000763,000.00718164,000.00815010,000.02519504,000.26
Tournament (k=2),Arithmetic,Uniform,0.83749,0.21153,000.22788239,001.68378508,002.01888275,000.93146521,000.36
Tournament (k=2),Arithmetic,Uniform,0.83749,0.02599,000.00006866,000.27754122,000.19731903,000.61658913,000.19
Tournament (k=2),Arithmetic,Uniform,0.72243,0.04023,000.00003815,000.05544944,000.05791283,000.49930632,000.22
Tournament (k=2),Arithmetic,Uniform,0.70139,0.23084,000.02571487,001.58567846,002.06151962,001.04790187,000.29
Tournament (k=2),Arithmetic,Uniform,0.60503,0.12524,000.00201797,000.18319106,000.13302231,000.56582242,000.22
Tournament (k=2),Arithmetic,Uniform,1.00000,0.07415,000.00000763,000.00203748,000.00208664,000.04191118,000.25
Tournament (k=2),Arithmetic,Uniform,0.78941,0.05705,000.00002289,000.00507512,000.00424767,000.25666681,000.24
Tournament (k=2),Arithmetic,Uniform,0.72243,0.09637,000.00006485,000.01587648,000.01667023,000.14346071,000.21
Tournament (k=2),Arithmetic,Uniform,0.74410,0.17762,000.02970505,001.11554694,001.39772224,000.96773827,000.30
Tournament (k=2),Arithmetic,Uniform,0.66113,0.02183,000.00064087,000.28747478,000.23411369,000.48311934,000.21
Tournament (k=2),Arithmetic,Uniform,1.00000,0.02382,000.00093460,000.47600549,000.46651268,000.73606181,000.22
Tournament (k=2),Arithmetic,Uniform,0.70139,0.02183,000.00042343,000.24152322,000.21290207,000.51839995,000.21
Tournament (k=2),Blend,Gaussian,0.42436,0.11476,000.00029755,000.00737820,000.00810432,000.05367581,000.27
Tournament (k=2),Arithmetic,Uniform,0.88849,0.21153,000.24285507,001.63683355,001.93944740,000.82853246,000.31
Tournament (k=2),Arithmetic,Uniform,0.97087,0.11476,000.00304794,000.07321286,000.08485413,000.27252322,000.20
Tournament (k=2),Arithmetic,Uniform,0.86261,0.13667,000.03358459,000.42843094,000.32337952,000.66791368,000.27
Tournament (k=2),Arithmetic,Uniform,0.81310,0.04390,000.00002289,000.04080706,000.02776337,000.50133759,000.18
Tournament (k=2),Arithmetic,Uniform,0.94259,0.23084,000.17096710,001.63389301,001.74562073,000.82206464,000.38
Tournament (k=2),Blend,Gaussian,0.43709,0.02183,000.00000000,000.00127492,000.00038528,000.11603859,000.25
Tournament (k=2),Arithmetic,Uniform,0.70139,0.06795,000.00000000,000.00385828,000.00303268,000.20001046,000.19
Tournament (k=2),Arithmetic,Uniform,0.68096,0.12524,000.00717926,000.18681383,000.14163208,000.55169386,000.22
Tournament (k=2),Arithmetic,Uniform,0.66113,0.08830,000.00002670,000.00437937,000.00457573,000.03603425,000.25
Tournament (k=2),Arithmetic,Uniform,0.97087,0.04390,000.00000763,000.05945277,000.02351761,000.65708625,000.17
Tournament (k=2),Arithmetic,Uniform,0.55369,0.21153,000.01494980,001.32866979,001.64069939,000.92005664,000.25
Tournament (k=2),Arithmetic,Uniform,0.74410,0.02599,000.00062180,000.14373279,000.11157036,000.48227286,000.19
Tournament (k=2),Arithmetic,Uniform,0.66113,0.02382,000.00099182,000.24892421,000.25829315,000.43242663,000.21
Tournament (k=2),Arithmetic,Uniform,0.64187,0.04791,000.00000763,000.01314540,000.01195526,000.14535511,000.18
Tournament (k=2),Arithmetic,Uniform,0.78941,0.06226,000.00000000,000.00363655,000.00226974,000.23382144,000.24
Tournament (k=2),Arithmetic,Uniform,0.78941,0.02382,000.00089264,000.33428797,000.26641273,000.70498645,000.15
Tournament (k=2),Arithmetic,Uniform,1.00000,0.08092,000.00015640,000.00476756,000.00462723,000.12747350,000.27
Tournament (k=2),Arithmetic,Uniform,0.60503,0.04390,000.00006104,000.02948089,000.03296661,000.24649909,000.21
Tournament (k=2),Arithmetic,Uniform,0.60503,0.13667,000.00986099,000.35975131,000.31897736,000.66178644,000.30
Tournament (k=2),Arithmetic,Uniform,0.88849,0.02382,000.00608063,000.49483782,000.49866486,000.79826427,000.16
Tournament (k=2),Arithmetic,Uniform,0.76642,0.12524,000.00064850,000.27490920,000.19002151,000.54707372,000.27
Tournament (k=2),Arithmetic,Uniform,0.94259,0.08092,000.00005341,000.00390458,000.00407600,000.06651814,000.20
Tournament (k=2),Arithmetic,Uniform,0.88849,0.23084,000.03678894,001.61513448,001.96877098,001.02651310,000.30
Tournament (k=2),Blend,Gaussian,0.41200,0.06795,000.00000000,000.00003686,000.00002289,000.00104784,000.26
Tournament (k=2),Blend,Gaussian,0.43709,0.06795,000.00000000,000.00004129,000.00001526,000.00182478,000.23
Tournament (k=2),Arithmetic,Uniform,1.00000,0.23084,000.11906433,001.73641801,002.04875374,001.04088080,000.24
Tournament (k=2),Arithmetic,Uniform,0.88849,0.07415,000.00000763,000.00251970,000.00225449,000.15116569,000.24
Tournament (k=2),Arithmetic,Uniform,0.66113,0.21153,000.02793121,001.41964722,001.74393082,000.91742146,000.30
Tournament (k=2),Blend,Gaussian,0.42436,0.12524,000.00054932,000.02463169,000.02031517,000.10563709,000.35
Tournament (k=2),Arithmetic,Uniform,0.68096,0.05228,000.00000381,000.00803604,000.01023483,000.17230718,000.18
Tournament (k=2),Arithmetic,Uniform,0.83749,0.08092,000.00000763,000.00530548,000.00481796,000.14699870,000.25
Tournament (k=2),Arithmetic,Uniform,0.86261,0.04390,000.00001526,000.04567266,000.03405952,000.50336474,000.22
Tournament (k=2),Arithmetic,Uniform,0.74410,0.09637,000.00028610,000.01355033,000.01633072,000.13214278,000.20
Tournament (k=2),Arithmetic,Uniform,0.62318,0.21153,000.13313675,001.44200444,001.74811172,001.01787353,000.24
Tournament (k=2),Arithmetic,Uniform,0.94259,0.02599,000.00014114,000.32205504,000.24070168,000.74196506,000.22
Tournament (k=2),Blend,Gaussian,0.42436,0.04023,000.00000000,000.00023470,000.00011063,000.00488124,000.24
Tournament (k=2),Arithmetic,Uniform,0.83749,0.02837,000.00067139,000.39163032,000.38947296,000.69400769,000.17
Tournament (k=2),Arithmetic,Uniform,0.78941,0.21153,000.06702423,001.42283428,001.53833199,000.82484442,000.26
Tournament (k=2),Blend,Gaussian,0.43709,0.21153,000.00087357,000.46910802,000.50948143,000.55141765,000.38
Tournament (k=2),Arithmetic,Uniform,0.72243,0.04390,000.00001144,000.02592673,000.01802063,000.43090382,000.18
Tournament (k=2),Arithmetic,Uniform,0.76642,0.04023,000.00019073,000.05277009,000.03434944,000.38013950,000.16
Tournament (k=2),Arithmetic,Uniform,0.76642,0.13667,000.00447083,000.42635083,000.48937035,000.61464351,000.29
Tournament (k=2),Blend,Gaussian,0.40000,0.12524,000.00104523,000.01782932,000.01785660,000.12920620,000.31
Tournament (k=2),Arithmetic,Uniform,0.83749,0.23084,000.11158752,001.79638457,002.09223366,000.88690126,000.30
Tournament (k=2),Blend,Gaussian,0.43709,0.07415,000.00000000,000.00001941,000.00000763,000.00342624,000.31
Tournament (k=2),Arithmetic,Uniform,0.70139,0.02382,000.00056839,000.27398816,000.21813583,000.58280462,000.17
Tournament (k=2),Blend,Gaussian,0.45020,0.04023,000.00000000,000.00013266,000.00003052,000.00504869,000.26
Tournament (k=2),Arithmetic,Uniform,0.70139,0.25191,000.46313477,002.02343893,002.39645004,001.02235782,000.30
Tournament (k=2),Blend,Gaussian,0.41200,0.21153,000.00773239,000.39264432,000.43222809,000.54574239,000.39
Tournament (k=2),Arithmetic,Uniform,0.91514,0.04791,000.00000000,000.02107506,000.01628113,000.33875367,000.23
Tournament (k=2),Arithmetic,Uniform,1.00000,0.02599,000.00003815,000.33465409,000.26192093,000.64345098,000.22
Tournament (k=2),Arithmetic,Uniform,1.00000,0.25191,000.11440277,001.78772485,002.06319046,001.01310694,000.34
Tournament (k=2),Arithmetic,Uniform,0.64187,0.11476,000.00012970,000.10936484,000.07735443,000.43366155,000.26
Tournament (k=2),Arithmetic,Uniform,0.72243,0.10516,000.00113678,000.04300103,000.04114151,000.27808279,000.26
Tournament (k=2),Blend,Gaussian,0.40000,0.04023,000.00000000,000.00028958,000.00016594,000.00636274,000.19
Tournament (k=2),Arithmetic,Uniform,0.74410,0.19383,000.12525558,001.47121167,001.73838806,001.00241530,000.27
Tournament (k=2),Arithmetic,Uniform,0.86261,0.14915,000.02228546,000.69640231,001.01811981,000.77616405,000.22
Tournament (k=2),Arithmetic,Uniform,0.81310,0.04791,000.00004578,000.02266240,000.02045441,000.29848093,000.22
Tournament (k=2),Arithmetic,Uniform,0.91514,0.12524,000.01071167,000.21574879,000.18279266,000.56265485,000.28
Tournament (k=2),Arithmetic,Uniform,0.97087,0.12524,000.00775909,000.16021423,000.18730164,000.43657812,000.25
Tournament (k=2),Arithmetic,Uniform,0.70139,0.02599,000.00067139,000.17476454,000.14630318,000.47306600,000.16
Tournament (k=2),Blend,Gaussian,0.43709,0.02382,000.00000000,000.00075269,000.00040817,000.13954830,000.19
Tournament (k=2),Arithmetic,Uniform,0.70139,0.07415,000.00000000,000.00253263,000.00157547,000.06195156,000.20
Tournament (k=2),Arithmetic,Uniform,0.74410,0.02837,000.00083923,000.23471674,000.17044640,000.53571749,000.18
Tournament (k=2),Arithmetic,Uniform,0.68096,0.13667,000.00355530,000.41807756,000.40337753,000.55890518,000.23
Tournament (k=2),Arithmetic,Uniform,0.66113,0.02599,000.00015259,000.12300525,000.09827423,000.53324372,000.21
Tournament (k=2),Arithmetic,Uniform,0.94259,0.25191,000.36911774,002.07662153,002.57982254,000.99379784,000.31
Tournament (k=2),Blend,Gaussian,0.46371,0.02382,000.00000000,000.00067177,000.00031090,000.07770570,000.23
Tournament (k=2),Blend,Gaussian,0.40000,0.04390,000.00000000,000.00005980,000.00003052,000.09900615,000.22
Tournament (k=2),Arithmetic,Uniform,0.78941,0.06795,000.00000000,000.00186458,000.00091171,000.10760708,000.24
Tournament (k=2),Blend,Gaussian,0.45020,0.04390,000.00000000,000.00008788,000.00004387,000.00468489,000.29
Tournament (k=2),Blend,Gaussian,0.45020,0.12524,000.00144958,000.02737880,000.03077888,000.22546187,000.29
Tournament (k=2),Arithmetic,Uniform,1.00000,0.08830,000.00024414,000.01026616,000.01209641,000.14705271,000.26
Tournament (k=2),Arithmetic,Uniform,0.88849,0.02599,000.00128174,000.34208569,000.27675629,000.61981285,000.22
Tournament (k=2),Arithmetic,Uniform,0.94259,0.08830,000.00014496,000.00749583,000.00611496,000.10341586,000.21
Tournament (k=2),Arithmetic,Uniform,0.64187,0.12524,000.00450897,000.19270101,000.15519333,000.53612787,000.30
Tournament (k=2),Arithmetic,Uniform,0.62318,0.06226,000.00000763,000.00547595,000.00484467,000.10436925,000.18
Tournament (k=2),Arithmetic,Uniform,0.81310,0.14915,000.00588989,000.62338865,000.75679779,000.78484654,000.30
Tournament (k=2),Blend,Gaussian,0.41200,0.07415,000.00000000,000.00006242,000.00002098,000.00635857,000.27
Tournament (k=2),Arithmetic,Uniform,0.74410,0.21153,000.11969757,001.30472136,001.64694595,000.96642298,000.35
Tournament (k=2),Arithmetic,Uniform,0.66113,0.02837,000.00157928,000.10518317,000.12244034,000.31116578,000.17
Tournament (k=2),Arithmetic,Uniform,0.83749,0.08830,000.00012589,000.00885134,000.00799179,000.17683946,000.19
Tournament (k=2),Arithmetic,Uniform,0.88849,0.08092,000.00007629,000.00462203,000.00356102,000.10878378,000.25
Tournament (k=2),Arithmetic,Uniform,0.88849,0.25191,000.06909943,001.84064829,002.11647034,001.10851479,000.31
Tournament (k=2),Arithmetic,Uniform,0.74410,0.10516,000.00199890,000.06491484,000.07393646,000.28209782,000.20
Tournament (k=2),Blend,Gaussian,0.42436,0.13667,000.00284958,000.04357801,000.04758453,000.22603494,000.29
Tournament (k=2),Arithmetic,Uniform,0.66113,0.23084,000.11539459,001.68382430,002.06414604,001.03660095,000.31
Tournament (k=2),Arithmetic,Uniform,0.94259,0.02837,000.00003052,000.45695654,000.45622063,000.70021874,000.22
Tournament (k=2),Arithmetic,Uniform,0.62318,0.23084,000.19879913,001.75610328,002.05826569,000.91397917,000.25
Tournament (k=2),Arithmetic,Uniform,0.76642,0.04390,000.00001907,000.03057775,000.02434540,000.38101399,000.17
Tournament (k=2),Arithmetic,Uniform,0.88849,0.02837,000.00056076,000.37849727,000.26210976,000.79526228,000.19
Tournament (k=2),Blend,Gaussian,0.42436,0.04390,000.00000000,000.00018444,000.00005913,000.09893928,000.25
Tournament (k=2),Blend,Gaussian,0.45020,0.04791,000.00000000,000.00002289,000.00000763,000.00124708,000.25
Tournament (k=2),Arithmetic,Uniform,0.72243,0.04791,000.00010300,000.01713281,000.01495743,000.28469697,000.22
Tournament (k=2),Arithmetic,Uniform,0.97087,0.04791,000.00000381,000.02125716,000.01746178,000.33901286,000.18
Tournament (k=2),Arithmetic,Uniform,1.00000,0.09637,000.00161743,000.03001509,000.03164482,000.11777990,000.29
Tournament (k=2),Arithmetic,Uniform,0.78941,0.23084,000.05772400,001.77849841,002.13431168,001.03583026,000.31
Tournament (k=2),Arithmetic,Uniform,0.83749,0.09637,000.00007248,000.02529984,000.02442169,000.18295553,000.21
Tournament (k=2),Arithmetic,Uniform,1.00000,0.02837,000.00009155,000.45506898,000.41284370,000.73102933,000.16
Tournament (k=2),Arithmetic,Uniform,0.78941,0.02599,000.00062180,000.28632236,000.31367874,000.63274878,000.16
Tournament (k=2),Blend,Gaussian,0.41200,0.02382,000.00000000,000.00201187,000.00114441,000.19578414,000.24
Tournament (k=2),Arithmetic,Uniform,0.83749,0.25191,000.07215118,001.81650352,002.26031494,001.00527442,000.25
Tournament (k=2),Arithmetic,Uniform,0.76642,0.14915,000.01224899,000.48667589,000.41157341,000.71059680,000.29
Tournament (k=2),Arithmetic,Uniform,0.76642,0.04791,000.00006104,000.03768611,000.03351593,000.36391670,000.17
Tournament (k=2),Arithmetic,Uniform,0.91514,0.05228,000.00000763,000.00858955,000.00734138,000.28691861,000.24
Tournament (k=2),Arithmetic,Uniform,0.88849,0.03095,000.00075150,000.27077347,000.19703293,000.67483485,000.21
Tournament (k=2),Arithmetic,Uniform,0.70139,0.27490,000.37959671,002.03110528,002.33509445,001.14092243,000.31
Tournament (k=2),Arithmetic,Uniform,1.00000,0.27490,000.11027908,002.07196188,002.44898987,001.12803876,000.26
Tournament (k=2),Blend,Gaussian,0.40000,0.13667,000.00016785,000.03999481,000.04251862,000.22765140,000.33
Tournament (k=2),Blend,Gaussian,0.46371,0.07415,000.00000000,000.00003395,000.00002289,000.00148827,000.23
Tournament (k=2),Arithmetic,Uniform,0.62318,0.25191,000.15495300,001.93762457,002.30154228,000.88790512,000.30
Tournament (k=2),Arithmetic,Uniform,0.86261,0.16276,000.03159714,000.76229358,001.05274963,000.78123558,000.22
Tournament (k=2),Arithmetic,Uniform,0.74410,0.03095,000.00013733,000.12287693,000.10177422,000.53721583,000.17
Tournament (k=2),Blend,Gaussian,0.42436,0.04791,000.00000000,000.00007663,000.00003242,000.00579126,000.30
Tournament (k=2),Arithmetic,Uniform,0.81310,0.05228,000.00000763,000.01564989,000.01514053,000.25933114,000.23
Tournament (k=2),Arithmetic,Uniform,0.70139,0.08092,000.00000000,000.00267639,000.00271225,000.10046840,000.20
Tournament (k=2),Arithmetic,Uniform,1.00000,0.03095,000.00053406,000.18863563,000.10324097,000.64499629,000.22
Tournament (k=2),Arithmetic,Uniform,0.86261,0.04791,000.00000000,000.01754498,000.01264381,000.38516235,000.18
Tournament (k=2),Blend,Gaussian,0.43709,0.02599,000.00000000,000.00046940,000.00021744,000.09947198,000.23
Tournament (k=2),Blend,Gaussian,0.41200,0.23084,000.00550842,000.48557648,000.57101440,000.56002176,000.43
Tournament (k=2),Arithmetic,Uniform,0.83749,0.10516,000.00051880,000.05578890,000.05462646,000.36177510,000.27
Tournament (k=2),Arithmetic,Uniform,0.68096,0.14915,000.00138855,000.51585221,000.58297157,000.60597557,000.23
Tournament (k=2),Arithmetic,Uniform,0.91514,0.13667,000.00857544,000.37751579,000.40205383,000.52781224,000.29
Tournament (k=2),Blend,Gaussian,0.46371,0.02599,000.00000000,000.00064397,000.00021362,000.16942938,000.20
Tournament (k=2),Arithmetic,Uniform,0.78941,0.07415,000.00002670,000.00212421,000.00169182,000.04226395,000.24
Tournament (k=2),Blend,Gaussian,0.46371,0.23084,000.03440475,000.62707919,000.67697144,000.62125564,000.41
Tournament (k=2),Arithmetic,Uniform,0.62318,0.06795,000.00000763,000.00380106,000.00297928,000.04269150,000.19
Tournament (k=2),Arithmetic,Uniform,0.94259,0.27490,000.31689835,002.04187846,002.34734344,001.12228847,000.33
Tournament (k=2),Arithmetic,Uniform,0.94259,0.09637,000.00111771,000.01996670,000.02126122,000.10697541,000.22
Tournament (k=2),Blend,Gaussian,0.45020,0.13667,000.00241852,000.05872183,000.06201363,000.21220738,000.29
Tournament (k=2),Arithmetic,Uniform,0.74410,0.23084,000.06005859,001.63456953,002.06121826,001.05122483,000.25
Tournament (k=2),Arithmetic,Uniform,0.70139,0.30000,000.19298935,002.25264812,002.53294182,001.00315309,000.38
Tournament (k=2),Arithmetic,Uniform,0.64187,0.13667,000.01345825,000.45790321,000.45213318,000.65573996,000.29
Tournament (k=2),Blend,Gaussian,0.43709,0.08092,000.00000000,000.00007858,000.00004387,000.00245083,000.25
Tournament (k=2),Blend,Gaussian,0.41200,0.08092,000.00000000,000.00004582,000.00002480,000.01465474,000.29
Tournament (k=2),Arithmetic,Uniform,0.88849,0.08830,000.00012207,000.00816197,000.00879288,000.06709269,000.27
Tournament (k=2),Arithmetic,Uniform,0.81310,0.16276,000.05016327,000.73206151,001.04838562,000.89389014,000.30
Tournament (k=2),Blend,Gaussian,0.47762,0.04390,000.00000000,000.00002494,000.00000572,000.01302383,000.28
Tournament (k=2),Arithmetic,Uniform,0.88849,0.27490,000.09485626,001.99588990,002.32164383,001.16496933,000.26
Tournament (k=2),Blend,Gaussian,0.40000,0.14915,000.00284576,000.10666136,000.12146759,000.29754466,000.44
Tournament (k=2),Arithmetic,Uniform,0.94259,0.03095,000.00093842,000.28868991,000.20724106,000.62163645,000.21
Tournament (k=2),Blend,Gaussian,0.47762,0.13667,000.00490570,000.06916843,000.06972122,000.29201189,000.30
Tournament (k=2),Arithmetic,Uniform,0.66113,0.25191,000.21519470,001.93500936,002.40141106,001.07779467,000.29
Tournament (k=2),Blend,Gaussian,0.43709,0.23084,000.01702118,000.63729203,000.83450317,000.62655580,000.42
Tournament (k=2),Arithmetic,Uniform,0.91514,0.14915,000.01046371,000.48566633,000.47741890,000.67175943,000.33
Tournament (k=2),Arithmetic,Uniform,0.62318,0.07415,000.00001144,000.00223351,000.00206566,000.01947102,000.21
Tournament (k=2),Arithmetic,Uniform,0.72243,0.05228,000.00001907,000.01029167,000.00709152,000.28220591,000.23
Tournament (k=2),Arithmetic,Uniform,0.72243,0.11476,000.00109482,000.09351005,000.09053993,000.34993851,000.27
Tournament (k=2),Arithmetic,Uniform,0.76642,0.05228,000.00000000,000.01189089,000.00917053,000.30698475,000.18
Tournament (k=2),Arithmetic,Uniform,0.94259,0.10516,000.00138855,000.04353428,000.03950119,000.33191511,000.29
Tournament (k=2),Arithmetic,Uniform,1.00000,0.10516,000.00099182,000.05772543,000.06152153,000.27900121,000.28
Tournament (k=2),Arithmetic,Uniform,0.88849,0.03378,000.00009155,000.21829629,000.13775826,000.59022892,000.22
Tournament (k=2),Arithmetic,Uniform,0.83749,0.27490,000.07839584,001.89196324,002.32949448,001.19173014,000.26
Tournament (k=2),Arithmetic,Uniform,0.97087,0.13667,000.01785278,000.32402045,000.25382996,000.56092733,000.29
Tournament (k=2),Arithmetic,Uniform,0.78941,0.25191,000.21350098,001.83557248,002.13151169,001.05132318,000.31
Tournament (k=2),Blend,Gaussian,0.40000,0.04791,000.00000000,000.00009952,000.00003052,000.00234168,000.21
Tournament (k=2),Arithmetic,Uniform,0.64187,0.14915,000.01764679,000.62890834,000.76378632,000.83117628,000.30
Tournament (k=2),Arithmetic,Uniform,0.76642,0.16276,000.05082703,000.79526776,001.12119865,000.76295614,000.30
Tournament (k=2),Blend,Gaussian,0.49195,0.02599,000.00000000,000.00019469,000.00010109,000.08438236,000.20
Tournament (k=2),Arithmetic,Uniform,1.00000,0.30000,000.35177231,002.27251816,002.61500740,001.14216483,000.26
Tournament (k=2),Blend,Gaussian,0.43709,0.08830,000.00000000,000.00015044,000.00012970,000.00239218,000.35
Tournament (k=2),Blend,Gaussian,0.46371,0.08092,000.00000000,000.00008173,000.00004005,000.00281267,000.26
Tournament (k=2),Arithmetic,Uniform,0.74410,0.03378,000.00015259,000.08358578,000.07157898,000.48908094,000.22
Tournament (k=2),Arithmetic,Uniform,0.88849,0.30000,000.50382614,002.48882222,002.89049339,001.09783661,000.34
Tournament (k=2),Blend,Gaussian,0.41200,0.08830,000.00000000,000.00009365,000.00007248,000.02094994,000.37
Tournament (k=2),Blend,Gaussian,0.42436,0.05228,000.00000000,000.00005679,000.00001717,000.00658418,000.26
Tournament (k=2),Arithmetic,Uniform,1.00000,0.03378,000.00048828,000.20476469,000.09792328,000.63912022,000.18
Tournament (k=2),Arithmetic,Uniform,0.86261,0.17762,000.05636215,000.93797910,001.18934822,000.83058655,000.29
Tournament (k=2),Arithmetic,Uniform,0.70139,0.08830,000.00005341,000.00757036,000.00571442,000.05392721,000.21
Tournament (k=2),Arithmetic,Uniform,0.66113,0.27490,000.16233063,002.11703420,002.30681038,001.03361106,000.38
Tournament (k=2),Arithmetic,Uniform,0.86261,0.05228,000.00000763,000.02303524,000.01681900,000.36781821,000.24
Tournament (k=2),Arithmetic,Uniform,0.81310,0.05705,000.00002289,000.00985241,000.00849533,000.25662887,000.25
Tournament (k=2),Arithmetic,Uniform,0.83749,0.11476,000.00500488,000.07963629,000.08664513,000.44879204,000.21
Tournament (k=2),Blend,Gaussian,0.43709,0.02837,000.00000000,000.00042372,000.00009918,000.18707244,000.24
Tournament (k=2),Arithmetic,Uniform,0.68096,0.16276,000.02286530,000.83521396,001.13561058,000.77997559,000.24
Tournament (k=2),Arithmetic,Uniform,0.78941,0.02837,000.00037766,000.13924952,000.10281181,000.59796387,000.16
Tournament (k=2),Arithmetic,Uniform,0.78941,0.08092,000.00001907,000.00339503,000.00364494,000.08837587,000.25
Tournament (k=2),Blend,Gaussian,0.45020,0.05228,000.00000000,000.00001512,000.00000381,000.00323524,000.24
Tournament (k=2),Arithmetic,Uniform,0.70139,0.02837,000.00078583,000.12978116,000.14355850,000.47241113,000.18
Tournament (k=2),Arithmetic,Uniform,0.97087,0.05228,000.00001526,000.01592150,000.01182365,000.36034578,000.23
Tournament (k=2),Blend,Gaussian,0.49195,0.02837,000.00000000,000.00008011,000.00001907,000.09925969,000.33
Tournament (k=2),Blend,Gaussian,0.41200,0.25191,000.04141235,000.73218787,000.94582748,000.65850836,000.40
Tournament (k=2),Arithmetic,Uniform,0.76642,0.17762,000.06407928,001.01965320,001.19793892,000.84907037,000.38
Tournament (k=2),Arithmetic,Uniform,0.91514,0.05705,000.00001526,000.00767212,000.00533104,000.28404236,000.18
Tournament (k=2),Blend,Gaussian,0.45020,0.14915,000.00160217,000.11301384,000.11149979,000.38340181,000.31
Tournament (k=2),Arithmetic,Uniform,0.70139,0.09637,000.00018311,000.01434364,000.01775551,000.18612389,000.25
Tournament (k=2),Arithmetic,Uniform,0.94259,0.30000,000.25053406,002.27004004,002.59370613,001.06756151,000.34
Tournament (k=2),Arithmetic,Uniform,0.74410,0.25191,000.22375870,001.84782863,002.12980652,001.08683670,000.31
Tournament (k=2),Blend,Gaussian,0.47762,0.04791,000.00000000,000.00002112,000.00000763,000.09898011,000.22
Tournament (k=2),Blend,Gaussian,0.49195,0.08092,000.00000000,000.00007324,000.00004196,000.01732330,000.44
Tournament (k=2),Arithmetic,Uniform,0.88849,0.09637,000.00069427,000.01772208,000.01741028,000.30967557,000.28
Tournament (k=2),Arithmetic,Uniform,0.86261,0.05705,000.00000763,000.00446568,000.00339699,000.31220043,000.25
Tournament (k=2),Arithmetic,Uniform,0.94259,0.03378,000.00025940,000.21274152,000.08818817,000.60043561,000.22
Tournament (k=2),Arithmetic,Uniform,0.70139,0.03095,000.00014496,000.12291165,000.10054398,000.42456114,000.17
Tournament (k=2),Arithmetic,Uniform,0.83749,0.03095,000.00032043,000.17226577,000.08458519,000.64540142,000.18
Tournament (k=2),Blend,Gaussian,0.46371,0.25191,000.02500153,000.72184169,001.01658058,000.66075408,000.43
Tournament (k=2),Blend,Gaussian,0.40000,0.16276,000.00886536,000.15049858,000.16587448,000.32501975,000.30
Tournament (k=2),Blend,Gaussian,0.49195,0.25191,000.02983093,000.73395425,000.84115410,000.69713134,000.42
Tournament (k=2),Arithmetic,Uniform,0.62318,0.08092,000.00005722,000.00378289,000.00384521,000.13529766,000.20
Tournament (k=2),Arithmetic,Uniform,0.76642,0.05705,000.00000000,000.00719018,000.00431442,000.24539019,000.18
Tournament (k=2),Blend,Gaussian,0.47762,0.14915,000.00518799,000.13720641,000.15019608,000.34875897,000.30
Tournament (k=2),Arithmetic,Uniform,0.91514,0.16276,000.01016998,000.81529224,001.08818054,000.76911843,000.30
Tournament (k=2),Arithmetic,Uniform,0.72243,0.05705,000.00000763,000.01044164,000.01005363,000.24496281,000.23
Tournament (k=2),Arithmetic,Uniform,0.88849,0.03686,000.00003815,000.17865762,000.07396507,000.49947777,000.22
Tournament (k=2),Blend,Gaussian,0.40000,0.05228,000.00000000,000.00006394,000.00004196,000.00432272,000.21
Tournament (k=2),Arithmetic,Uniform,0.97087,0.14915,000.02014923,000.50689876,000.45696259,000.75358540,000.23
Tournament (k=2),Arithmetic,Uniform,0.94259,0.11476,000.00467682,000.08284040,000.08608055,000.39856851,000.27
Tournament (k=2),Arithmetic,Uniform,0.72243,0.12524,000.00690842,000.26643077,000.15654945,000.54045081,000.28
Tournament (k=2),Arithmetic,Uniform,1.00000,0.11476,000.00386810,000.11319470,000.09979630,000.49733397,000.28
Tournament (k=2),Arithmetic,Uniform,0.83749,0.03378,000.00015259,000.21756315,000.10977745,000.65396655,000.22
Tournament (k=2),Arithmetic,Uniform,0.91514,0.02000,000.00122070,000.40579820,000.43745613,000.74804169,000.18
Tournament (k=2),Arithmetic,Uniform,0.83749,0.30000,000.16221619,002.08717537,002.36938667,001.22200000,000.32
Tournament (k=2),Arithmetic,Uniform,0.88849,0.10516,000.00080490,000.04480004,000.04967880,000.28429800,000.31
Tournament (k=2),Arithmetic,Uniform,0.78941,0.27490,000.17887878,002.15453744,002.60381126,001.20935917,000.32
Tournament (k=2),Arithmetic,Uniform,1.00000,0.03686,000.00104904,000.28191775,000.12716484,000.65320790,000.17
Tournament (k=2),Blend,Gaussian,0.42436,0.14915,000.00622559,000.09143810,000.10580635,000.19934690,000.30
Tournament (k=2),Blend,Gaussian,0.52190,0.02837,000.00000000,000.00013175,000.00001907,000.17165489,000.23
Tournament (k=2),Blend,Gaussian,0.42436,0.05705,000.00000000,000.00002222,000.00000954,000.00568357,000.26
Tournament (k=2),Arithmetic,Uniform,0.78941,0.03095,000.00003815,000.19461203,000.12115288,000.54274946,000.17
Tournament (k=2),Arithmetic,Uniform,0.86261,0.19383,000.09463501,001.22076511,001.44288826,000.83322948,000.25
Tournament (k=2),Blend,Gaussian,0.50670,0.14915,000.01181030,000.15144363,000.17392349,000.39068699,000.34
Tournament (k=2),Arithmetic,Uniform,0.81310,0.06226,000.00002670,000.00629396,000.00372887,000.21610868,000.23
Tournament (k=2),Blend,Gaussian,0.43709,0.03095,000.00000000,000.00050139,000.00019073,000.01879242,000.23
Tournament (k=2),Arithmetic,Uniform,0.97087,0.05705,000.00000000,000.00258517,000.00193024,000.21890509,000.18
Tournament (k=2),Blend,Gaussian,0.45020,0.05705,000.00000000,000.00001950,000.00000763,000.00274827,000.21
Tournament (k=2),Blend,Gaussian,0.53756,0.05228,000.00000000,000.00000753,000.00000000,000.00138012,000.25
Tournament (k=2),Arithmetic,Uniform,0.83749,0.12524,000.00914764,000.21389289,000.19516945,000.48218799,000.28
Tournament (k=2),Blend,Gaussian,0.49195,0.03095,000.00000000,000.00007553,000.00002289,000.00337923,000.20
Tournament (k=2),Blend,Gaussian,0.50670,0.04791,000.00000000,000.00002899,000.00000000,000.00245927,000.49
Tournament (k=2),Arithmetic,Uniform,0.91514,0.06226,000.00000381,000.00414500,000.00124359,000.14145529,000.21
Tournament (k=2),Arithmetic,Uniform,0.78941,0.08830,000.00006104,000.00990567,000.00846863,000.06100959,000.26
Tournament (k=2),Arithmetic,Uniform,0.97087,0.02000,000.00209808,000.60798162,001.00645256,000.67825353,000.19
Tournament (k=2),Arithmetic,Uniform,0.76642,0.19383,000.09486771,001.40762711,001.59091759,000.87831908,000.30
Tournament (k=2),Blend,Gaussian,0.40000,0.05705,000.00000000,000.00005140,000.00003052,000.00419059,000.42
Tournament (k=2),Blend,Gaussian,0.52190,0.08830,000.00000000,000.00063562,000.00034523,000.10963489,000.45
Tournament (k=2),Blend,Gaussian,0.45020,0.16276,000.00626755,000.20968099,000.21422195,000.48980099,000.33
Tournament (k=2),Arithmetic,Uniform,0.94259,0.03686,000.00003815,000.16290388,000.08964157,000.52825934,000.17
Tournament (k=2),Blend,Gaussian,0.40000,0.02000,000.00000000,000.00388212,000.00297737,000.18299489,000.17
Tournament (k=2),Blend,Gaussian,0.53756,0.16276,000.00754547,000.34103975,000.35708618,000.51161397,000.33
Tournament (k=2),Arithmetic,Uniform,0.86261,0.06226,000.00000000,000.00297189,000.00194168,000.16900741,000.24
Tournament (k=2),Blend,Gaussian,0.47762,0.05228,000.00000000,000.00004115,000.00000763,000.00122998,000.26
Tournament (k=2),Blend,Gaussian,0.52190,0.27490,000.08853912,001.06248522,001.32585907,000.74355721,000.52
Tournament (k=2),Blend,Gaussian,0.46371,0.27490,000.05966187,000.82572573,001.05296135,000.62245405,000.69
Tournament (k=2),Blend,Gaussian,0.41200,0.27490,000.03753662,000.76233107,000.95337105,000.63586771,000.42
Tournament (k=2),Arithmetic,Uniform,0.74410,0.27490,000.14937592,001.99857736,002.37905502,001.11621928,000.32
Tournament (k=2),Arithmetic,Uniform,0.76642,0.06226,000.00000763,000.00553536,000.00305557,000.37210786,000.18
Tournament (k=2),Blend,Gaussian,0.43709,0.25191,000.01972198,000.66144788,000.79833603,000.62081379,000.46
Tournament (k=2),Blend,Gaussian,0.49195,0.08830,000.00000000,000.00032125,000.00021744,000.02236353,000.30
Tournament (k=2),Blend,Gaussian,0.46371,0.08830,000.00000000,000.00011911,000.00011635,000.00381465,000.26
Tournament (k=2),Blend,Gaussian,0.43709,0.09637,000.00000763,000.00079770,000.00063896,000.01546114,000.30
Tournament (k=2),Blend,Gaussian,0.41200,0.09637,000.00000381,000.00049543,000.00039864,000.03053337,000.29
Tournament (k=2),Blend,Gaussian,0.40000,0.17762,000.00429535,000.23172899,000.23578072,000.46904093,000.32
Tournament (k=2),Arithmetic,Uniform,0.88849,0.04023,000.00025940,000.13724227,000.06001854,000.62561941,000.22
Tournament (k=2),Blend,Gaussian,0.55369,0.03095,000.00000000,000.00001931,000.00000191,000.13926685,000.36
Tournament (k=2),Arithmetic,Uniform,0.97087,0.16276,000.02196503,000.84548312,001.20054817,000.72520894,000.22
Tournament (k=2),Arithmetic,Uniform,0.91514,0.02183,000.00072098,000.46478766,000.51393700,000.75408649,000.16
Tournament (k=2),Arithmetic,Uniform,0.86261,0.02000,000.00040817,000.59711474,001.00783348,000.67631644,000.16
Tournament (k=2),Arithmetic,Uniform,0.83749,0.03686,000.00051880,000.12846975,000.07288933,000.53403586,000.17
Tournament (k=2),Arithmetic,Uniform,0.91514,0.17762,000.06908417,001.08441913,001.27424431,000.72135454,000.30
Tournament (k=2),Blend,Gaussian,0.47762,0.16276,000.01023102,000.21310988,000.21920204,000.37654820,000.35
Tournament (k=2),Arithmetic,Uniform,0.94259,0.12524,000.00068283,000.16126876,000.15495872,000.48519948,000.21
Tournament (k=2),Blend,Gaussian,0.50670,0.16276,000.00700378,000.20248070,000.24023247,000.32663491,000.50
Tournament (k=2),Arithmetic,Uniform,0.81310,0.17762,000.02504730,000.87721479,001.14042282,000.86936617,000.30
Tournament (k=2),Blend,Gaussian,0.49195,0.27490,000.00833893,000.95670450,001.19636536,000.77176136,000.44
Tournament (k=2),Blend,Gaussian,0.52190,0.09637,000.00000763,000.00218935,000.00184059,000.02477848,000.34
Tournament (k=2),Arithmetic,Uniform,0.72243,0.13667,000.00934601,000.46040902,000.44899750,000.65843767,000.28
Tournament (k=2),Arithmetic,Uniform,1.00000,0.12524,000.00233459,000.23499660,000.20031548,000.50337422,000.28
Tournament (k=2),Arithmetic,Uniform,0.88849,0.11476,000.00236130,000.16348429,000.15349007,000.55520451,000.24
Tournament (k=2),Arithmetic,Uniform,1.00000,0.04023,000.00000381,000.10391712,000.03874397,000.63811529,000.23
Tournament (k=2),Arithmetic,Uniform,0.78941,0.30000,000.16630554,002.18237805,002.47903824,001.17520320,000.28
Tournament (k=2),Arithmetic,Uniform,0.78941,0.03378,000.00001526,000.12587738,000.07655525,000.55275714,000.16
Tournament (k=2),Arithmetic,Uniform,0.88849,0.04390,000.00002289,000.10632362,000.03735542,000.49989638,000.20
Tournament (k=2),Arithmetic,Uniform,0.91514,0.02382,000.00019455,000.49959454,000.68457603,000.72566783,000.21
Tournament (k=2),Arithmetic,Uniform,0.97087,0.06226,000.00000000,000.00305042,000.00210571,000.14031638,000.21
Tournament (k=2),Blend,Gaussian,0.43709,0.03378,000.00000000,000.00052280,000.00023460,000.00509492,000.24
Tournament (k=2),Arithmetic,Uniform,0.81310,0.06795,000.00000000,000.00134721,000.00073814,000.13308537,000.24
Tournament (k=2),Blend,Gaussian,0.46371,0.02837,000.00000000,000.00006714,000.00000763,000.11639297,000.24
Tournament (k=2),Blend,Gaussian,0.42436,0.16276,000.00803375,000.22495851,000.22070694,000.44637713,000.30
Tournament (k=2),Blend,Gaussian,0.49195,0.03378,000.00000000,000.00009975,000.00001335,000.10191310,000.20
Tournament (k=2),Blend,Gaussian,0.45020,0.06226,000.00000000,000.00002165,000.00000954,000.00272409,000.27
Tournament (k=2),Arithmetic,Uniform,0.91514,0.06795,000.00000000,000.00197287,000.00137711,000.02669447,000.19
Tournament (k=2),Blend,Gaussian,0.53756,0.05705,000.00000000,000.00000205,000.00000000,000.00082913,000.27
Tournament (k=2),Arithmetic,Uniform,0.97087,0.02183,000.00152588,000.56449234,000.82379532,000.90632653,000.22
Tournament (k=2),Arithmetic,Uniform,0.78941,0.03686,000.00013733,000.06578560,000.03738403,000.56505013,000.17
Tournament (k=2),Blend,Gaussian,0.55369,0.09637,000.00001526,000.00241833,000.00221825,000.03555315,000.38
Tournament (k=2),Arithmetic,Uniform,0.78941,0.09637,000.00016022,000.01933079,000.01778793,000.24762271,000.26
Tournament (k=2),Blend,Gaussian,0.40000,0.06226,000.00000000,000.00004854,000.00001526,000.00138179,000.22
Tournament (k=2),Arithmetic,Uniform,1.00000,0.04390,000.00005722,000.06242146,000.04849815,000.53117943,000.24
Tournament (k=2),Blend,Gaussian,0.40000,0.19383,000.01331329,000.35391912,000.35619736,000.46037805,000.41
Tournament (k=2),Blend,Gaussian,0.40000,0.02183,000.00000000,000.00154505,000.00038719,000.14109939,000.19
Tournament (k=2),Arithmetic,Uniform,0.94259,0.04023,000.00000763,000.06120310,000.03178024,000.51754820,000.23
Tournament (k=2),Blend,Gaussian,0.55369,0.30000,000.04586029,001.19993997,001.53610229,000.81738806,000.43
Tournament (k=2),Blend,Gaussian,0.52190,0.10516,000.00002289,000.00568552,000.00488281,000.18972503,000.43
Tournament (k=2),Blend,Gaussian,0.45020,0.17762,000.02449799,000.27308995,000.27113152,000.47176555,000.33
Tournament (k=2),Blend,Gaussian,0.47762,0.05705,000.00000000,000.00000463,000.00000000,000.00038357,000.29
Tournament (k=2),Blend,Gaussian,0.57030,0.05705,000.00000000,000.00000439,000.00000000,000.01026222,000.24
Tournament (k=2),Arithmetic,Uniform,0.86261,0.06795,000.00000763,000.00372105,000.00171661,000.22329520,000.30
Tournament (k=2),Arithmetic,Uniform,0.74410,0.30000,000.38956451,002.37374449,002.67347717,001.19452238,000.30
Tournament (k=2),Blend,Gaussian,0.53756,0.17762,000.04334259,000.42936641,000.43068314,000.52356422,000.39
Tournament (k=2),Blend,Gaussian,0.46371,0.09637,000.00000381,000.00083232,000.00059509,000.02336927,000.28
Tournament (k=2),Blend,Gaussian,0.49195,0.09637,000.00000763,000.00093369,000.00091362,000.11668237,000.32
Tournament (k=2),Blend,Gaussian,0.55369,0.03378,000.00000000,000.00004215,000.00001144,000.09896599,000.22
Tournament (k=2),Blend,Gaussian,0.41200,0.30000,000.04918671,000.92442530,001.13489151,000.71893984,000.40
Tournament (k=2),Blend,Gaussian,0.43709,0.10516,000.00002289,000.00218673,000.00259018,000.04322411,000.31
Tournament (k=2),Arithmetic,Uniform,0.97087,0.17762,000.06261444,000.96199054,001.21726608,000.85221547,000.24
Tournament (k=2),Blend,Gaussian,0.40000,0.06795,000.00000000,000.00005221,000.00002289,000.00202175,000.31
Tournament (k=2),Blend,Gaussian,0.42436,0.06226,000.00000000,000.00002813,000.00001144,000.00140755,000.28
Tournament (k=2),Blend,Gaussian,0.46371,0.30000,000.03485870,001.01914096,001.28614235,000.71371394,000.44
Tournament (k=2),Blend,Gaussian,0.52190,0.30000,000.08132553,001.20859027,001.40798759,000.74420804,000.45
Tournament (k=2),Arithmetic,Uniform,1.00000,0.04791,000.00000381,000.02718306,000.01345062,000.48315841,000.34
Tournament (k=2),Arithmetic,Uniform,0.86261,0.21153,000.02558517,001.26788664,001.56161690,000.91622704,000.25
Tournament (k=2),Blend,Gaussian,0.43709,0.27490,000.02891541,000.74423081,001.00329590,000.61315000,000.40
Tournament (k=2),Arithmetic,Uniform,0.83749,0.04023,000.00003815,000.06266842,000.04394341,000.52393049,000.17
Tournament (k=2),Blend,Gaussian,0.40000,0.21153,000.00990295,000.40308300,000.45692444,000.58283335,000.40
Tournament (k=2),Blend,Gaussian,0.57030,0.02000,000.00000000,000.00013218,000.00001526,000.26093847,000.25
Tournament (k=2),Arithmetic,Uniform,0.91514,0.19383,000.07378769,001.16133785,001.39943123,000.92928565,000.24
Tournament (k=2),Arithmetic,Uniform,0.91514,0.02599,000.00181580,000.36406380,000.28707504,000.71446842,000.16
Tournament (k=2),Arithmetic,Uniform,1.00000,0.13667,000.01338959,000.39815578,000.31577873,000.68446195,000.22
Tournament (k=2),Blend,Gaussian,0.50670,0.05228,000.00000000,000.00000877,000.00000191,000.01945426,000.24
Tournament (k=2),Blend,Gaussian,0.58741,0.03378,000.00000000,000.00000772,000.00000000,000.09998149,000.35
Tournament (k=2),Blend,Gaussian,0.41200,0.02599,000.00000000,000.00073452,000.00044441,000.14021458,000.19
Tournament (k=2),Arithmetic,Uniform,0.97087,0.06795,000.00000381,000.00228386,000.00146484,000.10094673,000.18
Tournament (k=2),Arithmetic,Uniform,0.94259,0.13667,000.00896454,000.36002165,000.30783272,000.64354199,000.28
Tournament (k=2),Arithmetic,Uniform,0.81310,0.02000,000.00067902,000.47166452,000.53245926,000.65396702,000.21
Tournament (k=2),Arithmetic,Uniform,0.88849,0.12524,000.00414276,000.23376203,000.19613647,000.49534401,000.23
Tournament (k=2),Blend,Gaussian,0.60503,0.02000,000.00000000,000.00000782,000.00000000,000.19479899,000.24
Tournament (k=2),Arithmetic,Uniform,0.81310,0.19383,000.07886124,001.12063241,001.33553505,000.91671288,000.30
Tournament (k=2),Blend,Gaussian,0.47762,0.17762,000.01146317,000.32197803,000.35501289,000.49924740,000.32
Tournament (k=2),Arithmetic,Uniform,0.72243,0.14915,000.00584030,000.58139372,000.72914505,000.68264443,000.29
Tournament (k=2),Blend,Gaussian,0.57030,0.17762,000.02922821,000.44886762,000.49187088,000.50967193,000.45
Tournament (k=2),Blend,Gaussian,0.58741,0.10516,000.00012970,000.01670976,000.01655197,000.16295694,000.38
Tournament (k=2),Blend,Gaussian,0.60503,0.06226,000.00000000,000.00000582,000.00000000,000.01929154,000.28
Tournament (k=2),Blend,Gaussian,0.43709,0.03686,000.00000000,000.00026312,000.00014687,000.09917152,000.22
Tournament (k=2),Blend,Gaussian,0.50670,0.17762,000.00784683,000.34504884,000.34174156,000.53127563,000.38
Tournament (k=2),Blend,Gaussian,0.46371,0.03095,000.00000000,000.00010619,000.00002289,000.13929889,000.19
Tournament (k=2),Blend,Gaussian,0.49195,0.30000,000.08786774,000.98998582,001.30740356,000.75596815,000.45
Tournament (k=2),Blend,Gaussian,0.49195,0.03686,000.00000000,000.00008016,000.00001144,000.00424682,000.21
Tournament (k=2),Arithmetic,Uniform,0.91514,0.21153,000.11291885,001.41724706,001.75614166,000.93141681,000.26
Tournament (k=2),Arithmetic,Uniform,0.81310,0.02183,000.00030518,000.34134611,000.27221489,000.64603275,000.21
Tournament (k=2),Blend,Gaussian,0.40000,0.02382,000.00000000,000.00153642,000.00077248,000.14146417,000.18
Tournament (k=2),Arithmetic,Uniform,0.86261,0.02183,000.00059128,000.51472938,000.59755707,000.79201639,000.17
Tournament (k=2),Arithmetic,Uniform,0.97087,0.02382,000.00251007,000.46225923,000.37911415,000.89653265,000.23
Tournament (k=2),Blend,Gaussian,0.52190,0.03095,000.00000000,000.00002155,000.00000763,000.09921780,000.21
Tournament (k=2),Arithmetic,Uniform,0.97087,0.07415,000.00000763,000.00197854,000.00197220,000.02797581,000.25
Tournament (k=2),Blend,Gaussian,0.58741,0.03686,000.00000000,000.00000792,000.00000000,000.00152324,000.28
Tournament (k=2),Arithmetic,Uniform,1.00000,0.14915,000.02095032,000.63501018,000.91284943,000.72543567,000.30
Tournament (k=2),Arithmetic,Uniform,0.94259,0.04390,000.00000381,000.10274696,000.04832077,000.64503676,000.23
Tournament (k=2),Arithmetic,Uniform,0.78941,0.10516,000.00012589,000.05164351,000.03890610,000.45876992,000.27
Tournament (k=2),Blend,Gaussian,0.55369,0.10516,000.00013733,000.00971112,000.00972939,000.22665977,000.29
Tournament (k=2),Arithmetic,Uniform,0.81310,0.21153,000.20433426,001.44713795,001.65874481,001.02787530,000.31
Tournament (k=2),Arithmetic,Uniform,0.76642,0.02000,000.00144196,000.41554561,000.41517448,000.69197309,000.16
Tournament (k=2),Blend,Gaussian,0.47762,0.06226,000.00000000,000.00001559,000.00000763,000.00360604,000.28
Tournament (k=2),Blend,Gaussian,0.60503,0.19383,000.01631165,000.68860406,000.87855530,000.57819027,000.40
Tournament (k=2),Blend,Gaussian,0.57030,0.06226,000.00000000,000.00000982,000.00000000,000.00862213,000.24
Tournament (k=2),Blend,Gaussian,0.52190,0.11476,000.00063324,000.02251678,000.01939011,000.20653234,000.33
Tournament (k=2),Arithmetic,Uniform,0.86261,0.07415,000.00000000,000.00140471,000.00092888,000.10413599,000.25
Tournament (k=2),Blend,Gaussian,0.45020,0.19383,000.01073074,000.36454049,000.35123062,000.54434532,000.37
Tournament (k=2),Blend,Gaussian,0.42436,0.02000,000.00000000,000.00155139,000.00067139,000.19959748,000.22
Tournament (k=2),Blend,Gaussian,0.55369,0.03686,000.00000000,000.00002055,000.00000000,000.00165377,000.23
Tournament (k=2),Blend,Gaussian,0.62318,0.03686,000.00000000,000.00000186,000.00000000,000.15442164,000.29
Tournament (k=2),Blend,Gaussian,0.46371,0.10516,000.00006104,000.00375767,000.00320053,000.02088770,000.27
Tournament (k=2),Blend,Gaussian,0.49195,0.10516,000.00000763,000.00439858,000.00411987,000.10937697,000.28
Tournament (k=2),Blend,Gaussian,0.43709,0.11476,000.00012970,000.00867925,000.00876427,000.04453322,000.28
Tournament (k=2),Arithmetic,Uniform,0.97087,0.19383,000.07042694,001.09979343,001.40972900,000.80561990,000.24
Tournament (k=2),Blend,Gaussian,0.42436,0.06795,000.00000000,000.00002751,000.00000763,000.00284292,000.27
Tournament (k=2),Blend,Gaussian,0.64187,0.02183,000.00000000,000.00000148,000.00000000,000.17345645,000.30
Tournament (k=2),Blend,Gaussian,0.47762,0.02000,000.00000000,000.00044723,000.00010872,000.23711312,000.22
Tournament (k=2),Blend,Gaussian,0.53756,0.19383,000.04832840,000.52728873,000.52140045,000.65800464,000.39
Tournament (k=2),Blend,Gaussian,0.53756,0.02000,000.00000000,000.00038772,000.00001907,000.26316381,000.24
Tournament (k=2),Blend,Gaussian,0.62318,0.11476,000.00312042,000.07662454,000.06752777,000.31317851,000.41
Tournament (k=2),Blend,Gaussian,0.55369,0.11476,000.00073242,000.02466102,000.02111816,000.26060864,000.34
Tournament (k=2),Arithmetic,Uniform,1.00000,0.05228,000.00000000,000.01926913,000.01481056,000.35726386,000.24
Tournament (k=2),Blend,Gaussian,0.64187,0.06795,000.00000000,000.00003543,000.00000763,000.20655958,000.32
Tournament (k=2),Arithmetic,Uniform,0.86261,0.23084,000.10264969,001.76910400,002.18514824,001.03912079,000.25
Tournament (k=2),Blend,Gaussian,0.66113,0.04023,000.00000000,000.00002289,000.00000000,000.15596239,000.22
Tournament (k=2),Blend,Gaussian,0.57030,0.02183,000.00000000,000.00003610,000.00000000,000.21407826,000.24
Tournament (k=2),Blend,Gaussian,0.41200,0.02837,000.00000000,000.00079713,000.00029755,000.09944806,000.19
Tournament (k=2),Blend,Gaussian,0.68096,0.02382,000.00000000,000.00002718,000.00000000,000.32498482,000.24
Tournament (k=2),Blend,Gaussian,0.50670,0.05705,000.00000000,000.00000844,000.00000000,000.00235948,000.22
Tournament (k=2),Blend,Gaussian,0.42436,0.17762,000.00267029,000.24774642,000.26735687,000.38402033,000.30
Tournament (k=2),Blend,Gaussian,0.66113,0.12524,000.00178528,000.13378501,000.10679626,000.38197905,000.35
Tournament (k=2),Blend,Gaussian,0.47762,0.02183,000.00000000,000.00079455,000.00012779,000.21601212,000.25
Tournament (k=2),Blend,Gaussian,0.45020,0.06795,000.00000000,000.00001364,000.00000763,000.00075124,000.27
Tournament (k=2),Blend,Gaussian,0.53756,0.06226,000.00000000,000.00000658,000.00000381,000.00147746,000.25
Tournament (k=2),Blend,Gaussian,0.64187,0.21153,000.08553314,000.89643919,001.16444778,000.70290595,000.49
Tournament (k=2),Blend,Gaussian,0.40000,0.23084,000.02109146,000.45284325,000.52773857,000.50728136,000.40
Tournament (k=2),Arithmetic,Uniform,0.94259,0.14915,000.01548004,000.52195334,000.50174904,000.80024976,000.29
Tournament (k=2),Blend,Gaussian,0.43709,0.30000,000.12738037,000.95155603,001.20680618,000.68896711,000.45
Tournament (k=2),Arithmetic,Uniform,0.88849,0.13667,000.01504135,000.37276250,000.28959846,000.67206168,000.28
Tournament (k=2),Arithmetic,Uniform,0.72243,0.16276,000.03149414,000.85254538,001.16135979,000.74790549,000.27
Tournament (k=2),Blend,Gaussian,0.41200,0.10516,000.00001144,000.00140791,000.00141144,000.01195703,000.30
Tournament (k=2),Blend,Gaussian,0.46371,0.03378,000.00000000,000.00016236,000.00007248,000.11325156,000.20
Tournament (k=2),Blend,Gaussian,0.43709,0.04023,000.00000000,000.00015326,000.00006104,000.00314441,000.24
Tournament (k=2),Blend,Gaussian,0.60503,0.06795,000.00000000,000.00001526,000.00000381,000.05871553,000.25
Tournament (k=2),Blend,Gaussian,0.49195,0.04023,000.00000000,000.00002990,000.00000763,000.09896399,000.21
Tournament (k=2),Blend,Gaussian,0.68096,0.02599,000.00000000,000.00000110,000.00000000,000.09901751,000.28
Tournament (k=2),Blend,Gaussian,0.68096,0.07415,000.00000000,000.00024409,000.00009537,000.09975772,000.35
Tournament (k=2),Blend,Gaussian,0.50670,0.06226,000.00000000,000.00000648,000.00000000,000.09906068,000.27
Tournament (k=2),Blend,Gaussian,0.47762,0.19383,000.00966644,000.51193464,000.53959465,000.55115217,000.37
Tournament (k=2),Blend,Gaussian,0.58741,0.11476,000.00070190,000.03304653,000.03988266,000.19049142,000.35
Tournament (k=2),Blend,Gaussian,0.62318,0.12524,000.00278473,000.11788392,000.13137436,000.39810577,000.44
Tournament (k=2),Arithmetic,Uniform,0.91514,0.23084,000.11910629,001.74639285,002.05328178,000.98808903,000.24
Tournament (k=2),Arithmetic,Uniform,0.86261,0.02382,000.00010300,000.52918589,000.79846573,000.75267005,000.21
Tournament (k=2),Blend,Gaussian,0.40000,0.02599,000.00000000,000.00071378,000.00041008,000.02471813,000.22
Tournament (k=2),Blend,Gaussian,0.52190,0.03378,000.00000000,000.00001907,000.00000000,000.00088471,000.21
Tournament (k=2),Arithmetic,Uniform,0.97087,0.08092,000.00001526,000.00376630,000.00346756,000.12497904,000.20
Tournament (k=2),Arithmetic,Uniform,0.94259,0.04791,000.00001526,000.03015881,000.01716232,000.56294322,000.19
Tournament (k=2),Blend,Gaussian,0.70139,0.04390,000.00000000,000.00000315,000.00000000,000.14004757,000.30
Tournament (k=2),Blend,Gaussian,0.40000,0.07415,000.00000000,000.00004892,000.00003433,000.00097197,000.24
Tournament (k=2),Arithmetic,Uniform,1.00000,0.16276,000.01459122,000.59543484,000.69816971,000.82367265,000.29
Tournament (k=2),Blend,Gaussian,0.72243,0.02599,000.00000000,000.00000510,000.00000000,000.19914612,000.26
Tournament (k=2),Arithmetic,Uniform,0.78941,0.11476,000.00163269,000.10701017,000.09488297,000.50727433,000.27
Tournament (k=2),Blend,Gaussian,0.68096,0.23084,000.06873703,001.13876462,001.39397812,000.67441630,000.39
Tournament (k=2),Blend,Gaussian,0.72243,0.08092,000.00000381,000.00152698,000.00086212,000.04740861,000.27
Tournament (k=2),Blend,Gaussian,0.57030,0.06795,000.00000000,000.00001216,000.00000381,000.01044500,000.24
Tournament (k=2),Blend,Gaussian,0.42436,0.02183,000.00000000,000.00073819,000.00049210,000.14129750,000.22
Tournament (k=2),Blend,Gaussian,0.47762,0.06795,000.00000000,000.00001068,000.00000381,000.00055984,000.29
Tournament (k=2),Blend,Gaussian,0.40000,0.02837,000.00000000,000.00069695,000.00043869,000.14158811,000.22
Tournament (k=2),Blend,Gaussian,0.70139,0.13667,000.01894379,000.28627253,000.28079796,000.48800617,000.38
Tournament (k=2),Arithmetic,Uniform,0.97087,0.08830,000.00008392,000.00951929,000.01077461,000.20642559,000.22
Tournament (k=2),Blend,Gaussian,0.52190,0.03686,000.00000000,000.00002193,000.00000763,000.00205083,000.24
Tournament (k=2),Blend,Gaussian,0.52190,0.12524,000.00064087,000.05787325,000.05699921,000.27618417,000.34
Tournament (k=2),Blend,Gaussian,0.74410,0.04791,000.00000000,000.00001178,000.00000000,000.16497336,000.30
Tournament (k=2),Blend,Gaussian,0.62318,0.04023,000.00000000,000.00000110,000.00000000,000.13963406,000.23
Tournament (k=2),Blend,Gaussian,0.60503,0.21153,000.02810669,000.79601967,001.05021095,000.69983637,000.40
Tournament (k=2),Blend,Gaussian,0.62318,0.13667,000.00502777,000.16720161,000.18609428,000.40232298,000.40
Tournament (k=2),Blend,Gaussian,0.72243,0.25191,000.09970093,001.35305107,001.65027618,000.86317331,000.44
Tournament (k=2),Blend,Gaussian,0.46371,0.11476,000.00055313,000.01306224,000.01523590,000.12781756,000.28
Tournament (k=2),Blend,Gaussian,0.76642,0.02837,000.00000000,000.00004764,000.00000000,000.27554250,000.26
Tournament (k=2),Blend,Gaussian,0.74410,0.14915,000.02659607,000.45876512,000.46080589,000.57659471,000.36
Tournament (k=2),Blend,Gaussian,0.64187,0.02382,000.00000000,000.00000272,000.00000000,000.10786843,000.24
Tournament (k=2),Blend,Gaussian,0.43709,0.12524,000.00035095,000.02803154,000.02714157,000.13697410,000.28
Tournament (k=2),Blend,Gaussian,0.42436,0.07415,000.00000000,000.00005221,000.00003433,000.00226242,000.28
Tournament (k=2),Blend,Gaussian,0.53756,0.02183,000.00000000,000.00008178,000.00002670,000.13921051,000.24
Tournament (k=2),Arithmetic,Uniform,0.97087,0.21153,000.07640076,001.50028610,001.79472733,000.88452858,000.30
Tournament (k=2),Blend,Gaussian,0.60503,0.02183,000.00000000,000.00003853,000.00000000,000.19525792,000.24
Tournament (k=2),Blend,Gaussian,0.64187,0.07415,000.00000000,000.00015087,000.00005722,000.10165060,000.27
Tournament (k=2),Blend,Gaussian,0.55369,0.12524,000.00289154,000.06261726,000.06401443,000.29422119,000.29
Tournament (k=2),Blend,Gaussian,0.57030,0.07415,000.00000000,000.00002103,000.00001526,000.10014744,000.34
Tournament (k=2),Blend,Gaussian,0.41200,0.03095,000.00000000,000.00064611,000.00028610,000.03473894,000.20
Tournament (k=2),Blend,Gaussian,0.76642,0.08830,000.00001907,000.01895251,000.01211357,000.13336995,000.32
Tournament (k=2),Blend,Gaussian,0.57030,0.02382,000.00000000,000.00006499,000.00000000,000.16975889,000.24
Tournament (k=2),Blend,Gaussian,0.53756,0.21153,000.09412003,000.61401272,000.72131348,000.62065685,000.35
Tournament (k=2),Blend,Gaussian,0.57030,0.19383,000.02809525,000.69905907,000.93073845,000.56301975,000.33
Tournament (k=2),Blend,Gaussian,0.50670,0.02000,000.00000000,000.00049901,000.00002098,000.22885337,000.23
Tournament (k=2),Arithmetic,Uniform,0.97087,0.02599,000.00234222,000.43580294,000.46590805,000.79487079,000.20
Tournament (k=2),Blend,Gaussian,0.53756,0.06795,000.00000000,000.00000324,000.00000000,000.00424273,000.24
Tournament (k=2),Blend,Gaussian,0.52190,0.13667,000.00222778,000.09808297,000.11408424,000.30022186,000.38
Tournament (k=2),Blend,Gaussian,0.45020,0.02000,000.00000000,000.00099630,000.00025177,000.17235795,000.21
Tournament (k=2),Blend,Gaussian,0.64187,0.02599,000.00000000,000.00000448,000.00000000,000.14462440,000.28
Tournament (k=2),Blend,Gaussian,0.50670,0.19383,000.02707672,000.57798868,000.60771942,000.62571448,000.36
Tournament (k=2),Blend,Gaussian,0.41200,0.03378,000.00000000,000.00039883,000.00008583,000.09930548,000.21
Tournament (k=2),Blend,Gaussian,0.42436,0.19383,000.01178741,000.28311259,000.31995964,000.41387409,000.36
Tournament (k=2),Arithmetic,Uniform,0.72243,0.17762,000.02159500,001.02797771,001.30688477,000.78483337,000.24
Tournament (k=2),Blend,Gaussian,0.66113,0.13667,000.02157593,000.33041269,000.31706238,000.48304164,000.36
Tournament (k=2),Blend,Gaussian,0.49195,0.04390,000.00000000,000.00001674,000.00000381,000.00533174,000.21
Tournament (k=2),Blend,Gaussian,0.43709,0.04390,000.00000000,000.00010858,000.00003815,000.00843128,000.25
Tournament (k=2),Blend,Gaussian,0.60503,0.07415,000.00000000,000.00006166,000.00001526,000.00959368,000.25
Tournament (k=2),Blend,Gaussian,0.41200,0.11476,000.00004578,000.00754218,000.00668526,000.05878821,000.31
Tournament (k=2),Blend,Gaussian,0.64187,0.08092,000.00000000,000.00032663,000.00020409,000.10265679,000.33
Tournament (k=2),Blend,Gaussian,0.74410,0.16276,000.01628113,000.70771474,000.91319275,000.70365882,000.45
Tournament (k=2),Blend,Gaussian,0.40000,0.25191,000.01628494,000.54600793,000.66390419,000.58540893,000.40
Tournament (k=2),Blend,Gaussian,0.68096,0.02837,000.00000000,000.00000110,000.00000000,000.17826101,000.26
Tournament (k=2),Blend,Gaussian,0.64187,0.23084,000.05818939,001.14969432,001.43220139,000.73923987,000.41
Tournament (k=2),Arithmetic,Uniform,0.97087,0.02837,000.00026703,000.36881223,000.36315346,000.75582677,000.21
Tournament (k=2),Blend,Gaussian,0.50670,0.06795,000.00000000,000.00002155,000.00001335,000.00333803,000.23
Tournament (k=2),Blend,Gaussian,0.68096,0.08092,000.00000000,000.00059786,000.00032043,000.10705381,000.27
Tournament (k=2),Blend,Gaussian,0.45020,0.02183,000.00000000,000.00062947,000.00012398,000.19624035,000.24
Tournament (k=2),Blend,Gaussian,0.55369,0.04023,000.00000000,000.00003667,000.00000000,000.09897058,000.21
Tournament (k=2),Blend,Gaussian,0.70139,0.04791,000.00000000,000.00000319,000.00000000,000.14969908,000.24
Tournament (k=2),Blend,Gaussian,0.40000,0.08092,000.00000000,000.00004864,000.00002861,000.01372194,000.25
Tournament (k=2),Arithmetic,Uniform,0.91514,0.25191,000.45018387,001.96762145,002.34228706,001.10668564,000.31
Tournament (k=2),Blend,Gaussian,0.58741,0.12524,000.00247955,000.07255292,000.07748795,000.36054370,000.34
Tournament (k=2),Blend,Gaussian,0.49195,0.11476,000.00054550,000.01359391,000.01422119,000.10499851,000.29
Tournament (k=2),Blend,Gaussian,0.42436,0.02382,000.00000000,000.00071535,000.00054550,000.02713476,000.23
Tournament (k=2),Arithmetic,Uniform,0.91514,0.07415,000.00002289,000.00212317,000.00174332,000.15945987,000.25
Tournament (k=2),Blend,Gaussian,0.40000,0.03095,000.00000000,000.00063767,000.00032425,000.03860133,000.24
Tournament (k=2),Blend,Gaussian,0.78941,0.05228,000.00000000,000.00017443,000.00000191,000.16359513,000.24
Tournament (k=2),Blend,Gaussian,0.72243,0.08830,000.00001144,000.00567431,000.00489616,000.21523330,000.28
Tournament (k=2),Blend,Gaussian,0.47762,0.07415,000.00000000,000.00002565,000.00001144,000.00332231,000.28
Tournament (k=2),Blend,Gaussian,0.62318,0.04390,000.00000000,000.00000076,000.00000000,000.00444031,000.22
Tournament (k=2),Blend,Gaussian,0.66113,0.14915,000.00661087,000.42714515,000.45655823,000.54611230,000.41
Tournament (k=2),Blend,Gaussian,0.55369,0.04390,000.00000000,000.00000129,000.00000000,000.00055568,000.24
Tournament (k=2),Blend,Gaussian,0.74410,0.05228,000.00000000,000.00001388,000.00000000,000.14745629,000.29
Tournament (k=2),Blend,Gaussian,0.76642,0.27490,000.12419128,001.55573666,001.82553864,000.85339719,000.44
Tournament (k=2),Blend,Gaussian,0.70139,0.14915,000.00630188,000.42149583,000.41938591,000.54234594,000.34
Tournament (k=2),Blend,Gaussian,0.50670,0.07415,000.00000000,000.00001431,000.00000763,000.00162625,000.33
Tournament (k=2),Blend,Gaussian,0.68096,0.25191,000.05384064,001.25418282,001.46320343,000.82032633,000.43
Tournament (k=2),Blend,Gaussian,0.76642,0.03095,000.00000000,000.00009332,000.00000000,000.31288388,000.27
Tournament (k=2),Blend,Gaussian,0.46371,0.12524,000.00070190,000.03116422,000.02756310,000.17799948,000.30
Tournament (k=2),Blend,Gaussian,0.47762,0.02382,000.00000000,000.00138097,000.00012207,000.23593959,000.24
Tournament (k=2),Blend,Gaussian,0.45020,0.07415,000.00000000,000.00003071,000.00001144,000.00263591,000.23
Tournament (k=2),Blend,Gaussian,0.53756,0.02382,000.00000000,000.00010819,000.00001526,000.10545630,000.20
Tournament (k=2),Blend,Gaussian,0.43709,0.13667,000.00263214,000.06325535,000.07063293,000.19815479,000.28
Tournament (k=2),Blend,Gaussian,0.78941,0.16276,000.07771301,000.91539556,001.11310387,000.68823552,000.48
Tournament (k=2),Blend,Gaussian,0.58741,0.04023,000.00000000,000.00000343,000.00000000,000.00091562,000.22
Tournament (k=2),Arithmetic,Uniform,0.97087,0.23084,000.18802261,001.76513481,002.11825943,000.95294327,000.24
Tournament (k=2),Blend,Gaussian,0.62318,0.14915,000.01177216,000.35793835,000.34294510,000.52482456,000.37
Tournament (k=2),Blend,Gaussian,0.42436,0.08092,000.00000000,000.00004892,000.00003242,000.00102199,000.28
Tournament (k=2),Blend,Gaussian,0.60503,0.02382,000.00000000,000.00001974,000.00000000,000.19498162,000.26
Tournament (k=2),Blend,Gaussian,0.72243,0.27490,000.26263809,001.53623700,001.77553558,000.78175145,000.40
Tournament (k=2),Blend,Gaussian,0.57030,0.02599,000.00000000,000.00004520,000.00000191,000.17005581,000.24
Tournament (k=2),Blend,Gaussian,0.57030,0.08092,000.00000000,000.00025969,000.00011635,000.11680441,000.27
Tournament (k=2),Blend,Gaussian,0.50670,0.02183,000.00000000,000.00020194,000.00012207,000.17357814,000.23
Tournament (k=2),Blend,Gaussian,0.55369,0.13667,000.00845337,000.12192063,000.14921761,000.35426381,000.35
Tournament (k=2),Blend,Gaussian,0.74410,0.05705,000.00000000,000.00004253,000.00000000,000.26755083,000.33
Tournament (k=2),Blend,Gaussian,0.76642,0.09637,000.00124741,000.04838676,000.03270721,000.22770806,000.33
Tournament (k=2),Blend,Gaussian,0.41200,0.03686,000.00000000,000.00023637,000.00009537,000.00786149,000.19
Tournament (k=2),Blend,Gaussian,0.76642,0.03378,000.00000000,000.00001769,000.00000000,000.32259080,000.28
Tournament (k=2),Blend,Gaussian,0.53756,0.23084,000.07425690,000.68606085,000.81613922,000.76262045,000.37
Tournament (k=2),Blend,Gaussian,0.64187,0.02837,000.00000000,000.00000105,000.00000000,000.13927850,000.25
Tournament (k=2),Blend,Gaussian,0.49195,0.04791,000.00000000,000.00000710,000.00000000,000.00065540,000.22
Tournament (k=2),Blend,Gaussian,0.45020,0.21153,000.01533890,000.64083880,000.86937714,000.62439203,000.33
Tournament (k=2),Blend,Gaussian,0.43709,0.04791,000.00000000,000.00003271,000.00001907,000.00262995,000.25
Tournament (k=2),Blend,Gaussian,0.72243,0.02837,000.00000000,000.00000629,000.00000000,000.23458634,000.26
Tournament (k=2),Blend,Gaussian,0.46371,0.13667,000.00502777,000.06265660,000.06769371,000.27336729,000.36
Tournament (k=2),Blend,Gaussian,0.52190,0.14915,000.00635910,000.19183993,000.20422745,000.43090218,000.36
Tournament (k=2),Blend,Gaussian,0.42436,0.21153,000.06151581,000.47688574,000.53085136,000.46901006,000.32
Tournament (k=2),Blend,Gaussian,0.68096,0.27490,000.05212784,001.33149576,001.57040596,000.82140881,000.45
Tournament (k=2),Blend,Gaussian,0.60503,0.08092,000.00000000,000.00030384,000.00016022,000.10544724,000.27
Tournament (k=2),Blend,Gaussian,0.64187,0.08830,000.00000381,000.00270610,000.00135612,000.08135416,000.26
Tournament (k=2),Blend,Gaussian,0.41200,0.12524,000.00033188,000.02438188,000.02485657,000.10031303,000.28
Tournament (k=2),Blend,Gaussian,0.50670,0.21153,000.02716827,000.60856974,000.66225433,000.65673512,000.40
Tournament (k=2),Blend,Gaussian,0.41200,0.04023,000.00000000,000.00020623,000.00002670,000.00903929,000.20
Tournament (k=2),Blend,Gaussian,0.52190,0.04023,000.00000000,000.00001888,000.00000191,000.00373681,000.21
Tournament (k=2),Blend,Gaussian,0.62318,0.16276,000.01087189,000.42426410,000.42238998,000.57678705,000.40
Tournament (k=2),Blend,Gaussian,0.74410,0.06226,000.00000000,000.00018606,000.00000572,000.11046254,000.29
Tournament (k=2),Blend,Gaussian,0.45020,0.02382,000.00000000,000.00042586,000.00013351,000.14191605,000.23
Tournament (k=2),Blend,Gaussian,0.76642,0.03686,000.00000000,000.00029216,000.00000000,000.26876503,000.26
Tournament (k=2),Blend,Gaussian,0.64187,0.03095,000.00000000,000.00000334,000.00000000,000.20906842,000.26
Tournament (k=2),Blend,Gaussian,0.70139,0.05228,000.00000000,000.00000691,000.00000000,000.17625843,000.24
Tournament (k=2),Blend,Gaussian,0.40000,0.08830,000.00000000,000.00017614,000.00015068,000.01844502,000.24
Tournament (k=2),Blend,Gaussian,0.42436,0.02599,000.00000000,000.00085993,000.00056839,000.14386867,000.23
Tournament (k=2),Blend,Gaussian,0.74410,0.17762,000.07700729,000.72946507,000.92495537,000.72928810,000.40
Tournament (k=2),Blend,Gaussian,0.81310,0.03095,000.00000000,000.00008759,000.00000000,000.26118267,000.27
Tournament (k=2),Blend,Gaussian,0.49195,0.12524,000.00067139,000.02960615,000.02902985,000.18071154,000.29
Tournament (k=2),Arithmetic,Uniform,0.91514,0.08092,000.00001144,000.00492239,000.00502396,000.10662588,000.25
Tournament (k=2),Blend,Gaussian,0.40000,0.27490,000.04348755,000.73805577,000.93164635,000.60761529,000.45
Tournament (k=2),Blend,Gaussian,0.78941,0.05705,000.00000000,000.00006557,000.00000000,000.12512301,000.27
Tournament (k=2),Blend,Gaussian,0.62318,0.04791,000.00000000,000.00000162,000.00000000,000.00358425,000.27
Tournament (k=2),Blend,Gaussian,0.58741,0.13667,000.00209045,000.15036373,000.17080307,000.35386819,000.37
Tournament (k=2),Blend,Gaussian,0.55369,0.04791,000.00000000,000.00000291,000.00000000,000.03197775,000.22
Tournament (k=2),Blend,Gaussian,0.46371,0.03686,000.00000000,000.00016460,000.00002861,000.08182687,000.20
Tournament (k=2),Blend,Gaussian,0.47762,0.08092,000.00000000,000.00005541,000.00004005,000.00810308,000.29
Tournament (k=2),Blend,Gaussian,0.60503,0.23084,000.03065872,000.98209924,001.26239014,000.76017731,000.41
Tournament (k=2),Blend,Gaussian,0.81310,0.09637,000.00021362,000.05637741,000.04446411,000.37601957,000.32
Tournament (k=2),Blend,Gaussian,0.72243,0.09637,000.00003433,000.04155188,000.03892899,000.29640174,000.30
Tournament (k=2),Blend,Gaussian,0.66113,0.16276,000.02650833,000.57876557,000.77783203,000.65470076,000.35
Tournament (k=2),Blend,Gaussian,0.64187,0.03378,000.00000000,000.00000172,000.00000000,000.09898134,000.28
Tournament (k=2),Blend,Gaussian,0.47762,0.02599,000.00000000,000.00029984,000.00005341,000.16975729,000.23
Tournament (k=2),Blend,Gaussian,0.70139,0.05705,000.00000000,000.00001702,000.00000000,000.12365831,000.29
Tournament (k=2),Blend,Gaussian,0.76642,0.04023,000.00000000,000.00001206,000.00000000,000.23350473,000.30
Tournament (k=2),Blend,Gaussian,0.42436,0.02837,000.00000000,000.00062623,000.00032806,000.09916978,000.28
Tournament (k=2),Blend,Gaussian,0.40000,0.09637,000.00000000,000.00034161,000.00026512,000.01109224,000.31
Tournament (k=2),Blend,Gaussian,0.53756,0.07415,000.00000000,000.00002584,000.00000763,000.00448585,000.24
Tournament (k=2),Blend,Gaussian,0.53756,0.02599,000.00000000,000.00009007,000.00000763,000.13936512,000.21
Tournament (k=2),Blend,Gaussian,0.45020,0.08092,000.00000000,000.00003572,000.00002670,000.00239869,000.25
Tournament (k=2),Blend,Gaussian,0.70139,0.16276,000.06243134,000.67072225,000.90397644,000.58471656,000.41
Tournament (k=2),Arithmetic,Uniform,0.97087,0.25191,000.17859650,001.78448033,002.21469688,001.18833756,000.24
Tournament (k=2),Blend,Gaussian,0.60503,0.02599,000.00000000,000.00001988,000.00000000,000.11885471,000.25
Tournament (k=2),Blend,Gaussian,0.57030,0.02837,000.00000000,000.00002947,000.00000000,000.00913948,000.23
Tournament (k=2),Blend,Gaussian,0.43709,0.14915,000.00612259,000.10736194,000.12561607,000.33518279,000.29
Tournament (k=2),Blend,Gaussian,0.62318,0.05228,000.00000000,000.00000391,000.00000000,000.09950838,000.29
Tournament (k=2),Blend,Gaussian,0.57030,0.08830,000.00000381,000.00053039,000.00033951,000.02821467,000.26
Tournament (k=2),Blend,Gaussian,0.50670,0.02382,000.00000000,000.00014296,000.00005341,000.14155735,000.23
Tournament (k=2),Blend,Gaussian,0.78941,0.17762,000.06023407,001.09108996,001.39870071,000.72286004,000.39
Tournament (k=2),Blend,Gaussian,0.68096,0.03095,000.00000000,000.00000339,000.00000000,000.09989499,000.26
Tournament (k=2),Blend,Gaussian,0.53756,0.02837,000.00000000,000.00004148,000.00000763,000.13924660,000.23
Tournament (k=2),Blend,Gaussian,0.53756,0.08092,000.00000000,000.00010557,000.00005722,000.01255352,000.26
Tournament (k=2),Blend,Gaussian,0.55369,0.14915,000.00242233,000.18584919,000.23107910,000.37107560,000.33
Tournament (k=2),Blend,Gaussian,0.45020,0.08830,000.00000000,000.00013814,000.00008965,000.00675690,000.28
Tournament (k=2),Blend,Gaussian,0.72243,0.30000,000.10784912,001.43444121,001.64893532,000.93272567,000.46
Tournament (k=2),Blend,Gaussian,0.81310,0.30000,000.27071381,001.75313449,002.13081169,000.91606832,000.47
Tournament (k=2),Blend,Gaussian,0.60503,0.25191,000.01319122,001.10951042,001.37638664,000.70377654,000.49
Tournament (k=2),Blend,Gaussian,0.72243,0.03095,000.00000000,000.00000210,000.00000000,000.24075815,000.22
Tournament (k=2),Blend,Gaussian,0.76642,0.10516,000.00077820,000.06260800,000.07851982,000.30693027,000.35
Tournament (k=2),Blend,Gaussian,0.60503,0.02837,000.00000000,000.00000587,000.00000000,000.16966599,000.25
Tournament (k=2),Blend,Gaussian,0.68096,0.08830,000.00000381,000.00175385,000.00166321,000.01746667,000.33
Tournament (k=2),Arithmetic,Uniform,0.97087,0.27490,000.09735870,002.07868123,002.49361420,001.19599080,000.28
Tournament (k=2),Blend,Gaussian,0.57030,0.03095,000.00000000,000.00001564,000.00000000,000.09909156,000.26
Tournament (k=2),Blend,Gaussian,0.64187,0.25191,000.10167694,001.10404897,001.36501694,000.76519555,000.44
Tournament (k=2),Blend,Gaussian,0.46371,0.14915,000.00155258,000.12957248,000.14448738,000.31955549,000.32
Tournament (k=2),Blend,Gaussian,0.70139,0.17762,000.03943634,000.59795684,000.68986893,000.66810894,000.42
Tournament (k=2),Blend,Gaussian,0.41200,0.04390,000.00000000,000.00027609,000.00008011,000.00838823,000.20
Tournament (k=2),Blend,Gaussian,0.42436,0.23084,000.01850510,000.64229429,000.77146912,000.59633094,000.33
Tournament (k=2),Blend,Gaussian,0.64187,0.09637,000.00001144,000.00744414,000.00504112,000.15629475,000.28
Tournament (k=2),Blend,Gaussian,0.60503,0.08830,000.00000381,000.00138440,000.00085068,000.04260667,000.30
Tournament (k=2),Blend,Gaussian,0.52190,0.04390,000.00000000,000.00000858,000.00000191,000.02403909,000.23
Tournament (k=2),Blend,Gaussian,0.41200,0.13667,000.00119019,000.04593701,000.05778313,000.17679672,000.28
Tournament (k=2),Blend,Gaussian,0.45020,0.02599,000.00000000,000.00021658,000.00011063,000.01408905,000.23
Tournament (k=2),Blend,Gaussian,0.72243,0.03378,000.00000000,000.00000482,000.00000000,000.36282727,000.27
Tournament (k=2),Blend,Gaussian,0.50670,0.08092,000.00000000,000.00009551,000.00004768,000.00536578,000.25
Tournament (k=2),Blend,Gaussian,0.83749,0.05705,000.00000000,000.00032926,000.00000954,000.22399485,000.33
Tournament (k=2),Blend,Gaussian,0.68096,0.30000,000.14999008,001.52427554,001.82182503,000.87805969,000.46
Tournament (k=2),Blend,Gaussian,0.52190,0.16276,000.00778198,000.27257848,000.29121590,000.50867510,000.50
Tournament (k=2),Blend,Gaussian,0.81310,0.03378,000.00000000,000.00091839,000.00000000,000.43050128,000.28
Tournament (k=2),Blend,Gaussian,0.86261,0.03378,000.00000000,000.00114236,000.00015450,000.40307438,000.22
Tournament (k=2),Blend,Gaussian,0.50670,0.23084,000.01111221,000.74372661,000.88930511,000.58642435,000.43
Tournament (k=2),Blend,Gaussian,0.62318,0.17762,000.01843262,000.53435075,000.56794357,000.74712116,000.43
Tournament (k=2),Blend,Gaussian,0.58741,0.04390,000.00000000,000.00000658,000.00000000,000.00168023,000.22
Tournament (k=2),Blend,Gaussian,0.83749,0.17762,000.07154083,001.01917171,001.23839378,000.79385042,000.41
Tournament (k=2),Blend,Gaussian,0.74410,0.19383,000.10323334,001.06739938,001.27618027,000.74964589,000.40
Tournament (k=2),Blend,Gaussian,0.55369,0.05228,000.00000000,000.00000396,000.00000000,000.00095855,000.22
Tournament (k=2),Blend,Gaussian,0.78941,0.06226,000.00000000,000.00023303,000.00001526,000.03589986,000.25
Tournament (k=2),Blend,Gaussian,0.47762,0.21153,000.06848145,000.45255059,000.51160049,000.53790396,000.37
Tournament (k=2),Blend,Gaussian,0.49195,0.13667,000.00191498,000.06182194,000.07458687,000.25383097,000.31
Tournament (k=2),Blend,Gaussian,0.76642,0.30000,000.15052795,001.77687144,002.02437592,000.95547217,000.50
Tournament (k=2),Blend,Gaussian,0.47762,0.08830,000.00000000,000.00018477,000.00012589,000.01821916,000.30
Tournament (k=2),Blend,Gaussian,0.41200,0.14915,000.00191116,000.07694187,000.08593941,000.22088805,000.32
Tournament (k=2),Blend,Gaussian,0.42436,0.08830,000.00000000,000.00016160,000.00012779,000.00241699,000.30
Tournament (k=2),Blend,Gaussian,0.58741,0.14915,000.02709961,000.26246899,000.28191185,000.36355317,000.37
Tournament (k=2),Blend,Gaussian,0.81310,0.10516,000.00343323,000.09409046,000.08355141,000.41622099,000.31
Tournament (k=2),Blend,Gaussian,0.72243,0.10516,000.00042343,000.04376941,000.04576874,000.23798209,000.30
Tournament (k=2),Blend,Gaussian,0.40000,0.30000,000.05502319,000.79466385,001.09034157,000.67919540,000.43
Tournament (k=2),Blend,Gaussian,0.47762,0.02837,000.00000000,000.00046759,000.00015450,000.10163628,000.24
Tournament (k=2),Blend,Gaussian,0.49195,0.05228,000.00000000,000.00000730,000.00000000,000.00068381,000.22
Tournament (k=2),Blend,Gaussian,0.64187,0.03686,000.00000000,000.00000114,000.00000000,000.00122282,000.27
Tournament (k=2),Blend,Gaussian,0.66113,0.17762,000.02317047,000.65269929,000.76216507,000.56957221,000.39
Tournament (k=2),Blend,Gaussian,0.58741,0.04791,000.00000000,000.00000157,000.00000000,000.13928661,000.27
Tournament (k=2),Blend,Gaussian,0.43709,0.05228,000.00000000,000.00004425,000.00001526,000.00096501,000.23
Tournament (k=2),Blend,Gaussian,0.76642,0.04390,000.00000000,000.00008268,000.00000000,000.25142607,000.28
Tournament (k=2),Blend,Gaussian,0.70139,0.06226,000.00000000,000.00001616,000.00000000,000.01575427,000.29
Tournament (k=2),Blend,Gaussian,0.86261,0.10516,000.00434875,000.11417055,000.11114120,000.40930828,000.30
Tournament (k=2),Blend,Gaussian,0.53756,0.03095,000.00000000,000.00003376,000.00000191,000.14498657,000.21
Tournament (k=2),Blend,Gaussian,0.53756,0.25191,000.03688431,000.83414030,001.06913185,000.72446662,000.35
Tournament (k=2),Blend,Gaussian,0.50670,0.02599,000.00000000,000.00007334,000.00001717,000.00462557,000.24
Tournament (k=2),Blend,Gaussian,0.43709,0.16276,000.01334381,000.18558364,000.18113136,000.36570153,000.31
Tournament (k=2),Blend,Gaussian,0.74410,0.21153,000.06013489,001.07937729,001.34608269,000.74385452,000.39
Tournament (k=2),Blend,Gaussian,0.62318,0.05705,000.00000000,000.00000677,000.00000000,000.08314490,000.29
Tournament (k=2),Blend,Gaussian,0.57030,0.09637,000.00002670,000.00265288,000.00223923,000.03674041,000.28
Tournament (k=2),Blend,Gaussian,0.68096,0.03378,000.00000000,000.00000467,000.00000000,000.16985103,000.26
Tournament (k=2),Blend,Gaussian,0.47762,0.23084,000.00838089,000.72469330,000.93621635,000.60064119,000.40
Tournament (k=2),Blend,Gaussian,0.49195,0.05705,000.00000000,000.00000582,000.00000000,000.00078481,000.24
Tournament (k=2),Blend,Gaussian,0.47762,0.03095,000.00000000,000.00011559,000.00003815,000.13930665,000.25
Tournament (k=2),Blend,Gaussian,0.74410,0.02000,000.00000000,000.00002594,000.00000000,000.33355671,000.26
Tournament (k=2),Blend,Gaussian,0.53756,0.08830,000.00000381,000.00066867,000.00049210,000.04627914,000.31
Tournament (k=2),Blend,Gaussian,0.83749,0.02000,000.00000000,000.03406105,000.00000000,000.51963770,000.26
Tournament (k=2),Blend,Gaussian,0.78941,0.19383,000.07324982,001.06388068,001.35754013,000.74403471,000.41
Tournament (k=2),Blend,Gaussian,0.76642,0.04791,000.00000000,000.00014167,000.00000000,000.17492248,000.29
Tournament (k=2),Blend,Gaussian,0.74410,0.06795,000.00000000,000.00030775,000.00003624,000.20144074,000.31
Tournament (k=2),Blend,Gaussian,0.68096,0.09637,000.00025177,000.01355748,000.01215935,000.24695015,000.29
Tournament (k=2),Blend,Gaussian,0.41200,0.04791,000.00000000,000.00010467,000.00005341,000.00639673,000.21
Tournament (k=2),Blend,Gaussian,0.57030,0.03378,000.00000000,000.00000949,000.00000000,000.09943965,000.25
Tournament (k=2),Blend,Gaussian,0.76642,0.11476,000.01119995,000.14772615,000.14215851,000.47971103,000.35
Tournament (k=2),Blend,Gaussian,0.60503,0.27490,000.06465530,001.25020242,001.61893463,000.77001810,000.38
Tournament (k=2),Blend,Gaussian,0.46371,0.04023,000.00000000,000.00011477,000.00004959,000.01751897,000.20
Tournament (k=2),Blend,Gaussian,0.64187,0.10516,000.00056076,000.02294393,000.02236938,000.25518310,000.28
Tournament (k=2),Blend,Gaussian,0.46371,0.16276,000.02361298,000.20924106,000.23145103,000.44162619,000.31
Tournament (k=2),Blend,Gaussian,0.45020,0.02837,000.00000000,000.00048308,000.00024605,000.10631100,000.23
Tournament (k=2),Blend,Gaussian,0.49195,0.06226,000.00000000,000.00001497,000.00000000,000.00203645,000.27
Tournament (k=2),Blend,Gaussian,0.60503,0.09637,000.00000763,000.00690207,000.00297928,000.10503539,000.32
Tournament (k=2),Blend,Gaussian,0.42436,0.25191,000.06605530,000.66575205,000.85650826,000.60192484,000.35
Tournament (k=2),Blend,Gaussian,0.72243,0.03686,000.00000000,000.00001016,000.00000000,000.28447023,000.27
Tournament (k=2),Blend,Gaussian,0.64187,0.27490,000.07447433,001.25024450,001.51739502,000.85303330,000.39
Tournament (k=2),Blend,Gaussian,0.57030,0.21153,000.03010941,000.68399686,000.80411148,000.65946281,000.41
Tournament (k=2),Blend,Gaussian,0.70139,0.19383,000.06496048,000.84161675,001.09050751,000.69899243,000.40
Tournament (k=2),Blend,Gaussian,0.70139,0.02000,000.00000000,000.00000143,000.00000000,000.29999223,000.25
Tournament (k=2),Blend,Gaussian,0.53756,0.09637,000.00000381,000.00139365,000.00146484,000.12993374,000.32
Tournament (k=2),Blend,Gaussian,0.86261,0.03686,000.00000000,000.00031080,000.00000000,000.38056880,000.23
Tournament (k=2),Blend,Gaussian,0.81310,0.03686,000.00000000,000.00038309,000.00000000,000.39453974,000.28
Tournament (k=2),Blend,Gaussian,0.42436,0.03095,000.00000000,000.00029039,000.00017548,000.03277886,000.24
Tournament (k=2),Blend,Gaussian,0.66113,0.04390,000.00000000,000.00000887,000.00000000,000.10018379,000.23
Tournament (k=2),Blend,Gaussian,0.55369,0.05705,000.00000000,000.00000587,000.00000000,000.00323337,000.24
Tournament (k=2),Blend,Gaussian,0.78941,0.06795,000.00000000,000.00038228,000.00008774,000.17092735,000.26
Tournament (k=2),Blend,Gaussian,0.52190,0.17762,000.01150513,000.39472103,000.36454391,000.56521022,000.42
Tournament (k=2),Blend,Gaussian,0.78941,0.02000,000.00000000,000.00002770,000.00000000,000.31322169,000.27
Tournament (k=2),Blend,Gaussian,0.78941,0.21153,000.04539490,001.16570222,001.35063362,000.75027281,000.49
Tournament (k=2),Blend,Gaussian,0.50670,0.25191,000.03865814,000.80130923,001.12434196,000.70743102,000.44
Tournament (k=2),Blend,Gaussian,0.83749,0.19383,000.11668777,001.31344819,001.64133263,000.80632162,000.36
Tournament (k=2),Blend,Gaussian,0.62318,0.19383,000.02384567,000.65975487,000.71999359,000.67407942,000.44
Tournament (k=2),Blend,Gaussian,0.42436,0.09637,000.00000000,000.00069847,000.00069237,000.01428395,000.29
Tournament (k=2),Blend,Gaussian,0.47762,0.09637,000.00000000,000.00065708,000.00056458,000.05156687,000.31
Tournament (k=2),Blend,Gaussian,0.88849,0.02000,000.00000000,000.00472441,000.00000000,000.43618476,000.28
Tournament (k=2),Blend,Gaussian,0.41200,0.16276,000.00224304,000.16238937,000.19218063,000.35238057,000.35
Tournament (k=2),Blend,Gaussian,0.45020,0.23084,000.04580688,000.55533588,000.57939911,000.60824049,000.38
Tournament (k=2),Blend,Gaussian,0.81310,0.11476,000.00359344,000.21429138,000.21668243,000.40303636,000.31
Tournament (k=2),Blend,Gaussian,0.49195,0.14915,000.00704193,000.11685781,000.12624168,000.36001077,000.40
Tournament (k=2),Blend,Gaussian,0.58741,0.05228,000.00000000,000.00000024,000.00000000,000.00591122,000.24
Tournament (k=2),Blend,Gaussian,0.55369,0.16276,000.01642227,000.30966526,000.27765656,000.46397471,000.33
Tournament (k=2),Blend,Gaussian,0.64187,0.04023,000.00000000,000.00000057,000.00000000,000.14373696,000.28
Tournament (k=2),Blend,Gaussian,0.72243,0.11476,000.00316620,000.12430410,000.13067055,000.37712890,000.38
Tournament (k=2),Blend,Gaussian,0.81310,0.04023,000.00000000,000.00039825,000.00000000,000.35511994,000.36
Tournament (k=2),Blend,Gaussian,0.43709,0.05705,000.00000000,000.00003228,000.00003242,000.00339993,000.24
Tournament (k=2),Blend,Gaussian,0.70139,0.21153,000.06895065,000.97619325,001.18257904,000.74729079,000.48
Tournament (k=2),Blend,Gaussian,0.50670,0.02837,000.00000000,000.00013704,000.00002861,000.00846823,000.21
Tournament (k=2),Blend,Gaussian,0.60503,0.03095,000.00000000,000.00000196,000.00000000,000.02369240,000.26
Tournament (k=2),Blend,Gaussian,0.53756,0.03378,000.00000000,000.00002456,000.00000381,000.09902459,000.25
Tournament (k=2),Blend,Gaussian,0.66113,0.19383,000.01931763,000.77443779,001.02642822,000.77698404,000.43
Tournament (k=2),Blend,Gaussian,0.86261,0.11476,000.00495529,000.20183782,000.20249939,000.47541505,000.31
Tournament (k=2),Blend,Gaussian,0.43709,0.17762,000.00317383,000.31337842,000.32976151,000.49913356,000.31
Tournament (k=2),Blend,Gaussian,0.62318,0.06226,000.00000000,000.00000310,000.00000000,000.10943781,000.29
Tournament (k=2),Blend,Gaussian,0.52190,0.04791,000.00000000,000.00002766,000.00000000,000.00176497,000.24
Tournament (k=2),Blend,Gaussian,0.47762,0.03378,000.00000000,000.00008869,000.00002861,000.00468687,000.22
Tournament (k=2),Blend,Gaussian,0.68096,0.03686,000.00000000,000.00000048,000.00000000,000.10063598,000.27
Tournament (k=2),Blend,Gaussian,0.74410,0.02183,000.00000000,000.00000548,000.00000000,000.36338010,000.26
Tournament (k=2),Blend,Gaussian,0.83749,0.02183,000.00000000,000.00053930,000.00000000,000.39406350,000.24
Tournament (k=2),Blend,Gaussian,0.53756,0.27490,000.05815125,001.05618215,001.37643814,000.78141809,000.44
Tournament (k=2),Blend,Gaussian,0.76642,0.05228,000.00000000,000.00003576,000.00000000,000.14863384,000.24
Tournament (k=2),Blend,Gaussian,0.83749,0.06226,000.00000000,000.00022821,000.00001907,000.11137653,000.25
Tournament (k=2),Blend,Gaussian,0.50670,0.08830,000.00000000,000.00018430,000.00012589,000.00594349,000.28
Tournament (k=2),Blend,Gaussian,0.74410,0.23084,000.16928864,001.36112452,001.59066772,000.78255665,000.43
Tournament (k=2),Blend,Gaussian,0.50670,0.27490,000.16967392,001.02347112,001.20504189,000.74607062,000.51
Tournament (k=2),Blend,Gaussian,0.47762,0.25191,000.02891541,000.74197710,000.96731186,000.68608850,000.40
Tournament (k=2),Blend,Gaussian,0.81310,0.12524,000.00885391,000.41912422,000.43847656,000.54471558,000.47
Tournament (k=2),Blend,Gaussian,0.57030,0.03686,000.00000000,000.00000544,000.00000000,000.11683410,000.24
Tournament (k=2),Blend,Gaussian,0.68096,0.10516,000.00077820,000.04374170,000.04331589,000.35196859,000.31
Tournament (k=2),Blend,Gaussian,0.74410,0.07415,000.00000000,000.00037479,000.00019073,000.14674224,000.32
Tournament (k=2),Blend,Gaussian,0.46371,0.04390,000.00000000,000.00001235,000.00000000,000.00158070,000.22
Tournament (k=2),Blend,Gaussian,0.60503,0.03378,000.00000000,000.00000143,000.00000000,000.08274336,000.27
Tournament (k=2),Blend,Gaussian,0.45020,0.03095,000.00000000,000.00019965,000.00007057,000.09918591,000.25
Tournament (k=2),Blend,Gaussian,0.49195,0.06795,000.00000000,000.00000753,000.00000763,000.00525035,000.26
Tournament (k=2),Blend,Gaussian,0.64187,0.11476,000.00157928,000.06010647,000.05117607,000.28982648,000.33
Tournament (k=2),Blend,Gaussian,0.76642,0.12524,000.01322937,000.24719182,000.24547195,000.42561147,000.38
Tournament (k=2),Blend,Gaussian,0.60503,0.10516,000.00009918,000.01925430,000.01561165,000.21305464,000.31
Tournament (k=2),Blend,Gaussian,0.72243,0.04023,000.00000000,000.00012860,000.00000000,000.22697781,000.30
Tournament (k=2),Blend,Gaussian,0.46371,0.17762,000.01124573,000.33696795,000.31703758,000.43714827,000.40
Tournament (k=2),Blend,Gaussian,0.70139,0.02183,000.00000000,000.00000763,000.00000000,000.27025101,000.26
Tournament (k=2),Blend,Gaussian,0.60503,0.30000,000.07977295,001.34382975,001.62039185,000.87867945,000.45
Tournament (k=2),Blend,Gaussian,0.86261,0.04023,000.00000000,000.00110455,000.00001335,000.41310114,000.23
Tournament (k=2),Blend,Gaussian,0.42436,0.27490,000.02555847,000.75192928,000.93267632,000.58672357,000.36
Tournament (k=2),Blend,Gaussian,0.53756,0.10516,000.00012207,000.01049600,000.00951385,000.19521292,000.28
Tournament (k=2),Blend,Gaussian,0.42436,0.03378,000.00000000,000.00025725,000.00011253,000.01034262,000.25
Tournament (k=2),Blend,Gaussian,0.88849,0.06226,000.00000000,000.00154190,000.00009155,000.17730898,000.32
Tournament (k=2),Blend,Gaussian,0.45020,0.09637,000.00000000,000.00080543,000.00067139,000.01353589,000.26
Tournament (k=2),Blend,Gaussian,0.66113,0.04791,000.00000000,000.00000329,000.00000000,000.14387529,000.24
Tournament (k=2),Blend,Gaussian,0.49195,0.07415,000.00000000,000.00001860,000.00000763,000.00998090,000.25
Tournament (k=2),Blend,Gaussian,0.58741,0.16276,000.01766205,000.33645454,000.32776070,000.52661794,000.43
Tournament (k=2),Blend,Gaussian,0.74410,0.25191,000.09777832,001.48451114,001.59182549,000.85706705,000.46
Tournament (k=2),Blend,Gaussian,0.64187,0.30000,000.28915405,001.36238647,001.64760399,000.76248449,000.50
Tournament (k=2),Blend,Gaussian,0.78941,0.02183,000.00000000,000.00020313,000.00000000,000.30109018,000.27
Tournament (k=2),Blend,Gaussian,0.70139,0.06795,000.00000000,000.00006328,000.00001907,000.00636649,000.27
Tournament (k=2),Blend,Gaussian,0.64187,0.12524,000.00243378,000.12153196,000.12865067,000.34791881,000.36
Tournament (k=2),Blend,Gaussian,0.42436,0.10516,000.00001526,000.00219803,000.00217056,000.04951821,000.27
Tournament (k=2),Blend,Gaussian,0.91514,0.03686,000.00000000,000.00564075,000.00001717,000.43621162,000.45
Tournament (k=2),Blend,Gaussian,0.88849,0.19383,000.01738739,001.29060709,001.55483627,000.83529270,000.51
Tournament (k=2),Blend,Gaussian,0.86261,0.04390,000.00000000,000.00147099,000.00000572,000.33409169,000.29
Tournament (k=2),Blend,Gaussian,0.88849,0.02183,000.00000000,000.00255022,000.00014687,000.40530407,000.28
Tournament (k=2),Blend,Gaussian,0.53756,0.11476,000.00077438,000.03156781,000.03317642,000.24392545,000.31
Tournament (k=2),Blend,Gaussian,0.52190,0.19383,000.00874329,000.51556349,000.57434082,000.66865355,000.40
Tournament (k=2),Blend,Gaussian,0.57030,0.10516,000.00018311,000.01297650,000.00902557,000.22005259,000.29
Tournament (k=2),Blend,Gaussian,0.83749,0.21153,000.06439209,001.18847668,001.36764908,000.89194280,000.40
Tournament (k=2),Blend,Gaussian,0.78941,0.23084,000.04328918,001.26018119,001.49226761,000.76516861,000.46
Tournament (k=2),Blend,Gaussian,0.58741,0.05705,000.00000000,000.00000634,000.00000000,000.02804303,000.24
Tournament (k=2),Blend,Gaussian,0.62318,0.21153,000.02917862,000.80006707,001.01322174,000.63428551,000.43
Tournament (k=2),Blend,Gaussian,0.42436,0.30000,000.01516724,000.94248044,001.20734787,000.67221916,000.42
Tournament (k=2),Blend,Gaussian,0.41200,0.17762,000.01171875,000.24589148,000.25431633,000.39071879,000.37
Tournament (k=2),Blend,Gaussian,0.94259,0.02183,000.00000000,000.09822383,000.00038147,000.58870798,000.22
Tournament (k=2),Blend,Gaussian,0.45020,0.25191,000.02686691,000.74755025,000.95949745,000.55520254,000.36
Tournament (k=2),Blend,Gaussian,0.64187,0.04390,000.00000000,000.00000172,000.00000000,000.10336686,000.28
Tournament (k=2),Blend,Gaussian,0.43709,0.06226,000.00000000,000.00001607,000.00001144,000.00641722,000.23
Tournament (k=2),Blend,Gaussian,0.91514,0.11476,000.00390244,000.35226113,000.31839371,000.61347771,000.34
Tournament (k=2),Blend,Gaussian,0.49195,0.16276,000.02423096,000.30178159,000.33406258,000.43573558,000.39
Tournament (k=2),Blend,Gaussian,0.81310,0.04390,000.00000000,000.00011616,000.00000000,000.36790890,000.29
Tournament (k=2),Blend,Gaussian,0.55369,0.17762,000.01179504,000.41103679,000.42524147,000.62945783,000.39
Tournament (k=2),Blend,Gaussian,0.50670,0.03095,000.00000000,000.00003972,000.00000763,000.00343319,000.24
Tournament (k=2),Blend,Gaussian,0.72243,0.12524,000.00535202,000.18078589,000.20855331,000.42386514,000.34
Tournament (k=2),Blend,Gaussian,0.53756,0.03686,000.00000000,000.00002408,000.00000000,000.13999666,000.25
Tournament (k=2),Blend,Gaussian,0.74410,0.02382,000.00000000,000.00010066,000.00000000,000.41508543,000.20
Tournament (k=2),Blend,Gaussian,0.52190,0.05228,000.00000000,000.00000343,000.00000000,000.00062281,000.23
Tournament (k=2),Blend,Gaussian,0.68096,0.04023,000.00000000,000.00000029,000.00000000,000.10705817,000.23
Tournament (k=2),Blend,Gaussian,0.47762,0.03686,000.00000000,000.00010548,000.00002098,000.07579800,000.25
Tournament (k=2),Blend,Gaussian,0.83749,0.02382,000.00000000,000.00022950,000.00000000,000.42100427,000.20
Tournament (k=2),Blend,Gaussian,0.62318,0.06795,000.00000000,000.00002365,000.00000381,000.00617082,000.29
Tournament (k=2),Blend,Gaussian,0.86261,0.12524,000.02191925,000.45420733,000.51483154,000.58593136,000.32
Tournament (k=2),Blend,Gaussian,0.43709,0.19383,000.04917526,000.39298218,000.39678001,000.46948302,000.32
Tournament (k=2),Blend,Gaussian,0.70139,0.23084,000.06713867,001.19550550,001.36878967,000.79588133,000.43
Tournament (k=2),Blend,Gaussian,0.52190,0.21153,000.04451752,000.60116047,000.60866547,000.61128807,000.39
Tournament (k=2),Blend,Gaussian,0.64187,0.04791,000.00000000,000.00000262,000.00000000,000.13982514,000.28
Tournament (k=2),Blend,Gaussian,0.66113,0.21153,000.05468750,000.93696511,001.22055817,000.81914723,000.41
Tournament (k=2),Blend,Gaussian,0.53756,0.30000,000.11008835,001.16384625,001.34429932,000.76823604,000.37
Tournament (k=2),Blend,Gaussian,0.57030,0.04023,000.00000000,000.00000215,000.00000000,000.16974892,000.21
Tournament (k=2),Blend,Gaussian,0.46371,0.04791,000.00000000,000.00004807,000.00001526,000.09940840,000.21
Tournament (k=2),Blend,Gaussian,0.53756,0.04023,000.00000000,000.00000648,000.00000000,000.00175295,000.26
Tournament (k=2),Blend,Gaussian,0.47762,0.27490,000.10309601,000.88228858,001.07534409,000.69782805,000.35
Tournament (k=2),Blend,Gaussian,0.68096,0.11476,000.00096130,000.07298350,000.07289124,000.33122471,000.30
Tournament (k=2),Blend,Gaussian,0.45020,0.03378,000.00000000,000.00019746,000.00006866,000.00475981,000.24
Tournament (k=2),Blend,Gaussian,0.55369,0.06226,000.00000000,000.00000486,000.00000000,000.00160648,000.24
Tournament (k=2),Blend,Gaussian,0.91514,0.12524,000.00468826,000.51840597,000.54950333,000.63769943,000.44
Tournament (k=2),Blend,Gaussian,0.60503,0.03686,000.00000000,000.00000629,000.00000000,000.09897728,000.26
Tournament (k=2),Blend,Gaussian,0.49195,0.17762,000.00670624,000.39992148,000.37902832,000.51945788,000.40
Tournament (k=2),Blend,Gaussian,0.57030,0.23084,000.04186249,000.91880739,001.28877831,000.75133508,000.40
Tournament (k=2),Blend,Gaussian,0.74410,0.08092,000.00000000,000.00194216,000.00114441,000.05435408,000.32
Tournament (k=2),Blend,Gaussian,0.78941,0.07415,000.00000000,000.00156169,000.00027657,000.12509915,000.27
Tournament (k=2),Blend,Gaussian,0.50670,0.30000,000.09584808,000.99807149,001.21641350,000.77778482,000.43
Tournament (k=2),Blend,Gaussian,0.72243,0.04390,000.00000000,000.00000234,000.00000000,000.19179726,000.24
Tournament (k=2),Blend,Gaussian,0.60503,0.11476,000.00056839,000.04387297,000.04459000,000.36562321,000.29
Tournament (k=2),Blend,Gaussian,0.62318,0.02000,000.00000000,000.00013709,000.00000000,000.27073362,000.20
Tournament (k=2),Blend,Gaussian,0.76642,0.13667,000.02401733,000.40854478,000.43199348,000.57095760,000.37
Tournament (k=2),Blend,Gaussian,0.55369,0.02000,000.00000000,000.00009823,000.00001526,000.19557883,000.26
Tournament (k=2),Blend,Gaussian,0.57030,0.04390,000.00000000,000.00000553,000.00000000,000.03374947,000.26
Tournament (k=2),Blend,Gaussian,0.46371,0.19383,000.01592636,000.37150282,000.41620827,000.47086200,000.37
Tournament (k=2),Blend,Gaussian,0.66113,0.05228,000.00000000,000.00000043,000.00000000,000.00185856,000.24
Tournament (k=2),Blend,Gaussian,0.45020,0.10516,000.00002289,000.00432296,000.00322342,000.07027536,000.26
Tournament (k=2),Blend,Gaussian,0.88849,0.06795,000.00000000,000.00284486,000.00037193,000.16556713,000.27
Tournament (k=2),Blend,Gaussian,0.47762,0.10516,000.00003815,000.00449424,000.00472069,000.11228821,000.31
Tournament (k=2),Blend,Gaussian,0.60503,0.04023,000.00000000,000.00000553,000.00000000,000.11769633,000.30
Tournament (k=2),Blend,Gaussian,0.70139,0.07415,000.00000000,000.00034628,000.00007629,000.06370194,000.26
Tournament (k=2),Blend,Gaussian,0.94259,0.06795,000.00000000,000.00652719,000.00091553,000.17018431,000.32
Tournament (k=2),Blend,Gaussian,0.78941,0.02382,000.00000000,000.00000420,000.00000000,000.32022899,000.29
Tournament (k=2),Blend,Gaussian,0.86261,0.04791,000.00000000,000.00278406,000.00000000,000.37127411,000.24
Tournament (k=2),Blend,Gaussian,0.78941,0.08092,000.00000000,000.00163317,000.00095749,000.12284858,000.30
Tournament (k=2),Blend,Gaussian,0.97087,0.04023,000.00000000,000.00276351,000.00065804,000.40796685,000.29
Tournament (k=2),Blend,Gaussian,0.91514,0.04023,000.00000000,000.00147772,000.00001717,000.55297208,000.30
Tournament (k=2),Blend,Gaussian,0.88849,0.02382,000.00000000,000.04113364,000.00019455,000.47460592,000.22
Tournament (k=2),Blend,Gaussian,0.41200,0.05228,000.00000000,000.00006089,000.00002289,000.00162537,000.21
Tournament (k=2),Blend,Gaussian,0.49195,0.19383,000.01016617,000.43376517,000.46600723,000.57652992,000.38
Tournament (k=2),Blend,Gaussian,0.94259,0.21153,000.17544937,001.55515635,001.90310669,000.88924479,000.42
Tournament (k=2),Blend,Gaussian,0.74410,0.27490,000.27917480,001.51770747,001.78103256,000.71776283,000.46
Tournament (k=2),Blend,Gaussian,0.53756,0.12524,000.00064850,000.05409074,000.06613922,000.19523413,000.30
Tournament (k=2),Blend,Gaussian,0.43709,0.02000,000.00000000,000.00204363,000.00050926,000.21658048,000.18
Tournament (k=2),Blend,Gaussian,0.66113,0.05705,000.00000000,000.00001688,000.00000000,000.03788714,000.28
Tournament (k=2),Blend,Gaussian,0.88849,0.21153,000.06186676,001.50490320,001.76083565,000.81585538,000.44
Tournament (k=2),Blend,Gaussian,0.60503,0.04390,000.00000000,000.00000324,000.00000000,000.11655293,000.25
Tournament (k=2),Blend,Gaussian,0.88849,0.07415,000.00000000,000.00375843,000.00205612,000.17145137,000.30
Tournament (k=2),Blend,Gaussian,0.45020,0.11476,000.00007629,000.01133685,000.01033783,000.09962919,000.30
Tournament (k=2),Blend,Gaussian,0.94259,0.02382,000.00000000,000.01399465,000.00022316,000.53826684,000.22
Tournament (k=2),Blend,Gaussian,0.78941,0.02599,000.00000000,000.00039120,000.00000000,000.41347760,000.29
Tournament (k=2),Blend,Gaussian,1.00000,0.02382,000.00000000,000.10162716,000.00059319,000.56345695,000.23
Tournament (k=2),Blend,Gaussian,0.46371,0.21153,000.02341461,000.57804984,000.62472916,000.59710234,000.40
Tournament (k=2),Blend,Gaussian,0.83749,0.06795,000.00000000,000.00133324,000.00015831,000.36808985,000.27
Tournament (k=2),Blend,Gaussian,0.50670,0.09637,000.00000000,000.00089531,000.00087166,000.10277073,000.26
Tournament (k=2),Blend,Gaussian,0.76642,0.05705,000.00000000,000.00008745,000.00000381,000.14053816,000.30
Tournament (k=2),Blend,Gaussian,0.97087,0.12524,000.00289917,000.58554745,000.66002274,000.64786059,000.35
Tournament (k=2),Blend,Gaussian,0.81310,0.04791,000.00000000,000.00015941,000.00000000,000.20246659,000.29
Tournament (k=2),Blend,Gaussian,0.62318,0.23084,000.05199432,001.09419537,001.39192200,000.72203708,000.42
Tournament (k=2),Blend,Gaussian,0.78941,0.25191,000.15336227,001.45727110,001.70399475,000.80662614,000.46
Tournament (k=2),Blend,Gaussian,0.50670,0.03378,000.00000000,000.00002866,000.00000381,000.00246461,000.25
Tournament (k=2),Blend,Gaussian,0.45020,0.27490,000.03067398,000.82362807,001.06951332,000.76095468,000.38
Tournament (k=2),Blend,Gaussian,0.74410,0.02599,000.00000000,000.00005512,000.00000000,000.35488144,000.22
Tournament (k=2),Blend,Gaussian,0.68096,0.04390,000.00000000,000.00000086,000.00000000,000.01096459,000.23
Tournament (k=2),Blend,Gaussian,0.55369,0.19383,000.02226639,000.57413739,000.60777855,000.61961478,000.34
Tournament (k=2),Blend,Gaussian,0.47762,0.04023,000.00000000,000.00009494,000.00004196,000.00339025,000.25
Tournament (k=2),Blend,Gaussian,0.94259,0.02599,000.00000000,000.03464913,000.00045776,000.56235915,000.25
Tournament (k=2),Blend,Gaussian,0.60503,0.04791,000.00000000,000.00000033,000.00000000,000.09902049,000.30
Tournament (k=2),Blend,Gaussian,0.62318,0.07415,000.00000000,000.00004435,000.00002289,000.01633548,000.30
Tournament (k=2),Blend,Gaussian,0.72243,0.13667,000.00671005,000.37121764,000.40938759,000.51547492,000.37
Tournament (k=2),Blend,Gaussian,1.00000,0.07415,000.00005341,000.01167188,000.00559235,000.25317439,000.27
Tournament (k=2),Blend,Gaussian,0.81310,0.13667,000.00794983,000.43212280,000.51186562,000.64625448,000.38
Tournament (k=2),Blend,Gaussian,0.78941,0.02837,000.00000000,000.00016088,000.00000000,000.32757580,000.29
Tournament (k=2),Blend,Gaussian,0.64187,0.05228,000.00000000,000.00000029,000.00000000,000.06251941,000.24
Tournament (k=2),Blend,Gaussian,0.46371,0.05228,000.00000000,000.00000815,000.00000191,000.00366204,000.23
Tournament (k=2),Blend,Gaussian,0.70139,0.02382,000.00000000,000.00000634,000.00000000,000.22154817,000.26
Tournament (k=2),Blend,Gaussian,0.53756,0.04390,000.00000000,000.00000811,000.00000000,000.03692141,000.26
Tournament (k=2),Blend,Gaussian,0.45020,0.03686,000.00000000,000.00016794,000.00008774,000.09893780,000.24
Tournament (k=2),Blend,Gaussian,0.70139,0.25191,000.13609314,001.35988021,001.53485870,000.80515432,000.40
Tournament (k=2),Blend,Gaussian,0.68096,0.12524,000.01728058,000.18165131,000.21128845,000.47708523,000.31
Tournament (k=2),Blend,Gaussian,0.68096,0.04791,000.00000000,000.00000467,000.00000000,000.14805795,000.29
Tournament (k=2),Blend,Gaussian,0.52190,0.23084,000.00352097,000.66420066,000.80570221,000.57975364,000.42
Tournament (k=2),Blend,Gaussian,0.52190,0.02000,000.00000000,000.00037074,000.00007248,000.25616878,000.19
Tournament (k=2),Blend,Gaussian,0.66113,0.02000,000.00000000,000.00001783,000.00000000,000.29050565,000.25
Tournament (k=2),Blend,Gaussian,0.66113,0.23084,000.05132294,001.10604882,001.37209702,000.72680712,000.42
Tournament (k=2),Blend,Gaussian,0.47762,0.30000,000.01936722,001.00746369,001.25695419,000.70069313,000.38
Tournament (k=2),Blend,Gaussian,0.62318,0.02183,000.00000000,000.00004745,000.00000000,000.24740469,000.20
Tournament (k=2),Blend,Gaussian,0.74410,0.08830,000.00001907,000.00637898,000.00360489,000.09266902,000.27
Tournament (k=2),Blend,Gaussian,0.55369,0.02183,000.00000000,000.00006933,000.00000381,000.24063088,000.19
Tournament (k=2),Blend,Gaussian,0.91514,0.13667,000.02948761,000.64050925,000.76917648,000.60705858,000.37
Tournament (k=2),Blend,Gaussian,0.72243,0.04791,000.00000000,000.00001197,000.00000000,000.17298131,000.29
Tournament (k=2),Blend,Gaussian,0.46371,0.05705,000.00000000,000.00002646,000.00000763,000.00092396,000.28
Tournament (k=2),Blend,Gaussian,0.57030,0.25191,000.04685974,000.91553098,001.22097397,000.70988691,000.38
Tournament (k=2),Blend,Gaussian,0.58741,0.17762,000.02471542,000.55294955,000.61425018,000.57906002,000.42
Tournament (k=2),Blend,Gaussian,0.70139,0.02599,000.00000000,000.00000830,000.00000000,000.34943134,000.26
Tournament (k=2),Blend,Gaussian,0.60503,0.12524,000.00238037,000.07081838,000.07569885,000.31429780,000.35
Tournament (k=2),Blend,Gaussian,0.72243,0.14915,000.04017639,000.47188935,000.44406891,000.60666955,000.41
Tournament (k=2),Blend,Gaussian,0.58741,0.06226,000.00000000,000.00000205,000.00000000,000.02371963,000.24
Tournament (k=2),Blend,Gaussian,0.57030,0.04791,000.00000000,000.00000110,000.00000000,000.00138513,000.28
Tournament (k=2),Blend,Gaussian,0.57030,0.11476,000.00187683,000.03609500,000.03668594,000.17414027,000.28
Tournament (k=2),Blend,Gaussian,0.86261,0.05228,000.00000000,000.00168624,000.00005722,000.22162250,000.24
Tournament (k=2),Blend,Gaussian,0.70139,0.08092,000.00000000,000.00137630,000.00040436,000.04618897,000.27
Tournament (k=2),Blend,Gaussian,0.49195,0.02000,000.00000000,000.00029030,000.00005531,000.20580964,000.26
Tournament (k=2),Blend,Gaussian,0.88849,0.02599,000.00000000,000.00060577,000.00000191,000.45496646,000.21
Tournament (k=2),Blend,Gaussian,0.41200,0.05705,000.00000000,000.00004158,000.00001526,000.00183501,000.22
Tournament (k=2),Blend,Gaussian,0.97087,0.04390,000.00000000,000.00251760,000.00007629,000.41316897,000.30
Tournament (k=2),Blend,Gaussian,0.47762,0.11476,000.00014496,000.01463265,000.01301193,000.12380462,000.36
Tournament (k=2),Blend,Gaussian,0.94259,0.07415,000.00000763,000.00494461,000.00264359,000.15634373,000.33
Tournament (k=2),Blend,Gaussian,0.91514,0.04390,000.00000000,000.00116282,000.00000381,000.45977902,000.29
Tournament (k=2),Blend,Gaussian,0.83749,0.23084,000.17491531,001.61368752,001.90308189,000.78832346,000.42
Tournament (k=2),Blend,Gaussian,0.66113,0.06226,000.00000000,000.00001383,000.00000000,000.07557240,000.24
Tournament (k=2),Blend,Uniform,0.40000,0.04390,000.00000000,000.00100608,000.00048637,000.15217432,000.18
Tournament (k=2),Blend,Gaussian,0.49195,0.21153,000.01551819,000.52012342,000.62594986,000.59186727,000.40
Tournament (k=2),Blend,Gaussian,0.49195,0.02183,000.00000000,000.00011754,000.00004578,000.10401569,000.22
Tournament (k=2),Blend,Gaussian,1.00000,0.02599,000.00000000,000.00205345,000.00057411,000.43940991,000.22
Tournament (k=2),Blend,Gaussian,0.58741,0.06795,000.00000000,000.00000806,000.00000000,000.00905325,000.29
Tournament (k=2),Blend,Gaussian,0.52190,0.05705,000.00000000,000.00000472,000.00000000,000.01257511,000.27
Tournament (k=2),Blend,Gaussian,0.53756,0.13667,000.00392151,000.09329138,000.09182167,000.34362593,000.38
Tournament (k=2),Blend,Gaussian,0.57030,0.05228,000.00000000,000.00000577,000.00000000,000.00141974,000.29
Tournament (k=2),Blend,Uniform,0.40000,0.13667,000.02266693,000.50991476,000.54108047,000.68558609,000.24
Tournament (k=2),Blend,Gaussian,0.83749,0.02599,000.00000000,000.00222111,000.00000000,000.40631339,000.27
Tournament (k=2),Blend,Gaussian,0.86261,0.05705,000.00000000,000.00115657,000.00018311,000.31570944,000.29
Tournament (k=2),Blend,Gaussian,0.94259,0.23084,000.21686554,001.65370178,001.84886551,000.80788207,000.42
Tournament (k=2),Blend,Gaussian,0.83749,0.07415,000.00000381,000.00147882,000.00065994,000.19751611,000.26
Tournament (k=2),Blend,Gaussian,0.74410,0.30000,000.06678772,001.69987392,001.94073868,000.86625522,000.46
Tournament (k=2),Blend,Gaussian,1.00000,0.23084,000.14004517,001.90836644,002.23565292,001.02727854,000.42
Tournament (k=2),Blend,Gaussian,0.86261,0.13667,000.00844193,000.65598810,000.83163071,000.62353545,000.34
Tournament (k=2),Blend,Gaussian,0.50670,0.10516,000.00014114,000.00767074,000.00597382,000.14928429,000.27
Tournament (k=2),Blend,Gaussian,0.76642,0.06226,000.00000000,000.00025048,000.00000763,000.21085085,000.30
Tournament (k=2),Blend,Gaussian,0.74410,0.02837,000.00000000,000.00000052,000.00000000,000.21734969,000.21
Tournament (k=2),Blend,Gaussian,0.81310,0.05228,000.00000000,000.00115767,000.00002289,000.29439157,000.28
Tournament (k=2),Blend,Uniform,0.41200,0.02599,000.00000000,000.01645551,000.00333595,000.38662875,000.21
Tournament (k=2),Blend,Gaussian,0.50670,0.03686,000.00000000,000.00003791,000.00000763,000.09895065,000.25
Tournament (k=2),Blend,Gaussian,0.55369,0.06795,000.00000000,000.00001054,000.00000000,000.00854120,000.24
Tournament (k=2),Blend,Gaussian,0.60503,0.05228,000.00000000,000.00000095,000.00000000,000.00646515,000.27
Tournament (k=2),Blend,Gaussian,0.97087,0.13667,000.06281281,000.80435979,001.06326675,000.72349185,000.37
Tournament (k=2),Blend,Gaussian,0.94259,0.02837,000.00000000,000.01270700,000.00099564,000.42237645,000.28
Tournament (k=2),Blend,Gaussian,0.62318,0.08092,000.00000000,000.00024529,000.00016975,000.02825688,000.30
Tournament (k=2),Blend,Gaussian,0.64187,0.13667,000.01321411,000.17115870,000.17664719,000.43060625,000.31
Tournament (k=2),Blend,Gaussian,0.45020,0.30000,000.02895355,000.93801785,001.22805786,000.72751695,000.36
Tournament (k=2),Blend,Gaussian,0.81310,0.14915,000.01225281,000.65598506,000.70474434,000.61713129,000.33
Tournament (k=2),Blend,Gaussian,0.55369,0.21153,000.06591034,000.61375248,000.73807716,000.56255418,000.39
Tournament (k=2),Blend,Gaussian,0.78941,0.27490,000.08275223,001.48942292,001.76140976,000.89460272,000.42
Tournament (k=2),Blend,Gaussian,0.62318,0.25191,000.16325378,001.06496179,001.33235359,000.66497380,000.46
Tournament (k=2),Blend,Gaussian,0.76642,0.02000,000.00000000,000.00006351,000.00000000,000.30315626,000.38
Tournament (k=2),Blend,Gaussian,0.74410,0.03095,000.00000000,000.00004091,000.00000000,000.25788206,000.24
Tournament (k=2),Blend,Gaussian,0.50670,0.04023,000.00000000,000.00001330,000.00000191,000.11453591,000.25
Tournament (k=2),Blend,Gaussian,0.76642,0.06795,000.00000000,000.00068817,000.00009537,000.18225519,000.32
Tournament (k=2),Blend,Gaussian,0.68096,0.05228,000.00000000,000.00000162,000.00000000,000.08278626,000.24
Tournament (k=2),Blend,Gaussian,0.76642,0.14915,000.02201843,000.54486859,000.61415482,000.59147578,000.41
Tournament (k=2),Blend,Gaussian,0.66113,0.02183,000.00000000,000.00000687,000.00000000,000.29356572,000.20
Tournament (k=2),Blend,Gaussian,0.62318,0.02382,000.00000000,000.00001154,000.00000000,000.23215710,000.20
Tournament (k=2),Blend,Gaussian,0.94259,0.25191,000.11069870,001.80782759,002.20559502,000.92056972,000.46
Tournament (k=2),Blend,Gaussian,0.68096,0.13667,000.01560974,000.29200163,000.22629738,000.56620365,000.31
Tournament (k=2),Blend,Gaussian,0.55369,0.02382,000.00000000,000.00010438,000.00001526,000.19198859,000.20
Tournament (k=2),Blend,Gaussian,1.00000,0.25191,000.12174225,002.00985646,002.31600189,000.97333801,000.50
Tournament (k=2),Blend,Gaussian,0.78941,0.08830,000.00007629,000.01007161,000.00679398,000.15006702,000.28
Tournament (k=2),Blend,Gaussian,0.94259,0.03095,000.00000000,000.04165583,000.00037384,000.54270649,000.32
Tournament (k=2),Blend,Gaussian,0.46371,0.06226,000.00000000,000.00000925,000.00000000,000.03548765,000.23
Tournament (k=2),Blend,Gaussian,0.52190,0.25191,000.06388092,000.86885703,001.02391624,000.71077555,000.40
Tournament (k=2),Blend,Gaussian,0.74410,0.09637,000.00046539,000.03617749,000.03200912,000.25879189,000.33
Tournament (k=2),Blend,Gaussian,0.70139,0.27490,000.04890442,001.43053365,001.66711426,000.79871154,000.47
Tournament (k=2),Blend,Gaussian,0.70139,0.02837,000.00000000,000.00000072,000.00000000,000.10111251,000.26
Tournament (k=2),Blend,Gaussian,0.72243,0.05228,000.00000000,000.00001731,000.00000000,000.24060445,000.35
Tournament (k=2),Blend,Gaussian,0.66113,0.25191,000.02285767,001.04593515,001.29636765,000.74820489,000.42
Tournament (k=2),Blend,Uniform,0.41200,0.08092,000.00000000,000.00082498,000.00036430,000.14552008,000.21
Tournament (k=2),Blend,Gaussian,0.91514,0.14915,000.01204681,000.86002463,001.14964867,000.73673064,000.39
Tournament (k=2),Blend,Gaussian,0.60503,0.13667,000.00433350,000.16964059,000.16054916,000.44810978,000.30
Tournament (k=2),Blend,Gaussian,0.88849,0.08092,000.00008011,000.02154255,000.00869179,000.25017601,000.27
Tournament (k=2),Blend,Gaussian,0.70139,0.08830,000.00005341,000.00382528,000.00310326,000.18705371,000.27
Tournament (k=2),Blend,Gaussian,0.57030,0.12524,000.00012207,000.07872758,000.08475876,000.24667938,000.29
Tournament (k=2),Blend,Gaussian,0.88849,0.02837,000.00000000,000.00118036,000.00000381,000.41061664,000.28
Tournament (k=2),Blend,Gaussian,0.72243,0.16276,000.04991913,000.58473521,000.68972969,000.61978167,000.34
Tournament (k=2),Blend,Gaussian,0.62318,0.27490,000.09785843,001.22728717,001.35468102,000.81743610,000.43
Tournament (k=2),Blend,Gaussian,0.58741,0.19383,000.03020477,000.58973265,000.61189842,000.60649967,000.43
Tournament (k=2),Blend,Gaussian,0.97087,0.04791,000.00000000,000.00240593,000.00000191,000.31920177,000.32
Tournament (k=2),Blend,Gaussian,0.66113,0.06795,000.00000000,000.00001316,000.00000763,000.14040458,000.26
Tournament (k=2),Blend,Gaussian,0.94259,0.08092,000.00019455,000.01210999,000.00722694,000.20570287,000.34
Tournament (k=2),Blend,Gaussian,0.47762,0.12524,000.00067902,000.03293381,000.03256416,000.17614241,000.36
Tournament (k=2),Blend,Gaussian,0.88849,0.23084,000.10264587,001.59403837,001.87942123,000.91376364,000.46
Tournament (k=2),Blend,Gaussian,0.70139,0.03095,000.00000000,000.00000095,000.00000000,000.19084521,000.26
Tournament (k=2),Blend,Uniform,0.41200,0.08830,000.00000000,000.00361757,000.00279617,000.11239360,000.25
Tournament (k=2),Blend,Uniform,0.41200,0.25191,000.17498016,002.10612988,002.34230995,001.06988800,000.33
Tournament (k=2),Blend,Gaussian,0.72243,0.05705,000.00000000,000.00003347,000.00000000,000.18588704,000.31
Tournament (k=2),Blend,Gaussian,0.52190,0.06226,000.00000000,000.00000300,000.00000000,000.00378146,000.24
Tournament (k=2),Blend,Gaussian,0.58741,0.07415,000.00000000,000.00008936,000.00001907,000.08180887,000.26
Tournament (k=2),Blend,Gaussian,0.83749,0.25191,000.16571808,001.72934783,002.11360741,000.83491796,000.40
Tournament (k=2),Blend,Uniform,0.42436,0.04791,000.00000000,000.00095563,000.00054741,000.10023697,000.21
Tournament (k=2),Blend,Gaussian,1.00000,0.02837,000.00000000,000.03047943,000.00020218,000.56561828,000.29
Tournament (k=2),Blend,Uniform,0.40000,0.14915,000.01151657,000.72001237,000.87562752,000.72336382,000.26
Tournament (k=2),Blend,Gaussian,0.70139,0.09637,000.00021362,000.01224217,000.01263046,000.13420735,000.34
Tournament (k=2),Blend,Gaussian,0.83749,0.02837,000.00000000,000.00060225,000.00000000,000.39553303,000.24
Tournament (k=2),Blend,Gaussian,0.60503,0.14915,000.01818466,000.21427231,000.22449875,000.39303830,000.38
Tournament (k=2),Blend,Gaussian,0.53756,0.14915,000.00295258,000.18857503,000.18290520,000.45797083,000.32
Tournament (k=2),Blend,Gaussian,0.66113,0.27490,000.09249878,001.33262324,001.60094261,000.83429140,000.46
Tournament (k=2),Blend,Gaussian,0.49195,0.23084,000.02593994,000.70488811,000.86632156,000.63392830,000.41
Tournament (k=2),Blend,Gaussian,0.86261,0.06226,000.00000000,000.00675302,000.00019646,000.25305784,000.27
Tournament (k=2),Blend,Gaussian,0.91514,0.16276,000.10694122,001.19673038,001.46155930,000.69483185,000.46
Tournament (k=2),Blend,Gaussian,0.70139,0.03378,000.00000000,000.00000067,000.00000000,000.13052413,000.26
Tournament (k=2),Blend,Gaussian,0.83749,0.08092,000.00000000,000.00640864,000.00444794,000.28460816,000.27
Tournament (k=2),Blend,Uniform,0.42436,0.14915,000.03379822,000.78540421,001.03304672,000.79404032,000.30
Tournament (k=2),Blend,Gaussian,0.78941,0.03095,000.00000000,000.00000811,000.00000000,000.29465130,000.27
Tournament (k=2),Blend,Gaussian,0.64187,0.05705,000.00000000,000.00000658,000.00000000,000.11896089,000.29
Tournament (k=2),Blend,Uniform,0.41200,0.02837,000.00000000,000.02090073,000.00598335,000.40460974,000.21
Tournament (k=2),Blend,Gaussian,0.72243,0.06226,000.00000000,000.00011997,000.00000191,000.19876772,000.28
Tournament (k=2),Blend,Uniform,0.43709,0.02837,000.00000000,000.01940904,000.00581741,000.38600254,000.22
Tournament (k=2),Blend,Gaussian,0.52190,0.06795,000.00000000,000.00000749,000.00000000,000.00056747,000.27
Tournament (k=2),Blend,Uniform,0.42436,0.05228,000.00000000,000.00079136,000.00066757,000.21647279,000.26
Tournament (k=2),Blend,Gaussian,0.52190,0.02183,000.00000000,000.00015521,000.00002098,000.10532832,000.20
Tournament (k=2),Blend,Gaussian,0.81310,0.05705,000.00000000,000.00030646,000.00000572,000.17241749,000.30
Tournament (k=2),Blend,Gaussian,0.55369,0.07415,000.00000000,000.00002413,000.00001526,000.00158725,000.25
Tournament (k=2),Blend,Gaussian,0.60503,0.05705,000.00000000,000.00001025,000.00000000,000.00478398,000.28
Tournament (k=2),Blend,Uniform,0.43709,0.08830,000.00000000,000.00310760,000.00243950,000.18738520,000.27
Tournament (k=2),Blend,Gaussian,0.46371,0.02000,000.00000000,000.00109892,000.00080299,000.19463539,000.21
Tournament (k=2),Blend,Gaussian,0.83749,0.03095,000.00000000,000.00045257,000.00000000,000.37090001,000.30
Tournament (k=2),Blend,Gaussian,0.62318,0.08830,000.00000000,000.00076361,000.00068283,000.01653700,000.31
Tournament (k=2),Blend,Gaussian,0.74410,0.03378,000.00000000,000.00000057,000.00000000,000.27835679,000.22
Tournament (k=2),Blend,Gaussian,0.50670,0.04390,000.00000000,000.00000973,000.00000000,000.00246917,000.22
Tournament (k=2),Blend,Gaussian,0.76642,0.02183,000.00000000,000.00008512,000.00000000,000.28394493,000.26
Tournament (k=2),Blend,Gaussian,0.64187,0.14915,000.01041412,000.38847727,000.40227127,000.62780958,000.36
Tournament (k=2),Blend,Gaussian,0.81310,0.16276,000.08456421,000.61805058,000.68811798,000.61998177,000.34
Tournament (k=2),Blend,Gaussian,0.76642,0.07415,000.00000000,000.00065365,000.00018311,000.04496989,000.26
Tournament (k=2),Blend,Gaussian,0.52190,0.02382,000.00000000,000.00032477,000.00019455,000.16572262,000.23
Tournament (k=2),Blend,Uniform,0.42436,0.05705,000.00000000,000.00051918,000.00020790,000.10292939,000.24
Tournament (k=2),Blend,Gaussian,0.55369,0.23084,000.02990723,000.76737559,000.96858025,000.65476137,000.36
Tournament (k=2),Blend,Gaussian,0.68096,0.05705,000.00000000,000.00000505,000.00000000,000.11054532,000.29
Tournament (k=2),Blend,Gaussian,0.57030,0.27490,000.07793045,001.19744515,001.28808784,000.79081213,000.38
Tournament (k=2),Blend,Gaussian,0.55369,0.08092,000.00000000,000.00015259,000.00007439,000.00761766,000.28
Tournament (k=2),Blend,Uniform,0.43709,0.09637,000.00006866,000.02364416,000.01700401,000.27216107,000.25
Tournament (k=2),Blend,Gaussian,0.81310,0.06226,000.00000000,000.00077748,000.00002098,000.09835318,000.31
Tournament (k=2),Blend,Gaussian,0.46371,0.06795,000.00000000,000.00001502,000.00000763,000.00137251,000.23
Tournament (k=2),Blend,Gaussian,0.78941,0.30000,000.48799133,001.86558759,002.20665550,000.88924032,000.47
Tournament (k=2),Blend,Gaussian,0.76642,0.16276,000.07863617,000.84196866,001.14154053,000.59414339,000.39
Tournament (k=2),Blend,Gaussian,0.94259,0.03378,000.00000000,000.00525661,000.00060844,000.41274384,000.29
Tournament (k=2),Blend,Uniform,0.40000,0.04791,000.00000000,000.00149016,000.00059319,000.22443782,000.20
Tournament (k=2),Blend,Gaussian,0.49195,0.02382,000.00000000,000.00028052,000.00007248,000.13992783,000.19
Tournament (k=2),Blend,Gaussian,0.78941,0.09637,000.00013733,000.03929081,000.04090500,000.18069595,000.35
Tournament (k=2),Blend,Uniform,0.43709,0.27490,000.58084106,002.37965274,002.67849541,001.13391066,000.37
Tournament (k=2),Blend,Gaussian,0.88849,0.03095,000.00000000,000.00148311,000.00002861,000.39078796,000.23
Tournament (k=2),Blend,Gaussian,0.91514,0.04791,000.00000000,000.00191102,000.00005913,000.27190247,000.31
Tournament (k=2),Blend,Gaussian,0.62318,0.09637,000.00007629,000.00523734,000.00516891,000.15059192,000.33
Tournament (k=2),Blend,Uniform,0.45020,0.05228,000.00000000,000.00069427,000.00022888,000.14154580,000.23
Tournament (k=2),Blend,Gaussian,0.88849,0.08830,000.00054550,000.04344006,000.04320717,000.28706181,000.29
Tournament (k=2),Blend,Gaussian,0.57030,0.13667,000.00364685,000.12129698,000.14147949,000.35455424,000.35
Tournament (k=2),Blend,Gaussian,0.66113,0.07415,000.00000000,000.00010257,000.00007248,000.02120299,000.26
Tournament (k=2),Blend,Uniform,0.46371,0.03095,000.00000000,000.00597358,000.00112534,000.33202371,000.20
Tournament (k=2),Blend,Gaussian,0.72243,0.17762,000.05536652,000.74779761,001.01250839,000.69926834,000.36
Tournament (k=2),Blend,Gaussian,0.97087,0.05228,000.00000000,000.00107198,000.00000572,000.22805874,000.31
Tournament (k=2),Blend,Uniform,0.41200,0.09637,000.00000381,000.01260057,000.01230431,000.24938467,000.23
Tournament (k=2),Blend,Gaussian,0.70139,0.30000,000.17979431,001.39416361,001.62719917,000.88882095,000.46
Tournament (k=2),Blend,Gaussian,1.00000,0.08092,000.00040436,000.05415654,000.04913139,000.36705011,000.28
Tournament (k=2),Blend,Uniform,0.45020,0.16276,000.07289886,001.18807983,001.38440514,000.87136441,000.31
Tournament (k=2),Blend,Gaussian,0.58741,0.21153,000.02327728,000.79122096,001.05844116,000.65372777,000.39
Tournament (k=2),Blend,Gaussian,0.94259,0.08830,000.00025940,000.03489399,000.03528595,000.24690159,000.34
Tournament (k=2),Blend,Gaussian,0.62318,0.30000,000.10176468,001.35438728,001.64469719,000.85486382,000.45
Tournament (k=2),Blend,Uniform,0.45020,0.05705,000.00000000,000.00046434,000.00015450,000.09921011,000.25
Tournament (k=2),Blend,Gaussian,0.78941,0.10516,000.00166702,000.07643457,000.06843567,000.30516437,000.33
Tournament (k=2),Blend,Gaussian,0.50670,0.11476,000.00008011,000.01665359,000.01677704,000.21395786,000.28
Tournament (k=2),Blend,Gaussian,0.53756,0.04791,000.00000000,000.00000286,000.00000000,000.00067960,000.27
Tournament (k=2),Blend,Uniform,0.43709,0.30000,000.34942245,002.52619314,002.82408142,001.36516321,000.34
Tournament (k=2),Blend,Gaussian,0.76642,0.17762,000.09371185,000.99076968,001.24892998,000.71947348,000.40
Tournament (k=2),Blend,Gaussian,0.86261,0.14915,000.06633377,000.77678639,000.95458603,000.73660702,000.36
Tournament (k=2),Blend,Gaussian,0.62318,0.10516,000.00052643,000.02382722,000.02381706,000.24625418,000.35
Tournament (k=2),Blend,Uniform,0.40000,0.16276,000.02764893,000.98857003,001.20820618,000.90524852,000.26
Tournament (k=2),Blend,Gaussian,1.00000,0.03095,000.00000000,000.00148435,000.00023651,000.38594010,000.29
Tournament (k=2),Blend,Gaussian,0.70139,0.10516,000.00129318,000.03523297,000.03395653,000.35924315,000.30
Tournament (k=2),Blend,Uniform,0.46371,0.09637,000.00001526,000.02154822,000.02209663,000.32539043,000.27
Tournament (k=2),Blend,Gaussian,0.86261,0.06795,000.00000000,000.00290689,000.00012970,000.15279424,000.29
Tournament (k=2),Blend,Gaussian,0.64187,0.02000,000.00000000,000.00004473,000.00000000,000.21692352,000.26
Tournament (k=2),Blend,Gaussian,0.83749,0.08830,000.00042725,000.03142200,000.02669525,000.31329453,000.28
Tournament (k=2),Blend,Uniform,0.41200,0.03095,000.00000000,000.00466895,000.00202560,000.32156298,000.22
Tournament (k=2),Blend,Uniform,0.43709,0.03095,000.00000000,000.00310907,000.00167274,000.24205491,000.22
Tournament (k=2),Blend,Uniform,0.45020,0.06226,000.00000000,000.00018177,000.00008392,000.14106892,000.25
Tournament (k=2),Blend,Gaussian,0.60503,0.16276,000.01673889,000.42333812,000.44430351,000.56683689,000.38
Tournament (k=2),Blend,Gaussian,0.97087,0.14915,000.07880783,001.08874214,001.36879539,000.74136806,000.41
Tournament (k=2),Blend,Gaussian,0.66113,0.30000,000.09977722,001.50824773,001.85074997,000.80407017,000.40
Tournament (k=2),Blend,Gaussian,0.72243,0.06795,000.00000000,000.00020332,000.00001526,000.13195482,000.26
Tournament (k=2),Blend,Gaussian,0.66113,0.02382,000.00000000,000.00002975,000.00000000,000.20975681,000.21
Tournament (k=2),Blend,Gaussian,0.62318,0.02599,000.00000000,000.00000620,000.00000000,000.21710584,000.21
Tournament (k=2),Blend,Gaussian,0.64187,0.06226,000.00000000,000.00000963,000.00000000,000.04593098,000.29
Tournament (k=2),Blend,Gaussian,0.52190,0.07415,000.00000000,000.00003319,000.00001144,000.02886383,000.26
Tournament (k=2),Blend,Gaussian,0.78941,0.11476,000.00585556,000.17324524,000.18184280,000.45503670,000.35
Tournament (k=2),Blend,Gaussian,0.55369,0.02599,000.00000000,000.00004616,000.00000191,000.09897791,000.21
Tournament (k=2),Blend,Gaussian,0.58741,0.23084,000.05839920,000.92393732,001.19028282,000.77843100,000.44
Tournament (k=2),Blend,Gaussian,0.91514,0.17762,000.06781769,001.18825841,001.33025551,000.79775167,000.47
Tournament (k=2),Blend,Gaussian,1.00000,0.03378,000.00000000,000.01381240,000.00045586,000.56301767,000.31
Tournament (k=2),Blend,Gaussian,0.46371,0.02183,000.00000000,000.00053563,000.00027084,000.12091852,000.20
Tournament (k=2),Blend,Uniform,0.46371,0.10516,000.00057983,000.07376890,000.06065559,000.39943606,000.28
Tournament (k=2),Blend,Gaussian,0.52190,0.02599,000.00000000,000.00004187,000.00000381,000.09897428,000.20
Tournament (k=2),Blend,Gaussian,0.83749,0.03378,000.00000000,000.00536590,000.00000191,000.44034246,000.28
Tournament (k=2),Blend,Gaussian,0.76642,0.02382,000.00000000,000.00000997,000.00000000,000.27008265,000.26
Tournament (k=2),Blend,Gaussian,0.74410,0.03686,000.00000000,000.00004516,000.00000000,000.38211477,000.27
Tournament (k=2),Blend,Uniform,0.42436,0.06226,000.00000000,000.00034952,000.00018501,000.01759396,000.24
Tournament (k=2),Blend,Gaussian,0.70139,0.11476,000.00402069,000.08140292,000.07757187,000.35624167,000.38
Tournament (k=2),Blend,Gaussian,0.76642,0.08092,000.00000381,000.00466480,000.00209999,000.06925587,000.27
Tournament (k=2),Blend,Gaussian,0.55369,0.02837,000.00000000,000.00001168,000.00000000,000.01034764,000.21
Tournament (k=2),Blend,Gaussian,0.74410,0.10516,000.00152588,000.06110039,000.06122208,000.37543404,000.35
Tournament (k=2),Blend,Uniform,0.46371,0.30000,001.06147003,002.75185132,003.09335327,001.18561196,000.35
Tournament (k=2),Blend,Gaussian,0.68096,0.06226,000.00000000,000.00001216,000.00000000,000.02810208,000.30
Tournament (k=2),Blend,Uniform,0.47762,0.05705,000.00000000,000.00007839,000.00004005,000.02332245,000.22
Tournament (k=2),Blend,Gaussian,0.81310,0.06795,000.00000000,000.00096626,000.00012970,000.18605880,000.27
Tournament (k=2),Blend,Gaussian,0.81310,0.17762,000.14770508,000.96814996,001.17607880,000.72385055,000.38
Tournament (k=2),Blend,Gaussian,1.00000,0.03686,000.00000000,000.00230427,000.00017738,000.46170226,000.27
Tournament (k=2),Blend,Gaussian,0.81310,0.02000,000.00000000,000.00050750,000.00000000,000.40936235,000.26
Tournament (k=2),Blend,Gaussian,0.64187,0.16276,000.03553772,000.53983963,000.60223961,000.60830259,000.41
Tournament (k=2),Blend,Gaussian,0.55369,0.25191,000.10320663,000.95114195,001.19597054,000.79326046,000.40
Tournament (k=2),Blend,Gaussian,0.57030,0.30000,000.07518387,001.11807323,001.32003403,000.87689996,000.38
Tournament (k=2),Blend,Uniform,0.40000,0.05228,000.00000000,000.00213037,000.00114250,000.26571250,000.20
Tournament (k=2),Blend,Gaussian,0.78941,0.12524,000.00730133,000.27752256,000.25464439,000.50827885,000.37
Tournament (k=2),Blend,Uniform,0.42436,0.06795,000.00000000,000.00053229,000.00037003,000.13918532,000.26
Tournament (k=2),Blend,Gaussian,0.94259,0.03686,000.00000000,000.00426745,000.00004768,000.46350983,000.29
Tournament (k=2),Blend,Gaussian,0.58741,0.08092,000.00000000,000.00014400,000.00007439,000.10799802,000.26
Tournament (k=2),Blend,Uniform,0.41200,0.27490,000.15335846,002.23323202,002.53822327,001.23389614,000.34
Tournament (k=2),Blend,Gaussian,0.88849,0.09637,000.00057220,000.07918783,000.06950378,000.51261306,000.29
Tournament (k=2),Blend,Gaussian,0.66113,0.08092,000.00000000,000.00080028,000.00035477,000.11662691,000.26
Tournament (k=2),Blend,Gaussian,0.70139,0.12524,000.00337219,000.13610443,000.15051270,000.42630064,000.36
Tournament (k=2),Blend,Uniform,0.41200,0.10516,000.00035858,000.05475626,000.04673386,000.35587734,000.24
Tournament (k=2),Blend,Gaussian,0.68096,0.06795,000.00000000,000.00003395,000.00000572,000.12613250,000.29
Tournament (k=2),Blend,Uniform,0.40000,0.05705,000.00000000,000.00052919,000.00034523,000.09989382,000.21
Tournament (k=2),Blend,Gaussian,0.72243,0.02000,000.00000000,000.00004091,000.00000000,000.37156999,000.26
Tournament (k=2),Blend,Gaussian,0.57030,0.14915,000.00501633,000.24342518,000.26317406,000.44233418,000.34
Tournament (k=2),Blend,Gaussian,0.88849,0.25191,000.08705139,001.72643566,002.08172035,000.94870609,000.45
Tournament (k=2),Blend,Gaussian,1.00000,0.08830,000.00177765,000.06713824,000.06095123,000.34505168,000.29
Tournament (k=2),Blend,Gaussian,0.97087,0.05705,000.00000000,000.00170937,000.00003624,000.21670181,000.31
Tournament (k=2),Blend,Gaussian,0.70139,0.03686,000.00000000,000.00002093,000.00000000,000.19758952,000.27
Tournament (k=2),Blend,Gaussian,0.83749,0.27490,000.27885818,001.79734826,002.21556664,000.91602188,000.41
Tournament (k=2),Blend,Uniform,0.45020,0.17762,000.04586792,001.27522004,001.55369949,000.85396361,000.31
Tournament (k=2),Blend,Uniform,0.42436,0.16276,000.10831451,001.19596076,001.38154984,000.91457015,000.31
Tournament (k=2),Blend,Uniform,0.42436,0.07415,000.00000000,000.00043874,000.00031090,000.13985714,000.26
Tournament (k=2),Blend,Uniform,0.45020,0.02000,000.00000000,000.03223782,000.00293922,000.47769091,000.22
Tournament (k=2),Blend,Gaussian,0.50670,0.12524,000.00180054,000.04666381,000.04530907,000.31947786,000.30
Tournament (k=2),Blend,Gaussian,0.72243,0.19383,000.02723312,000.79912877,001.03201675,000.66235948,000.46
Tournament (k=2),Blend,Uniform,0.47762,0.17762,000.12133026,001.41399074,001.59583664,000.96704811,000.32
Tournament (k=2),Blend,Uniform,0.49195,0.03378,000.00000000,000.00133529,000.00034714,000.30353954,000.23
Tournament (k=2),Blend,Uniform,0.40000,0.17762,000.04243469,001.26709294,001.47574234,000.96130645,000.27
Tournament (k=2),Blend,Uniform,0.41200,0.03378,000.00000000,000.00463376,000.00183678,000.20187749,000.22
Tournament (k=2),Blend,Uniform,0.43709,0.03378,000.00000000,000.00573215,000.00286484,000.28773838,000.22
Tournament (k=2),Blend,Gaussian,0.86261,0.07415,000.00000381,000.00219626,000.00059700,000.08751938,000.27
Tournament (k=2),Blend,Uniform,0.49195,0.10516,000.00079346,000.17468457,000.12536049,000.52999461,000.28
Tournament (k=2),Blend,Uniform,0.45020,0.06795,000.00000000,000.00026231,000.00015450,000.10399055,000.25
Tournament (k=2),Blend,Gaussian,0.86261,0.16276,000.04634094,000.99531996,001.29433823,000.72121972,000.37
Tournament (k=2),Blend,Gaussian,0.68096,0.14915,000.04443359,000.45924601,000.51948166,000.71352571,000.33
Tournament (k=2),Blend,Gaussian,0.76642,0.19383,000.12398148,001.06606841,001.33607292,000.77285314,000.41
Tournament (k=2),Blend,Gaussian,0.68096,0.02000,000.00000000,000.00001469,000.00000000,000.25654054,000.24
Tournament (k=2),Blend,Gaussian,1.00000,0.09637,000.00814056,000.15144496,000.15026855,000.49462292,000.36
Tournament (k=2),Blend,Uniform,0.50670,0.02000,000.00000000,000.13449797,000.00560760,000.49299455,000.23
Tournament (k=2),Blend,Gaussian,0.94259,0.27490,000.45518875,002.13484120,002.40119934,000.80548775,000.44
Tournament (k=2),Blend,Gaussian,0.72243,0.07415,000.00000000,000.00051584,000.00016403,000.02400367,000.27
Tournament (k=2),Blend,Gaussian,1.00000,0.27490,000.26882553,002.20955133,002.48450661,000.95086539,000.43
Tournament (k=2),Blend,Gaussian,0.60503,0.17762,000.01346588,000.55810434,000.60840416,000.55280918,000.38
Tournament (k=2),Blend,Gaussian,0.97087,0.16276,000.04167557,001.13232207,001.28846359,000.82421541,000.37
Tournament (k=2),Blend,Uniform,0.49195,0.03686,000.00000000,000.00124145,000.00019264,000.34311196,000.26
Tournament (k=2),Blend,Uniform,0.41200,0.03686,000.00000000,000.00494785,000.00137711,000.25412202,000.21
Tournament (k=2),Blend,Gaussian,0.50670,0.13667,000.00315094,000.06496324,000.07271194,000.23740256,000.35
Tournament (k=2),Blend,Uniform,0.50670,0.06226,000.00000000,000.00015869,000.00008011,000.05734316,000.22
Tournament (k=2),Blend,Uniform,0.52190,0.03686,000.00000000,000.00126395,000.00032234,000.33485216,000.21
Tournament (k=2),Blend,Uniform,0.40000,0.19383,000.14384079,001.40044117,001.52014160,000.91087925,000.32
Tournament (k=2),Blend,Uniform,0.46371,0.11476,000.00094604,000.19239321,000.13741302,000.48917326,000.29
Tournament (k=2),Blend,Uniform,0.53756,0.02183,000.00000000,000.10392503,000.00049591,000.52071631,000.19
Tournament (k=2),Blend,Uniform,0.50670,0.19383,000.02623749,001.95351088,002.29224014,000.87717563,000.33
Tournament (k=2),Blend,Gaussian,0.83749,0.03686,000.00000000,000.00049748,000.00000572,000.44452131,000.29
Tournament (k=2),Blend,Gaussian,0.72243,0.21153,000.02819061,001.01181793,001.19880676,000.75525981,000.46
Tournament (k=2),Blend,Gaussian,0.88849,0.03378,000.00000000,000.00212378,000.00020981,000.34815803,000.23
Tournament (k=2),Blend,Gaussian,0.76642,0.02599,000.00000000,000.00001249,000.00000000,000.38576683,000.27
Tournament (k=2),Blend,Uniform,0.47762,0.02000,000.00000000,000.08009467,000.00600433,000.46817267,000.22
Tournament (k=2),Blend,Gaussian,0.74410,0.04023,000.00000000,000.00002637,000.00000000,000.15248182,000.28
Tournament (k=2),Blend,Gaussian,0.58741,0.25191,000.10037613,000.96645498,001.23258781,000.77515942,000.41
Tournament (k=2),Blend,Uniform,0.47762,0.06226,000.00000000,000.00019398,000.00007629,000.17268755,000.21
Tournament (k=2),Blend,Uniform,0.49195,0.04023,000.00000000,000.00050917,000.00016594,000.19701552,000.24
Tournament (k=2),Blend,Gaussian,0.91514,0.19383,000.01479340,001.45146775,001.76973724,000.87974542,000.43
Tournament (k=2),Blend,Uniform,0.52190,0.11476,000.00330353,000.43278342,000.41650009,000.63188756,000.29
Tournament (k=2),Blend,Gaussian,0.91514,0.05228,000.00000000,000.00073838,000.00000763,000.14941609,000.30
Tournament (k=2),Blend,Gaussian,1.00000,0.04023,000.00000000,000.00219555,000.00072098,000.33348632,000.24
Tournament (k=2),Blend,Gaussian,0.81310,0.02183,000.00000000,000.00044212,000.00000000,000.38939941,000.26
Tournament (k=2),Blend,Gaussian,0.81310,0.07415,000.00000000,000.00144911,000.00043488,000.15247926,000.32
Tournament (k=2),Blend,Gaussian,0.58741,0.02000,000.00000000,000.00010142,000.00000000,000.26451173,000.20
Tournament (k=2),Blend,Gaussian,0.81310,0.19383,000.06160355,001.22076952,001.45374107,000.74657702,000.37
Tournament (k=2),Blend,Uniform,0.47762,0.06795,000.00000000,000.00018549,000.00006294,000.12106866,000.22
Tournament (k=2),Blend,Gaussian,0.74410,0.11476,000.00195312,000.19100204,000.19444847,000.45642003,000.46
Tournament (k=2),Blend,Gaussian,0.78941,0.03378,000.00000000,000.00018282,000.00000000,000.36734685,000.28
Tournament (k=2),Blend,Gaussian,0.64187,0.17762,000.03514099,000.69811034,000.96103668,000.67439795,000.34
Tournament (k=2),Blend,Gaussian,0.58741,0.08830,000.00000000,000.00107737,000.00071335,000.10349107,000.26
Tournament (k=2),Blend,Gaussian,0.94259,0.04023,000.00000000,000.00094600,000.00000763,000.34635592,000.29
Tournament (k=2),Blend,Gaussian,0.74410,0.04390,000.00000000,000.00004644,000.00000191,000.28251064,000.29
Tournament (k=2),Blend,Uniform,0.53756,0.06795,000.00000000,000.00013604,000.00006104,000.15425609,000.26
Tournament (k=2),Blend,Gaussian,0.55369,0.27490,000.05113602,001.16921842,001.50288010,000.89348400,000.37
Tournament (k=2),Blend,Uniform,0.40000,0.06226,000.00000000,000.00103545,000.00061226,000.14343584,000.20
Tournament (k=2),Blend,Gaussian,0.78941,0.13667,000.02128220,000.45249051,000.48331070,000.47231698,000.33
Tournament (k=2),Blend,Gaussian,0.94259,0.09637,000.00284576,000.12494908,000.13561630,000.39057338,000.36
Tournament (k=2),Blend,Uniform,0.49195,0.04390,000.00000000,000.00062604,000.00007629,000.23045376,000.31
Tournament (k=2),Blend,Uniform,0.52190,0.12524,000.02621460,000.55694115,000.61512756,000.76166731,000.30
Tournament (k=2),Blend,Gaussian,0.91514,0.05705,000.00000000,000.00061626,000.00000572,000.29193965,000.32
Tournament (k=2),Blend,Gaussian,0.72243,0.02183,000.00000000,000.00000567,000.00000000,000.30899575,000.26
Tournament (k=2),Blend,Gaussian,0.58741,0.27490,000.04264450,001.20110810,001.42302322,000.77556741,000.42
Tournament (k=2),Blend,Uniform,0.53756,0.21153,000.09290314,002.23296118,002.65555573,001.13303268,000.34
Tournament (k=2),Blend,Gaussian,1.00000,0.04390,000.00000000,000.00355597,000.00015450,000.37235716,000.36
Tournament (k=2),Blend,Gaussian,0.62318,0.02837,000.00000000,000.00000510,000.00000000,000.14025991,000.21
Tournament (k=2),Blend,Gaussian,0.66113,0.02599,000.00000000,000.00000830,000.00000000,000.19485626,000.21
Tournament (k=2),Blend,Gaussian,0.83749,0.09637,000.00101852,000.04901872,000.04529762,000.36262482,000.29
Tournament (k=2),Blend,Gaussian,0.70139,0.04023,000.00000000,000.00000515,000.00000000,000.20503169,000.28
Tournament (k=2),Blend,Uniform,0.42436,0.08092,000.00000000,000.00121369,000.00074577,000.17279476,000.25
Tournament (k=2),Blend,Gaussian,0.57030,0.16276,000.02067566,000.39335877,000.38917542,000.54975992,000.40
Tournament (k=2),Blend,Uniform,0.55369,0.04023,000.00000000,000.00014400,000.00003052,000.27970317,000.27
Tournament (k=2),Blend,Gaussian,0.97087,0.06226,000.00000000,000.00156369,000.00013351,000.18938817,000.32
Tournament (k=2),Blend,Gaussian,0.52190,0.08092,000.00000000,000.00006719,000.00004578,000.03012340,000.25
Tournament (k=2),Blend,Uniform,0.42436,0.17762,000.08596420,001.18312562,001.49979210,000.89491403,000.31
Tournament (k=2),Blend,Uniform,0.45020,0.19383,000.03214264,001.61354923,001.83759880,000.94948339,000.32
Tournament (k=2),Blend,Gaussian,0.55369,0.08830,000.00000000,000.00038524,000.00021362,000.01257362,000.26
Tournament (k=2),Blend,Uniform,0.43709,0.10516,000.00013733,000.06280670,000.06815147,000.34474581,000.23
Tournament (k=2),Blend,Uniform,0.47762,0.19383,000.30247879,001.69416547,001.90737724,000.99698949,000.32
Tournament (k=2),Blend,Uniform,0.43709,0.03686,000.00000000,000.00500507,000.00181580,000.29777032,000.23
Tournament (k=2),Blend,Uniform,0.45020,0.07415,000.00000000,000.00038548,000.00016975,000.19554935,000.25
Tournament (k=2),Blend,Gaussian,0.88849,0.27490,000.20001221,001.68803287,002.01381683,000.83624023,000.46
Tournament (k=2),Blend,Gaussian,0.83749,0.30000,000.27342606,001.94328713,002.26660538,001.02381992,000.43
Tournament (k=2),Blend,Gaussian,0.86261,0.08092,000.00002289,000.01015334,000.00572205,000.20764641,000.28
Tournament (k=2),Blend,Uniform,0.49195,0.11476,000.00253296,000.29076442,000.23387146,000.58935207,000.29
Tournament (k=2),Blend,Gaussian,0.62318,0.03095,000.00000000,000.00000062,000.00000000,000.13926443,000.24
Tournament (k=2),Blend,Gaussian,0.68096,0.02183,000.00000000,000.00000052,000.00000000,000.27908427,000.22
Tournament (k=2),Blend,Gaussian,1.00000,0.04791,000.00000000,000.00389595,000.00179672,000.35526836,000.31
Tournament (k=2),Blend,Uniform,0.57030,0.02382,000.00000000,000.08801451,000.00056458,000.43429238,000.19
Tournament (k=2),Blend,Uniform,0.50670,0.02183,000.00000000,000.11628556,000.00262070,000.51852208,000.23
Tournament (k=2),Blend,Uniform,0.46371,0.03378,000.00000000,000.00423183,000.00042915,000.31407231,000.18
Tournament (k=2),Blend,Uniform,0.41200,0.04023,000.00000000,000.00328135,000.00195885,000.22465096,000.18
Tournament (k=2),Blend,Uniform,0.55369,0.12524,000.03917313,000.76483381,001.07894897,000.81103528,000.30
Tournament (k=2),Blend,Gaussian,0.83749,0.10516,000.00382614,000.14642096,000.13444328,000.43903270,000.35
Tournament (k=2),Blend,Uniform,0.43709,0.04023,000.00000000,000.00134254,000.00045013,000.26412451,000.24
Tournament (k=2),Blend,Uniform,0.52190,0.04023,000.00000000,000.00061107,000.00017738,000.31910974,000.20
Tournament (k=2),Blend,Uniform,0.50670,0.06795,000.00000000,000.00053477,000.00023079,000.17963888,000.22
Tournament (k=2),Blend,Uniform,0.53756,0.02382,000.00000000,000.00757542,000.00027466,000.44686252,000.19
Tournament (k=2),Blend,Gaussian,0.76642,0.21153,000.22063446,001.19486392,001.43584633,000.74935669,000.43
Tournament (k=2),Blend,Uniform,0.47762,0.02183,000.00000000,000.13822265,000.01171684,000.50866109,000.17
Tournament (k=2),Blend,Gaussian,0.86261,0.02000,000.00000000,000.08844552,000.00000191,000.57828337,000.28
Tournament (k=2),Blend,Gaussian,0.94259,0.30000,000.52911377,002.14493060,002.43894005,000.93392730,000.42
Tournament (k=2),Blend,Uniform,0.45020,0.21153,000.23861694,001.82198107,002.05473900,001.13789499,000.39
Tournament (k=2),Blend,Uniform,0.46371,0.12524,000.01762390,000.53363055,000.57184410,000.71194112,000.29
Tournament (k=2),Blend,Gaussian,0.88849,0.03686,000.00000000,000.00149593,000.00014877,000.40986741,000.23
Tournament (k=2),Blend,Gaussian,0.97087,0.17762,000.23611069,001.42205238,001.65738678,000.84723359,000.41
Tournament (k=2),Blend,Uniform,0.57030,0.07415,000.00000000,000.00167542,000.00044823,000.17867906,000.24
Tournament (k=2),Blend,Gaussian,0.83749,0.04023,000.00000000,000.00042639,000.00000000,000.29402530,000.28
Tournament (k=2),Blend,Uniform,0.50670,0.21153,000.30736160,002.07614493,002.41503716,001.17644489,000.33
Tournament (k=2),Blend,Gaussian,1.00000,0.30000,000.33663940,002.29175782,002.63623428,001.10008347,000.49
Tournament (k=2),Blend,Gaussian,0.58741,0.02183,000.00000000,000.00004511,000.00000763,000.19503668,000.19
Tournament (k=2),Blend,Uniform,0.41200,0.11476,000.00319290,000.10851803,000.11358070,000.39055708,000.24
Tournament (k=2),Blend,Uniform,0.47762,0.07415,000.00000000,000.00064316,000.00024414,000.14001375,000.22
Tournament (k=2),Blend,Uniform,0.41200,0.30000,000.47633362,002.55655766,002.84610176,001.14654124,000.34
Tournament (k=2),Blend,Gaussian,0.81310,0.02382,000.00000000,000.00010529,000.00000000,000.29520854,000.26
Tournament (k=2),Blend,Gaussian,0.72243,0.23084,000.10797501,001.15794647,001.46775246,000.83407748,000.43
Tournament (k=2),Blend,Gaussian,0.88849,0.10516,000.00485229,000.13790031,000.13883591,000.45154330,000.36
Tournament (k=2),Blend,Gaussian,0.81310,0.08092,000.00000381,000.00880823,000.00203705,000.22106329,000.32
Tournament (k=2),Blend,Gaussian,0.88849,0.04023,000.00000000,000.00297503,000.00000572,000.46054006,000.25
Tournament (k=2),Blend,Gaussian,0.78941,0.03686,000.00000000,000.00012469,000.00000000,000.30300826,000.28
Tournament (k=2),Blend,Uniform,0.45020,0.02183,000.00000000,000.02388849,000.00612640,000.47235197,000.22
Tournament (k=2),Blend,Gaussian,0.81310,0.21153,000.05039978,001.14109445,001.43099022,000.77435118,000.37
Tournament (k=2),Blend,Gaussian,0.74410,0.12524,000.00947952,000.24065104,000.24485016,000.47799858,000.31
Tournament (k=2),Blend,Uniform,0.40000,0.02000,000.00000000,000.14849153,000.02879715,000.53474975,000.21
Tournament (k=2),Blend,Gaussian,0.83749,0.11476,000.00539398,000.20527367,000.21359634,000.39686918,000.41
Tournament (k=2),Blend,Gaussian,0.94259,0.04390,000.00000000,000.00119982,000.00000763,000.31938300,000.29
Tournament (k=2),Blend,Gaussian,0.91514,0.21153,000.13077164,001.62785470,001.91072464,000.88458157,000.42
Tournament (k=2),Blend,Uniform,0.53756,0.07415,000.00000000,000.00092726,000.00032425,000.20388509,000.26
Tournament (k=2),Blend,Gaussian,0.64187,0.19383,000.06847000,000.75740629,000.96620178,000.69495595,000.34
Tournament (k=2),Blend,Uniform,0.47762,0.08092,000.00000000,000.00143347,000.00071907,000.26371083,000.24
Tournament (k=2),Blend,Uniform,0.57030,0.23084,000.50542450,002.77757502,003.15820694,001.19744349,000.33
Tournament (k=2),Blend,Uniform,0.41200,0.12524,000.00934601,000.22682229,000.23092842,000.51100308,000.28
Tournament (k=2),Blend,Gaussian,0.81310,0.02599,000.00000000,000.00004649,000.00000000,000.31329989,000.28
Tournament (k=2),Blend,Uniform,0.52190,0.13667,000.09659195,001.09614730,001.27636337,000.82319772,000.27
Tournament (k=2),Blend,Gaussian,0.78941,0.14915,000.06777191,000.63457549,000.74160767,000.69414520,000.35
Tournament (k=2),Blend,Gaussian,0.72243,0.02382,000.00000000,000.00009274,000.00000000,000.33814779,000.25
Tournament (k=2),Blend,Uniform,0.58741,0.04390,000.00000000,000.00002618,000.00000000,000.25373885,000.29
Tournament (k=2),Blend,Gaussian,0.66113,0.02837,000.00000000,000.00000334,000.00000000,000.16961931,000.22
Tournament (k=2),Blend,Uniform,0.55369,0.04390,000.00000000,000.00013609,000.00000763,000.23911285,000.22
Tournament (k=2),Blend,Uniform,0.60503,0.02599,000.00000000,000.00123878,000.00000381,000.36445451,000.21
Tournament (k=2),Blend,Uniform,0.42436,0.08830,000.00000000,000.00540199,000.00421906,000.12219672,000.25
Tournament (k=2),Blend,Gaussian,0.94259,0.10516,000.00488281,000.31365386,000.30272675,000.62882221,000.39
Tournament (k=2),Blend,Gaussian,0.97087,0.06795,000.00000000,000.00621958,000.00280190,000.14995003,000.29
Tournament (k=2),Blend,Uniform,0.53756,0.23084,000.36323547,002.41569233,002.91143608,001.11366308,000.35
Tournament (k=2),Blend,Uniform,0.58741,0.13667,000.12412643,001.07247353,001.26317787,000.74071282,000.33
Tournament (k=2),Blend,Uniform,0.60503,0.08092,000.00000763,000.01412559,000.00669479,000.26159605,000.25
Tournament (k=2),Blend,Gaussian,0.94259,0.04791,000.00000000,000.00251060,000.00004578,000.39174739,000.34
Tournament (k=2),Blend,Gaussian,0.74410,0.13667,000.00942612,000.40934420,000.38859558,000.55355966,000.38
Tournament (k=2),Blend,Gaussian,0.58741,0.30000,000.04517365,001.29481256,001.50066757,000.73780143,000.44
Tournament (k=2),Blend,Uniform,0.62318,0.04791,000.00000000,000.00004239,000.00000000,000.17385460,000.23
Tournament (k=2),Blend,Uniform,0.42436,0.19383,000.05097961,001.64615858,002.03889656,000.94585532,000.33
Tournament (k=2),Blend,Gaussian,0.86261,0.17762,000.05381775,000.93419182,001.18801498,000.75611871,000.44
Tournament (k=2),Blend,Uniform,0.62318,0.14915,000.27790070,001.74705887,002.09861565,001.09065628,000.29
Tournament (k=2),Blend,Uniform,0.41200,0.13667,000.01321030,000.50223666,000.54191399,000.65217549,000.35
Tournament (k=2),Blend,Uniform,0.45020,0.08092,000.00000000,000.00118132,000.00083542,000.01823672,000.27
Tournament (k=2),Blend,Uniform,0.57030,0.25191,000.41465378,002.56743908,003.00146866,001.24195123,000.39
Tournament (k=2),Blend,Uniform,0.47762,0.21153,000.08200073,002.02568936,002.29592323,001.12254560,000.34
Tournament (k=2),Blend,Uniform,0.40000,0.21153,000.24269867,001.61969352,001.79251099,001.01101005,000.27
Tournament (k=2),Blend,Gaussian,0.62318,0.03378,000.00000000,000.00000062,000.00000000,000.00568875,000.22
Tournament (k=2),Blend,Uniform,0.60503,0.25191,000.79586029,002.96388316,003.27466202,001.37254560,000.36
Tournament (k=2),Blend,Uniform,0.49195,0.12524,000.02552795,000.58175242,000.73771858,000.68351632,000.30
Tournament (k=2),Blend,Uniform,0.64187,0.02837,000.00000000,000.00197582,000.00001717,000.37305498,000.24
Tournament (k=2),Blend,Uniform,0.46371,0.03686,000.00000000,000.00082850,000.00023079,000.26216304,000.19
Tournament (k=2),Blend,Uniform,0.50670,0.02382,000.00000000,000.01141696,000.00122261,000.43333647,000.23
Tournament (k=2),Blend,Gaussian,1.00000,0.05228,000.00000000,000.00295453,000.00007629,000.25336561,000.25
Tournament (k=2),Blend,Gaussian,0.86261,0.08830,000.00008392,000.02421389,000.01830292,000.27912322,000.34
Tournament (k=2),Blend,Uniform,0.41200,0.04390,000.00000000,000.00359111,000.00180244,000.19950488,000.23
Tournament (k=2),Blend,Uniform,0.60503,0.08830,000.00028229,000.06537385,000.05288124,000.43606287,000.29
Tournament (k=2),Blend,Uniform,0.43709,0.04390,000.00000000,000.00136604,000.00095940,000.18390162,000.23
Tournament (k=2),Blend,Uniform,0.53756,0.02599,000.00000000,000.00139627,000.00020027,000.34608254,000.19
Tournament (k=2),Blend,Uniform,0.55369,0.13667,000.10615540,001.08514857,001.29888916,000.95897168,000.27
Tournament (k=2),Blend,Gaussian,0.66113,0.08830,000.00000763,000.00224056,000.00109863,000.15167044,000.27
Tournament (k=2),Blend,Uniform,0.47762,0.02382,000.00000000,000.03063393,000.00187874,000.43348756,000.18
Tournament (k=2),Blend,Uniform,0.52190,0.04390,000.00000000,000.00010247,000.00002098,000.13936879,000.24
Tournament (k=2),Blend,Uniform,0.50670,0.07415,000.00000000,000.00090842,000.00042915,000.20970955,000.25
Tournament (k=2),Blend,Gaussian,0.88849,0.30000,000.21800232,001.97271001,002.27347374,000.92333245,000.51
Tournament (k=2),Blend,Uniform,0.46371,0.04023,000.00000000,000.00077739,000.00032234,000.25621033,000.19
Tournament (k=2),Blend,Uniform,0.64187,0.03095,000.00000000,000.00008321,000.00000000,000.34662831,000.21
Tournament (k=2),Blend,Gaussian,0.86261,0.02183,000.00000000,000.00124574,000.00000000,000.38259968,000.27
Tournament (k=2),Blend,Uniform,0.64187,0.08830,000.00012970,000.15364127,000.08482552,000.50497735,000.27
Tournament (k=2),Blend,Uniform,0.46371,0.13667,000.01280212,000.71733516,001.00644302,000.65025908,000.30
Tournament (k=2),Blend,Uniform,0.57030,0.08092,000.00000000,000.00634089,000.00460243,000.27384731,000.24
Tournament (k=2),Blend,Uniform,0.49195,0.13667,000.10518646,000.94186926,001.21588135,000.81784493,000.31
Tournament (k=2),Blend,Uniform,0.45020,0.23084,000.13062286,001.95015931,002.18203163,001.05514860,000.33
Tournament (k=2),Blend,Uniform,0.53756,0.02837,000.00000000,000.00617318,000.00057602,000.36526895,000.19
Tournament (k=2),Blend,Uniform,0.40000,0.06795,000.00000000,000.00068746,000.00046730,000.04500590,000.21
Tournament (k=2),Blend,Uniform,0.42436,0.02000,000.00000000,000.19691405,000.04463196,000.50006217,000.21
Tournament (k=2),Blend,Uniform,0.49195,0.04791,000.00000000,000.00031824,000.00005913,000.17274149,000.24
Tournament (k=2),Blend,Uniform,0.50670,0.23084,000.14952087,002.25048494,002.58837318,001.00903511,000.29
Tournament (k=2),Blend,Gaussian,0.83749,0.04390,000.00000000,000.00079103,000.00000000,000.27951431,000.29
Tournament (k=2),Blend,Gaussian,0.76642,0.23084,000.18311310,001.28112245,001.42653465,000.79223943,000.45
Tournament (k=2),Blend,Uniform,0.52190,0.04791,000.00000000,000.00006251,000.00000763,000.18073352,000.24
Tournament (k=2),Blend,Uniform,0.50670,0.08092,000.00000000,000.00278997,000.00147057,000.21938658,000.25
Tournament (k=2),Blend,Uniform,0.46371,0.04390,000.00000000,000.00089369,000.00047302,000.19541651,000.21
Tournament (k=2),Blend,Gaussian,0.88849,0.11476,000.00304794,000.22515702,000.25778389,000.54340690,000.31
Tournament (k=2),Blend,Gaussian,0.91514,0.02000,000.00000000,000.00067353,000.00005341,000.51254994,000.28
Tournament (k=2),Blend,Gaussian,0.97087,0.19383,000.15872192,001.35973608,001.61824417,000.78670204,000.43
Tournament (k=2),Blend,Uniform,0.64187,0.03378,000.00000000,000.00001326,000.00000000,000.37402812,000.25
Tournament (k=2),Blend,Uniform,0.45020,0.02382,000.00000000,000.06376863,000.00807571,000.44446141,000.17
Tournament (k=2),Blend,Uniform,0.40000,0.02183,000.00000000,000.18034109,000.05235672,000.46607253,000.16
Tournament (k=2),Blend,Gaussian,0.86261,0.02382,000.00000000,000.00190587,000.00000000,000.47311002,000.27
Tournament (k=2),Blend,Uniform,0.64187,0.09637,000.00542450,000.26144105,000.21267700,000.54763061,000.29
Tournament (k=2),Blend,Gaussian,0.88849,0.04390,000.00000000,000.00097814,000.00000191,000.27111247,000.24
Tournament (k=2),Blend,Gaussian,0.78941,0.04023,000.00000000,000.00023637,000.00000000,000.27217907,000.28
Tournament (k=2),Blend,Uniform,0.53756,0.08092,000.00000000,000.00220585,000.00144768,000.09987519,000.23
Tournament (k=2),Blend,Uniform,0.49195,0.05228,000.00000000,000.00023551,000.00013351,000.09972090,000.24
Tournament (k=2),Blend,Gaussian,0.81310,0.08830,000.00010681,000.01813560,000.01410294,000.18197596,000.33
Tournament (k=2),Blend,Uniform,0.47762,0.08830,000.00001144,000.00513573,000.00333405,000.25434986,000.23
Tournament (k=2),Blend,Gaussian,0.83749,0.12524,000.01240921,000.32167882,000.31112862,000.53677917,000.32
Tournament (k=2),Blend,Uniform,0.43709,0.11476,000.00302124,000.21423845,000.16967392,000.49001789,000.24
Tournament (k=2),Blend,Uniform,0.66113,0.05228,000.00000000,000.00015178,000.00000000,000.25358880,000.21
Tournament (k=2),Blend,Gaussian,0.81310,0.23084,000.05592346,001.44606996,001.76658630,000.82264662,000.38
Tournament (k=2),Blend,Gaussian,0.81310,0.02837,000.00000000,000.00010161,000.00000000,000.37333950,000.27
Tournament (k=2),Blend,Gaussian,0.66113,0.03095,000.00000000,000.00000095,000.00000000,000.13039769,000.22
Tournament (k=2),Blend,Gaussian,0.68096,0.16276,000.04241943,000.54924834,000.57974052,000.55872560,000.40
Tournament (k=2),Blend,Uniform,0.52190,0.14915,000.06156540,000.94556677,001.16497993,000.93016875,000.27
Tournament (k=2),Blend,Uniform,0.58741,0.04791,000.00000000,000.00004129,000.00000381,000.21701373,000.25
Tournament (k=2),Blend,Uniform,0.64187,0.27490,000.52349091,002.95785570,003.31243515,001.39553225,000.36
Tournament (k=2),Blend,Gaussian,0.91514,0.23084,000.10163879,001.60085523,001.90668488,000.93308085,000.44
Tournament (k=2),Blend,Uniform,0.66113,0.16276,000.20471954,001.95396876,002.18445778,001.10498571,000.34
Tournament (k=2),Blend,Gaussian,0.88849,0.12524,000.02120209,000.50431532,000.56128502,000.67419666,000.37
Tournament (k=2),Blend,Uniform,0.42436,0.09637,000.00000763,000.01565199,000.01434517,000.19372180,000.26
Tournament (k=2),Blend,Uniform,0.57030,0.02599,000.00000000,000.00185523,000.00002098,000.44418460,000.19
Tournament (k=2),Blend,Gaussian,0.88849,0.04791,000.00000000,000.00049758,000.00000000,000.19776320,000.31
Tournament (k=2),Blend,Uniform,0.53756,0.08830,000.00006866,000.01686382,000.01408005,000.32862514,000.25
Tournament (k=2),Blend,Uniform,0.64187,0.10516,000.00968170,000.54979455,000.57206726,000.75157619,000.35
Tournament (k=2),Blend,Uniform,0.68096,0.03095,000.00000000,000.00089459,000.00000000,000.35641369,000.20
Tournament (k=2),Blend,Gaussian,0.94259,0.05228,000.00000000,000.00375795,000.00028992,000.29011422,000.25
Tournament (k=2),Blend,Gaussian,0.97087,0.07415,000.00007629,000.00904388,000.00494003,000.21568507,000.33
Tournament (k=2),Blend,Uniform,0.62318,0.05228,000.00000000,000.00001731,000.00000381,000.13991082,000.22
Tournament (k=2),Blend,Uniform,0.53756,0.25191,000.09822845,002.31775093,002.75801468,001.27198148,000.36
Tournament (k=2),Blend,Uniform,0.68096,0.09637,000.00551224,000.38171464,000.41085243,000.58550262,000.30
Tournament (k=2),Blend,Uniform,0.58741,0.14915,000.13888931,001.42880642,001.64446449,000.91358024,000.35
Tournament (k=2),Blend,Uniform,0.45020,0.08830,000.00000381,000.00519352,000.00308990,000.25550169,000.26
Tournament (k=2),Blend,Uniform,0.41200,0.14915,000.04165649,000.90466821,001.20181847,000.82868135,000.27
Tournament (k=2),Blend,Uniform,0.62318,0.16276,000.09915924,001.96372759,002.26552773,000.94394469,000.29
Tournament (k=2),Blend,Uniform,0.42436,0.21153,000.18722534,001.63508964,001.88888931,000.93631196,000.32
Tournament (k=2),Blend,Uniform,0.40000,0.23084,000.03062439,001.65647864,001.89129829,001.06001294,000.27
Tournament (k=2),Blend,Uniform,0.50670,0.02599,000.00000000,000.00848489,000.00109482,000.42045984,000.23
Tournament (k=2),Blend,Uniform,0.42436,0.10516,000.00012970,000.04025693,000.04233932,000.25324854,000.26
Tournament (k=2),Blend,Gaussian,0.86261,0.19383,000.02598572,001.29622662,001.52798843,000.78773838,000.37
Tournament (k=2),Blend,Uniform,0.57030,0.27490,000.82457733,002.80839157,003.16740608,001.34406590,000.36
Tournament (k=2),Blend,Gaussian,1.00000,0.05705,000.00000000,000.00286393,000.00004578,000.29154801,000.25
Tournament (k=2),Blend,Uniform,0.68096,0.03378,000.00000000,000.00010185,000.00000000,000.27334002,000.26
Tournament (k=2),Blend,Gaussian,0.58741,0.02382,000.00000000,000.00001497,000.00000000,000.14023179,000.20
Tournament (k=2),Blend,Uniform,0.60503,0.27490,000.47409439,002.85700321,003.30803108,001.39216769,000.31
Tournament (k=2),Blend,Uniform,0.41200,0.04791,000.00000000,000.00183415,000.00125504,000.20673437,000.23
Tournament (k=2),Blend,Gaussian,0.88849,0.05228,000.00000000,000.00166521,000.00014114,000.38487142,000.32
Tournament (k=2),Blend,Uniform,0.43709,0.04791,000.00000000,000.00139737,000.00047302,000.24104249,000.23
Tournament (k=2),Blend,Uniform,0.47762,0.02599,000.00000000,000.04009547,000.00464249,000.43058529,000.19
Tournament (k=2),Blend,Uniform,0.60503,0.09637,000.00084686,000.23851356,000.15831947,000.63749832,000.29
Tournament (k=2),Blend,Uniform,0.55369,0.14915,000.04486847,001.28606665,001.53956985,000.89533365,000.28
Tournament (k=2),Blend,Uniform,0.53756,0.03095,000.00000000,000.00107141,000.00005722,000.36306629,000.19
Tournament (k=2),Blend,Uniform,0.40000,0.07415,000.00000000,000.00033479,000.00032043,000.12257423,000.21
Tournament (k=2),Blend,Gaussian,0.91514,0.25191,000.12442017,001.78787482,002.11483955,000.80356002,000.51
Tournament (k=2),Blend,Uniform,0.57030,0.08830,000.00001526,000.03623061,000.03312302,000.33486047,000.28
Tournament (k=2),Blend,Uniform,0.42436,0.02183,000.00000000,000.03723168,000.01243591,000.38517845,000.22
Tournament (k=2),Blend,Gaussian,0.91514,0.06226,000.00000000,000.00140796,000.00004768,000.25874802,000.32
Tournament (k=2),Blend,Uniform,0.46371,0.14915,000.01839066,000.98363268,001.19964600,000.77898985,000.31
Tournament (k=2),Blend,Gaussian,0.58741,0.02599,000.00000000,000.00000634,000.00000000,000.04148155,000.22
Tournament (k=2),Blend,Uniform,0.58741,0.16276,000.02304840,001.59025025,002.02594185,000.94628644,000.35
Tournament (k=2),Blend,Uniform,0.52190,0.05228,000.00000000,000.00017500,000.00004959,000.13927345,000.21
Tournament (k=2),Blend,Uniform,0.49195,0.14915,000.01752472,001.10881674,001.29361916,000.82133830,000.35
Tournament (k=2),Blend,Uniform,0.47762,0.02837,000.00000000,000.00467162,000.00223923,000.36400956,000.23
Tournament (k=2),Blend,Uniform,0.41200,0.05228,000.00000000,000.00081630,000.00034332,000.16976583,000.24
Tournament (k=2),Blend,Uniform,0.45020,0.25191,000.55971909,002.35698366,002.73710632,001.12585711,000.33
Tournament (k=2),Blend,Gaussian,1.00000,0.10516,000.00326920,000.29815644,000.25881386,000.56576353,000.30
Tournament (k=2),Blend,Uniform,0.50670,0.25191,000.23664474,002.30669856,002.62931442,001.33836401,000.30
Tournament (k=2),Blend,Gaussian,0.83749,0.04791,000.00000000,000.00017743,000.00000000,000.29803145,000.29
Tournament (k=2),Blend,Uniform,0.45020,0.02599,000.00000000,000.00920277,000.00103569,000.43195564,000.18
Tournament (k=2),Blend,Uniform,0.40000,0.02382,000.00000000,000.03622146,000.01548958,000.44598132,000.17
Tournament (k=2),Blend,Gaussian,0.86261,0.02599,000.00000000,000.00079732,000.00001144,000.44007921,000.21
Tournament (k=2),Blend,Uniform,0.55369,0.04791,000.00000000,000.00005188,000.00001335,000.17733084,000.21
Tournament (k=2),Blend,Uniform,0.68096,0.30000,000.57473373,003.06984067,003.40543938,001.46148264,000.32
Tournament (k=2),Blend,Uniform,0.64187,0.03686,000.00000000,000.00077620,000.00000191,000.29830271,000.25
Tournament (k=2),Blend,Gaussian,0.76642,0.25191,000.05271912,001.50081944,001.61500549,000.88727492,000.43
Tournament (k=2),Blend,Uniform,0.55369,0.16276,000.02922440,001.53217185,001.91477776,001.01729918,000.32
Tournament (k=2),Blend,Gaussian,0.78941,0.04390,000.00000000,000.00005093,000.00000000,000.22148839,000.28
Tournament (k=2),Blend,Uniform,0.47762,0.09637,000.00014877,000.02748222,000.01842117,000.31468615,000.23
Tournament (k=2),Blend,Uniform,0.46371,0.16276,000.08657074,001.26782036,001.45174026,000.92864102,000.33
Tournament (k=2),Blend,Uniform,0.70139,0.05705,000.00000000,000.00038290,000.00001335,000.26855573,000.27
Tournament (k=2),Blend,Uniform,0.41200,0.05705,000.00000000,000.00091166,000.00052452,000.08152894,000.27
Tournament (k=2),Blend,Uniform,0.58741,0.17762,000.10224915,001.84694219,002.20184708,001.09031808,000.33
Tournament (k=2),Blend,Gaussian,0.66113,0.03378,000.00000000,000.00000300,000.00000000,000.14371718,000.21
Tournament (k=2),Blend,Gaussian,0.97087,0.21153,000.21588898,001.66511345,001.86242485,000.83957964,000.43
Tournament (k=2),Blend,Gaussian,0.94259,0.11476,000.00470734,000.45288840,000.53379250,000.61556709,000.37
Tournament (k=2),Blend,Uniform,0.45020,0.27490,000.14791870,002.31988692,002.78140259,001.20162725,000.34
Tournament (k=2),Blend,Uniform,0.70139,0.17762,000.22800446,002.34008837,002.66807365,001.04648829,000.34
Tournament (k=2),Blend,Gaussian,1.00000,0.11476,000.01787567,000.48622608,000.50926399,000.66441733,000.37
Tournament (k=2),Blend,Uniform,0.58741,0.05228,000.00000000,000.00008287,000.00000381,000.14001921,000.26
Tournament (k=2),Blend,Gaussian,0.81310,0.25191,000.12806702,001.58556807,001.78805351,000.82710540,000.39
Tournament (k=2),Blend,Gaussian,0.97087,0.02000,000.00000000,000.04783249,000.00017929,000.53133887,000.21
Tournament (k=2),Blend,Gaussian,0.68096,0.17762,000.05307770,000.59598958,000.63604736,000.62938720,000.35
Tournament (k=2),Blend,Uniform,0.57030,0.02837,000.00000000,000.00431018,000.00013351,000.40496251,000.20
Tournament (k=2),Blend,Uniform,0.64187,0.30000,000.32417297,003.01852155,003.47628784,001.48206973,000.32
Tournament (k=2),Blend,Uniform,0.52190,0.16276,000.16517258,001.49724758,001.71496582,000.96030885,000.34
Tournament (k=2),Blend,Uniform,0.47762,0.23084,000.17592621,002.14678597,002.36460495,001.05721760,000.33
Tournament (k=2),Blend,Uniform,0.66113,0.17762,000.32885361,002.31425548,002.60965347,001.12272823,000.36
Tournament (k=2),Blend,Gaussian,0.58741,0.09637,000.00006866,000.00367026,000.00318336,000.03126239,000.28
Tournament (k=2),Blend,Uniform,0.53756,0.09637,000.00041580,000.10271492,000.06510353,000.45572686,000.28
Tournament (k=2),Blend,Gaussian,0.88849,0.13667,000.07622528,000.70871919,000.98106766,000.56580418,000.37
Tournament (k=2),Blend,Gaussian,0.94259,0.05705,000.00000000,000.00095210,000.00001907,000.14711471,000.25
Tournament (k=2),Blend,Uniform,0.70139,0.06226,000.00000000,000.00052261,000.00005341,000.16532686,000.28
Tournament (k=2),Blend,Gaussian,0.86261,0.09637,000.00092316,000.05329657,000.05588913,000.37447581,000.29
Tournament (k=2),Blend,Gaussian,0.97087,0.02183,000.00000000,000.05198031,000.00016022,000.60667682,000.23
Tournament (k=2),Blend,Gaussian,0.97087,0.08092,000.00008774,000.03378010,000.03042793,000.26905432,000.35
Tournament (k=2),Blend,Uniform,0.45020,0.09637,000.00001144,000.01408858,000.00986862,000.20396069,000.27
Tournament (k=2),Blend,Uniform,0.68096,0.10516,000.00527191,000.76651394,001.06042099,000.74754143,000.30
Tournament (k=2),Blend,Gaussian,0.66113,0.09637,000.00001526,000.01259871,000.01261711,000.13131297,000.29
Tournament (k=2),Blend,Uniform,0.41200,0.16276,000.05727005,001.03733504,001.27810669,000.81632596,000.27
Tournament (k=2),Blend,Uniform,0.50670,0.02837,000.00000000,000.00559402,000.00068283,000.40149584,000.23
Tournament (k=2),Blend,Uniform,0.53756,0.27490,000.28092957,002.61322904,002.88348579,001.42311704,000.35
Tournament (k=2),Blend,Uniform,0.42436,0.11476,000.00215912,000.16155958,000.13444328,000.46671280,000.25
Tournament (k=2),Blend,Uniform,0.40000,0.25191,000.25452042,001.87749028,002.27213669,001.02295721,000.28
Tournament (k=2),Blend,Gaussian,0.94259,0.12524,000.03466797,000.58739668,000.66704178,000.66766959,000.40
Tournament (k=2),Blend,Uniform,0.42436,0.23084,000.37789154,002.03139114,002.38265991,001.08129871,000.32
Tournament (k=2),Blend,Uniform,0.43709,0.05228,000.00000000,000.00087805,000.00045776,000.10648715,000.24
Tournament (k=2),Blend,Uniform,0.68096,0.03686,000.00000000,000.00000782,000.00000000,000.29815179,000.25
Tournament (k=2),Blend,Gaussian,1.00000,0.06226,000.00000000,000.00240374,000.00025368,000.23327793,000.27
Tournament (k=2),Blend,Uniform,0.50670,0.08830,000.00001144,000.00890799,000.00631142,000.29344881,000.23
Tournament (k=2),Blend,Uniform,0.57030,0.30000,000.40230942,002.86287308,003.34747505,001.38351226,000.35
Tournament (k=2),Blend,Gaussian,0.88849,0.05705,000.00000000,000.00102930,000.00000572,000.20414774,000.31
Tournament (k=2),Blend,Uniform,0.60503,0.30000,000.63679886,003.07574773,003.54353714,001.44808745,000.31
Tournament (k=2),Blend,Uniform,0.46371,0.04791,000.00000000,000.00077796,000.00025749,000.23676194,000.24
Tournament (k=2),Blend,Uniform,0.40000,0.08092,000.00000000,000.00079303,000.00054741,000.15208212,000.22
Tournament (k=2),Blend,Uniform,0.60503,0.02837,000.00000000,000.00020952,000.00000763,000.34703028,000.20
Tournament (k=2),Blend,Uniform,0.42436,0.02382,000.00000000,000.04617148,000.00996208,000.40367898,000.21
Tournament (k=2),Blend,Gaussian,0.86261,0.21153,000.07801056,001.29093254,001.60849953,000.86047781,000.46
Tournament (k=2),Blend,Gaussian,0.91514,0.02183,000.00000000,000.02592554,000.00008011,000.52663380,000.28
Tournament (k=2),Blend,Uniform,0.57030,0.09637,000.00022125,000.21781096,000.17496490,000.56071591,000.24
Tournament (k=2),Blend,Uniform,0.60503,0.10516,000.00453568,000.41870999,000.45040131,000.57586741,000.29
Tournament (k=2),Blend,Uniform,0.49195,0.05705,000.00000000,000.00010600,000.00005150,000.10509539,000.21
Tournament (k=2),Blend,Gaussian,0.58741,0.02837,000.00000000,000.00001144,000.00000000,000.09898538,000.25
Tournament (k=2),Blend,Uniform,0.68096,0.11476,000.01009750,000.96802586,001.18880653,000.83402282,000.34
Tournament (k=2),Blend,Gaussian,0.91514,0.06795,000.00000000,000.00218492,000.00037384,000.22909240,000.32
Tournament (k=2),Blend,Uniform,0.52190,0.05705,000.00000000,000.00005326,000.00001526,000.13963823,000.25
Tournament (k=2),Blend,Uniform,0.50670,0.09637,000.00001144,000.05004726,000.03253174,000.42846426,000.29
Tournament (k=2),Blend,Uniform,0.42436,0.25191,000.21308899,002.13212204,002.51530647,001.12285519,000.35
Tournament (k=2),Blend,Uniform,0.47762,0.03095,000.00000000,000.00272412,000.00031662,000.41745299,000.25
Tournament (k=2),Blend,Uniform,0.40000,0.02599,000.00000000,000.02405348,000.00544167,000.37676802,000.18
Tournament (k=2),Blend,Uniform,0.66113,0.05705,000.00000000,000.00007830,000.00000572,000.09954507,000.22
Tournament (k=2),Blend,Gaussian,1.00000,0.06795,000.00000381,000.00366850,000.00089264,000.13804713,000.34
Tournament (k=2),Blend,Uniform,0.43709,0.12524,000.00999832,000.45413914,000.48255539,000.69344944,000.25
Tournament (k=2),Blend,Gaussian,0.91514,0.27490,000.59712982,002.00615668,002.32924271,000.90537673,000.47
Tournament (k=2),Blend,Uniform,0.49195,0.16276,000.05302429,001.25287950,001.47043991,000.95059252,000.32
Tournament (k=2),Blend,Uniform,0.45020,0.02837,000.00000000,000.00884171,000.00144386,000.36626127,000.23
Tournament (k=2),Blend,Uniform,0.70139,0.02000,000.00000000,000.13452935,000.00000000,000.56795543,000.20
Tournament (k=2),Blend,Gaussian,0.86261,0.02837,000.00000000,000.00402102,000.00000000,000.51636207,000.22
Tournament (k=2),Blend,Uniform,0.55369,0.05228,000.00000000,000.00003605,000.00000572,000.15536156,000.22
Tournament (k=2),Blend,Gaussian,0.83749,0.13667,000.02597427,000.55367631,000.59326744,000.67934263,000.33
Tournament (k=2),Blend,Gaussian,0.83749,0.05228,000.00000000,000.00007792,000.00000000,000.16853924,000.30
Tournament (k=2),Blend,Uniform,0.64187,0.04023,000.00000000,000.00001764,000.00000000,000.33428776,000.26
Tournament (k=2),Blend,Uniform,0.72243,0.03378,000.00000000,000.00001545,000.00000000,000.37033758,000.26
Tournament (k=2),Blend,Uniform,0.50670,0.27490,000.32640839,002.38252401,002.84621811,001.28923941,000.34
Tournament (k=2),Blend,Uniform,0.47762,0.03378,000.00000000,000.00256376,000.00029945,000.30502933,000.23
Tournament (k=2),Blend,Uniform,0.55369,0.17762,000.27590561,001.88616109,002.12239456,000.94417065,000.30
Tournament (k=2),Blend,Gaussian,0.78941,0.04791,000.00000000,000.00026493,000.00000000,000.30273786,000.30
Tournament (k=2),Blend,Gaussian,0.66113,0.03686,000.00000000,000.00000134,000.00000000,000.13289168,000.23
Tournament (k=2),Blend,Uniform,0.41200,0.06226,000.00000000,000.00062876,000.00034332,000.15786122,000.25
Tournament (k=2),Blend,Uniform,0.70139,0.02183,000.00000000,000.00263424,000.00000000,000.37253293,000.22
Tournament (k=2),Blend,Uniform,0.50670,0.10516,000.00038910,000.16439852,000.16891098,000.47260496,000.30
Tournament (k=2),Blend,Uniform,0.62318,0.05705,000.00000000,000.00005155,000.00001335,000.13994701,000.25
Tournament (k=2),Blend,Uniform,0.46371,0.17762,000.28759766,001.53230453,001.84900284,000.90844250,000.33
Tournament (k=2),Blend,Uniform,0.58741,0.05705,000.00000000,000.00009332,000.00000954,000.13926759,000.27
Tournament (k=2),Blend,Uniform,0.57030,0.03095,000.00000000,000.00028181,000.00002098,000.37462604,000.21
Tournament (k=2),Blend,Uniform,0.66113,0.02000,000.00000000,000.09486809,000.00015640,000.52823657,000.20
Tournament (k=2),Blend,Uniform,0.58741,0.19383,000.13427734,002.05731511,002.47344971,001.01874328,000.35
Tournament (k=2),Blend,Uniform,0.62318,0.17762,000.29254150,002.05073619,002.39080811,001.17892921,000.30
Tournament (k=2),Blend,Uniform,0.70139,0.19383,000.04108810,002.60180235,002.91401291,001.21388781,000.36
Tournament (k=2),Blend,Uniform,0.49195,0.17762,000.03308868,001.56099153,002.05110359,001.08644056,000.39
Tournament (k=2),Blend,Gaussian,0.97087,0.23084,000.14315033,001.76447463,002.04375458,000.93835598,000.44
Tournament (k=2),Blend,Uniform,0.52190,0.17762,000.20952606,001.68529546,001.97230148,001.04186535,000.32
Tournament (k=2),Blend,Uniform,0.72243,0.10516,000.01455688,000.87688160,001.19963264,000.87502885,000.28
Tournament (k=2),Blend,Uniform,0.47762,0.25191,000.13603973,002.27998805,002.69982338,001.24149764,000.29
Tournament (k=2),Blend,Uniform,0.41200,0.06795,000.00000000,000.00060186,000.00048256,000.02019073,000.25
Tournament (k=2),Blend,Uniform,0.66113,0.19383,000.16616058,002.25110769,002.56980515,001.20275092,000.31
Tournament (k=2),Blend,Uniform,0.74410,0.02000,000.00000000,000.12489691,000.00000000,000.48569170,000.25
Tournament (k=2),Blend,Uniform,0.53756,0.10516,000.00332642,000.26780930,000.19746017,000.61629671,000.29
Tournament (k=2),Blend,Uniform,0.70139,0.06795,000.00000000,000.00193748,000.00051498,000.16612238,000.28
Tournament (k=2),Blend,Gaussian,0.81310,0.27490,000.26382446,001.75040019,002.00129318,000.82899928,000.50
Tournament (k=2),Blend,Uniform,0.45020,0.10516,000.00002289,000.07211814,000.07979393,000.36767688,000.23
Tournament (k=2),Blend,Gaussian,0.88849,0.14915,000.07141876,000.81018370,001.10282898,000.65477413,000.35
Tournament (k=2),Blend,Uniform,0.62318,0.06226,000.00000000,000.00022159,000.00003815,000.12704116,000.29
Tournament (k=2),Blend,Uniform,0.58741,0.06226,000.00000000,000.00010414,000.00002098,000.24535856,000.29
Tournament (k=2),Blend,Gaussian,0.68096,0.19383,000.06557465,000.89788038,001.12262917,000.79430878,000.51
Tournament (k=2),Blend,Gaussian,0.66113,0.10516,000.00068665,000.02752523,000.02867508,000.13758790,000.29
Tournament (k=2),Blend,Uniform,0.41200,0.17762,000.26858139,001.34192634,001.57034302,000.78136152,000.28
Tournament (k=2),Blend,Uniform,0.50670,0.03095,000.00000000,000.00192838,000.00012779,000.28857607,000.24
Tournament (k=2),Blend,Uniform,0.62318,0.02000,000.00000000,000.10294852,000.00000763,000.50685245,000.19
Tournament (k=2),Blend,Gaussian,0.97087,0.08830,000.00099564,000.06105513,000.06145096,000.31458297,000.37
Tournament (k=2),Blend,Uniform,0.46371,0.05228,000.00000000,000.00042000,000.00025558,000.16990145,000.21
Tournament (k=2),Blend,Uniform,0.58741,0.02000,000.00000000,000.08775182,000.00090408,000.49951443,000.24
Tournament (k=2),Blend,Uniform,0.43709,0.05705,000.00000000,000.00051370,000.00013542,000.19469288,000.25
Tournament (k=2),Blend,Uniform,0.40000,0.27490,000.15116882,002.20361543,002.56192780,001.16714621,000.29
Tournament (k=2),Blend,Uniform,0.62318,0.19383,000.18735886,002.12726092,002.56765366,001.08799195,000.41
Tournament (k=2),Blend,Uniform,0.42436,0.12524,000.00292969,000.35568133,000.39104652,000.55130988,000.30
Tournament (k=2),Blend,Uniform,0.68096,0.04023,000.00000000,000.00005198,000.00000000,000.29826006,000.28
Tournament (k=2),Blend,Uniform,0.74410,0.06226,000.00000000,000.00177879,000.00026321,000.32224375,000.29
Tournament (k=2),Blend,Uniform,0.60503,0.03095,000.00000000,000.00498910,000.00000763,000.38045347,000.21
Tournament (k=2),Blend,Uniform,0.53756,0.30000,000.38546753,002.76327085,003.24655342,001.30509126,000.36
Tournament (k=2),Blend,Uniform,0.42436,0.02599,000.00000000,000.07479148,000.01895905,000.41621190,000.22
Tournament (k=2),Blend,Gaussian,0.94259,0.13667,000.00963974,000.80120629,001.08022690,000.75755769,000.40
Tournament (k=2),Blend,Gaussian,0.58741,0.03095,000.00000000,000.00000873,000.00000000,000.16963354,000.21
Tournament (k=2),Blend,Uniform,0.49195,0.06226,000.00000000,000.00034451,000.00013733,000.09943783,000.22
Tournament (k=2),Blend,Uniform,0.57030,0.10516,000.01740265,000.40312535,000.45575714,000.57637560,000.25
Tournament (k=2),Blend,Gaussian,0.91514,0.02382,000.00000000,000.03697123,000.00026894,000.53615910,000.28
Tournament (k=2),Blend,Uniform,0.41200,0.19383,000.05083084,001.56122732,001.80065536,000.86767191,000.32
Tournament (k=2),Blend,Gaussian,0.66113,0.11476,000.00120544,000.07571435,000.07445908,000.30519983,000.34
Tournament (k=2),Blend,Uniform,0.60503,0.11476,000.01687622,000.75346506,001.03060532,000.65870416,000.26
Tournament (k=2),Blend,Uniform,0.66113,0.21153,000.25034332,002.61320186,003.00883865,001.21701860,000.44
Tournament (k=2),Blend,Gaussian,0.86261,0.23084,000.13841248,001.41579843,001.58987999,000.74144304,000.41
Tournament (k=2),Blend,Uniform,0.47762,0.10516,000.00076675,000.08365440,000.08111191,000.38577217,000.25
Tournament (k=2),Blend,Uniform,0.52190,0.06226,000.00000000,000.00012379,000.00001717,000.10952017,000.26
Tournament (k=2),Blend,Gaussian,0.88849,0.16276,000.06659317,000.94977987,001.15229416,000.67788672,000.46
Tournament (k=2),Blend,Gaussian,0.68096,0.21153,000.10305786,001.06649375,001.35193634,000.72652745,000.42
Tournament (k=2),Blend,Uniform,0.40000,0.02837,000.00000000,000.00906210,000.00581741,000.30783567,000.17
Tournament (k=2),Blend,Gaussian,0.91514,0.07415,000.00000000,000.00601215,000.00188828,000.22649707,000.30
Tournament (k=2),Blend,Uniform,0.64187,0.11476,000.03673172,000.81618720,001.10915184,000.72542661,000.26
Tournament (k=2),Blend,Uniform,0.40000,0.30000,000.52317810,002.46846080,002.89603424,001.21259320,000.33
Tournament (k=2),Blend,Uniform,0.62318,0.21153,000.24546051,002.47240448,002.83942795,001.18783498,000.35
Tournament (k=2),Blend,Uniform,0.42436,0.13667,000.01205063,000.56430185,000.60627365,000.69251978,000.35
Tournament (k=2),Blend,Uniform,0.42436,0.27490,000.22183228,002.30714369,002.62330437,001.37043738,000.33
Tournament (k=2),Blend,Uniform,0.66113,0.06226,000.00000000,000.00027585,000.00004005,000.21415615,000.22
Tournament (k=2),Blend,Uniform,0.45020,0.03095,000.00000000,000.01067438,000.00037384,000.38475615,000.22
Tournament (k=2),Blend,Uniform,0.43709,0.13667,000.02536392,000.62296569,000.75831604,000.59862435,000.26
Tournament (k=2),Blend,Gaussian,0.86261,0.03095,000.00000000,000.00076122,000.00000381,000.48332655,000.23
Tournament (k=2),Blend,Uniform,0.47762,0.03686,000.00000000,000.00334654,000.00131989,000.34424236,000.19
Tournament (k=2),Blend,Uniform,0.41200,0.02000,000.00000000,000.18652788,000.03371620,000.58723176,000.20
Tournament (k=2),Blend,Uniform,0.76642,0.03686,000.00000000,000.00011892,000.00000000,000.32514748,000.26
Tournament (k=2),Blend,Uniform,0.64187,0.04390,000.00000000,000.00002060,000.00000000,000.25259674,000.26
Tournament (k=2),Blend,Uniform,0.72243,0.03686,000.00000000,000.00003986,000.00000000,000.33089191,000.26
Tournament (k=2),Blend,Gaussian,1.00000,0.12524,000.05242920,000.61627090,000.70468140,000.63824517,000.33
Tournament (k=2),Blend,Uniform,0.74410,0.19383,000.66584015,002.44104505,002.74787521,001.29019392,000.36
Tournament (k=2),Blend,Uniform,0.45020,0.30000,000.19099426,002.47739863,002.87184906,001.38180459,000.34
Tournament (k=2),Blend,Uniform,0.47762,0.11476,000.00049210,000.17432728,000.18822289,000.45375001,000.29
Tournament (k=2),Blend,Uniform,0.50670,0.30000,000.37635040,002.84982705,003.33699036,001.34017372,000.30
Tournament (k=2),Blend,Uniform,0.64187,0.12524,000.04666138,001.03757310,001.27259064,000.86260194,000.29
Tournament (k=2),Blend,Uniform,0.78941,0.02183,000.00000000,000.10560775,000.00001907,000.57484454,000.26
Tournament (k=2),Blend,Uniform,0.76642,0.11476,000.10736847,001.30075550,001.57773018,000.92290497,000.27
Tournament (k=2),Blend,Uniform,0.50670,0.11476,000.00859833,000.29417211,000.26443481,000.58723545,000.25
Tournament (k=2),Blend,Gaussian,0.91514,0.30000,000.61484909,002.24135256,002.52999496,000.87773240,000.47
Tournament (k=2),Blend,Uniform,0.78941,0.06795,000.00000000,000.01151981,000.00555420,000.22045381,000.24
Tournament (k=2),Blend,Gaussian,0.86261,0.25191,000.28725815,001.69209599,002.07330704,000.77383476,000.46
Tournament (k=2),Blend,Uniform,0.42436,0.30000,000.35313034,002.43861055,002.84624290,001.32044315,000.35
Tournament (k=2),Blend,Gaussian,0.97087,0.02382,000.00000000,000.02609324,000.00043678,000.48357978,000.22
Tournament (k=2),Blend,Uniform,0.57030,0.03378,000.00000000,000.00089564,000.00012589,000.31185633,000.20
Tournament (k=2),Blend,Uniform,0.66113,0.02183,000.00000000,000.08575487,000.00005531,000.48465273,000.20
Tournament (k=2),Blend,Uniform,0.53756,0.03378,000.00000000,000.00045133,000.00012207,000.25324243,000.20
Tournament (k=2),Blend,Gaussian,0.94259,0.06226,000.00000000,000.00156469,000.00013733,000.28558895,000.32
Tournament (k=2),Blend,Uniform,0.46371,0.19383,000.15645599,001.74539983,001.97604561,000.94899046,000.33
Tournament (k=2),Blend,Uniform,0.72243,0.04023,000.00000000,000.00008807,000.00000000,000.25464964,000.27
Tournament (k=2),Blend,Uniform,0.40000,0.08830,000.00000000,000.00266881,000.00092316,000.10853564,000.23
Tournament (k=2),Blend,Uniform,0.41200,0.07415,000.00000000,000.00109005,000.00074005,000.04218461,000.25
Tournament (k=2),Blend,Uniform,0.58741,0.21153,000.37724304,002.21735716,002.51845932,001.15849948,000.35
Tournament (k=2),Blend,Uniform,0.72243,0.11476,000.06857300,001.16310048,001.37674141,000.89021617,000.28
Tournament (k=2),Blend,Uniform,0.49195,0.19383,000.21504974,001.74974990,002.03195953,001.00918913,000.34
Tournament (k=2),Blend,Gaussian,0.94259,0.02000,000.00000000,000.05236478,000.00016785,000.50415277,000.23
Tournament (k=2),Blend,Uniform,0.47762,0.27490,000.66678619,002.49194574,002.84252167,001.24388659,000.30
Tournament (k=2),Blend,Uniform,0.70139,0.21153,000.75453186,002.96593285,003.27277565,001.29582775,000.36
Tournament (k=2),Blend,Uniform,0.52190,0.19383,000.31705475,001.87023199,001.99439049,001.06629276,000.34
Tournament (k=2),Blend,Uniform,0.62318,0.06795,000.00000000,000.00017223,000.00005150,000.18362761,000.23
Tournament (k=2),Blend,Uniform,0.53756,0.03686,000.00000000,000.00044050,000.00009155,000.29845518,000.22
Tournament (k=2),Blend,Uniform,0.58741,0.06795,000.00000000,000.00047460,000.00007248,000.17138267,000.25
Tournament (k=2),Blend,Uniform,0.53756,0.11476,000.01417160,000.53319418,000.58209038,000.58868164,000.30
Tournament (k=2),Blend,Uniform,0.70139,0.07415,000.00000381,000.03095837,000.01358986,000.37094533,000.29
Tournament (k=2),Blend,Uniform,0.45020,0.11476,000.00645447,000.22913894,000.17876816,000.44941434,000.29
Tournament (k=2),Blend,Uniform,0.62318,0.02183,000.00000000,000.00931315,000.00002861,000.42652541,000.22
Tournament (k=2),Blend,Uniform,0.78941,0.21153,000.90166473,002.99818110,003.24569702,001.28326762,000.32
Tournament (k=2),Blend,Uniform,0.81310,0.04023,000.00000000,000.00542917,000.00012207,000.38017276,000.28
Tournament (k=2),Blend,Gaussian,0.97087,0.25191,000.46761322,001.92424548,002.23147583,000.84949636,000.48
Tournament (k=2),Blend,Uniform,0.46371,0.05705,000.00000000,000.00023165,000.00009727,000.11945841,000.20
Tournament (k=2),Blend,Uniform,0.68096,0.04390,000.00000000,000.00003500,000.00000000,000.23783238,000.22
Tournament (k=2),Blend,Uniform,0.60503,0.03378,000.00000000,000.00018244,000.00001335,000.35239986,000.20
Tournament (k=2),Blend,Uniform,0.58741,0.02183,000.00000000,000.04920030,000.00016022,000.44536126,000.23
Tournament (k=2),Blend,Uniform,0.43709,0.06226,000.00000000,000.00043101,000.00017548,000.18839523,000.24
Tournament (k=2),Blend,Uniform,0.55369,0.02000,000.00000000,000.17424102,000.00322533,000.46957049,000.23
Tournament (k=2),Blend,Gaussian,0.97087,0.09637,000.00590134,000.12950125,000.12309647,000.48242033,000.35
Tournament (k=2),Blend,Uniform,0.42436,0.02837,000.00000000,000.00839024,000.00322723,000.28061941,000.22
Tournament (k=2),Blend,Uniform,0.68096,0.12524,000.11520386,001.31450140,001.53511620,000.91221035,000.29
Tournament (k=2),Blend,Uniform,0.74410,0.06795,000.00000000,000.00455623,000.00107193,000.30850467,000.28
Tournament (k=2),Blend,Uniform,0.53756,0.04023,000.00000000,000.00026793,000.00001907,000.25854227,000.24
Tournament (k=2),Blend,Uniform,0.49195,0.06795,000.00000000,000.00047336,000.00020218,000.14169483,000.26
Tournament (k=2),Blend,Uniform,0.55369,0.05705,000.00000000,000.00005407,000.00000381,000.17388345,000.21
Tournament (k=2),Blend,Uniform,0.41200,0.21153,000.16401672,001.80401254,002.06712723,000.79054105,000.27
Tournament (k=2),Blend,Uniform,0.81310,0.12524,000.17726898,001.72339630,002.11301804,001.05767953,000.28
Tournament (k=2),Blend,Uniform,0.53756,0.12524,000.05126572,000.61502182,000.74405098,000.61407906,000.30
Tournament (k=2),Blend,Uniform,0.70139,0.08092,000.00016785,000.07836242,000.06659508,000.44350353,000.30
Tournament (k=2),Blend,Uniform,0.83749,0.02382,000.00000000,000.07842126,000.00001335,000.50456488,000.20
Tournament (k=2),Blend,Uniform,0.52190,0.06795,000.00000000,000.00009012,000.00004196,000.15719053,000.23
Tournament (k=2),Blend,Uniform,0.60503,0.12524,000.05450058,001.05850148,001.29726028,000.80978996,000.31
Tournament (k=2),Blend,Gaussian,0.94259,0.14915,000.08411407,001.02571273,001.30841446,000.77697188,000.40
Tournament (k=2),Blend,Uniform,0.43709,0.06795,000.00000000,000.00023360,000.00009346,000.01109745,000.24
Tournament (k=2),Blend,Uniform,0.66113,0.23084,000.56179810,002.75567818,003.15369987,001.33083880,000.36
Tournament (k=2),Blend,Gaussian,0.83749,0.14915,000.03278732,000.69814295,000.90809441,000.62825477,000.34
Tournament (k=2),Blend,Uniform,0.70139,0.02382,000.00000000,000.09491601,000.00000763,000.44215655,000.20
Tournament (k=2),Blend,Uniform,0.83749,0.07415,000.00003052,000.10280061,000.08218765,000.53755271,000.29
Tournament (k=2),Blend,Uniform,0.41200,0.02183,000.00000000,000.02231727,000.00530243,000.40636435,000.17
Tournament (k=2),Blend,Uniform,0.45020,0.03378,000.00000000,000.00340419,000.00065804,000.27533713,000.22
Tournament (k=2),Blend,Uniform,0.49195,0.07415,000.00000000,000.00064669,000.00035095,000.19431762,000.25
Tournament (k=2),Blend,Uniform,0.47762,0.04023,000.00000000,000.00061326,000.00020599,000.23609187,000.20
Tournament (k=2),Blend,Uniform,0.43709,0.14915,000.05448914,000.86162454,001.12760544,000.83190274,000.26
Tournament (k=2),Blend,Gaussian,0.91514,0.08092,000.00003815,000.01654830,000.01227379,000.21608612,000.35
Tournament (k=2),Blend,Uniform,0.68096,0.13667,000.15119553,001.56923902,001.79774094,000.97506034,000.34
Tournament (k=2),Blend,Gaussian,0.88849,0.17762,000.07125854,000.95466530,001.23036575,000.78894520,000.40
Tournament (k=2),Blend,Uniform,0.74410,0.07415,000.00000763,000.06347737,000.02728271,000.57922482,000.35
Tournament (k=2),Blend,Gaussian,0.97087,0.10516,000.00299835,000.31133112,000.25797272,000.58083457,000.37
Tournament (k=2),Blend,Uniform,0.76642,0.04023,000.00000000,000.00014453,000.00000000,000.31393197,000.28
Tournament (k=2),Blend,Uniform,0.64187,0.04791,000.00000000,000.00006156,000.00000000,000.20118783,000.26
Tournament (k=2),Blend,Uniform,0.41200,0.23084,000.12432861,001.89988446,002.32346344,001.15787232,000.32
Tournament (k=2),Blend,Uniform,0.46371,0.02000,000.00000000,000.10808325,000.01426506,000.45113686,000.23
Tournament (k=2),Blend,Uniform,0.52190,0.02000,000.00000000,000.08896790,000.00166512,000.50561619,000.24
Tournament (k=2),Blend,Uniform,0.47762,0.12524,000.02105713,000.52156985,000.65772629,000.67382389,000.27
Tournament (k=2),Blend,Gaussian,1.00000,0.13667,000.11117554,000.93457681,001.25127792,000.81495816,000.35
Tournament (k=2),Blend,Uniform,0.74410,0.02183,000.00000000,000.13905492,000.00004196,000.53701824,000.21
Tournament (k=2),Blend,Uniform,0.64187,0.13667,000.11285400,001.32848132,001.55204773,000.93910617,000.29
Tournament (k=2),Blend,Uniform,0.74410,0.21153,000.81361389,002.86493206,003.28576088,001.30610907,000.36
Tournament (k=2),Blend,Uniform,0.78941,0.02382,000.00000000,000.09334912,000.00001335,000.51442993,000.27
Tournament (k=2),Blend,Uniform,0.78941,0.07415,000.00003815,000.09177327,000.06215668,000.52483660,000.25
Tournament (k=2),Blend,Uniform,0.50670,0.12524,000.03483582,000.71884239,001.07108307,000.74464738,000.27
Tournament (k=2),Blend,Uniform,0.76642,0.12524,000.03632736,001.64753604,002.04959106,001.09520257,000.29
Tournament (k=2),Blend,Uniform,0.88849,0.02599,000.00000000,000.07784104,000.00026894,000.48297548,000.25
Tournament (k=2),Blend,Uniform,0.86261,0.04390,000.00000000,000.00209737,000.00003052,000.39654073,000.29
Tournament (k=2),Blend,Gaussian,0.97087,0.02599,000.00000000,000.04278602,000.00019264,000.47776797,000.29
Tournament (k=2),Blend,Uniform,0.50670,0.03378,000.00000000,000.00081062,000.00012779,000.34556857,000.24
Tournament (k=2),Blend,Uniform,0.57030,0.03686,000.00000000,000.00024147,000.00001335,000.21820813,000.24
Tournament (k=2),Blend,Uniform,0.64187,0.05228,000.00000000,000.00009570,000.00000381,000.17190428,000.26
Tournament (k=2),Blend,Uniform,0.86261,0.13667,000.52853394,002.11193085,002.42536354,001.00399399,000.35
Tournament (k=2),Blend,Uniform,0.83749,0.23084,000.18338776,003.12392855,003.58560371,001.16931522,000.38
Tournament (k=2),Blend,Uniform,0.40000,0.09637,000.00001907,000.01115918,000.00944901,000.25065318,000.23
Tournament (k=2),Blend,Uniform,0.72243,0.04390,000.00000000,000.00001664,000.00000000,000.27002698,000.26
Tournament (k=2),Blend,Uniform,0.46371,0.21153,000.39133453,001.78150487,002.08265305,000.95303118,000.33
Tournament (k=2),Blend,Uniform,0.72243,0.12524,000.06939697,001.46116173,001.91489983,000.96616662,000.28
Tournament (k=2),Blend,Uniform,0.88849,0.08092,000.00107574,000.40239468,000.37856674,000.79246765,000.30
Tournament (k=2),Blend,Gaussian,0.86261,0.27490,000.25092316,001.85123229,002.22133064,000.94321442,000.48
Tournament (k=2),Blend,Uniform,0.58741,0.23084,000.37866211,002.63970685,003.13792801,001.30699134,000.30
Tournament (k=2),Blend,Uniform,0.91514,0.04791,000.00000000,000.00118694,000.00002098,000.34115484,000.23
Tournament (k=2),Blend,Uniform,0.47762,0.30000,000.36392593,002.72470713,002.98056984,001.29655015,000.30
Tournament (k=2),Blend,Uniform,0.62318,0.07415,000.00000000,000.00424771,000.00130463,000.28857443,000.25
Tournament (k=2),Blend,Uniform,0.49195,0.21153,000.29319763,001.97537160,002.44094849,001.02619171,000.34
Tournament (k=2),Blend,Uniform,0.88849,0.25191,000.57852173,003.53009868,004.06025124,001.47389174,000.32
Tournament (k=2),Blend,Uniform,0.76642,0.13667,000.10697174,001.81867695,002.19885254,001.06543696,000.34
Tournament (k=2),Blend,Uniform,0.70139,0.23084,000.43862915,002.92699051,003.29906654,001.32170045,000.36
Tournament (k=2),Blend,Uniform,0.62318,0.02382,000.00000000,000.05628548,000.00004768,000.47726160,000.24
Tournament (k=2),Blend,Uniform,0.58741,0.07415,000.00000000,000.00215197,000.00080681,000.16718981,000.28
Tournament (k=2),Blend,Gaussian,0.91514,0.02599,000.00000000,000.05220184,000.00017166,000.59392768,000.27
Tournament (k=2),Blend,Uniform,0.57030,0.11476,000.00504303,000.47955123,000.46895790,000.62601453,000.28
Tournament (k=2),Blend,Uniform,0.81310,0.04390,000.00000000,000.00088992,000.00000000,000.36725667,000.22
Tournament (k=2),Blend,Uniform,0.45020,0.12524,000.00553894,000.50106466,000.56524277,000.66857940,000.29
Tournament (k=2),Blend,Uniform,0.40000,0.03095,000.00000000,000.00596237,000.00272179,000.36268219,000.18
Tournament (k=2),Blend,Uniform,0.58741,0.02382,000.00000000,000.00125203,000.00003242,000.40115798,000.21
Tournament (k=2),Blend,Uniform,0.60503,0.03686,000.00000000,000.00038905,000.00001907,000.33409449,000.22
Tournament (k=2),Blend,Uniform,0.78941,0.23084,001.15685272,003.18512464,003.58621216,001.49415517,000.32
Tournament (k=2),Blend,Uniform,0.49195,0.02000,000.00000000,000.14403848,000.00374413,000.52061421,000.22
Tournament (k=2),Blend,Uniform,0.68096,0.04791,000.00000000,000.00000396,000.00000000,000.13949315,000.27
Tournament (k=2),Blend,Uniform,0.42436,0.03095,000.00000000,000.00936737,000.00371552,000.36536095,000.23
Tournament (k=2),Blend,Uniform,0.91514,0.05228,000.00000000,000.00537615,000.00044823,000.26526493,000.24
Tournament (k=2),Blend,Uniform,0.46371,0.23084,000.35922241,002.04710436,002.32321548,001.05667090,000.35
Tournament (k=2),Blend,Uniform,0.83749,0.02599,000.00000000,000.10182176,000.00000000,000.51772171,000.21
Tournament (k=2),Blend,Uniform,0.58741,0.08092,000.00000763,000.00821223,000.00438690,000.23998886,000.27
Tournament (k=2),Blend,Uniform,0.62318,0.23084,000.23675537,002.66141033,002.99073029,001.30230522,000.32
Tournament (k=2),Blend,Uniform,0.49195,0.23084,000.24811935,002.16316915,002.52302933,001.08905137,000.34
Tournament (k=2),Blend,Gaussian,0.91514,0.02837,000.00000000,000.00165305,000.00010872,000.41989776,000.28
Tournament (k=2),Blend,Gaussian,0.97087,0.27490,000.69586945,002.06659007,002.34082031,000.88888937,000.49
Tournament (k=2),Blend,Uniform,0.91514,0.14915,000.60448456,002.56989098,002.76173019,001.07583845,000.31
Tournament (k=2),Blend,Uniform,0.70139,0.08830,000.00001907,000.22679324,000.18636131,000.55962700,000.31
Tournament (k=2),Blend,Uniform,0.53756,0.13667,000.06441498,000.97446221,001.21273232,000.77561224,000.33
Tournament (k=2),Blend,Uniform,0.41200,0.02382,000.00000000,000.06813993,000.00298500,000.48516530,000.18
Tournament (k=2),Blend,Uniform,0.52190,0.07415,000.00000000,000.00063863,000.00032043,000.15836345,000.28
Tournament (k=2),Blend,Uniform,0.43709,0.07415,000.00000000,000.00035520,000.00028801,000.01714130,000.27
Tournament (k=2),Blend,Uniform,0.70139,0.02599,000.00000000,000.02178884,000.00000000,000.40092909,000.20
Tournament (k=2),Blend,Uniform,0.70139,0.25191,000.56495285,003.03870821,003.55454636,001.29151499,000.38
Tournament (k=2),Blend,Uniform,0.76642,0.14915,000.37600708,002.14822054,002.41923332,000.97206491,000.40
Tournament (k=2),Blend,Uniform,0.60503,0.13667,000.04352570,001.27542567,001.45142937,000.91998553,000.33
Tournament (k=2),Blend,Uniform,0.45020,0.03686,000.00000000,000.00154796,000.00042725,000.25808415,000.19
Tournament (k=2),Blend,Uniform,0.83749,0.08092,000.00053787,000.36887756,000.31344223,000.67364383,000.31
Tournament (k=2),Blend,Uniform,0.43709,0.02000,000.00000000,000.17695013,000.02726746,000.56817114,000.17
Tournament (k=2),Blend,Uniform,0.47762,0.04390,000.00000000,000.00059323,000.00023079,000.22142711,000.24
Tournament (k=2),Blend,Gaussian,0.83749,0.16276,000.03141022,000.89030391,001.13118362,000.76197189,000.35
Tournament (k=2),Blend,Uniform,0.49195,0.08092,000.00000000,000.00151277,000.00115013,000.14455746,000.26
Tournament (k=2),Blend,Uniform,0.66113,0.25191,000.66516876,002.96552658,003.26319122,001.17877710,000.38
Tournament (k=2),Blend,Uniform,0.43709,0.16276,000.04998779,001.03882885,001.24143982,000.85150301,000.26
Tournament (k=2),Blend,Gaussian,0.94259,0.16276,000.10063171,001.07606983,001.26316643,000.82992238,000.46
Tournament (k=2),Blend,Uniform,0.66113,0.02382,000.00000000,000.01469746,000.00000000,000.55556661,000.20
Tournament (k=2),Blend,Uniform,0.76642,0.04390,000.00000000,000.00010748,000.00000000,000.31024715,000.22
Tournament (k=2),Blend,Uniform,0.68096,0.14915,000.23708344,001.70613921,002.14265060,001.01017451,000.28
Tournament (k=2),Blend,Uniform,0.94259,0.02837,000.00000000,000.00582061,000.00000191,000.41940880,000.21
Tournament (k=2),Blend,Uniform,0.52190,0.02183,000.00000000,000.19909558,000.01833725,000.53947049,000.22
Tournament (k=2),Blend,Uniform,0.46371,0.02183,000.00000000,000.12108555,000.00585175,000.46778756,000.22
Tournament (k=2),Blend,Gaussian,0.91514,0.08830,000.00015640,000.02743688,000.02493286,000.23703800,000.35
Tournament (k=2),Blend,Uniform,0.45020,0.04023,000.00000000,000.00143938,000.00067902,000.27381080,000.20
Tournament (k=2),Blend,Uniform,0.70139,0.09637,000.00735474,000.45585647,000.44253349,000.88958770,000.41
Tournament (k=2),Blend,Gaussian,0.97087,0.11476,000.01794434,000.44431907,000.41199303,000.55270976,000.39
Tournament (k=2),Blend,Uniform,0.64187,0.14915,000.03163910,001.83966136,002.20833778,001.03251123,000.28
Tournament (k=2),Blend,Uniform,0.86261,0.04791,000.00000000,000.00085721,000.00004578,000.22080924,000.22
Tournament (k=2),Blend,Uniform,0.78941,0.02599,000.00000000,000.03934588,000.00000000,000.47347373,000.26
Tournament (k=2),Blend,Uniform,0.74410,0.23084,000.35490417,003.12008953,003.62440681,001.39154613,000.31
Tournament (k=2),Blend,Uniform,0.50670,0.13667,000.03775024,000.98352748,001.24188614,000.92197192,000.26
Tournament (k=2),Blend,Uniform,0.50670,0.03686,000.00000000,000.00046282,000.00005150,000.26983243,000.24
Tournament (k=2),Blend,Uniform,0.83749,0.08830,000.01602936,000.87137586,001.16666031,000.76182657,000.34
Tournament (k=2),Blend,Uniform,0.78941,0.08092,000.00041199,000.26299253,000.18709373,000.70589399,000.29
Tournament (k=2),Blend,Uniform,0.88849,0.02837,000.00000000,000.11671343,000.00053787,000.49367273,000.27
Tournament (k=2),Blend,Uniform,0.57030,0.04023,000.00000000,000.00008430,000.00001144,000.26630864,000.25
Tournament (k=2),Blend,Uniform,0.40000,0.10516,000.00012207,000.05243625,000.03783417,000.34101245,000.24
Tournament (k=2),Blend,Uniform,0.76642,0.04791,000.00000000,000.00127931,000.00000954,000.40652022,000.27
Tournament (k=2),Blend,Uniform,0.64187,0.05705,000.00000000,000.00020323,000.00001335,000.26037040,000.27
Tournament (k=2),Blend,Uniform,0.72243,0.04791,000.00000000,000.00012097,000.00000000,000.23934574,000.22
Tournament (k=2),Blend,Uniform,0.52190,0.21153,000.32234573,001.97705817,002.47002411,001.09335577,000.33
Tournament (k=2),Blend,Uniform,0.83749,0.25191,001.61321259,003.73616481,004.30956078,001.47463012,000.31
Tournament (k=2),Blend,Uniform,0.86261,0.14915,000.33990860,002.19575524,002.34112167,001.27445221,000.32
Tournament (k=2),Blend,Gaussian,0.97087,0.30000,000.32127380,002.11874390,002.50630188,000.98363835,000.63
Tournament (k=2),Blend,Uniform,0.60503,0.14915,000.10758209,001.53632569,001.76327705,000.97954106,000.50
Tournament (k=2),Blend,Uniform,0.62318,0.08092,000.00000000,000.02802510,000.01362991,000.32475430,000.24
Tournament (k=2),Blend,Uniform,0.70139,0.10516,000.01190948,000.80705166,001.04404640,000.89543223,000.31
Tournament (k=2),Blend,Uniform,0.50670,0.04023,000.00000000,000.00046124,000.00012016,000.30124649,000.24
Tournament (k=2),Blend,Uniform,0.72243,0.13667,000.14342880,001.51064610,001.88501549,000.89627534,000.28
Tournament (k=2),Blend,Uniform,0.62318,0.02599,000.00000000,000.00679512,000.00002098,000.45500609,000.24
Tournament (k=2),Blend,Uniform,0.40000,0.03378,000.00000000,000.00727191,000.00340462,000.29621878,000.18
Tournament (k=2),Blend,Uniform,0.57030,0.04390,000.00000000,000.00019779,000.00001717,000.23585306,000.26
Tournament (k=2),Blend,Uniform,0.88849,0.08830,000.02513123,000.77420974,000.98706055,000.83732909,000.31
Tournament (k=2),Blend,Uniform,0.55369,0.19383,000.25815964,001.98938298,002.35181427,001.13779736,000.28
Tournament (k=2),Blend,Uniform,0.40000,0.11476,000.00086594,000.11054969,000.12741470,000.49111158,000.27
Tournament (k=2),Blend,Uniform,0.76642,0.05228,000.00000000,000.00021815,000.00000000,000.28416660,000.28
Tournament (k=2),Blend,Uniform,0.50670,0.14915,000.01528168,001.14682710,001.27675438,000.80708438,000.31
Tournament (k=2),Blend,Uniform,0.64187,0.06226,000.00000000,000.00060849,000.00004959,000.25569966,000.28
Tournament (k=2),Blend,Uniform,0.45020,0.13667,000.05733871,000.80698109,001.10925674,000.64878809,000.25
Tournament (k=2),Blend,Uniform,0.58741,0.02599,000.00000000,000.00676246,000.00003815,000.38371700,000.24
Tournament (k=2),Blend,Uniform,0.88849,0.27490,001.17192841,003.93060350,004.44611740,001.45077169,000.33
Tournament (k=2),Blend,Uniform,0.81310,0.04791,000.00000000,000.00205703,000.00000000,000.36208770,000.27
Tournament (k=2),Blend,Uniform,0.57030,0.12524,000.04584885,000.85050583,001.14094925,000.87172055,000.30
Tournament (k=2),Blend,Uniform,0.60503,0.04023,000.00000000,000.00003996,000.00000381,000.19554266,000.21
Tournament (k=2),Blend,Gaussian,0.86261,0.30000,000.14906311,001.79903638,002.27251816,000.92735499,000.44
Tournament (k=2),Blend,Uniform,0.62318,0.02837,000.00000000,000.00042086,000.00000000,000.37281358,000.20
Tournament (k=2),Blend,Uniform,0.49195,0.02183,000.00000000,000.07829122,000.00281906,000.49815062,000.22
Tournament (k=2),Blend,Uniform,0.42436,0.03378,000.00000000,000.00457926,000.00138664,000.30661371,000.23
Tournament (k=2),Blend,Uniform,0.62318,0.08830,000.00022888,000.06947746,000.06750298,000.42616343,000.27
Tournament (k=2),Blend,Uniform,0.68096,0.05228,000.00000000,000.00039639,000.00000381,000.33419326,000.26
Tournament (k=2),Blend,Uniform,0.83749,0.02837,000.00000000,000.03438316,000.00000954,000.46711195,000.26
Tournament (k=2),Blend,Gaussian,0.91514,0.03095,000.00000000,000.01991701,000.00016022,000.43204671,000.23
Tournament (k=2),Blend,Uniform,0.46371,0.25191,000.59400558,002.18296671,002.45271492,001.02004075,000.31
Tournament (k=2),Blend,Uniform,0.70139,0.02837,000.00000000,000.00147266,000.00000000,000.36528748,000.21
Tournament (k=2),Blend,Uniform,0.58741,0.08830,000.00015640,000.04652943,000.04418564,000.35078266,000.29
Tournament (k=2),Blend,Uniform,0.94259,0.08830,000.09944916,001.16090906,001.40929031,000.92103857,000.26
Tournament (k=2),Blend,Uniform,0.40000,0.12524,000.00114441,000.21824360,000.23557854,000.59714115,000.32
Tournament (k=2),Blend,Uniform,0.43709,0.08092,000.00000000,000.00085168,000.00032425,000.16421843,000.26
Tournament (k=2),Blend,Uniform,0.52190,0.08092,000.00000000,000.00101662,000.00076675,000.31261185,000.28
Tournament (k=2),Blend,Uniform,0.91514,0.16276,000.53396988,002.77252555,003.18103218,001.15585816,000.31
Tournament (k=2),Blend,Uniform,0.74410,0.08092,000.00008392,000.11577411,000.10619736,000.60425460,000.30
Tournament (k=2),Blend,Uniform,0.49195,0.25191,000.48645782,002.40602970,002.81883049,001.20583355,000.34
Tournament (k=2),Blend,Uniform,0.53756,0.14915,000.08985901,001.11438239,001.32680130,000.82968247,000.32
Tournament (k=2),Blend,Uniform,0.43709,0.02183,000.00000000,000.05115075,000.00337601,000.53167605,000.18
Tournament (k=2),Blend,Uniform,0.42436,0.03686,000.00000000,000.00217438,000.00113106,000.19913478,000.24
Tournament (k=2),Blend,Uniform,0.47762,0.13667,000.03794861,000.80672681,001.06641960,000.75514394,000.27
Tournament (k=2),Blend,Uniform,0.76642,0.16276,000.41050720,002.39761114,002.73146439,000.99324358,000.31
Tournament (k=2),Blend,Uniform,0.47762,0.04791,000.00000000,000.00018134,000.00004005,000.17033713,000.24
Tournament (k=2),Blend,Uniform,0.83749,0.03095,000.00000000,000.00090890,000.00000763,000.41452783,000.23
Tournament (k=2),Blend,Uniform,0.66113,0.02599,000.00000000,000.00484333,000.00000000,000.38942325,000.20
Tournament (k=2),Blend,Uniform,0.49195,0.08830,000.00001526,000.01023240,000.00585747,000.21092394,000.27
Tournament (k=2),Blend,Uniform,0.70139,0.27490,000.70502853,003.41179276,003.71822166,001.44925988,000.39
Tournament (k=2),Blend,Gaussian,1.00000,0.14915,000.02555847,001.11419821,001.39499283,000.73306143,000.35
Tournament (k=2),Blend,Gaussian,0.97087,0.02837,000.00000000,000.05074735,000.00028038,000.48590624,000.22
Tournament (k=2),Blend,Uniform,0.43709,0.17762,000.08927155,001.40299261,001.73648643,000.99118412,000.27
Tournament (k=2),Blend,Uniform,0.46371,0.02382,000.00000000,000.02509632,000.00418472,000.42387170,000.22
Tournament (k=2),Blend,Uniform,0.52190,0.02382,000.00000000,000.07694731,000.00080299,000.50402379,000.23
Tournament (k=2),Blend,Uniform,0.52190,0.08830,000.00003815,000.01414652,000.00777626,000.31925714,000.27
Tournament (k=2),Blend,Uniform,0.43709,0.02382,000.00000000,000.12359762,000.01463890,000.44299209,000.22
Tournament (k=2),Blend,Uniform,0.66113,0.27490,000.27393723,002.78036165,003.19775391,001.40956509,000.37
Tournament (k=2),Blend,Uniform,0.42436,0.04023,000.00000000,000.00236740,000.00069427,000.27416635,000.22
Tournament (k=2),Blend,Uniform,0.46371,0.06226,000.00000000,000.00025139,000.00009537,000.17112353,000.21
Tournament (k=2),Blend,Uniform,0.68096,0.16276,000.41847992,001.96654069,002.29029846,000.93794131,000.34
Tournament (k=2),Blend,Uniform,0.53756,0.16276,000.29533768,001.61309552,001.79089737,000.83237749,000.32
Tournament (k=2),Blend,Uniform,0.86261,0.05228,000.00000000,000.00539761,000.00027847,000.36165994,000.23
Tournament (k=2),Blend,Gaussian,0.91514,0.09637,000.00241852,000.11900520,000.10861206,000.37343884,000.35
Tournament (k=2),Blend,Uniform,0.78941,0.02837,000.00000000,000.00004587,000.00000000,000.42240748,000.23
Tournament (k=2),Blend,Gaussian,0.94259,0.17762,000.14769745,001.32736588,001.56973457,000.77651465,000.45
Tournament (k=2),Blend,Uniform,0.64187,0.16276,000.06717682,001.90119052,002.27772522,001.12329221,000.29
Tournament (k=2),Blend,Uniform,0.55369,0.02183,000.00000000,000.02859550,000.00035286,000.49005461,000.23
Tournament (k=2),Blend,Uniform,0.78941,0.08830,000.00531769,000.49191123,000.50071335,000.61225396,000.25
Tournament (k=2),Blend,Uniform,0.66113,0.06795,000.00000000,000.00063753,000.00012970,000.25662395,000.23
Tournament (k=2),Blend,Uniform,0.52190,0.02599,000.00000000,000.00367036,000.00042534,000.38944909,000.23
Tournament (k=2),Blend,Uniform,0.58741,0.25191,000.28585815,002.71584201,003.15158844,001.21009326,000.30
Tournament (k=2),Blend,Uniform,0.83749,0.09637,000.06452942,000.93916863,001.22108078,000.92652738,000.30
Tournament (k=2),Blend,Uniform,0.43709,0.19383,000.05241013,001.50660253,001.72215462,000.98690706,000.31
Tournament (k=2),Blend,Uniform,0.74410,0.25191,000.51396942,003.23243666,003.60468864,001.40112412,000.36
Tournament (k=2),Blend,Uniform,0.72243,0.05228,000.00000000,000.00046573,000.00000000,000.21688357,000.27
Tournament (k=2),Blend,Uniform,0.52190,0.09637,000.00014877,000.09977154,000.06136894,000.44455126,000.29
Tournament (k=2),Blend,Uniform,0.46371,0.06795,000.00000000,000.00034566,000.00017166,000.17180745,000.24
Tournament (k=2),Blend,Uniform,0.81310,0.13667,000.25290680,002.17779756,002.46870041,001.03671384,000.30
Tournament (k=2),Blend,Gaussian,1.00000,0.02000,000.00000000,000.08920717,000.00028992,000.51158506,000.28
Tournament (k=2),Blend,Uniform,0.40000,0.03686,000.00000000,000.00430574,000.00310516,000.29171392,000.18
Tournament (k=2),Blend,Uniform,0.50670,0.04390,000.00000000,000.00049367,000.00019073,000.25325584,000.24
Tournament (k=2),Blend,Uniform,0.91514,0.05705,000.00000000,000.00463881,000.00067520,000.32745153,000.23
Tournament (k=2),Blend,Uniform,0.52190,0.23084,000.75366592,002.45321512,002.80340576,001.03793895,000.34
Tournament (k=2),Blend,Uniform,0.68096,0.17762,000.36846161,002.29411364,002.65870285,001.09291077,000.35
Tournament (k=2),Blend,Uniform,0.70139,0.11476,000.01010132,000.93862689,001.31215286,000.91343009,000.30
Tournament (k=2),Blend,Uniform,0.72243,0.14915,000.16619110,001.93775272,002.28518867,000.99352455,000.29
Tournament (k=2),Blend,Uniform,0.60503,0.16276,000.12487030,001.79925656,002.17296982,001.24829650,000.34
Tournament (k=2),Blend,Uniform,0.78941,0.25191,000.61026001,003.23409986,003.60759926,001.35937774,000.34
Tournament (k=2),Blend,Uniform,0.57030,0.04791,000.00000000,000.00006008,000.00000381,000.14997095,000.25
Tournament (k=2),Blend,Uniform,0.88849,0.09637,000.04815292,001.16339147,001.54362488,000.91468930,000.31
Tournament (k=2),Blend,Uniform,0.55369,0.21153,000.18648529,002.13315868,002.50807571,001.09032559,000.29
Tournament (k=2),Blend,Uniform,0.62318,0.25191,000.72722244,002.60887718,003.03842163,001.32880139,000.31
Tournament (k=2),Blend,Uniform,0.58741,0.02837,000.00000000,000.00127473,000.00003433,000.36176431,000.24
Tournament (k=2),Blend,Uniform,0.50670,0.16276,000.01328278,001.34046853,001.61302376,000.81290662,000.27
Tournament (k=2),Blend,Uniform,0.76642,0.05705,000.00000000,000.00039973,000.00000954,000.30434901,000.28
Tournament (k=2),Blend,Uniform,0.64187,0.06795,000.00000000,000.00071721,000.00015450,000.20913076,000.28
Tournament (k=2),Blend,Uniform,0.45020,0.14915,000.04103470,000.90945500,001.12047577,000.75280881,000.29
Tournament (k=2),Blend,Uniform,0.62318,0.03095,000.00000000,000.00011353,000.00000000,000.34319568,000.20
Tournament (k=2),Blend,Uniform,0.49195,0.02382,000.00000000,000.01695266,000.00199699,000.42659861,000.22
Tournament (k=2),Blend,Uniform,0.57030,0.13667,000.08409119,001.13775706,001.45447540,000.92689204,000.27
Tournament (k=2),Blend,Gaussian,1.00000,0.02183,000.00000000,000.06637158,000.00028610,000.50594664,000.28
Tournament (k=2),Blend,Uniform,0.81310,0.14915,000.33861160,002.34893227,002.66080093,001.09702992,000.34
Tournament (k=2),Blend,Uniform,0.50670,0.04791,000.00000000,000.00054502,000.00016975,000.22611587,000.30
Tournament (k=2),Blend,Uniform,0.68096,0.05705,000.00000000,000.00011973,000.00001526,000.23078887,000.27
Tournament (k=2),Blend,Uniform,0.94259,0.27490,000.14653778,003.97786522,004.44264030,001.61534178,000.33
Tournament (k=2),Blend,Uniform,0.70139,0.03095,000.00000000,000.00062284,000.00000000,000.47845662,000.20
Tournament (k=2),Blend,Gaussian,0.91514,0.03378,000.00000000,000.00265846,000.00028992,000.42476976,000.29
Tournament (k=2),Blend,Uniform,0.70139,0.12524,000.04122543,001.33400881,001.60485077,000.96679908,000.33
Tournament (k=2),Blend,Uniform,0.72243,0.16276,000.30883026,002.13775420,002.37351227,001.11236191,000.34
Tournament (k=2),Blend,Uniform,0.94259,0.03095,000.00000000,000.02448740,000.00003815,000.48599866,000.21
Tournament (k=2),Blend,Uniform,0.97087,0.05228,000.00000000,000.00406795,000.00021935,000.36485738,000.23
Tournament (k=2),Blend,Uniform,0.94259,0.09637,000.10737610,001.27294767,001.41007042,000.95997238,000.26
Tournament (k=2),Blend,Uniform,0.58741,0.09637,000.00017166,000.16656947,000.13681602,000.51407701,000.29
Tournament (k=2),Blend,Uniform,0.78941,0.27490,000.99694443,003.48051310,003.83725739,001.47003663,000.39
Tournament (k=2),Blend,Uniform,1.00000,0.03095,000.00000000,000.02591624,000.00053024,000.46585828,000.26
Tournament (k=2),Blend,Uniform,0.45020,0.04390,000.00000000,000.00095749,000.00033569,000.20575599,000.24
Tournament (k=2),Blend,Uniform,0.74410,0.08830,000.00378036,000.35149851,000.39891052,000.54834300,000.30
Tournament (k=2),Blend,Uniform,0.46371,0.27490,000.30289459,002.56499338,002.95772934,001.28633094,000.44
Tournament (k=2),Blend,Uniform,0.97087,0.16276,000.13794708,002.70258856,003.05519485,001.36650860,000.36
Tournament (k=2),Blend,Uniform,0.83749,0.03378,000.00000000,000.00054564,000.00000000,000.35156804,000.21
Tournament (k=2),Blend,Uniform,1.00000,0.09637,000.03829193,001.51480794,002.01672363,000.99510455,000.28
Tournament (k=2),Blend,Uniform,0.70139,0.03378,000.00000000,000.00019708,000.00000000,000.41770709,000.21
Tournament (k=2),Blend,Uniform,0.47762,0.05228,000.00000000,000.00015526,000.00003624,000.17254862,000.24
Tournament (k=2),Blend,Uniform,0.47762,0.14915,000.04444122,001.08840060,001.26952934,000.78083986,000.27
Tournament (k=2),Blend,Uniform,0.76642,0.17762,000.23056412,002.56618428,003.07856369,001.12733746,000.31
Tournament (k=2),Blend,Uniform,0.49195,0.27490,000.34901428,002.68206882,003.05977058,001.14861608,000.36
Tournament (k=2),Blend,Uniform,0.46371,0.02599,000.00000000,000.01399589,000.00563240,000.46862751,000.22
Tournament (k=2),Blend,Uniform,0.53756,0.04390,000.00000000,000.00016561,000.00003242,000.21557723,000.20
Tournament (k=2),Blend,Uniform,0.49195,0.09637,000.00006104,000.02519822,000.02157974,000.24325477,000.29
Tournament (k=2),Blend,Uniform,0.94259,0.03378,000.00000000,000.15043005,000.00044250,000.57349616,000.26
Tournament (k=2),Blend,Uniform,0.43709,0.02599,000.00000000,000.01612263,000.00352287,000.39729834,000.23
Tournament (k=2),Blend,Uniform,0.88849,0.03095,000.00000000,000.08051024,000.00011826,000.57166576,000.27
Tournament (k=2),Blend,Uniform,0.70139,0.30000,001.26790619,003.66672945,004.17527199,001.64737856,000.33
Tournament (k=2),Blend,Uniform,0.55369,0.06226,000.00000000,000.00006685,000.00001907,000.17193939,000.27
Tournament (k=2),Blend,Uniform,0.42436,0.04390,000.00000000,000.00141788,000.00058937,000.25666362,000.20
Tournament (k=2),Blend,Uniform,1.00000,0.03378,000.00000000,000.00802412,000.00007439,000.40921205,000.29
Tournament (k=2),Blend,Uniform,0.72243,0.17762,000.40998077,002.49775243,002.87538147,001.00431252,000.36
Tournament (k=2),Blend,Uniform,0.83749,0.03686,000.00000000,000.00055604,000.00002098,000.41695964,000.22
Tournament (k=2),Blend,Uniform,0.45020,0.04791,000.00000000,000.00149918,000.00074005,000.25867838,000.27
Tournament (k=2),Blend,Uniform,0.86261,0.05705,000.00000000,000.00117307,000.00016975,000.19424115,000.24
Tournament (k=2),Blend,Uniform,0.53756,0.17762,000.17420578,001.66046906,001.95263481,001.04754305,000.30
Tournament (k=2),Blend,Uniform,0.55369,0.02382,000.00000000,000.05318327,000.00051880,000.47318849,000.24
Tournament (k=2),Blend,Uniform,0.47762,0.16276,000.06390381,001.38844180,001.63722610,000.90588665,000.29
Tournament (k=2),Blend,Uniform,0.66113,0.07415,000.00000000,000.00983400,000.00330353,000.22098105,000.24
Tournament (k=2),Blend,Uniform,0.64187,0.17762,000.18502808,002.03560710,002.54977417,001.17161500,000.29
Tournament (k=2),Blend,Uniform,0.52190,0.02837,000.00000000,000.01783056,000.00006485,000.46308318,000.23
Tournament (k=2),Blend,Uniform,0.83749,0.27490,001.29323578,003.72621775,004.24250031,001.40026510,000.40
Tournament (k=2),Blend,Gaussian,0.91514,0.10516,000.00629807,000.17214318,000.18416214,000.44217965,000.37
Tournament (k=2),Blend,Uniform,0.78941,0.09637,000.03617096,000.76903737,001.06883430,000.72481906,000.30
Tournament (k=2),Blend,Uniform,0.43709,0.21153,000.15740967,001.86968195,002.25724030,001.02542901,000.28
Tournament (k=2),Blend,Uniform,0.46371,0.07415,000.00000000,000.00048733,000.00031662,000.13918313,000.22
Tournament (k=2),Blend,Uniform,0.83749,0.10516,000.07119751,001.27745366,001.55416489,001.01587212,000.32
Tournament (k=2),Blend,Uniform,0.72243,0.05705,000.00000000,000.00044236,000.00001717,000.15101393,000.28
Tournament (k=2),Blend,Uniform,0.58741,0.27490,000.42621613,002.88591909,003.35674286,001.35092294,000.36
Tournament (k=2),Blend,Uniform,1.00000,0.30000,001.59904861,004.47114801,004.90100670,001.45952249,000.40
Tournament (k=2),Blend,Uniform,0.52190,0.10516,000.00510406,000.21930361,000.18623543,000.57422125,000.29
Tournament (k=2),Blend,Uniform,0.40000,0.04023,000.00000000,000.00475979,000.00152206,000.31661791,000.18
Tournament (k=2),Blend,Gaussian,0.94259,0.19383,000.10527802,001.39248431,001.59796524,000.94778925,000.43
Tournament (k=2),Blend,Uniform,0.74410,0.27490,001.18050385,003.37907219,003.82618141,001.39442897,000.32
Tournament (k=3),Arithmetic,Gaussian,0.40000,0.05705,000.00000763,000.00313644,000.00325012,000.00818463,000.27
Tournament (k=2),Blend,Uniform,0.86261,0.06226,000.00000000,000.00890608,000.00061226,000.34353033,000.25
Tournament (k=2),Blend,Uniform,0.60503,0.04390,000.00000000,000.00011501,000.00000191,000.28441155,000.21
Tournament (k=2),Blend,Uniform,0.74410,0.02382,000.00000000,000.11392131,000.00001526,000.52653235,000.20
Tournament (k=3),Arithmetic,Gaussian,0.41200,0.03378,000.00000000,000.01042266,000.00954628,000.04642410,000.18
Tournament (k=2),Blend,Uniform,0.53756,0.19383,000.21325684,002.04099131,002.43152618,000.98327589,000.35
Tournament (k=2),Blend,Uniform,0.66113,0.08092,000.00001526,000.03388376,000.01974869,000.32901374,000.32
Tournament (k=2),Blend,Uniform,0.57030,0.05228,000.00000000,000.00007901,000.00000572,000.21940576,000.26
Tournament (k=2),Blend,Uniform,0.60503,0.17762,000.13886261,001.90476644,002.21892548,001.00839317,000.31
Tournament (k=2),Blend,Uniform,0.52190,0.25191,000.36096573,002.22504926,002.49526024,001.26754582,000.36
Tournament (k=3),Arithmetic,Gaussian,0.40000,0.02000,000.00000000,000.03607750,000.03015709,000.21006688,000.24
Tournament (k=2),Blend,Uniform,0.68096,0.19383,000.48590088,002.43075800,002.77849579,000.95859462,000.37
Tournament (k=2),Blend,Uniform,0.49195,0.02599,000.00000000,000.02461329,000.00172997,000.36427444,000.23
Tournament (k=2),Blend,Uniform,0.50670,0.17762,000.13871384,001.54859543,002.01657867,001.04406583,000.29
Tournament (k=2),Blend,Uniform,0.76642,0.06226,000.00000000,000.00403786,000.00052261,000.16499723,000.29
Tournament (k=3),Arithmetic,Gaussian,0.40000,0.17762,000.00003052,000.00059037,000.00062943,000.00181651,000.39
Tournament (k=2),Blend,Uniform,0.88849,0.10516,000.03569412,001.32679200,001.61493111,001.02097845,000.33
Tournament (k=2),Blend,Uniform,0.55369,0.23084,000.40974045,002.38918376,002.79991531,001.20498502,000.32
Tournament (k=2),Blend,Uniform,0.62318,0.27490,001.27043915,003.12339973,003.63130760,001.14195156,000.31
Tournament (k=2),Blend,Uniform,0.91514,0.17762,001.14310455,002.88515139,003.17705917,001.09909189,000.31
Tournament (k=3),Arithmetic,Gaussian,0.42436,0.06226,000.00000000,000.00240340,000.00228691,000.01012017,000.21
Tournament (k=3),Arithmetic,Gaussian,0.41200,0.10516,000.00000000,000.00070047,000.00063705,000.00298942,000.37
Tournament (k=2),Blend,Uniform,0.81310,0.16276,000.59651947,002.42358351,002.71009827,001.06557751,000.30
Tournament (k=2),Blend,Uniform,0.50670,0.05228,000.00000000,000.00020165,000.00005150,000.19651352,000.25
Tournament (k=3),Arithmetic,Gaussian,0.42436,0.02000,000.00019455,000.03051653,000.02407837,000.21898834,000.36
Tournament (k=2),Blend,Uniform,0.86261,0.06795,000.00000000,000.07052150,000.05308914,000.43245700,000.44
Tournament (k=2),Blend,Gaussian,0.97087,0.03095,000.00000000,000.03855710,000.00025177,000.52972883,000.22
Tournament (k=2),Blend,Uniform,0.66113,0.02837,000.00000000,000.00001769,000.00000000,000.34133324,000.24
Tournament (k=2),Blend,Uniform,0.57030,0.14915,000.04634094,001.37240756,001.69948387,001.06613457,000.36
Tournament (k=2),Blend,Uniform,0.68096,0.06226,000.00000000,000.00027113,000.00001717,000.20156205,000.28
Tournament (k=2),Blend,Uniform,0.94259,0.30000,000.79061127,003.84411740,004.38362122,001.64123213,000.33
Tournament (k=3),Arithmetic,Gaussian,0.43709,0.03686,000.00000381,000.00687032,000.00676537,000.07564751,000.24
Tournament (k=2),Blend,Uniform,0.49195,0.02837,000.00000000,000.00118742,000.00035477,000.41787657,000.27
Tournament (k=2),Blend,Uniform,0.94259,0.10516,000.09072876,001.62861001,001.87191391,000.99711376,000.27
Tournament (k=2),Blend,Uniform,0.70139,0.13667,000.06985855,001.51838660,001.75114632,001.00975573,000.33
Tournament (k=2),Blend,Uniform,0.58741,0.10516,000.00244141,000.43570781,000.45369148,000.58546042,000.29
Tournament (k=2),Blend,Gaussian,1.00000,0.16276,000.05309677,001.07312894,001.31844902,000.75155622,000.36
Tournament (k=2),Blend,Uniform,0.86261,0.16276,000.27692413,002.47535110,002.94679451,001.21864951,000.29
Tournament (k=2),Blend,Uniform,0.74410,0.09637,000.02321625,000.78482139,001.12984467,000.74305159,000.30
Tournament (k=3),Arithmetic,Gaussian,0.42436,0.19383,000.00009155,000.00183702,000.00201416,000.00598259,000.38
Tournament (k=2),Blend,Uniform,0.91514,0.19383,000.93898773,003.17740893,003.48716545,001.21724463,000.33
Tournament (k=2),Blend,Uniform,0.70139,0.03686,000.00000000,000.00006394,000.00000000,000.28456849,000.20
Tournament (k=2),Blend,Uniform,0.97087,0.17762,001.02323914,003.24877858,003.66645813,001.22537875,000.37
Tournament (k=3),Arithmetic,Gaussian,0.43709,0.11476,000.00000000,000.00051069,000.00041389,000.00329132,000.26
Tournament (k=2),Blend,Uniform,0.55369,0.25191,000.05362701,002.61586380,003.02433777,001.26867795,000.41
Tournament (k=3),Arithmetic,Gaussian,0.42436,0.06795,000.00000000,000.00188694,000.00163460,000.01301182,000.27
Tournament (k=2),Blend,Uniform,0.78941,0.03095,000.00000000,000.00699725,000.00000191,000.44695687,000.26
Tournament (k=2),Blend,Uniform,0.68096,0.06795,000.00000000,000.00252867,000.00058365,000.28963161,000.26
Tournament (k=2),Blend,Uniform,0.66113,0.30000,000.92282867,003.40070105,003.75316048,001.42424619,000.45
Tournament (k=2),Blend,Uniform,0.53756,0.04791,000.00000000,000.00016413,000.00005341,000.21686670,000.21
Tournament (k=2),Blend,Uniform,0.76642,0.19383,000.21207047,002.89192033,003.37361145,001.24519587,000.30
Tournament (k=2),Blend,Uniform,0.97087,0.02000,000.00000000,000.13332658,000.00043678,000.58659869,000.24
Tournament (k=2),Blend,Uniform,0.46371,0.02837,000.00000000,000.01959367,000.00132942,000.48759067,000.22
Tournament (k=3),Arithmetic,Gaussian,0.45020,0.02183,000.00000000,000.01855240,000.01813126,000.16887499,000.23
Tournament (k=3),Arithmetic,Gaussian,0.43709,0.04023,000.00000763,000.00479503,000.00486755,000.04697784,000.25
Tournament (k=2),Blend,Uniform,0.94259,0.03686,000.00000000,000.00359459,000.00046730,000.43543690,000.22
Tournament (k=3),Arithmetic,Gaussian,0.45020,0.06795,000.00000000,000.00177698,000.00165749,000.01101895,000.23
Tournament (k=2),Blend,Uniform,0.55369,0.06795,000.00000000,000.00050626,000.00005722,000.17479463,000.22
Tournament (k=2),Blend,Uniform,0.88849,0.03378,000.00000000,000.00076189,000.00000191,000.45261052,000.27
Tournament (k=2),Blend,Uniform,0.83749,0.04023,000.00000000,000.00126052,000.00000572,000.41042361,000.22
Tournament (k=2),Blend,Uniform,0.74410,0.10516,000.00878143,000.85824096,001.09435081,000.97510207,000.32
Tournament (k=2),Blend,Uniform,1.00000,0.03686,000.00000000,000.00048966,000.00000000,000.29363981,000.28
Tournament (k=3),Arithmetic,Gaussian,0.46371,0.04023,000.00000000,000.00793109,000.00882721,000.10023463,000.19
Tournament (k=2),Blend,Uniform,0.72243,0.19383,000.79281998,002.66850710,002.94643593,001.20309234,000.30
Tournament (k=2),Blend,Uniform,0.52190,0.03095,000.00000000,000.00129871,000.00010109,000.33564731,000.19
Tournament (k=2),Blend,Uniform,0.55369,0.02599,000.00000000,000.00228090,000.00009155,000.30594310,000.23
Tournament (k=2),Blend,Uniform,0.81310,0.05228,000.00000000,000.00154123,000.00012398,000.33603239,000.25
Tournament (k=2),Blend,Uniform,0.53756,0.05228,000.00000000,000.00006752,000.00000763,000.19578020,000.22
Tournament (k=2),Blend,Uniform,0.68096,0.02000,000.00000000,000.13863750,000.00000381,000.48034278,000.22
Tournament (k=2),Blend,Uniform,0.97087,0.02183,000.00000000,000.07872677,000.00027275,000.57706958,000.28
Tournament (k=2),Blend,Uniform,0.78941,0.10516,000.01869202,001.12159181,001.26227188,000.87502575,000.26
Tournament (k=3),Arithmetic,Gaussian,0.45020,0.21153,000.00006485,000.00455165,000.00488091,000.01465233,000.42
Tournament (k=3),Arithmetic,Gaussian,0.43709,0.04390,000.00000763,000.00434699,000.00356674,000.01640865,000.27
Tournament (k=2),Blend,Uniform,0.94259,0.04023,000.00000000,000.00413866,000.00033188,000.50271213,000.27
Tournament (k=3),Arithmetic,Gaussian,0.46371,0.12524,000.00000000,000.00039597,000.00046158,000.00123509,000.33
Tournament (k=2),Blend,Uniform,0.72243,0.06226,000.00000000,000.00238800,000.00026321,000.19963320,000.28
Tournament (k=3),Arithmetic,Gaussian,0.47762,0.02382,000.00000000,000.01510243,000.01504517,000.11549711,000.23
Tournament (k=2),Blend,Uniform,0.88849,0.30000,000.52183533,003.99839354,004.32688904,001.67744195,000.43
Tournament (k=3),Arithmetic,Gaussian,0.47762,0.07415,000.00000000,000.00172381,000.00166702,000.00749319,000.22
Tournament (k=2),Blend,Uniform,0.58741,0.03095,000.00000000,000.00067105,000.00000191,000.31064615,000.25
Tournament (k=2),Blend,Uniform,0.83749,0.11476,000.20592499,001.52513349,001.79661369,000.91769725,000.33
Tournament (k=2),Blend,Uniform,0.74410,0.02599,000.00000000,000.00385184,000.00000000,000.50772399,000.20
Tournament (k=3),Arithmetic,Gaussian,0.41200,0.03686,000.00000000,000.00780554,000.00875473,000.07397436,000.19
Tournament (k=2),Blend,Uniform,0.60503,0.04791,000.00000000,000.00003338,000.00001144,000.14049165,000.22
Tournament (k=2),Blend,Uniform,0.58741,0.30000,000.50925827,003.36710858,003.77546501,001.56761634,000.31
Tournament (k=2),Blend,Uniform,0.62318,0.03378,000.00000000,000.00093112,000.00000000,000.35568112,000.25
Tournament (k=2),Blend,Uniform,0.64187,0.07415,000.00000000,000.00414290,000.00096703,000.18069817,000.28
Tournament (k=3),Arithmetic,Gaussian,0.40000,0.06226,000.00000000,000.00199270,000.00217438,000.00705200,000.27
Tournament (k=2),Blend,Uniform,0.74410,0.30000,001.04837799,003.74978185,004.19423866,001.51373971,000.32
Tournament (k=2),Blend,Uniform,0.53756,0.05705,000.00000000,000.00013914,000.00003624,000.24093290,000.24
Tournament (k=2),Blend,Uniform,0.66113,0.08830,000.00012970,000.10258150,000.08206177,000.52354223,000.25
Tournament (k=2),Blend,Uniform,0.57030,0.05705,000.00000000,000.00015750,000.00000763,000.20683211,000.26
Tournament (k=3),Arithmetic,Gaussian,0.40000,0.02183,000.00001526,000.02549100,000.02592468,000.11359513,000.24
Tournament (k=3),Arithmetic,Gaussian,0.47762,0.08092,000.00000000,000.00122771,000.00119781,000.00642585,000.24
Tournament (k=2),Blend,Uniform,0.58741,0.03378,000.00000000,000.00012307,000.00000000,000.20792013,000.25
Tournament (k=2),Blend,Uniform,0.60503,0.02000,000.00000000,000.15211296,000.00102234,000.51028079,000.24
Tournament (k=2),Blend,Uniform,0.60503,0.19383,000.40051651,002.19059992,002.57815552,001.19885695,000.35
Tournament (k=2),Blend,Uniform,0.62318,0.03686,000.00000000,000.00002689,000.00000000,000.30098939,000.23
Tournament (k=2),Blend,Uniform,0.52190,0.27490,000.11666489,002.78247094,003.24102020,001.28304780,000.35
Tournament (k=2),Blend,Uniform,0.97087,0.05705,000.00000000,000.02050133,000.00781059,000.36420682,000.30
Tournament (k=3),Arithmetic,Gaussian,0.47762,0.23084,000.00042343,000.01583991,000.01600266,000.04078998,000.32
Tournament (k=2),Blend,Uniform,0.64187,0.08092,000.00000000,000.03048873,000.01389694,000.35027286,000.28
Tournament (k=2),Blend,Uniform,0.62318,0.30000,000.28957367,003.08441114,003.39911079,001.33460963,000.32
Tournament (k=2),Blend,Uniform,0.88849,0.11476,000.16586304,001.72041106,002.08829689,000.90670586,000.34
Tournament (k=3),Arithmetic,Gaussian,0.40000,0.06795,000.00000000,000.00219336,000.00238419,000.00531713,000.28
Tournament (k=2),Blend,Uniform,0.78941,0.30000,001.18112183,003.70064425,004.14334297,001.49829495,000.34
Tournament (k=2),Blend,Uniform,0.68096,0.21153,000.31282043,002.51581526,002.93914413,001.37391925,000.40
Tournament (k=3),Arithmetic,Gaussian,0.40000,0.19383,000.00004959,000.00162048,000.00164604,000.01070809,000.38
Tournament (k=2),Blend,Uniform,0.50670,0.05705,000.00000000,000.00022397,000.00014496,000.17327796,000.26
Tournament (k=2),Blend,Uniform,0.66113,0.03095,000.00000000,000.00026975,000.00000572,000.38602591,000.20
Tournament (k=2),Blend,Gaussian,0.97087,0.03378,000.00000000,000.00070772,000.00000191,000.39986888,000.23
Tournament (k=2),Blend,Uniform,0.86261,0.07415,000.00010681,000.19642749,000.13284683,000.66794163,000.25
Tournament (k=2),Blend,Uniform,0.81310,0.17762,000.49636078,002.72185850,003.16967392,001.19589150,000.31
Tournament (k=2),Blend,Uniform,0.49195,0.03095,000.00000000,000.00078421,000.00021744,000.27386063,000.19
Tournament (k=2),Blend,Uniform,0.70139,0.04023,000.00000000,000.00017085,000.00000572,000.26101840,000.20
Tournament (k=2),Blend,Uniform,0.72243,0.02000,000.00000000,000.18487898,000.00002289,000.58555257,000.24
Tournament (k=2),Blend,Uniform,0.58741,0.11476,000.02404785,000.67798549,000.76832199,000.78353226,000.31
Tournament (k=2),Blend,Uniform,0.66113,0.09637,000.00225830,000.31150371,000.21908760,000.64706564,000.49
Tournament (k=2),Blend,Uniform,0.49195,0.30000,000.59450531,002.86412764,003.32879639,001.24849391,000.37
Tournament (k=2),Blend,Uniform,0.57030,0.16276,000.17044067,001.51461840,001.77388954,001.05281305,000.40
Tournament (k=2),Blend,Uniform,0.91514,0.06226,000.00000000,000.03334909,000.02195358,000.35730821,000.23
Tournament (k=2),Blend,Uniform,0.70139,0.14915,000.05384064,001.86472702,002.21121788,001.05786407,000.37
Tournament (k=2),Blend,Gaussian,0.97087,0.03686,000.00000000,000.00148783,000.00014305,000.36015049,000.23
Tournament (k=2),Blend,Uniform,0.91514,0.21153,000.97145081,003.39784360,003.87198448,001.26842439,000.32
Tournament (k=2),Blend,Uniform,0.78941,0.03378,000.00000000,000.00039968,000.00000000,000.39700520,000.26
Tournament (k=2),Blend,Uniform,0.86261,0.08092,000.00084686,000.51451296,000.49476814,000.68576550,000.25
Tournament (k=2),Blend,Uniform,0.62318,0.04023,000.00000000,000.00004654,000.00000000,000.39255187,000.40
Tournament (k=3),Arithmetic,Gaussian,0.42436,0.07415,000.00000000,000.00145979,000.00115013,000.00653335,000.28
Tournament (k=2),Blend,Uniform,0.97087,0.06226,000.00000000,000.06302867,000.03403854,000.47810450,000.40
Tournament (k=2),Blend,Uniform,0.62318,0.09637,000.00020599,000.24539623,000.22323227,000.53177369,000.25
Tournament (k=2),Blend,Uniform,0.55369,0.27490,000.81465149,002.75078130,003.16995239,001.18273962,000.30
Tournament (k=2),Blend,Uniform,0.68096,0.07415,000.00000000,000.02130055,000.00763702,000.27915564,000.28
Tournament (k=3),Arithmetic,Gaussian,0.43709,0.12524,000.00000000,000.00052133,000.00048828,000.00200272,000.33
Tournament (k=3),Arithmetic,Gaussian,0.42436,0.21153,000.00008011,000.00620384,000.00733566,000.01319932,000.37
Tournament (k=2),Blend,Uniform,0.97087,0.19383,000.88803101,003.27213216,003.61170959,001.44341648,000.38
Tournament (k=3),Arithmetic,Gaussian,0.45020,0.02382,000.00000000,000.02189250,000.02312660,000.18225223,000.23
Tournament (k=2),Blend,Uniform,0.81310,0.19383,000.40901566,002.85426879,003.33403206,001.29144275,000.36
Tournament (k=2),Blend,Uniform,0.43709,0.23084,000.08514786,001.84928679,002.21066666,001.08708632,000.28
Tournament (k=3),Arithmetic,Gaussian,0.47762,0.25191,000.00140381,000.03803735,000.03440094,000.13440000,000.55
Tournament (k=2),Blend,Uniform,0.46371,0.08092,000.00000000,000.00125208,000.00054550,000.11834396,000.22
Tournament (k=2),Blend,Uniform,0.83749,0.04390,000.00000000,000.00080009,000.00005722,000.32386824,000.21
Tournament (k=3),Arithmetic,Gaussian,0.46371,0.04390,000.00000000,000.00561790,000.00485992,000.02264255,000.19
Tournament (k=2),Blend,Uniform,0.55369,0.07415,000.00000000,000.00107865,000.00046539,000.14015836,000.23
Tournament (k=2),Blend,Uniform,1.00000,0.04023,000.00000000,000.00218792,000.00013733,000.37473875,000.22
Tournament (k=2),Blend,Uniform,0.52190,0.03378,000.00000000,000.00047812,000.00008011,000.25388980,000.23
Tournament (k=3),Arithmetic,Gaussian,0.45020,0.07415,000.00000000,000.00150352,000.00135040,000.01455662,000.28
Tournament (k=2),Blend,Uniform,0.97087,0.02382,000.00000000,000.12561588,000.00073433,000.56951594,000.21
Tournament (k=2),Blend,Uniform,0.55369,0.02837,000.00000000,000.00260010,000.00005341,000.40257511,000.23
Tournament (k=2),Blend,Uniform,0.88849,0.03686,000.00000000,000.00174837,000.00008011,000.40126750,000.27
Tournament (k=2),Blend,Uniform,0.68096,0.02183,000.00000000,000.12767181,000.00000381,000.48922753,000.24
Tournament (k=3),Arithmetic,Gaussian,0.49195,0.04390,000.00000000,000.00414767,000.00442314,000.02052068,000.25
Tournament (k=3),Arithmetic,Gaussian,0.42436,0.08092,000.00000000,000.00152421,000.00154877,000.00770738,000.28
Tournament (k=2),Blend,Uniform,0.74410,0.11476,000.01293564,001.23128939,001.48081589,000.99783981,000.31
Tournament (k=2),Blend,Uniform,0.68096,0.08092,000.00006104,000.08352728,000.05404472,000.41569817,000.29
Tournament (k=3),Arithmetic,Gaussian,0.43709,0.04791,000.00000000,000.00384054,000.00384712,000.01563238,000.26
Tournament (k=2),Blend,Uniform,0.94259,0.04390,000.00000000,000.00400953,000.00000191,000.40397587,000.23
Tournament (k=2),Blend,Uniform,0.78941,0.11476,000.03575897,001.47019506,001.80025482,000.92442179,000.32
Tournament (k=2),Blend,Uniform,0.46371,0.08830,000.00000000,000.00576606,000.00405121,000.25543877,000.23
Tournament (k=3),Arithmetic,Gaussian,0.46371,0.04791,000.00000381,000.00389080,000.00383186,000.02060082,000.22
Tournament (k=2),Blend,Uniform,0.83749,0.04791,000.00000000,000.00172834,000.00002670,000.38064057,000.23
Tournament (k=2),Blend,Uniform,0.55369,0.08092,000.00000000,000.00722136,000.00167465,000.29140499,000.24
Tournament (k=2),Blend,Uniform,1.00000,0.04390,000.00000000,000.00064988,000.00000000,000.40794581,000.24
Tournament (k=2),Blend,Uniform,0.74410,0.02837,000.00000000,000.00031066,000.00000000,000.49466324,000.20
Tournament (k=3),Arithmetic,Gaussian,0.41200,0.04023,000.00000000,000.00646362,000.00667953,000.02556498,000.19
Tournament (k=3),Arithmetic,Gaussian,0.47762,0.02599,000.00000000,000.01846376,000.02200508,000.07235783,000.24
Tournament (k=2),Blend,Uniform,0.91514,0.02000,000.00000000,000.23699594,000.00045013,000.59187853,000.25
Tournament (k=3),Arithmetic,Gaussian,0.45020,0.23084,000.00061035,000.01152759,000.01419830,000.03337622,000.42
Tournament (k=2),Blend,Uniform,0.72243,0.06795,000.00000000,000.00368991,000.00052643,000.28198344,000.26
Tournament (k=2),Blend,Uniform,0.76642,0.06795,000.00000000,000.00700870,000.00236893,000.29359612,000.28
Tournament (k=2),Blend,Uniform,0.88849,0.04023,000.00000000,000.00103278,000.00001526,000.43145633,000.28
Tournament (k=3),Arithmetic,Gaussian,0.42436,0.02183,000.00000000,000.03060431,000.02594948,000.21230768,000.19
Tournament (k=2),Blend,Uniform,0.53756,0.06226,000.00000000,000.00006375,000.00002289,000.09944545,000.22
Tournament (k=3),Arithmetic,Gaussian,0.42436,0.08830,000.00000000,000.00092998,000.00095749,000.00397083,000.32
Tournament (k=3),Arithmetic,Gaussian,0.41200,0.11476,000.00000381,000.00052676,000.00058365,000.00131513,000.32
Tournament (k=3),Arithmetic,Gaussian,0.47762,0.27490,000.00262451,000.06327224,000.06896019,000.17827819,000.47
Tournament (k=2),Blend,Uniform,0.57030,0.06226,000.00000000,000.00004320,000.00000763,000.14800440,000.23
Tournament (k=2),Blend,Uniform,0.76642,0.02000,000.00000000,000.11452980,000.00000000,000.56533015,000.26
Tournament (k=3),Arithmetic,Gaussian,0.40000,0.02382,000.00000381,000.01929617,000.01532364,000.16861860,000.23
Tournament (k=2),Blend,Uniform,1.00000,0.10516,000.01849747,001.68450892,002.09129333,001.08016884,000.36
Tournament (k=2),Blend,Uniform,0.60503,0.02183,000.00000000,000.07229152,000.00003815,000.48031116,000.22
Tournament (k=3),Arithmetic,Gaussian,0.47762,0.08830,000.00000000,000.00102630,000.00101471,000.00730842,000.24
Tournament (k=3),Arithmetic,Gaussian,0.41200,0.04390,000.00001526,000.00638495,000.00581360,000.05370972,000.21
Tournament (k=2),Blend,Uniform,0.64187,0.02000,000.00000000,000.08802843,000.00000381,000.53641933,000.19
Tournament (k=2),Blend,Uniform,0.58741,0.03686,000.00000000,000.00027032,000.00000954,000.31811965,000.25
Tournament (k=2),Blend,Uniform,0.60503,0.21153,000.37126923,002.31319857,002.66407204,001.06391788,000.30
Tournament (k=2),Blend,Uniform,0.91514,0.02183,000.00000000,000.13919596,000.00009918,000.55448133,000.27
Tournament (k=2),Blend,Uniform,0.86261,0.17762,000.74066925,002.94595647,003.26362419,001.24162495,000.31
Tournament (k=2),Blend,Uniform,0.66113,0.03378,000.00000000,000.00007291,000.00000000,000.33402643,000.21
Tournament (k=3),Arithmetic,Gaussian,0.50670,0.02599,000.00000000,000.01053777,000.01028824,000.15003520,000.24
Tournament (k=2),Blend,Uniform,0.52190,0.30000,000.18333435,002.77043605,003.11943817,001.52838945,000.37
Tournament (k=2),Blend,Uniform,0.88849,0.12524,000.18546677,001.98804474,002.32570839,000.97727281,000.34
Tournament (k=3),Arithmetic,Gaussian,0.40000,0.07415,000.00001144,000.00141754,000.00174904,000.00754723,000.28
Tournament (k=3),Arithmetic,Gaussian,0.49195,0.13667,000.00000381,000.00021343,000.00018501,000.00070385,000.38
Tournament (k=2),Blend,Uniform,0.57030,0.06795,000.00000000,000.00064492,000.00013161,000.16160671,000.24
Tournament (k=2),Blend,Uniform,0.60503,0.02382,000.00000000,000.00085583,000.00005531,000.34601229,000.21
Tournament (k=3),Arithmetic,Gaussian,0.50670,0.08092,000.00000000,000.00151758,000.00137138,000.00825020,000.24
Tournament (k=3),Arithmetic,Gaussian,0.41200,0.04791,000.00001144,000.00407586,000.00473595,000.01348731,000.25
Tournament (k=3),Arithmetic,Gaussian,0.42436,0.09637,000.00000000,000.00092545,000.00105095,000.00397237,000.33
Tournament (k=2),Blend,Uniform,0.72243,0.02183,000.00000000,000.13343187,000.00000381,000.60947710,000.25
Tournament (k=2),Blend,Uniform,0.66113,0.10516,000.00564575,000.65749526,001.00294685,000.80348855,000.26
Tournament (k=2),Blend,Uniform,0.76642,0.21153,000.38259125,002.72075558,003.07240295,001.37309265,000.31
Tournament (k=2),Blend,Uniform,0.58741,0.12524,000.02401733,000.91895550,001.21837044,000.76789492,000.28
Tournament (k=2),Blend,Uniform,0.58741,0.04023,000.00000000,000.00001364,000.00000000,000.21501274,000.26
Tournament (k=3),Arithmetic,Gaussian,0.40000,0.21153,000.00014496,000.00536375,000.00617599,000.00949897,000.38
Tournament (k=2),Blend,Uniform,0.91514,0.06795,000.00002289,000.15525250,000.10081291,000.55180037,000.24
Tournament (k=2),Blend,Uniform,0.62318,0.04390,000.00000000,000.00008669,000.00000381,000.23589501,000.21
Tournament (k=2),Blend,Uniform,0.86261,0.08830,000.02357483,000.69431424,000.90878868,000.96159941,000.25
Tournament (k=2),Blend,Uniform,0.78941,0.03686,000.00000000,000.00279636,000.00002480,000.38905591,000.26
Tournament (k=3),Arithmetic,Gaussian,0.47762,0.30000,000.00476456,000.11198640,000.13035965,000.25253811,000.52
Tournament (k=2),Blend,Uniform,0.97087,0.06795,000.00000000,000.27498317,000.25298882,000.63332629,000.25
Tournament (k=2),Blend,Uniform,0.68096,0.23084,000.75992584,002.90833569,003.27383995,001.17723179,000.55
Tournament (k=3),Arithmetic,Gaussian,0.45020,0.02599,000.00000000,000.01784411,000.02326965,000.11697676,000.23
Tournament (k=2),Blend,Uniform,0.57030,0.17762,000.17533112,001.91145587,002.39281273,001.04894388,000.39
Tournament (k=2),Blend,Uniform,0.70139,0.16276,000.22103882,001.96278381,002.31920242,001.19160402,000.34
Tournament (k=3),Arithmetic,Gaussian,0.50670,0.25191,000.00229645,000.03060136,000.03211403,000.12987934,000.32
Tournament (k=2),Blend,Uniform,0.81310,0.05705,000.00000000,000.00215158,000.00013733,000.28138560,000.28
Tournament (k=3),Arithmetic,Gaussian,0.40000,0.08092,000.00000000,000.00148230,000.00154877,000.00672183,000.37
Tournament (k=2),Blend,Uniform,0.81310,0.21153,000.24730301,002.91376424,003.40605164,001.34346020,000.30
Tournament (k=2),Blend,Uniform,0.60503,0.23084,000.32237625,002.61753678,002.96696663,001.12922192,000.50
Tournament (k=3),Arithmetic,Gaussian,0.52190,0.04791,000.00000000,000.00398140,000.00360680,000.01418801,000.20
Tournament (k=2),Blend,Uniform,0.76642,0.23084,001.18500519,002.86531115,003.20836449,001.09344459,000.31
Tournament (k=2),Blend,Uniform,0.72243,0.21153,000.33463669,002.82212710,003.29930687,001.15075767,000.35
Tournament (k=3),Arithmetic,Gaussian,0.43709,0.13667,000.00000000,000.00033774,000.00029945,000.00206609,000.34
Tournament (k=2),Blend,Uniform,0.97087,0.21153,000.76735687,003.67710161,004.16359711,001.43215466,000.36
Tournament (k=3),Arithmetic,Gaussian,0.46371,0.13667,000.00000000,000.00015450,000.00016594,000.00103370,000.32
Tournament (k=3),Arithmetic,Gaussian,0.40000,0.23084,000.00035095,000.01560087,000.01699638,000.03289227,000.32
Tournament (k=3),Arithmetic,Gaussian,0.45020,0.08092,000.00000381,000.00133696,000.00131607,000.00705992,000.22
Tournament (k=2),Blend,Uniform,0.72243,0.02382,000.00000000,000.04956684,000.00000000,000.49947003,000.39
Tournament (k=3),Arithmetic,Gaussian,0.42436,0.23084,000.00010681,000.01394734,000.01494026,000.02977417,000.39
Tournament (k=2),Blend,Uniform,0.97087,0.02599,000.00000000,000.03343935,000.00020981,000.49636835,000.21
Tournament (k=2),Blend,Uniform,0.55369,0.03095,000.00000000,000.00067272,000.00002670,000.35225850,000.19
Tournament (k=2),Blend,Uniform,0.68096,0.02382,000.00000000,000.00021758,000.00000000,000.39861611,000.24
Tournament (k=2),Blend,Uniform,0.60503,0.05228,000.00000000,000.00003061,000.00000763,000.23171505,000.22
Tournament (k=3),Arithmetic,Gaussian,0.42436,0.10516,000.00000000,000.00073733,000.00064850,000.00332840,000.51
Tournament (k=3),Arithmetic,Gaussian,0.49195,0.04791,000.00000000,000.00379138,000.00451469,000.01894930,000.26
Tournament (k=3),Arithmetic,Gaussian,0.46371,0.05228,000.00001526,000.00373540,000.00368309,000.01491093,000.20
Tournament (k=2),Blend,Uniform,0.94259,0.04791,000.00000000,000.00381174,000.00011063,000.32878214,000.23
Tournament (k=2),Blend,Uniform,0.83749,0.12524,000.17381668,001.77291548,002.15112686,001.11747110,000.33
Tournament (k=2),Blend,Uniform,0.74410,0.03095,000.00000000,000.00238247,000.00000191,000.42549405,000.20
Tournament (k=3),Arithmetic,Gaussian,0.43709,0.05228,000.00000000,000.00445056,000.00478745,000.01876253,000.26
Tournament (k=2),Blend,Uniform,0.83749,0.05228,000.00000000,000.00138683,000.00007057,000.28480771,000.22
Tournament (k=2),Blend,Uniform,0.68096,0.08830,000.00041199,000.24544016,000.19138718,000.60091835,000.29
Tournament (k=2),Blend,Uniform,0.74410,0.12524,000.19654465,001.45146918,001.66368103,001.01225150,000.32
Tournament (k=3),Arithmetic,Gaussian,0.52190,0.14915,000.00000000,000.00015841,000.00016403,000.00099378,000.28
Tournament (k=2),Blend,Uniform,0.97087,0.02837,000.00000000,000.00228219,000.00007629,000.49425054,000.24
Tournament (k=2),Blend,Uniform,0.72243,0.02599,000.00000000,000.00091414,000.00000000,000.42232960,000.26
Tournament (k=2),Blend,Uniform,0.78941,0.12524,000.11023712,001.59687543,001.95570374,001.08809459,000.32
Tournament (k=2),Blend,Uniform,1.00000,0.04791,000.00000000,000.00304246,000.00006866,000.25681904,000.28
Tournament (k=3),Arithmetic,Gaussian,0.46371,0.14915,000.00000000,000.00015378,000.00013733,000.00085669,000.31
Tournament (k=2),Blend,Uniform,0.81310,0.02000,000.00000000,000.17477579,000.00011444,000.57272524,000.20
Tournament (k=3),Arithmetic,Gaussian,0.42436,0.25191,000.00073242,000.03179336,000.03812408,000.06837866,000.38
Tournament (k=2),Blend,Uniform,0.72243,0.07415,000.00000763,000.03346968,000.02747154,000.34512046,000.28
Tournament (k=3),Arithmetic,Gaussian,0.49195,0.05228,000.00000381,000.00383148,000.00457573,000.01199571,000.26
Tournament (k=2),Blend,Uniform,0.76642,0.07415,000.00001526,000.07158132,000.05258369,000.39588311,000.28
Tournament (k=2),Blend,Uniform,0.88849,0.04390,000.00000000,000.00027165,000.00000000,000.29858306,000.28
Tournament (k=3),Arithmetic,Gaussian,0.46371,0.05705,000.00000000,000.00271053,000.00283623,000.01510955,000.23
Tournament (k=3),Arithmetic,Gaussian,0.40000,0.02599,000.00000381,000.01768575,000.01636505,000.12561037,000.21
Tournament (k=3),Arithmetic,Gaussian,0.53756,0.02837,000.00000000,000.00903440,000.00935173,000.05548175,000.24
Tournament (k=3),Arithmetic,Gaussian,0.45020,0.25191,000.00101471,000.02886133,000.03345299,000.08214366,000.40
Tournament (k=2),Blend,Uniform,0.76642,0.02183,000.00000000,000.04126162,000.00000000,000.50519854,000.25
Tournament (k=2),Blend,Uniform,0.64187,0.02183,000.00000000,000.04968891,000.00001526,000.44188252,000.19
Tournament (k=2),Blend,Uniform,0.70139,0.04390,000.00000000,000.00003052,000.00000000,000.24035096,000.21
Tournament (k=3),Arithmetic,Gaussian,0.47762,0.09637,000.00000000,000.00061398,000.00065422,000.00704387,000.25
Tournament (k=2),Blend,Uniform,0.64187,0.19383,000.38966370,002.57409453,002.94792938,001.06301320,000.29
Tournament (k=3),Arithmetic,Gaussian,0.53756,0.08830,000.00000000,000.00087008,000.00093460,000.00319011,000.31
Tournament (k=2),Blend,Uniform,0.66113,0.03686,000.00000000,000.00000472,000.00000000,000.30443734,000.20
Tournament (k=2),Blend,Uniform,0.91514,0.02382,000.00000000,000.19397660,000.00026703,000.65146273,000.26
Tournament (k=2),Blend,Uniform,0.83749,0.30000,000.88671494,004.09873486,004.65637970,001.70624101,000.33
Tournament (k=2),Blend,Uniform,0.86261,0.19383,000.37968063,002.81134248,003.27950096,001.28819489,000.31
Tournament (k=2),Blend,Uniform,0.53756,0.02000,000.00000000,000.04216442,000.00018883,000.58520532,000.23
Tournament (k=3),Arithmetic,Gaussian,0.41200,0.05228,000.00000000,000.00370855,000.00325775,000.02343062,000.20
Tournament (k=3),Arithmetic,Gaussian,0.46371,0.06226,000.00000000,000.00197873,000.00231934,000.00936555,000.27
Tournament (k=3),Arithmetic,Gaussian,0.55369,0.05228,000.00000000,000.00300274,000.00278473,000.01631081,000.27
Tournament (k=3),Arithmetic,Gaussian,0.53756,0.27490,000.00139618,000.06966095,000.07649231,000.12959300,000.42
Tournament (k=2),Blend,Uniform,0.88849,0.04791,000.00000000,000.00182352,000.00025749,000.26736832,000.30
Tournament (k=3),Arithmetic,Gaussian,0.50670,0.08830,000.00000000,000.00082574,000.00099564,000.00340645,000.25
Tournament (k=2),Blend,Uniform,0.76642,0.08092,000.00001144,000.27040339,000.23732567,000.62630361,000.30
Tournament (k=2),Blend,Uniform,0.62318,0.10516,000.00114441,000.52068651,000.63492393,000.71146393,000.26
Tournament (k=3),Arithmetic,Gaussian,0.49195,0.14915,000.00000000,000.00016780,000.00021935,000.00089317,000.31
Tournament (k=2),Blend,Uniform,0.88849,0.13667,000.29285431,002.18765306,002.52246475,001.18828607,000.34
Tournament (k=3),Arithmetic,Gaussian,0.55369,0.16276,000.00000000,000.00014830,000.00012398,000.00145118,000.30
Tournament (k=3),Arithmetic,Gaussian,0.47762,0.10516,000.00000000,000.00058899,000.00062180,000.00356935,000.28
Tournament (k=3),Arithmetic,Gaussian,0.42436,0.27490,000.00401306,000.05992208,000.06806564,000.19260731,000.40
Tournament (k=3),Arithmetic,Gaussian,0.57030,0.03095,000.00000000,000.00946422,000.00912285,000.03385226,000.26
Tournament (k=2),Blend,Uniform,0.91514,0.07415,000.00004578,000.33783382,000.32542038,000.63001430,000.25
Tournament (k=3),Arithmetic,Gaussian,0.53756,0.09637,000.00000000,000.00047264,000.00059891,000.00207664,000.30
Tournament (k=3),Arithmetic,Gaussian,0.57030,0.09637,000.00000381,000.00052915,000.00055504,000.00323736,000.32
Tournament (k=2),Blend,Uniform,0.64187,0.21153,000.62343216,002.49905968,002.71973801,001.30506670,000.37
Tournament (k=3),Arithmetic,Gaussian,0.49195,0.02000,000.00000000,000.02604480,000.02677917,000.19884390,000.18
Tournament (k=2),Blend,Uniform,0.86261,0.09637,000.08193207,001.12717891,001.37287521,000.85543531,000.26
Tournament (k=2),Blend,Uniform,0.78941,0.04023,000.00000000,000.00064168,000.00000763,000.34673843,000.28
Tournament (k=3),Arithmetic,Gaussian,0.45020,0.02837,000.00000000,000.01839032,000.02042580,000.08989665,000.24
Tournament (k=2),Blend,Uniform,0.97087,0.07415,000.01093292,000.56259632,000.67911911,000.77689946,000.26
Tournament (k=3),Arithmetic,Gaussian,0.58741,0.05705,000.00000000,000.00218544,000.00202179,000.00999600,000.29
Tournament (k=3),Arithmetic,Gaussian,0.40000,0.08830,000.00000763,000.00125976,000.00131607,000.00424773,000.25
Tournament (k=2),Blend,Uniform,0.81310,0.06226,000.00000000,000.00553465,000.00064850,000.25238580,000.30
Tournament (k=3),Arithmetic,Gaussian,0.52190,0.05228,000.00000000,000.00430164,000.00397491,000.02071604,000.25
Tournament (k=2),Blend,Uniform,0.57030,0.19383,000.23294830,001.96913719,002.31735229,001.10595679,000.35
Tournament (k=3),Arithmetic,Gaussian,0.57030,0.30000,000.00617218,000.09519706,000.10441208,000.26940966,000.44
Tournament (k=3),Arithmetic,Gaussian,0.49195,0.02183,000.00000000,000.01982517,000.02050400,000.11382771,000.18
Tournament (k=2),Blend,Uniform,0.68096,0.25191,000.05203629,002.80086946,003.20537567,001.40009356,000.37
Tournament (k=3),Arithmetic,Gaussian,0.50670,0.27490,000.00494766,000.07256059,000.08717537,000.19850159,000.35
Tournament (k=2),Blend,Uniform,0.81310,0.23084,000.45343781,003.27720571,003.77632904,001.51575434,000.31
Tournament (k=3),Arithmetic,Gaussian,0.58741,0.17762,000.00000000,000.00068407,000.00070763,000.00298666,000.31
Tournament (k=2),Blend,Uniform,0.76642,0.25191,000.56089020,003.31711698,003.60937881,001.33547676,000.32
Tournament (k=2),Blend,Uniform,0.78941,0.04390,000.00000000,000.00026879,000.00000381,000.31461388,000.26
Tournament (k=3),Arithmetic,Gaussian,0.47762,0.02837,000.00000000,000.01014366,000.01059151,000.08339301,000.25
Tournament (k=2),Blend,Uniform,0.55369,0.03378,000.00000000,000.00049753,000.00000954,000.25422612,000.20
Tournament (k=3),Arithmetic,Gaussian,0.45020,0.08830,000.00000000,000.00111847,000.00095558,000.00618790,000.31
Tournament (k=2),Blend,Uniform,0.72243,0.23084,001.01850510,002.84249353,003.08106613,001.47992027,000.38
Tournament (k=3),Arithmetic,Gaussian,0.43709,0.14915,000.00000000,000.00022745,000.00025940,000.00091016,000.38
Tournament (k=2),Blend,Uniform,0.60503,0.05705,000.00000000,000.00003843,000.00001335,000.16968918,000.22
Tournament (k=2),Blend,Uniform,0.94259,0.11476,000.11919403,001.86786652,002.30004120,001.04832542,000.36
Tournament (k=2),Blend,Uniform,0.64187,0.23084,000.26627731,002.79893446,003.19477272,001.28570342,000.40
Tournament (k=2),Blend,Uniform,0.68096,0.02599,000.00000000,000.00007596,000.00000000,000.25144216,000.25
Tournament (k=2),Blend,Uniform,0.74410,0.03378,000.00000000,000.00035224,000.00000000,000.37403214,000.21
Tournament (k=3),Arithmetic,Gaussian,0.42436,0.02382,000.00000000,000.01826596,000.01538467,000.13350356,000.24
Tournament (k=2),Blend,Uniform,0.94259,0.05228,000.00000000,000.00327396,000.00013542,000.18137479,000.24
Tournament (k=3),Arithmetic,Gaussian,0.40000,0.25191,000.00246429,000.03723107,000.04699898,000.11113591,000.43
Tournament (k=3),Arithmetic,Gaussian,0.58741,0.06226,000.00000000,000.00157638,000.00176620,000.00920891,000.35
Tournament (k=2),Blend,Uniform,0.83749,0.05705,000.00000000,000.00105991,000.00007439,000.21242264,000.23
Tournament (k=3),Arithmetic,Gaussian,0.42436,0.11476,000.00000000,000.00067091,000.00072098,000.00388916,000.32
Tournament (k=3),Arithmetic,Gaussian,0.41200,0.12524,000.00000000,000.00042243,000.00046730,000.00178868,000.33
Tournament (k=2),Blend,Uniform,0.97087,0.03095,000.00000000,000.01115923,000.00011444,000.52507442,000.21
Tournament (k=2),Blend,Uniform,0.68096,0.27490,000.43176270,003.33213043,003.69803047,001.33509696,000.36
Tournament (k=2),Blend,Uniform,0.81310,0.25191,001.14522552,003.52624941,003.92033005,001.37315834,000.38
Tournament (k=3),Arithmetic,Gaussian,0.50670,0.02837,000.00000763,000.00924487,000.00790024,000.06257679,000.19
Tournament (k=2),Blend,Uniform,0.72243,0.02837,000.00000000,000.00028687,000.00000000,000.39066106,000.26
Tournament (k=2),Blend,Uniform,0.81310,0.02183,000.00000000,000.05818377,000.00003052,000.47730896,000.21
Tournament (k=2),Blend,Uniform,1.00000,0.05228,000.00000000,000.00655894,000.00174332,000.38462007,000.24
Tournament (k=3),Arithmetic,Gaussian,0.52190,0.16276,000.00000000,000.00016708,000.00017548,000.00091717,000.29
Tournament (k=3),Arithmetic,Gaussian,0.58741,0.19383,000.00001526,000.00170202,000.00180817,000.00852028,000.38
Tournament (k=2),Blend,Uniform,1.00000,0.11476,000.35419846,001.93090796,002.28770065,000.98601514,000.34
Tournament (k=2),Blend,Uniform,0.74410,0.13667,000.12908936,001.79972935,002.09739685,000.94824034,000.35
Tournament (k=2),Blend,Uniform,0.72243,0.08092,000.00003052,000.12282681,000.10583687,000.48092824,000.26
Tournament (k=2),Blend,Uniform,0.78941,0.13667,000.03479767,001.91078281,002.27703094,001.09068620,000.34
Tournament (k=3),Arithmetic,Gaussian,0.49195,0.05705,000.00000000,000.00418973,000.00415993,000.01438709,000.27
Tournament (k=3),Arithmetic,Gaussian,0.40000,0.02837,000.00000000,000.01412063,000.01668930,000.15098245,000.23
Tournament (k=3),Arithmetic,Gaussian,0.53756,0.03095,000.00000000,000.00649424,000.00640869,000.03268362,000.25
Tournament (k=2),Blend,Uniform,0.64187,0.02382,000.00000000,000.01367817,000.00001335,000.40344921,000.20
Tournament (k=3),Arithmetic,Gaussian,0.46371,0.16276,000.00000763,000.00023532,000.00022697,000.00161255,000.36
Tournament (k=2),Blend,Uniform,0.91514,0.23084,001.64871979,003.53062582,003.82587433,001.52180052,000.32
Tournament (k=2),Blend,Uniform,0.76642,0.02382,000.00000000,000.08214817,000.00000381,000.53542715,000.25
Tournament (k=2),Blend,Uniform,0.70139,0.04791,000.00000000,000.00009637,000.00000000,000.26867786,000.21
Tournament (k=3),Arithmetic,Gaussian,0.50670,0.03095,000.00000763,000.01660400,000.01826096,000.10919606,000.20
Tournament (k=3),Arithmetic,Gaussian,0.42436,0.12524,000.00000000,000.00045590,000.00048828,000.00216922,000.31
Tournament (k=2),Blend,Uniform,0.86261,0.02000,000.00000000,000.12825985,000.00004578,000.57229900,000.20
Tournament (k=2),Blend,Uniform,0.81310,0.02382,000.00000000,000.06736817,000.00000954,000.56516069,000.21
Tournament (k=2),Blend,Uniform,0.72243,0.03095,000.00000000,000.00236292,000.00000954,000.41660225,000.26
Tournament (k=2),Blend,Uniform,0.91514,0.02599,000.00000000,000.08975682,000.00041580,000.57449508,000.26
Tournament (k=3),Arithmetic,Gaussian,0.60503,0.03378,000.00000000,000.00982194,000.01010895,000.10665679,000.25
Tournament (k=2),Blend,Uniform,0.86261,0.21153,000.07292938,003.32965660,003.71972275,001.23742056,000.31
Tournament (k=2),Blend,Uniform,0.72243,0.08830,000.00089264,000.43993539,000.42981720,000.67746186,000.27
Tournament (k=3),Arithmetic,Gaussian,0.55369,0.05705,000.00000000,000.00304985,000.00289726,000.01115030,000.27
Tournament (k=2),Blend,Uniform,0.81310,0.27490,000.74592209,003.47680736,003.85203171,001.49162650,000.39
Tournament (k=2),Blend,Uniform,0.76642,0.08830,000.00685501,000.44320622,000.41362381,000.81320858,000.25
Tournament (k=2),Blend,Uniform,0.88849,0.05228,000.00000000,000.00435290,000.00035477,000.35825789,000.28
Tournament (k=2),Blend,Uniform,0.62318,0.11476,000.05310059,000.75775957,001.04743958,000.89034778,000.26
Tournament (k=3),Arithmetic,Gaussian,0.50670,0.09637,000.00000000,000.00061617,000.00062180,000.00385464,000.30
Tournament (k=3),Arithmetic,Gaussian,0.49195,0.16276,000.00000000,000.00022130,000.00020981,000.00226077,000.29
Tournament (k=3),Arithmetic,Gaussian,0.47762,0.11476,000.00000000,000.00038481,000.00031662,000.00137363,000.25
Tournament (k=3),Arithmetic,Gaussian,0.57030,0.03378,000.00000763,000.00808597,000.00927162,000.02649923,000.25
Tournament (k=2),Blend,Uniform,0.91514,0.08092,000.00286865,000.59631968,000.69212914,000.80112123,000.25
Tournament (k=2),Blend,Uniform,0.74410,0.14915,000.07093811,001.95324838,002.24018669,000.93399513,000.41
Tournament (k=3),Arithmetic,Gaussian,0.53756,0.10516,000.00000381,000.00032563,000.00032806,000.00188384,000.25
Tournament (k=2),Blend,Uniform,0.88849,0.14915,000.17454147,002.43003917,002.80126953,000.99462926,000.36
Tournament (k=3),Arithmetic,Gaussian,0.53756,0.30000,000.00205994,000.13771395,000.15396881,000.31127018,000.43
Tournament (k=3),Arithmetic,Gaussian,0.55369,0.17762,000.00000763,000.00039959,000.00044441,000.00162469,000.37
Tournament (k=2),Blend,Uniform,0.55369,0.08830,000.00000381,000.03971076,000.02909851,000.34220031,000.24
Tournament (k=3),Arithmetic,Gaussian,0.57030,0.10516,000.00000000,000.00031433,000.00038910,000.00204123,000.31
Tournament (k=2),Blend,Uniform,0.86261,0.10516,000.18162918,001.39337957,001.62238121,000.93725294,000.26
Tournament (k=3),Arithmetic,Gaussian,0.45020,0.03095,000.00000000,000.00991035,000.01032257,000.04307929,000.24
Tournament (k=3),Arithmetic,Gaussian,0.42436,0.30000,000.00258636,000.09231687,000.09497261,000.23049884,000.43
Tournament (k=3),Arithmetic,Gaussian,0.58741,0.02000,000.00000000,000.03568702,000.03658867,000.16050780,000.18
Tournament (k=3),Arithmetic,Gaussian,0.49195,0.02382,000.00000000,000.01853647,000.01896286,000.17122294,000.18
Tournament (k=2),Blend,Uniform,0.88849,0.05705,000.00000000,000.00306745,000.00054932,000.29205179,000.28
Tournament (k=2),Blend,Uniform,0.76642,0.09637,000.01549149,000.80586988,001.06102180,000.77598882,000.30
Tournament (k=2),Blend,Uniform,0.97087,0.23084,000.79939270,003.78981924,004.04814148,001.42854166,000.37
Tournament (k=2),Blend,Uniform,0.81310,0.06795,000.00000000,000.01482396,000.00726700,000.38316873,000.29
Tournament (k=3),Arithmetic,Gaussian,0.52190,0.05705,000.00000000,000.00401573,000.00361443,000.01551883,000.27
Tournament (k=2),Blend,Uniform,0.57030,0.21153,000.27815628,001.96837878,002.24645615,001.16077423,000.29
Tournament (k=3),Arithmetic,Gaussian,0.43709,0.05705,000.00000000,000.00298195,000.00340652,000.01139718,000.26
Tournament (k=2),Blend,Uniform,0.81310,0.30000,000.43488693,003.83785868,004.24062920,001.59973848,000.37
Tournament (k=2),Blend,Uniform,0.55369,0.03686,000.00000000,000.00015292,000.00000381,000.30322200,000.20
Tournament (k=2),Blend,Uniform,0.78941,0.04791,000.00000000,000.00023236,000.00000000,000.29229158,000.27
Tournament (k=3),Arithmetic,Gaussian,0.47762,0.03095,000.00000000,000.01122422,000.00987625,000.07430176,000.24
Tournament (k=3),Arithmetic,Gaussian,0.50670,0.30000,000.00645065,000.09943728,000.11030197,000.16614416,000.35
Tournament (k=2),Blend,Uniform,0.83749,0.13667,000.05031967,001.94781566,002.20567703,001.12923372,000.36
Tournament (k=2),Blend,Uniform,0.60503,0.06226,000.00000000,000.00006742,000.00001144,000.16625327,000.22
Tournament (k=3),Arithmetic,Gaussian,0.49195,0.02599,000.00000000,000.01448908,000.01478004,000.12457698,000.22
Tournament (k=3),Arithmetic,Gaussian,0.45020,0.09637,000.00000000,000.00068741,000.00072098,000.00388450,000.29
Tournament (k=2),Blend,Uniform,0.76642,0.27490,000.56925583,003.53531265,004.06819916,001.58879769,000.37
Tournament (k=2),Blend,Uniform,0.68096,0.02837,000.00000000,000.00022173,000.00000000,000.36256969,000.25
Tournament (k=2),Blend,Uniform,0.94259,0.12524,000.24066925,001.99186873,002.31590271,001.01610374,000.29
Tournament (k=3),Arithmetic,Gaussian,0.42436,0.02599,000.00000000,000.01532054,000.01503372,000.10968617,000.23
Tournament (k=3),Arithmetic,Gaussian,0.43709,0.16276,000.00000000,000.00025291,000.00023842,000.00134113,000.33
Tournament (k=2),Blend,Uniform,0.72243,0.25191,000.76819611,003.23311687,003.58319092,001.34360647,000.34
Tournament (k=2),Blend,Uniform,0.94259,0.05705,000.00000000,000.01412363,000.00295830,000.27971846,000.27
Tournament (k=2),Blend,Uniform,0.83749,0.06226,000.00000000,000.01752954,000.00290108,000.34550825,000.24
Tournament (k=2),Blend,Uniform,0.97087,0.03378,000.00000000,000.01867528,000.00019073,000.62264591,000.21
Tournament (k=3),Arithmetic,Gaussian,0.58741,0.06795,000.00000000,000.00140033,000.00120163,000.00703391,000.29
Tournament (k=2),Blend,Uniform,0.76642,0.10516,000.05313110,000.98335874,001.20956802,000.83142072,000.39
Tournament (k=2),Blend,Uniform,0.66113,0.11476,000.11634445,000.90293866,001.21032524,000.93497264,000.26
Tournament (k=2),Blend,Uniform,0.60503,0.06795,000.00000000,000.00043211,000.00005150,000.15217534,000.26
Tournament (k=2),Blend,Uniform,0.43709,0.25191,000.39853287,002.06638670,002.33612251,000.99949890,000.28
Tournament (k=2),Blend,Uniform,0.78941,0.05228,000.00000000,000.00099912,000.00002861,000.25918087,000.30
Tournament (k=3),Arithmetic,Gaussian,0.40000,0.27490,000.00472260,000.05612244,000.05861282,000.13227578,000.40
Tournament (k=3),Arithmetic,Gaussian,0.41200,0.05705,000.00000000,000.00393772,000.00300598,000.01031605,000.20
Tournament (k=2),Blend,Uniform,0.55369,0.30000,000.20944977,002.84982681,003.17024231,001.42224443,000.32
Tournament (k=3),Arithmetic,Gaussian,0.41200,0.13667,000.00000000,000.00027823,000.00030708,000.00128977,000.36
Tournament (k=3),Arithmetic,Gaussian,0.45020,0.27490,000.00427628,000.05962186,000.06379700,000.17117713,000.40
Tournament (k=2),Blend,Uniform,1.00000,0.05705,000.00000000,000.03340035,000.00888824,000.49692389,000.29
Tournament (k=2),Blend,Uniform,0.64187,0.02599,000.00000000,000.00093436,000.00000000,000.44496763,000.20
Tournament (k=3),Arithmetic,Gaussian,0.46371,0.06795,000.00000000,000.00167933,000.00170326,000.00787727,000.28
Tournament (k=3),Arithmetic,Gaussian,0.40000,0.03095,000.00000000,000.01630092,000.01844406,000.05832753,000.24
Tournament (k=3),Arithmetic,Gaussian,0.58741,0.21153,000.00044632,000.00651097,000.00731468,000.03107511,000.32
Tournament (k=3),Arithmetic,Gaussian,0.53756,0.03378,000.00000000,000.00675569,000.00708199,000.01675624,000.24
Tournament (k=3),Arithmetic,Gaussian,0.49195,0.06226,000.00000000,000.00212212,000.00235939,000.00961158,000.27
Tournament (k=2),Blend,Uniform,1.00000,0.12524,000.62508011,002.21913362,002.55655670,001.02500510,000.34
Tournament (k=2),Blend,Uniform,0.76642,0.02599,000.00000000,000.00268173,000.00000000,000.43035391,000.20
Tournament (k=2),Blend,Uniform,0.78941,0.14915,000.17290115,002.12680817,002.58207703,001.02851474,000.34
Tournament (k=3),Arithmetic,Gaussian,0.50670,0.03378,000.00000000,000.00722203,000.00753784,000.03127863,000.19
Tournament (k=2),Blend,Uniform,0.76642,0.30000,000.99065018,003.56395483,004.07224655,001.39293563,000.43
Tournament (k=2),Blend,Uniform,0.70139,0.05228,000.00000000,000.00018153,000.00000763,000.21751945,000.22
Tournament (k=3),Arithmetic,Gaussian,0.41200,0.06226,000.00000000,000.00339856,000.00422478,000.01070731,000.21
Tournament (k=2),Blend,Uniform,0.57030,0.02000,000.00000000,000.14360996,000.00213051,000.57346201,000.23
Tournament (k=2),Blend,Uniform,0.91514,0.25191,000.77743530,003.60273695,004.18910980,001.42632723,000.33
Tournament (k=3),Arithmetic,Gaussian,0.55369,0.06226,000.00000000,000.00296507,000.00324249,000.00978258,000.22
Tournament (k=3),Arithmetic,Gaussian,0.46371,0.17762,000.00000763,000.00052142,000.00048065,000.00244636,000.37
Tournament (k=2),Blend,Uniform,0.91514,0.02837,000.00000000,000.01325002,000.00001717,000.51252633,000.27
Tournament (k=3),Arithmetic,Gaussian,0.42436,0.13667,000.00000000,000.00028453,000.00024223,000.00205349,000.33
Tournament (k=3),Arithmetic,Gaussian,0.60503,0.10516,000.00000000,000.00019202,000.00017548,000.00120966,000.32
Tournament (k=3),Arithmetic,Gaussian,0.60503,0.03686,000.00000381,000.00785546,000.00860023,000.03045437,000.26
Tournament (k=2),Blend,Uniform,0.97087,0.08092,000.04957962,000.79229093,001.12191391,000.77742392,000.26
Tournament (k=2),Blend,Uniform,0.72243,0.09637,000.00704193,000.54963934,000.66642761,000.68376583,000.30
Tournament (k=2),Blend,Uniform,0.86261,0.23084,000.42294312,003.29859662,003.73798752,001.34892881,000.31
Tournament (k=3),Arithmetic,Gaussian,0.40000,0.09637,000.00000000,000.00087271,000.00089073,000.00879676,000.30
Tournament (k=3),Arithmetic,Gaussian,0.49195,0.06795,000.00000000,000.00166888,000.00173378,000.00752767,000.32
Tournament (k=2),Blend,Uniform,0.62318,0.12524,000.01540756,001.12633038,001.29228973,000.85737330,000.27
Tournament (k=3),Arithmetic,Gaussian,0.47762,0.12524,000.00000000,000.00021071,000.00024605,000.00250707,000.26
Tournament (k=3),Arithmetic,Gaussian,0.57030,0.03686,000.00000000,000.00665712,000.00608826,000.03939652,000.25
Tournament (k=2),Blend,Uniform,0.91514,0.08830,000.00910187,000.80604839,001.06150436,000.86596513,000.26
Tournament (k=3),Arithmetic,Gaussian,0.50670,0.10516,000.00000000,000.00044537,000.00049973,000.00150855,000.31
Tournament (k=3),Arithmetic,Gaussian,0.49195,0.17762,000.00000381,000.00058694,000.00046730,000.00226779,000.30
Tournament (k=3),Arithmetic,Gaussian,0.55369,0.02000,000.00000000,000.03085680,000.03228760,000.21552211,000.24
Tournament (k=3),Arithmetic,Gaussian,0.53756,0.11476,000.00000000,000.00033851,000.00034714,000.00194439,000.27
Tournament (k=2),Blend,Uniform,0.91514,0.03095,000.00000000,000.12687273,000.00068855,000.52282977,000.24
Tournament (k=2),Blend,Uniform,0.55369,0.09637,000.00022125,000.07367239,000.06167412,000.47419214,000.24
Tournament (k=2),Blend,Uniform,0.74410,0.16276,000.02645874,002.18652201,002.61040688,001.07464564,000.35
Tournament (k=3),Arithmetic,Gaussian,0.43709,0.02000,000.00001144,000.02882590,000.03097153,000.14347713,000.23
Tournament (k=3),Arithmetic,Gaussian,0.58741,0.02183,000.00000000,000.02245250,000.02879143,000.13006409,000.24
Tournament (k=3),Arithmetic,Gaussian,0.45020,0.03378,000.00000000,000.00665112,000.00558281,000.06669331,000.28
Tournament (k=2),Blend,Uniform,0.88849,0.16276,000.18927765,002.56794977,002.92668915,001.32469082,000.37
Tournament (k=2),Blend,Uniform,0.74410,0.03686,000.00000000,000.00025177,000.00000000,000.31460226,000.21
Tournament (k=3),Arithmetic,Gaussian,0.57030,0.11476,000.00000000,000.00025721,000.00019836,000.00118357,000.33
Tournament (k=2),Blend,Uniform,0.86261,0.11476,000.15185547,001.72182536,002.15773010,001.10051930,000.33
Tournament (k=3),Arithmetic,Gaussian,0.62318,0.02000,000.00000000,000.02217541,000.02228165,000.18454322,000.19
Tournament (k=2),Blend,Uniform,0.83749,0.02000,000.00000000,000.01114035,000.00003052,000.42302719,000.20
Tournament (k=3),Arithmetic,Gaussian,0.57030,0.04023,000.00000000,000.00518351,000.00446510,000.03119549,000.25
Tournament (k=2),Blend,Uniform,0.88849,0.06226,000.00000000,000.03090377,000.01874542,000.37459627,000.29
Tournament (k=2),Blend,Uniform,0.64187,0.25191,000.13784409,002.80876470,003.27145195,001.40965378,000.31
Tournament (k=2),Blend,Uniform,0.62318,0.13667,000.09341431,001.38444161,001.64166069,000.87671006,000.30
Tournament (k=3),Arithmetic,Gaussian,0.43709,0.06226,000.00000000,000.00325217,000.00390053,000.01545855,000.26
Tournament (k=3),Arithmetic,Gaussian,0.52190,0.06226,000.00000000,000.00256348,000.00231361,000.01138131,000.28
Tournament (k=3),Arithmetic,Gaussian,0.52190,0.02000,000.00000381,000.01781783,000.01874924,000.18390711,000.19
Tournament (k=3),Arithmetic,Gaussian,0.62318,0.06226,000.00000000,000.00160794,000.00152969,000.01459435,000.22
Tournament (k=3),Arithmetic,Gaussian,0.47762,0.03378,000.00000000,000.00706906,000.00637627,000.04614716,000.24
Tournament (k=2),Blend,Uniform,0.66113,0.04023,000.00000000,000.00033884,000.00000000,000.35968149,000.21
Tournament (k=3),Arithmetic,Gaussian,0.58741,0.02382,000.00000000,000.01691480,000.01429939,000.14992723,000.25
Tournament (k=2),Blend,Uniform,0.74410,0.04023,000.00000000,000.00002556,000.00000000,000.28764942,000.22
Tournament (k=2),Blend,Uniform,0.83749,0.02183,000.00000000,000.22699341,000.00149155,000.65101504,000.21
Tournament (k=3),Arithmetic,Gaussian,0.45020,0.10516,000.00000381,000.00058584,000.00050735,000.00338558,000.26
Tournament (k=3),Arithmetic,Gaussian,0.62318,0.02183,000.00000000,000.01890573,000.02094269,000.18534715,000.24
Tournament (k=3),Arithmetic,Gaussian,0.64187,0.03686,000.00000000,000.00647931,000.00662804,000.10737749,000.26
Tournament (k=3),Arithmetic,Gaussian,0.62318,0.19383,000.00004959,000.00190587,000.00233078,000.00569251,000.36
Tournament (k=2),Blend,Uniform,0.83749,0.14915,000.02397156,002.09219027,002.42933846,001.17067516,000.36
Tournament (k=3),Arithmetic,Gaussian,0.66113,0.02183,000.00000381,000.02837091,000.03088760,000.15941992,000.22
Tournament (k=2),Blend,Uniform,0.88849,0.06795,000.00000381,000.07248946,000.06346893,000.50390685,000.29
Tournament (k=3),Arithmetic,Gaussian,0.52190,0.17762,000.00000000,000.00040312,000.00045204,000.00148271,000.38
Tournament (k=3),Arithmetic,Gaussian,0.43709,0.06795,000.00000000,000.00218749,000.00212479,000.00691257,000.28
Tournament (k=2),Blend,Uniform,0.86261,0.12524,000.13074112,001.83454776,002.11399460,000.90099853,000.36
Tournament (k=3),Arithmetic,Gaussian,0.64187,0.11476,000.00000000,000.00026445,000.00023079,000.00169453,000.29
Tournament (k=2),Blend,Uniform,0.60503,0.07415,000.00000000,000.00319824,000.00069046,000.29671115,000.23
Tournament (k=3),Arithmetic,Gaussian,0.58741,0.07415,000.00000000,000.00106015,000.00123596,000.00500628,000.29
Tournament (k=3),Arithmetic,Gaussian,0.66113,0.06795,000.00000000,000.00166860,000.00141907,000.00987524,000.29
Tournament (k=2),Blend,Uniform,0.66113,0.12524,000.04913712,001.09674060,001.26977158,000.88121521,000.27
Tournament (k=3),Arithmetic,Gaussian,0.43709,0.17762,000.00000763,000.00059495,000.00063133,000.00333535,000.36
Tournament (k=2),Blend,Uniform,0.86261,0.02183,000.00000000,000.09157105,000.00001526,000.54864824,000.20
Tournament (k=2),Blend,Uniform,0.81310,0.02599,000.00000000,000.01163325,000.00001144,000.39322051,000.21
Tournament (k=2),Blend,Uniform,0.78941,0.05705,000.00000000,000.00442576,000.00041962,000.25179291,000.28
Tournament (k=3),Arithmetic,Gaussian,0.68096,0.04023,000.00000000,000.00445018,000.00353050,000.01847326,000.20
Tournament (k=3),Arithmetic,Gaussian,0.62318,0.02382,000.00000000,000.01652670,000.01361084,000.12854314,000.25
Tournament (k=3),Arithmetic,Gaussian,0.66113,0.21153,000.00002289,000.00750871,000.00857162,000.03419193,000.37
Tournament (k=3),Arithmetic,Gaussian,0.46371,0.07415,000.00000000,000.00138059,000.00114059,000.00520016,000.23
Tournament (k=3),Arithmetic,Gaussian,0.40000,0.30000,000.00296021,000.10003734,000.11111069,000.28282905,000.33
Tournament (k=3),Arithmetic,Gaussian,0.50670,0.03686,000.00000381,000.00671225,000.00815773,000.04651123,000.19
Tournament (k=3),Arithmetic,Gaussian,0.40000,0.03378,000.00000000,000.00687675,000.00702286,000.10700322,000.24
Tournament (k=2),Blend,Uniform,1.00000,0.06226,000.00001907,000.13757229,000.11174202,000.57617432,000.34
Tournament (k=2),Blend,Uniform,0.76642,0.02837,000.00000000,000.00464897,000.00000000,000.47321349,000.25
Tournament (k=2),Blend,Uniform,0.57030,0.02183,000.00000000,000.07895608,000.00042534,000.52767211,000.19
Tournament (k=3),Arithmetic,Gaussian,0.43709,0.07415,000.00000000,000.00155888,000.00163841,000.00745242,000.29
Tournament (k=3),Arithmetic,Gaussian,0.45020,0.30000,000.00966644,000.11602545,000.12858772,000.26108101,000.40
Tournament (k=2),Blend,Uniform,0.86261,0.02382,000.00000000,000.02840767,000.00003624,000.48659164,000.22
Tournament (k=3),Arithmetic,Gaussian,0.58741,0.23084,000.00109100,000.01844535,000.02042580,000.03417887,000.31
Tournament (k=2),Blend,Uniform,0.66113,0.13667,000.13477707,001.27340567,001.48681641,000.96645343,000.31
Tournament (k=2),Blend,Uniform,1.00000,0.13667,000.46573639,002.34750009,002.63961983,001.04129136,000.35
Tournament (k=3),Arithmetic,Gaussian,0.55369,0.06795,000.00000000,000.00152006,000.00152779,000.01292032,000.22
Tournament (k=2),Blend,Uniform,0.78941,0.16276,000.24184799,002.34503484,002.79182243,001.15973556,000.34
Tournament (k=2),Blend,Gaussian,1.00000,0.17762,000.15328979,001.37456906,001.52576828,000.77867460,000.41
Tournament (k=3),Arithmetic,Gaussian,0.43709,0.19383,000.00002289,000.00130620,000.00112534,000.00533097,000.37
Tournament (k=2),Blend,Uniform,0.91514,0.27490,000.49647522,003.97030497,004.45771599,001.57589638,000.32
Tournament (k=3),Arithmetic,Gaussian,0.42436,0.14915,000.00000000,000.00016756,000.00016403,000.00095837,000.27
Tournament (k=3),Arithmetic,Gaussian,0.60503,0.04023,000.00000000,000.00344243,000.00273132,000.01831637,000.25
Tournament (k=2),Blend,Uniform,0.97087,0.08830,000.06946182,001.19676530,001.44810295,000.87636501,000.27
Tournament (k=3),Arithmetic,Gaussian,0.55369,0.19383,000.00000381,000.00180535,000.00215530,000.00638622,000.38
Tournament (k=3),Arithmetic,Gaussian,0.60503,0.11476,000.00000000,000.00019813,000.00018692,000.00114252,000.36
Tournament (k=3),Arithmetic,Gaussian,0.46371,0.19383,000.00000381,000.00143785,000.00144577,000.00470489,000.40
Tournament (k=2),Blend,Uniform,0.81310,0.07415,000.00000763,000.18583088,000.11456680,000.62698931,000.24
Tournament (k=3),Arithmetic,Gaussian,0.47762,0.13667,000.00000000,000.00022168,000.00021744,000.00100343,000.27
Tournament (k=3),Arithmetic,Gaussian,0.49195,0.07415,000.00000000,000.00157580,000.00140190,000.00798282,000.28
Tournament (k=3),Arithmetic,Gaussian,0.40000,0.10516,000.00000000,000.00083542,000.00073814,000.00839466,000.31
Tournament (k=2),Blend,Uniform,0.86261,0.25191,001.20090485,003.33389473,003.95075035,001.56070101,000.31
Tournament (k=3),Arithmetic,Gaussian,0.68096,0.12524,000.00000000,000.00012355,000.00012970,000.00142682,000.32
Tournament (k=2),Blend,Uniform,0.91514,0.09637,000.01592636,001.14758945,001.41390991,000.90501451,000.25
Tournament (k=3),Arithmetic,Gaussian,0.55369,0.02183,000.00000000,000.01951742,000.01390839,000.22600132,000.23
Tournament (k=2),Blend,Uniform,0.97087,0.25191,000.74639893,003.79704809,004.15851402,001.51473665,000.35
Tournament (k=3),Arithmetic,Gaussian,0.50670,0.11476,000.00000000,000.00029969,000.00027847,000.00121693,000.32
Tournament (k=3),Arithmetic,Gaussian,0.53756,0.12524,000.00000000,000.00025005,000.00025177,000.00132748,000.26
Tournament (k=2),Blend,Uniform,0.91514,0.03378,000.00000000,000.00076804,000.00003815,000.43137518,000.27
Tournament (k=2),Blend,Uniform,0.55369,0.10516,000.00191116,000.31314915,000.25036240,000.63358396,000.24
Tournament (k=3),Arithmetic,Gaussian,0.43709,0.02183,000.00000000,000.02463675,000.02162933,000.16496052,000.23
Tournament (k=3),Arithmetic,Gaussian,0.60503,0.04390,000.00000000,000.00622964,000.00658798,000.02454631,000.26
Tournament (k=3),Arithmetic,Gaussian,0.49195,0.19383,000.00001526,000.00138345,000.00139046,000.00434617,000.37
Tournament (k=3),Arithmetic,Gaussian,0.45020,0.03686,000.00000000,000.00617843,000.00690460,000.02347016,000.24
Tournament (k=2),Blend,Uniform,0.97087,0.09637,000.04096222,001.33613420,001.65966988,000.95634115,000.30
Tournament (k=3),Arithmetic,Gaussian,0.42436,0.02837,000.00000000,000.01239491,000.01329422,000.06698300,000.23
Tournament (k=2),Blend,Uniform,0.83749,0.06795,000.00000000,000.03353877,000.01451874,000.36039251,000.24
Tournament (k=2),Blend,Uniform,0.94259,0.06226,000.00000763,000.05620684,000.03226280,000.40914491,000.24
Tournament (k=3),Arithmetic,Gaussian,0.42436,0.16276,000.00000000,000.00027289,000.00027084,000.00172971,000.40
Tournament (k=2),Blend,Uniform,0.81310,0.08092,000.00048828,000.31027246,000.25481987,000.65613115,000.30
Tournament (k=2),Blend,Uniform,0.97087,0.03686,000.00000000,000.03628244,000.00045204,000.44331214,000.22
Tournament (k=3),Arithmetic,Gaussian,0.52190,0.02183,000.00000381,000.01940122,000.01786041,000.18950370,000.18
Tournament (k=3),Arithmetic,Gaussian,0.57030,0.12524,000.00000000,000.00020671,000.00014496,000.00141278,000.33
Tournament (k=3),Arithmetic,Gaussian,0.47762,0.03686,000.00000000,000.00797462,000.00607872,000.05255667,000.20
Tournament (k=2),Blend,Uniform,0.88849,0.17762,000.14514542,002.89797926,003.14381409,000.97961891,000.35
Tournament (k=2),Blend,Uniform,0.72243,0.27490,000.56492996,003.24936724,003.70348930,001.42869389,000.32
Tournament (k=3),Arithmetic,Gaussian,0.62318,0.06795,000.00000000,000.00135207,000.00119400,000.00809484,000.22
Tournament (k=2),Blend,Uniform,0.66113,0.04390,000.00000000,000.00001206,000.00000000,000.19535221,000.22
Tournament (k=3),Arithmetic,Gaussian,0.40000,0.11476,000.00000000,000.00053434,000.00050735,000.00383700,000.33
Tournament (k=3),Arithmetic,Gaussian,0.52190,0.06795,000.00000000,000.00170507,000.00155258,000.00969179,000.28
Tournament (k=3),Arithmetic,Gaussian,0.58741,0.02599,000.00000000,000.01204462,000.01157951,000.10295651,000.24
Tournament (k=3),Arithmetic,Gaussian,0.70139,0.02382,000.00001144,000.01572828,000.01459694,000.14442077,000.24
Tournament (k=2),Blend,Uniform,0.74410,0.04390,000.00000000,000.00018687,000.00000000,000.27155781,000.26
Tournament (k=3),Arithmetic,Gaussian,0.45020,0.11476,000.00000000,000.00033660,000.00031662,000.00324080,000.26
Tournament (k=3),Arithmetic,Gaussian,0.64187,0.04023,000.00000000,000.00413222,000.00415611,000.03954319,000.27
Tournament (k=3),Arithmetic,Gaussian,0.41200,0.14915,000.00000000,000.00027122,000.00030136,000.00123578,000.28
Tournament (k=3),Arithmetic,Gaussian,0.53756,0.03686,000.00000000,000.00469790,000.00419617,000.03788203,000.25
Tournament (k=2),Blend,Uniform,0.78941,0.02000,000.00000000,000.15740538,000.00001526,000.54747337,000.20
Tournament (k=3),Arithmetic,Gaussian,0.47762,0.04023,000.00000000,000.00677695,000.00624847,000.02551181,000.23
Tournament (k=3),Arithmetic,Gaussian,0.70139,0.07415,000.00000000,000.00116768,000.00100327,000.00580565,000.23
Tournament (k=3),Arithmetic,Gaussian,0.62318,0.21153,000.00052643,000.00655012,000.00668716,000.01636855,000.31
Tournament (k=2),Blend,Uniform,0.88849,0.07415,000.00027466,000.26751071,000.24299049,000.67960531,000.30
Tournament (k=3),Arithmetic,Gaussian,0.52190,0.19383,000.00000763,000.00148692,000.00150299,000.00370154,000.30
Tournament (k=2),Blend,Uniform,0.83749,0.16276,000.13977051,002.55453300,002.97523499,001.19644189,000.35
Tournament (k=3),Arithmetic,Gaussian,0.58741,0.02837,000.00000000,000.00922918,000.00871658,000.18198103,000.25
Tournament (k=3),Arithmetic,Gaussian,0.66113,0.07415,000.00000381,000.00145392,000.00146866,000.00683290,000.29
Tournament (k=3),Arithmetic,Gaussian,0.58741,0.08092,000.00000000,000.00068860,000.00049782,000.00676345,000.29
Tournament (k=3),Arithmetic,Gaussian,0.70139,0.02599,000.00000000,000.01455984,000.01360703,000.15507224,000.23
Tournament (k=3),Arithmetic,Gaussian,0.42436,0.17762,000.00000381,000.00056248,000.00054169,000.00232025,000.36
Tournament (k=3),Arithmetic,Gaussian,0.52190,0.07415,000.00000000,000.00168695,000.00134659,000.00686180,000.30
Tournament (k=3),Arithmetic,Gaussian,0.70139,0.23084,000.00015640,000.02002482,000.02092743,000.17358182,000.32
Tournament (k=3),Arithmetic,Gaussian,0.57030,0.13667,000.00000000,000.00010495,000.00008965,000.00108627,000.36
Tournament (k=2),Blend,Uniform,0.74410,0.04791,000.00000000,000.00011525,000.00000000,000.30472600,000.25
Tournament (k=3),Arithmetic,Gaussian,0.68096,0.04390,000.00000000,000.00332704,000.00330544,000.02308354,000.21
Tournament (k=3),Arithmetic,Gaussian,0.62318,0.02599,000.00000763,000.01166086,000.01366043,000.10657284,000.24
Tournament (k=3),Arithmetic,Gaussian,0.50670,0.04023,000.00000000,000.00587912,000.00682259,000.03815437,000.20
Tournament (k=3),Arithmetic,Gaussian,0.46371,0.08092,000.00000000,000.00183811,000.00216293,000.00466275,000.23
Tournament (k=3),Arithmetic,Gaussian,0.41200,0.02000,000.00000000,000.02489505,000.02612305,000.21787301,000.23
Tournament (k=3),Arithmetic,Gaussian,0.72243,0.04390,000.00000000,000.00523367,000.00612068,000.01895359,000.21
Tournament (k=3),Arithmetic,Gaussian,0.40000,0.03686,000.00000000,000.00796266,000.00793266,000.03670292,000.24
Tournament (k=3),Arithmetic,Gaussian,0.46371,0.02000,000.00000000,000.04126172,000.05095482,000.23239826,000.19
Tournament (k=2),Blend,Uniform,0.76642,0.03095,000.00000000,000.03509283,000.00000000,000.47209582,000.24
Tournament (k=3),Arithmetic,Gaussian,0.66113,0.23084,000.00025177,000.02104568,000.02478218,000.05811156,000.33
Tournament (k=2),Blend,Uniform,1.00000,0.06795,000.00030136,000.38742739,000.36793518,000.71882206,000.30
Tournament (k=3),Arithmetic,Gaussian,0.43709,0.08092,000.00000000,000.00134320,000.00118637,000.00403987,000.29
Tournament (k=3),Arithmetic,Gaussian,0.68096,0.04791,000.00000000,000.00424662,000.00441933,000.01484142,000.23
Tournament (k=2),Blend,Uniform,0.66113,0.14915,000.06812668,001.71700323,002.10815620,001.08517540,000.29
Tournament (k=3),Arithmetic,Gaussian,0.55369,0.07415,000.00000000,000.00127077,000.00124741,000.00789372,000.29
Tournament (k=3),Arithmetic,Gaussian,0.62318,0.02837,000.00000763,000.00814142,000.01115417,000.06514065,000.22
Tournament (k=3),Arithmetic,Gaussian,0.49195,0.02837,000.00000000,000.01295161,000.01306725,000.12691505,000.20
Tournament (k=2),Blend,Uniform,0.78941,0.17762,000.08455658,002.53899765,002.97991753,001.35896659,000.31
Tournament (k=3),Arithmetic,Gaussian,0.58741,0.08830,000.00000000,000.00076675,000.00084877,000.00291231,000.39
Tournament (k=2),Blend,Uniform,0.76642,0.03378,000.00000000,000.00118871,000.00000000,000.34146723,000.21
Tournament (k=3),Arithmetic,Gaussian,0.72243,0.04791,000.00000000,000.00320420,000.00344658,000.01538372,000.24
Tournament (k=2),Blend,Uniform,0.74410,0.05228,000.00000000,000.00065141,000.00005722,000.28172407,000.36
Tournament (k=2),Blend,Gaussian,1.00000,0.19383,000.12989807,001.47118556,001.81434250,000.79614520,000.37
Tournament (k=2),Blend,Uniform,1.00000,0.14915,000.14537430,002.66059399,002.99639702,001.23611188,000.40
Tournament (k=3),Arithmetic,Gaussian,0.58741,0.25191,000.00033188,000.03586326,000.03888321,000.12566495,000.40
Tournament (k=3),Arithmetic,Gaussian,0.46371,0.02183,000.00000000,000.02299924,000.02278519,000.15559451,000.26
Tournament (k=3),Arithmetic,Gaussian,0.40000,0.04023,000.00000381,000.00648365,000.00488091,000.05293449,000.31
Tournament (k=2),Blend,Uniform,0.74410,0.17762,000.13611984,002.27629638,002.74413872,001.25484955,000.35
Tournament (k=2),Blend,Uniform,0.91514,0.30000,001.52742386,004.16201878,004.65236473,001.70894742,000.39
Tournament (k=3),Arithmetic,Gaussian,0.60503,0.12524,000.00000000,000.00014110,000.00012970,000.00112603,000.33
Tournament (k=3),Arithmetic,Gaussian,0.57030,0.04390,000.00000381,000.00542293,000.00604630,000.01822055,000.23
Tournament (k=2),Blend,Uniform,0.94259,0.13667,000.39694214,002.30719757,002.61226082,001.02578998,000.30
Tournament (k=3),Arithmetic,Gaussian,0.66113,0.25191,000.00209045,000.04002042,000.04316330,000.17909527,000.37
Tournament (k=3),Arithmetic,Gaussian,0.46371,0.21153,000.00007629,000.00489788,000.00518799,000.01678032,000.38
Tournament (k=3),Arithmetic,Gaussian,0.49195,0.08092,000.00000000,000.00117221,000.00127792,000.00388494,000.29
Tournament (k=3),Arithmetic,Gaussian,0.47762,0.14915,000.00000000,000.00016608,000.00018120,000.00077486,000.31
Tournament (k=3),Arithmetic,Gaussian,0.68096,0.13667,000.00000000,000.00006690,000.00005913,000.00046514,000.27
Tournament (k=2),Blend,Uniform,0.91514,0.10516,000.10108948,001.40584111,001.62590790,000.95529062,000.27
Tournament (k=3),Arithmetic,Gaussian,0.55369,0.02382,000.00000000,000.01287193,000.01420021,000.11982889,000.24
Tournament (k=2),Blend,Uniform,0.86261,0.27490,000.61256409,003.66914892,004.07429123,001.60861564,000.32
Tournament (k=3),Arithmetic,Gaussian,0.50670,0.12524,000.00000000,000.00028005,000.00026894,000.00135144,000.26
Tournament (k=2),Blend,Uniform,0.55369,0.11476,000.01131821,000.44743276,000.51152611,000.67602372,000.25
Tournament (k=3),Arithmetic,Gaussian,0.43709,0.02382,000.00000000,000.01115861,000.01130676,000.13440174,000.23
Tournament (k=3),Arithmetic,Gaussian,0.53756,0.13667,000.00000381,000.00015440,000.00016785,000.00129508,000.31
Tournament (k=3),Arithmetic,Gaussian,0.60503,0.04791,000.00000000,000.00326185,000.00365448,000.01115082,000.27
Tournament (k=3),Arithmetic,Gaussian,0.45020,0.04023,000.00000763,000.00706329,000.00835800,000.09963371,000.25
Tournament (k=3),Arithmetic,Gaussian,0.42436,0.03095,000.00000000,000.01293721,000.01349831,000.12266023,000.24
Tournament (k=3),Arithmetic,Gaussian,0.72243,0.13667,000.00000000,000.00007148,000.00006485,000.00041098,000.27
Tournament (k=2),Blend,Uniform,0.97087,0.04023,000.00000000,000.00047536,000.00000572,000.21988198,000.23
Tournament (k=3),Arithmetic,Gaussian,0.49195,0.21153,000.00035477,000.00631704,000.00779343,000.01246945,000.38
Tournament (k=3),Arithmetic,Gaussian,0.64187,0.12524,000.00000381,000.00011921,000.00010109,000.00157326,000.27
Tournament (k=2),Blend,Uniform,0.66113,0.04791,000.00000000,000.00004849,000.00000000,000.17374942,000.22
Tournament (k=3),Arithmetic,Gaussian,0.41200,0.06795,000.00001144,000.00265937,000.00302124,000.00659901,000.22
Tournament (k=2),Blend,Uniform,0.81310,0.08830,000.00019836,000.58900684,000.69568825,000.80131203,000.30
Tournament (k=3),Arithmetic,Gaussian,0.68096,0.14915,000.00000000,000.00009809,000.00008202,000.00273799,000.29
Tournament (k=2),Blend,Uniform,1.00000,0.16276,000.54102325,002.79482532,003.29125214,001.06417108,000.51
Tournament (k=2),Blend,Uniform,0.97087,0.27490,001.40657425,003.86868739,004.26917648,001.59524822,000.54
Tournament (k=3),Arithmetic,Gaussian,0.62318,0.07415,000.00000000,000.00122209,000.00106812,000.00795042,000.30
Tournament (k=2),Blend,Uniform,0.81310,0.02837,000.00000000,000.00856028,000.00000381,000.50601608,000.21
Tournament (k=2),Blend,Uniform,0.72243,0.30000,001.11249542,003.50662804,003.98784447,001.40346968,000.32
Tournament (k=3),Arithmetic,Gaussian,0.74410,0.02599,000.00000000,000.01285939,000.01449966,000.11398059,000.19
Tournament (k=3),Arithmetic,Gaussian,0.46371,0.23084,000.00008774,000.01258025,000.01388359,000.02891916,000.42
Tournament (k=2),Blend,Uniform,0.88849,0.19383,000.07327271,003.03752613,003.53683853,001.27343154,000.42
Tournament (k=3),Arithmetic,Gaussian,0.47762,0.16276,000.00000000,000.00036273,000.00038910,000.00082132,000.45
Tournament (k=3),Arithmetic,Gaussian,0.66113,0.27490,000.00218964,000.06660795,000.08102417,000.27730334,000.49
Tournament (k=3),Arithmetic,Gaussian,0.53756,0.04023,000.00000000,000.00530534,000.00494003,000.02116070,000.25
Tournament (k=2),Blend,Uniform,0.78941,0.06226,000.00000000,000.00826883,000.00074577,000.23881556,000.28
Tournament (k=3),Arithmetic,Gaussian,0.64187,0.04390,000.00000000,000.00444665,000.00468636,000.02499116,000.26
Tournament (k=3),Arithmetic,Gaussian,0.40000,0.12524,000.00000000,000.00045605,000.00042725,000.00194154,000.41
Tournament (k=3),Arithmetic,Gaussian,0.70139,0.08092,000.00000000,000.00107050,000.00113297,000.01074906,000.23
Tournament (k=3),Arithmetic,Gaussian,0.60503,0.13667,000.00000000,000.00011563,000.00010490,000.00067257,000.58
Tournament (k=3),Arithmetic,Gaussian,0.47762,0.04390,000.00000000,000.00439301,000.00437927,000.02725765,000.25
Tournament (k=3),Arithmetic,Gaussian,0.45020,0.12524,000.00000000,000.00022693,000.00020599,000.00092354,000.33
Tournament (k=3),Arithmetic,Gaussian,0.41200,0.07415,000.00000000,000.00135880,000.00134087,000.01387205,000.23
Tournament (k=3),Arithmetic,Gaussian,0.74410,0.08092,000.00000000,000.00078368,000.00085831,000.00560149,000.26
Tournament (k=3),Arithmetic,Gaussian,0.41200,0.16276,000.00000000,000.00032425,000.00031853,000.00100010,000.33
Tournament (k=3),Arithmetic,Gaussian,0.64187,0.13667,000.00000000,000.00015297,000.00015068,000.00094159,000.30
Tournament (k=2),Blend,Uniform,0.81310,0.09637,000.02225494,000.84211653,001.12039566,000.79786140,000.34
Tournament (k=3),Arithmetic,Gaussian,0.70139,0.02837,000.00000000,000.00667725,000.00610161,000.09549045,000.19
Tournament (k=3),Arithmetic,Gaussian,0.58741,0.03095,000.00000000,000.00904946,000.00917816,000.03494108,000.25
Tournament (k=3),Arithmetic,Gaussian,0.52190,0.21153,000.00016403,000.00505033,000.00541306,000.01084868,000.31
Tournament (k=2),Blend,Uniform,0.86261,0.02599,000.00000000,000.02542696,000.00012016,000.45972130,000.25
Tournament (k=3),Arithmetic,Gaussian,0.66113,0.08092,000.00000000,000.00102425,000.00075531,000.00502052,000.30
Tournament (k=2),Blend,Uniform,1.00000,0.17762,000.90443420,003.37464595,003.82754898,001.23950803,000.39
Tournament (k=3),Arithmetic,Gaussian,0.52190,0.08092,000.00000000,000.00097198,000.00105858,000.00418843,000.24
Tournament (k=2),Blend,Uniform,0.83749,0.17762,000.45047760,002.78234553,003.17621231,001.18836093,000.36
Tournament (k=3),Arithmetic,Gaussian,0.41200,0.02183,000.00000000,000.02512293,000.02333450,000.15283649,000.23
Tournament (k=3),Arithmetic,Gaussian,0.50670,0.04390,000.00000763,000.00563989,000.00583649,000.02803750,000.26
Tournament (k=3),Arithmetic,Gaussian,0.68096,0.05228,000.00000000,000.00213919,000.00208664,000.03459352,000.22
Tournament (k=2),Blend,Uniform,1.00000,0.07415,000.00289536,000.59520900,000.71812439,000.74003237,000.25
Tournament (k=3),Arithmetic,Gaussian,0.74410,0.25191,000.00128174,000.04980621,000.05451965,000.17987409,000.35
Tournament (k=3),Arithmetic,Gaussian,0.43709,0.21153,000.00026703,000.00488915,000.00500488,000.01466267,000.32
Tournament (k=3),Arithmetic,Gaussian,0.76642,0.04791,000.00000000,000.00427651,000.00374413,000.02744512,000.22
Tournament (k=3),Arithmetic,Gaussian,0.57030,0.14915,000.00000000,000.00009828,000.00009155,000.00055826,000.36
Tournament (k=3),Arithmetic,Gaussian,0.43709,0.08830,000.00000000,000.00082016,000.00083733,000.00415078,000.30
Tournament (k=3),Arithmetic,Gaussian,0.45020,0.13667,000.00000000,000.00030351,000.00032616,000.00327123,000.36
Tournament (k=3),Arithmetic,Gaussian,0.55369,0.08092,000.00000000,000.00102439,000.00084305,000.01061385,000.24
Tournament (k=3),Arithmetic,Gaussian,0.62318,0.03095,000.00000000,000.01115508,000.01155663,000.04592329,000.23
Tournament (k=3),Arithmetic,Gaussian,0.70139,0.25191,000.00056839,000.04662843,000.05861282,000.19408785,000.41
Tournament (k=3),Arithmetic,Gaussian,0.55369,0.21153,000.00024414,000.00623822,000.00744629,000.01572543,000.40
Tournament (k=3),Arithmetic,Gaussian,0.72243,0.05228,000.00000000,000.00264616,000.00300598,000.00752704,000.22
Tournament (k=3),Arithmetic,Gaussian,0.41200,0.02382,000.00003815,000.01950431,000.02180290,000.15576893,000.24
Tournament (k=3),Arithmetic,Gaussian,0.40000,0.04390,000.00000000,000.00480843,000.00471115,000.01586753,000.20
Tournament (k=3),Arithmetic,Gaussian,0.58741,0.09637,000.00000000,000.00052967,000.00049400,000.00205269,000.32
Tournament (k=2),Blend,Uniform,0.91514,0.03686,000.00000000,000.00303931,000.00011635,000.48825580,000.25
Tournament (k=3),Arithmetic,Gaussian,0.46371,0.02382,000.00000000,000.01533728,000.01421738,000.18209834,000.24
Tournament (k=3),Arithmetic,Gaussian,0.52190,0.23084,000.00012207,000.01242971,000.01373672,000.04956934,000.39
Tournament (k=2),Blend,Uniform,0.78941,0.19383,000.46769714,002.97307801,003.36746216,001.25186825,000.38
Tournament (k=3),Arithmetic,Gaussian,0.76642,0.14915,000.00000000,000.00008988,000.00009918,000.00121920,000.36
Tournament (k=3),Arithmetic,Gaussian,0.78941,0.02837,000.00001144,000.01022534,000.01124573,000.09386950,000.26
Tournament (k=3),Arithmetic,Gaussian,0.57030,0.04791,000.00000000,000.00294008,000.00304413,000.02634833,000.22
Tournament (k=2),Blend,Uniform,0.94259,0.02000,000.00000000,000.24155374,000.00247192,000.56512743,000.25
Tournament (k=3),Arithmetic,Gaussian,0.52190,0.02382,000.00000381,000.02549448,000.02670479,000.17759347,000.18
Tournament (k=3),Arithmetic,Gaussian,0.66113,0.02382,000.00000000,000.01147313,000.01234245,000.10337050,000.19
Tournament (k=2),Blend,Uniform,0.94259,0.06795,000.00006485,000.21195540,000.19518471,000.53052390,000.25
Tournament (k=2),Blend,Uniform,0.97087,0.10516,000.13987350,001.64385855,001.88675308,000.90562379,000.29
Tournament (k=3),Arithmetic,Gaussian,0.62318,0.03378,000.00000000,000.00868812,000.00978279,000.10412268,000.26
Tournament (k=2),Blend,Gaussian,1.00000,0.21153,000.34297180,001.74070668,001.99440002,000.76531047,000.44
Tournament (k=3),Arithmetic,Gaussian,0.78941,0.08830,000.00000000,000.00051823,000.00057220,000.00196831,000.24
Tournament (k=3),Arithmetic,Gaussian,0.58741,0.27490,000.00265503,000.05753684,000.06830597,000.22841103,000.41
Tournament (k=3),Arithmetic,Gaussian,0.55369,0.08830,000.00000000,000.00099373,000.00090981,000.00361662,000.34
Tournament (k=3),Arithmetic,Gaussian,0.55369,0.02599,000.00000000,000.01314669,000.01203156,000.14808688,000.20
Tournament (k=3),Arithmetic,Gaussian,0.41200,0.02599,000.00000000,000.01226263,000.01200676,000.05456260,000.24
Tournament (k=3),Arithmetic,Gaussian,0.43709,0.02599,000.00000000,000.01005325,000.00931168,000.08285594,000.23
Tournament (k=3),Arithmetic,Gaussian,0.66113,0.02599,000.00000000,000.01784449,000.01947403,000.17021590,000.19
Tournament (k=3),Arithmetic,Gaussian,0.42436,0.03378,000.00000381,000.00923133,000.00885010,000.04995277,000.24
Tournament (k=3),Arithmetic,Gaussian,0.45020,0.04390,000.00000000,000.00589890,000.00578117,000.01650785,000.25
Tournament (k=2),Blend,Uniform,0.86261,0.30000,000.72820663,004.19192982,004.83604431,001.67519116,000.33
Tournament (k=3),Arithmetic,Gaussian,0.60503,0.05228,000.00000000,000.00294433,000.00305557,000.04631561,000.27
Tournament (k=3),Arithmetic,Gaussian,0.78941,0.27490,000.00583649,000.09982991,000.10730362,000.33234537,000.34
Tournament (k=3),Arithmetic,Gaussian,0.50670,0.13667,000.00000000,000.00017281,000.00017929,000.00161186,000.34
Tournament (k=3),Arithmetic,Gaussian,0.72243,0.14915,000.00000000,000.00008583,000.00008392,000.00252539,000.28
Tournament (k=3),Arithmetic,Gaussian,0.53756,0.14915,000.00000000,000.00012121,000.00012779,000.00069111,000.33
Tournament (k=2),Blend,Uniform,0.81310,0.03095,000.00000000,000.00056067,000.00000000,000.44547859,000.21
Tournament (k=3),Arithmetic,Gaussian,0.68096,0.16276,000.00000000,000.00016575,000.00017929,000.00173238,000.29
Tournament (k=3),Arithmetic,Gaussian,0.81310,0.05228,000.00000763,000.00362668,000.00407791,000.04570874,000.28
Tournament (k=3),Arithmetic,Gaussian,0.55369,0.02837,000.00012207,000.01471319,000.01501274,000.11174452,000.21
Tournament (k=3),Arithmetic,Gaussian,0.62318,0.08092,000.00000381,000.00138359,000.00137901,000.00565628,000.29
Tournament (k=3),Arithmetic,Gaussian,0.81310,0.16276,000.00000000,000.00017977,000.00018120,000.00413148,000.29
Tournament (k=3),Arithmetic,Gaussian,0.49195,0.23084,000.00093842,000.01675773,000.01938820,000.06767850,000.38
Tournament (k=3),Arithmetic,Gaussian,0.62318,0.23084,000.00045013,000.01630635,000.01739120,000.11718494,000.41
Tournament (k=2),Blend,Uniform,0.97087,0.30000,001.40313721,004.16052485,004.70706177,001.58168733,000.39
Tournament (k=2),Blend,Uniform,0.88849,0.02000,000.00000000,000.08620181,000.00045776,000.61019266,000.21
Tournament (k=3),Arithmetic,Gaussian,0.47762,0.17762,000.00000763,000.00046501,000.00044250,000.00345468,000.30
Tournament (k=3),Arithmetic,Gaussian,0.45020,0.04791,000.00000000,000.00536957,000.00547981,000.04169177,000.27
Tournament (k=3),Arithmetic,Gaussian,0.70139,0.08830,000.00000000,000.00070052,000.00055885,000.00315255,000.24
Tournament (k=2),Blend,Uniform,0.81310,0.03378,000.00000000,000.00036817,000.00000000,000.39474553,000.23
Tournament (k=3),Arithmetic,Gaussian,0.64187,0.04791,000.00000000,000.00320644,000.00324821,000.01519384,000.27
Tournament (k=3),Arithmetic,Gaussian,0.46371,0.25191,000.00229645,000.03733740,000.04474068,000.15555258,000.41
Tournament (k=3),Arithmetic,Gaussian,0.47762,0.04791,000.00000000,000.00421877,000.00508690,000.01446721,000.22
Tournament (k=2),Blend,Uniform,0.88849,0.21153,001.20369720,003.10448551,003.42910767,001.30430019,000.37
Tournament (k=3),Arithmetic,Gaussian,0.40000,0.13667,000.00000381,000.00031700,000.00024223,000.00132580,000.33
Tournament (k=3),Arithmetic,Gaussian,0.46371,0.08830,000.00000000,000.00085516,000.00089836,000.00384435,000.23
Tournament (k=3),Arithmetic,Gaussian,0.50670,0.14915,000.00000000,000.00021086,000.00019073,000.00097686,000.34
Tournament (k=3),Arithmetic,Gaussian,0.41200,0.08092,000.00000000,000.00130510,000.00140190,000.00842794,000.23
Tournament (k=3),Arithmetic,Gaussian,0.53756,0.16276,000.00000000,000.00017486,000.00019264,000.00086046,000.34
Tournament (k=3),Arithmetic,Gaussian,0.74410,0.08830,000.00000000,000.00060554,000.00052071,000.00295330,000.24
Tournament (k=3),Arithmetic,Gaussian,0.66113,0.30000,000.00578690,000.16454549,000.17521667,000.42965120,000.42
Tournament (k=3),Arithmetic,Gaussian,0.60503,0.14915,000.00000000,000.00013418,000.00012589,000.00067829,000.35
Tournament (k=3),Arithmetic,Gaussian,0.70139,0.03095,000.00000381,000.00810614,000.00624657,000.10704660,000.19
Tournament (k=3),Arithmetic,Gaussian,0.49195,0.03095,000.00000000,000.00976267,000.00860214,000.07493564,000.20
Tournament (k=2),Blend,Uniform,0.86261,0.02837,000.00000000,000.00148964,000.00007248,000.49466473,000.20
Tournament (k=3),Arithmetic,Gaussian,0.64187,0.14915,000.00000000,000.00006704,000.00006485,000.00035884,000.29
Tournament (k=3),Arithmetic,Gaussian,0.58741,0.03378,000.00000000,000.00817318,000.00817490,000.03590238,000.25
Tournament (k=2),Blend,Uniform,0.81310,0.10516,000.05055237,001.23680282,001.57175255,001.01252162,000.31
Tournament (k=3),Arithmetic,Gaussian,0.52190,0.08830,000.00000381,000.00079584,000.00078964,000.00619600,000.24
Tournament (k=3),Arithmetic,Gaussian,0.66113,0.08830,000.00001907,000.00045147,000.00045013,000.00288310,000.27
Tournament (k=3),Arithmetic,Gaussian,0.41200,0.17762,000.00000381,000.00042462,000.00046921,000.00176151,000.36
Tournament (k=3),Arithmetic,Gaussian,0.68096,0.05705,000.00000000,000.00237794,000.00264168,000.01151297,000.21
Tournament (k=2),Blend,Uniform,0.74410,0.05705,000.00000000,000.00044518,000.00001526,000.21531771,000.27
Tournament (k=3),Arithmetic,Gaussian,0.76642,0.05228,000.00000000,000.00229144,000.00222588,000.01270749,000.21
Tournament (k=2),Blend,Uniform,1.00000,0.19383,000.49633026,003.39974856,003.70708656,001.30923009,000.33
Tournament (k=2),Blend,Uniform,0.83749,0.19383,000.89662552,002.80411911,003.19160461,001.21882105,000.36
Tournament (k=3),Arithmetic,Gaussian,0.49195,0.03378,000.00000763,000.00786920,000.00975609,000.11434406,000.22
Tournament (k=2),Blend,Uniform,1.00000,0.08092,000.03041458,000.83855247,001.10462761,000.73043698,000.31
Tournament (k=2),Blend,Uniform,0.86261,0.03095,000.00000000,000.00183578,000.00000572,000.43808526,000.21
Tournament (k=3),Arithmetic,Gaussian,0.40000,0.14915,000.00000000,000.00024719,000.00026321,000.00098309,000.35
Tournament (k=3),Arithmetic,Gaussian,0.58741,0.03686,000.00000000,000.00608063,000.00576019,000.02250336,000.21
Tournament (k=3),Arithmetic,Gaussian,0.43709,0.09637,000.00000000,000.00098877,000.00088120,000.00323499,000.30
Tournament (k=3),Arithmetic,Gaussian,0.57030,0.16276,000.00000000,000.00020695,000.00015450,000.00190884,000.31
Tournament (k=3),Arithmetic,Gaussian,0.72243,0.05705,000.00000000,000.00227103,000.00250435,000.01206786,000.21
Tournament (k=3),Arithmetic,Gaussian,0.43709,0.23084,000.00017166,000.01349831,000.01432610,000.02883774,000.39
Tournament (k=3),Arithmetic,Gaussian,0.49195,0.08830,000.00000000,000.00075254,000.00063133,000.00289756,000.24
Tournament (k=3),Arithmetic,Gaussian,0.74410,0.27490,000.00594330,000.11494160,000.12574005,000.38205528,000.41
Tournament (k=3),Arithmetic,Gaussian,0.83749,0.03095,000.00000000,000.01039996,000.01269150,000.10607807,000.22
Tournament (k=3),Arithmetic,Gaussian,0.68096,0.06226,000.00000381,000.00168481,000.00148010,000.00794814,000.25
Tournament (k=3),Arithmetic,Gaussian,0.52190,0.09637,000.00000000,000.00049186,000.00050926,000.00278593,000.32
Tournament (k=3),Arithmetic,Gaussian,0.66113,0.09637,000.00000000,000.00041075,000.00038338,000.00167695,000.31
Tournament (k=3),Arithmetic,Gaussian,0.64187,0.16276,000.00000763,000.00016842,000.00016022,000.00112486,000.37
Tournament (k=2),Blend,Uniform,0.91514,0.04023,000.00000000,000.00171542,000.00000381,000.43570063,000.28
Tournament (k=3),Arithmetic,Gaussian,0.46371,0.02599,000.00000000,000.01367149,000.01599884,000.16531534,000.24
Tournament (k=3),Arithmetic,Gaussian,0.58741,0.10516,000.00000000,000.00040340,000.00037384,000.00155625,000.32
Tournament (k=3),Arithmetic,Gaussian,0.52190,0.02599,000.00000381,000.01405272,000.01531029,000.12106835,000.19
Tournament (k=2),Blend,Uniform,0.94259,0.02183,000.00000000,000.04042616,000.00010681,000.53722000,000.20
Tournament (k=3),Arithmetic,Gaussian,0.55369,0.23084,000.00083160,000.01608195,000.01655960,000.10816284,000.40
Tournament (k=3),Arithmetic,Gaussian,0.57030,0.05228,000.00000000,000.00250273,000.00219727,000.01661960,000.21
Tournament (k=3),Arithmetic,Gaussian,0.78941,0.03095,000.00000000,000.00940018,000.00805473,000.05712596,000.26
Tournament (k=3),Arithmetic,Gaussian,0.76642,0.16276,000.00000000,000.00021687,000.00022888,000.00084541,000.28
Tournament (k=2),Blend,Uniform,0.97087,0.04390,000.00000000,000.00497980,000.00012016,000.38368925,000.22
Tournament (k=3),Arithmetic,Gaussian,0.83749,0.09637,000.00000000,000.00046458,000.00042534,000.00586292,000.32
Tournament (k=3),Arithmetic,Gaussian,0.52190,0.25191,000.00231171,000.03134494,000.03459549,000.12371817,000.32
Tournament (k=2),Blend,Uniform,0.94259,0.07415,000.00020981,000.43000126,000.48644638,000.57747877,000.25
Tournament (k=3),Arithmetic,Gaussian,0.62318,0.03686,000.00000000,000.00909920,000.01058197,000.03369346,000.26
Tournament (k=3),Arithmetic,Gaussian,0.49195,0.09637,000.00000000,000.00081987,000.00091362,000.00580258,000.28
Tournament (k=3),Arithmetic,Gaussian,0.68096,0.06795,000.00000000,000.00103612,000.00107193,000.00874463,000.26
Tournament (k=3),Arithmetic,Gaussian,0.52190,0.02837,000.00000000,000.01246376,000.00988007,000.06088914,000.19
Tournament (k=3),Arithmetic,Gaussian,0.41200,0.02837,000.00000000,000.00958920,000.00992012,000.10457718,000.23
Tournament (k=3),Arithmetic,Gaussian,0.46371,0.02837,000.00000000,000.01016302,000.00905800,000.05179642,000.23
Tournament (k=3),Arithmetic,Gaussian,0.55369,0.09637,000.00000000,000.00058188,000.00057983,000.00288136,000.31
Tournament (k=3),Arithmetic,Gaussian,0.42436,0.03686,000.00000763,000.00820227,000.00981903,000.03591223,000.24
Tournament (k=3),Arithmetic,Gaussian,0.83749,0.30000,000.00356293,000.19689412,000.18980980,000.47921821,000.34
Tournament (k=3),Arithmetic,Gaussian,0.58741,0.11476,000.00000000,000.00023575,000.00025558,000.00126219,000.29
Tournament (k=3),Arithmetic,Gaussian,0.60503,0.05705,000.00000763,000.00280795,000.00279999,000.01522595,000.27
Tournament (k=3),Arithmetic,Gaussian,0.64187,0.17762,000.00002289,000.00077848,000.00101471,000.01486123,000.38
Tournament (k=3),Arithmetic,Gaussian,0.57030,0.05705,000.00000000,000.00267200,000.00298691,000.01678872,000.30
Tournament (k=3),Arithmetic,Gaussian,0.55369,0.03095,000.00000000,000.01017275,000.01246834,000.04820954,000.23
Tournament (k=3),Arithmetic,Gaussian,0.58741,0.30000,000.00812149,000.15906286,000.16003799,000.29684529,000.43
Tournament (k=3),Arithmetic,Gaussian,0.72243,0.16276,000.00000000,000.00012732,000.00012207,000.00198446,000.29
Tournament (k=3),Arithmetic,Gaussian,0.78941,0.03378,000.00000000,000.00913072,000.00868607,000.03952495,000.34
Tournament (k=3),Arithmetic,Gaussian,0.81310,0.05705,000.00000381,000.00253873,000.00288773,000.00679005,000.28
Tournament (k=3),Arithmetic,Gaussian,0.55369,0.25191,000.00431442,000.04007845,000.04437828,000.21631677,000.37
Tournament (k=3),Arithmetic,Gaussian,0.78941,0.30000,000.01041412,000.16082230,000.18082237,000.41871482,000.34
Tournament (k=3),Arithmetic,Gaussian,0.62318,0.08830,000.00000000,000.00098515,000.00117874,000.00287313,000.30
Tournament (k=3),Arithmetic,Gaussian,0.68096,0.17762,000.00000000,000.00064850,000.00066376,000.00329570,000.37
Tournament (k=2),Blend,Uniform,0.88849,0.02183,000.00000000,000.05100145,000.00006485,000.55234188,000.20
Tournament (k=3),Arithmetic,Gaussian,0.81310,0.17762,000.00000763,000.00082803,000.00086784,000.00432376,000.32
Tournament (k=2),Blend,Uniform,1.00000,0.02000,000.00000000,000.06765699,000.00022888,000.45786020,000.27
Tournament (k=2),Blend,Uniform,0.81310,0.03686,000.00000000,000.00725412,000.00020409,000.44776911,000.21
Tournament (k=3),Arithmetic,Gaussian,0.70139,0.09637,000.00000000,000.00047264,000.00049591,000.00299370,000.25
Tournament (k=3),Arithmetic,Gaussian,0.45020,0.05228,000.00000000,000.00420575,000.00435066,000.02152134,000.26
Tournament (k=3),Arithmetic,Gaussian,0.47762,0.05228,000.00000000,000.00357275,000.00347137,000.00964456,000.21
Tournament (k=3),Arithmetic,Gaussian,0.47762,0.19383,000.00003815,000.00147042,000.00172234,000.00359625,000.30
Tournament (k=3),Arithmetic,Gaussian,0.50670,0.04791,000.00000000,000.00508852,000.00538254,000.01909752,000.20
Tournament (k=3),Arithmetic,Gaussian,0.41200,0.03095,000.00000000,000.00956244,000.01065445,000.04668477,000.36
Tournament (k=3),Arithmetic,Gaussian,0.64187,0.05228,000.00000000,000.00225930,000.00228119,000.01466534,000.27
Tournament (k=3),Arithmetic,Gaussian,0.49195,0.25191,000.00246429,000.03227329,000.03314018,000.07961658,000.40
Tournament (k=3),Arithmetic,Gaussian,0.81310,0.02000,000.00000763,000.03210578,000.03040504,000.24470080,000.20
Tournament (k=3),Arithmetic,Gaussian,0.41200,0.08830,000.00000000,000.00079756,000.00086594,000.00635242,000.23
Tournament (k=3),Arithmetic,Gaussian,0.46371,0.09637,000.00000000,000.00077715,000.00077820,000.00247774,000.25
Tournament (k=3),Arithmetic,Gaussian,0.62318,0.09637,000.00000000,000.00042377,000.00047874,000.00161984,000.27
Tournament (k=3),Arithmetic,Gaussian,0.70139,0.03378,000.00000000,000.00559449,000.00448799,000.02994329,000.26
Tournament (k=2),Blend,Uniform,0.88849,0.23084,001.40297699,003.61865687,004.06596184,001.48681855,000.37
Tournament (k=3),Arithmetic,Gaussian,0.46371,0.27490,000.00589371,000.06698675,000.07419968,000.16513091,000.41
Tournament (k=3),Arithmetic,Gaussian,0.53756,0.17762,000.00001144,000.00045848,000.00047874,000.00379107,000.37
Tournament (k=2),Blend,Uniform,0.81310,0.11476,000.15050507,001.52688634,001.78170586,000.93232685,000.32
Tournament (k=3),Arithmetic,Gaussian,0.76642,0.05705,000.00000381,000.00272751,000.00266075,000.01497667,000.22
Tournament (k=3),Arithmetic,Gaussian,0.45020,0.14915,000.00000000,000.00020819,000.00021172,000.00096923,000.35
Tournament (k=3),Arithmetic,Gaussian,0.49195,0.03686,000.00000763,000.00652213,000.00678062,000.03018715,000.19
Tournament (k=3),Arithmetic,Gaussian,0.60503,0.16276,000.00000000,000.00025043,000.00021362,000.00150969,000.37
Tournament (k=3),Arithmetic,Gaussian,0.40000,0.04791,000.00000381,000.00588450,000.00512123,000.01580815,000.25
Tournament (k=2),Blend,Uniform,0.94259,0.14915,000.27053070,002.55300832,002.86606598,001.20676100,000.30
Tournament (k=2),Blend,Uniform,0.91514,0.11476,000.09041214,001.80624080,002.23776627,000.92997211,000.28
Tournament (k=3),Arithmetic,Gaussian,0.55369,0.27490,000.00373840,000.08108654,000.08279991,000.17734611,000.45
Tournament (k=2),Blend,Uniform,0.86261,0.03378,000.00000000,000.01309662,000.00001335,000.43084511,000.21
Tournament (k=3),Arithmetic,Gaussian,0.64187,0.05705,000.00000000,000.00245204,000.00205421,000.00809656,000.27
Tournament (k=3),Arithmetic,Gaussian,0.70139,0.27490,000.00569916,000.06949063,000.08452415,000.31360784,000.33
Tournament (k=3),Arithmetic,Gaussian,0.41200,0.19383,000.00002289,000.00157967,000.00167847,000.00403220,000.37
Tournament (k=2),Blend,Uniform,1.00000,0.08830,000.05492020,001.28515208,001.50150490,000.88987869,000.32
Tournament (k=3),Arithmetic,Gaussian,0.58741,0.04023,000.00000000,000.00478926,000.00400352,000.02458666,000.25
Tournament (k=3),Arithmetic,Gaussian,0.72243,0.06226,000.00000381,000.00176711,000.00199699,000.00703902,000.21
Tournament (k=3),Arithmetic,Gaussian,0.49195,0.27490,000.00202179,000.05251613,000.06595039,000.19515724,000.39
Tournament (k=3),Arithmetic,Gaussian,0.83749,0.03378,000.00000000,000.00704494,000.00670624,000.06136747,000.19
Tournament (k=3),Arithmetic,Gaussian,0.74410,0.02837,000.00000000,000.00944676,000.00890732,000.05287688,000.19
Tournament (k=3),Arithmetic,Gaussian,0.43709,0.10516,000.00000000,000.00062318,000.00067329,000.00372248,000.30
Tournament (k=3),Arithmetic,Gaussian,0.40000,0.16276,000.00000381,000.00034642,000.00034332,000.00172431,000.35
Tournament (k=3),Arithmetic,Gaussian,0.78941,0.09637,000.00000000,000.00034256,000.00031662,000.00614238,000.24
Tournament (k=3),Arithmetic,Gaussian,0.66113,0.02837,000.00001907,000.01214490,000.01133728,000.14528736,000.19
Tournament (k=2),Blend,Uniform,0.91514,0.04390,000.00000000,000.00256834,000.00000000,000.28357053,000.22
Tournament (k=2),Blend,Uniform,0.97087,0.11476,000.37990570,001.76804125,002.15919304,001.05173576,000.29
Tournament (k=2),Blend,Uniform,0.94259,0.02382,000.00000000,000.11458845,000.00033951,000.56795794,000.21
Tournament (k=3),Arithmetic,Gaussian,0.43709,0.02837,000.00000000,000.00956035,000.00862122,000.10511220,000.24
Tournament (k=3),Arithmetic,Gaussian,0.57030,0.17762,000.00000381,000.00041127,000.00042534,000.00172288,000.36
Tournament (k=3),Arithmetic,Gaussian,0.52190,0.10516,000.00000000,000.00038562,000.00037384,000.00212814,000.31
Tournament (k=3),Arithmetic,Gaussian,0.66113,0.10516,000.00000000,000.00035791,000.00033188,000.00133458,000.32
Tournament (k=3),Arithmetic,Gaussian,0.43709,0.25191,000.00160217,000.03465920,000.04084396,000.09489985,000.40
Tournament (k=3),Arithmetic,Gaussian,0.53756,0.04390,000.00000000,000.00441294,000.00450706,000.03058189,000.26
Tournament (k=3),Arithmetic,Gaussian,0.83749,0.03686,000.00000000,000.00943222,000.01067162,000.10405852,000.20
Tournament (k=3),Arithmetic,Gaussian,0.58741,0.04390,000.00000381,000.00385637,000.00429916,000.01613121,000.26
Tournament (k=3),Arithmetic,Gaussian,0.74410,0.03095,000.00003433,000.00996294,000.01092720,000.05718620,000.20
Tournament (k=3),Arithmetic,Gaussian,0.74410,0.30000,000.00817871,000.14065576,000.13420677,000.37706292,000.44
Tournament (k=3),Arithmetic,Gaussian,0.72243,0.06795,000.00000763,000.00210123,000.00215912,000.01038130,000.25
Tournament (k=3),Arithmetic,Gaussian,0.66113,0.03095,000.00000000,000.00886989,000.00875092,000.06711575,000.20
Tournament (k=3),Arithmetic,Gaussian,0.46371,0.03095,000.00000000,000.01081686,000.00934601,000.03913038,000.20
Tournament (k=3),Arithmetic,Gaussian,0.86261,0.05705,000.00000000,000.00327601,000.00305176,000.02120798,000.25
Tournament (k=3),Arithmetic,Gaussian,0.76642,0.17762,000.00000763,000.00071859,000.00076866,000.00244502,000.37
Tournament (k=3),Arithmetic,Gaussian,0.86261,0.02000,000.00000381,000.02718530,000.02825546,000.08885427,000.19
Tournament (k=3),Arithmetic,Gaussian,0.83749,0.10516,000.00000000,000.00032125,000.00021362,000.00513752,000.33
Tournament (k=3),Arithmetic,Gaussian,0.78941,0.10516,000.00000000,000.00015264,000.00012589,000.00239117,000.28
Tournament (k=3),Arithmetic,Gaussian,0.43709,0.03095,000.00000000,000.01340127,000.01128197,000.10719382,000.25
Tournament (k=3),Arithmetic,Gaussian,0.55369,0.03378,000.00000000,000.00602002,000.00517273,000.02817013,000.20
Tournament (k=3),Arithmetic,Gaussian,0.86261,0.17762,000.00003815,000.00097346,000.00102043,000.00982346,000.36
Tournament (k=3),Arithmetic,Gaussian,0.60503,0.02000,000.00000000,000.03126984,000.03538132,000.14656113,000.25
Tournament (k=3),Arithmetic,Gaussian,0.60503,0.06226,000.00000000,000.00216613,000.00195312,000.01010838,000.29
Tournament (k=3),Arithmetic,Gaussian,0.57030,0.19383,000.00001526,000.00160513,000.00183487,000.00563571,000.37
Tournament (k=3),Arithmetic,Gaussian,0.49195,0.30000,000.00332260,000.11934981,000.13196945,000.27387792,000.45
Tournament (k=3),Arithmetic,Gaussian,0.57030,0.06226,000.00000000,000.00151238,000.00183868,000.00832704,000.29
Tournament (k=3),Arithmetic,Gaussian,0.58741,0.12524,000.00000000,000.00015869,000.00015259,000.00158044,000.35
Tournament (k=3),Arithmetic,Gaussian,0.62318,0.25191,000.00100708,000.03516731,000.03633881,000.15983286,000.42
Tournament (k=3),Arithmetic,Gaussian,0.68096,0.02000,000.00000000,000.02575555,000.02834511,000.24565272,000.19
Tournament (k=3),Arithmetic,Gaussian,0.64187,0.19383,000.00000000,000.00204387,000.00182343,000.00649180,000.31
Tournament (k=3),Arithmetic,Gaussian,0.78941,0.03686,000.00000000,000.00630784,000.00794220,000.03227580,000.27
Tournament (k=3),Arithmetic,Gaussian,0.81310,0.06226,000.00000763,000.00170827,000.00173759,000.01005148,000.30
Tournament (k=2),Blend,Uniform,0.88849,0.02382,000.00000000,000.11337819,000.00003624,000.58657426,000.21
Tournament (k=3),Arithmetic,Gaussian,0.72243,0.17762,000.00000000,000.00065875,000.00056839,000.00368975,000.31
Tournament (k=3),Arithmetic,Gaussian,0.74410,0.09637,000.00000000,000.00030522,000.00034142,000.00269718,000.25
Tournament (k=3),Arithmetic,Gaussian,0.88849,0.03378,000.00000000,000.01193104,000.01458359,000.15720451,000.20
Tournament (k=2),Blend,Uniform,1.00000,0.02183,000.00000000,000.13271093,000.00039864,000.57550538,000.28
Tournament (k=3),Arithmetic,Gaussian,0.78941,0.11476,000.00000000,000.00011592,000.00011253,000.00156976,000.32
Tournament (k=3),Arithmetic,Gaussian,0.50670,0.16276,000.00000000,000.00014744,000.00012779,000.00125667,000.37
Tournament (k=3),Arithmetic,Gaussian,0.70139,0.10516,000.00000000,000.00023541,000.00018692,000.00202645,000.26
Tournament (k=3),Arithmetic,Gaussian,0.68096,0.02183,000.00000000,000.02219334,000.01694107,000.23315068,000.19
Tournament (k=3),Arithmetic,Gaussian,0.68096,0.19383,000.00003052,000.00296903,000.00217438,000.00663347,000.39
Tournament (k=3),Arithmetic,Gaussian,0.91514,0.02000,000.00012970,000.03832855,000.03801537,000.28901047,000.19
Tournament (k=3),Arithmetic,Gaussian,0.45020,0.05705,000.00000000,000.00313830,000.00341225,000.00840294,000.27
Tournament (k=3),Arithmetic,Gaussian,0.47762,0.05705,000.00000000,000.00227990,000.00251579,000.01468769,000.28
Tournament (k=3),Arithmetic,Gaussian,0.50670,0.02000,000.00000000,000.02464099,000.02108383,000.22678931,000.28
Tournament (k=3),Arithmetic,Gaussian,0.46371,0.10516,000.00000000,000.00058765,000.00058174,000.00209003,000.26
Tournament (k=3),Arithmetic,Gaussian,0.47762,0.21153,000.00014877,000.00515165,000.00599098,000.01280686,000.32
Tournament (k=3),Arithmetic,Gaussian,0.62318,0.10516,000.00000000,000.00044603,000.00043488,000.00197480,000.26
Tournament (k=3),Arithmetic,Gaussian,0.88849,0.10516,000.00000000,000.00023332,000.00017548,000.02881447,000.33
Tournament (k=3),Arithmetic,Gaussian,0.74410,0.10516,000.00000000,000.00028811,000.00029564,000.00138689,000.28
Tournament (k=3),Arithmetic,Gaussian,0.91514,0.06226,000.00000000,000.00268087,000.00273514,000.25827220,000.30
Tournament (k=3),Arithmetic,Gaussian,0.76642,0.06226,000.00000000,000.00137758,000.00118637,000.00868587,000.23
Tournament (k=2),Blend,Uniform,0.83749,0.21153,000.30451965,003.36826944,003.87576294,001.25567234,000.37
Tournament (k=2),Blend,Uniform,1.00000,0.21153,000.79539871,003.64112997,004.17009163,001.48173213,000.38
Tournament (k=3),Arithmetic,Gaussian,0.49195,0.04023,000.00000381,000.00725069,000.00915527,000.03871345,000.20
Tournament (k=3),Arithmetic,Gaussian,0.64187,0.21153,000.00005341,000.00804606,000.00786400,000.03042666,000.39
Tournament (k=3),Arithmetic,Gaussian,0.53756,0.19383,000.00003433,000.00194187,000.00200272,000.00572408,000.39
Tournament (k=3),Arithmetic,Gaussian,0.40000,0.05228,000.00000000,000.00455732,000.00540924,000.01522672,000.27
Tournament (k=2),Blend,Uniform,0.86261,0.03686,000.00000000,000.02346430,000.00000381,000.57122254,000.21
Tournament (k=3),Arithmetic,Gaussian,0.45020,0.16276,000.00000381,000.00028043,000.00030327,000.00133415,000.36
Tournament (k=3),Arithmetic,Gaussian,0.91514,0.19383,000.00006104,000.00355120,000.00430298,000.01476971,000.39
Tournament (k=2),Blend,Uniform,0.91514,0.12524,000.11464691,002.06951666,002.48026085,001.01051736,000.28
Tournament (k=2),Blend,Uniform,0.94259,0.16276,000.27840424,002.65020728,003.03588295,001.17167580,000.31
Tournament (k=3),Arithmetic,Gaussian,0.64187,0.06226,000.00000381,000.00180445,000.00162125,000.00974149,000.28
Tournament (k=3),Arithmetic,Gaussian,0.60503,0.17762,000.00001526,000.00044909,000.00048256,000.00199538,000.38
Tournament (k=3),Arithmetic,Gaussian,0.94259,0.03686,000.00001526,000.01828327,000.01684570,000.16649260,000.20
Tournament (k=2),Blend,Uniform,0.97087,0.04791,000.00000000,000.00227766,000.00000763,000.26097208,000.22
Tournament (k=3),Arithmetic,Gaussian,0.91514,0.06795,000.00000000,000.00181785,000.00194931,000.09235808,000.28
Tournament (k=3),Arithmetic,Gaussian,0.70139,0.30000,000.01670456,000.17733493,000.20384789,000.34020177,000.34
Tournament (k=3),Arithmetic,Gaussian,0.88849,0.11476,000.00000000,000.00012860,000.00009918,000.00480484,000.33
Tournament (k=3),Arithmetic,Gaussian,0.41200,0.21153,000.00017548,000.00472836,000.00517464,000.00976516,000.36
Tournament (k=3),Arithmetic,Gaussian,0.74410,0.11476,000.00000000,000.00012841,000.00011063,000.00134116,000.34
Tournament (k=3),Arithmetic,Gaussian,0.55369,0.30000,000.00830460,000.11604877,000.12572098,000.29958618,000.42
Tournament (k=2),Blend,Uniform,0.94259,0.08092,000.01245880,000.67991108,000.95459747,000.80942988,000.25
Tournament (k=3),Arithmetic,Gaussian,0.62318,0.04023,000.00000000,000.00503793,000.00372314,000.02342221,000.25
Tournament (k=3),Arithmetic,Gaussian,0.94259,0.11476,000.00000000,000.00029593,000.00009537,000.12937567,000.33
Tournament (k=3),Arithmetic,Gaussian,0.52190,0.27490,000.00714874,000.05453587,000.06216049,000.10088445,000.32
Tournament (k=3),Arithmetic,Gaussian,0.97087,0.02183,000.00057602,000.04970346,000.04407883,000.40444377,000.25
Tournament (k=3),Arithmetic,Gaussian,0.68096,0.07415,000.00000000,000.00129380,000.00125694,000.00688765,000.23
Tournament (k=3),Arithmetic,Gaussian,0.42436,0.04023,000.00000000,000.00425229,000.00306702,000.03342248,000.25
Tournament (k=3),Arithmetic,Gaussian,0.49195,0.10516,000.00000000,000.00048065,000.00042343,000.00299539,000.31
Tournament (k=3),Arithmetic,Gaussian,0.52190,0.11476,000.00000000,000.00036302,000.00033951,000.00108177,000.26
Tournament (k=3),Arithmetic,Gaussian,0.76642,0.02000,000.00000381,000.03338790,000.03046417,000.23855065,000.18
Tournament (k=3),Arithmetic,Gaussian,0.55369,0.10516,000.00000000,000.00042710,000.00044441,000.00236213,000.32
Tournament (k=3),Arithmetic,Gaussian,0.83749,0.04023,000.00000000,000.00557132,000.00537872,000.04042003,000.22
Tournament (k=3),Arithmetic,Gaussian,0.74410,0.03378,000.00000763,000.01083245,000.01072884,000.14404190,000.20
Tournament (k=2),Blend,Uniform,0.91514,0.13667,000.04121399,002.34014130,002.63029099,000.96339005,000.34
Tournament (k=2),Blend,Uniform,0.97087,0.12524,000.21247101,002.16820359,002.63421440,001.07603943,000.35
Tournament (k=3),Arithmetic,Gaussian,0.66113,0.03378,000.00000000,000.00578628,000.00500298,000.10331787,000.20
Tournament (k=3),Arithmetic,Gaussian,0.72243,0.07415,000.00000000,000.00103273,000.00129318,000.00331824,000.23
Tournament (k=3),Arithmetic,Gaussian,0.53756,0.04791,000.00000000,000.00404720,000.00485039,000.02989107,000.27
Tournament (k=2),Blend,Uniform,0.94259,0.17762,000.60832977,003.02232862,003.45767975,001.26910853,000.37
Tournament (k=3),Arithmetic,Gaussian,0.58741,0.04791,000.00000000,000.00442252,000.00403976,000.02665045,000.27
Tournament (k=3),Arithmetic,Gaussian,0.66113,0.11476,000.00000000,000.00018930,000.00014687,000.00174626,000.33
Tournament (k=3),Arithmetic,Gaussian,0.86261,0.02183,000.00000000,000.03596873,000.04054451,000.25396946,000.18
Tournament (k=3),Arithmetic,Gaussian,0.46371,0.03378,000.00000000,000.00860491,000.01088524,000.10487261,000.24
Tournament (k=3),Arithmetic,Gaussian,0.43709,0.27490,000.00056458,000.06536698,000.07929993,000.22447410,000.41
Tournament (k=3),Arithmetic,Gaussian,0.43709,0.03378,000.00000000,000.00866356,000.00653648,000.03337617,000.25
Tournament (k=3),Arithmetic,Gaussian,0.66113,0.03686,000.00003052,000.00660520,000.00637054,000.02825731,000.20
Tournament (k=3),Arithmetic,Gaussian,0.76642,0.19383,000.00009155,000.00331025,000.00379181,000.01026267,000.38
Tournament (k=3),Arithmetic,Gaussian,0.60503,0.02183,000.00000000,000.01800480,000.01971245,000.10203375,000.24
Tournament (k=3),Arithmetic,Gaussian,0.55369,0.03686,000.00000000,000.00617428,000.00555229,000.03281868,000.25
Tournament (k=3),Arithmetic,Gaussian,0.52190,0.30000,000.01057434,000.12751122,000.15378189,000.32666534,000.40
Tournament (k=3),Arithmetic,Gaussian,0.81310,0.19383,000.00003052,000.00328565,000.00388908,000.00920147,000.30
Tournament (k=3),Arithmetic,Gaussian,0.50670,0.05228,000.00000000,000.00271435,000.00230408,000.01718446,000.21
Tournament (k=3),Arithmetic,Gaussian,0.97087,0.06795,000.00000000,000.00338340,000.00306702,000.35929123,000.28
Tournament (k=3),Arithmetic,Gaussian,0.83749,0.11476,000.00000000,000.00014443,000.00011253,000.00095798,000.33
Tournament (k=3),Arithmetic,Gaussian,0.60503,0.06795,000.00000000,000.00194287,000.00197601,000.00740731,000.29
Tournament (k=3),Arithmetic,Gaussian,0.72243,0.08092,000.00000000,000.00101795,000.00116348,000.00446261,000.25
Tournament (k=3),Arithmetic,Gaussian,0.86261,0.02382,000.00000000,000.02081523,000.02301598,000.14181836,000.22
Tournament (k=2),Blend,Uniform,0.97087,0.13667,000.33032227,002.51816440,002.95657349,001.03982604,000.31
Tournament (k=3),Arithmetic,Gaussian,0.46371,0.03686,000.00000000,000.00812631,000.00824738,000.02852294,000.26
Tournament (k=3),Arithmetic,Gaussian,0.57030,0.06795,000.00000763,000.00141716,000.00186157,000.00477833,000.29
Tournament (k=3),Arithmetic,Gaussian,0.86261,0.19383,000.00007248,000.00321412,000.00359344,000.01360799,000.38
Tournament (k=3),Arithmetic,Gaussian,0.53756,0.05228,000.00000000,000.00397120,000.00398827,000.01306331,000.34
Tournament (k=2),Blend,Uniform,0.94259,0.19383,001.13476181,003.14671159,003.68955803,001.24654841,000.32
Tournament (k=3),Arithmetic,Gaussian,0.81310,0.02183,000.00000000,000.02549353,000.02985001,000.21757460,000.19
Tournament (k=3),Arithmetic,Gaussian,0.70139,0.03686,000.00000000,000.00648031,000.00652695,000.02655938,000.20
Tournament (k=3),Arithmetic,Gaussian,0.88849,0.03686,000.00000000,000.00879197,000.00852585,000.14935359,000.20
Tournament (k=3),Arithmetic,Gaussian,0.41200,0.09637,000.00000763,000.00119834,000.00101471,000.00383523,000.24
Tournament (k=3),Arithmetic,Gaussian,0.68096,0.02382,000.00000381,000.01247573,000.01039505,000.06671114,000.18
Tournament (k=3),Arithmetic,Gaussian,0.78941,0.04023,000.00001144,000.00553069,000.00607872,000.10389046,000.26
Tournament (k=3),Arithmetic,Gaussian,0.62318,0.27490,000.00351334,000.07107768,000.08325195,000.22856972,000.42
Tournament (k=3),Arithmetic,Gaussian,0.81310,0.06795,000.00000000,000.00156317,000.00158691,000.00556387,000.29
Tournament (k=3),Arithmetic,Gaussian,0.78941,0.12524,000.00000000,000.00009151,000.00005722,000.00462481,000.26
Tournament (k=3),Arithmetic,Gaussian,0.70139,0.11476,000.00000000,000.00014415,000.00010681,000.00188875,000.25
Tournament (k=2),Blend,Uniform,1.00000,0.02382,000.00000000,000.10899095,000.00037766,000.53586262,000.27
Tournament (k=3),Arithmetic,Gaussian,0.72243,0.19383,000.00003052,000.00181499,000.00182152,000.00770627,000.30
Tournament (k=3),Arithmetic,Gaussian,0.81310,0.02382,000.00000763,000.01483240,000.01798820,000.14797483,000.21
Tournament (k=3),Arithmetic,Gaussian,0.50670,0.02183,000.00000381,000.01810427,000.01683235,000.12187750,000.23
Tournament (k=3),Arithmetic,Gaussian,0.45020,0.06226,000.00000000,000.00240698,000.00257111,000.01343130,000.27
Tournament (k=3),Arithmetic,Gaussian,0.70139,0.04023,000.00000000,000.00689487,000.00740814,000.02346422,000.20
Tournament (k=3),Arithmetic,Gaussian,0.47762,0.06226,000.00000000,000.00270829,000.00292015,000.01994846,000.27
Tournament (k=3),Arithmetic,Gaussian,0.50670,0.17762,000.00000000,000.00039821,000.00038147,000.00332447,000.37
Tournament (k=3),Arithmetic,Gaussian,0.68096,0.02599,000.00000000,000.01456428,000.01392937,000.11917304,000.19
Tournament (k=3),Arithmetic,Gaussian,0.88849,0.04023,000.00000000,000.00742683,000.00675201,000.10765659,000.21
Tournament (k=3),Arithmetic,Gaussian,1.00000,0.04023,000.00000000,000.01847730,000.01454163,000.34507477,000.21
Tournament (k=3),Arithmetic,Gaussian,0.46371,0.30000,000.00758362,000.12258768,000.12285995,000.34307584,000.42
Tournament (k=3),Arithmetic,Gaussian,0.46371,0.11476,000.00000381,000.00031667,000.00032234,000.00215006,000.32
Tournament (k=3),Arithmetic,Gaussian,0.68096,0.21153,000.00016785,000.00669975,000.00623512,000.01516117,000.39
Tournament (k=3),Arithmetic,Gaussian,0.97087,0.21153,000.00018311,000.00956569,000.00947571,000.03478634,000.41
Tournament (k=3),Arithmetic,Gaussian,0.76642,0.06795,000.00000000,000.00187759,000.00168419,000.00415511,000.22
Tournament (k=3),Arithmetic,Gaussian,0.78941,0.04390,000.00001526,000.00543966,000.00636292,000.04065361,000.27
Tournament (k=3),Arithmetic,Gaussian,0.62318,0.11476,000.00000000,000.00020676,000.00015259,000.00079947,000.26
Tournament (k=3),Arithmetic,Gaussian,0.81310,0.07415,000.00000000,000.00108423,000.00106049,000.00462649,000.30
Tournament (k=2),Blend,Uniform,1.00000,0.02599,000.00000000,000.01656055,000.00029182,000.48148620,000.27
Tournament (k=3),Arithmetic,Uniform,0.40000,0.02382,000.00026703,000.21644035,000.17039680,000.54022968,000.22
Tournament (k=2),Blend,Uniform,0.86261,0.04023,000.00000000,000.00127845,000.00000000,000.34525266,000.22
Tournament (k=3),Arithmetic,Gaussian,0.52190,0.03095,000.00000381,000.01276135,000.01361847,000.11298127,000.19
Tournament (k=2),Blend,Uniform,1.00000,0.23084,001.59663391,003.74703097,004.26275253,001.45197606,000.32
Tournament (k=3),Arithmetic,Gaussian,1.00000,0.12524,000.00000000,000.00012302,000.00004768,000.04106646,000.35
Tournament (k=3),Arithmetic,Gaussian,0.64187,0.23084,000.00052261,000.02023583,000.02373123,000.04445108,000.32
Tournament (k=2),Blend,Uniform,0.94259,0.02599,000.00000000,000.06936212,000.00037766,000.43085244,000.21
Tournament (k=3),Arithmetic,Gaussian,0.72243,0.02000,000.00000000,000.02240577,000.02041817,000.13227795,000.18
Tournament (k=3),Arithmetic,Gaussian,0.45020,0.17762,000.00000381,000.00038614,000.00047302,000.00201469,000.30
Tournament (k=3),Arithmetic,Gaussian,0.53756,0.21153,000.00012970,000.00645800,000.00752640,000.01509202,000.38
Tournament (k=3),Arithmetic,Gaussian,0.62318,0.30000,000.01132202,000.14146653,000.17828369,000.39044213,000.48
Tournament (k=3),Arithmetic,Gaussian,0.64187,0.06795,000.00000763,000.00123181,000.00105667,000.00601855,000.30
Tournament (k=3),Arithmetic,Gaussian,0.94259,0.04023,000.00000381,000.01153913,000.00967216,000.23031163,000.27
Tournament (k=3),Arithmetic,Gaussian,0.91514,0.21153,000.00014114,000.01040697,000.01341248,000.06598664,000.40
Tournament (k=3),Arithmetic,Gaussian,0.91514,0.07415,000.00000000,000.00187221,000.00193787,000.03161251,000.31
Tournament (k=3),Arithmetic,Gaussian,0.88849,0.12524,000.00000000,000.00013289,000.00009727,000.01608861,000.28
Tournament (k=3),Arithmetic,Gaussian,0.57030,0.02000,000.00003052,000.02100415,000.02130890,000.13027799,000.24
Tournament (k=3),Arithmetic,Gaussian,0.81310,0.08092,000.00000000,000.00096002,000.00079727,000.00454588,000.26
Tournament (k=3),Arithmetic,Uniform,0.40000,0.07415,000.00000000,000.01989503,000.01715088,000.12333537,000.22
Tournament (k=3),Arithmetic,Uniform,0.40000,0.02599,000.00001526,000.14388761,000.16036797,000.43225387,000.23
Tournament (k=3),Arithmetic,Gaussian,0.74410,0.12524,000.00000000,000.00010061,000.00009346,000.00114448,000.27
Tournament (k=3),Arithmetic,Gaussian,0.60503,0.19383,000.00003052,000.00221109,000.00240707,000.01460437,000.39
Tournament (k=3),Arithmetic,Gaussian,0.62318,0.04390,000.00000000,000.00355592,000.00380325,000.01500733,000.27
Tournament (k=3),Arithmetic,Gaussian,0.68096,0.08092,000.00000000,000.00108452,000.00102425,000.00318959,000.24
Tournament (k=3),Arithmetic,Gaussian,0.97087,0.23084,000.00053406,000.02582493,000.02754211,000.14688586,000.43
Tournament (k=3),Arithmetic,Gaussian,0.86261,0.06226,000.00000000,000.00258193,000.00284195,000.00969951,000.29
Tournament (k=3),Arithmetic,Uniform,0.40000,0.23084,000.00108337,000.13370347,000.14980698,000.34379238,000.29
Tournament (k=3),Arithmetic,Gaussian,0.94259,0.12524,000.00000000,000.00021615,000.00011253,000.11508210,000.35
Tournament (k=3),Arithmetic,Gaussian,0.76642,0.02183,000.00000000,000.01855240,000.02104950,000.15896402,000.25
Tournament (k=3),Arithmetic,Gaussian,0.83749,0.04390,000.00000000,000.00480990,000.00448418,000.02226804,000.21
Tournament (k=3),Arithmetic,Gaussian,0.74410,0.03686,000.00000000,000.00771775,000.00762367,000.03622377,000.20
Tournament (k=3),Arithmetic,Gaussian,0.52190,0.12524,000.00000000,000.00024595,000.00024414,000.00117918,000.27
Tournament (k=3),Arithmetic,Gaussian,0.58741,0.05228,000.00000381,000.00246854,000.00267792,000.01152655,000.21
Tournament (k=3),Arithmetic,Gaussian,0.45020,0.19383,000.00002289,000.00149684,000.00165176,000.00824046,000.35
Tournament (k=3),Arithmetic,Gaussian,0.55369,0.11476,000.00000000,000.00021300,000.00019646,000.00399956,000.28
Tournament (k=3),Arithmetic,Gaussian,0.66113,0.04023,000.00000000,000.00772867,000.00862503,000.02586486,000.20
Tournament (k=3),Arithmetic,Gaussian,0.49195,0.11476,000.00000000,000.00035253,000.00033188,000.00200854,000.32
Tournament (k=3),Arithmetic,Uniform,0.41200,0.04390,000.00002289,000.06804962,000.07267761,000.25738147,000.23
Tournament (k=3),Arithmetic,Gaussian,0.60503,0.02382,000.00000000,000.01799569,000.01721954,000.13618040,000.18
Tournament (k=3),Arithmetic,Gaussian,0.53756,0.02000,000.00000381,000.02099218,000.02029419,000.22913738,000.18
Tournament (k=3),Arithmetic,Gaussian,0.66113,0.12524,000.00000000,000.00008621,000.00008965,000.00092351,000.34
Tournament (k=3),Arithmetic,Gaussian,0.58741,0.13667,000.00000000,000.00013752,000.00012779,000.00068761,000.34
Tournament (k=3),Arithmetic,Gaussian,0.55369,0.04023,000.00000000,000.00702715,000.00687218,000.01777514,000.26
Tournament (k=3),Arithmetic,Gaussian,0.57030,0.21153,000.00020218,000.00692930,000.00716209,000.01928770,000.39
Tournament (k=3),Arithmetic,Gaussian,0.86261,0.02599,000.00000000,000.01521030,000.01586342,000.18768133,000.18
Tournament (k=3),Arithmetic,Gaussian,0.76642,0.02382,000.00000000,000.01097035,000.01244354,000.20434253,000.24
Tournament (k=3),Arithmetic,Gaussian,0.72243,0.08830,000.00000381,000.00054126,000.00061226,000.00312282,000.24
Tournament (k=3),Arithmetic,Gaussian,0.43709,0.30000,000.00875092,000.10817485,000.12203789,000.19322422,000.42
Tournament (k=3),Arithmetic,Gaussian,0.83749,0.12524,000.00000000,000.00009074,000.00008011,000.00381350,000.26
Tournament (k=3),Arithmetic,Gaussian,0.57030,0.07415,000.00000000,000.00158715,000.00156784,000.00555801,000.23
Tournament (k=3),Arithmetic,Gaussian,0.76642,0.21153,000.00028229,000.00948896,000.01077271,000.11348949,000.38
Tournament (k=3),Arithmetic,Uniform,0.40000,0.25191,000.02408600,000.40910277,000.42951012,000.55230427,000.34
Tournament (k=3),Arithmetic,Gaussian,0.60503,0.07415,000.00000000,000.00097852,000.00081444,000.00491035,000.29
Tournament (k=3),Arithmetic,Gaussian,0.94259,0.13667,000.00000000,000.00006862,000.00005341,000.10308550,000.35
Tournament (k=3),Arithmetic,Gaussian,0.53756,0.05705,000.00000000,000.00265837,000.00262833,000.01543594,000.27
Tournament (k=2),Blend,Uniform,0.97087,0.14915,000.50571442,002.62847662,002.94381523,001.13257933,000.31
Tournament (k=3),Arithmetic,Uniform,0.41200,0.13667,000.00000763,000.00241141,000.00251198,000.01508884,000.24
Tournament (k=3),Arithmetic,Gaussian,0.55369,0.12524,000.00000000,000.00017543,000.00017357,000.00087395,000.32
Tournament (k=3),Arithmetic,Gaussian,0.86261,0.21153,000.00040436,000.00999217,000.01097298,000.03935967,000.33
Tournament (k=2),Blend,Uniform,0.94259,0.21153,000.60277176,003.24128866,003.81083870,001.39482510,000.31
Tournament (k=3),Arithmetic,Gaussian,0.78941,0.13667,000.00000000,000.00007043,000.00008011,000.00097107,000.28
Tournament (k=3),Arithmetic,Gaussian,0.55369,0.04390,000.00000000,000.00309205,000.00294495,000.01509504,000.26
Tournament (k=3),Arithmetic,Gaussian,0.70139,0.04390,000.00000000,000.00463028,000.00469398,000.02989297,000.21
Tournament (k=3),Arithmetic,Gaussian,0.81310,0.02599,000.00000000,000.01660218,000.01599503,000.11002220,000.25
Tournament (k=3),Arithmetic,Gaussian,0.45020,0.02000,000.00001144,000.02149267,000.01777077,000.18422784,000.22
Tournament (k=3),Arithmetic,Gaussian,0.68096,0.02837,000.00003433,000.01057982,000.00910950,000.15095979,000.20
Tournament (k=3),Arithmetic,Gaussian,0.50670,0.02382,000.00000000,000.01868544,000.01591110,000.20626648,000.24
Tournament (k=3),Arithmetic,Gaussian,0.88849,0.04390,000.00000000,000.00613165,000.00614738,000.15853566,000.20
Tournament (k=3),Arithmetic,Gaussian,0.58741,0.14915,000.00000000,000.00011697,000.00012398,000.00069257,000.35
Tournament (k=3),Arithmetic,Uniform,0.42436,0.02599,000.00000381,000.21337681,000.22828293,000.41155633,000.19
Tournament (k=3),Arithmetic,Gaussian,0.47762,0.06795,000.00000381,000.00199995,000.00201035,000.00990003,000.28
Tournament (k=3),Arithmetic,Gaussian,0.47762,0.02000,000.00000000,000.02772322,000.03038788,000.16845226,000.23
Tournament (k=3),Arithmetic,Uniform,0.42436,0.08092,000.00001526,000.01497416,000.01493645,000.06174238,000.22
Tournament (k=3),Arithmetic,Gaussian,0.50670,0.19383,000.00000381,000.00200863,000.00236320,000.00751397,000.33
Tournament (k=3),Arithmetic,Gaussian,0.60503,0.08092,000.00000000,000.00110445,000.00129128,000.00376674,000.30
Tournament (k=3),Arithmetic,Gaussian,0.57030,0.23084,000.00077820,000.01711426,000.02041435,000.03750823,000.40
Tournament (k=3),Arithmetic,Gaussian,0.76642,0.07415,000.00000000,000.00097141,000.00109100,000.00732138,000.23
Tournament (k=3),Arithmetic,Gaussian,0.53756,0.06226,000.00000381,000.00303593,000.00341415,000.01440340,000.29
Tournament (k=3),Arithmetic,Gaussian,0.52190,0.03378,000.00000000,000.00860238,000.00872231,000.06568799,000.19
Tournament (k=3),Arithmetic,Gaussian,0.70139,0.04791,000.00000763,000.00360355,000.00334740,000.10020828,000.20
Tournament (k=3),Arithmetic,Gaussian,0.78941,0.04791,000.00000000,000.00336585,000.00365067,000.09816717,000.27
Tournament (k=3),Arithmetic,Gaussian,0.72243,0.02183,000.00000000,000.02044249,000.01967239,000.20207238,000.18
Tournament (k=3),Arithmetic,Uniform,0.43709,0.04791,000.00000763,000.05915041,000.05725670,000.20428064,000.20
Tournament (k=3),Arithmetic,Uniform,0.42436,0.25191,000.00493622,000.31092301,000.31634903,000.55727923,000.28
Tournament (k=3),Arithmetic,Gaussian,0.68096,0.23084,000.00006866,000.01791568,000.01877975,000.03956398,000.39
Tournament (k=3),Arithmetic,Gaussian,0.47762,0.02183,000.00000000,000.01583877,000.01812553,000.13161126,000.22
Tournament (k=3),Arithmetic,Gaussian,0.97087,0.02382,000.00009918,000.05559883,000.03999710,000.44571120,000.26
Tournament (k=3),Arithmetic,Gaussian,0.64187,0.25191,000.00049973,000.04395614,000.04502678,000.16336940,000.31
Tournament (k=3),Arithmetic,Gaussian,0.62318,0.12524,000.00000000,000.00009360,000.00010681,000.00050824,000.37
Tournament (k=3),Arithmetic,Gaussian,1.00000,0.13667,000.00000000,000.00007792,000.00006676,000.05512771,000.34
Tournament (k=3),Arithmetic,Gaussian,0.41200,0.23084,000.00024414,000.01167088,000.01303291,000.02482598,000.39
Tournament (k=3),Arithmetic,Gaussian,0.64187,0.02000,000.00000000,000.02651501,000.03449631,000.21862388,000.24
Tournament (k=3),Arithmetic,Gaussian,0.57030,0.02183,000.00000000,000.02185335,000.02583694,000.13105693,000.18
Tournament (k=2),Blend,Uniform,1.00000,0.25191,001.08547211,004.08793211,004.73341179,001.63134110,000.38
Tournament (k=3),Arithmetic,Gaussian,0.53756,0.06795,000.00000000,000.00141020,000.00095367,000.00828814,000.25
Tournament (k=3),Arithmetic,Gaussian,0.94259,0.04390,000.00000763,000.00964866,000.01080513,000.15523927,000.27
Tournament (k=3),Arithmetic,Gaussian,0.64187,0.07415,000.00000000,000.00120964,000.00111771,000.01307573,000.29
Tournament (k=3),Arithmetic,Gaussian,0.53756,0.23084,000.00032043,000.01317749,000.01527023,000.10673720,000.31
Tournament (k=3),Arithmetic,Gaussian,0.91514,0.23084,000.00122452,000.02105813,000.02261925,000.11619618,000.31
Tournament (k=3),Arithmetic,Uniform,0.40000,0.08092,000.00000763,000.01597729,000.01349640,000.08360037,000.21
Tournament (k=3),Arithmetic,Uniform,0.40000,0.02837,000.00000381,000.18089314,000.16930962,000.42653733,000.22
Tournament (k=3),Arithmetic,Gaussian,0.78941,0.05228,000.00000000,000.00332003,000.00348854,000.01260206,000.31
Tournament (k=3),Arithmetic,Gaussian,0.62318,0.04791,000.00006485,000.00473351,000.00487900,000.01976243,000.25
Tournament (k=3),Arithmetic,Gaussian,0.50670,0.05705,000.00000000,000.00293941,000.00316429,000.01531276,000.21
Tournament (k=3),Arithmetic,Gaussian,0.68096,0.08830,000.00000000,000.00058360,000.00053406,000.00271433,000.27
Tournament (k=3),Arithmetic,Gaussian,0.83749,0.04791,000.00000000,000.00715017,000.00700760,000.08762511,000.20
Tournament (k=3),Arithmetic,Gaussian,0.74410,0.13667,000.00000000,000.00008831,000.00007248,000.00216342,000.31
Tournament (k=3),Arithmetic,Gaussian,0.88849,0.13667,000.00000000,000.00006285,000.00004959,000.00639505,000.40
Tournament (k=3),Arithmetic,Uniform,0.45020,0.02837,000.00000000,000.12396312,000.11030960,000.42341334,000.18
Tournament (k=3),Arithmetic,Gaussian,0.91514,0.02183,000.00004578,000.03864226,000.04444504,000.27139825,000.19
Tournament (k=3),Arithmetic,Gaussian,0.64187,0.02183,000.00000000,000.01849694,000.01802826,000.13811702,000.26
Tournament (k=3),Arithmetic,Gaussian,0.86261,0.06795,000.00000000,000.00176358,000.00162125,000.01194333,000.29
Tournament (k=3),Arithmetic,Gaussian,0.81310,0.21153,000.00066757,000.00972576,000.00861359,000.15679570,000.31
Tournament (k=3),Arithmetic,Gaussian,0.66113,0.04390,000.00000000,000.00482836,000.00384903,000.01964960,000.23
Tournament (k=3),Arithmetic,Gaussian,0.68096,0.25191,000.00185013,000.04813995,000.05908966,000.15135676,000.40
Tournament (k=3),Arithmetic,Gaussian,0.49195,0.12524,000.00000000,000.00024166,000.00026894,000.00123320,000.27
Tournament (k=3),Arithmetic,Uniform,0.43709,0.14915,000.00001144,000.00188632,000.00224686,000.01801197,000.30
Tournament (k=3),Arithmetic,Gaussian,0.97087,0.25191,000.00277710,000.06569409,000.07053566,000.22196187,000.41
Tournament (k=3),Arithmetic,Uniform,0.41200,0.04791,000.00000000,000.03921042,000.02717972,000.18883862,000.23
Tournament (k=3),Arithmetic,Gaussian,0.52190,0.13667,000.00000000,000.00015793,000.00015068,000.00104962,000.34
Tournament (k=3),Arithmetic,Gaussian,0.60503,0.02599,000.00000000,000.01419878,000.01388741,000.13857543,000.24
Tournament (k=3),Arithmetic,Gaussian,0.86261,0.02837,000.00000000,000.01513419,000.01694298,000.14982261,000.19
Tournament (k=3),Arithmetic,Uniform,0.45020,0.08830,000.00000000,000.01010938,000.01236153,000.12854666,000.21
Tournament (k=2),Blend,Uniform,1.00000,0.27490,001.09497833,003.94686556,004.52037811,001.48323822,000.42
Tournament (k=3),Arithmetic,Gaussian,0.78941,0.05705,000.00000000,000.00293551,000.00309372,000.01135575,000.27
Tournament (k=3),Arithmetic,Gaussian,0.76642,0.02599,000.00002670,000.01674619,000.01656532,000.06451423,000.25
Tournament (k=3),Arithmetic,Gaussian,0.70139,0.12524,000.00000000,000.00009341,000.00009155,000.00136859,000.27
Tournament (k=3),Arithmetic,Gaussian,0.72243,0.09637,000.00000000,000.00049314,000.00052261,000.00328243,000.24
Tournament (k=3),Arithmetic,Gaussian,0.57030,0.08092,000.00000000,000.00125456,000.00137520,000.00805149,000.23
Tournament (k=3),Arithmetic,Uniform,0.46371,0.05228,000.00000000,000.03435187,000.03753853,000.14772986,000.19
Tournament (k=3),Arithmetic,Gaussian,0.74410,0.14915,000.00000000,000.00007615,000.00006104,000.00100870,000.33
Tournament (k=3),Arithmetic,Gaussian,1.00000,0.04390,000.00004578,000.02738414,000.01888275,000.49744192,000.21
Tournament (k=3),Arithmetic,Gaussian,0.66113,0.13667,000.00000000,000.00008564,000.00007629,000.00065876,000.35
Tournament (k=3),Arithmetic,Uniform,0.40000,0.27490,000.00833511,000.51665723,000.59052086,000.56721449,000.28
Tournament (k=3),Arithmetic,Uniform,0.45020,0.27490,000.02162170,000.62066805,000.77142525,000.65599650,000.34
Tournament (k=3),Arithmetic,Gaussian,0.86261,0.03095,000.00000763,000.01448970,000.01206589,000.03616608,000.19
Tournament (k=3),Arithmetic,Uniform,0.41200,0.05228,000.00000000,000.03993287,000.04030418,000.18158078,000.24
Tournament (k=3),Arithmetic,Gaussian,0.83749,0.13667,000.00000000,000.00004988,000.00004959,000.00239100,000.35
Tournament (k=3),Arithmetic,Uniform,0.45020,0.09637,000.00000381,000.00610332,000.00504112,000.02052043,000.24
Tournament (k=3),Arithmetic,Gaussian,0.55369,0.04791,000.00000381,000.00335236,000.00267792,000.01249140,000.26
Tournament (k=3),Arithmetic,Gaussian,0.76642,0.02837,000.00000000,000.01071176,000.00834656,000.11835770,000.22
Tournament (k=3),Arithmetic,Gaussian,0.76642,0.23084,000.00105286,000.02007871,000.01910782,000.10355128,000.39
Tournament (k=3),Arithmetic,Gaussian,0.94259,0.14915,000.00000000,000.00010252,000.00009918,000.00937811,000.36
Tournament (k=2),Blend,Uniform,1.00000,0.02837,000.00000000,000.00618582,000.00011635,000.39861503,000.27
Tournament (k=3),Arithmetic,Uniform,0.47762,0.03095,000.00000000,000.09915557,000.08287811,000.37008056,000.18
Tournament (k=3),Arithmetic,Gaussian,0.55369,0.13667,000.00000000,000.00015912,000.00014687,000.00068574,000.34
Tournament (k=3),Arithmetic,Uniform,0.42436,0.02837,000.00000381,000.19810720,000.24802208,000.41967788,000.18
Tournament (k=3),Arithmetic,Uniform,0.46371,0.16276,000.00002289,000.00231228,000.00202370,000.01249342,000.26
Tournament (k=3),Arithmetic,Gaussian,0.88849,0.04791,000.00000000,000.00508661,000.00552750,000.01415918,000.21
Tournament (k=3),Arithmetic,Gaussian,0.86261,0.23084,000.00148010,000.02033949,000.02105713,000.11787948,000.38
Tournament (k=3),Arithmetic,Gaussian,0.57030,0.08830,000.00000000,000.00093837,000.00090408,000.00623997,000.27
Tournament (k=3),Arithmetic,Uniform,0.42436,0.08830,000.00002289,000.01206842,000.01316833,000.07336469,000.24
Tournament (k=3),Arithmetic,Gaussian,0.42436,0.04390,000.00000000,000.00359058,000.00321388,000.02130518,000.25
Tournament (k=3),Arithmetic,Gaussian,0.70139,0.13667,000.00000000,000.00008507,000.00008011,000.00107269,000.37
Tournament (k=3),Arithmetic,Gaussian,0.52190,0.03686,000.00000000,000.00582361,000.00416565,000.02990777,000.20
Tournament (k=3),Arithmetic,Gaussian,0.70139,0.05228,000.00000000,000.00299473,000.00342178,000.01146492,000.21
Tournament (k=3),Arithmetic,Gaussian,0.76642,0.08092,000.00000000,000.00094976,000.00081825,000.00699697,000.24
Tournament (k=3),Arithmetic,Gaussian,0.60503,0.08830,000.00000000,000.00082273,000.00074768,000.00542972,000.30
Tournament (k=3),Arithmetic,Uniform,0.43709,0.05228,000.00000000,000.02557211,000.02850151,000.16177852,000.20
Tournament (k=3),Arithmetic,Gaussian,0.58741,0.16276,000.00000000,000.00015140,000.00017166,000.00092348,000.38
Tournament (k=3),Arithmetic,Gaussian,0.97087,0.02599,000.00001907,000.04434972,000.04035187,000.46228519,000.24
Tournament (k=3),Arithmetic,Gaussian,0.83749,0.14915,000.00000000,000.00006723,000.00006676,000.00142415,000.37
Tournament (k=3),Arithmetic,Gaussian,0.50670,0.21153,000.00003052,000.00549660,000.00539589,000.02173778,000.38
Tournament (k=3),Arithmetic,Gaussian,0.91514,0.08092,000.00000000,000.00107112,000.00111389,000.16346554,000.31
Tournament (k=3),Arithmetic,Uniform,0.42436,0.27490,000.01296234,000.55303681,000.61369705,000.59590828,000.29
Tournament (k=3),Arithmetic,Gaussian,0.81310,0.08830,000.00000000,000.00052257,000.00054932,000.00160932,000.31
Tournament (k=3),Arithmetic,Uniform,0.47762,0.09637,000.00000000,000.00635729,000.00701141,000.02603983,000.30
Tournament (k=3),Arithmetic,Uniform,0.47762,0.30000,000.00973129,000.86403465,001.11111641,000.79049110,000.29
Tournament (k=3),Arithmetic,Gaussian,0.74410,0.04023,000.00000000,000.00475769,000.00554276,000.02130753,000.20
Tournament (k=3),Arithmetic,Gaussian,0.64187,0.27490,000.00542450,000.07703290,000.08763123,000.21857154,000.35
Tournament (k=3),Arithmetic,Gaussian,0.60503,0.21153,000.00041962,000.00634241,000.00642776,000.02307293,000.39
Tournament (k=3),Arithmetic,Uniform,0.42436,0.09637,000.00004578,000.00876379,000.01015663,000.03856071,000.29
Tournament (k=3),Arithmetic,Gaussian,0.57030,0.02382,000.00000381,000.01620936,000.01618767,000.08054527,000.24
Tournament (k=3),Arithmetic,Gaussian,0.41200,0.25191,000.00151825,000.03015852,000.03502655,000.06530873,000.33
Tournament (k=3),Arithmetic,Gaussian,0.62318,0.13667,000.00000000,000.00008130,000.00008011,000.00093515,000.35
Tournament (k=3),Arithmetic,Gaussian,1.00000,0.14915,000.00000381,000.00015693,000.00013733,000.01292461,000.36
Tournament (k=3),Arithmetic,Gaussian,0.76642,0.08830,000.00000000,000.00081301,000.00074959,000.00530023,000.27
Tournament (k=3),Arithmetic,Gaussian,0.53756,0.02183,000.00000000,000.01751547,000.01722336,000.17442837,000.19
Tournament (k=3),Arithmetic,Gaussian,0.94259,0.04791,000.00000000,000.00664949,000.00666428,000.27077588,000.28
Tournament (k=3),Arithmetic,Uniform,0.40000,0.08830,000.00000763,000.01016765,000.01003838,000.07303816,000.22
Tournament (k=3),Arithmetic,Uniform,0.40000,0.03095,000.00008011,000.12368131,000.11964417,000.38251266,000.22
Tournament (k=3),Arithmetic,Gaussian,0.62318,0.05228,000.00000000,000.00332155,000.00354767,000.01274737,000.21
Tournament (k=3),Arithmetic,Gaussian,0.64187,0.08092,000.00000000,000.00094495,000.00097084,000.00303427,000.31
Tournament (k=3),Arithmetic,Uniform,0.49195,0.02000,000.00000000,000.33653989,000.40059662,000.59224689,000.22
Tournament (k=3),Arithmetic,Uniform,0.47762,0.10516,000.00000381,000.00489035,000.00544930,000.02513764,000.28
Tournament (k=3),Arithmetic,Gaussian,0.91514,0.02382,000.00001144,000.02993703,000.02439690,000.22170083,000.19
Tournament (k=3),Arithmetic,Gaussian,0.53756,0.25191,000.00197983,000.04119711,000.04523468,000.18042703,000.42
Tournament (k=3),Arithmetic,Uniform,0.45020,0.03095,000.00002670,000.14302464,000.14232826,000.38798317,000.23
Tournament (k=3),Arithmetic,Gaussian,0.81310,0.09637,000.00000000,000.00040221,000.00030518,000.00330992,000.34
Tournament (k=3),Arithmetic,Gaussian,0.66113,0.04791,000.00000381,000.00401316,000.00426865,000.01954374,000.20
Tournament (k=3),Arithmetic,Gaussian,0.64187,0.02382,000.00000000,000.01834292,000.01217079,000.13215280,000.24
Tournament (k=3),Arithmetic,Gaussian,0.91514,0.25191,000.00230408,000.04997039,000.04819298,000.30880275,000.41
Tournament (k=3),Arithmetic,Gaussian,0.72243,0.21153,000.00023270,000.00975294,000.01028061,000.02110161,000.31
Tournament (k=3),Arithmetic,Uniform,0.49195,0.05705,000.00000763,000.02210541,000.02279472,000.14567424,000.25
Tournament (k=3),Arithmetic,Gaussian,0.86261,0.07415,000.00000000,000.00198669,000.00182724,000.01033000,000.29
Tournament (k=3),Arithmetic,Gaussian,0.81310,0.23084,000.00030899,000.02554693,000.02879906,000.17647225,000.31
Tournament (k=3),Arithmetic,Uniform,0.41200,0.14915,000.00000763,000.00229616,000.00249481,000.04307043,000.25
Tournament (k=3),Arithmetic,Gaussian,0.60503,0.02837,000.00000000,000.00931153,000.01153183,000.06503128,000.24
Tournament (k=3),Arithmetic,Gaussian,0.88849,0.14915,000.00000000,000.00009642,000.00009155,000.07159690,000.36
Tournament (k=3),Arithmetic,Uniform,0.43709,0.16276,000.00001526,000.00265479,000.00341797,000.01634599,000.31
Tournament (k=3),Arithmetic,Gaussian,0.68096,0.27490,000.00329971,000.08517084,000.08920670,000.27734271,000.33
Tournament (k=3),Arithmetic,Gaussian,0.78941,0.14915,000.00000000,000.00006676,000.00005722,000.00578382,000.27
Tournament (k=3),Arithmetic,Gaussian,0.91514,0.02599,000.00000000,000.02995429,000.03063202,000.24267061,000.19
Tournament (k=3),Arithmetic,Uniform,0.50670,0.03378,000.00000000,000.11077223,000.12227631,000.29140908,000.23
Tournament (k=3),Arithmetic,Uniform,0.49195,0.17762,000.00001144,000.00705123,000.00722313,000.02610637,000.31
Tournament (k=3),Arithmetic,Uniform,0.45020,0.03378,000.00006866,000.07958908,000.05525589,000.36752665,000.21
Tournament (k=2),Blend,Uniform,0.94259,0.23084,000.39192200,003.55650187,004.03586197,001.61504281,000.32
Tournament (k=3),Arithmetic,Gaussian,0.66113,0.05228,000.00000000,000.00420480,000.00434685,000.02589518,000.21
Tournament (k=3),Arithmetic,Gaussian,0.64187,0.02599,000.00000763,000.01028438,000.01129532,000.12314097,000.21
Tournament (k=3),Arithmetic,Gaussian,0.97087,0.27490,000.00822830,000.09026752,000.10215569,000.28365135,000.42
Tournament (k=3),Arithmetic,Gaussian,0.60503,0.03095,000.00000000,000.01069241,000.01186371,000.02642421,000.22
Tournament (k=3),Arithmetic,Gaussian,0.86261,0.08092,000.00000000,000.00070205,000.00059319,000.00731741,000.26
Tournament (k=3),Arithmetic,Uniform,0.41200,0.05705,000.00000000,000.03550196,000.03907967,000.12532088,000.24
Tournament (k=3),Arithmetic,Gaussian,0.76642,0.03095,000.00000000,000.00673785,000.00656319,000.06375383,000.19
Tournament (k=3),Arithmetic,Gaussian,0.81310,0.10516,000.00000000,000.00021296,000.00021744,000.00162255,000.36
Tournament (k=3),Arithmetic,Uniform,0.45020,0.10516,000.00000000,000.00612984,000.00530052,000.02839778,000.23
Tournament (k=3),Arithmetic,Gaussian,0.72243,0.02382,000.00000000,000.01746435,000.01806068,000.15032762,000.19
Tournament (k=3),Arithmetic,Uniform,0.40000,0.30000,000.02824402,000.87341851,001.20183945,000.72049332,000.28
Tournament (k=3),Arithmetic,Gaussian,0.72243,0.23084,000.00075912,000.02118197,000.02182961,000.10779899,000.34
Tournament (k=3),Arithmetic,Gaussian,0.74410,0.16276,000.00000000,000.00019469,000.00020218,000.00066620,000.38
Tournament (k=3),Arithmetic,Uniform,0.42436,0.03095,000.00000000,000.12873693,000.14067459,000.43144688,000.18
Tournament (k=3),Arithmetic,Uniform,0.47762,0.03378,000.00000000,000.12754574,000.09152794,000.44400889,000.23
Tournament (k=3),Arithmetic,Uniform,0.50670,0.10516,000.00000381,000.00520277,000.00635719,000.04642044,000.28
Tournament (k=3),Arithmetic,Gaussian,0.66113,0.14915,000.00000000,000.00008531,000.00008011,000.00087359,000.38
Tournament (k=3),Arithmetic,Uniform,0.45020,0.30000,000.08742905,000.95023620,001.22670937,000.77343225,000.35
Tournament (k=3),Arithmetic,Uniform,0.52190,0.02000,000.00000763,000.25043631,000.25905228,000.57264251,000.18
Tournament (k=3),Arithmetic,Gaussian,0.88849,0.05228,000.00000000,000.00420132,000.00372887,000.10300982,000.21
Tournament (k=3),Arithmetic,Gaussian,0.57030,0.25191,000.00299072,000.03604884,000.03258133,000.09175771,000.40
Tournament (k=3),Arithmetic,Gaussian,0.94259,0.16276,000.00000763,000.00034490,000.00036621,000.00209069,000.37
Tournament (k=3),Arithmetic,Gaussian,0.55369,0.14915,000.00000000,000.00012336,000.00012207,000.00075103,000.35
Tournament (k=3),Arithmetic,Uniform,0.46371,0.17762,000.00008011,000.01101503,000.01063347,000.11016191,000.32
Tournament (k=3),Arithmetic,Gaussian,0.76642,0.25191,000.00304031,000.04982090,000.05477905,000.24059771,000.41
Tournament (k=3),Arithmetic,Uniform,0.41200,0.02000,000.00000000,000.28082538,000.24083328,000.47123548,000.20
Tournament (k=3),Arithmetic,Gaussian,0.72243,0.02599,000.00000381,000.01275153,000.01454353,000.07539617,000.20
Tournament (k=3),Arithmetic,Gaussian,0.42436,0.04791,000.00000763,000.00440831,000.00398445,000.02336098,000.26
Tournament (k=3),Arithmetic,Uniform,0.42436,0.03378,000.00001907,000.10541920,000.10760689,000.30294159,000.20
Tournament (k=3),Arithmetic,Uniform,0.45020,0.11476,000.00000000,000.00389071,000.00393486,000.03540526,000.26
Tournament (k=3),Arithmetic,Gaussian,0.70139,0.14915,000.00000000,000.00008216,000.00006104,000.00054866,000.28
Tournament (k=3),Arithmetic,Uniform,0.43709,0.05705,000.00005341,000.04245515,000.04754257,000.16359466,000.25
Tournament (k=3),Arithmetic,Gaussian,0.86261,0.25191,000.00125504,000.04122200,000.04584122,000.12660083,000.33
Tournament (k=3),Arithmetic,Gaussian,0.53756,0.07415,000.00000000,000.00150852,000.00150681,000.00573516,000.29
Tournament (k=3),Arithmetic,Uniform,0.52190,0.06226,000.00000000,000.03398962,000.02910805,000.15910441,000.26
Tournament (k=3),Arithmetic,Gaussian,0.97087,0.02837,000.00011444,000.02774148,000.02159309,000.35294247,000.26
Tournament (k=3),Arithmetic,Gaussian,0.60503,0.09637,000.00000000,000.00040555,000.00047302,000.00208981,000.32
Tournament (k=3),Arithmetic,Gaussian,0.83749,0.16276,000.00000381,000.00025716,000.00027084,000.00150072,000.29
Tournament (k=3),Arithmetic,Gaussian,0.50670,0.06226,000.00000381,000.00147319,000.00176811,000.01260161,000.22
Tournament (k=3),Arithmetic,Gaussian,0.83749,0.05228,000.00001144,000.00334477,000.00346375,000.02164208,000.21
Tournament (k=3),Arithmetic,Uniform,0.41200,0.02183,000.00004196,000.23276082,000.23601341,000.49534613,000.21
Tournament (k=3),Arithmetic,Gaussian,0.68096,0.09637,000.00000000,000.00037770,000.00037956,000.00169680,000.25
Tournament (k=3),Arithmetic,Uniform,0.42436,0.30000,000.03603745,000.91070807,001.13693810,000.76688933,000.30
Tournament (k=3),Arithmetic,Gaussian,0.91514,0.08830,000.00000000,000.00088587,000.00098610,000.14124447,000.31
Tournament (k=3),Arithmetic,Gaussian,0.50670,0.23084,000.00090027,000.01573029,000.01562119,000.10590035,000.33
Tournament (k=3),Arithmetic,Gaussian,0.57030,0.02599,000.00000000,000.01722989,000.02157784,000.08242451,000.24
Tournament (k=3),Arithmetic,Uniform,0.43709,0.06226,000.00000000,000.03247046,000.03665733,000.16424637,000.22
Tournament (k=3),Arithmetic,Gaussian,0.42436,0.05228,000.00000381,000.00367494,000.00319481,000.01452929,000.27
Tournament (k=3),Arithmetic,Gaussian,0.53756,0.02382,000.00002289,000.01899757,000.02224350,000.20102756,000.18
Tournament (k=3),Arithmetic,Uniform,0.45020,0.12524,000.00000000,000.00327468,000.00387383,000.01263614,000.27
Tournament (k=3),Arithmetic,Gaussian,0.76642,0.09637,000.00000000,000.00028682,000.00027847,000.00152577,000.25
Tournament (k=3),Arithmetic,Gaussian,0.70139,0.16276,000.00000000,000.00023971,000.00022125,000.00174993,000.32
Tournament (k=3),Arithmetic,Gaussian,0.62318,0.14915,000.00000000,000.00007935,000.00008392,000.00063334,000.32
Tournament (k=3),Arithmetic,Gaussian,0.60503,0.23084,000.00085068,000.01652083,000.01737976,000.03377383,000.39
Tournament (k=3),Arithmetic,Uniform,0.40000,0.03378,000.00001526,000.12545744,000.12189102,000.39528656,000.22
Tournament (k=3),Arithmetic,Gaussian,0.94259,0.05228,000.00000000,000.00511522,000.00471878,000.15835792,000.27
Tournament (k=3),Arithmetic,Gaussian,0.76642,0.27490,000.00363159,000.09578528,000.10997391,000.26128516,000.44
Tournament (k=3),Arithmetic,Uniform,0.49195,0.02183,000.00000000,000.28066635,000.30485725,000.54864848,000.22
Tournament (k=3),Arithmetic,Gaussian,0.62318,0.05705,000.00000381,000.00215573,000.00237846,000.00814287,000.27
Tournament (k=3),Arithmetic,Gaussian,0.81310,0.02837,000.00000000,000.01251192,000.01219177,000.09104644,000.19
Tournament (k=3),Arithmetic,Gaussian,1.00000,0.16276,000.00001144,000.00042868,000.00044632,000.00133010,000.38
Tournament (k=3),Arithmetic,Gaussian,0.68096,0.03095,000.00000381,000.00694375,000.00676918,000.06778758,000.19
Tournament (k=3),Arithmetic,Uniform,0.46371,0.05705,000.00000381,000.02928753,000.03005028,000.11330038,000.21
Tournament (k=3),Arithmetic,Gaussian,0.64187,0.08830,000.00000000,000.00095205,000.00086784,000.00561834,000.30
Tournament (k=3),Arithmetic,Uniform,0.52190,0.19383,000.00209808,000.03016353,000.03034973,000.18337390,000.26
Tournament (k=3),Arithmetic,Uniform,0.47762,0.11476,000.00002289,000.00418806,000.00380707,000.03117266,000.28
Tournament (k=3),Arithmetic,Gaussian,0.72243,0.10516,000.00000000,000.00027332,000.00025940,000.00220869,000.25
Tournament (k=3),Arithmetic,Gaussian,0.83749,0.17762,000.00001526,000.00070128,000.00078011,000.00737603,000.37
Tournament (k=3),Arithmetic,Gaussian,0.78941,0.06226,000.00001526,000.00180669,000.00166130,000.00895535,000.28
Tournament (k=3),Arithmetic,Gaussian,1.00000,0.04791,000.00002670,000.01198721,000.00859833,000.43546107,000.21
Tournament (k=3),Arithmetic,Uniform,0.49195,0.06226,000.00000000,000.02596989,000.03097916,000.17669149,000.25
Tournament (k=3),Arithmetic,Uniform,0.40000,0.03686,000.00000381,000.10639753,000.11904907,000.32121027,000.24
Tournament (k=3),Arithmetic,Uniform,0.53756,0.03686,000.00000381,000.06159759,000.05084801,000.32602632,000.20
Tournament (k=3),Arithmetic,Gaussian,0.91514,0.02837,000.00000000,000.01343050,000.01140213,000.21883366,000.20
Tournament (k=3),Arithmetic,Gaussian,0.94259,0.05705,000.00001526,000.00329771,000.00362396,000.16045150,000.29
Tournament (k=3),Arithmetic,Uniform,0.43709,0.17762,000.00004578,000.00796113,000.00910950,000.14350876,000.27
Tournament (k=3),Arithmetic,Uniform,0.50670,0.03686,000.00000000,000.08122434,000.10063934,000.31203568,000.24
Tournament (k=3),Arithmetic,Gaussian,0.64187,0.02837,000.00000000,000.01025553,000.01095390,000.14415914,000.19
Tournament (k=3),Arithmetic,Gaussian,0.91514,0.27490,000.00078201,000.08758225,000.08539581,000.38970652,000.42
Tournament (k=3),Arithmetic,Gaussian,0.81310,0.25191,000.00299072,000.04487310,000.05168915,000.21693061,000.35
Tournament (k=3),Arithmetic,Gaussian,0.66113,0.05705,000.00000000,000.00267010,000.00280380,000.01464629,000.22
Tournament (k=3),Arithmetic,Uniform,0.45020,0.03686,000.00029373,000.06674437,000.07655525,000.24360189,000.23
Tournament (k=3),Arithmetic,Uniform,0.53756,0.11476,000.00000000,000.00264583,000.00231552,000.00987774,000.24
Tournament (k=3),Arithmetic,Uniform,0.49195,0.19383,000.00034714,000.02001791,000.02320099,000.11160813,000.32
Tournament (k=3),Arithmetic,Uniform,0.41200,0.06226,000.00000000,000.02853923,000.03074837,000.13363110,000.24
Tournament (k=3),Arithmetic,Gaussian,0.60503,0.25191,000.00146484,000.05092321,000.05979156,000.20709087,000.44
Tournament (k=2),Blend,Uniform,0.94259,0.25191,001.17077255,003.87134314,004.25983238,001.59474349,000.32
Tournament (k=3),Arithmetic,Gaussian,0.86261,0.08830,000.00000000,000.00065331,000.00045967,000.10711894,000.31
Tournament (k=3),Arithmetic,Gaussian,0.68096,0.30000,000.01585388,000.15235391,000.15866280,000.34821135,000.42
Tournament (k=3),Arithmetic,Gaussian,0.91514,0.03095,000.00001907,000.01746712,000.01763153,000.04861446,000.20
Tournament (k=3),Arithmetic,Gaussian,0.76642,0.03378,000.00000000,000.00575933,000.00478745,000.02298212,000.26
Tournament (k=3),Arithmetic,Gaussian,0.97087,0.07415,000.00000381,000.00310988,000.00240326,000.34133518,000.23
Tournament (k=3),Arithmetic,Uniform,0.46371,0.02000,000.00002289,000.33648235,000.32234764,000.57362396,000.22
Tournament (k=3),Arithmetic,Gaussian,0.97087,0.30000,000.00854492,000.16464582,000.16407013,000.47297359,000.43
Tournament (k=3),Arithmetic,Gaussian,0.94259,0.06226,000.00000381,000.00392327,000.00364494,000.27670789,000.25
Tournament (k=3),Arithmetic,Uniform,0.50670,0.04023,000.00000000,000.04935932,000.04616928,000.28296918,000.25
Tournament (k=3),Arithmetic,Uniform,0.52190,0.02183,000.00002289,000.23320207,000.24645805,000.56521779,000.22
Tournament (k=3),Arithmetic,Gaussian,0.88849,0.05705,000.00000763,000.00298839,000.00325203,000.11431086,000.21
Tournament (k=3),Arithmetic,Uniform,0.50670,0.11476,000.00000000,000.00250430,000.00232315,000.02287979,000.28
Tournament (k=3),Arithmetic,Gaussian,0.74410,0.17762,000.00000000,000.00084171,000.00097847,000.00260095,000.30
Tournament (k=3),Arithmetic,Gaussian,0.81310,0.11476,000.00000000,000.00008054,000.00008011,000.00240728,000.38
Tournament (k=3),Arithmetic,Gaussian,0.72243,0.25191,000.00241470,000.03657980,000.04258537,000.22820835,000.33
Tournament (k=3),Arithmetic,Gaussian,0.72243,0.02837,000.00000763,000.01140614,000.01158905,000.12706695,000.19
Tournament (k=3),Arithmetic,Uniform,0.55369,0.02183,000.00008392,000.22525024,000.20413971,000.48317224,000.22
Tournament (k=3),Arithmetic,Gaussian,0.74410,0.04390,000.00000000,000.00375366,000.00398636,000.01724599,000.20
Tournament (k=3),Arithmetic,Uniform,0.46371,0.19383,000.00038528,000.01777406,000.01952362,000.15059923,000.26
Tournament (k=3),Arithmetic,Gaussian,0.81310,0.27490,000.00156403,000.08629227,000.08017731,000.36479819,000.37
Tournament (k=3),Arithmetic,Gaussian,0.76642,0.03686,000.00000381,000.00558572,000.00625992,000.02482009,000.26
Tournament (k=3),Arithmetic,Gaussian,0.97087,0.08092,000.00000000,000.00229206,000.00215912,000.26173651,000.27
Tournament (k=3),Arithmetic,Gaussian,0.94259,0.17762,000.00000763,000.00122385,000.00154305,000.00339676,000.37
Tournament (k=3),Arithmetic,Gaussian,0.64187,0.30000,000.01626205,000.14168945,000.15631866,000.27122578,000.34
Tournament (k=3),Arithmetic,Uniform,0.41200,0.02382,000.00000763,000.22308812,000.22037125,000.42095298,000.17
Tournament (k=3),Arithmetic,Gaussian,0.88849,0.06226,000.00002289,000.00298963,000.00305939,000.03045155,000.23
Tournament (k=3),Arithmetic,Gaussian,0.50670,0.06795,000.00000000,000.00178866,000.00211525,000.00643089,000.22
Tournament (k=3),Arithmetic,Uniform,0.52190,0.06795,000.00002670,000.01645312,000.01669884,000.07386765,000.26
Tournament (k=3),Arithmetic,Uniform,0.55369,0.06795,000.00000381,000.01497254,000.01781082,000.13606101,000.25
Tournament (k=3),Arithmetic,Uniform,0.43709,0.02000,000.00000000,000.35089117,000.35554695,000.60346264,000.17
Tournament (k=3),Arithmetic,Gaussian,0.57030,0.27490,000.00372696,000.06959973,000.08186913,000.12062697,000.42
Tournament (k=3),Arithmetic,Gaussian,0.97087,0.03095,000.00006866,000.01983929,000.01614571,000.31909505,000.26
Tournament (k=3),Arithmetic,Gaussian,0.53756,0.08092,000.00000000,000.00107560,000.00096130,000.00434191,000.29
Tournament (k=3),Arithmetic,Uniform,0.43709,0.06795,000.00000000,000.01863451,000.01977348,000.08340237,000.20
Tournament (k=3),Arithmetic,Gaussian,0.68096,0.10516,000.00000000,000.00020099,000.00020409,000.00070368,000.26
Tournament (k=3),Arithmetic,Uniform,0.50670,0.12524,000.00000763,000.00233197,000.00219727,000.01134605,000.32
Tournament (k=3),Arithmetic,Gaussian,0.57030,0.02837,000.00000000,000.00965695,000.00817299,000.04204907,000.24
Tournament (k=3),Arithmetic,Gaussian,0.91514,0.09637,000.00000000,000.00070682,000.00057793,000.06024869,000.28
Tournament (k=3),Arithmetic,Gaussian,0.86261,0.27490,000.00210190,000.10625286,000.10660362,000.36852947,000.40
Tournament (k=3),Arithmetic,Gaussian,0.41200,0.27490,000.00251770,000.07287774,000.08216095,000.11300360,000.41
Tournament (k=3),Arithmetic,Gaussian,0.53756,0.02599,000.00000000,000.00989432,000.01005173,000.11253512,000.18
Tournament (k=3),Arithmetic,Uniform,0.55369,0.21153,000.00068665,000.10041714,000.09311104,000.33267507,000.32
Tournament (k=3),Arithmetic,Gaussian,0.42436,0.05705,000.00000000,000.00351982,000.00372124,000.01015437,000.27
Tournament (k=3),Arithmetic,Uniform,0.45020,0.13667,000.00000000,000.00198259,000.00128937,000.01132073,000.24
Tournament (k=3),Arithmetic,Uniform,0.49195,0.02382,000.00000000,000.19547835,000.17189789,000.42762819,000.23
Tournament (k=3),Arithmetic,Gaussian,0.76642,0.10516,000.00000000,000.00018692,000.00018883,000.00210782,000.25
Tournament (k=3),Arithmetic,Uniform,0.41200,0.16276,000.00002289,000.00342450,000.00336456,000.10368648,000.25
Tournament (k=3),Arithmetic,Gaussian,0.86261,0.03378,000.00000000,000.01123986,000.01062393,000.13832958,000.26
Tournament (k=3),Arithmetic,Gaussian,0.81310,0.03095,000.00000381,000.01240630,000.01142120,000.13993149,000.19
Tournament (k=3),Arithmetic,Uniform,0.57030,0.04023,000.00000381,000.04396539,000.03005409,000.26132452,000.25
Tournament (k=3),Arithmetic,Gaussian,0.68096,0.03378,000.00000000,000.00746536,000.00733757,000.02908334,000.20
Tournament (k=3),Arithmetic,Uniform,0.46371,0.06226,000.00000000,000.02597170,000.02710724,000.16389050,000.20
Tournament (k=3),Arithmetic,Gaussian,0.70139,0.17762,000.00000763,000.00058937,000.00063705,000.00667912,000.37
Tournament (k=3),Arithmetic,Gaussian,0.62318,0.16276,000.00000000,000.00017319,000.00016975,000.00098298,000.37
Tournament (k=3),Arithmetic,Gaussian,0.88849,0.16276,000.00000000,000.00035605,000.00032043,000.00435441,000.37
Tournament (k=3),Arithmetic,Uniform,0.47762,0.12524,000.00000000,000.00420866,000.00355911,000.01218157,000.27
Tournament (k=3),Arithmetic,Gaussian,0.76642,0.30000,000.00279236,000.16982874,000.19072342,000.36614937,000.41
Tournament (k=3),Arithmetic,Uniform,0.58741,0.02382,000.00000381,000.24834737,000.23150253,000.44799328,000.20
Tournament (k=3),Arithmetic,Uniform,0.57030,0.12524,000.00000381,000.00174508,000.00176620,000.01075774,000.27
Tournament (k=3),Arithmetic,Gaussian,0.64187,0.09637,000.00000000,000.00041780,000.00042343,000.00230750,000.31
Tournament (k=3),Arithmetic,Uniform,0.49195,0.06795,000.00000000,000.01707935,000.01552010,000.13505110,000.20
Tournament (k=3),Arithmetic,Uniform,0.53756,0.04023,000.00000763,000.07462449,000.07914543,000.23315160,000.18
Tournament (k=3),Arithmetic,Gaussian,1.00000,0.17762,000.00003433,000.00120969,000.00140762,000.01294160,000.37
Tournament (k=3),Arithmetic,Uniform,0.52190,0.21153,000.00230408,000.09785314,000.09468079,000.40408918,000.33
Tournament (k=3),Arithmetic,Gaussian,0.83749,0.19383,000.00001526,000.00343008,000.00393295,000.01097690,000.31
Tournament (k=3),Arithmetic,Uniform,0.47762,0.03686,000.00000000,000.07609592,000.06562614,000.36849606,000.18
Tournament (k=3),Arithmetic,Gaussian,0.86261,0.03686,000.00000000,000.00653086,000.00663948,000.08850185,000.24
Tournament (k=3),Arithmetic,Uniform,0.45020,0.14915,000.00000381,000.00257802,000.00226784,000.01530303,000.30
Tournament (k=3),Arithmetic,Gaussian,0.64187,0.03095,000.00000000,000.00966315,000.00839424,000.10799818,000.24
Tournament (k=3),Arithmetic,Gaussian,0.76642,0.11476,000.00000000,000.00016623,000.00016022,000.00184530,000.31
Tournament (k=3),Arithmetic,Gaussian,0.81310,0.03378,000.00000000,000.00878587,000.00802612,000.15363762,000.28
Tournament (k=3),Arithmetic,Gaussian,0.66113,0.06226,000.00000000,000.00146508,000.00164413,000.00738380,000.22
Tournament (k=3),Arithmetic,Uniform,0.43709,0.19383,000.00032806,000.02703543,000.03121948,000.11744559,000.32
Tournament (k=3),Arithmetic,Uniform,0.45020,0.04023,000.00000000,000.06068339,000.05459023,000.28771582,000.20
Tournament (k=3),Arithmetic,Uniform,0.41200,0.06795,000.00000763,000.02020102,000.01805115,000.14553601,000.22
Tournament (k=3),Arithmetic,Uniform,0.58741,0.07415,000.00000000,000.01233163,000.01176834,000.12184764,000.21
Tournament (k=3),Arithmetic,Gaussian,0.91514,0.03378,000.00003052,000.01231542,000.01564407,000.12396989,000.20
Tournament (k=3),Arithmetic,Uniform,0.42436,0.03686,000.00000000,000.09020758,000.08714676,000.27250940,000.18
Tournament (k=3),Arithmetic,Uniform,0.49195,0.21153,000.00201797,000.05902915,000.06814957,000.30182379,000.27
Tournament (k=3),Arithmetic,Uniform,0.53756,0.12524,000.00001526,000.00181050,000.00176811,000.00868204,000.29
Tournament (k=3),Arithmetic,Gaussian,0.66113,0.16276,000.00000000,000.00024734,000.00026131,000.00092417,000.37
Tournament (k=3),Arithmetic,Uniform,0.46371,0.02183,000.00041962,000.18687272,000.15322304,000.50246125,000.23
Tournament (k=3),Arithmetic,Gaussian,0.86261,0.09637,000.00000763,000.00051627,000.00039482,000.04158165,000.32
Tournament (k=3),Arithmetic,Uniform,0.42436,0.10516,000.00000000,000.00847607,000.00885773,000.03908462,000.28
Tournament (k=3),Arithmetic,Gaussian,0.91514,0.30000,000.00401306,000.16088291,000.15801239,000.37611601,000.42
Tournament (k=3),Arithmetic,Uniform,0.52190,0.02382,000.00004578,000.21824870,000.21279144,000.55104023,000.23
Tournament (k=3),Arithmetic,Uniform,0.50670,0.04390,000.00010681,000.04803128,000.04955482,000.22873375,000.25
Tournament (k=3),Arithmetic,Uniform,0.40000,0.09637,000.00000000,000.00744042,000.00911522,000.03734019,000.22
Tournament (k=3),Arithmetic,Gaussian,1.00000,0.19383,000.00005722,000.00430460,000.00472641,000.01578149,000.36
Tournament (k=3),Arithmetic,Uniform,0.45020,0.16276,000.00001144,000.00246568,000.00214577,000.01059209,000.32
Tournament (k=3),Arithmetic,Gaussian,0.94259,0.06795,000.00000000,000.00251679,000.00241661,000.03403859,000.30
Tournament (k=3),Arithmetic,Gaussian,0.60503,0.27490,000.00346756,000.07479839,000.08177757,000.26658738,000.42
Tournament (k=3),Arithmetic,Uniform,0.45020,0.04390,000.00008392,000.07389517,000.07524109,000.30162472,000.25
Tournament (k=3),Arithmetic,Gaussian,0.72243,0.03095,000.00001526,000.00706210,000.00925446,000.04920582,000.20
Tournament (k=3),Arithmetic,Uniform,0.41200,0.07415,000.00002289,000.02515583,000.02865982,000.07510532,000.24
Tournament (k=3),Arithmetic,Gaussian,0.74410,0.04791,000.00000000,000.00468426,000.00544739,000.08024252,000.21
Tournament (k=3),Arithmetic,Gaussian,0.74410,0.19383,000.00003052,000.00260086,000.00299835,000.10062821,000.32
Tournament (k=3),Arithmetic,Uniform,0.55369,0.02382,000.00018311,000.24326333,000.25190353,000.49524799,000.24
Tournament (k=3),Arithmetic,Gaussian,0.66113,0.02000,000.00000000,000.02417693,000.01688766,000.13196810,000.20
Tournament (k=3),Arithmetic,Gaussian,0.72243,0.27490,000.00265884,000.09020281,000.09685516,000.25434545,000.34
Tournament (k=3),Arithmetic,Uniform,0.52190,0.02599,000.00004959,000.19520149,000.22942352,000.43200257,000.21
Tournament (k=3),Arithmetic,Gaussian,0.76642,0.04023,000.00000763,000.00623841,000.00675011,000.03748628,000.28
Tournament (k=3),Arithmetic,Gaussian,0.97087,0.08830,000.00000000,000.00256371,000.00204468,000.22748336,000.25
Tournament (k=3),Arithmetic,Uniform,0.46371,0.21153,000.00315094,000.07574773,000.08719063,000.34147027,000.34
Tournament (k=3),Arithmetic,Uniform,0.40000,0.10516,000.00000763,000.00412946,000.00436020,000.05358624,000.23
Tournament (k=3),Arithmetic,Gaussian,0.81310,0.30000,000.00328064,000.16382995,000.19146919,000.36742255,000.36
Tournament (k=3),Arithmetic,Uniform,0.50670,0.04791,000.00000763,000.04018988,000.03297424,000.23504636,000.29
Tournament (k=3),Arithmetic,Uniform,0.52190,0.07415,000.00003052,000.01558928,000.01666069,000.11408066,000.27
Tournament (k=3),Arithmetic,Uniform,0.55369,0.07415,000.00000000,000.01502538,000.01331711,000.16073206,000.27
Tournament (k=3),Arithmetic,Gaussian,0.94259,0.07415,000.00000000,000.00252805,000.00230980,000.24778439,000.28
Tournament (k=3),Arithmetic,Gaussian,0.97087,0.03378,000.00000000,000.02166123,000.02503777,000.29310164,000.27
Tournament (k=3),Arithmetic,Uniform,0.58741,0.23084,000.00551605,000.31540567,000.30298424,000.61819839,000.29
Tournament (k=3),Arithmetic,Uniform,0.43709,0.07415,000.00009155,000.01849594,000.01964951,000.14339660,000.26
Tournament (k=3),Arithmetic,Uniform,0.60503,0.04390,000.00000000,000.05500407,000.05962372,000.24005514,000.23
Tournament (k=3),Arithmetic,Gaussian,0.74410,0.05228,000.00000763,000.00225387,000.00186920,000.01745886,000.25
Tournament (k=3),Arithmetic,Uniform,0.55369,0.02599,000.00001526,000.18521456,000.17133141,000.44051835,000.24
Tournament (k=3),Arithmetic,Gaussian,0.94259,0.19383,000.00016785,000.00377369,000.00381470,000.03575091,000.40
Tournament (k=3),Arithmetic,Uniform,0.50670,0.13667,000.00000000,000.00185895,000.00152588,000.00799297,000.31
Tournament (k=3),Arithmetic,Gaussian,0.78941,0.16276,000.00000381,000.00019145,000.00021744,000.00094456,000.37
Tournament (k=3),Arithmetic,Gaussian,0.72243,0.11476,000.00000000,000.00010962,000.00008965,000.00083387,000.26
Tournament (k=3),Arithmetic,Uniform,0.60503,0.13667,000.00000000,000.00091228,000.00071335,000.00393061,000.28
Tournament (k=3),Arithmetic,Gaussian,0.76642,0.04390,000.00001526,000.00435858,000.00406837,000.01994695,000.27
Tournament (k=3),Arithmetic,Gaussian,1.00000,0.05228,000.00011444,000.01066203,000.00910187,000.38307330,000.21
Tournament (k=3),Arithmetic,Uniform,0.40000,0.11476,000.00008011,000.00510092,000.00563812,000.03248787,000.27
Tournament (k=3),Arithmetic,Uniform,0.50670,0.05228,000.00000763,000.05387683,000.05479622,000.21134689,000.24
Tournament (k=3),Arithmetic,Uniform,0.49195,0.02599,000.00000000,000.19746228,000.19803429,000.48451051,000.23
Tournament (k=3),Arithmetic,Gaussian,0.52190,0.04023,000.00000000,000.00527673,000.00636292,000.01612372,000.21
Tournament (k=3),Arithmetic,Gaussian,0.68096,0.03686,000.00000000,000.00751658,000.00943375,000.02298652,000.20
Tournament (k=3),Arithmetic,Gaussian,0.86261,0.30000,000.01057434,000.17287683,000.17910576,000.46216834,000.35
Tournament (k=3),Arithmetic,Uniform,0.46371,0.06795,000.00021744,000.03417945,000.03931618,000.17042440,000.20
Tournament (k=3),Arithmetic,Gaussian,0.83749,0.02000,000.00004578,000.02121677,000.02429199,000.14016150,000.28
Tournament (k=3),Arithmetic,Uniform,0.40000,0.04023,000.00000381,000.07975350,000.06431770,000.30823630,000.23
Tournament (k=3),Arithmetic,Gaussian,0.70139,0.05705,000.00000763,000.00178261,000.00149345,000.00803382,000.23
Tournament (k=3),Arithmetic,Uniform,0.55369,0.23084,000.00283051,000.23228030,000.19858170,000.51699108,000.33
Tournament (k=3),Arithmetic,Uniform,0.57030,0.04390,000.00000000,000.04811917,000.05944061,000.25911099,000.24
Tournament (k=3),Arithmetic,Uniform,0.41200,0.17762,000.00001907,000.00884266,000.00932503,000.02315824,000.26
Tournament (k=3),Arithmetic,Gaussian,0.78941,0.02000,000.00000763,000.02558541,000.02802277,000.14697656,000.24
Tournament (k=3),Arithmetic,Gaussian,0.70139,0.02000,000.00000000,000.01477060,000.01376343,000.18925719,000.18
Tournament (k=3),Arithmetic,Uniform,0.53756,0.04390,000.00000000,000.06042061,000.04516792,000.30988765,000.19
Tournament (k=3),Arithmetic,Uniform,0.58741,0.02599,000.00001907,000.19278522,000.17943382,000.42346233,000.24
Tournament (k=3),Arithmetic,Uniform,0.47762,0.04023,000.00000000,000.05745759,000.05239677,000.25552124,000.18
Tournament (k=3),Arithmetic,Uniform,0.49195,0.07415,000.00000763,000.01628828,000.01300621,000.08876961,000.21
Tournament (k=3),Arithmetic,Uniform,0.57030,0.13667,000.00000763,000.00156522,000.00121117,000.01098550,000.25
Tournament (k=3),Arithmetic,Uniform,0.47762,0.13667,000.00000000,000.00228186,000.00186539,000.01258209,000.30
Tournament (k=3),Arithmetic,Uniform,0.40000,0.04390,000.00000000,000.06966672,000.05143356,000.29179835,000.23
Tournament (k=3),Arithmetic,Gaussian,0.62318,0.17762,000.00000763,000.00060177,000.00060463,000.00234571,000.37
Tournament (k=3),Arithmetic,Gaussian,0.94259,0.21153,000.00009155,000.01185713,000.01089287,000.17498714,000.42
Tournament (k=3),Arithmetic,Gaussian,0.88849,0.17762,000.00001526,000.00086517,000.00103951,000.00437296,000.38
Tournament (k=3),Arithmetic,Gaussian,0.86261,0.04023,000.00000763,000.00782733,000.00904274,000.17138356,000.26
Tournament (k=3),Arithmetic,Gaussian,0.64187,0.03378,000.00000000,000.01225910,000.01102829,000.04826823,000.25
Tournament (k=3),Arithmetic,Uniform,0.52190,0.23084,000.01015472,000.29414815,000.33503342,000.46989533,000.28
Tournament (k=3),Arithmetic,Uniform,0.57030,0.04791,000.00000381,000.04951291,000.05266953,000.21531303,000.25
Tournament (k=3),Arithmetic,Gaussian,0.64187,0.10516,000.00000000,000.00035191,000.00030899,000.00247161,000.32
Tournament (k=3),Arithmetic,Gaussian,0.83749,0.21153,000.00015640,000.01035929,000.01103401,000.11669531,000.31
Tournament (k=3),Arithmetic,Uniform,0.41200,0.19383,000.00006104,000.01864014,000.02134705,000.09987056,000.28
Tournament (k=3),Arithmetic,Gaussian,0.70139,0.02183,000.00000000,000.02447000,000.02994728,000.15713601,000.19
Tournament (k=3),Arithmetic,Gaussian,0.76642,0.12524,000.00000000,000.00010543,000.00009155,000.00107369,000.34
Tournament (k=3),Arithmetic,Uniform,0.42436,0.04023,000.00000000,000.06683211,000.07102966,000.22939251,000.18
Tournament (k=3),Arithmetic,Gaussian,0.91514,0.03686,000.00000763,000.01044445,000.01095772,000.18247673,000.20
Tournament (k=3),Arithmetic,Uniform,0.58741,0.02837,000.00000000,000.12108274,000.15382195,000.33818373,000.23
Tournament (k=3),Arithmetic,Uniform,0.43709,0.21153,000.00211334,000.08080731,000.07665062,000.27691060,000.26
Tournament (k=3),Arithmetic,Uniform,0.41200,0.02599,000.00000000,000.12879491,000.11276627,000.41028711,000.17
Tournament (k=3),Arithmetic,Uniform,0.46371,0.02382,000.00061798,000.26215634,000.18683052,000.55094272,000.22
Tournament (k=3),Arithmetic,Uniform,0.62318,0.02599,000.00000000,000.16045627,000.18418884,000.40258151,000.21
Tournament (k=3),Arithmetic,Uniform,0.49195,0.23084,000.01519012,000.18360519,000.21280289,000.45067683,000.28
Tournament (k=3),Arithmetic,Gaussian,0.50670,0.07415,000.00000000,000.00160732,000.00157547,000.00773704,000.23
Tournament (k=3),Arithmetic,Uniform,0.53756,0.13667,000.00000000,000.00131712,000.00116348,000.01096601,000.29
Tournament (k=3),Arithmetic,Gaussian,0.81310,0.12524,000.00000000,000.00006275,000.00006485,000.00052542,000.36
Tournament (k=3),Arithmetic,Uniform,0.42436,0.11476,000.00000763,000.00274749,000.00290680,000.02140104,000.28
Tournament (k=3),Arithmetic,Gaussian,0.86261,0.10516,000.00000000,000.00031161,000.00032043,000.01067821,000.32
Tournament (k=3),Arithmetic,Gaussian,0.72243,0.03378,000.00000000,000.00824676,000.00952911,000.11829250,000.19
Tournament (k=3),Arithmetic,Uniform,0.52190,0.25191,000.01547623,000.44560298,000.45952225,000.58072543,000.33
Tournament (k=3),Arithmetic,Uniform,0.41200,0.02837,000.00000000,000.14335537,000.15212440,000.43292394,000.17
Tournament (k=3),Arithmetic,Gaussian,0.66113,0.17762,000.00000763,000.00066352,000.00063705,000.00246524,000.38
Tournament (k=3),Arithmetic,Uniform,0.45020,0.04791,000.00000763,000.04639011,000.06360054,000.17182618,000.24
Tournament (k=3),Arithmetic,Uniform,0.41200,0.21153,000.00088120,000.07937689,000.09389496,000.26479721,000.32
Tournament (k=3),Arithmetic,Gaussian,0.83749,0.23084,000.00222778,000.02387710,000.02563477,000.12594546,000.34
Tournament (k=3),Arithmetic,Uniform,0.41200,0.08092,000.00000000,000.01634555,000.01606369,000.08148991,000.26
Tournament (k=3),Arithmetic,Gaussian,0.68096,0.11476,000.00000000,000.00012898,000.00014687,000.00143464,000.26
Tournament (k=3),Arithmetic,Uniform,0.52190,0.02837,000.00000000,000.12355785,000.11644936,000.42961445,000.23
Tournament (k=3),Arithmetic,Gaussian,1.00000,0.21153,000.00096893,000.01003709,000.01180267,000.10588633,000.41
Tournament (k=3),Arithmetic,Gaussian,0.74410,0.21153,000.00061035,000.00918169,000.00955391,000.14499459,000.31
Tournament (k=3),Arithmetic,Uniform,0.46371,0.02599,000.00000000,000.13906650,000.13569832,000.49321085,000.29
Tournament (k=3),Arithmetic,Gaussian,0.97087,0.09637,000.00000000,000.00170479,000.00121498,000.28087565,000.24
Tournament (k=3),Arithmetic,Gaussian,0.60503,0.30000,000.00059891,000.13510165,000.16699791,000.30973205,000.44
Tournament (k=3),Arithmetic,Gaussian,0.72243,0.30000,000.01341248,000.15487619,000.18449783,000.32691514,000.34
Tournament (k=3),Arithmetic,Uniform,0.42436,0.12524,000.00000000,000.00287910,000.00245094,000.02074806,000.27
Tournament (k=3),Arithmetic,Uniform,0.43709,0.08092,000.00002289,000.00912414,000.00942421,000.05058433,000.21
Tournament (k=3),Arithmetic,Uniform,0.60503,0.04791,000.00014496,000.03952799,000.03690338,000.22664389,000.19
Tournament (k=3),Arithmetic,Uniform,0.52190,0.08092,000.00000000,000.01110144,000.01072502,000.08351643,000.26
Tournament (k=3),Arithmetic,Uniform,0.46371,0.23084,000.00936890,000.21507840,000.20065689,000.48371246,000.30
Tournament (k=3),Arithmetic,Gaussian,0.78941,0.06795,000.00000000,000.00136571,000.00112343,000.00799447,000.29
Tournament (k=3),Arithmetic,Gaussian,0.74410,0.05705,000.00000000,000.00226116,000.00199890,000.01181443,000.22
Tournament (k=3),Arithmetic,Uniform,0.55369,0.08092,000.00000000,000.01339698,000.01431656,000.07443830,000.27
Tournament (k=3),Arithmetic,Gaussian,0.97087,0.03686,000.00000763,000.01279259,000.01620293,000.28103942,000.27
Tournament (k=3),Arithmetic,Uniform,0.55369,0.02837,000.00000763,000.16505294,000.15979767,000.40528271,000.23
Tournament (k=3),Arithmetic,Gaussian,0.94259,0.08092,000.00000000,000.00177865,000.00136185,000.15386067,000.30
Tournament (k=3),Arithmetic,Gaussian,0.41200,0.30000,000.00720596,000.10162134,000.11256409,000.27581668,000.42
Tournament (k=3),Arithmetic,Gaussian,0.66113,0.19383,000.00011063,000.00285220,000.00271797,000.06606711,000.37
Tournament (k=3),Arithmetic,Gaussian,0.72243,0.12524,000.00000000,000.00008278,000.00006104,000.00748516,000.26
Tournament (k=3),Arithmetic,Uniform,0.50670,0.14915,000.00000763,000.00177064,000.00154114,000.00636955,000.30
Tournament (k=3),Arithmetic,Gaussian,1.00000,0.05705,000.00000381,000.00668445,000.00478554,000.39804888,000.21
Tournament (k=3),Arithmetic,Gaussian,0.52190,0.04390,000.00000000,000.00453262,000.00501060,000.02065723,000.20
Tournament (k=3),Arithmetic,Gaussian,0.78941,0.17762,000.00000763,000.00076823,000.00081444,000.00301106,000.30
Tournament (k=3),Arithmetic,Uniform,0.60503,0.05228,000.00000000,000.02980590,000.03551865,000.14365895,000.21
Tournament (k=3),Arithmetic,Gaussian,0.97087,0.10516,000.00000000,000.00060635,000.00036240,000.20904499,000.30
Tournament (k=3),Arithmetic,Gaussian,0.88849,0.02000,000.00001144,000.04239225,000.03150558,000.29916605,000.18
Tournament (k=3),Arithmetic,Uniform,0.50670,0.05705,000.00000000,000.03857183,000.04252625,000.18226571,000.25
Tournament (k=3),Arithmetic,Uniform,0.62318,0.08092,000.00000000,000.01104784,000.01196861,000.05886053,000.27
Tournament (k=3),Arithmetic,Gaussian,0.70139,0.19383,000.00008011,000.00225296,000.00238800,000.01467515,000.38
Tournament (k=3),Arithmetic,Uniform,0.42436,0.13667,000.00000000,000.00311527,000.00323105,000.00852715,000.29
Tournament (k=3),Arithmetic,Uniform,0.62318,0.25191,000.01073456,000.57957613,000.67793465,000.72877234,000.27
Tournament (k=3),Arithmetic,Gaussian,0.83749,0.02183,000.00000381,000.02430062,000.02254868,000.23349196,000.25
Tournament (k=3),Arithmetic,Uniform,0.46371,0.07415,000.00024414,000.01769476,000.01816940,000.07000010,000.25
Tournament (k=3),Arithmetic,Gaussian,0.70139,0.06226,000.00000000,000.00242796,000.00219345,000.01332839,000.23
Tournament (k=3),Arithmetic,Gaussian,1.00000,0.02000,000.00025177,000.07453413,000.05174637,000.49086738,000.25
Tournament (k=3),Arithmetic,Uniform,0.64187,0.04791,000.00000000,000.06031747,000.05602837,000.19733131,000.26
Tournament (k=3),Arithmetic,Uniform,0.55369,0.25191,000.01438141,000.45790178,000.46751213,000.60951364,000.30
Tournament (k=3),Arithmetic,Uniform,0.53756,0.04791,000.00000000,000.04611950,000.05853271,000.24040249,000.19
Tournament (k=3),Arithmetic,Uniform,0.66113,0.02837,000.00000000,000.17182355,000.14855957,000.48735824,000.19
Tournament (k=3),Arithmetic,Gaussian,0.83749,0.05705,000.00000000,000.00269632,000.00259399,000.01293477,000.22
Tournament (k=3),Arithmetic,Uniform,0.64187,0.14915,000.00001526,000.00062881,000.00055504,000.00743075,000.25
Tournament (k=3),Arithmetic,Gaussian,0.78941,0.02183,000.00000381,000.01689515,000.01326370,000.13504107,000.25
Tournament (k=3),Arithmetic,Uniform,0.47762,0.04390,000.00000000,000.06565996,000.06429100,000.23279218,000.24
Tournament (k=3),Arithmetic,Uniform,0.57030,0.14915,000.00000763,000.00121226,000.00131226,000.02918268,000.26
Tournament (k=3),Arithmetic,Uniform,0.40000,0.04791,000.00000381,000.04660111,000.04292679,000.23218320,000.24
Tournament (k=3),Arithmetic,Gaussian,0.88849,0.02183,000.00000000,000.02543092,000.02690315,000.25420684,000.26
Tournament (k=3),Arithmetic,Uniform,0.49195,0.08092,000.00000000,000.00895104,000.00753784,000.03584222,000.26
Tournament (k=3),Arithmetic,Uniform,0.66113,0.08830,000.00003052,000.00605955,000.00572586,000.03511277,000.25
Tournament (k=3),Arithmetic,Uniform,0.46371,0.08092,000.00000000,000.01505380,000.01538467,000.04593887,000.24
Tournament (k=3),Arithmetic,Gaussian,0.83749,0.02382,000.00000000,000.02305016,000.02588272,000.20464797,000.26
Tournament (k=3),Arithmetic,Uniform,0.57030,0.05228,000.00000000,000.02702923,000.02206421,000.13744865,000.26
Tournament (k=3),Arithmetic,Uniform,0.43709,0.02183,000.00001907,000.25906056,000.25255203,000.53600597,000.20
Tournament (k=3),Arithmetic,Gaussian,1.00000,0.02183,000.00000763,000.15783910,000.06133652,000.53276837,000.28
Tournament (k=3),Arithmetic,Uniform,0.42436,0.04390,000.00000000,000.04708972,000.04226875,000.24458976,000.19
Tournament (k=3),Arithmetic,Gaussian,0.91514,0.04023,000.00004959,000.00689020,000.00802994,000.26493722,000.20
Tournament (k=3),Arithmetic,Uniform,0.62318,0.27490,000.05908966,000.72727072,000.82913971,000.72576439,000.32
Tournament (k=3),Arithmetic,Uniform,0.58741,0.03095,000.00000763,000.10413718,000.08376122,000.35367194,000.19
Tournament (k=3),Arithmetic,Uniform,0.45020,0.17762,000.00010681,000.00709734,000.00854492,000.06260017,000.26
Tournament (k=3),Arithmetic,Gaussian,0.94259,0.23084,000.00059509,000.03007417,000.03368378,000.20244929,000.41
Tournament (k=3),Arithmetic,Gaussian,0.88849,0.19383,000.00011063,000.00371566,000.00459290,000.03108513,000.39
Tournament (k=3),Arithmetic,Uniform,0.66113,0.27490,000.04130173,000.76616156,001.06265259,000.76343757,000.28
Tournament (k=3),Arithmetic,Gaussian,0.76642,0.13667,000.00000000,000.00006280,000.00007057,000.00108831,000.27
Tournament (k=3),Arithmetic,Gaussian,0.72243,0.03686,000.00001144,000.00944753,000.01065063,000.03264389,000.20
Tournament (k=3),Arithmetic,Uniform,0.49195,0.08830,000.00000000,000.00853186,000.00897980,000.07533757,000.27
Tournament (k=3),Arithmetic,Uniform,0.41200,0.03095,000.00006866,000.17258310,000.16423225,000.39091733,000.17
Tournament (k=3),Arithmetic,Uniform,0.57030,0.16276,000.00000381,000.00266809,000.00228500,000.02173053,000.30
Tournament (k=3),Arithmetic,Uniform,0.49195,0.25191,000.01116180,000.43110666,000.51591873,000.57183862,000.30
Tournament (k=3),Arithmetic,Gaussian,0.91514,0.10516,000.00000000,000.00034266,000.00024796,000.16778319,000.32
Tournament (k=3),Arithmetic,Uniform,0.43709,0.23084,000.00311279,000.14325461,000.13122559,000.40643239,000.33
Tournament (k=3),Arithmetic,Uniform,0.53756,0.14915,000.00000000,000.00119324,000.00112152,000.01283211,000.31
Tournament (k=3),Arithmetic,Uniform,0.52190,0.03095,000.00021362,000.12638125,000.14015007,000.32244274,000.18
Tournament (k=3),Arithmetic,Uniform,0.45020,0.05228,000.00000000,000.03441305,000.03077888,000.16095020,000.24
Tournament (k=3),Arithmetic,Uniform,0.68096,0.05228,000.00009155,000.03354039,000.02692413,000.22120485,000.20
Tournament (k=3),Arithmetic,Gaussian,0.81310,0.13667,000.00000000,000.00006943,000.00007057,000.00056365,000.35
Tournament (k=3),Arithmetic,Gaussian,0.86261,0.11476,000.00000000,000.00018358,000.00012207,000.00662924,000.33
Tournament (k=3),Arithmetic,Uniform,0.41200,0.23084,000.00022888,000.13472190,000.14373207,000.34201291,000.26
Tournament (k=3),Arithmetic,Uniform,0.41200,0.08830,000.00000763,000.01622553,000.01726913,000.07423094,000.26
Tournament (k=3),Arithmetic,Uniform,0.52190,0.27490,000.03376770,000.60311210,000.72023773,000.59097373,000.34
Tournament (k=3),Arithmetic,Uniform,0.58741,0.25191,000.00162506,000.62291920,000.69907188,000.60363764,000.33
Tournament (k=3),Arithmetic,Gaussian,0.83749,0.25191,000.00092697,000.04371486,000.04814911,000.23348364,000.32
Tournament (k=3),Arithmetic,Gaussian,0.74410,0.02000,000.00000000,000.02066054,000.01999474,000.21379700,000.18
Tournament (k=3),Arithmetic,Gaussian,0.74410,0.23084,000.00029755,000.01833878,000.01859856,000.10845082,000.31
Tournament (k=3),Arithmetic,Uniform,0.46371,0.02837,000.00015259,000.15127030,000.15911865,000.42552936,000.25
Tournament (k=3),Arithmetic,Uniform,0.60503,0.14915,000.00000763,000.00110102,000.00115967,000.00771571,000.25
Tournament (k=3),Arithmetic,Uniform,0.49195,0.02837,000.00001526,000.13894816,000.12937164,000.42579475,000.23
Tournament (k=3),Arithmetic,Gaussian,0.91514,0.11476,000.00000000,000.00013251,000.00012207,000.00533919,000.28
Tournament (k=3),Arithmetic,Gaussian,1.00000,0.23084,000.00157166,000.02848625,000.03268242,000.08358238,000.40
Tournament (k=3),Arithmetic,Uniform,0.53756,0.16276,000.00004959,000.00378551,000.00389099,000.03356009,000.27
Tournament (k=3),Arithmetic,Uniform,0.68096,0.16276,000.00003815,000.00351501,000.00268364,000.02178792,000.32
Tournament (k=3),Arithmetic,Gaussian,0.74410,0.06226,000.00000000,000.00146894,000.00151825,000.00627832,000.22
Tournament (k=3),Arithmetic,Gaussian,0.81310,0.03686,000.00000000,000.00573134,000.00590515,000.05063088,000.19
Tournament (k=3),Arithmetic,Uniform,0.55369,0.03095,000.00000000,000.19008994,000.14870834,000.44695538,000.23
Tournament (k=3),Arithmetic,Uniform,0.49195,0.27490,000.02059174,000.57849634,000.64391708,000.58507854,000.34
Tournament (k=3),Arithmetic,Gaussian,0.74410,0.02183,000.00000763,000.02594662,000.02006912,000.13458164,000.18
Tournament (k=3),Arithmetic,Gaussian,0.78941,0.07415,000.00000000,000.00103245,000.00107574,000.00919175,000.29
Tournament (k=3),Arithmetic,Uniform,0.55369,0.08830,000.00000000,000.00691466,000.00488091,000.03731174,000.27
Tournament (k=3),Arithmetic,Uniform,0.46371,0.25191,000.01863480,000.40695420,000.42280769,000.60865086,000.33
Tournament (k=3),Arithmetic,Gaussian,0.94259,0.08830,000.00000000,000.00161357,000.00090599,000.23634227,000.31
Tournament (k=3),Arithmetic,Gaussian,0.86261,0.12524,000.00000000,000.00007682,000.00004578,000.00247610,000.34
Tournament (k=3),Arithmetic,Uniform,0.70139,0.03095,000.00000763,000.13741246,000.14598274,000.31828752,000.25
Tournament (k=3),Arithmetic,Uniform,0.58741,0.27490,000.03248596,000.74419391,000.94188118,000.62923771,000.32
Tournament (k=3),Arithmetic,Uniform,0.58741,0.08092,000.00001526,000.00986047,000.00806427,000.06974460,000.21
Tournament (k=3),Arithmetic,Gaussian,1.00000,0.06226,000.00000000,000.01021204,000.00733566,000.44189280,000.21
Tournament (k=3),Arithmetic,Uniform,0.70139,0.30000,000.06036377,001.21882606,001.47503662,000.80329937,000.28
Tournament (k=3),Arithmetic,Uniform,0.70139,0.09637,000.00000381,000.00337315,000.00376129,000.10196165,000.28
Tournament (k=3),Arithmetic,Uniform,0.50670,0.06226,000.00000000,000.01977343,000.02214813,000.13758101,000.21
Tournament (k=3),Arithmetic,Uniform,0.50670,0.16276,000.00000763,000.00289464,000.00256920,000.03274285,000.31
Tournament (k=3),Arithmetic,Uniform,0.60503,0.05705,000.00000000,000.02557349,000.02098465,000.20024340,000.25
Tournament (k=3),Arithmetic,Gaussian,0.97087,0.11476,000.00000000,000.00025048,000.00012398,000.25154713,000.26
Tournament (k=3),Arithmetic,Gaussian,0.78941,0.19383,000.00003815,000.00235581,000.00224876,000.00982414,000.29
Tournament (k=3),Arithmetic,Gaussian,0.86261,0.04390,000.00000000,000.00474076,000.00392342,000.02007843,000.21
Tournament (k=3),Arithmetic,Gaussian,0.83749,0.27490,000.00098419,000.11215911,000.12044144,000.32453856,000.43
Tournament (k=3),Arithmetic,Uniform,0.47762,0.14915,000.00000763,000.00186014,000.00174141,000.00599209,000.30
Tournament (k=3),Arithmetic,Gaussian,0.94259,0.02000,000.00023651,000.04159741,000.04697227,000.28498200,000.21
Tournament (k=3),Arithmetic,Uniform,0.62318,0.08830,000.00000000,000.00605164,000.00541687,000.02258592,000.26
Tournament (k=3),Arithmetic,Uniform,0.42436,0.14915,000.00000000,000.00272112,000.00291824,000.01319543,000.31
Tournament (k=3),Arithmetic,Gaussian,0.70139,0.21153,000.00003815,000.00838447,000.00870895,000.01829567,000.32
Tournament (k=3),Arithmetic,Uniform,0.66113,0.03095,000.00000000,000.09876724,000.06418228,000.31351551,000.18
Tournament (k=3),Arithmetic,Uniform,0.72243,0.05705,000.00000000,000.02278175,000.01975822,000.12817273,000.26
Tournament (k=3),Arithmetic,Gaussian,0.83749,0.06226,000.00000000,000.00256300,000.00266075,000.01361898,000.21
Tournament (k=3),Arithmetic,Uniform,0.64187,0.05228,000.00000000,000.04244203,000.04349709,000.17355466,000.25
Tournament (k=3),Arithmetic,Gaussian,0.78941,0.02382,000.00000381,000.01238322,000.01491737,000.19622669,000.19
Tournament (k=3),Arithmetic,Uniform,0.53756,0.05228,000.00000000,000.03428121,000.03675652,000.14434622,000.25
Tournament (k=3),Arithmetic,Gaussian,0.94259,0.09637,000.00000000,000.00055923,000.00066376,000.18106754,000.33
Tournament (k=3),Arithmetic,Uniform,0.47762,0.04791,000.00001907,000.03562851,000.03792000,000.18231235,000.24
Tournament (k=3),Arithmetic,Uniform,0.40000,0.05228,000.00001526,000.04745517,000.04774666,000.18709852,000.23
Tournament (k=3),Arithmetic,Uniform,0.62318,0.02837,000.00008011,000.13547917,000.10448837,000.45188993,000.24
Tournament (k=3),Arithmetic,Gaussian,0.94259,0.02183,000.00002289,000.04615979,000.04817963,000.34598795,000.20
Tournament (k=3),Arithmetic,Uniform,0.70139,0.10516,000.00000000,000.00288177,000.00222015,000.02340282,000.31
Tournament (k=3),Arithmetic,Uniform,0.66113,0.09637,000.00000763,000.00321794,000.00354385,000.01621357,000.22
Tournament (k=3),Arithmetic,Gaussian,0.86261,0.13667,000.00000000,000.00009751,000.00007057,000.00754067,000.40
Tournament (k=3),Arithmetic,Uniform,0.55369,0.27490,000.02219772,000.70373756,000.83922386,000.70012546,000.35
Tournament (k=3),Arithmetic,Uniform,0.43709,0.02382,000.00000000,000.23513874,000.27831268,000.39620984,000.17
Tournament (k=3),Arithmetic,Gaussian,0.83749,0.02599,000.00000000,000.01408525,000.01382828,000.12018541,000.25
Tournament (k=3),Arithmetic,Uniform,0.72243,0.17762,000.00011444,000.01512971,000.01574326,000.16944133,000.26
Tournament (k=3),Arithmetic,Uniform,0.42436,0.04791,000.00001144,000.05906553,000.06267738,000.25285932,000.19
Tournament (k=3),Arithmetic,Gaussian,0.91514,0.04390,000.00001526,000.00721273,000.00643349,000.04260144,000.21
Tournament (k=3),Arithmetic,Uniform,0.57030,0.05705,000.00000000,000.02789917,000.02396011,000.15796049,000.26
Tournament (k=3),Arithmetic,Gaussian,1.00000,0.02382,000.00002289,000.05054998,000.04851532,000.47396681,000.26
Tournament (k=3),Arithmetic,Uniform,0.58741,0.03378,000.00000000,000.11895199,000.12919235,000.32421696,000.24
Tournament (k=3),Arithmetic,Gaussian,0.78941,0.21153,000.00030518,000.00952253,000.00848007,000.04267789,000.38
Tournament (k=3),Arithmetic,Uniform,0.74410,0.03378,000.00003052,000.09556179,000.07848740,000.26812837,000.19
Tournament (k=3),Arithmetic,Uniform,0.62318,0.30000,000.08716583,000.99870217,001.33000183,000.84654868,000.29
Tournament (k=3),Arithmetic,Uniform,0.45020,0.19383,000.00118637,000.02491236,000.02621460,000.05581856,000.26
Tournament (k=3),Arithmetic,Uniform,0.47762,0.05228,000.00000763,000.04992266,000.06011963,000.11902442,000.24
Tournament (k=3),Arithmetic,Uniform,0.43709,0.08830,000.00000763,000.01237202,000.01277542,000.07947198,000.22
Tournament (k=3),Arithmetic,Gaussian,0.94259,0.25191,000.00106430,000.05236745,000.05575371,000.21719594,000.34
Tournament (k=3),Arithmetic,Uniform,0.49195,0.09637,000.00000000,000.00612440,000.00708389,000.01840529,000.27
Tournament (k=3),Arithmetic,Uniform,0.57030,0.17762,000.00009918,000.01026883,000.00944519,000.08091067,000.26
Tournament (k=3),Arithmetic,Uniform,0.52190,0.03378,000.00000000,000.09710350,000.10695839,000.32872817,000.19
Tournament (k=3),Arithmetic,Uniform,0.52190,0.08830,000.00000763,000.00848007,000.00745583,000.04082276,000.27
Tournament (k=3),Arithmetic,Uniform,0.40000,0.12524,000.00003052,000.00377269,000.00356293,000.01803839,000.28
Tournament (k=3),Arithmetic,Uniform,0.66113,0.30000,000.13578796,001.17970634,001.37231827,000.73423541,000.35
Tournament (k=3),Arithmetic,Uniform,0.68096,0.05705,000.00000000,000.02489638,000.02777290,000.12762350,000.21
Tournament (k=3),Arithmetic,Uniform,0.70139,0.11476,000.00000381,000.00129786,000.00091934,000.02304505,000.34
Tournament (k=3),Arithmetic,Gaussian,0.86261,0.14915,000.00000000,000.00010672,000.00008011,000.00312454,000.33
Tournament (k=3),Arithmetic,Uniform,0.45020,0.05705,000.00005341,000.02675457,000.02844048,000.10024781,000.24
Tournament (k=3),Arithmetic,Uniform,0.43709,0.25191,000.02335358,000.39714068,000.42025185,000.54493630,000.33
Tournament (k=3),Arithmetic,Uniform,0.74410,0.03686,000.00000000,000.09655499,000.11524200,000.27519098,000.18
Tournament (k=3),Arithmetic,Gaussian,0.97087,0.04023,000.00002289,000.00963602,000.01025963,000.38292587,000.27
Tournament (k=3),Arithmetic,Uniform,0.46371,0.03095,000.00000000,000.12276106,000.12300873,000.38878131,000.23
Tournament (k=3),Arithmetic,Uniform,0.41200,0.09637,000.00004196,000.01045876,000.00980568,000.05419629,000.27
Tournament (k=3),Arithmetic,Uniform,0.52190,0.03686,000.00000763,000.08268733,000.09145355,000.26645097,000.19
Tournament (k=3),Arithmetic,Uniform,0.52190,0.30000,000.00640106,000.98341429,001.27960968,000.81047928,000.30
Tournament (k=3),Arithmetic,Uniform,0.49195,0.03095,000.00000000,000.11312389,000.11742020,000.38093054,000.23
Tournament (k=3),Arithmetic,Uniform,0.60503,0.16276,000.00000000,000.00271211,000.00272560,000.02499501,000.26
Tournament (k=3),Arithmetic,Gaussian,0.81310,0.14915,000.00000000,000.00007143,000.00005341,000.00093578,000.37
Tournament (k=3),Arithmetic,Uniform,0.68096,0.06226,000.00002289,000.01949964,000.01572227,000.10771380,000.22
Tournament (k=3),Arithmetic,Gaussian,0.74410,0.02382,000.00004959,000.01610761,000.01354027,000.18250760,000.19
Tournament (k=3),Arithmetic,Gaussian,0.81310,0.04023,000.00000000,000.00602951,000.00536156,000.06019853,000.20
Tournament (k=3),Arithmetic,Uniform,0.49195,0.10516,000.00000000,000.00402222,000.00398827,000.01798546,000.28
Tournament (k=3),Arithmetic,Gaussian,0.74410,0.06795,000.00000000,000.00148377,000.00144005,000.00540452,000.22
Tournament (k=3),Arithmetic,Uniform,0.57030,0.19383,000.00008392,000.03749323,000.04052925,000.21601227,000.30
Tournament (k=3),Arithmetic,Uniform,0.55369,0.03378,000.00000000,000.11132374,000.11914253,000.36608887,000.24
Tournament (k=3),Arithmetic,Uniform,0.52190,0.09637,000.00000000,000.00607514,000.00580978,000.04395020,000.28
Tournament (k=3),Arithmetic,Gaussian,0.91514,0.12524,000.00000000,000.00008464,000.00008392,000.00198394,000.34
Tournament (k=3),Arithmetic,Uniform,0.53756,0.17762,000.00011444,000.00704136,000.00717926,000.02887254,000.32
Tournament (k=3),Arithmetic,Uniform,0.49195,0.30000,000.03455353,001.00825274,001.26615143,000.75870448,000.30
Tournament (k=3),Arithmetic,Uniform,0.70139,0.03378,000.00012589,000.09765868,000.06636429,000.30175692,000.18
Tournament (k=3),Arithmetic,Gaussian,0.88849,0.06795,000.00000000,000.00274134,000.00272751,000.01958685,000.22
Tournament (k=3),Arithmetic,Gaussian,0.70139,0.06795,000.00000000,000.00157580,000.00130081,000.00936002,000.22
Tournament (k=3),Arithmetic,Uniform,0.55369,0.09637,000.00001526,000.00431252,000.00397110,000.02167320,000.27
Tournament (k=3),Arithmetic,Uniform,0.76642,0.02000,000.00042725,000.26226982,000.19222450,000.57408875,000.18
Tournament (k=3),Arithmetic,Gaussian,0.78941,0.08092,000.00000000,000.00084877,000.00072861,000.00534457,000.30
Tournament (k=3),Arithmetic,Uniform,0.46371,0.27490,000.02420044,000.63323981,000.76032448,000.58539915,000.30
Tournament (k=3),Arithmetic,Uniform,0.50670,0.06795,000.00000763,000.02004399,000.02226830,000.06647508,000.25
Tournament (k=3),Arithmetic,Gaussian,0.86261,0.04791,000.00000000,000.00546355,000.00610542,000.01915186,000.20
Tournament (k=3),Arithmetic,Uniform,0.60503,0.17762,000.00018311,000.00897970,000.00952721,000.03632528,000.31
Tournament (k=3),Arithmetic,Uniform,0.74410,0.10516,000.00000763,000.00244522,000.00254250,000.01725279,000.30
Tournament (k=3),Arithmetic,Uniform,0.68096,0.06795,000.00000000,000.01094680,000.01107597,000.09775330,000.27
Tournament (k=3),Arithmetic,Uniform,0.58741,0.30000,000.10596466,001.01358545,001.28752518,000.79832250,000.32
Tournament (k=3),Arithmetic,Uniform,0.60503,0.06226,000.00000000,000.01894350,000.01515579,000.16633478,000.25
Tournament (k=3),Arithmetic,Gaussian,0.88849,0.02382,000.00007248,000.02804794,000.03022957,000.16891938,000.25
Tournament (k=3),Arithmetic,Gaussian,0.97087,0.12524,000.00000000,000.00006623,000.00003815,000.01359603,000.26
Tournament (k=3),Arithmetic,Uniform,0.50670,0.02000,000.00150299,000.36523765,000.40743446,000.54753715,000.20
Tournament (k=3),Arithmetic,Uniform,0.76642,0.06226,000.00001526,000.01483560,000.01379585,000.12378199,000.26
Tournament (k=3),Arithmetic,Uniform,0.50670,0.17762,000.00011063,000.00748158,000.00755310,000.02929825,000.31
Tournament (k=3),Arithmetic,Uniform,0.62318,0.09637,000.00000000,000.00400810,000.00382233,000.03704139,000.22
Tournament (k=3),Arithmetic,Uniform,0.47762,0.16276,000.00000763,000.00372429,000.00293732,000.01369437,000.31
Tournament (k=3),Arithmetic,Gaussian,0.83749,0.06795,000.00000000,000.00134172,000.00144958,000.01718766,000.22
Tournament (k=3),Arithmetic,Uniform,0.76642,0.19383,000.00013351,000.04725323,000.04972076,000.23336768,000.26
Tournament (k=3),Arithmetic,Uniform,0.42436,0.16276,000.00003815,000.00398283,000.00385857,000.02420020,000.26
Tournament (k=3),Arithmetic,Uniform,0.55369,0.10516,000.00002289,000.00435038,000.00422096,000.01642085,000.27
Tournament (k=3),Arithmetic,Uniform,0.72243,0.06226,000.00000763,000.01856542,000.01380920,000.12567157,000.26
Tournament (k=3),Arithmetic,Gaussian,0.78941,0.02599,000.00000000,000.00981088,000.01069450,000.04219653,000.19
Tournament (k=3),Arithmetic,Uniform,0.53756,0.05705,000.00001526,000.02524009,000.02804756,000.10034220,000.19
Tournament (k=3),Arithmetic,Uniform,0.64187,0.05705,000.00003052,000.02382903,000.02259254,000.16300692,000.25
Tournament (k=3),Arithmetic,Gaussian,0.86261,0.05228,000.00000763,000.00330749,000.00366402,000.01786089,000.21
Tournament (k=3),Arithmetic,Uniform,0.40000,0.05705,000.00000000,000.03548808,000.04505539,000.19608551,000.24
Tournament (k=3),Arithmetic,Uniform,0.62318,0.03095,000.00003052,000.10810766,000.12020493,000.38653278,000.24
Tournament (k=3),Arithmetic,Gaussian,0.94259,0.02382,000.00000763,000.02898974,000.03005981,000.23536099,000.25
Tournament (k=3),Arithmetic,Gaussian,0.88849,0.02599,000.00000763,000.01995802,000.02187538,000.11327300,000.26
Tournament (k=3),Arithmetic,Uniform,0.43709,0.02599,000.00000763,000.16285868,000.17251205,000.38569680,000.17
Tournament (k=3),Arithmetic,Uniform,0.76642,0.06795,000.00000000,000.01702776,000.01615524,000.07287171,000.26
Tournament (k=3),Arithmetic,Uniform,0.66113,0.10516,000.00001144,000.00259943,000.00292206,000.02104342,000.28
Tournament (k=3),Arithmetic,Gaussian,0.83749,0.02837,000.00000000,000.01320267,000.01135635,000.15233280,000.19
Tournament (k=3),Arithmetic,Gaussian,0.97087,0.13667,000.00000000,000.00009990,000.00004578,000.02213767,000.34
Tournament (k=3),Arithmetic,Gaussian,0.91514,0.04791,000.00001526,000.00600600,000.00620079,000.07486147,000.21
Tournament (k=3),Arithmetic,Uniform,0.50670,0.19383,000.00003815,000.02141757,000.02519989,000.12676689,000.32
Tournament (k=3),Arithmetic,Uniform,0.64187,0.02000,000.00000000,000.27849302,000.31672096,000.54960382,000.17
Tournament (k=3),Arithmetic,Gaussian,0.88849,0.21153,000.00017548,000.01090193,000.01275826,000.17533770,000.39
Tournament (k=3),Arithmetic,Uniform,0.72243,0.19383,000.00406647,000.04857693,000.05680466,000.20742922,000.26
Tournament (k=3),Arithmetic,Uniform,0.53756,0.06226,000.00002289,000.02234144,000.01978493,000.12797539,000.24
Tournament (k=3),Arithmetic,Uniform,0.55369,0.30000,000.01845169,000.94736880,001.17953110,000.74981755,000.34
Tournament (k=3),Arithmetic,Uniform,0.57030,0.06226,000.00000000,000.02464414,000.01831436,000.09387898,000.26
Tournament (k=3),Arithmetic,Gaussian,1.00000,0.02599,000.00011063,000.08490124,000.04408646,000.50514281,000.25
Tournament (k=3),Arithmetic,Uniform,0.41200,0.25191,000.00914764,000.32488912,000.32438087,000.56288111,000.26
Tournament (k=3),Arithmetic,Uniform,0.42436,0.17762,000.00001526,000.00912266,000.00737762,000.11496548,000.33
Tournament (k=3),Arithmetic,Gaussian,0.78941,0.23084,000.00206375,000.02283354,000.02326584,000.11568979,000.31
Tournament (k=3),Arithmetic,Uniform,0.47762,0.05705,000.00002289,000.04250512,000.04996109,000.21676369,000.25
Tournament (k=3),Arithmetic,Uniform,0.45020,0.21153,000.00137329,000.07384090,000.08513069,000.22534557,000.27
Tournament (k=3),Arithmetic,Uniform,0.43709,0.09637,000.00006866,000.00732183,000.00822449,000.03301735,000.27
Tournament (k=3),Arithmetic,Uniform,0.68096,0.02000,000.00000000,000.26950708,000.29582214,000.52806807,000.23
Tournament (k=3),Arithmetic,Uniform,0.40000,0.13667,000.00003052,000.00299797,000.00285530,000.02903916,000.24
Tournament (k=3),Arithmetic,Uniform,0.74410,0.04023,000.00000763,000.07699027,000.08613205,000.20392919,000.19
Tournament (k=3),Arithmetic,Uniform,0.45020,0.06226,000.00000000,000.02546964,000.02613449,000.15948881,000.25
Tournament (k=3),Arithmetic,Uniform,0.53756,0.02000,000.00000000,000.27371103,000.17225266,000.55150622,000.17
Tournament (k=3),Arithmetic,Uniform,0.57030,0.02000,000.00000000,000.31634408,000.32913971,000.54875880,000.23
Tournament (k=3),Arithmetic,Uniform,0.43709,0.27490,000.01879883,000.47910959,000.54121017,000.60583949,000.28
Tournament (k=3),Arithmetic,Uniform,0.53756,0.06795,000.00008392,000.01810780,000.01470757,000.07641377,000.25
Tournament (k=3),Arithmetic,Uniform,0.70139,0.12524,000.00000381,000.00133381,000.00102425,000.01251711,000.30
Tournament (k=3),Arithmetic,Uniform,0.52190,0.04023,000.00000000,000.07677345,000.07186508,000.29269168,000.24
Tournament (k=3),Arithmetic,Uniform,0.72243,0.02000,000.00153732,000.29645944,000.32951736,000.54276335,000.17
Tournament (k=3),Arithmetic,Uniform,0.68096,0.17762,000.00000763,000.01139212,000.01109314,000.07595379,000.32
Tournament (k=3),Arithmetic,Uniform,0.57030,0.06795,000.00002670,000.01379065,000.01371193,000.07801490,000.27
Tournament (k=3),Arithmetic,Uniform,0.49195,0.03378,000.00000000,000.13630733,000.11381912,000.41441187,000.23
Tournament (k=3),Arithmetic,Uniform,0.58741,0.08830,000.00000000,000.00520883,000.00623703,000.03354778,000.21
Tournament (k=3),Arithmetic,Gaussian,1.00000,0.25191,000.00077438,000.05246177,000.05875397,000.27248970,000.41
Tournament (k=3),Arithmetic,Gaussian,0.94259,0.27490,000.00182343,000.11619315,000.11067200,000.35962570,000.41
Tournament (k=3),Arithmetic,Uniform,0.50670,0.21153,000.00172043,000.11089253,000.12107658,000.38922384,000.35
Tournament (k=3),Arithmetic,Gaussian,1.00000,0.06795,000.00000000,000.01882010,000.00803375,000.41796932,000.22
Tournament (k=3),Arithmetic,Uniform,0.43709,0.10516,000.00000000,000.00461979,000.00461197,000.01652101,000.27
Tournament (k=3),Arithmetic,Gaussian,0.74410,0.07415,000.00000000,000.00108256,000.00118256,000.00469434,000.23
Tournament (k=3),Arithmetic,Uniform,0.45020,0.23084,000.00384903,000.22723857,000.24148178,000.41802129,000.30
Tournament (k=3),Arithmetic,Uniform,0.55369,0.03686,000.00000000,000.08784127,000.10414505,000.32202417,000.19
Tournament (k=3),Arithmetic,Uniform,0.49195,0.11476,000.00000000,000.00322418,000.00308609,000.02933494,000.28
Tournament (k=3),Arithmetic,Uniform,0.70139,0.03686,000.00000000,000.05658603,000.04943275,000.28128108,000.18
Tournament (k=3),Arithmetic,Uniform,0.76642,0.02183,000.00020981,000.26316041,000.29325485,000.51138878,000.18
Tournament (k=3),Arithmetic,Uniform,0.46371,0.08830,000.00000763,000.01154308,000.01066589,000.07185025,000.22
Tournament (k=3),Arithmetic,Uniform,0.57030,0.21153,000.00353241,000.08653984,000.08611488,000.37641546,000.27
Tournament (k=3),Arithmetic,Gaussian,0.88849,0.07415,000.00001526,000.00148740,000.00116539,000.14075524,000.22
Tournament (k=3),Arithmetic,Uniform,0.52190,0.10516,000.00001526,000.00318341,000.00257874,000.02526154,000.26
Tournament (k=3),Arithmetic,Uniform,0.78941,0.03686,000.00002289,000.08488421,000.08643913,000.30871943,000.24
Tournament (k=3),Arithmetic,Uniform,0.57030,0.07415,000.00005722,000.01836805,000.02126122,000.05283141,000.26
Tournament (k=3),Arithmetic,Uniform,0.50670,0.07415,000.00000000,000.01836996,000.01908302,000.11934926,000.26
Tournament (k=3),Arithmetic,Uniform,0.53756,0.19383,000.00045013,000.02985544,000.03055954,000.14583607,000.32
Tournament (k=3),Arithmetic,Uniform,0.60503,0.19383,000.00069809,000.03229008,000.03440475,000.24496982,000.27
Tournament (k=3),Arithmetic,Gaussian,0.91514,0.13667,000.00000000,000.00005856,000.00004768,000.02479791,000.34
Tournament (k=3),Arithmetic,Uniform,0.60503,0.06795,000.00000000,000.01926885,000.02082634,000.14255460,000.20
Tournament (k=3),Arithmetic,Gaussian,0.94259,0.10516,000.00000000,000.00036306,000.00019836,000.00766941,000.31
Tournament (k=3),Arithmetic,Uniform,0.60503,0.02000,000.00011444,000.26730925,000.28134155,000.57333547,000.22
Tournament (k=3),Arithmetic,Uniform,0.76642,0.02382,000.00000000,000.20820507,000.23627281,000.39913842,000.18
Tournament (k=3),Arithmetic,Uniform,0.50670,0.02183,000.00000381,000.25246421,000.20845795,000.54959756,000.21
Tournament (k=3),Arithmetic,Uniform,0.46371,0.30000,000.06537628,000.92065078,001.18183136,000.64273936,000.36
Tournament (k=3),Arithmetic,Uniform,0.68096,0.19383,000.00161362,000.06363921,000.07026863,000.37409109,000.39
Tournament (k=3),Arithmetic,Uniform,0.78941,0.11476,000.00000000,000.00099425,000.00105095,000.00458850,000.27
Tournament (k=3),Arithmetic,Uniform,0.74410,0.11476,000.00000000,000.00092907,000.00087166,000.00649739,000.29
Tournament (k=3),Arithmetic,Uniform,0.42436,0.05228,000.00011444,000.04685793,000.04892921,000.15509689,000.19
Tournament (k=3),Arithmetic,Uniform,0.62318,0.10516,000.00000000,000.00305834,000.00329971,000.02144796,000.22
Tournament (k=3),Arithmetic,Gaussian,0.83749,0.07415,000.00000000,000.00164170,000.00184631,000.00607956,000.22
Tournament (k=3),Arithmetic,Gaussian,0.88849,0.08092,000.00000000,000.00104833,000.00114250,000.16756481,000.28
Tournament (k=3),Arithmetic,Uniform,0.47762,0.17762,000.00003815,000.00510268,000.00565529,000.04320713,000.31
Tournament (k=3),Arithmetic,Uniform,0.81310,0.02183,000.00006866,000.27159199,000.22610664,000.53585190,000.17
Tournament (k=3),Arithmetic,Uniform,0.49195,0.12524,000.00000000,000.00224252,000.00250435,000.01355506,000.38
Tournament (k=3),Arithmetic,Uniform,0.62318,0.03378,000.00013733,000.13531117,000.11995506,000.38199988,000.19
Tournament (k=3),Arithmetic,Uniform,0.72243,0.06795,000.00001907,000.01527119,000.01734543,000.05596170,000.26
Tournament (k=3),Arithmetic,Uniform,0.43709,0.02837,000.00000000,000.18069276,000.19029045,000.38096347,000.17
Tournament (k=3),Arithmetic,Uniform,0.55369,0.11476,000.00000000,000.00234528,000.00210190,000.01262650,000.28
Tournament (k=3),Arithmetic,Uniform,0.58741,0.03686,000.00000000,000.04995918,000.04073143,000.26395571,000.24
Tournament (k=3),Arithmetic,Gaussian,0.94259,0.02599,000.00000763,000.02294655,000.02308846,000.27553037,000.20
Tournament (k=3),Arithmetic,Uniform,0.40000,0.06226,000.00000000,000.02310314,000.02429581,000.16066501,000.24
Tournament (k=3),Arithmetic,Uniform,0.64187,0.06226,000.00002670,000.02393074,000.02295113,000.13917066,000.26
Tournament (k=3),Arithmetic,Uniform,0.81310,0.06795,000.00000381,000.01790166,000.01730537,000.09788462,000.20
Tournament (k=3),Arithmetic,Gaussian,0.91514,0.05228,000.00000763,000.00630956,000.00764275,000.10315995,000.21
Tournament (k=3),Arithmetic,Gaussian,0.88849,0.02837,000.00001144,000.01496630,000.01425934,000.14046054,000.25
Tournament (k=3),Arithmetic,Uniform,0.53756,0.21153,000.00040054,000.08927355,000.09907150,000.28927943,000.35
Tournament (k=3),Arithmetic,Uniform,0.76642,0.07415,000.00000763,000.00966926,000.00968552,000.09460026,000.27
Tournament (k=3),Arithmetic,Uniform,0.66113,0.11476,000.00000381,000.00132151,000.00107384,000.01876853,000.29
Tournament (k=3),Arithmetic,Uniform,0.64187,0.02183,000.00000000,000.18687940,000.22352791,000.44110450,000.18
Tournament (k=3),Arithmetic,Gaussian,0.97087,0.14915,000.00000000,000.00015316,000.00014496,000.00628299,000.28
Tournament (k=3),Arithmetic,Uniform,0.43709,0.03095,000.00004196,000.16480561,000.18617630,000.42833048,000.18
Tournament (k=3),Arithmetic,Uniform,0.72243,0.21153,000.00408173,000.21460375,000.23481750,000.48370838,000.27
Tournament (k=3),Arithmetic,Gaussian,0.97087,0.04390,000.00006104,000.01159987,000.00998497,000.26976174,000.27
Tournament (k=3),Arithmetic,Gaussian,0.86261,0.16276,000.00000000,000.00020065,000.00021553,000.00125194,000.37
Tournament (k=3),Arithmetic,Uniform,0.58741,0.04023,000.00000763,000.05805182,000.05661392,000.25561896,000.24
Tournament (k=3),Arithmetic,Uniform,0.81310,0.07415,000.00000000,000.00998464,000.01030731,000.10848343,000.20
Tournament (k=3),Arithmetic,Uniform,0.41200,0.10516,000.00000000,000.00639105,000.00621414,000.02443578,000.27
Tournament (k=3),Arithmetic,Uniform,0.41200,0.27490,000.01353836,000.54492855,000.60096550,000.69897336,000.27
Tournament (k=3),Arithmetic,Gaussian,0.94259,0.02837,000.00003052,000.02201834,000.02439117,000.28201890,000.27
Tournament (k=3),Arithmetic,Uniform,0.47762,0.06226,000.00000763,000.02077308,000.02180481,000.15718773,000.25
Tournament (k=3),Arithmetic,Uniform,0.49195,0.13667,000.00000000,000.00197134,000.00174141,000.01992732,000.31
Tournament (k=3),Arithmetic,Uniform,0.64187,0.16276,000.00005341,000.00247107,000.00264359,000.01977851,000.26
Tournament (k=3),Arithmetic,Uniform,0.64187,0.02382,000.00000000,000.15155014,000.13113785,000.47175795,000.18
Tournament (k=3),Arithmetic,Uniform,0.68096,0.02183,000.00000763,000.22421727,000.25295639,000.49825871,000.24
Tournament (k=3),Arithmetic,Uniform,0.40000,0.14915,000.00000000,000.00285420,000.00249100,000.01230088,000.25
Tournament (k=3),Arithmetic,Uniform,0.45020,0.06795,000.00005341,000.01784587,000.01544762,000.10569369,000.25
Tournament (k=3),Arithmetic,Uniform,0.53756,0.07415,000.00003052,000.01265106,000.01081276,000.11387098,000.21
Tournament (k=3),Arithmetic,Gaussian,0.88849,0.23084,000.00064087,000.01965947,000.02097321,000.11761869,000.41
Tournament (k=3),Arithmetic,Uniform,0.76642,0.08092,000.00000000,000.01020942,000.00957870,000.04262833,000.28
Tournament (k=3),Arithmetic,Uniform,0.72243,0.02183,000.00000763,000.29003486,000.29627991,000.48983717,000.18
Tournament (k=3),Arithmetic,Uniform,0.66113,0.03378,000.00000000,000.07460008,000.06964111,000.28689340,000.18
Tournament (k=3),Arithmetic,Uniform,0.66113,0.12524,000.00000000,000.00059986,000.00066566,000.00951064,000.32
Tournament (k=3),Arithmetic,Uniform,0.53756,0.23084,000.00350571,000.28142935,000.25031853,000.50548136,000.34
Tournament (k=3),Arithmetic,Uniform,0.52190,0.04390,000.00002289,000.06853271,000.08199883,000.20293377,000.24
Tournament (k=3),Arithmetic,Uniform,0.49195,0.03686,000.00001144,000.07138348,000.06303215,000.38534129,000.24
Tournament (k=3),Arithmetic,Uniform,0.81310,0.21153,000.01107788,000.16924290,000.18253708,000.48904216,000.26
Tournament (k=3),Arithmetic,Uniform,0.68096,0.07415,000.00000000,000.01061740,000.01043892,000.10950378,000.21
Tournament (k=3),Arithmetic,Uniform,0.70139,0.13667,000.00000381,000.00075378,000.00085831,000.00514593,000.31
Tournament (k=3),Arithmetic,Uniform,0.55369,0.04023,000.00000000,000.06597672,000.07831764,000.27075663,000.19
Tournament (k=3),Arithmetic,Gaussian,1.00000,0.07415,000.00000763,000.03550858,000.00522995,000.51300180,000.24
Tournament (k=3),Arithmetic,Uniform,0.47762,0.06795,000.00000763,000.02129846,000.01774597,000.15076531,000.26
Tournament (k=3),Arithmetic,Gaussian,0.72243,0.04023,000.00000000,000.00424757,000.00470161,000.01946994,000.20
Tournament (k=3),Arithmetic,Uniform,0.43709,0.11476,000.00000763,000.00417490,000.00472450,000.02310190,000.28
Tournament (k=3),Arithmetic,Uniform,0.41200,0.30000,000.02329254,000.75991750,000.93417549,000.61947215,000.32
Tournament (k=3),Arithmetic,Uniform,0.41200,0.03378,000.00000763,000.09567399,000.08121300,000.31313878,000.22
Tournament (k=3),Arithmetic,Uniform,0.40000,0.16276,000.00003052,000.00396023,000.00331116,000.09985676,000.28
Tournament (k=3),Arithmetic,Uniform,0.50670,0.23084,000.00914001,000.21543542,000.24251938,000.41168466,000.33
Tournament (k=3),Arithmetic,Uniform,0.46371,0.09637,000.00008011,000.00786276,000.00784302,000.02652474,000.22
Tournament (k=3),Arithmetic,Gaussian,1.00000,0.27490,000.00247955,000.11749277,000.12480164,000.42029244,000.42
Tournament (k=3),Arithmetic,Uniform,0.76642,0.21153,000.00063324,000.25143972,000.21044350,000.56986928,000.26
Tournament (k=3),Arithmetic,Uniform,0.57030,0.23084,000.00369263,000.22236542,000.20589256,000.49090105,000.27
Tournament (k=3),Arithmetic,Uniform,0.78941,0.04023,000.00002289,000.05503912,000.06772614,000.22324684,000.25
Tournament (k=3),Arithmetic,Uniform,0.49195,0.04023,000.00000000,000.07871976,000.07604218,000.22957473,000.24
Tournament (k=3),Arithmetic,Uniform,0.83749,0.04023,000.00000000,000.07494321,000.06842422,000.30529779,000.21
Tournament (k=3),Arithmetic,Uniform,0.52190,0.11476,000.00000000,000.00321832,000.00244713,000.03048524,000.29
Tournament (k=3),Arithmetic,Gaussian,0.88849,0.25191,000.00064850,000.04514642,000.05303192,000.18445815,000.41
Tournament (k=3),Arithmetic,Uniform,0.81310,0.23084,000.01771927,000.46518773,000.44752502,000.69094920,000.26
Tournament (k=3),Arithmetic,Uniform,0.60503,0.21153,000.00118256,000.10378756,000.10184288,000.41922635,000.26
Tournament (k=3),Arithmetic,Uniform,0.55369,0.04390,000.00000000,000.04261374,000.02735710,000.30424058,000.24
Tournament (k=3),Arithmetic,Gaussian,1.00000,0.08092,000.00000000,000.01406798,000.00199509,000.49124700,000.26
Tournament (k=3),Arithmetic,Uniform,0.60503,0.07415,000.00000000,000.01497116,000.01621628,000.08639950,000.26
Tournament (k=3),Arithmetic,Uniform,0.68096,0.08092,000.00000000,000.00781455,000.00747871,000.03689978,000.22
Tournament (k=3),Arithmetic,Uniform,0.52190,0.04791,000.00000000,000.04259801,000.04718018,000.22214146,000.23
Tournament (k=3),Arithmetic,Gaussian,0.91514,0.14915,000.00000000,000.00012746,000.00012589,000.00145676,000.29
Tournament (k=3),Arithmetic,Uniform,0.72243,0.02382,000.00012207,000.20426135,000.20665932,000.42434934,000.18
Tournament (k=3),Arithmetic,Uniform,0.66113,0.03686,000.00000000,000.08320227,000.07611465,000.33869967,000.19
Tournament (k=3),Arithmetic,Uniform,0.53756,0.25191,000.01026917,000.45966464,000.54845810,000.57694286,000.31
Tournament (k=3),Arithmetic,Uniform,0.50670,0.08092,000.00000000,000.01175284,000.01048279,000.05319294,000.26
Tournament (k=3),Arithmetic,Uniform,0.70139,0.14915,000.00000763,000.00130563,000.00135040,000.01106164,000.32
Tournament (k=3),Arithmetic,Uniform,0.70139,0.04023,000.00000000,000.05364718,000.06196022,000.24414538,000.19
Tournament (k=3),Arithmetic,Uniform,0.66113,0.13667,000.00000381,000.00064726,000.00062370,000.00499674,000.31
Tournament (k=3),Arithmetic,Uniform,0.64187,0.02599,000.00000000,000.18016967,000.17190170,000.48337111,000.18
Tournament (k=3),Arithmetic,Uniform,0.57030,0.08092,000.00000381,000.00925064,000.00899887,000.09921902,000.27
Tournament (k=3),Arithmetic,Uniform,0.53756,0.08092,000.00000000,000.00765734,000.00652313,000.03534794,000.26
Tournament (k=3),Arithmetic,Uniform,0.68096,0.02382,000.00000000,000.23237777,000.25626183,000.50154585,000.24
Tournament (k=3),Arithmetic,Uniform,0.45020,0.07415,000.00000763,000.01631784,000.01687050,000.07593263,000.25
Tournament (k=3),Arithmetic,Uniform,0.76642,0.08830,000.00000763,000.00435753,000.00562668,000.05611924,000.30
Tournament (k=3),Arithmetic,Uniform,0.45020,0.25191,000.02749634,000.47286254,000.52112770,000.56194335,000.27
Tournament (k=3),Arithmetic,Uniform,0.64187,0.17762,000.00012970,000.01278725,000.01333427,000.11088808,000.25
Tournament (k=3),Arithmetic,Uniform,0.52190,0.05228,000.00000381,000.03133135,000.02807236,000.15310101,000.23
Tournament (k=3),Arithmetic,Gaussian,0.94259,0.03095,000.00000000,000.01264048,000.01379967,000.22824557,000.26
Tournament (k=3),Arithmetic,Uniform,0.43709,0.03378,000.00037384,000.11613736,000.11333847,000.44007137,000.18
Tournament (k=3),Arithmetic,Uniform,0.68096,0.08830,000.00000000,000.00495129,000.00415611,000.02553260,000.27
Tournament (k=3),Arithmetic,Uniform,0.49195,0.14915,000.00001526,000.00164838,000.00144958,000.01121244,000.30
Tournament (k=3),Arithmetic,Uniform,0.74410,0.04390,000.00000000,000.04818115,000.04504204,000.18289378,000.19
Tournament (k=3),Arithmetic,Uniform,0.70139,0.04390,000.00000000,000.04339705,000.04448509,000.18455115,000.21
Tournament (k=3),Arithmetic,Uniform,0.57030,0.02183,000.00000000,000.24352089,000.20704460,000.51423007,000.23
Tournament (k=3),Arithmetic,Gaussian,0.88849,0.03095,000.00000000,000.01336675,000.01326561,000.13433819,000.19
Tournament (k=3),Arithmetic,Gaussian,0.97087,0.16276,000.00000000,000.00033174,000.00029182,000.10407174,000.28
Tournament (k=3),Arithmetic,Gaussian,0.91514,0.05705,000.00000381,000.00291905,000.00288582,000.09937777,000.22
Tournament (k=3),Arithmetic,Gaussian,0.91514,0.16276,000.00000381,000.00040174,000.00039291,000.01190833,000.38
Tournament (k=3),Arithmetic,Uniform,0.68096,0.02599,000.00000000,000.12776117,000.10821915,000.41221458,000.22
Tournament (k=3),Arithmetic,Uniform,0.66113,0.14915,000.00001144,000.00110149,000.00109291,000.00926871,000.31
Tournament (k=3),Arithmetic,Uniform,0.43709,0.30000,000.07461548,000.93314946,001.17403412,000.72452092,000.34
Tournament (k=3),Arithmetic,Uniform,0.43709,0.03686,000.00000000,000.09344101,000.11266708,000.23534478,000.18
Tournament (k=3),Arithmetic,Uniform,0.45020,0.08092,000.00000000,000.01408887,000.01414490,000.08048559,000.25
Tournament (k=3),Arithmetic,Uniform,0.53756,0.08830,000.00000000,000.00577569,000.00595284,000.02682366,000.28
Tournament (k=3),Arithmetic,Uniform,0.74410,0.04791,000.00000000,000.03243504,000.03067398,000.23644824,000.19
Tournament (k=3),Arithmetic,Uniform,0.42436,0.05705,000.00000000,000.02891035,000.02946663,000.17433377,000.20
Tournament (k=3),Arithmetic,Uniform,0.42436,0.19383,000.00042725,000.01753921,000.01769638,000.11852178,000.26
Tournament (k=3),Arithmetic,Uniform,0.76642,0.09637,000.00000000,000.00437126,000.00392914,000.03473601,000.29
Tournament (k=3),Arithmetic,Uniform,0.64187,0.19383,000.00077057,000.04819451,000.05519485,000.26670742,000.28
Tournament (k=3),Arithmetic,Uniform,0.47762,0.02000,000.00000381,000.41316921,000.41518784,000.64620221,000.21
Tournament (k=3),Arithmetic,Uniform,0.76642,0.02599,000.00008011,000.15993400,000.16632843,000.43079183,000.18
Tournament (k=3),Arithmetic,Uniform,0.47762,0.19383,000.00057983,000.03047657,000.03428650,000.17850243,000.28
Tournament (k=3),Arithmetic,Uniform,0.62318,0.11476,000.00000000,000.00235000,000.00193405,000.01115077,000.27
Tournament (k=3),Arithmetic,Uniform,0.50670,0.02382,000.00012207,000.29032364,000.28425407,000.52176154,000.22
Tournament (k=3),Arithmetic,Gaussian,0.88849,0.08830,000.00000381,000.00069222,000.00051498,000.05627924,000.31
Tournament (k=3),Arithmetic,Uniform,0.60503,0.02183,000.00000000,000.20941845,000.17813873,000.47299817,000.23
Tournament (k=3),Arithmetic,Uniform,0.83749,0.12524,000.00000000,000.00028362,000.00025940,000.01482573,000.23
Tournament (k=3),Arithmetic,Uniform,0.58741,0.04390,000.00000000,000.05814104,000.05930519,000.19303802,000.24
Tournament (k=3),Arithmetic,Uniform,0.86261,0.02382,000.00020981,000.26923075,000.28768539,000.56347388,000.24
Tournament (k=3),Arithmetic,Uniform,0.42436,0.06226,000.00001144,000.03358603,000.03664970,000.13518319,000.20
Tournament (k=3),Arithmetic,Uniform,0.41200,0.11476,000.00003052,000.00688124,000.00497627,000.03234053,000.28
Tournament (k=3),Arithmetic,Uniform,0.47762,0.02183,000.00000763,000.30514306,000.29292107,000.50825262,000.18
Tournament (k=3),Arithmetic,Uniform,0.76642,0.02837,000.00009155,000.09742527,000.09413147,000.42256346,000.18
Tournament (k=3),Arithmetic,Uniform,0.40000,0.06795,000.00000000,000.02616191,000.02206802,000.10537466,000.25
Tournament (k=3),Arithmetic,Uniform,0.64187,0.06795,000.00000381,000.01607719,000.01263428,000.08625204,000.27
Tournament (k=3),Arithmetic,Gaussian,0.97087,0.04791,000.00000381,000.00674243,000.00745010,000.35236609,000.28
Tournament (k=3),Arithmetic,Uniform,0.74410,0.05228,000.00000000,000.02704206,000.02503204,000.12794517,000.25
Tournament (k=3),Arithmetic,Uniform,0.50670,0.02599,000.00000381,000.20214334,000.24534607,000.47589701,000.21
Tournament (k=3),Arithmetic,Uniform,0.42436,0.21153,000.00375366,000.06483702,000.07054710,000.15435494,000.27
Tournament (k=3),Arithmetic,Uniform,0.62318,0.12524,000.00000381,000.00129232,000.00097466,000.00994420,000.24
Tournament (k=3),Arithmetic,Gaussian,0.94259,0.30000,000.00839996,000.18434706,000.19099998,000.44388276,000.42
Tournament (k=3),Arithmetic,Uniform,0.76642,0.10516,000.00000000,000.00194912,000.00209045,000.01006555,000.29
Tournament (k=3),Arithmetic,Uniform,0.64187,0.21153,000.00154114,000.12308240,000.10614395,000.44828272,000.30
Tournament (k=3),Arithmetic,Uniform,0.47762,0.21153,000.00029755,000.06523915,000.06121254,000.26324040,000.29
Tournament (k=3),Arithmetic,Uniform,0.62318,0.03686,000.00000000,000.10304508,000.12062836,000.40539613,000.24
Tournament (k=3),Arithmetic,Gaussian,0.88849,0.09637,000.00000000,000.00041056,000.00038910,000.01301433,000.33
Tournament (k=3),Arithmetic,Uniform,0.42436,0.02000,000.00003052,000.37692159,000.38950729,000.68451774,000.17
Tournament (k=3),Arithmetic,Uniform,0.41200,0.03686,000.00051498,000.12217331,000.08755875,000.33987525,000.18
Tournament (k=3),Arithmetic,Uniform,0.83749,0.13667,000.00000000,000.00029402,000.00026321,000.00218723,000.29
Tournament (k=3),Arithmetic,Uniform,0.86261,0.07415,000.00000000,000.00992537,000.01060867,000.14998911,000.21
Tournament (k=3),Arithmetic,Uniform,0.47762,0.07415,000.00000763,000.01637225,000.01543427,000.05415863,000.26
Tournament (k=3),Arithmetic,Uniform,0.68096,0.21153,000.00765991,000.13695168,000.16007423,000.34943935,000.27
Tournament (k=3),Arithmetic,Uniform,0.46371,0.10516,000.00003052,000.00577159,000.00616074,000.04063426,000.23
Tournament (k=3),Arithmetic,Uniform,0.74410,0.12524,000.00000381,000.00072799,000.00057602,000.01773746,000.30
Tournament (k=3),Arithmetic,Uniform,0.40000,0.17762,000.00009155,000.00606279,000.00705528,000.02635749,000.26
Tournament (k=3),Arithmetic,Uniform,0.43709,0.12524,000.00000381,000.00192823,000.00174904,000.01881796,000.29
Tournament (k=3),Arithmetic,Uniform,0.76642,0.23084,000.00213623,000.35972565,000.32536888,000.62465191,000.26
Tournament (k=3),Arithmetic,Uniform,0.78941,0.04390,000.00001526,000.04643097,000.04127121,000.23330581,000.23
Tournament (k=3),Arithmetic,Uniform,0.57030,0.25191,000.00148010,000.45942587,000.41168976,000.61341238,000.27
Tournament (k=3),Arithmetic,Uniform,0.49195,0.04390,000.00000000,000.04803824,000.05502129,000.18504071,000.24
Tournament (k=3),Arithmetic,Uniform,0.42436,0.02183,000.00051880,000.23147687,000.21841049,000.47604233,000.17
Tournament (k=3),Arithmetic,Uniform,0.62318,0.04023,000.00000381,000.06441484,000.05343246,000.25827381,000.22
Tournament (k=3),Arithmetic,Uniform,0.50670,0.25191,000.01852417,000.40059876,000.35102272,000.59675699,000.34
Tournament (k=3),Arithmetic,Uniform,0.83749,0.04390,000.00030518,000.04804902,000.04493523,000.29838252,000.26
Tournament (k=3),Arithmetic,Uniform,0.52190,0.12524,000.00000000,000.00150604,000.00123787,000.02853542,000.30
Tournament (k=3),Arithmetic,Uniform,0.86261,0.08092,000.00000763,000.00832367,000.00843811,000.07334165,000.23
Tournament (k=3),Arithmetic,Uniform,0.55369,0.04791,000.00000000,000.05280409,000.05848885,000.20432980,000.24
Tournament (k=3),Arithmetic,Uniform,0.58741,0.09637,000.00000000,000.00374675,000.00426102,000.01751790,000.22
Tournament (k=3),Arithmetic,Uniform,0.86261,0.23084,000.01536560,000.50897098,000.56964302,000.67461872,000.31
Tournament (k=3),Arithmetic,Gaussian,1.00000,0.30000,000.01251984,000.23400955,000.19716263,000.43874970,000.44
Tournament (k=3),Arithmetic,Uniform,0.47762,0.08092,000.00000000,000.01287594,000.01424789,000.07837636,000.24
Tournament (k=3),Arithmetic,Gaussian,1.00000,0.08830,000.00000381,000.00240402,000.00208855,000.46458641,000.31
Tournament (k=3),Arithmetic,Uniform,0.46371,0.11476,000.00000381,000.00486083,000.00401688,000.03018284,000.25
Tournament (k=3),Arithmetic,Uniform,0.64187,0.02837,000.00004959,000.10531430,000.10255241,000.34325045,000.18
Tournament (k=3),Arithmetic,Gaussian,0.81310,0.04390,000.00001144,000.00575180,000.00546646,000.03869091,000.20
Tournament (k=3),Arithmetic,Uniform,0.40000,0.19383,000.00068665,000.01505642,000.01503181,000.13197502,000.29
Tournament (k=3),Arithmetic,Uniform,0.53756,0.02183,000.00000000,000.27257404,000.30151558,000.57485723,000.23
Tournament (k=3),Arithmetic,Uniform,0.74410,0.13667,000.00000000,000.00051584,000.00041962,000.00821521,000.33
Tournament (k=3),Arithmetic,Uniform,0.50670,0.08830,000.00000381,000.00975361,000.01021576,000.03178020,000.27
Tournament (k=3),Arithmetic,Uniform,0.81310,0.02382,000.00001907,000.24885926,000.26781464,000.43806592,000.18
Tournament (k=3),Arithmetic,Uniform,0.43709,0.13667,000.00000763,000.00202613,000.00190353,000.01418685,000.32
Tournament (k=3),Arithmetic,Uniform,0.88849,0.04390,000.00000381,000.10454130,000.08946609,000.37695986,000.19
Tournament (k=3),Arithmetic,Uniform,0.57030,0.08830,000.00000381,000.00812802,000.00758934,000.03964863,000.27
Tournament (k=3),Arithmetic,Uniform,0.53756,0.27490,000.01095581,000.65199107,000.96321106,000.79894066,000.33
Tournament (k=3),Arithmetic,Uniform,0.70139,0.16276,000.00003052,000.00361857,000.00366783,000.10174690,000.32
Tournament (k=3),Arithmetic,Uniform,0.52190,0.05705,000.00000000,000.03376222,000.02877617,000.19391222,000.25
Tournament (k=3),Arithmetic,Uniform,0.68096,0.09637,000.00000381,000.00284619,000.00271988,000.02768101,000.22
Tournament (k=3),Arithmetic,Gaussian,0.78941,0.25191,000.00440979,000.05176206,000.05991936,000.15824972,000.35
Tournament (k=3),Arithmetic,Gaussian,0.83749,0.08092,000.00000000,000.00100756,000.00083351,000.01034966,000.25
Tournament (k=3),Arithmetic,Uniform,0.78941,0.12524,000.00000763,000.00049586,000.00051689,000.01899586,000.23
Tournament (k=3),Arithmetic,Gaussian,0.94259,0.03378,000.00000000,000.01487064,000.01544952,000.22534959,000.26
Tournament (k=3),Arithmetic,Uniform,0.57030,0.02382,000.00000381,000.24987683,000.27872658,000.50100499,000.23
Tournament (k=3),Arithmetic,Uniform,0.46371,0.12524,000.00000381,000.00402570,000.00365829,000.01796961,000.29
Tournament (k=3),Arithmetic,Uniform,0.68096,0.02837,000.00017166,000.18852977,000.20048332,000.44190562,000.18
Tournament (k=3),Arithmetic,Uniform,0.45020,0.02000,000.00000000,000.21170536,000.21197891,000.59932512,000.18
Tournament (k=3),Arithmetic,Uniform,0.88849,0.13667,000.00000000,000.00062604,000.00056839,000.00352242,000.25
Tournament (k=3),Arithmetic,Uniform,0.43709,0.04023,000.00000763,000.06231990,000.06967354,000.21537076,000.19
Tournament (k=3),Arithmetic,Uniform,0.49195,0.16276,000.00003433,000.00282941,000.00281525,000.01000189,000.32
Tournament (k=3),Arithmetic,Uniform,0.53756,0.02382,000.00002289,000.23459801,000.27745628,000.47295532,000.26
Tournament (k=3),Arithmetic,Uniform,0.40000,0.21153,000.00225830,000.05377250,000.05776405,000.24022704,000.33
Tournament (k=3),Arithmetic,Uniform,0.57030,0.09637,000.00000000,000.00627575,000.00536919,000.02000936,000.26
Tournament (k=3),Arithmetic,Uniform,0.66113,0.16276,000.00001144,000.00258489,000.00228691,000.03497353,000.33
Tournament (k=3),Arithmetic,Uniform,0.60503,0.02382,000.00011444,000.27318460,000.30499268,000.42609009,000.25
Tournament (k=3),Arithmetic,Uniform,0.91514,0.02599,000.00027084,000.20353651,000.16189957,000.46152231,000.21
Tournament (k=3),Arithmetic,Gaussian,1.00000,0.02837,000.00003433,000.03962588,000.03579521,000.48310474,000.28
Tournament (k=3),Arithmetic,Uniform,0.53756,0.30000,000.04956055,000.86439657,001.14393234,000.73770159,000.32
Tournament (k=3),Arithmetic,Uniform,0.55369,0.12524,000.00000000,000.00175099,000.00147629,000.00905144,000.31
Tournament (k=3),Arithmetic,Uniform,0.72243,0.07415,000.00000000,000.00745463,000.00820160,000.12065054,000.28
Tournament (k=3),Arithmetic,Uniform,0.46371,0.03378,000.00000763,000.10834555,000.11312103,000.37125775,000.25
Tournament (k=3),Arithmetic,Uniform,0.78941,0.13667,000.00000000,000.00045300,000.00034714,000.00365549,000.26
Tournament (k=3),Arithmetic,Gaussian,0.91514,0.17762,000.00000763,000.00114951,000.00111961,000.00338255,000.39
Tournament (k=3),Arithmetic,Uniform,0.76642,0.03095,000.00000000,000.08787908,000.08794403,000.30579174,000.19
Tournament (k=3),Arithmetic,Uniform,0.57030,0.02599,000.00002670,000.22279748,000.24032593,000.46193612,000.25
Tournament (k=3),Arithmetic,Uniform,0.42436,0.06795,000.00000000,000.02567849,000.02196884,000.17686284,000.22
Tournament (k=3),Arithmetic,Uniform,0.47762,0.02382,000.00000000,000.26275697,000.27368355,000.61300981,000.24
Tournament (k=3),Arithmetic,Uniform,0.46371,0.13667,000.00000381,000.00260978,000.00201988,000.01489353,000.28
Tournament (k=3),Arithmetic,Uniform,0.91514,0.08092,000.00000000,000.01133180,000.01008034,000.19004412,000.28
Tournament (k=3),Arithmetic,Uniform,0.74410,0.05705,000.00001144,000.02629752,000.02843475,000.16200495,000.20
Tournament (k=3),Arithmetic,Uniform,0.41200,0.12524,000.00000763,000.00310802,000.00305176,000.09920774,000.31
Tournament (k=3),Arithmetic,Uniform,0.53756,0.02599,000.00003815,000.16164060,000.15285873,000.41635329,000.26
Tournament (k=3),Arithmetic,Uniform,0.50670,0.02837,000.00000000,000.10127111,000.08061981,000.39114150,000.20
Tournament (k=3),Arithmetic,Uniform,0.41200,0.04023,000.00000000,000.06717010,000.06767273,000.27165791,000.19
Tournament (k=3),Arithmetic,Uniform,0.91514,0.25191,000.03756332,000.85176259,001.16551208,000.75292826,000.34
Tournament (k=3),Arithmetic,Uniform,0.42436,0.23084,000.00832367,000.17481485,000.17276001,000.39940372,000.28
Tournament (k=3),Arithmetic,Gaussian,0.97087,0.02000,000.00000381,000.06772800,000.07304573,000.42709124,000.26
Tournament (k=3),Arithmetic,Uniform,0.64187,0.23084,000.00724030,000.26795039,000.28893089,000.52169400,000.27
Tournament (k=3),Arithmetic,Uniform,0.83749,0.14915,000.00001144,000.00122070,000.00121689,000.00913649,000.25
Tournament (k=3),Arithmetic,Uniform,0.81310,0.25191,000.01912308,000.71825385,000.98689651,000.75534427,000.27
Tournament (k=3),Arithmetic,Uniform,0.60503,0.23084,000.00272369,000.33018643,000.29466629,000.57538712,000.28
Tournament (k=3),Arithmetic,Uniform,0.62318,0.13667,000.00000000,000.00091376,000.00073242,000.00599751,000.32
Tournament (k=3),Arithmetic,Uniform,0.76642,0.11476,000.00000000,000.00077076,000.00085640,000.00890605,000.31
Tournament (k=3),Arithmetic,Uniform,0.60503,0.08092,000.00000000,000.00949922,000.01253700,000.05821866,000.28
Tournament (k=3),Arithmetic,Uniform,0.47762,0.23084,000.00799561,000.25906825,000.22474861,000.49523804,000.35
Tournament (k=3),Arithmetic,Uniform,0.74410,0.06226,000.00004959,000.01796651,000.01938248,000.14964534,000.23
Tournament (k=3),Arithmetic,Uniform,0.53756,0.02837,000.00000000,000.13514027,000.13687897,000.38813558,000.22
Tournament (k=3),Arithmetic,Uniform,0.78941,0.04791,000.00000000,000.03039899,000.03190994,000.22492626,000.21
Tournament (k=3),Arithmetic,Uniform,0.91514,0.08830,000.00000000,000.00402675,000.00322533,000.10193031,000.26
Tournament (k=3),Arithmetic,Uniform,0.94259,0.04791,000.00022507,000.06801195,000.07180214,000.34210742,000.26
Tournament (k=3),Arithmetic,Uniform,0.68096,0.23084,000.00469971,000.37563556,000.34946442,000.57029176,000.35
Tournament (k=3),Arithmetic,Uniform,0.46371,0.14915,000.00000763,000.00260348,000.00265121,000.02012207,000.31
Tournament (k=3),Arithmetic,Uniform,0.42436,0.02382,000.00002289,000.19606876,000.17899704,000.47725511,000.17
Tournament (k=3),Arithmetic,Gaussian,0.88849,0.27490,000.00517273,000.09659095,000.10210037,000.30517215,000.43
Tournament (k=3),Arithmetic,Uniform,0.49195,0.04791,000.00002289,000.04861011,000.05932426,000.21841046,000.25
Tournament (k=3),Arithmetic,Uniform,0.62318,0.04390,000.00001907,000.05867229,000.06404305,000.27645093,000.26
Tournament (k=3),Arithmetic,Uniform,0.86261,0.08830,000.00000763,000.00507226,000.00572968,000.24607524,000.22
Tournament (k=3),Arithmetic,Uniform,0.57030,0.27490,000.02455139,000.70237958,000.89306068,000.64221561,000.31
Tournament (k=3),Arithmetic,Uniform,0.83749,0.04791,000.00019073,000.04845929,000.05318642,000.20584652,000.26
Tournament (k=3),Arithmetic,Uniform,0.55369,0.05228,000.00000000,000.03027844,000.03587723,000.17731370,000.26
Tournament (k=3),Arithmetic,Uniform,0.70139,0.04791,000.00000000,000.03185553,000.03683472,000.16913269,000.20
Tournament (k=3),Arithmetic,Uniform,0.58741,0.10516,000.00001907,000.00338058,000.00345421,000.02841117,000.24
Tournament (k=3),Arithmetic,Uniform,0.40000,0.02000,000.00000000,000.41929597,000.53093719,000.56989282,000.22
Tournament (k=3),Arithmetic,Uniform,0.47762,0.08830,000.00004196,000.01292739,000.01384926,000.05696633,000.22
Tournament (k=3),Arithmetic,Uniform,0.86261,0.25191,000.01699448,000.71388263,001.06256866,000.84544986,000.27
Tournament (k=3),Arithmetic,Uniform,0.50670,0.27490,000.02931595,000.73736274,001.01949692,000.55629438,000.36
Tournament (k=3),Arithmetic,Gaussian,1.00000,0.09637,000.00000000,000.00199847,000.00070763,000.31833085,000.25
Tournament (k=3),Arithmetic,Uniform,0.81310,0.27490,000.05875397,001.01378548,001.29051208,000.89117551,000.37
Tournament (k=3),Arithmetic,Uniform,0.64187,0.03095,000.00057220,000.12099900,000.09396935,000.43947005,000.25
Tournament (k=3),Arithmetic,Uniform,0.60503,0.25191,000.00560760,000.57051080,000.59945679,000.62890148,000.38
Tournament (k=3),Arithmetic,Gaussian,0.97087,0.17762,000.00004196,000.00131083,000.00143433,000.00559693,000.31
Tournament (k=3),Arithmetic,Uniform,0.94259,0.14915,000.00001526,000.00167856,000.00167656,000.03005081,000.33
Tournament (k=3),Arithmetic,Uniform,0.74410,0.14915,000.00000000,000.00115328,000.00121307,000.02840524,000.34
Tournament (k=3),Arithmetic,Uniform,0.55369,0.05705,000.00000381,000.02354464,000.02510643,000.11515056,000.23
Tournament (k=3),Arithmetic,Uniform,0.62318,0.04791,000.00000763,000.04107823,000.03678703,000.26245451,000.31
Tournament (k=3),Arithmetic,Uniform,0.62318,0.14915,000.00000381,000.00080299,000.00071144,000.01334794,000.52
Tournament (k=3),Arithmetic,Uniform,0.86261,0.09637,000.00000000,000.00166421,000.00145531,000.02244418,000.30
Tournament (k=3),Arithmetic,Uniform,0.68096,0.10516,000.00001144,000.00292420,000.00244713,000.01532919,000.24
Tournament (k=3),Arithmetic,Uniform,0.49195,0.05228,000.00000000,000.03980832,000.03648949,000.20034586,000.34
Tournament (k=3),Arithmetic,Uniform,0.97087,0.08830,000.00003052,000.00928431,000.00936890,000.29752341,000.30
Tournament (k=3),Arithmetic,Uniform,1.00000,0.16276,000.00035858,000.01483431,000.01465607,000.12036698,000.25
Tournament (k=3),Arithmetic,Gaussian,0.83749,0.08830,000.00000763,000.00042567,000.00048828,000.00347276,000.24
Tournament (k=3),Arithmetic,Uniform,0.53756,0.09637,000.00000381,000.00517106,000.00418854,000.05206259,000.28
Tournament (k=3),Arithmetic,Uniform,0.45020,0.02183,000.00016785,000.22141305,000.22991943,000.45156202,000.23
Tournament (k=3),Arithmetic,Uniform,0.43709,0.04390,000.00000000,000.07114820,000.06789780,000.36455125,000.20
Tournament (k=3),Arithmetic,Uniform,0.64187,0.03378,000.00000381,000.09395409,000.09001160,000.31280294,000.20
Tournament (k=3),Arithmetic,Uniform,1.00000,0.05228,000.00002289,000.08997937,000.06301308,000.50119466,000.28
Tournament (k=3),Arithmetic,Uniform,0.68096,0.03095,000.00000000,000.10716486,000.11946869,000.37184453,000.25
Tournament (k=3),Arithmetic,Uniform,0.58741,0.04791,000.00000000,000.03849893,000.03330421,000.24047688,000.26
Tournament (k=3),Arithmetic,Uniform,0.86261,0.02599,000.00000000,000.15298438,000.17259598,000.45816618,000.25
Tournament (k=3),Arithmetic,Uniform,0.70139,0.17762,000.00009918,000.01918573,000.01928902,000.18535320,000.33
Tournament (k=3),Arithmetic,Uniform,0.97087,0.02837,000.00170135,000.21668330,000.21103096,000.50458515,000.40
Tournament (k=3),Arithmetic,Uniform,0.97087,0.27490,000.03386307,001.07106924,001.24675179,000.93604618,000.35
Tournament (k=3),Arithmetic,Uniform,0.60503,0.02599,000.00000000,000.18337560,000.18846321,000.42169937,000.17
Tournament (k=3),Arithmetic,Uniform,0.55369,0.02000,000.00018311,000.35721222,000.41278076,000.53895462,000.17
Tournament (k=3),Arithmetic,Gaussian,1.00000,0.03095,000.00004578,000.03754558,000.03173447,000.43825147,000.20
Tournament (k=3),Blend,Gaussian,0.40000,0.03095,000.00000000,000.00258932,000.00107574,000.02215235,000.27
Tournament (k=3),Arithmetic,Uniform,0.64187,0.07415,000.00000000,000.01027641,000.00926018,000.11001711,000.27
Tournament (k=3),Arithmetic,Uniform,0.76642,0.03378,000.00000763,000.08377352,000.06365395,000.32167497,000.18
Tournament (k=3),Arithmetic,Uniform,0.66113,0.17762,000.00056458,000.01135917,000.01083565,000.04648316,000.25
Tournament (k=3),Arithmetic,Uniform,0.64187,0.03686,000.00004196,000.07902326,000.08250809,000.27160430,000.23
Tournament (k=3),Arithmetic,Gaussian,0.97087,0.05228,000.00000000,000.00537534,000.00578690,000.24221699,000.28
Tournament (k=3),Arithmetic,Uniform,0.57030,0.10516,000.00000763,000.00567746,000.00489426,000.02268530,000.28
Tournament (k=3),Arithmetic,Uniform,0.68096,0.03378,000.00000763,000.07455401,000.07772255,000.29510018,000.24
Tournament (k=3),Arithmetic,Uniform,1.00000,0.05705,000.00010681,000.05738969,000.04605103,000.45806512,000.27
Tournament (k=3),Arithmetic,Uniform,0.72243,0.08092,000.00000000,000.00611410,000.00600243,000.02209422,000.27
Tournament (k=3),Arithmetic,Uniform,0.78941,0.14915,000.00000381,000.00124035,000.00101089,000.01062408,000.24
Tournament (k=3),Blend,Gaussian,0.40000,0.09637,000.00000000,000.00010576,000.00003624,000.00123883,000.30
Tournament (k=3),Arithmetic,Uniform,0.55369,0.13667,000.00000000,000.00080876,000.00069237,000.00720525,000.30
Tournament (k=3),Arithmetic,Uniform,0.57030,0.02837,000.00000000,000.11453366,000.14019394,000.33151230,000.23
Tournament (k=3),Arithmetic,Uniform,0.42436,0.07415,000.00000000,000.02065630,000.01937103,000.07293272,000.21
Tournament (k=3),Blend,Gaussian,0.41200,0.05705,000.00000000,000.00030417,000.00015640,000.00935468,000.28
Tournament (k=3),Arithmetic,Uniform,0.47762,0.02599,000.00000000,000.15012093,000.16758156,000.43779898,000.23
Tournament (k=3),Arithmetic,Uniform,0.72243,0.02599,000.00001526,000.14641471,000.15642738,000.37489846,000.18
Tournament (k=3),Arithmetic,Uniform,0.81310,0.08092,000.00000000,000.00660677,000.00567436,000.03419094,000.21
Tournament (k=3),Arithmetic,Uniform,0.66113,0.04023,000.00000000,000.04541464,000.04193687,000.26932651,000.19
Tournament (k=3),Arithmetic,Uniform,0.76642,0.03686,000.00000000,000.08895750,000.08569717,000.28328452,000.19
Tournament (k=3),Blend,Gaussian,0.40000,0.30000,000.01744843,000.14742103,000.16120338,000.32045856,000.42
Tournament (k=3),Arithmetic,Uniform,0.72243,0.23084,000.02576447,000.39140287,000.37515259,000.54564351,000.26
Tournament (k=3),Arithmetic,Uniform,0.50670,0.03095,000.00000763,000.14839879,000.13729286,000.38158834,000.23
Tournament (k=3),Arithmetic,Uniform,0.68096,0.03686,000.00000000,000.06722365,000.06466484,000.30027616,000.25
Tournament (k=3),Arithmetic,Uniform,0.74410,0.06795,000.00000381,000.01319122,000.01293373,000.11229207,000.20
Tournament (k=3),Arithmetic,Uniform,0.76642,0.12524,000.00000000,000.00074210,000.00065231,000.01086389,000.24
Tournament (k=3),Blend,Gaussian,0.42436,0.03378,000.00000000,000.00196719,000.00155640,000.01810265,000.27
Tournament (k=3),Arithmetic,Uniform,0.72243,0.08830,000.00000763,000.00425015,000.00333405,000.02964777,000.27
Tournament (k=3),Arithmetic,Uniform,0.60503,0.08830,000.00000763,000.00569396,000.00522041,000.05751577,000.27
Tournament (k=3),Arithmetic,Uniform,0.52190,0.13667,000.00002289,000.00173345,000.00161934,000.02530632,000.30
Tournament (k=3),Blend,Gaussian,0.41200,0.17762,000.00000381,000.00048051,000.00044632,000.00203469,000.34
Tournament (k=3),Arithmetic,Uniform,0.91514,0.27490,000.02128601,001.10503173,001.30477715,000.83750176,000.35
Tournament (k=3),Arithmetic,Uniform,0.83749,0.16276,000.00012970,000.00665083,000.00717926,000.10458811,000.32
Tournament (k=3),Arithmetic,Uniform,0.53756,0.03095,000.00000000,000.11577258,000.13288307,000.30106771,000.23
Tournament (k=3),Arithmetic,Uniform,0.91514,0.09637,000.00000000,000.00277419,000.00307465,000.11362347,000.22
Tournament (k=3),Arithmetic,Gaussian,0.81310,0.04791,000.00000381,000.00317926,000.00313187,000.01249188,000.21
Tournament (k=3),Arithmetic,Uniform,0.78941,0.05228,000.00000381,000.02700772,000.03344345,000.26887378,000.26
Tournament (k=3),Arithmetic,Uniform,0.47762,0.25191,000.01851273,000.44634098,000.43272591,000.60162485,000.33
Tournament (k=3),Arithmetic,Uniform,0.94259,0.05228,000.00008392,000.04085169,000.04307747,000.46266520,000.26
Tournament (k=3),Blend,Gaussian,0.43709,0.02000,000.00000000,000.00656042,000.00420380,000.15490335,000.26
Tournament (k=3),Arithmetic,Uniform,0.68096,0.04023,000.00001144,000.07529102,000.07580757,000.30644119,000.22
Tournament (k=3),Blend,Gaussian,0.42436,0.10516,000.00000000,000.00005584,000.00004578,000.00217486,000.28
Tournament (k=3),Arithmetic,Uniform,0.88849,0.04791,000.00001526,000.04961257,000.04401398,000.27139616,000.19
Tournament (k=3),Arithmetic,Uniform,0.68096,0.25191,000.01375961,000.61677796,000.72826576,000.69292986,000.34
Tournament (k=3),Arithmetic,Uniform,0.81310,0.02599,000.00004959,000.12365069,000.11571121,000.44258747,000.22
Tournament (k=3),Arithmetic,Uniform,0.74410,0.07415,000.00000381,000.01119676,000.00859451,000.08073664,000.24
Tournament (k=3),Arithmetic,Uniform,0.40000,0.02183,000.00000000,000.21386775,000.23112869,000.48858243,000.18
Tournament (k=3),Arithmetic,Uniform,0.83749,0.05228,000.00001526,000.03410463,000.02902412,000.19420373,000.26
Tournament (k=3),Arithmetic,Uniform,0.57030,0.30000,000.04241180,000.98058623,001.18740463,000.73716521,000.28
Tournament (k=3),Arithmetic,Uniform,0.76642,0.13667,000.00000000,000.00053291,000.00040817,000.00990701,000.30
Tournament (k=3),Arithmetic,Uniform,0.70139,0.05228,000.00001526,000.02992659,000.03063774,000.13645898,000.26
Tournament (k=3),Arithmetic,Uniform,0.53756,0.03378,000.00000000,000.09436307,000.08929825,000.36131656,000.24
Tournament (k=3),Arithmetic,Gaussian,1.00000,0.10516,000.00000000,000.00108085,000.00076103,000.24099007,000.25
Tournament (k=3),Blend,Gaussian,0.43709,0.06226,000.00000000,000.00027728,000.00015640,000.00418913,000.29
Tournament (k=3),Arithmetic,Uniform,0.81310,0.30000,000.01795197,001.33304906,001.58578682,000.78288120,000.28
Tournament (k=3),Arithmetic,Uniform,0.60503,0.27490,000.06427002,000.82274568,001.15820503,000.78741384,000.28
Tournament (k=3),Arithmetic,Uniform,0.50670,0.30000,000.00949097,000.95526850,001.20786667,000.77865487,000.35
Tournament (k=3),Arithmetic,Gaussian,0.97087,0.19383,000.00007629,000.00372753,000.00413132,000.01887529,000.31
Tournament (k=3),Blend,Gaussian,0.43709,0.02183,000.00000000,000.00481052,000.00189400,000.05505189,000.25
Tournament (k=3),Arithmetic,Uniform,0.55369,0.06226,000.00000763,000.01762257,000.01572418,000.12883621,000.25
Tournament (k=3),Arithmetic,Uniform,0.86261,0.10516,000.00000000,000.00162544,000.00147629,000.01782654,000.22
Tournament (k=3),Arithmetic,Uniform,0.81310,0.02837,000.00000000,000.11995225,000.13899231,000.34781191,000.23
Tournament (k=3),Arithmetic,Uniform,0.62318,0.05228,000.00000000,000.02909799,000.02833748,000.19392537,000.24
Tournament (k=3),Blend,Gaussian,0.41200,0.19383,000.00007248,000.00228291,000.00252342,000.00573344,000.44
Tournament (k=3),Arithmetic,Uniform,0.74410,0.16276,000.00007248,000.00388455,000.00443459,000.05428832,000.32
Tournament (k=3),Arithmetic,Uniform,0.97087,0.09637,000.00000000,000.00329485,000.00297356,000.08465531,000.23
Tournament (k=3),Arithmetic,Uniform,0.88849,0.14915,000.00000000,000.00129223,000.00112152,000.00659804,000.31
Tournament (k=3),Arithmetic,Uniform,0.45020,0.02382,000.00000763,000.16511607,000.19386101,000.42601484,000.17
Tournament (k=3),Arithmetic,Uniform,0.91514,0.02837,000.00100708,000.18612704,000.22002983,000.50917876,000.25
Tournament (k=3),Arithmetic,Uniform,1.00000,0.17762,000.00058746,000.05024295,000.05182266,000.34382504,000.25
Tournament (k=3),Blend,Gaussian,0.45020,0.03686,000.00000000,000.00181227,000.00181770,000.02547257,000.27
Tournament (k=3),Arithmetic,Uniform,0.46371,0.03686,000.00025558,000.10267701,000.08607292,000.37682468,000.24
Tournament (k=3),Arithmetic,Uniform,0.83749,0.02000,000.00000000,000.34725124,000.34288597,000.58824784,000.19
Tournament (k=3),Arithmetic,Uniform,0.53756,0.10516,000.00000381,000.00393505,000.00376892,000.10036068,000.28
Tournament (k=3),Arithmetic,Uniform,0.97087,0.03095,000.00029755,000.19577317,000.13794899,000.57986194,000.19
Tournament (k=3),Arithmetic,Uniform,0.58741,0.05228,000.00000000,000.03508935,000.03654671,000.16438621,000.25
Tournament (k=3),Arithmetic,Uniform,0.86261,0.02837,000.00000763,000.19577003,000.17965126,000.46280712,000.25
Tournament (k=3),Arithmetic,Uniform,0.60503,0.02837,000.00001907,000.18084455,000.18790245,000.48227817,000.18
Tournament (k=3),Blend,Gaussian,0.43709,0.19383,000.00001144,000.00196118,000.00202179,000.00620796,000.45
Tournament (k=3),Arithmetic,Uniform,0.64187,0.04023,000.00000000,000.05326395,000.05360794,000.28635371,000.19
Tournament (k=3),Blend,Gaussian,0.40000,0.03378,000.00000000,000.00214295,000.00170517,000.01813391,000.26
Tournament (k=3),Arithmetic,Gaussian,1.00000,0.03378,000.00001144,000.02694492,000.02373695,000.45156845,000.26
Tournament (k=3),Blend,Gaussian,0.45020,0.11476,000.00000000,000.00001693,000.00000763,000.00067272,000.29
Tournament (k=3),Blend,Gaussian,0.46371,0.02183,000.00000000,000.00243168,000.00133896,000.16257934,000.21
Tournament (k=3),Arithmetic,Uniform,0.97087,0.30000,000.04664612,001.41056359,001.69828987,000.99346942,000.34
Tournament (k=3),Arithmetic,Uniform,0.76642,0.25191,000.01596069,000.76403660,001.06810188,000.76937532,000.27
Tournament (k=3),Arithmetic,Uniform,0.97087,0.03378,000.00011826,000.20931120,000.16412354,000.51566994,000.20
Tournament (k=3),Arithmetic,Gaussian,0.97087,0.05705,000.00003052,000.00618396,000.00432968,000.37112027,000.28
Tournament (k=3),Arithmetic,Uniform,1.00000,0.19383,000.00063324,000.11363444,000.11939812,000.45845139,000.29
Tournament (k=3),Arithmetic,Uniform,0.66113,0.19383,000.00071335,000.05376549,000.05558968,000.32181099,000.32
Tournament (k=3),Arithmetic,Uniform,0.74410,0.17762,000.00011826,000.01441331,000.01322174,000.25910175,000.34
Tournament (k=3),Arithmetic,Uniform,1.00000,0.06226,000.00002289,000.03450179,000.03170776,000.49261352,000.27
Tournament (k=3),Arithmetic,Uniform,0.57030,0.03095,000.00008392,000.11509743,000.10443306,000.46338609,000.23
Tournament (k=3),Arithmetic,Uniform,0.64187,0.25191,000.04109955,000.56590831,000.62693596,000.64794546,000.28
Tournament (k=3),Arithmetic,Uniform,0.47762,0.02837,000.00000000,000.14339042,000.12610245,000.34472722,000.18
Tournament (k=3),Blend,Gaussian,0.41200,0.21153,000.00037384,000.00903683,000.00923729,000.04035910,000.41
Tournament (k=3),Arithmetic,Uniform,0.72243,0.02837,000.00001907,000.10008673,000.10292244,000.33131936,000.18
Tournament (k=3),Blend,Gaussian,0.46371,0.06795,000.00000000,000.00022874,000.00020409,000.00503926,000.31
Tournament (k=3),Arithmetic,Uniform,0.66113,0.04390,000.00000000,000.05658412,000.06065178,000.24524364,000.19
Tournament (k=3),Arithmetic,Uniform,0.55369,0.14915,000.00000763,000.00131330,000.00139236,000.03598060,000.32
Tournament (k=3),Arithmetic,Uniform,0.76642,0.04023,000.00000000,000.05224595,000.05788040,000.19220559,000.19
Tournament (k=3),Blend,Gaussian,0.41200,0.02000,000.00000000,000.00844822,000.00502396,000.17374307,000.20
Tournament (k=3),Arithmetic,Gaussian,1.00000,0.03686,000.00000000,000.02134476,000.01804733,000.35378745,000.25
Tournament (k=3),Blend,Gaussian,0.41200,0.06226,000.00000000,000.00021691,000.00018120,000.00593281,000.29
Tournament (k=3),Blend,Gaussian,0.46371,0.21153,000.00020599,000.01069770,000.01067352,000.04121007,000.35
Tournament (k=3),Arithmetic,Uniform,1.00000,0.06795,000.00001526,000.05232692,000.03582954,000.42852914,000.23
Tournament (k=3),Blend,Gaussian,0.42436,0.03686,000.00000000,000.00150552,000.00071526,000.01177348,000.26
Tournament (k=3),Arithmetic,Uniform,0.50670,0.09637,000.00000381,000.00489893,000.00481987,000.02832040,000.28
Tournament (k=3),Arithmetic,Uniform,0.91514,0.10516,000.00000381,000.00128326,000.00107765,000.04107829,000.22
Tournament (k=3),Arithmetic,Uniform,0.76642,0.27490,000.04880142,000.92344248,001.20021629,000.72442460,000.34
Tournament (k=3),Arithmetic,Uniform,0.60503,0.09637,000.00000381,000.00377460,000.00346375,000.01327585,000.28
Tournament (k=3),Arithmetic,Uniform,0.72243,0.09637,000.00002289,000.00478563,000.00460434,000.02617413,000.28
Tournament (k=3),Blend,Gaussian,0.47762,0.04023,000.00000000,000.00049329,000.00047302,000.00601052,000.23
Tournament (k=3),Arithmetic,Uniform,0.68096,0.04390,000.00000000,000.04666505,000.04698181,000.24263683,000.19
Tournament (k=3),Arithmetic,Uniform,0.88849,0.05228,000.00003815,000.02955594,000.03314590,000.21265815,000.19
Tournament (k=3),Arithmetic,Uniform,0.86261,0.27490,000.06062698,001.13791871,001.37177277,000.97035289,000.28
Tournament (k=3),Arithmetic,Uniform,0.52190,0.14915,000.00000381,000.00150890,000.00150108,000.00913003,000.32
Tournament (k=3),Arithmetic,Uniform,0.91514,0.30000,000.07497787,001.31100011,001.67804337,000.92593956,000.34
Tournament (k=3),Arithmetic,Uniform,0.94259,0.16276,000.00012207,000.01151371,000.01058960,000.13487640,000.24
Tournament (k=3),Arithmetic,Uniform,0.83749,0.17762,000.00057220,000.03045745,000.03695679,000.20785481,000.32
Tournament (k=3),Arithmetic,Uniform,0.94259,0.05705,000.00003433,000.03701572,000.04352570,000.30147520,000.27
Tournament (k=3),Arithmetic,Gaussian,0.88849,0.30000,000.00556183,000.14104871,000.14562988,000.43054458,000.43
Tournament (k=3),Blend,Gaussian,0.46371,0.07415,000.00000000,000.00021205,000.00012398,000.00575839,000.32
Tournament (k=3),Blend,Gaussian,0.42436,0.11476,000.00000000,000.00002599,000.00001526,000.00115094,000.28
Tournament (k=3),Arithmetic,Uniform,0.47762,0.27490,000.03227234,000.64491874,000.99165535,000.67749059,000.34
Tournament (k=3),Arithmetic,Uniform,0.74410,0.08092,000.00000000,000.00731120,000.00693130,000.02780191,000.22
Tournament (k=3),Arithmetic,Uniform,0.58741,0.02000,000.00000000,000.30760890,000.34452057,000.47040921,000.23
Tournament (k=3),Arithmetic,Uniform,0.62318,0.16276,000.00001526,000.00277843,000.00245285,000.02051668,000.26
Tournament (k=3),Arithmetic,Uniform,0.88849,0.05705,000.00000000,000.03743939,000.03577995,000.28445503,000.20
Tournament (k=3),Arithmetic,Uniform,0.83749,0.05705,000.00003052,000.02882013,000.02822113,000.19193530,000.26
Tournament (k=3),Arithmetic,Uniform,0.70139,0.05705,000.00000000,000.02851152,000.03024864,000.15391746,000.25
Tournament (k=3),Arithmetic,Uniform,0.76642,0.14915,000.00001526,000.00089722,000.00083733,000.00528737,000.26
Tournament (k=3),Arithmetic,Uniform,0.68096,0.04791,000.00001144,000.03942127,000.03303528,000.17513461,000.26
Tournament (k=3),Blend,Gaussian,0.49195,0.02382,000.00000000,000.00197258,000.00120354,000.02135201,000.21
Tournament (k=3),Arithmetic,Uniform,0.68096,0.27490,000.05441666,000.84507877,001.13272476,000.73505360,000.35
Tournament (k=3),Arithmetic,Uniform,0.81310,0.03095,000.00000000,000.11346345,000.10131073,000.44614032,000.19
Tournament (k=3),Arithmetic,Uniform,0.94259,0.17762,000.00071716,000.03208075,000.03473663,000.39812589,000.26
Tournament (k=3),Arithmetic,Uniform,0.86261,0.11476,000.00000000,000.00081897,000.00080299,000.00535065,000.23
Tournament (k=3),Arithmetic,Uniform,0.52190,0.16276,000.00000381,000.00240588,000.00200081,000.01182923,000.31
Tournament (k=3),Arithmetic,Uniform,0.86261,0.30000,000.07767487,001.29565072,001.54453850,000.82028663,000.31
Tournament (k=3),Blend,Gaussian,0.43709,0.02382,000.00000000,000.00311956,000.00249290,000.07503164,000.25
Tournament (k=3),Arithmetic,Uniform,0.76642,0.30000,000.04926300,001.30906880,001.57668495,000.96931946,000.39
Tournament (k=3),Arithmetic,Uniform,0.70139,0.19383,000.00080109,000.06766872,000.07705116,000.30727020,000.33
Tournament (k=3),Arithmetic,Uniform,0.64187,0.08092,000.00000381,000.01060939,000.01202774,000.04946940,000.21
Tournament (k=3),Blend,Gaussian,0.47762,0.12524,000.00000000,000.00002933,000.00001717,000.00063457,000.34
Tournament (k=3),Blend,Gaussian,0.49195,0.07415,000.00000000,000.00011630,000.00003815,000.00328350,000.31
Tournament (k=3),Arithmetic,Uniform,0.97087,0.10516,000.00000000,000.00168934,000.00149918,000.10614844,000.23
Tournament (k=3),Arithmetic,Uniform,0.62318,0.05705,000.00000000,000.03513894,000.03749084,000.17665416,000.26
Tournament (k=3),Arithmetic,Uniform,0.45020,0.02599,000.00000000,000.20392914,000.18362808,000.47399649,000.22
Tournament (k=3),Arithmetic,Uniform,0.83749,0.02183,000.00069427,000.21342149,000.22654724,000.57377666,000.18
Tournament (k=3),Arithmetic,Uniform,0.91514,0.03095,000.00040436,000.11756940,000.11204529,000.41104078,000.25
Tournament (k=3),Arithmetic,Uniform,0.88849,0.02000,000.00091934,000.38400522,000.38057709,000.54096621,000.19
Tournament (k=3),Arithmetic,Uniform,0.46371,0.04023,000.00000000,000.08991575,000.09989166,000.27954939,000.24
Tournament (k=3),Blend,Gaussian,0.45020,0.04023,000.00000000,000.00189114,000.00172997,000.10065790,000.27
Tournament (k=3),Arithmetic,Uniform,0.88849,0.16276,000.00011826,000.00748057,000.00876045,000.11391655,000.32
Tournament (k=3),Arithmetic,Uniform,0.57030,0.11476,000.00000000,000.00279946,000.00304031,000.03675764,000.29
Tournament (k=3),Arithmetic,Uniform,0.78941,0.16276,000.00004196,000.00457401,000.00454521,000.12985040,000.25
Tournament (k=3),Arithmetic,Uniform,0.78941,0.02000,000.00000000,000.33530116,000.34508514,000.55072224,000.19
Tournament (k=3),Arithmetic,Uniform,0.58741,0.05705,000.00000000,000.02511225,000.02591896,000.09870762,000.25
Tournament (k=3),Blend,Gaussian,0.40000,0.10516,000.00000000,000.00004983,000.00003815,000.00075823,000.28
Tournament (k=3),Arithmetic,Uniform,0.64187,0.04390,000.00000000,000.04683061,000.05377960,000.19379571,000.19
Tournament (k=3),Blend,Gaussian,0.43709,0.02599,000.00000000,000.00296373,000.00231552,000.10329269,000.26
Tournament (k=3),Arithmetic,Uniform,0.81310,0.08830,000.00006866,000.00456977,000.00423431,000.08939248,000.21
Tournament (k=3),Arithmetic,Uniform,0.52190,0.17762,000.00030518,000.01062994,000.01026154,000.09102919,000.33
Tournament (k=3),Blend,Gaussian,0.46371,0.02382,000.00000000,000.00231791,000.00185776,000.02083271,000.22
Tournament (k=3),Arithmetic,Uniform,0.97087,0.03686,000.00111389,000.13855048,000.12989998,000.47157872,000.19
Tournament (k=3),Arithmetic,Uniform,1.00000,0.02000,000.00224304,000.51652199,000.73767853,000.66457921,000.25
Tournament (k=3),Arithmetic,Uniform,0.72243,0.25191,000.02185822,000.63582122,000.89862061,000.68255091,000.27
Tournament (k=3),Blend,Gaussian,0.47762,0.13667,000.00000000,000.00000987,000.00000763,000.00019093,000.36
Tournament (k=3),Arithmetic,Uniform,1.00000,0.21153,000.00311279,000.32180077,000.30947113,000.54539180,000.26
Tournament (k=3),Arithmetic,Uniform,0.57030,0.03378,000.00001526,000.12915106,000.14705086,000.38320503,000.25
Tournament (k=3),Blend,Gaussian,0.45020,0.12524,000.00000000,000.00001984,000.00001907,000.00034555,000.35
Tournament (k=3),Arithmetic,Uniform,0.78941,0.02183,000.00000000,000.22851543,000.21376038,000.51540101,000.23
Tournament (k=3),Arithmetic,Uniform,0.58741,0.11476,000.00000000,000.00191383,000.00185585,000.01847999,000.24
Tournament (k=3),Blend,Gaussian,0.43709,0.21153,000.00033188,000.01134591,000.01255417,000.03367266,000.42
Tournament (k=3),Arithmetic,Gaussian,0.97087,0.06226,000.00000381,000.00579467,000.00597382,000.28402600,000.29
Tournament (k=3),Arithmetic,Uniform,0.66113,0.21153,000.00289917,000.12598152,000.13996506,000.36918285,000.28
Tournament (k=3),Blend,Gaussian,0.43709,0.02837,000.00000000,000.00252590,000.00220871,000.04411625,000.25
Tournament (k=3),Arithmetic,Uniform,0.88849,0.17762,000.00061798,000.03180061,000.02553940,000.22837491,000.25
Tournament (k=3),Arithmetic,Uniform,0.74410,0.19383,000.00170135,000.07793822,000.07265472,000.31283107,000.33
Tournament (k=3),Blend,Gaussian,0.45020,0.04390,000.00000000,000.00061398,000.00032425,000.00623782,000.30
Tournament (k=3),Arithmetic,Uniform,0.91514,0.03378,000.00008011,000.16771579,000.16573524,000.43778789,000.26
Tournament (k=3),Arithmetic,Uniform,0.97087,0.11476,000.00000381,000.00061255,000.00041389,000.14866662,000.24
Tournament (k=3),Arithmetic,Uniform,0.62318,0.06226,000.00000000,000.02015028,000.02166748,000.13333188,000.24
Tournament (k=3),Blend,Gaussian,0.50670,0.04390,000.00000000,000.00046644,000.00033951,000.01805189,000.29
Tournament (k=3),Arithmetic,Uniform,0.60503,0.03095,000.00019836,000.24429116,000.26530457,000.42527246,000.19
Tournament (k=3),Blend,Gaussian,0.49195,0.08092,000.00000000,000.00010667,000.00005150,000.00248516,000.28
Tournament (k=3),Blend,Gaussian,0.40000,0.03686,000.00000000,000.00107312,000.00078583,000.01783419,000.28
Tournament (k=3),Blend,Gaussian,0.49195,0.23084,000.00250626,000.03964548,000.03895569,000.10502760,000.45
Tournament (k=3),Arithmetic,Uniform,0.86261,0.03095,000.00002670,000.11227064,000.11118126,000.32366070,000.25
Tournament (k=3),Arithmetic,Uniform,0.64187,0.08830,000.00001526,000.00496988,000.00573349,000.02699662,000.30
Tournament (k=3),Arithmetic,Uniform,0.88849,0.02183,000.00006104,000.31018606,000.32815933,000.61738276,000.18
Tournament (k=3),Arithmetic,Uniform,0.64187,0.27490,000.04270172,000.92332232,001.17580795,000.70576972,000.28
Tournament (k=3),Arithmetic,Uniform,0.78941,0.17762,000.00006866,000.02097206,000.01898575,000.16620068,000.26
Tournament (k=3),Arithmetic,Uniform,0.83749,0.02382,000.00000000,000.21978202,000.19234467,000.44409505,000.18
Tournament (k=3),Arithmetic,Uniform,0.58741,0.12524,000.00000000,000.00132203,000.00129700,000.00648754,000.29
Tournament (k=3),Arithmetic,Uniform,0.83749,0.06226,000.00000000,000.02270374,000.02223969,000.13000473,000.27
Tournament (k=3),Arithmetic,Uniform,0.70139,0.21153,000.00442505,000.10247727,000.10800934,000.39747208,000.34
Tournament (k=3),Arithmetic,Uniform,0.76642,0.16276,000.00003815,000.00429764,000.00479126,000.10442143,000.32
Tournament (k=3),Arithmetic,Uniform,0.86261,0.12524,000.00000000,000.00047965,000.00041962,000.00853055,000.23
Tournament (k=3),Blend,Gaussian,0.52190,0.02599,000.00000000,000.00142369,000.00077438,000.02379652,000.27
Tournament (k=3),Blend,Gaussian,0.50670,0.13667,000.00000000,000.00000343,000.00000381,000.00027615,000.38
Tournament (k=3),Arithmetic,Uniform,0.62318,0.17762,000.00001144,000.01098108,000.00970650,000.10652962,000.33
Tournament (k=3),Arithmetic,Uniform,0.94259,0.19383,000.00203705,000.13130569,000.14575577,000.44185486,000.25
Tournament (k=3),Blend,Gaussian,0.46371,0.08092,000.00000000,000.00018091,000.00013924,000.00193864,000.27
Tournament (k=3),Blend,Gaussian,0.43709,0.23084,000.00019073,000.02707934,000.03207397,000.04067751,000.44
Tournament (k=3),Arithmetic,Uniform,0.88849,0.02382,000.00004578,000.21186776,000.17336273,000.53090352,000.18
Tournament (k=3),Arithmetic,Uniform,0.81310,0.03378,000.00001526,000.10097285,000.09807777,000.37242344,000.23
Tournament (k=3),Blend,Gaussian,0.52190,0.08092,000.00000000,000.00006104,000.00002098,000.00170231,000.30
Tournament (k=3),Arithmetic,Uniform,0.94259,0.06226,000.00005341,000.02501063,000.02182007,000.24766558,000.27
Tournament (k=3),Arithmetic,Uniform,0.91514,0.11476,000.00000000,000.00045156,000.00036240,000.01200309,000.23
Tournament (k=3),Arithmetic,Uniform,0.60503,0.10516,000.00000000,000.00302954,000.00270081,000.02168893,000.23
Tournament (k=3),Blend,Gaussian,0.43709,0.06795,000.00000000,000.00016098,000.00006866,000.00368869,000.25
Tournament (k=3),Arithmetic,Uniform,0.72243,0.10516,000.00000000,000.00205150,000.00194550,000.09894906,000.29
Tournament (k=3),Blend,Gaussian,0.42436,0.04023,000.00000000,000.00084090,000.00048447,000.02775190,000.27
Tournament (k=3),Arithmetic,Uniform,1.00000,0.07415,000.00000000,000.01794725,000.01356316,000.32813880,000.27
Tournament (k=3),Blend,Gaussian,0.49195,0.25191,000.00154114,000.07897210,000.09639549,000.18283163,000.42
Tournament (k=3),Arithmetic,Uniform,0.70139,0.06226,000.00000000,000.02371249,000.02335358,000.21354450,000.20
Tournament (k=3),Blend,Gaussian,0.52190,0.02837,000.00000000,000.00181713,000.00083733,000.09997219,000.26
Tournament (k=3),Blend,Gaussian,0.53756,0.04791,000.00000000,000.00011859,000.00007439,000.00588869,000.29
Tournament (k=3),Arithmetic,Uniform,0.58741,0.02183,000.00052643,000.31616980,000.29000473,000.53987461,000.17
Tournament (k=3),Blend,Gaussian,0.41200,0.06795,000.00000000,000.00044584,000.00024033,000.00656962,000.30
Tournament (k=3),Arithmetic,Uniform,0.74410,0.08830,000.00002289,000.00562062,000.00522995,000.02486434,000.21
Tournament (k=3),Arithmetic,Uniform,0.88849,0.06226,000.00001526,000.02200036,000.02465820,000.25285202,000.21
Tournament (k=3),Arithmetic,Uniform,0.94259,0.02000,000.00019455,000.35514456,000.37114334,000.62760991,000.19
Tournament (k=3),Blend,Gaussian,0.52190,0.25191,000.00141144,000.09961987,000.11540794,000.15365730,000.45
Tournament (k=3),Arithmetic,Uniform,0.62318,0.19383,000.00067139,000.03980947,000.04398918,000.17501897,000.33
Tournament (k=3),Arithmetic,Uniform,0.94259,0.21153,000.00323486,000.25782338,000.22966957,000.54866093,000.30
Tournament (k=3),Blend,Gaussian,0.42436,0.12524,000.00000000,000.00003672,000.00004005,000.00043822,000.29
Tournament (k=3),Blend,Gaussian,0.50670,0.14915,000.00000000,000.00001040,000.00000763,000.00009063,000.39
Tournament (k=3),Arithmetic,Uniform,0.91514,0.12524,000.00000000,000.00032659,000.00030136,000.01582038,000.30
Tournament (k=3),Blend,Gaussian,0.53756,0.14915,000.00000000,000.00000701,000.00000381,000.00032155,000.39
Tournament (k=3),Arithmetic,Gaussian,1.00000,0.11476,000.00000000,000.00034781,000.00019836,000.17001645,000.27
Tournament (k=3),Arithmetic,Uniform,0.76642,0.04390,000.00007248,000.06993346,000.07382965,000.27592492,000.19
Tournament (k=3),Blend,Gaussian,0.47762,0.04390,000.00000000,000.00081983,000.00046539,000.01121319,000.26
Tournament (k=3),Arithmetic,Uniform,0.66113,0.04791,000.00000000,000.04086618,000.04690742,000.22333767,000.19
Tournament (k=3),Blend,Gaussian,0.43709,0.25191,000.00360107,000.06450438,000.07716370,000.12217154,000.42
Tournament (k=3),Arithmetic,Uniform,1.00000,0.08092,000.00000763,000.00908732,000.00860023,000.40290755,000.29
Tournament (k=3),Blend,Gaussian,0.41200,0.02183,000.00000000,000.00681429,000.00496483,000.16771632,000.25
Tournament (k=3),Arithmetic,Uniform,0.72243,0.03095,000.00000381,000.11647377,000.12439156,000.36841324,000.24
Tournament (k=3),Arithmetic,Uniform,0.46371,0.04390,000.00013733,000.05030699,000.04791069,000.19575326,000.19
Tournament (k=3),Blend,Gaussian,0.55369,0.02837,000.00000000,000.00114760,000.00036430,000.10062950,000.22
Tournament (k=3),Arithmetic,Uniform,0.58741,0.06226,000.00000000,000.02390051,000.02480507,000.09573014,000.26
Tournament (k=3),Blend,Gaussian,0.40000,0.11476,000.00000000,000.00003662,000.00002289,000.00035240,000.29
Tournament (k=3),Blend,Gaussian,0.41200,0.23084,000.00076294,000.02320271,000.02645493,000.05591005,000.35
Tournament (k=3),Arithmetic,Uniform,0.81310,0.09637,000.00000763,000.00289869,000.00300598,000.01094300,000.29
Tournament (k=3),Arithmetic,Uniform,1.00000,0.02183,000.00234222,000.42595258,000.46526337,000.61971593,000.21
Tournament (k=3),Arithmetic,Uniform,0.78941,0.02382,000.00024414,000.23002958,000.23056602,000.54089373,000.19
Tournament (k=3),Blend,Gaussian,0.55369,0.08830,000.00000000,000.00001230,000.00000763,000.00358987,000.33
Tournament (k=3),Arithmetic,Uniform,0.57030,0.03686,000.00000000,000.04132686,000.03967857,000.23680735,000.24
Tournament (k=3),Blend,Gaussian,0.49195,0.27490,000.01246643,000.14204235,000.16030884,000.25881469,000.45
Tournament (k=3),Arithmetic,Uniform,1.00000,0.23084,000.02698135,000.56630337,000.69388199,000.59408551,000.26
Tournament (k=3),Arithmetic,Uniform,0.72243,0.27490,000.02305222,000.87531501,001.13145828,000.81677067,000.27
Tournament (k=3),Arithmetic,Uniform,0.91514,0.13667,000.00000000,000.00040460,000.00030708,000.00253659,000.31
Tournament (k=3),Blend,Gaussian,0.42436,0.13667,000.00000000,000.00001812,000.00001526,000.00031879,000.35
Tournament (k=3),Blend,Gaussian,0.47762,0.14915,000.00000000,000.00001597,000.00001526,000.00027653,000.32
Tournament (k=3),Arithmetic,Uniform,0.66113,0.23084,000.01016235,000.25893602,000.23836517,000.48351154,000.27
Tournament (k=3),Arithmetic,Uniform,0.46371,0.04791,000.00000381,000.03456173,000.03994751,000.16771385,000.24
Tournament (k=3),Blend,Gaussian,0.43709,0.03095,000.00000000,000.00309663,000.00239944,000.09925654,000.26
Tournament (k=3),Arithmetic,Uniform,1.00000,0.02382,000.00006485,000.38700160,000.31422043,000.70123988,000.18
Tournament (k=3),Blend,Gaussian,0.45020,0.13667,000.00000000,000.00001969,000.00001907,000.00023305,000.36
Tournament (k=3),Arithmetic,Uniform,0.78941,0.02599,000.00167847,000.18875413,000.19156265,000.39304227,000.18
Tournament (k=3),Arithmetic,Uniform,0.68096,0.30000,000.08633423,001.10357082,001.32867813,000.82427162,000.36
Tournament (k=3),Blend,Gaussian,0.45020,0.04791,000.00000000,000.00086246,000.00073433,000.01041925,000.28
Tournament (k=3),Arithmetic,Uniform,0.91514,0.03686,000.00072098,000.13018703,000.11431503,000.42308336,000.25
Tournament (k=3),Arithmetic,Uniform,0.60503,0.03378,000.00002289,000.11917166,000.11266327,000.36594024,000.18
Tournament (k=3),Arithmetic,Uniform,0.74410,0.21153,000.00092316,000.19314642,000.18035126,000.43412849,000.33
Tournament (k=3),Blend,Gaussian,0.55369,0.27490,000.00665283,000.19717427,000.19354057,000.35799366,000.46
Tournament (k=3),Arithmetic,Uniform,0.97087,0.12524,000.00000000,000.00030499,000.00025558,000.00784116,000.30
Tournament (k=3),Arithmetic,Uniform,0.62318,0.06795,000.00000763,000.01840224,000.01803780,000.14821506,000.26
Tournament (k=3),Blend,Gaussian,0.50670,0.04791,000.00000000,000.00024767,000.00014496,000.00673768,000.29
Tournament (k=3),Blend,Gaussian,0.40000,0.04023,000.00000000,000.00162139,000.00125313,000.01085948,000.27
Tournament (k=3),Arithmetic,Uniform,0.83749,0.19383,000.00154114,000.06958608,000.07986259,000.37716556,000.25
Tournament (k=3),Blend,Gaussian,0.49195,0.08830,000.00000000,000.00005803,000.00003052,000.00152324,000.28
Tournament (k=3),Arithmetic,Uniform,0.83749,0.02599,000.00042343,000.15943733,000.17021751,000.43603697,000.18
Tournament (k=3),Blend,Gaussian,0.43709,0.03378,000.00000000,000.00121346,000.00087738,000.01238657,000.25
Tournament (k=3),Blend,Gaussian,0.57030,0.05228,000.00000000,000.00027738,000.00008392,000.00597331,000.30
Tournament (k=3),Arithmetic,Uniform,0.78941,0.19383,000.00085449,000.04748244,000.05383301,000.34268445,000.26
Tournament (k=3),Arithmetic,Uniform,0.58741,0.13667,000.00000000,000.00080991,000.00048828,000.01188888,000.24
Tournament (k=3),Arithmetic,Uniform,0.66113,0.25191,000.01989365,000.51936352,000.51363945,000.65488493,000.31
Tournament (k=3),Blend,Gaussian,0.47762,0.16276,000.00000000,000.00005770,000.00005722,000.00067757,000.35
Tournament (k=3),Arithmetic,Uniform,0.86261,0.13667,000.00000000,000.00047932,000.00049591,000.00365035,000.24
Tournament (k=3),Blend,Gaussian,0.42436,0.14915,000.00000000,000.00002151,000.00002289,000.00015272,000.36
Tournament (k=3),Arithmetic,Uniform,0.91514,0.04023,000.00000381,000.08204298,000.06855202,000.27095684,000.25
Tournament (k=3),Arithmetic,Uniform,0.83749,0.06795,000.00003052,000.01344490,000.01084518,000.13200122,000.27
Tournament (k=3),Arithmetic,Uniform,0.78941,0.05705,000.00000000,000.02294331,000.02445793,000.17899540,000.26
Tournament (k=3),Blend,Gaussian,0.49195,0.02599,000.00000000,000.00191236,000.00105667,000.11036665,000.21
Tournament (k=3),Arithmetic,Uniform,0.88849,0.02599,000.00006866,000.23615012,000.21032906,000.55544657,000.18
Tournament (k=3),Arithmetic,Uniform,0.70139,0.23084,000.01235962,000.33318359,000.35831070,000.57266194,000.33
Tournament (k=3),Arithmetic,Uniform,0.97087,0.13667,000.00000763,000.00046110,000.00042343,000.00348912,000.31
Tournament (k=3),Arithmetic,Uniform,0.94259,0.06795,000.00000763,000.03343992,000.02504349,000.49262768,000.27
Tournament (k=3),Blend,Gaussian,0.40000,0.04390,000.00000000,000.00163999,000.00162125,000.01606998,000.28
Tournament (k=3),Blend,Gaussian,0.46371,0.08830,000.00000000,000.00007110,000.00003052,000.00243255,000.32
Tournament (k=3),Arithmetic,Uniform,0.60503,0.30000,000.04186249,001.05313873,001.28497124,000.87284040,000.28
Tournament (k=3),Blend,Gaussian,0.52190,0.08830,000.00000000,000.00003567,000.00001526,000.00308601,000.33
Tournament (k=3),Arithmetic,Uniform,0.70139,0.06795,000.00000000,000.01516695,000.01456261,000.08501963,000.20
Tournament (k=3),Arithmetic,Uniform,0.60503,0.11476,000.00000000,000.00198684,000.00175285,000.01444650,000.29
Tournament (k=3),Arithmetic,Uniform,0.68096,0.11476,000.00000381,000.00140481,000.00115776,000.00991707,000.23
Tournament (k=3),Blend,Gaussian,0.43709,0.07415,000.00000000,000.00024657,000.00009537,000.00358613,000.25
Tournament (k=3),Arithmetic,Uniform,0.88849,0.06795,000.00003815,000.01868844,000.02242279,000.12487758,000.20
Tournament (k=3),Blend,Gaussian,0.42436,0.04390,000.00000000,000.00082402,000.00045776,000.00706708,000.27
Tournament (k=3),Arithmetic,Uniform,0.72243,0.11476,000.00000381,000.00113091,000.00112152,000.00584546,000.30
Tournament (k=3),Blend,Gaussian,0.52190,0.03095,000.00000000,000.00078392,000.00064468,000.13927943,000.27
Tournament (k=3),Arithmetic,Uniform,0.78941,0.06226,000.00001526,000.01849871,000.01374435,000.11009239,000.25
Tournament (k=3),Arithmetic,Uniform,0.91514,0.04390,000.00079346,000.07976480,000.07761765,000.34508660,000.27
Tournament (k=3),Blend,Gaussian,0.49195,0.02837,000.00000000,000.00131736,000.00083160,000.02488783,000.26
Tournament (k=3),Blend,Gaussian,0.46371,0.23084,000.00378418,000.03960538,000.04697800,000.11342939,000.35
Tournament (k=3),Blend,Gaussian,0.57030,0.16276,000.00000000,000.00009995,000.00007629,000.00146506,000.35
Tournament (k=3),Arithmetic,Uniform,0.97087,0.04023,000.00020981,000.13906655,000.09409904,000.49932522,000.19
Tournament (k=3),Arithmetic,Uniform,0.94259,0.23084,000.01990509,000.51770353,000.63614464,000.60862994,000.26
Tournament (k=3),Arithmetic,Uniform,0.66113,0.05228,000.00000763,000.04407601,000.04496956,000.22290541,000.20
Tournament (k=3),Arithmetic,Uniform,0.70139,0.25191,000.01601410,000.56277788,000.67756653,000.62401837,000.34
Tournament (k=3),Arithmetic,Uniform,0.62318,0.21153,000.00367737,000.10312905,000.11719131,000.31133419,000.33
Tournament (k=3),Blend,Gaussian,0.46371,0.09637,000.00000000,000.00004716,000.00003242,000.00101376,000.33
Tournament (k=3),Arithmetic,Uniform,0.72243,0.03378,000.00000763,000.11552606,000.11193657,000.34121159,000.18
Tournament (k=3),Blend,Gaussian,0.41200,0.02382,000.00000000,000.00464444,000.00254631,000.10315779,000.20
Tournament (k=3),Arithmetic,Uniform,0.68096,0.12524,000.00000000,000.00066710,000.00073624,000.01453950,000.29
Tournament (k=3),Arithmetic,Uniform,0.60503,0.12524,000.00000000,000.00093865,000.00098610,000.00544127,000.32
Tournament (k=3),Blend,Gaussian,0.43709,0.08092,000.00000000,000.00017748,000.00013924,000.01041650,000.30
Tournament (k=3),Blend,Gaussian,0.55369,0.03095,000.00000000,000.00048180,000.00026894,000.01292611,000.22
Tournament (k=3),Arithmetic,Uniform,1.00000,0.08830,000.00001144,000.00616302,000.00558472,000.21133953,000.28
Tournament (k=3),Blend,Gaussian,0.50670,0.16276,000.00000000,000.00007033,000.00006104,000.00102857,000.39
Tournament (k=3),Blend,Gaussian,0.52190,0.27490,000.00157166,000.17411666,000.19583321,000.36052957,000.45
Tournament (k=3),Blend,Gaussian,0.53756,0.16276,000.00000000,000.00006747,000.00005913,000.00046858,000.39
Tournament (k=3),Arithmetic,Uniform,0.88849,0.19383,000.00134277,000.09223499,000.08974648,000.35552153,000.33
Tournament (k=3),Arithmetic,Uniform,0.58741,0.06795,000.00000000,000.01837192,000.01828957,000.05981592,000.26
Tournament (k=3),Arithmetic,Uniform,0.81310,0.10516,000.00000000,000.00157528,000.00149918,000.01441905,000.22
Tournament (k=3),Blend,Gaussian,0.40000,0.12524,000.00000000,000.00002642,000.00003052,000.00023830,000.29
Tournament (k=3),Blend,Gaussian,0.43709,0.27490,000.00566101,000.14519200,000.16897392,000.25291762,000.44
Tournament (k=3),Blend,Gaussian,0.58741,0.03095,000.00000000,000.00046277,000.00027847,000.15576723,000.28
Tournament (k=3),Arithmetic,Uniform,0.91514,0.14915,000.00002289,000.00175109,000.00098419,000.01219020,000.24
Tournament (k=3),Arithmetic,Uniform,1.00000,0.25191,000.01440811,000.79465389,001.11381531,000.81016409,000.26
Tournament (k=3),Blend,Gaussian,0.41200,0.25191,000.01063538,000.07270594,000.07440948,000.18039985,000.35
Tournament (k=3),Arithmetic,Uniform,0.86261,0.03378,000.00001526,000.11318178,000.12615967,000.32575572,000.25
Tournament (k=3),Arithmetic,Uniform,0.72243,0.30000,000.09604645,001.29772842,001.45605469,000.86574954,000.28
Tournament (k=3),Blend,Gaussian,0.55369,0.03378,000.00000000,000.00049753,000.00029182,000.00927203,000.23
Tournament (k=3),Arithmetic,Uniform,0.78941,0.02837,000.00002670,000.12208972,000.12994385,000.34658194,000.18
Tournament (k=3),Blend,Gaussian,0.55369,0.09637,000.00000000,000.00001793,000.00000763,000.00133535,000.35
Tournament (k=3),Arithmetic,Uniform,1.00000,0.02599,000.00100708,000.28320828,000.27253914,000.59548688,000.25
Tournament (k=3),Blend,Gaussian,0.43709,0.08830,000.00000000,000.00018368,000.00009155,000.00458752,000.29
Tournament (k=3),Arithmetic,Uniform,0.70139,0.02000,000.00000000,000.30958480,000.29351425,000.65315354,000.24
Tournament (k=3),Blend,Gaussian,0.58741,0.09637,000.00000000,000.00000572,000.00000381,000.00033000,000.35
Tournament (k=3),Arithmetic,Uniform,0.60503,0.03686,000.00000000,000.08140898,000.07384300,000.31287509,000.24
Tournament (k=3),Arithmetic,Uniform,0.88849,0.21153,000.00653458,000.23022762,000.22645569,000.49117169,000.27
Tournament (k=3),Blend,Gaussian,0.49195,0.30000,000.02352905,000.21533494,000.23785400,000.39015591,000.47
Tournament (k=3),Arithmetic,Uniform,0.74410,0.02000,000.00066376,000.34965080,000.42853355,000.58797467,000.18
Tournament (k=3),Blend,Gaussian,0.45020,0.14915,000.00000000,000.00002613,000.00002289,000.00023729,000.37
Tournament (k=3),Arithmetic,Uniform,0.76642,0.17762,000.00035095,000.02581015,000.02800751,000.21645336,000.33
Tournament (k=3),Arithmetic,Uniform,0.81310,0.03686,000.00000000,000.06369638,000.06094742,000.37911364,000.19
Tournament (k=3),Arithmetic,Uniform,0.91514,0.16276,000.00023651,000.00843940,000.00788689,000.10584771,000.25
Tournament (k=3),Blend,Gaussian,0.58741,0.03378,000.00000000,000.00063386,000.00034904,000.01262517,000.27
Tournament (k=3),Arithmetic,Uniform,0.86261,0.03686,000.00006104,000.10958004,000.11309433,000.28773767,000.25
Tournament (k=3),Arithmetic,Uniform,0.74410,0.23084,000.00498199,000.39060563,000.32290840,000.54510009,000.34
Tournament (k=3),Arithmetic,Uniform,0.83749,0.02837,000.00000000,000.15691924,000.13521194,000.43599135,000.19
Tournament (k=3),Arithmetic,Uniform,1.00000,0.27490,000.05163193,001.13508928,001.34199905,000.88948673,000.28
Tournament (k=3),Arithmetic,Uniform,0.62318,0.07415,000.00000000,000.01277776,000.01058578,000.11004858,000.27
Tournament (k=3),Blend,Gaussian,0.43709,0.03686,000.00000000,000.00161724,000.00110245,000.01099072,000.27
Tournament (k=3),Arithmetic,Uniform,0.83749,0.21153,000.00360870,000.21497551,000.18218803,000.57777423,000.33
Tournament (k=3),Blend,Gaussian,0.49195,0.09637,000.00000000,000.00002141,000.00000954,000.00083810,000.34
Tournament (k=3),Arithmetic,Uniform,0.78941,0.21153,000.00829697,000.18560982,000.21382904,000.53266424,000.26
Tournament (k=3),Arithmetic,Uniform,0.58741,0.14915,000.00000000,000.00116034,000.00109100,000.00817711,000.25
Tournament (k=3),Blend,Gaussian,0.41200,0.27490,000.00387573,000.10574980,000.13868332,000.23614274,000.41
Tournament (k=3),Blend,Gaussian,0.43709,0.30000,000.00764847,000.19672084,000.23941803,000.34086096,000.47
Tournament (k=3),Blend,Gaussian,0.57030,0.05705,000.00000000,000.00011234,000.00002670,000.00471461,000.31
Tournament (k=3),Arithmetic,Uniform,0.86261,0.14915,000.00002289,000.00127392,000.00119781,000.01007585,000.24
Tournament (k=3),Arithmetic,Uniform,0.94259,0.02183,000.00126648,000.36910978,000.39690590,000.54880762,000.18
Tournament (k=3),Arithmetic,Uniform,0.83749,0.07415,000.00001526,000.01344028,000.01415253,000.15590526,000.28
Tournament (k=3),Arithmetic,Uniform,0.74410,0.09637,000.00000000,000.00274143,000.00172806,000.01610284,000.23
Tournament (k=3),Arithmetic,Uniform,0.88849,0.02837,000.00003433,000.21253701,000.19428825,000.47734872,000.22
Tournament (k=3),Arithmetic,Uniform,0.97087,0.14915,000.00003815,000.00185103,000.00202179,000.05770650,000.26
Tournament (k=3),Blend,Gaussian,0.53756,0.05228,000.00000000,000.00015917,000.00006485,000.00767733,000.31
Tournament (k=3),Blend,Gaussian,0.42436,0.16276,000.00000000,000.00007215,000.00006294,000.00167787,000.33
Tournament (k=3),Blend,Gaussian,0.41200,0.07415,000.00000000,000.00021591,000.00016975,000.00406911,000.32
Tournament (k=3),Arithmetic,Uniform,0.94259,0.07415,000.00017548,000.01399970,000.01469803,000.30043575,000.29
Tournament (k=3),Arithmetic,Uniform,0.62318,0.02000,000.00006104,000.28715247,000.26526070,000.62806511,000.18
Tournament (k=3),Blend,Gaussian,0.47762,0.17762,000.00000000,000.00042086,000.00039864,000.00172792,000.41
Tournament (k=3),Arithmetic,Uniform,0.94259,0.02382,000.00126648,000.29447716,000.27593422,000.47587460,000.19
Tournament (k=3),Blend,Gaussian,0.58741,0.30000,000.01071930,000.31016746,000.35282516,000.49753365,000.45
Tournament (k=3),Blend,Gaussian,0.40000,0.04791,000.00000000,000.00086412,000.00059891,000.00366936,000.29
Tournament (k=3),Blend,Gaussian,0.46371,0.02599,000.00000000,000.00208769,000.00164032,000.12490402,000.27
Tournament (k=3),Arithmetic,Uniform,0.88849,0.07415,000.00000763,000.01500683,000.01412964,000.14401013,000.22
Tournament (k=3),Arithmetic,Uniform,0.58741,0.16276,000.00000763,000.00146384,000.00163651,000.01198651,000.29
Tournament (k=3),Blend,Gaussian,0.45020,0.02000,000.00000000,000.00404782,000.00346947,000.20447023,000.27
Tournament (k=3),Arithmetic,Uniform,0.88849,0.03095,000.00001144,000.14710808,000.12249374,000.42159188,000.22
Tournament (k=3),Blend,Gaussian,0.60503,0.05705,000.00000000,000.00012426,000.00004578,000.00157042,000.32
Tournament (k=3),Blend,Gaussian,0.47762,0.04791,000.00000000,000.00078769,000.00040054,000.01570866,000.29
Tournament (k=3),Blend,Gaussian,0.52190,0.09637,000.00000000,000.00004106,000.00001907,000.00289144,000.36
Tournament (k=3),Blend,Gaussian,0.49195,0.03095,000.00000000,000.00158138,000.00063515,000.03195282,000.22
Tournament (k=3),Arithmetic,Uniform,0.83749,0.08092,000.00000763,000.00704937,000.00561333,000.11533457,000.31
Tournament (k=3),Blend,Gaussian,0.52190,0.03378,000.00000000,000.00105596,000.00053406,000.01954381,000.29
Tournament (k=3),Arithmetic,Uniform,0.72243,0.12524,000.00000000,000.00075121,000.00065041,000.00679701,000.31
Tournament (k=3),Arithmetic,Uniform,0.97087,0.04390,000.00006485,000.09830298,000.07566643,000.49475944,000.19
Tournament (k=3),Arithmetic,Uniform,0.66113,0.05705,000.00000000,000.02560258,000.02756882,000.22726445,000.20
Tournament (k=3),Blend,Gaussian,0.53756,0.05705,000.00000000,000.00018578,000.00011444,000.00583603,000.32
Tournament (k=3),Arithmetic,Uniform,0.97087,0.16276,000.00008392,000.00706406,000.00825882,000.13797492,000.32
Tournament (k=3),Arithmetic,Uniform,0.72243,0.03686,000.00000000,000.09689369,000.11510849,000.27953488,000.19
Tournament (k=3),Arithmetic,Uniform,0.94259,0.25191,000.02888870,000.84147578,001.20076180,000.68938309,000.26
Tournament (k=3),Blend,Gaussian,0.41200,0.02599,000.00000000,000.00271444,000.00214386,000.09990358,000.21
Tournament (k=3),Blend,Gaussian,0.46371,0.25191,000.00080872,000.07295771,000.07814598,000.16670762,000.38
Tournament (k=3),Blend,Gaussian,0.57030,0.17762,000.00002289,000.00130053,000.00156403,000.00424992,000.35
Tournament (k=3),Arithmetic,Uniform,0.62318,0.23084,000.00493622,000.20754500,000.17659569,000.44108304,000.32
Tournament (k=3),Blend,Gaussian,0.46371,0.10516,000.00000000,000.00005631,000.00001526,000.00136697,000.31
Tournament (k=3),Blend,Gaussian,0.42436,0.17762,000.00000000,000.00036383,000.00040054,000.00188774,000.48
Tournament (k=3),Arithmetic,Uniform,0.68096,0.13667,000.00000000,000.00061188,000.00049400,000.00373495,000.31
Tournament (k=3),Arithmetic,Uniform,0.70139,0.27490,000.02251053,000.97118795,001.22468567,000.68900889,000.38
Tournament (k=3),Arithmetic,Uniform,0.64187,0.09637,000.00000000,000.00487800,000.00535393,000.02515225,000.29
Tournament (k=3),Arithmetic,Uniform,0.97087,0.04791,000.00166321,000.10163202,000.07835770,000.40558201,000.24
Tournament (k=3),Arithmetic,Uniform,1.00000,0.09637,000.00001144,000.00440879,000.00414848,000.14338547,000.29
Tournament (k=3),Blend,Gaussian,0.60503,0.17762,000.00002289,000.00151558,000.00137520,000.00452388,000.38
Tournament (k=3),Blend,Gaussian,0.45020,0.05228,000.00000000,000.00043449,000.00021553,000.00431709,000.29
Tournament (k=3),Blend,Gaussian,0.62318,0.03378,000.00000000,000.00014625,000.00007439,000.01006052,000.29
Tournament (k=3),Blend,Gaussian,0.41200,0.02837,000.00000000,000.00376477,000.00264168,000.10054016,000.22
Tournament (k=3),Arithmetic,Uniform,0.64187,0.30000,000.05746078,001.13503802,001.37914658,000.85060990,000.35
Tournament (k=3),Arithmetic,Uniform,0.78941,0.03095,000.00004959,000.11461048,000.09814644,000.34476709,000.18
Tournament (k=3),Arithmetic,Uniform,0.81310,0.11476,000.00000000,000.00100780,000.00078201,000.02433668,000.30
Tournament (k=3),Arithmetic,Uniform,0.55369,0.16276,000.00001526,000.00243068,000.00220871,000.10789751,000.27
Tournament (k=3),Blend,Gaussian,0.55369,0.03686,000.00000000,000.00046339,000.00026131,000.00801777,000.23
Tournament (k=3),Blend,Gaussian,0.40000,0.13667,000.00000000,000.00003848,000.00002289,000.00055545,000.30
Tournament (k=3),Blend,Gaussian,0.50670,0.17762,000.00000763,000.00049524,000.00049210,000.00414782,000.40
Tournament (k=3),Arithmetic,Uniform,1.00000,0.02837,000.00164795,000.28685555,000.25668526,000.49594554,000.21
Tournament (k=3),Blend,Gaussian,0.52190,0.30000,000.00639725,000.19341525,000.20795250,000.35593021,000.47
Tournament (k=3),Arithmetic,Uniform,0.74410,0.02183,000.00001526,000.21676588,000.20330429,000.44821727,000.17
Tournament (k=3),Arithmetic,Uniform,0.70139,0.02183,000.00000381,000.22819991,000.25508881,000.41514781,000.24
Tournament (k=3),Blend,Gaussian,0.43709,0.09637,000.00000000,000.00005999,000.00004768,000.00227217,000.27
Tournament (k=3),Arithmetic,Uniform,0.81310,0.04023,000.00000000,000.05829205,000.05437469,000.28467992,000.18
Tournament (k=3),Blend,Gaussian,0.46371,0.27490,000.00534058,000.11203007,000.11537933,000.35458595,000.42
Tournament (k=3),Arithmetic,Uniform,0.60503,0.04023,000.00000000,000.05676704,000.04632568,000.29286882,000.24
Tournament (k=3),Blend,Gaussian,0.57030,0.19383,000.00016785,000.00662389,000.00763512,000.03954404,000.40
Tournament (k=3),Blend,Gaussian,0.50670,0.02000,000.00000000,000.00219622,000.00148582,000.10003183,000.25
Tournament (k=3),Blend,Gaussian,0.64187,0.02000,000.00000000,000.00035968,000.00004959,000.13959517,000.27
Tournament (k=3),Blend,Gaussian,0.55369,0.30000,000.01065826,000.31976515,000.33131218,000.41873211,000.52
Tournament (k=3),Arithmetic,Uniform,0.91514,0.17762,000.00161743,000.03220654,000.03378868,000.18679962,000.24
Tournament (k=3),Blend,Gaussian,0.62318,0.10516,000.00000000,000.00000200,000.00000000,000.00042272,000.40
Tournament (k=3),Arithmetic,Uniform,0.86261,0.04023,000.00008392,000.06994009,000.06323242,000.21830358,000.25
Tournament (k=3),Blend,Gaussian,0.58741,0.03686,000.00000000,000.00026050,000.00015259,000.01204315,000.26
Tournament (k=3),Arithmetic,Uniform,0.88849,0.23084,000.01085281,000.47512960,000.41697693,000.72379667,000.33
Tournament (k=3),Arithmetic,Uniform,0.83749,0.03095,000.00000381,000.14376016,000.13984299,000.37826523,000.18
Tournament (k=3),Blend,Gaussian,0.58741,0.10516,000.00000000,000.00000429,000.00000000,000.00055266,000.37
Tournament (k=3),Blend,Gaussian,0.45020,0.16276,000.00000000,000.00006337,000.00006104,000.00065736,000.34
Tournament (k=3),Arithmetic,Uniform,0.74410,0.25191,000.01790237,000.65925288,000.87267494,000.64570177,000.34
Tournament (k=3),Arithmetic,Uniform,1.00000,0.30000,000.03084564,001.33392775,001.66809082,001.01207983,000.27
Tournament (k=3),Blend,Gaussian,0.43709,0.04023,000.00000000,000.00073900,000.00040817,000.01082831,000.22
Tournament (k=3),Arithmetic,Uniform,0.70139,0.07415,000.00000763,000.01091962,000.00974464,000.04614523,000.21
Tournament (k=3),Blend,Gaussian,0.64187,0.05705,000.00000000,000.00004120,000.00000000,000.00250402,000.31
Tournament (k=3),Arithmetic,Uniform,0.78941,0.23084,000.00787354,000.43662363,000.43175888,000.53665525,000.27
Tournament (k=3),Arithmetic,Uniform,0.91514,0.04791,000.00015640,000.06891184,000.07283974,000.31563380,000.19
Tournament (k=3),Blend,Gaussian,0.50670,0.02183,000.00000000,000.00251918,000.00138855,000.11627833,000.27
Tournament (k=3),Arithmetic,Uniform,0.62318,0.02183,000.00007629,000.29410720,000.30140114,000.47208986,000.18
Tournament (k=3),Arithmetic,Uniform,0.83749,0.23084,000.02282715,000.45669174,000.46906090,000.64264882,000.33
Tournament (k=3),Blend,Gaussian,0.64187,0.02183,000.00000000,000.00057116,000.00012016,000.13918422,000.27
Tournament (k=3),Arithmetic,Uniform,0.86261,0.04390,000.00000000,000.06282286,000.06470108,000.22763528,000.26
Tournament (k=3),Blend,Gaussian,0.42436,0.04791,000.00000000,000.00097451,000.00057602,000.01706078,000.28
Tournament (k=3),Blend,Gaussian,0.49195,0.10516,000.00000000,000.00001564,000.00000954,000.00440389,000.35
Tournament (k=3),Blend,Gaussian,0.57030,0.06226,000.00000000,000.00007424,000.00003433,000.00483618,000.30
Tournament (k=3),Arithmetic,Uniform,0.91514,0.19383,000.00138092,000.06289735,000.06895638,000.34485391,000.29
Tournament (k=3),Arithmetic,Uniform,0.78941,0.06795,000.00000000,000.01435022,000.01493454,000.12049653,000.28
Tournament (k=3),Arithmetic,Uniform,0.94259,0.02599,000.00002289,000.14562503,000.13713837,000.51208460,000.18
Tournament (k=3),Blend,Gaussian,0.41200,0.08092,000.00000000,000.00022397,000.00011826,000.00434854,000.30
Tournament (k=3),Blend,Gaussian,0.62318,0.11476,000.00000000,000.00000048,000.00000000,000.00015396,000.36
Tournament (k=3),Blend,Gaussian,0.60503,0.02000,000.00000000,000.00076036,000.00021935,000.19806467,000.21
Tournament (k=3),Blend,Gaussian,0.58741,0.11476,000.00000000,000.00000257,000.00000000,000.00034078,000.36
Tournament (k=3),Arithmetic,Uniform,0.88849,0.08092,000.00000381,000.00657802,000.00615120,000.05822084,000.21
Tournament (k=3),Blend,Gaussian,0.46371,0.02837,000.00000000,000.00197096,000.00098610,000.02341026,000.22
Tournament (k=3),Arithmetic,Uniform,0.88849,0.03378,000.00003052,000.09477115,000.08992767,000.36430582,000.20
Tournament (k=3),Blend,Gaussian,0.45020,0.02183,000.00000000,000.00443821,000.00323105,000.14453790,000.20
Tournament (k=3),Blend,Gaussian,0.40000,0.05228,000.00000000,000.00066352,000.00031281,000.01298987,000.28
Tournament (k=3),Arithmetic,Uniform,0.58741,0.17762,000.00009155,000.01243238,000.01101685,000.15265737,000.26
Tournament (k=3),Blend,Gaussian,0.47762,0.05228,000.00000000,000.00029764,000.00017357,000.09986368,000.24
Tournament (k=3),Arithmetic,Uniform,0.66113,0.06226,000.00000000,000.02639999,000.02456093,000.09772805,000.20
Tournament (k=3),Blend,Gaussian,0.47762,0.19383,000.00001526,000.00254555,000.00230789,000.01112380,000.41
Tournament (k=3),Blend,Gaussian,0.52190,0.03686,000.00000000,000.00086231,000.00089455,000.01811979,000.28
Tournament (k=3),Arithmetic,Uniform,0.91514,0.21153,000.00960922,000.26015592,000.22582817,000.50365323,000.30
Tournament (k=3),Blend,Gaussian,0.60503,0.06226,000.00000000,000.00004263,000.00000763,000.00201420,000.32
Tournament (k=3),Arithmetic,Uniform,0.72243,0.04023,000.00000000,000.05956340,000.05533791,000.24703215,000.19
Tournament (k=3),Blend,Gaussian,0.57030,0.06795,000.00000000,000.00006356,000.00000572,000.00288977,000.33
Tournament (k=3),Arithmetic,Uniform,0.72243,0.13667,000.00000000,000.00040679,000.00040436,000.00490284,000.32
Tournament (k=3),Blend,Gaussian,0.49195,0.11476,000.00000000,000.00002074,000.00002098,000.00066199,000.36
Tournament (k=3),Blend,Gaussian,0.53756,0.06226,000.00000000,000.00014100,000.00006104,000.00515627,000.30
Tournament (k=3),Arithmetic,Uniform,0.94259,0.27490,000.04519653,000.99024504,001.27374077,000.87186217,000.27
Tournament (k=3),Arithmetic,Uniform,0.97087,0.17762,000.00040436,000.04530320,000.04597282,000.23102249,000.33
Tournament (k=3),Arithmetic,Uniform,0.68096,0.14915,000.00000763,000.00070252,000.00074005,000.01333642,000.25
Tournament (k=3),Blend,Gaussian,0.50670,0.05228,000.00000000,000.00033488,000.00011444,000.00991079,000.29
Tournament (k=3),Arithmetic,Uniform,0.97087,0.05228,000.00006866,000.05978046,000.05541229,000.44467750,000.20
Tournament (k=3),Blend,Gaussian,0.46371,0.11476,000.00000000,000.00002451,000.00001144,000.00055217,000.31
Tournament (k=3),Blend,Gaussian,0.42436,0.19383,000.00003815,000.00185885,000.00203514,000.00808262,000.33
Tournament (k=3),Arithmetic,Uniform,0.64187,0.10516,000.00000000,000.00197701,000.00171661,000.02286487,000.29
Tournament (k=3),Arithmetic,Uniform,0.72243,0.04390,000.00000000,000.03508530,000.03677750,000.19886398,000.22
Tournament (k=3),Blend,Gaussian,0.53756,0.17762,000.00000763,000.00057068,000.00059700,000.00804884,000.51
Tournament (k=3),Arithmetic,Uniform,1.00000,0.10516,000.00000000,000.00155854,000.00106049,000.24192135,000.29
Tournament (k=3),Blend,Gaussian,0.64187,0.16276,000.00000000,000.00013070,000.00012779,000.00069974,000.37
Tournament (k=3),Blend,Gaussian,0.52190,0.04023,000.00000000,000.00043998,000.00015450,000.00941913,000.29
Tournament (k=3),Blend,Gaussian,0.55369,0.10516,000.00000000,000.00000763,000.00000381,000.00019263,000.43
Tournament (k=3),Blend,Gaussian,0.62318,0.03686,000.00000000,000.00025611,000.00009727,000.00700448,000.29
Tournament (k=3),Arithmetic,Uniform,0.74410,0.02382,000.00000000,000.20185094,000.22389984,000.53762370,000.18
Tournament (k=3),Arithmetic,Uniform,0.81310,0.04390,000.00000381,000.04623785,000.04822540,000.23721406,000.19
Tournament (k=3),Blend,Gaussian,0.55369,0.04023,000.00000000,000.00049610,000.00045013,000.00616792,000.24
Tournament (k=3),Arithmetic,Uniform,1.00000,0.03095,000.00055313,000.31856346,000.25098610,000.57960737,000.25
Tournament (k=3),Arithmetic,Uniform,0.55369,0.17762,000.00003815,000.01064777,000.01191521,000.05048575,000.31
Tournament (k=3),Blend,Gaussian,0.53756,0.02000,000.00000000,000.00142016,000.00095940,000.17520282,000.26
Tournament (k=3),Arithmetic,Uniform,0.70139,0.02382,000.00000000,000.24386124,000.21583939,000.50620949,000.24
Tournament (k=3),Arithmetic,Uniform,0.72243,0.14915,000.00000763,000.00111108,000.00142670,000.01343365,000.35
Tournament (k=3),Blend,Gaussian,0.57030,0.07415,000.00000000,000.00005713,000.00001526,000.00264224,000.39
Tournament (k=3),Blend,Gaussian,0.40000,0.14915,000.00000000,000.00007653,000.00005341,000.00036959,000.32
Tournament (k=3),Arithmetic,Uniform,0.76642,0.04791,000.00001144,000.04230576,000.04181099,000.21625482,000.19
Tournament (k=3),Blend,Gaussian,0.66113,0.02837,000.00000000,000.00029387,000.00007439,000.01099335,000.28
Tournament (k=3),Blend,Gaussian,0.43709,0.10516,000.00000000,000.00005336,000.00004578,000.00058075,000.34
Tournament (k=3),Arithmetic,Uniform,0.91514,0.23084,000.00289917,000.50074476,000.48921204,000.70826417,000.51
Tournament (k=3),Blend,Gaussian,0.50670,0.19383,000.00005722,000.00333629,000.00362968,000.01207412,000.41
Tournament (k=3),Arithmetic,Uniform,0.86261,0.16276,000.00002289,000.00670953,000.00653267,000.07588240,000.25
Tournament (k=3),Blend,Gaussian,0.46371,0.30000,000.00879669,000.22240520,000.26447105,000.33659285,000.40
Tournament (k=3),Blend,Gaussian,0.57030,0.21153,000.00019073,000.02567353,000.02271271,000.15099867,000.36
Tournament (k=3),Blend,Gaussian,0.57030,0.02000,000.00000000,000.00257549,000.00085640,000.21627437,000.26
Tournament (k=3),Blend,Gaussian,0.49195,0.12524,000.00000000,000.00001020,000.00000763,000.00061280,000.54
Tournament (k=3),Arithmetic,Uniform,0.81310,0.04791,000.00000000,000.04062162,000.05111694,000.22088569,000.26
Tournament (k=3),Arithmetic,Uniform,0.88849,0.25191,000.04024506,000.92224252,001.21490860,000.76519990,000.27
Tournament (k=3),Blend,Gaussian,0.41200,0.30000,000.00402451,000.16245241,000.19454765,000.29735178,000.38
Tournament (k=3),Blend,Gaussian,0.58741,0.04023,000.00000000,000.00025706,000.00007629,000.02360514,000.29
Tournament (k=3),Arithmetic,Uniform,0.76642,0.05228,000.00002289,000.02907777,000.03090858,000.12154341,000.19
Tournament (k=3),Arithmetic,Uniform,0.94259,0.08092,000.00000000,000.00945444,000.00916862,000.22206090,000.28
Tournament (k=3),Arithmetic,Uniform,1.00000,0.03378,000.00028992,000.27103180,000.21121216,000.56205374,000.30
Tournament (k=3),Blend,Gaussian,0.43709,0.04390,000.00000000,000.00073848,000.00043869,000.01182180,000.27
Tournament (k=3),Arithmetic,Uniform,0.62318,0.02382,000.00000381,000.18410000,000.16206551,000.52839231,000.18
Tournament (k=3),Arithmetic,Uniform,0.78941,0.25191,000.04673004,000.70149148,000.99361992,000.74241561,000.27
Tournament (k=3),Arithmetic,Uniform,0.91514,0.05228,000.00027466,000.05251508,000.04591370,000.34486207,000.25
Tournament (k=3),Arithmetic,Uniform,0.74410,0.27490,000.03132629,001.03949130,001.27208138,000.89366460,000.34
Tournament (k=3),Blend,Gaussian,0.57030,0.08092,000.00000000,000.00002437,000.00000763,000.00085782,000.32
Tournament (k=3),Blend,Gaussian,0.45020,0.17762,000.00000381,000.00044260,000.00039673,000.00302185,000.40
Tournament (k=3),Arithmetic,Uniform,0.81310,0.05228,000.00000000,000.03231416,000.02646065,000.13374905,000.20
Tournament (k=3),Blend,Gaussian,0.50670,0.02382,000.00000000,000.00143209,000.00034523,000.03278542,000.26
Tournament (k=3),Blend,Gaussian,0.40000,0.16276,000.00000000,000.00007315,000.00006676,000.00038926,000.37
Tournament (k=3),Arithmetic,Uniform,0.94259,0.02837,000.00001144,000.22122812,000.14836311,000.61384511,000.18
Tournament (k=3),Arithmetic,Uniform,0.78941,0.07415,000.00001526,000.01251059,000.01047897,000.09164330,000.21
Tournament (k=3),Blend,Gaussian,0.49195,0.03378,000.00000000,000.00053706,000.00036240,000.01400440,000.22
Tournament (k=3),Arithmetic,Uniform,0.86261,0.04791,000.00002670,000.04120517,000.04319954,000.18183181,000.26
Tournament (k=3),Blend,Gaussian,0.64187,0.02382,000.00000000,000.00052423,000.00008583,000.13995621,000.28
Tournament (k=3),Blend,Gaussian,0.42436,0.05228,000.00000000,000.00035257,000.00018311,000.00583313,000.28
Tournament (k=3),Arithmetic,Uniform,0.83749,0.08830,000.00000000,000.00745387,000.00687599,000.03904803,000.28
Tournament (k=3),Arithmetic,Uniform,0.83749,0.25191,000.05383301,000.70068532,000.99469376,000.67930126,000.34
Tournament (k=3),Arithmetic,Uniform,0.88849,0.03686,000.00017548,000.11176667,000.12268257,000.40171596,000.19
Tournament (k=3),Arithmetic,Uniform,0.88849,0.08830,000.00001144,000.00512419,000.00482178,000.10153662,000.22
Tournament (k=3),Arithmetic,Uniform,0.94259,0.08830,000.00005341,000.00778556,000.00687981,000.26363623,000.29
Tournament (k=3),Blend,Gaussian,0.60503,0.02183,000.00000000,000.00107055,000.00025368,000.17242005,000.27
Tournament (k=3),Blend,Gaussian,0.46371,0.03095,000.00000000,000.00159807,000.00044250,000.01537554,000.24
Tournament (k=3),Blend,Gaussian,0.45020,0.02382,000.00000000,000.00200624,000.00103951,000.10301522,000.26
Tournament (k=3),Arithmetic,Uniform,0.78941,0.08092,000.00000000,000.00743046,000.00796700,000.02742578,000.22
Tournament (k=3),Blend,Gaussian,0.47762,0.05705,000.00000000,000.00039535,000.00033951,000.00711223,000.25
Tournament (k=3),Arithmetic,Uniform,0.58741,0.19383,000.00046539,000.04599404,000.04110336,000.17514616,000.27
Tournament (k=3),Blend,Gaussian,0.62318,0.12524,000.00000000,000.00000033,000.00000000,000.00021270,000.38
Tournament (k=3),Blend,Gaussian,0.40000,0.05705,000.00000000,000.00063324,000.00042152,000.00334353,000.29
Tournament (k=3),Blend,Gaussian,0.41200,0.03095,000.00000000,000.00333948,000.00243950,000.02021183,000.22
Tournament (k=3),Blend,Gaussian,0.60503,0.06795,000.00000000,000.00002165,000.00000381,000.00119623,000.27
Tournament (k=3),Blend,Gaussian,0.58741,0.12524,000.00000000,000.00000148,000.00000000,000.00004910,000.38
Tournament (k=3),Blend,Gaussian,0.42436,0.05705,000.00000000,000.00035677,000.00023842,000.00704406,000.28
Tournament (k=3),Arithmetic,Uniform,0.83749,0.09637,000.00000381,000.00266118,000.00263977,000.06426904,000.26
Tournament (k=3),Arithmetic,Uniform,0.81310,0.12524,000.00000000,000.00075235,000.00048828,000.01079603,000.30
Tournament (k=3),Blend,Gaussian,0.40000,0.17762,000.00000763,000.00036297,000.00040054,000.00151170,000.41
Tournament (k=3),Arithmetic,Uniform,0.94259,0.30000,000.02438354,001.51054597,001.76171494,000.90717220,000.28
Tournament (k=3),Blend,Gaussian,0.60503,0.19383,000.00028610,000.00833039,000.00926399,000.10624062,000.42
Tournament (k=3),Blend,Gaussian,0.47762,0.21153,000.00023651,000.01184869,000.01300240,000.03110071,000.42
Tournament (k=3),Arithmetic,Uniform,0.97087,0.05705,000.00005341,000.05712933,000.05477142,000.47169060,000.20
Tournament (k=3),Blend,Gaussian,0.53756,0.06795,000.00000000,000.00008812,000.00005722,000.00143016,000.32
Tournament (k=3),Blend,Gaussian,0.66113,0.08092,000.00000000,000.00000420,000.00000000,000.00062806,000.28
Tournament (k=3),Arithmetic,Uniform,0.72243,0.04791,000.00000381,000.04192829,000.04097176,000.18046339,000.19
Tournament (k=3),Blend,Gaussian,0.50670,0.05705,000.00000000,000.00049520,000.00037384,000.00719455,000.30
Tournament (k=3),Arithmetic,Uniform,0.97087,0.19383,000.00314713,000.08827815,000.07538223,000.46175939,000.33
Tournament (k=3),Blend,Gaussian,0.52190,0.04390,000.00000000,000.00042753,000.00030708,000.00566879,000.24
Tournament (k=3),Arithmetic,Uniform,0.64187,0.11476,000.00000000,000.00138559,000.00134087,000.01480769,000.29
Tournament (k=3),Arithmetic,Uniform,1.00000,0.11476,000.00000000,000.00104642,000.00106049,000.14190356,000.30
Tournament (k=3),Arithmetic,Uniform,0.74410,0.02599,000.00001144,000.20160623,000.15208817,000.46256557,000.18
Tournament (k=3),Blend,Gaussian,0.42436,0.21153,000.00077057,000.01072397,000.01133728,000.02485968,000.35
Tournament (k=3),Blend,Gaussian,0.46371,0.12524,000.00000000,000.00001903,000.00001526,000.00048888,000.35
Tournament (k=3),Arithmetic,Uniform,0.97087,0.02000,000.00102234,000.57972014,000.86704254,000.81041735,000.21
Tournament (k=3),Blend,Gaussian,0.62318,0.04023,000.00000000,000.00015340,000.00009155,000.00584129,000.29
Tournament (k=3),Arithmetic,Uniform,0.97087,0.06226,000.00006485,000.02967434,000.03219414,000.22052704,000.21
Tournament (k=3),Blend,Gaussian,0.40000,0.02000,000.00000000,000.01002722,000.00672150,000.18938130,000.19
Tournament (k=3),Blend,Gaussian,0.55369,0.11476,000.00000000,000.00000563,000.00000000,000.00028397,000.32
Tournament (k=3),Blend,Gaussian,0.53756,0.19383,000.00004959,000.00475926,000.00468636,000.02767494,000.41
Tournament (k=3),Arithmetic,Uniform,0.55369,0.19383,000.00017929,000.02663698,000.02976990,000.14990215,000.27
Tournament (k=3),Arithmetic,Uniform,0.70139,0.02599,000.00002670,000.16646805,000.15299416,000.50156909,000.24
Tournament (k=3),Blend,Gaussian,0.64187,0.17762,000.00002289,000.00191116,000.00182533,000.10897101,000.42
Tournament (k=3),Arithmetic,Uniform,0.70139,0.08092,000.00000381,000.00547547,000.00466156,000.02928855,000.27
Tournament (k=3),Blend,Gaussian,0.53756,0.07415,000.00000000,000.00005894,000.00002289,000.00135376,000.31
Tournament (k=3),Arithmetic,Uniform,0.72243,0.16276,000.00001526,000.00304446,000.00283241,000.08832145,000.32
Tournament (k=3),Blend,Gaussian,0.66113,0.23084,000.00179291,000.09552255,000.11716843,000.26085436,000.38
Tournament (k=3),Blend,Gaussian,0.52190,0.04791,000.00000000,000.00019107,000.00009918,000.00523442,000.27
Tournament (k=3),Blend,Gaussian,0.66113,0.03095,000.00000000,000.00007486,000.00001717,000.00573051,000.27
Tournament (k=3),Blend,Gaussian,0.47762,0.23084,000.00247192,000.03700833,000.04038048,000.07812606,000.40
Tournament (k=3),Blend,Gaussian,0.47762,0.02000,000.00000000,000.00372305,000.00262260,000.24040575,000.20
Tournament (k=3),Arithmetic,Uniform,0.64187,0.12524,000.00000381,000.00104756,000.00096130,000.00546722,000.30
Tournament (k=3),Arithmetic,Uniform,0.86261,0.17762,000.00124359,000.03410702,000.03382874,000.31260586,000.25
Tournament (k=3),Blend,Gaussian,0.68096,0.04023,000.00000000,000.00013976,000.00001526,000.00695478,000.30
Tournament (k=3),Blend,Gaussian,0.42436,0.02000,000.00000000,000.00474558,000.00294495,000.22366166,000.19
Tournament (k=3),Blend,Gaussian,0.43709,0.11476,000.00000000,000.00005927,000.00003624,000.00057237,000.34
Tournament (k=3),Blend,Gaussian,0.57030,0.02183,000.00000000,000.00193501,000.00074005,000.14035121,000.27
Tournament (k=3),Arithmetic,Uniform,0.76642,0.05705,000.00001526,000.02863007,000.02786636,000.15848561,000.20
Tournament (k=3),Arithmetic,Uniform,0.88849,0.27490,000.03349304,001.01943970,001.27974892,000.97351396,000.27
Tournament (k=3),Blend,Gaussian,0.50670,0.21153,000.00012970,000.01426945,000.01763344,000.04390089,000.40
Tournament (k=3),Blend,Gaussian,0.57030,0.23084,000.00220108,000.06405301,000.06940269,000.22533222,000.37
Tournament (k=3),Blend,Gaussian,0.58741,0.04390,000.00000000,000.00021863,000.00009918,000.00657582,000.29
Tournament (k=3),Blend,Gaussian,0.52190,0.10516,000.00000000,000.00001063,000.00000763,000.00067877,000.34
Tournament (k=3),Arithmetic,Uniform,0.91514,0.05705,000.00000763,000.03227711,000.02843094,000.31186169,000.20
Tournament (k=3),Blend,Gaussian,0.49195,0.13667,000.00000000,000.00000610,000.00000763,000.00012085,000.38
Tournament (k=3),Blend,Gaussian,0.70139,0.02000,000.00000000,000.00017252,000.00003433,000.21646123,000.22
Tournament (k=3),Arithmetic,Uniform,1.00000,0.03686,000.00078583,000.14614582,000.12708855,000.57405716,000.25
Tournament (k=3),Blend,Gaussian,0.41200,0.08830,000.00000000,000.00011544,000.00007820,000.00269752,000.31
Tournament (k=3),Arithmetic,Uniform,0.78941,0.27490,000.01408386,001.04157519,001.23296356,000.83291250,000.27
Tournament (k=3),Blend,Gaussian,0.52190,0.05228,000.00000000,000.00045385,000.00022507,000.00615578,000.30
Tournament (k=3),Arithmetic,Uniform,0.66113,0.06795,000.00000381,000.01454945,000.01567841,000.08796255,000.20
Tournament (k=3),Arithmetic,Uniform,0.81310,0.05705,000.00003433,000.02224607,000.02122688,000.10353748,000.23
Tournament (k=3),Blend,Gaussian,0.68096,0.11476,000.00000000,000.00000029,000.00000000,000.00021777,000.38
Tournament (k=3),Blend,Gaussian,0.50670,0.02599,000.00000000,000.00282297,000.00170708,000.02582541,000.27
Tournament (k=3),Arithmetic,Uniform,0.66113,0.02000,000.00000000,000.28420752,000.25690842,000.54967088,000.18
Tournament (k=3),Blend,Gaussian,0.49195,0.03686,000.00000000,000.00062828,000.00063896,000.01633575,000.22
Tournament (k=3),Arithmetic,Uniform,0.74410,0.30000,000.09412766,001.11689031,001.41837120,000.86958224,000.38
Tournament (k=3),Arithmetic,Uniform,0.78941,0.03378,000.00000000,000.08887563,000.08153725,000.32968977,000.19
Tournament (k=3),Blend,Gaussian,0.57030,0.08830,000.00000000,000.00001326,000.00000381,000.00076512,000.34
Tournament (k=3),Arithmetic,Uniform,0.88849,0.04023,000.00000381,000.08656283,000.08958435,000.33265847,000.19
Tournament (k=3),Blend,Gaussian,0.45020,0.05705,000.00000000,000.00052090,000.00043106,000.00783422,000.29
Tournament (k=3),Arithmetic,Uniform,0.86261,0.05228,000.00003433,000.04871926,000.05014610,000.26188558,000.26
Tournament (k=3),Arithmetic,Uniform,0.88849,0.09637,000.00000381,000.00362477,000.00363731,000.01108197,000.22
Tournament (k=3),Blend,Gaussian,0.70139,0.05705,000.00000000,000.00000997,000.00000000,000.00139178,000.32
Tournament (k=3),Blend,Gaussian,0.64187,0.02599,000.00000000,000.00081558,000.00026131,000.01808924,000.28
Tournament (k=3),Blend,Gaussian,0.45020,0.19383,000.00000763,000.00320787,000.00346184,000.00885403,000.41
Tournament (k=3),Blend,Gaussian,0.60503,0.02382,000.00000000,000.00050178,000.00024986,000.11069770,000.22
Tournament (k=3),Arithmetic,Uniform,0.94259,0.09637,000.00000000,000.00354214,000.00320435,000.03222316,000.29
Tournament (k=3),Blend,Gaussian,0.46371,0.03378,000.00000000,000.00104365,000.00103188,000.01099984,000.25
Tournament (k=3),Blend,Gaussian,0.47762,0.06226,000.00000000,000.00020185,000.00007057,000.00707660,000.25
Tournament (k=3),Blend,Gaussian,0.45020,0.02599,000.00000000,000.00230908,000.00156021,000.02368681,000.26
Tournament (k=3),Arithmetic,Uniform,0.83749,0.27490,000.01933289,000.89755279,001.16062927,000.83380902,000.36
Tournament (k=3),Arithmetic,Uniform,0.78941,0.08830,000.00000000,000.00477548,000.00474548,000.10171974,000.28
Tournament (k=3),Blend,Gaussian,0.41200,0.03378,000.00000000,000.00187821,000.00154114,000.02275826,000.21
Tournament (k=3),Blend,Gaussian,0.50670,0.02837,000.00000000,000.00109134,000.00073242,000.02208434,000.26
Tournament (k=3),Arithmetic,Uniform,0.58741,0.21153,000.00347137,000.08953228,000.10169411,000.35979259,000.33
Tournament (k=3),Blend,Gaussian,0.60503,0.07415,000.00000000,000.00002117,000.00000763,000.00244017,000.27
Tournament (k=3),Blend,Gaussian,0.40000,0.06226,000.00000000,000.00041938,000.00020409,000.00453855,000.29
Tournament (k=3),Arithmetic,Uniform,0.88849,0.10516,000.00000000,000.00153260,000.00115967,000.02987610,000.25
Tournament (k=3),Blend,Gaussian,0.55369,0.04390,000.00000000,000.00042448,000.00023651,000.00512936,000.24
Tournament (k=3),Arithmetic,Uniform,0.86261,0.05705,000.00001526,000.03236456,000.03065681,000.18528488,000.27
Tournament (k=3),Arithmetic,Uniform,0.83749,0.10516,000.00000000,000.00269222,000.00250053,000.01377512,000.29
Tournament (k=3),Arithmetic,Uniform,0.72243,0.05228,000.00000000,000.04123769,000.04167747,000.17343517,000.20
Tournament (k=3),Blend,Gaussian,0.57030,0.09637,000.00000000,000.00001121,000.00000381,000.00074075,000.34
Tournament (k=3),Blend,Gaussian,0.53756,0.02183,000.00000000,000.00230641,000.00135612,000.10008221,000.27
Tournament (k=3),Arithmetic,Uniform,0.74410,0.02837,000.00134277,000.21138974,000.23309326,000.52316952,000.18
Tournament (k=3),Blend,Gaussian,0.70139,0.16276,000.00000381,000.00029302,000.00023651,000.00486071,000.39
Tournament (k=3),Blend,Gaussian,0.66113,0.08830,000.00000000,000.00000105,000.00000000,000.00043446,000.29
Tournament (k=3),Blend,Gaussian,0.60503,0.21153,000.00118256,000.02934308,000.03399658,000.10996228,000.39
Tournament (k=3),Arithmetic,Uniform,0.97087,0.02183,000.00030899,000.40141708,000.43407249,000.53843480,000.18
Tournament (k=3),Blend,Gaussian,0.50670,0.06226,000.00000000,000.00023117,000.00012779,000.00210918,000.30
Tournament (k=3),Arithmetic,Uniform,1.00000,0.12524,000.00000000,000.00030541,000.00019073,000.00439330,000.30
Tournament (k=3),Arithmetic,Uniform,0.97087,0.06795,000.00000763,000.01996713,000.02053833,000.40494654,000.20
Tournament (k=3),Blend,Gaussian,0.64187,0.06226,000.00000000,000.00002389,000.00000763,000.00622225,000.32
Tournament (k=3),Arithmetic,Uniform,0.97087,0.21153,000.00765228,000.27262434,000.23126984,000.57972723,000.33
Tournament (k=3),Blend,Gaussian,0.55369,0.04791,000.00000000,000.00020423,000.00009918,000.00389309,000.24
Tournament (k=3),Blend,Gaussian,0.42436,0.23084,000.00208282,000.03337145,000.03930473,000.05921613,000.35
Tournament (k=3),Arithmetic,Uniform,0.83749,0.11476,000.00000000,000.00089545,000.00083923,000.01135182,000.26
Tournament (k=3),Blend,Gaussian,0.62318,0.04390,000.00000000,000.00018883,000.00005531,000.00819247,000.30
Tournament (k=3),Arithmetic,Uniform,0.70139,0.02837,000.00020218,000.17703739,000.13716698,000.43216336,000.24
Tournament (k=3),Blend,Gaussian,0.45020,0.21153,000.00044250,000.01063952,000.01186180,000.02167062,000.51
Tournament (k=3),Arithmetic,Uniform,0.70139,0.08830,000.00000000,000.00705137,000.00691605,000.02022794,000.21
Tournament (k=3),Blend,Gaussian,0.72243,0.02837,000.00000000,000.00006847,000.00000572,000.16952762,000.29
Tournament (k=3),Blend,Gaussian,0.46371,0.13667,000.00000000,000.00001388,000.00000763,000.00031543,000.37
Tournament (k=3),Arithmetic,Uniform,0.97087,0.02382,000.00052643,000.39037442,000.34386635,000.64927167,000.21
Tournament (k=3),Blend,Gaussian,0.55369,0.12524,000.00000000,000.00000267,000.00000000,000.00031687,000.37
Tournament (k=3),Blend,Gaussian,0.47762,0.02183,000.00000000,000.00450907,000.00229836,000.12691505,000.20
Tournament (k=3),Blend,Gaussian,0.53756,0.02382,000.00000000,000.00190625,000.00112152,000.07063587,000.34
Tournament (k=3),Blend,Gaussian,0.43709,0.04791,000.00000000,000.00087886,000.00046921,000.00797665,000.27
Tournament (k=3),Blend,Gaussian,0.66113,0.03378,000.00000000,000.00008430,000.00001717,000.00675142,000.28
Tournament (k=3),Blend,Gaussian,0.53756,0.08092,000.00000000,000.00007405,000.00001907,000.00196925,000.32
Tournament (k=3),Blend,Gaussian,0.42436,0.02183,000.00000000,000.00409360,000.00384903,000.10143162,000.19
Tournament (k=3),Arithmetic,Uniform,0.86261,0.19383,000.00175476,000.10650106,000.08385658,000.38419294,000.25
Tournament (k=3),Arithmetic,Uniform,0.94259,0.03095,000.00015640,000.13404766,000.13762665,000.39845544,000.19
Tournament (k=3),Blend,Gaussian,0.50670,0.06795,000.00000000,000.00019045,000.00010681,000.01687045,000.31
Tournament (k=3),Blend,Gaussian,0.68096,0.04390,000.00000000,000.00007200,000.00000954,000.00318754,000.25
Tournament (k=3),Blend,Gaussian,0.70139,0.17762,000.00005341,000.00337687,000.00344276,000.02475956,000.41
Tournament (k=3),Blend,Gaussian,0.66113,0.25191,000.01172638,000.15960798,000.17832375,000.33857715,000.42
Tournament (k=3),Blend,Gaussian,0.57030,0.02382,000.00000000,000.00127292,000.00017166,000.10001353,000.27
Tournament (k=3),Arithmetic,Uniform,0.91514,0.06226,000.00006485,000.03420625,000.03458595,000.29179901,000.20
Tournament (k=3),Blend,Gaussian,0.58741,0.04791,000.00000000,000.00024929,000.00014877,000.00454733,000.24
Tournament (k=3),Blend,Gaussian,0.64187,0.06795,000.00000000,000.00002699,000.00000763,000.00298471,000.40
Tournament (k=3),Arithmetic,Uniform,1.00000,0.04023,000.00193024,000.23923126,000.20635605,000.58223116,000.19
Tournament (k=3),Blend,Gaussian,0.43709,0.12524,000.00000000,000.00003295,000.00002670,000.00070209,000.35
Tournament (k=3),Arithmetic,Uniform,0.88849,0.30000,000.03342056,001.33296013,001.61040115,001.10899961,000.34
Tournament (k=3),Blend,Gaussian,0.42436,0.02382,000.00000000,000.00159364,000.00117111,000.10473046,000.19
Tournament (k=3),Arithmetic,Uniform,0.94259,0.03378,000.00000000,000.14242725,000.11004066,000.49516645,000.19
Tournament (k=3),Blend,Gaussian,0.52190,0.11476,000.00000000,000.00001664,000.00001526,000.00128582,000.35
Tournament (k=3),Blend,Gaussian,0.43709,0.05228,000.00000000,000.00063434,000.00036812,000.01847525,000.29
Tournament (k=3),Blend,Gaussian,0.57030,0.25191,000.00581741,000.13351941,000.16579056,000.23004980,000.39
Tournament (k=3),Blend,Gaussian,0.52190,0.05705,000.00000000,000.00019417,000.00011635,000.00915045,000.24
Tournament (k=3),Arithmetic,Uniform,0.66113,0.02183,000.00001526,000.19592638,000.19323349,000.42972478,000.18
Tournament (k=3),Blend,Gaussian,0.50670,0.23084,000.00027084,000.04400892,000.05471420,000.11029867,000.43
Tournament (k=3),Blend,Gaussian,0.41200,0.09637,000.00000000,000.00006938,000.00004959,000.00113382,000.32
Tournament (k=3),Blend,Gaussian,0.50670,0.07415,000.00000000,000.00006952,000.00003815,000.00724519,000.29
Tournament (k=3),Blend,Gaussian,0.49195,0.14915,000.00000000,000.00001526,000.00001144,000.00033792,000.40
Tournament (k=3),Blend,Gaussian,0.57030,0.02599,000.00000000,000.00032501,000.00011826,000.03800111,000.26
Tournament (k=3),Arithmetic,Uniform,0.91514,0.06795,000.00001526,000.02008853,000.01843071,000.27702779,000.23
Tournament (k=3),Arithmetic,Uniform,0.81310,0.13667,000.00000000,000.00049438,000.00050735,000.01596618,000.24
Tournament (k=3),Blend,Gaussian,0.68096,0.12524,000.00000000,000.00000000,000.00000000,000.00003613,000.38
Tournament (k=3),Arithmetic,Uniform,0.83749,0.03378,000.00017929,000.10247760,000.11585236,000.38929510,000.18
Tournament (k=3),Blend,Gaussian,0.62318,0.13667,000.00000000,000.00000038,000.00000000,000.00005021,000.39
Tournament (k=3),Blend,Gaussian,0.42436,0.06226,000.00000000,000.00051918,000.00034714,000.00864007,000.29
Tournament (k=3),Blend,Gaussian,0.72243,0.08092,000.00000000,000.00000205,000.00000000,000.00058772,000.34
Tournament (k=3),Blend,Gaussian,0.45020,0.06226,000.00000000,000.00024948,000.00015450,000.00502376,000.30
Tournament (k=3),Blend,Gaussian,0.60503,0.02599,000.00000000,000.00097809,000.00040245,000.10139816,000.22
Tournament (k=3),Blend,Gaussian,0.70139,0.06226,000.00000000,000.00002441,000.00000000,000.00160257,000.27
Tournament (k=3),Blend,Gaussian,0.46371,0.03686,000.00000000,000.00099483,000.00076294,000.03985210,000.23
Tournament (k=3),Blend,Gaussian,0.58741,0.13667,000.00000000,000.00000052,000.00000000,000.00038687,000.38
Tournament (k=3),Blend,Gaussian,0.40000,0.19383,000.00004578,000.00209846,000.00212288,000.01364230,000.33
Tournament (k=3),Blend,Gaussian,0.64187,0.02837,000.00000000,000.00077510,000.00014687,000.01122006,000.28
Tournament (k=3),Arithmetic,Uniform,0.94259,0.10516,000.00000000,000.00126386,000.00069427,000.08846454,000.29
Tournament (k=3),Blend,Gaussian,0.47762,0.06795,000.00000000,000.00036483,000.00017929,000.00729225,000.26
Tournament (k=3),Blend,Gaussian,0.45020,0.02837,000.00000000,000.00171223,000.00094986,000.04604743,000.26
Tournament (k=3),Blend,Gaussian,0.41200,0.03686,000.00000000,000.00185261,000.00173759,000.01430398,000.22
Tournament (k=3),Arithmetic,Uniform,0.91514,0.07415,000.00000000,000.01669607,000.01605225,000.23321618,000.25
Tournament (k=3),Arithmetic,Uniform,0.83749,0.03686,000.00013733,000.07613325,000.08828354,000.29882783,000.18
Tournament (k=3),Arithmetic,Uniform,0.78941,0.09637,000.00000000,000.00595074,000.00541306,000.07207242,000.29
Tournament (k=3),Arithmetic,Uniform,0.83749,0.30000,000.19186783,001.28736627,001.41994667,000.85697156,000.35
Tournament (k=3),Arithmetic,Uniform,0.88849,0.11476,000.00000000,000.00060983,000.00043869,000.00897313,000.24
Tournament (k=3),Arithmetic,Uniform,0.81310,0.14915,000.00000763,000.00102553,000.00118446,000.00975970,000.29
Tournament (k=3),Arithmetic,Uniform,0.74410,0.03095,000.00000763,000.10891090,000.11047554,000.33177522,000.19
Tournament (k=3),Blend,Gaussian,0.45020,0.06795,000.00000000,000.00034418,000.00028229,000.00440869,000.28
Tournament (k=3),Blend,Gaussian,0.40000,0.06795,000.00000000,000.00047674,000.00039291,000.00343231,000.29
Tournament (k=3),Arithmetic,Uniform,0.86261,0.06226,000.00000381,000.02251024,000.02096367,000.13387842,000.27
Tournament (k=3),Arithmetic,Uniform,0.97087,0.07415,000.00000763,000.01583204,000.01483536,000.28766844,000.21
Tournament (k=3),Blend,Gaussian,0.68096,0.13667,000.00000000,000.00000143,000.00000000,000.00007558,000.39
Tournament (k=3),Blend,Gaussian,0.47762,0.07415,000.00000000,000.00018349,000.00012207,000.00216107,000.26
Tournament (k=3),Blend,Gaussian,0.62318,0.14915,000.00000000,000.00000672,000.00000763,000.00035959,000.40
Tournament (k=3),Blend,Gaussian,0.66113,0.09637,000.00000000,000.00000157,000.00000000,000.00006690,000.30
Tournament (k=3),Blend,Gaussian,0.57030,0.10516,000.00000000,000.00000796,000.00000000,000.00028710,000.35
Tournament (k=3),Blend,Gaussian,0.74410,0.04023,000.00000000,000.00004568,000.00000381,000.09390762,000.26
Tournament (k=3),Blend,Gaussian,0.72243,0.23084,000.00203705,000.12766118,000.13134003,000.29239357,000.38
Tournament (k=3),Arithmetic,Uniform,1.00000,0.13667,000.00000000,000.00058012,000.00043678,000.00991219,000.31
Tournament (k=3),Arithmetic,Uniform,0.78941,0.10516,000.00000000,000.00212889,000.00173569,000.10112508,000.27
Tournament (k=3),Blend,Gaussian,0.53756,0.21153,000.00057220,000.02135963,000.02280998,000.07742897,000.42
Tournament (k=3),Blend,Gaussian,0.55369,0.05228,000.00000000,000.00009069,000.00002861,000.00301331,000.25
Tournament (k=3),Blend,Gaussian,0.64187,0.19383,000.00020981,000.00843329,000.00840378,000.10706045,000.43
Tournament (k=3),Arithmetic,Uniform,0.97087,0.23084,000.01718521,000.42897934,000.44218445,000.59365791,000.33
Tournament (k=3),Blend,Gaussian,0.76642,0.02000,000.00000000,000.00003791,000.00000000,000.13922562,000.28
Tournament (k=3),Blend,Gaussian,0.47762,0.25191,000.00877380,000.08112516,000.10060310,000.19160011,000.41
Tournament (k=3),Blend,Gaussian,0.62318,0.04791,000.00000000,000.00024257,000.00010681,000.00580367,000.30
Tournament (k=3),Arithmetic,Uniform,0.97087,0.02599,000.00080872,000.29128116,000.23257446,000.56905073,000.18
Tournament (k=3),Blend,Gaussian,0.76642,0.05705,000.00000000,000.00000238,000.00000000,000.00141623,000.26
Tournament (k=3),Blend,Gaussian,0.42436,0.25191,000.00454712,000.06975007,000.07642937,000.09310070,000.36
Tournament (k=3),Blend,Gaussian,0.47762,0.02382,000.00000000,000.00219955,000.00172806,000.10384331,000.20
Tournament (k=3),Blend,Gaussian,0.74410,0.11476,000.00000000,000.00000000,000.00000000,000.00002505,000.37
Tournament (k=3),Blend,Gaussian,0.70139,0.02183,000.00000000,000.00013776,000.00002098,000.16980846,000.21
Tournament (k=3),Blend,Gaussian,0.72243,0.03095,000.00000000,000.00002904,000.00000191,000.00114729,000.29
Tournament (k=3),Blend,Gaussian,0.53756,0.02599,000.00000000,000.00117855,000.00065804,000.10355403,000.27
Tournament (k=3),Blend,Gaussian,0.45020,0.23084,000.00290298,000.04074202,000.04596329,000.07534630,000.41
Tournament (k=3),Blend,Gaussian,0.66113,0.03686,000.00000000,000.00006437,000.00001526,000.00355887,000.29
Tournament (k=3),Blend,Gaussian,0.55369,0.05705,000.00000000,000.00014672,000.00007629,000.00295444,000.29
Tournament (k=3),Arithmetic,Uniform,0.81310,0.06226,000.00003052,000.01782041,000.01597214,000.06517506,000.20
Tournament (k=3),Blend,Gaussian,0.46371,0.14915,000.00000000,000.00002847,000.00002289,000.00033093,000.40
Tournament (k=3),Arithmetic,Uniform,0.66113,0.07415,000.00000381,000.01018682,000.00853348,000.03009644,000.22
Tournament (k=3),Blend,Gaussian,0.55369,0.13667,000.00000000,000.00000415,000.00000381,000.00030914,000.38
Tournament (k=3),Arithmetic,Uniform,0.78941,0.30000,000.03681183,001.26936078,001.53743362,000.93906969,000.27
Tournament (k=3),Arithmetic,Uniform,0.86261,0.21153,000.00500488,000.16749263,000.17642212,000.41888335,000.25
Tournament (k=3),Blend,Gaussian,0.47762,0.02599,000.00000000,000.00162792,000.00079536,000.11793934,000.24
Tournament (k=3),Blend,Gaussian,0.68096,0.04791,000.00000000,000.00008593,000.00002670,000.00224162,000.30
Tournament (k=3),Blend,Gaussian,0.53756,0.23084,000.00222778,000.04439225,000.04555511,000.19819359,000.44
Tournament (k=3),Blend,Gaussian,0.42436,0.02599,000.00000000,000.00302844,000.00239563,000.19900239,000.20
Tournament (k=3),Arithmetic,Uniform,0.94259,0.03686,000.00003433,000.11454058,000.10611534,000.48163673,000.18
Tournament (k=3),Arithmetic,Uniform,0.91514,0.02000,000.00136566,000.32839108,000.29046249,000.54608667,000.24
Tournament (k=3),Blend,Gaussian,0.58741,0.05228,000.00000000,000.00015645,000.00005722,000.00957255,000.30
Tournament (k=3),Arithmetic,Uniform,1.00000,0.04390,000.00048828,000.15570025,000.09159279,000.55666113,000.25
Tournament (k=3),Blend,Gaussian,0.70139,0.19383,000.00009155,000.01288209,000.01503372,000.04027552,000.37
Tournament (k=3),Blend,Gaussian,0.64187,0.21153,000.00220108,000.03879924,000.04369736,000.12312632,000.47
Tournament (k=3),Blend,Gaussian,0.64187,0.07415,000.00000000,000.00001478,000.00000763,000.00149615,000.33
Tournament (k=3),Blend,Gaussian,0.66113,0.27490,000.01011276,000.28275147,000.29768562,000.55351430,000.40
Tournament (k=3),Arithmetic,Uniform,0.81310,0.02000,000.00067902,000.30746752,000.32605362,000.56083995,000.21
Tournament (k=3),Blend,Gaussian,0.74410,0.12524,000.00000000,000.00000000,000.00000000,000.00001914,000.40
Tournament (k=3),Blend,Gaussian,0.43709,0.13667,000.00000000,000.00001917,000.00001526,000.00040161,000.36
Tournament (k=3),Arithmetic,Uniform,0.66113,0.02382,000.00000000,000.16889486,000.17407417,000.52999681,000.18
Tournament (k=3),Blend,Gaussian,0.43709,0.05705,000.00000000,000.00041618,000.00032043,000.00862546,000.29
Tournament (k=3),Blend,Gaussian,0.47762,0.02837,000.00000000,000.00238752,000.00126648,000.14162441,000.23
Tournament (k=3),Blend,Gaussian,0.52190,0.06226,000.00000000,000.00014696,000.00005722,000.00315122,000.27
Tournament (k=3),Blend,Gaussian,0.52190,0.12524,000.00000000,000.00000849,000.00000381,000.00014199,000.37
Tournament (k=3),Blend,Gaussian,0.78941,0.02837,000.00000000,000.00006256,000.00000000,000.09937792,000.24
Tournament (k=3),Blend,Gaussian,0.40000,0.02183,000.00000000,000.00603423,000.00396347,000.18808232,000.20
Tournament (k=3),Blend,Gaussian,0.57030,0.27490,000.00754166,000.18513680,000.22068787,000.35387784,000.40
Tournament (k=3),Blend,Gaussian,0.57030,0.02837,000.00000000,000.00110002,000.00047684,000.10040642,000.26
Tournament (k=3),Blend,Gaussian,0.76642,0.16276,000.00000000,000.00068359,000.00064659,000.02625720,000.40
Tournament (k=3),Blend,Gaussian,0.50670,0.03095,000.00000000,000.00077076,000.00048065,000.03049616,000.27
Tournament (k=3),Arithmetic,Uniform,0.66113,0.02599,000.00000000,000.15114832,000.15461731,000.37596992,000.18
Tournament (k=3),Blend,Gaussian,0.60503,0.08092,000.00000000,000.00003991,000.00001907,000.00129720,000.29
Tournament (k=3),Blend,Gaussian,0.50670,0.08092,000.00000000,000.00008721,000.00002289,000.00261463,000.32
Tournament (k=3),Blend,Gaussian,0.41200,0.10516,000.00000000,000.00006289,000.00004005,000.00390644,000.34
Tournament (k=3),Blend,Gaussian,0.49195,0.16276,000.00000000,000.00005836,000.00005913,000.00036032,000.36
Tournament (k=3),Blend,Gaussian,0.60503,0.02837,000.00000000,000.00071540,000.00043869,000.11312486,000.28
Tournament (k=3),Blend,Gaussian,0.50670,0.25191,000.00911713,000.07662654,000.08089066,000.18758962,000.45
Tournament (k=3),Blend,Gaussian,0.72243,0.08830,000.00000000,000.00000000,000.00000000,000.00016354,000.36
Tournament (k=3),Blend,Gaussian,0.64187,0.08092,000.00000000,000.00000744,000.00000191,000.00328049,000.32
Tournament (k=3),Blend,Gaussian,0.70139,0.06795,000.00000000,000.00000820,000.00000000,000.00101439,000.29
Tournament (k=3),Blend,Gaussian,0.47762,0.03095,000.00000000,000.00103655,000.00065041,000.02131896,000.28
Tournament (k=3),Blend,Gaussian,0.78941,0.08092,000.00000000,000.00000000,000.00000000,000.00052123,000.33
Tournament (k=3),Blend,Gaussian,0.41200,0.04023,000.00000000,000.00128708,000.00091934,000.01586450,000.23
Tournament (k=3),Blend,Gaussian,0.64187,0.03095,000.00000000,000.00024037,000.00003242,000.10223397,000.29
Tournament (k=3),Arithmetic,Uniform,0.94259,0.11476,000.00000000,000.00036378,000.00027275,000.04354097,000.31
Tournament (k=3),Arithmetic,Uniform,0.86261,0.02000,000.00001144,000.37520772,000.40024567,000.63850635,000.24
Tournament (k=3),Blend,Gaussian,0.45020,0.03095,000.00000000,000.00148201,000.00084877,000.01313163,000.28
Tournament (k=3),Arithmetic,Uniform,0.88849,0.12524,000.00000000,000.00045633,000.00043869,000.10015251,000.24
Tournament (k=3),Arithmetic,Uniform,0.81310,0.16276,000.00005722,000.00466013,000.00451660,000.04688714,000.26
Tournament (k=3),Blend,Gaussian,0.81310,0.04023,000.00000000,000.00000038,000.00000000,000.00051679,000.26
Tournament (k=3),Arithmetic,Uniform,0.64187,0.13667,000.00000000,000.00087271,000.00090408,000.00903289,000.32
Tournament (k=3),Arithmetic,Uniform,0.97087,0.08092,000.00011444,000.00834694,000.00700951,000.32686695,000.22
Tournament (k=3),Blend,Gaussian,0.50670,0.08830,000.00000000,000.00005898,000.00000954,000.00127821,000.32
Tournament (k=3),Blend,Gaussian,0.47762,0.08092,000.00000000,000.00015502,000.00004196,000.00376460,000.27
Tournament (k=3),Blend,Gaussian,0.45020,0.07415,000.00000000,000.00026135,000.00017738,000.00544994,000.32
Tournament (k=3),Blend,Gaussian,0.40000,0.07415,000.00000000,000.00034223,000.00029182,000.00303253,000.30
Tournament (k=3),Blend,Gaussian,0.60503,0.23084,000.00082397,000.07185201,000.07107735,000.25720850,000.43
Tournament (k=3),Blend,Gaussian,0.78941,0.23084,000.00790405,000.16415134,000.18601608,000.38096267,000.46
Tournament (k=3),Blend,Gaussian,0.64187,0.08830,000.00000000,000.00000582,000.00000000,000.00058329,000.33
Tournament (k=3),Blend,Gaussian,0.74410,0.04390,000.00000000,000.00003467,000.00000763,000.09901816,000.25
Tournament (k=3),Blend,Gaussian,0.66113,0.10516,000.00000000,000.00000000,000.00000000,000.00008350,000.31
Tournament (k=3),Blend,Gaussian,0.83749,0.02000,000.00000000,000.00000787,000.00000000,000.14632830,000.22
Tournament (k=3),Arithmetic,Uniform,1.00000,0.14915,000.00003815,000.00246024,000.00267220,000.02890143,000.31
Tournament (k=3),Blend,Gaussian,0.57030,0.11476,000.00000000,000.00000348,000.00000000,000.00018754,000.36
Tournament (k=3),Blend,Gaussian,0.50670,0.27490,000.02052307,000.14903446,000.17120361,000.27416870,000.46
Tournament (k=3),Blend,Gaussian,0.62318,0.16276,000.00000000,000.00012875,000.00012207,000.00154228,000.41
Tournament (k=3),Blend,Gaussian,0.62318,0.05228,000.00000000,000.00025849,000.00008965,000.00250910,000.27
Tournament (k=3),Blend,Gaussian,0.76642,0.02183,000.00000000,000.00002146,000.00000000,000.16973563,000.30
Tournament (k=3),Blend,Gaussian,0.53756,0.08830,000.00000000,000.00003018,000.00001526,000.00143331,000.33
Tournament (k=3),Arithmetic,Uniform,0.97087,0.25191,000.03440857,000.88013172,001.16357803,000.89641392,000.33
Tournament (k=3),Blend,Gaussian,0.76642,0.06226,000.00000000,000.00000072,000.00000000,000.00208719,000.27
Tournament (k=3),Blend,Gaussian,0.49195,0.04023,000.00000000,000.00058231,000.00059319,000.09928036,000.23
Tournament (k=3),Blend,Gaussian,0.81310,0.11476,000.00000000,000.00000000,000.00000000,000.00002578,000.39
Tournament (k=3),Blend,Gaussian,0.72243,0.25191,000.01268005,000.18963924,000.19428062,000.41158947,000.43
Tournament (k=3),Blend,Gaussian,0.53756,0.02837,000.00000000,000.00079980,000.00046730,000.02000218,000.27
Tournament (k=3),Blend,Gaussian,0.83749,0.05705,000.00000000,000.00000000,000.00000000,000.00039637,000.34
Tournament (k=3),Blend,Gaussian,0.72243,0.03378,000.00000000,000.00001974,000.00000000,000.00174509,000.29
Tournament (k=3),Blend,Gaussian,0.83749,0.16276,000.00005341,000.00185976,000.00188637,000.11500104,000.37
Tournament (k=3),Arithmetic,Uniform,0.66113,0.08092,000.00000000,000.00901427,000.01013565,000.04098225,000.22
Tournament (k=3),Blend,Gaussian,0.86261,0.02837,000.00000000,000.00000000,000.00000000,000.08831064,000.24
Tournament (k=3),Blend,Gaussian,0.42436,0.27490,000.00332642,000.13183160,000.15591049,000.22936063,000.42
Tournament (k=3),Arithmetic,Uniform,0.94259,0.04023,000.00055695,000.07291527,000.06969452,000.38502520,000.19
Tournament (k=3),Blend,Gaussian,0.55369,0.06226,000.00000000,000.00013094,000.00003815,000.00490302,000.26
Tournament (k=3),Blend,Gaussian,0.42436,0.02837,000.00000000,000.00206432,000.00126648,000.04152880,000.20
Tournament (k=3),Blend,Gaussian,0.66113,0.04023,000.00000000,000.00010352,000.00002480,000.01565849,000.30
Tournament (k=3),Blend,Gaussian,0.45020,0.25191,000.00657654,000.06918588,000.07324600,000.16979350,000.38
Tournament (k=3),Blend,Gaussian,0.49195,0.04390,000.00000000,000.00087051,000.00022125,000.00742261,000.28
Tournament (k=3),Arithmetic,Uniform,1.00000,0.04791,000.00043869,000.09040689,000.07362938,000.50722677,000.26
Tournament (k=3),Blend,Gaussian,0.78941,0.25191,000.01163101,000.21646003,000.23666573,000.40691584,000.49
Tournament (k=3),Blend,Gaussian,0.58741,0.05705,000.00000000,000.00012465,000.00005722,000.00871029,000.30
Tournament (k=3),Blend,Gaussian,0.53756,0.09637,000.00000000,000.00001750,000.00001144,000.00020004,000.35
Tournament (k=3),Blend,Gaussian,0.46371,0.16276,000.00000000,000.00006237,000.00006104,000.00039861,000.38
Tournament (k=3),Blend,Gaussian,0.55369,0.14915,000.00000000,000.00000830,000.00000763,000.00216690,000.39
Tournament (k=3),Blend,Gaussian,0.53756,0.25191,000.00795364,000.10025692,000.11087608,000.21036503,000.40
Tournament (k=3),Blend,Gaussian,0.42436,0.06795,000.00000000,000.00027394,000.00021362,000.00340448,000.29
Tournament (k=3),Blend,Gaussian,0.46371,0.04023,000.00000000,000.00085535,000.00069427,000.01659236,000.23
Tournament (k=3),Blend,Gaussian,0.70139,0.21153,000.00339890,000.05243812,000.05689240,000.22987369,000.38
Tournament (k=3),Blend,Gaussian,0.86261,0.08092,000.00000000,000.00000000,000.00000000,000.00013262,000.32
Tournament (k=3),Blend,Gaussian,0.43709,0.14915,000.00000000,000.00001855,000.00001526,000.00050559,000.31
Tournament (k=3),Blend,Gaussian,0.40000,0.02382,000.00000000,000.00528941,000.00393295,000.11162070,000.20
Tournament (k=3),Blend,Gaussian,0.78941,0.03095,000.00000000,000.00001235,000.00000000,000.00238561,000.23
Tournament (k=3),Blend,Gaussian,0.40000,0.21153,000.00002670,000.01036072,000.01031876,000.03654267,000.33
Tournament (k=3),Blend,Gaussian,0.64187,0.23084,000.00035858,000.08605661,000.09721756,000.27279246,000.44
Tournament (k=3),Blend,Gaussian,0.74410,0.13667,000.00000000,000.00000134,000.00000000,000.00070937,000.37
Tournament (k=3),Blend,Gaussian,0.52190,0.06795,000.00000000,000.00014281,000.00005722,000.00207017,000.31
Tournament (k=3),Blend,Gaussian,0.83749,0.17762,000.00070190,000.01541457,000.01620865,000.04385825,000.42
Tournament (k=3),Blend,Gaussian,0.58741,0.14915,000.00000000,000.00000396,000.00000381,000.00011028,000.39
Tournament (k=3),Blend,Gaussian,0.58741,0.06226,000.00000000,000.00006952,000.00003052,000.00213085,000.32
Tournament (k=3),Blend,Gaussian,0.52190,0.13667,000.00000000,000.00000539,000.00000381,000.00018973,000.37
Tournament (k=3),Blend,Gaussian,0.53756,0.10516,000.00000000,000.00000954,000.00000381,000.00077063,000.36
Tournament (k=3),Blend,Gaussian,0.60503,0.03095,000.00000000,000.00050802,000.00018501,000.01999711,000.23
Tournament (k=3),Blend,Gaussian,0.46371,0.17762,000.00000763,000.00042305,000.00043869,000.00195817,000.39
Tournament (k=3),Blend,Gaussian,0.57030,0.30000,000.01388550,000.34295863,000.36836433,000.41919410,000.43
Tournament (k=3),Blend,Gaussian,0.55369,0.16276,000.00000000,000.00004325,000.00004578,000.00049895,000.39
Tournament (k=3),Arithmetic,Uniform,0.86261,0.06795,000.00000000,000.01663752,000.01697922,000.04532191,000.27
Tournament (k=3),Blend,Gaussian,0.47762,0.03378,000.00000000,000.00158887,000.00104141,000.09930546,000.22
Tournament (k=3),Blend,Gaussian,0.41200,0.11476,000.00000000,000.00002031,000.00001526,000.00024794,000.35
Tournament (k=3),Blend,Gaussian,0.41200,0.04390,000.00000000,000.00081048,000.00067902,000.01439951,000.22
Tournament (k=3),Blend,Gaussian,0.70139,0.07415,000.00000000,000.00000529,000.00000000,000.00108326,000.28
Tournament (k=3),Blend,Gaussian,0.86261,0.23084,000.01515961,000.22073564,000.25049591,000.38012600,000.49
Tournament (k=3),Blend,Gaussian,0.49195,0.17762,000.00002670,000.00058899,000.00055122,000.00409930,000.40
Tournament (k=3),Arithmetic,Uniform,0.86261,0.02183,000.00001907,000.31095690,000.26594925,000.56968027,000.24
Tournament (k=3),Arithmetic,Uniform,0.94259,0.12524,000.00000000,000.00034332,000.00028610,000.00505544,000.28
Tournament (k=3),Blend,Gaussian,0.72243,0.09637,000.00000000,000.00000000,000.00000000,000.00054894,000.37
Tournament (k=3),Blend,Gaussian,0.78941,0.08830,000.00000000,000.00000000,000.00000000,000.00007186,000.32
Tournament (k=3),Blend,Gaussian,0.52190,0.07415,000.00000000,000.00004382,000.00001144,000.00148800,000.32
Tournament (k=3),Blend,Gaussian,0.88849,0.04023,000.00000000,000.00000005,000.00000000,000.00130399,000.25
Tournament (k=3),Blend,Gaussian,0.68096,0.14915,000.00000000,000.00001159,000.00000763,000.00012247,000.40
Tournament (k=3),Blend,Gaussian,0.45020,0.03378,000.00000000,000.00191040,000.00135040,000.01954801,000.27
Tournament (k=3),Arithmetic,Uniform,0.81310,0.17762,000.00005722,000.02639146,000.02934456,000.21891409,000.25
Tournament (k=3),Blend,Gaussian,0.81310,0.04390,000.00000000,000.00000153,000.00000000,000.00159529,000.26
Tournament (k=3),Blend,Gaussian,0.41200,0.04791,000.00000000,000.00064402,000.00045395,000.00907366,000.23
Tournament (k=3),Blend,Gaussian,0.47762,0.08830,000.00000000,000.00004015,000.00002289,000.00092411,000.28
Tournament (k=3),Blend,Gaussian,0.50670,0.09637,000.00000000,000.00003672,000.00001526,000.00090580,000.30
Tournament (k=3),Blend,Gaussian,0.83749,0.02183,000.00000000,000.00000029,000.00000000,000.09898654,000.23
Tournament (k=3),Blend,Gaussian,0.40000,0.08092,000.00000000,000.00016665,000.00013924,000.00175194,000.32
Tournament (k=3),Blend,Gaussian,0.45020,0.08092,000.00000000,000.00008259,000.00003624,000.00257233,000.32
Tournament (k=3),Arithmetic,Uniform,0.94259,0.13667,000.00000381,000.00035462,000.00023651,000.00362342,000.28
Tournament (k=3),Blend,Gaussian,0.88849,0.11476,000.00000000,000.00000000,000.00000000,000.00488409,000.39
Tournament (k=3),Blend,Gaussian,0.91514,0.02000,000.00000000,000.00000000,000.00000000,000.19492929,000.30
Tournament (k=3),Blend,Gaussian,0.64187,0.09637,000.00000000,000.00000267,000.00000000,000.00027448,000.36
Tournament (k=3),Blend,Gaussian,0.47762,0.27490,000.00616837,000.13460727,000.15461159,000.30150807,000.44
Tournament (k=3),Blend,Gaussian,0.76642,0.02382,000.00000000,000.00001168,000.00000000,000.00341602,000.29
Tournament (k=3),Blend,Gaussian,0.91514,0.05705,000.00000000,000.00000000,000.00000000,000.09966543,000.34
Tournament (k=3),Blend,Gaussian,0.49195,0.19383,000.00003815,000.00332141,000.00325012,000.01235103,000.39
Tournament (k=3),Blend,Gaussian,0.60503,0.25191,000.00369644,000.12014695,000.13919067,000.24719633,000.45
Tournament (k=3),Blend,Gaussian,0.62318,0.05705,000.00000000,000.00008774,000.00001526,000.00387734,000.31
Tournament (k=3),Blend,Gaussian,0.57030,0.12524,000.00000000,000.00000119,000.00000000,000.00005129,000.38
Tournament (k=3),Blend,Gaussian,0.62318,0.17762,000.00004578,000.00154419,000.00150299,000.02321178,000.36
Tournament (k=3),Blend,Gaussian,0.41200,0.05228,000.00000000,000.00087786,000.00064850,000.01037505,000.27
Tournament (k=3),Blend,Gaussian,0.68096,0.05228,000.00000000,000.00002265,000.00000381,000.00140792,000.31
Tournament (k=3),Blend,Gaussian,0.50670,0.30000,000.00562668,000.21749663,000.23255157,000.37625408,000.41
Tournament (k=3),Blend,Gaussian,0.76642,0.06795,000.00000000,000.00000005,000.00000000,000.00026288,000.28
Tournament (k=3),Blend,Gaussian,0.53756,0.03095,000.00000000,000.00078745,000.00037193,000.01052801,000.28
Tournament (k=3),Blend,Gaussian,0.50670,0.10516,000.00000000,000.00002027,000.00000763,000.00062992,000.32
Tournament (k=3),Arithmetic,Uniform,0.94259,0.04390,000.00038528,000.09581070,000.09344864,000.35200807,000.19
Tournament (k=3),Blend,Gaussian,0.86261,0.03095,000.00000000,000.00000000,000.00000000,000.08640423,000.24
Tournament (k=3),Blend,Gaussian,0.72243,0.03686,000.00000000,000.00008731,000.00003815,000.00929519,000.30
Tournament (k=3),Blend,Gaussian,0.40000,0.08830,000.00000000,000.00013194,000.00009918,000.00296533,000.35
Tournament (k=3),Blend,Gaussian,0.83749,0.06226,000.00000000,000.00000005,000.00000000,000.00103535,000.34
Tournament (k=3),Blend,Gaussian,0.81310,0.12524,000.00000000,000.00000000,000.00000000,000.00011067,000.40
Tournament (k=3),Blend,Gaussian,0.49195,0.04791,000.00000000,000.00061774,000.00037003,000.00917407,000.24
Tournament (k=3),Blend,Gaussian,0.66113,0.04390,000.00000000,000.00005221,000.00000954,000.00250778,000.30
Tournament (k=3),Blend,Gaussian,0.66113,0.30000,000.01394653,000.38602266,000.38190079,000.49303913,000.44
Tournament (k=3),Blend,Gaussian,0.91514,0.16276,000.00012970,000.00387249,000.00296402,000.02736249,000.40
Tournament (k=3),Blend,Gaussian,0.57030,0.03095,000.00000000,000.00067744,000.00029373,000.01013107,000.27
Tournament (k=3),Blend,Gaussian,0.94259,0.02837,000.00000000,000.00000000,000.00000000,000.03057936,000.30
Tournament (k=3),Blend,Gaussian,0.42436,0.30000,000.00534439,000.18343596,000.20043182,000.32449526,000.42
Tournament (k=3),Blend,Gaussian,0.50670,0.03378,000.00000000,000.00143180,000.00086212,000.01323287,000.27
Tournament (k=3),Blend,Gaussian,0.49195,0.21153,000.00039673,000.01259708,000.01273727,000.10547750,000.45
Tournament (k=3),Blend,Gaussian,0.46371,0.04390,000.00000000,000.00074410,000.00036812,000.01915494,000.24
Tournament (k=3),Blend,Gaussian,0.60503,0.08830,000.00000000,000.00000515,000.00000000,000.00097848,000.28
Tournament (k=3),Blend,Gaussian,0.76642,0.17762,000.00012207,000.00855403,000.00904274,000.08824828,000.36
Tournament (k=3),Blend,Gaussian,0.45020,0.27490,000.01464081,000.10441422,000.10923576,000.21830121,000.44
Tournament (k=3),Blend,Gaussian,0.40000,0.02599,000.00000000,000.00666485,000.00381088,000.05093558,000.21
Tournament (k=3),Blend,Gaussian,0.42436,0.07415,000.00000000,000.00018654,000.00007248,000.00544921,000.30
Tournament (k=3),Blend,Gaussian,0.60503,0.27490,000.00630569,000.19528432,000.22580338,000.34898043,000.51
Tournament (k=3),Blend,Gaussian,0.78941,0.03378,000.00000000,000.00000324,000.00000000,000.00181938,000.23
Tournament (k=3),Blend,Gaussian,0.49195,0.05228,000.00000000,000.00080824,000.00033951,000.01201907,000.25
Tournament (k=3),Blend,Gaussian,0.43709,0.16276,000.00000000,000.00007968,000.00007629,000.00049227,000.35
Tournament (k=3),Blend,Gaussian,0.53756,0.27490,000.01081848,000.14502077,000.17992210,000.31851086,000.44
Tournament (k=3),Blend,Gaussian,0.70139,0.23084,000.00203323,000.11256804,000.12169647,000.28182006,000.42
Tournament (k=3),Blend,Gaussian,0.78941,0.27490,000.03031158,000.51064408,000.54309464,000.55553049,000.55
Tournament (k=3),Blend,Gaussian,0.86261,0.08830,000.00000000,000.00000000,000.00000000,000.00052918,000.42
Tournament (k=3),Blend,Gaussian,0.64187,0.03378,000.00000000,000.00026999,000.00009727,000.00556342,000.28
Tournament (k=3),Blend,Gaussian,0.58741,0.02000,000.00000000,000.00139751,000.00046349,000.13971822,000.21
Tournament (k=3),Blend,Gaussian,0.47762,0.03686,000.00000000,000.00064216,000.00049019,000.03187634,000.22
Tournament (k=3),Blend,Gaussian,0.58741,0.06795,000.00000000,000.00005016,000.00002480,000.00265994,000.32
Tournament (k=3),Blend,Gaussian,0.74410,0.14915,000.00000000,000.00003352,000.00003052,000.00193140,000.41
Tournament (k=3),Blend,Gaussian,0.78941,0.03686,000.00000000,000.00001922,000.00000000,000.01728749,000.27
Tournament (k=3),Blend,Gaussian,0.83749,0.19383,000.00297928,000.04542289,000.04399490,000.19562383,000.39
Tournament (k=3),Blend,Gaussian,0.49195,0.05705,000.00000000,000.00035496,000.00015259,000.01362506,000.28
Tournament (k=3),Blend,Gaussian,0.53756,0.11476,000.00000000,000.00000610,000.00000000,000.00034588,000.36
Tournament (k=3),Blend,Gaussian,0.58741,0.16276,000.00000000,000.00008307,000.00008583,000.00143251,000.41
Tournament (k=3),Blend,Gaussian,0.64187,0.25191,000.00078964,000.15005784,000.15188026,000.34536347,000.46
Tournament (k=3),Blend,Gaussian,0.46371,0.19383,000.00012207,000.00296702,000.00291824,000.02306435,000.36
Tournament (k=3),Blend,Gaussian,0.52190,0.14915,000.00000000,000.00000763,000.00000763,000.00015200,000.38
Tournament (k=3),Blend,Gaussian,0.70139,0.02382,000.00000000,000.00015278,000.00000954,000.14289320,000.22
Tournament (k=3),Blend,Gaussian,0.94259,0.08092,000.00000000,000.00000000,000.00000000,000.30356091,000.38
Tournament (k=3),Blend,Gaussian,0.76642,0.19383,000.00013733,000.02585530,000.02484322,000.11982520,000.42
Tournament (k=3),Blend,Gaussian,0.74410,0.04791,000.00000000,000.00001059,000.00000000,000.00161418,000.25
Tournament (k=3),Blend,Gaussian,0.70139,0.08092,000.00000000,000.00000210,000.00000000,000.00089010,000.28
Tournament (k=3),Blend,Gaussian,0.58741,0.02183,000.00000000,000.00155363,000.00058174,000.13975129,000.24
Tournament (k=3),Blend,Gaussian,0.55369,0.17762,000.00000000,000.00080643,000.00091934,000.01773704,000.44
Tournament (k=3),Blend,Gaussian,0.43709,0.17762,000.00000763,000.00034933,000.00034714,000.00130649,000.41
Tournament (k=3),Blend,Gaussian,0.86261,0.25191,000.03347015,000.43324494,000.42171860,000.57738847,000.41
Tournament (k=3),Blend,Gaussian,0.81310,0.04791,000.00000000,000.00000033,000.00000000,000.00087581,000.26
Tournament (k=3),Arithmetic,Uniform,0.81310,0.19383,000.00344849,000.08395052,000.08965492,000.37808216,000.27
Tournament (k=3),Arithmetic,Uniform,0.91514,0.02183,000.00000763,000.30867058,000.36001015,000.53562284,000.25
Tournament (k=3),Blend,Gaussian,0.88849,0.04390,000.00000000,000.00000000,000.00000000,000.00032170,000.30
Tournament (k=3),Blend,Gaussian,0.70139,0.02599,000.00000000,000.00010638,000.00001526,000.09972103,000.24
Tournament (k=3),Blend,Gaussian,0.72243,0.10516,000.00000000,000.00000000,000.00000000,000.00002163,000.38
Tournament (k=3),Blend,Gaussian,0.47762,0.09637,000.00000000,000.00002499,000.00001144,000.00069455,000.28
Tournament (k=3),Blend,Gaussian,0.78941,0.09637,000.00000000,000.00000000,000.00000000,000.00028120,000.37
Tournament (k=3),Blend,Gaussian,0.97087,0.04023,000.00000000,000.00000000,000.00000000,000.09911489,000.33
Tournament (k=3),Blend,Gaussian,0.97087,0.11476,000.00000000,000.00000005,000.00000000,000.00161882,000.36
Tournament (k=3),Blend,Gaussian,0.68096,0.16276,000.00000000,000.00027361,000.00025368,000.00353804,000.43
Tournament (k=3),Blend,Gaussian,0.45020,0.08830,000.00000000,000.00008936,000.00005150,000.00196821,000.33
Tournament (k=3),Blend,Gaussian,1.00000,0.02000,000.00000000,000.00000234,000.00000000,000.31897449,000.31
Tournament (k=3),Blend,Gaussian,0.94259,0.23084,000.01332092,000.31460649,000.34873581,000.45897216,000.47
Tournament (k=3),Blend,Gaussian,0.91514,0.02183,000.00000000,000.00000000,000.00000000,000.27992544,000.30
Tournament (k=3),Blend,Gaussian,0.94259,0.08830,000.00000000,000.00000000,000.00000000,000.10511765,000.37
Tournament (k=3),Blend,Gaussian,0.88849,0.12524,000.00000000,000.00000014,000.00000000,000.00095070,000.35
Tournament (k=3),Blend,Gaussian,0.42436,0.03095,000.00000000,000.00146866,000.00115776,000.03059162,000.21
Tournament (k=3),Blend,Gaussian,0.64187,0.10516,000.00000000,000.00000024,000.00000000,000.00006579,000.34
Tournament (k=3),Blend,Gaussian,0.76642,0.02599,000.00000000,000.00003376,000.00000000,000.09899242,000.30
Tournament (k=3),Blend,Gaussian,0.55369,0.06795,000.00000000,000.00007839,000.00002098,000.00525340,000.27
Tournament (k=3),Blend,Gaussian,1.00000,0.05705,000.00000000,000.00000000,000.00000000,000.24045265,000.31
Tournament (k=3),Blend,Gaussian,0.91514,0.06226,000.00000000,000.00000000,000.00000000,000.04293237,000.28
Tournament (k=3),Blend,Gaussian,0.52190,0.02000,000.00000000,000.00143390,000.00067902,000.10978759,000.26
Tournament (k=3),Blend,Gaussian,0.62318,0.06226,000.00000000,000.00003757,000.00001526,000.00143533,000.32
Tournament (k=3),Blend,Uniform,0.40000,0.02837,000.00000000,000.06359510,000.04559898,000.35844046,000.19
Tournament (k=3),Blend,Gaussian,0.68096,0.05705,000.00000000,000.00003190,000.00000000,000.00498796,000.32
Tournament (k=3),Blend,Gaussian,0.57030,0.13667,000.00000000,000.00000143,000.00000000,000.00013768,000.38
Tournament (k=3),Blend,Gaussian,0.76642,0.07415,000.00000000,000.00000005,000.00000000,000.00025203,000.29
Tournament (k=3),Blend,Gaussian,1.00000,0.16276,000.00012970,000.01100025,000.01059914,000.05549870,000.38
Tournament (k=3),Blend,Uniform,0.40000,0.08092,000.00000000,000.00354128,000.00317574,000.02332432,000.25
Tournament (k=3),Blend,Gaussian,0.53756,0.03378,000.00000000,000.00110645,000.00063324,000.01240510,000.28
Tournament (k=3),Blend,Gaussian,0.72243,0.04023,000.00000000,000.00002775,000.00000572,000.00276656,000.30
Tournament (k=3),Blend,Gaussian,0.68096,0.02000,000.00000000,000.00051513,000.00017166,000.19500661,000.21
Tournament (k=3),Blend,Gaussian,0.66113,0.04791,000.00000000,000.00021791,000.00005722,000.01419513,000.28
Tournament (k=3),Blend,Uniform,0.41200,0.04023,000.00000000,000.01954975,000.01243591,000.26243186,000.21
Tournament (k=3),Blend,Uniform,0.40000,0.23084,000.02049255,000.30307785,000.31618118,000.53118509,000.38
Tournament (k=3),Blend,Gaussian,0.57030,0.03378,000.00000000,000.00084033,000.00062180,000.01234908,000.28
Tournament (k=3),Blend,Gaussian,0.40000,0.23084,000.00046921,000.02499795,000.02420044,000.15650500,000.34
Tournament (k=3),Blend,Gaussian,0.40000,0.02837,000.00000000,000.00270023,000.00188828,000.15552771,000.20
Tournament (k=3),Blend,Gaussian,0.50670,0.03686,000.00000000,000.00070786,000.00036621,000.01883779,000.27
Tournament (k=3),Blend,Gaussian,0.46371,0.04791,000.00000000,000.00056453,000.00039482,000.00806867,000.25
Tournament (k=3),Blend,Gaussian,0.60503,0.09637,000.00000000,000.00000277,000.00000000,000.00006818,000.30
Tournament (k=3),Blend,Uniform,0.41200,0.11476,000.00000000,000.00072412,000.00064278,000.01450615,000.30
Tournament (k=3),Blend,Gaussian,0.60503,0.03378,000.00000000,000.00051141,000.00031281,000.01420013,000.28
Tournament (k=3),Blend,Gaussian,0.91514,0.06795,000.00000000,000.00000000,000.00000000,000.00404360,000.44
Tournament (k=3),Blend,Gaussian,0.62318,0.06795,000.00000000,000.00002842,000.00000763,000.00151420,000.40
Tournament (k=3),Blend,Gaussian,0.42436,0.08092,000.00000000,000.00012884,000.00009727,000.00332781,000.31
Tournament (k=3),Blend,Uniform,0.42436,0.02000,000.00000763,000.14251438,000.06305695,000.52602643,000.19
Tournament (k=3),Blend,Gaussian,0.62318,0.19383,000.00016022,000.01083455,000.01219177,000.02646301,000.72
Tournament (k=3),Blend,Gaussian,0.50670,0.11476,000.00000000,000.00001154,000.00000763,000.00022011,000.63
Tournament (k=3),Blend,Gaussian,0.41200,0.12524,000.00000000,000.00003586,000.00003052,000.00081252,000.35
Tournament (k=3),Blend,Gaussian,0.86261,0.09637,000.00000000,000.00000000,000.00000000,000.00002932,000.31
Tournament (k=3),Blend,Gaussian,0.53756,0.03686,000.00000000,000.00051556,000.00025749,000.01024239,000.40
Tournament (k=3),Blend,Gaussian,0.70139,0.25191,000.00870895,000.23897219,000.29540825,000.39635584,000.39
Tournament (k=3),Blend,Uniform,0.42436,0.05705,000.00000000,000.00886803,000.00455093,000.12405685,000.22
Tournament (k=3),Blend,Gaussian,0.64187,0.03686,000.00000000,000.00046296,000.00016785,000.00930735,000.29
Tournament (k=3),Blend,Gaussian,0.88849,0.13667,000.00000000,000.00000625,000.00000572,000.09900928,000.67
Tournament (k=3),Blend,Gaussian,0.64187,0.11476,000.00000000,000.00000114,000.00000000,000.00007636,000.65
Tournament (k=3),Blend,Gaussian,0.45020,0.30000,000.01563263,000.20775223,000.23568726,000.35246217,000.46
Tournament (k=3),Blend,Gaussian,0.66113,0.11476,000.00000000,000.00000038,000.00000000,000.00007396,000.34
Tournament (k=3),Blend,Gaussian,0.78941,0.04023,000.00000000,000.00000291,000.00000000,000.00061431,000.24
Tournament (k=3),Blend,Gaussian,0.60503,0.30000,000.00923920,000.38472739,000.41869545,000.46535251,000.50
Tournament (k=3),Blend,Gaussian,0.72243,0.04390,000.00000000,000.00001783,000.00000381,000.00297944,000.45
Tournament (k=3),Blend,Gaussian,0.53756,0.30000,000.00574112,000.28056955,000.31017303,000.36186719,000.50
Tournament (k=3),Blend,Uniform,0.40000,0.25191,000.03831482,000.52612996,000.56466293,000.61994177,000.33
Tournament (k=3),Blend,Gaussian,0.50670,0.04023,000.00000000,000.00096574,000.00070381,000.10036121,000.29
Tournament (k=3),Blend,Gaussian,0.94259,0.25191,000.04950714,000.54688215,000.60790634,000.53364754,000.82
Tournament (k=3),Blend,Uniform,0.41200,0.12524,000.00000000,000.00042057,000.00029373,000.05196121,000.33
Tournament (k=3),Blend,Gaussian,0.83749,0.02382,000.00000000,000.00000558,000.00000000,000.00775021,000.23
Tournament (k=3),Blend,Gaussian,0.83749,0.21153,000.01115417,000.11076684,000.11951256,000.27612743,000.39
Tournament (k=3),Blend,Gaussian,0.53756,0.12524,000.00000000,000.00000186,000.00000000,000.00014407,000.36
Tournament (k=3),Blend,Gaussian,0.58741,0.02382,000.00000000,000.00075741,000.00015450,000.03414678,000.22
Tournament (k=3),Blend,Gaussian,0.74410,0.05228,000.00000000,000.00001655,000.00000000,000.00086885,000.25
Tournament (k=3),Blend,Uniform,0.42436,0.16276,000.00000763,000.00152783,000.00156212,000.00902124,000.33
Tournament (k=3),Blend,Gaussian,0.70139,0.08830,000.00000000,000.00000072,000.00000000,000.00013076,000.29
Tournament (k=3),Blend,Gaussian,0.58741,0.17762,000.00000763,000.00091643,000.00101471,000.00569154,000.41
Tournament (k=3),Arithmetic,Uniform,0.91514,0.02382,000.00000000,000.15762600,000.14442062,000.45551816,000.24
Tournament (k=3),Blend,Gaussian,0.55369,0.02000,000.00000000,000.00311246,000.00258636,000.19685745,000.25
Tournament (k=3),Blend,Gaussian,0.52190,0.16276,000.00000000,000.00003972,000.00003242,000.00026353,000.40
Tournament (k=3),Blend,Gaussian,0.76642,0.21153,000.00853729,000.08410015,000.08783722,000.26891124,000.38
Tournament (k=3),Blend,Gaussian,0.72243,0.27490,000.01989365,000.29379073,000.31646156,000.51957005,000.40
Tournament (k=3),Blend,Gaussian,0.70139,0.02837,000.00000000,000.00007801,000.00001526,000.09891524,000.22
Tournament (k=3),Blend,Uniform,0.40000,0.27490,000.01738358,000.85964984,001.07508850,000.67791748,000.36
Tournament (k=3),Blend,Gaussian,0.64187,0.27490,000.00682068,000.21458130,000.25859070,000.37556916,000.54
Tournament (k=3),Blend,Gaussian,0.55369,0.19383,000.00019836,000.00488696,000.00522614,000.01455536,000.45
Tournament (k=3),Blend,Gaussian,0.86261,0.27490,000.00617218,000.65794665,000.83763313,000.65582830,000.42
Tournament (k=3),Blend,Gaussian,0.47762,0.10516,000.00000000,000.00002866,000.00001907,000.00143752,000.28
Tournament (k=3),Blend,Gaussian,0.78941,0.10516,000.00000000,000.00000000,000.00000000,000.00001310,000.32
Tournament (k=3),Blend,Gaussian,0.86261,0.03378,000.00000000,000.00000052,000.00000000,000.09898786,000.24
Tournament (k=3),Blend,Gaussian,0.91514,0.02382,000.00000000,000.00000000,000.00000000,000.13937856,000.24
Tournament (k=3),Blend,Gaussian,0.47762,0.30000,000.01166916,000.19655862,000.20668983,000.31842184,000.51
Tournament (k=3),Blend,Gaussian,0.97087,0.04390,000.00000000,000.00000000,000.00000000,000.22347398,000.34
Tournament (k=3),Blend,Gaussian,0.72243,0.11476,000.00000000,000.00000000,000.00000000,000.00003314,000.38
Tournament (k=3),Blend,Gaussian,0.94259,0.27490,000.03503799,000.80855942,001.04738235,000.71099901,000.48
Tournament (k=3),Blend,Gaussian,0.45020,0.09637,000.00000000,000.00006762,000.00003052,000.00215226,000.33
Tournament (k=3),Blend,Gaussian,0.97087,0.12524,000.00000000,000.00000205,000.00000000,000.00778523,000.39
Tournament (k=3),Blend,Gaussian,0.68096,0.17762,000.00001907,000.00210371,000.00208282,000.02867595,000.42
Tournament (k=3),Blend,Gaussian,0.58741,0.19383,000.00022888,000.00582814,000.00620842,000.05367520,000.39
Tournament (k=3),Blend,Gaussian,0.76642,0.02837,000.00000000,000.00001755,000.00000000,000.09937251,000.29
Tournament (k=3),Blend,Gaussian,0.55369,0.07415,000.00000000,000.00005155,000.00001144,000.00322158,000.27
Tournament (k=3),Blend,Gaussian,0.94259,0.09637,000.00000000,000.00000000,000.00000000,000.13947119,000.37
Tournament (k=3),Blend,Gaussian,0.52190,0.17762,000.00000000,000.00048070,000.00057220,000.00334636,000.37
Tournament (k=3),Blend,Uniform,0.40000,0.03095,000.00000000,000.04833145,000.04060936,000.36975512,000.19
Tournament (k=3),Blend,Gaussian,0.52190,0.02183,000.00000000,000.00207529,000.00070572,000.11157311,000.26
Tournament (k=3),Blend,Gaussian,0.81310,0.13667,000.00000000,000.00000238,000.00000000,000.00031371,000.40
Tournament (k=3),Blend,Gaussian,1.00000,0.06226,000.00000000,000.00000000,000.00000000,000.24993879,000.34
Tournament (k=3),Blend,Gaussian,0.72243,0.30000,000.00458527,000.52938831,000.55546379,000.50307095,000.45
Tournament (k=3),Blend,Gaussian,0.94259,0.03095,000.00000000,000.00000000,000.00000000,000.14300449,000.31
Tournament (k=3),Blend,Gaussian,0.76642,0.08092,000.00000000,000.00000014,000.00000000,000.00107594,000.30
Tournament (k=3),Blend,Gaussian,0.91514,0.17762,000.00088501,000.02374721,000.02656174,000.20050465,000.39
Tournament (k=3),Blend,Uniform,0.40000,0.08830,000.00000000,000.00239000,000.00239182,000.05821613,000.28
Tournament (k=3),Blend,Gaussian,0.68096,0.06226,000.00000000,000.00002918,000.00000000,000.00109252,000.32
Tournament (k=3),Blend,Gaussian,0.68096,0.02183,000.00000000,000.00022464,000.00002670,000.16960931,000.22
Tournament (k=3),Blend,Uniform,0.41200,0.04390,000.00000000,000.01374855,000.01013184,000.20121238,000.21
Tournament (k=3),Blend,Gaussian,0.66113,0.05228,000.00000000,000.00004048,000.00001144,000.00238232,000.26
Tournament (k=3),Blend,Gaussian,0.45020,0.10516,000.00000000,000.00004854,000.00002480,000.00058350,000.34
Tournament (k=3),Blend,Gaussian,0.57030,0.14915,000.00000000,000.00000572,000.00000763,000.00015305,000.39
Tournament (k=3),Blend,Gaussian,1.00000,0.17762,000.00055695,000.03967590,000.04540825,000.14016238,000.39
Tournament (k=3),Blend,Gaussian,0.57030,0.03686,000.00000000,000.00030608,000.00012779,000.01211997,000.29
Tournament (k=3),Blend,Gaussian,0.52190,0.02382,000.00000000,000.00137706,000.00099945,000.13647710,000.27
Tournament (k=3),Blend,Gaussian,0.58741,0.07415,000.00000000,000.00003467,000.00001717,000.00081726,000.33
Tournament (k=3),Blend,Gaussian,0.78941,0.30000,000.04585266,000.69502461,000.85013199,000.58943659,000.43
Tournament (k=3),Blend,Gaussian,0.49195,0.06226,000.00000000,000.00025907,000.00015831,000.00383773,000.26
Tournament (k=3),Blend,Uniform,0.42436,0.02183,000.00000000,000.18477507,000.10368729,000.47308862,000.20
Tournament (k=3),Blend,Gaussian,0.74410,0.16276,000.00000763,000.00037684,000.00036049,000.00719452,000.36
Tournament (k=3),Blend,Gaussian,0.60503,0.03686,000.00000000,000.00036416,000.00014496,000.01000617,000.29
Tournament (k=3),Blend,Gaussian,0.81310,0.14915,000.00000000,000.00008526,000.00007057,000.02888683,000.39
Tournament (k=3),Blend,Uniform,0.42436,0.06226,000.00000000,000.00484862,000.00308609,000.10514060,000.22
Tournament (k=3),Blend,Gaussian,0.42436,0.08830,000.00000000,000.00009093,000.00006294,000.00154461,000.32
Tournament (k=3),Blend,Gaussian,0.62318,0.07415,000.00000000,000.00001893,000.00000763,000.00070617,000.33
Tournament (k=3),Blend,Gaussian,0.94259,0.10516,000.00000000,000.00000000,000.00000000,000.02852621,000.47
Tournament (k=3),Blend,Gaussian,0.91514,0.07415,000.00000000,000.00000000,000.00000000,000.00405682,000.41
Tournament (k=3),Blend,Gaussian,0.53756,0.04023,000.00000000,000.00064554,000.00023270,000.00721571,000.29
Tournament (k=3),Blend,Gaussian,0.50670,0.12524,000.00000000,000.00000725,000.00000572,000.00145234,000.37
Tournament (k=3),Blend,Gaussian,0.86261,0.10516,000.00000000,000.00000000,000.00000000,000.00004981,000.33
Tournament (k=3),Blend,Gaussian,0.41200,0.13667,000.00000000,000.00004277,000.00002670,000.00040180,000.36
Tournament (k=3),Blend,Gaussian,0.46371,0.02000,000.00000000,000.00681109,000.00274467,000.22585163,000.25
Tournament (k=3),Blend,Gaussian,0.64187,0.04023,000.00000000,000.00028868,000.00006866,000.00853001,000.30
Tournament (k=3),Blend,Uniform,0.42436,0.02382,000.00000000,000.12413993,000.03116989,000.46274763,000.25
Tournament (k=3),Blend,Gaussian,0.78941,0.04390,000.00000000,000.00000319,000.00000000,000.00297298,000.25
Tournament (k=3),Blend,Gaussian,0.62318,0.21153,000.00321198,000.02519608,000.02954483,000.08668627,000.46
Tournament (k=3),Blend,Gaussian,0.66113,0.12524,000.00000000,000.00000014,000.00000000,000.00001354,000.32
Tournament (k=3),Blend,Gaussian,0.88849,0.14915,000.00000000,000.00022058,000.00021744,000.00772124,000.36
Tournament (k=3),Blend,Gaussian,0.81310,0.05228,000.00000000,000.00000052,000.00000000,000.00060579,000.28
Tournament (k=3),Blend,Uniform,0.43709,0.02837,000.00000000,000.04070306,000.02856064,000.37331685,000.45
Tournament (k=3),Blend,Gaussian,0.72243,0.04791,000.00000000,000.00007958,000.00001717,000.00610687,000.31
Tournament (k=3),Blend,Uniform,0.43709,0.08092,000.00000000,000.00244498,000.00123215,000.03880880,000.28
Tournament (k=3),Blend,Gaussian,0.64187,0.12524,000.00000000,000.00000029,000.00000000,000.00007551,000.39
Tournament (k=3),Blend,Gaussian,0.88849,0.04791,000.00000000,000.00000000,000.00000000,000.09898705,000.25
Tournament (k=3),Blend,Gaussian,0.58741,0.02599,000.00000000,000.00131464,000.00052261,000.10409393,000.22
Tournament (k=3),Blend,Uniform,0.41200,0.13667,000.00000000,000.00048399,000.00027466,000.09965747,000.31
Tournament (k=3),Blend,Gaussian,0.42436,0.09637,000.00000000,000.00006456,000.00003433,000.00128446,000.38
Tournament (k=3),Blend,Gaussian,0.55369,0.02183,000.00000000,000.00252628,000.00097275,000.19633251,000.26
Tournament (k=3),Blend,Uniform,0.42436,0.06795,000.00000000,000.00527592,000.00508881,000.11321576,000.42
Tournament (k=3),Blend,Gaussian,0.74410,0.17762,000.00007629,000.00534658,000.00594521,000.02479546,000.50
Tournament (k=3),Blend,Gaussian,0.70139,0.03095,000.00000000,000.00011353,000.00001526,000.09906444,000.23
Tournament (k=3),Blend,Gaussian,0.74410,0.05705,000.00000000,000.00000353,000.00000000,000.00201352,000.30
Tournament (k=3),Blend,Gaussian,0.70139,0.09637,000.00000000,000.00000029,000.00000000,000.00038609,000.31
Tournament (k=3),Blend,Uniform,0.45020,0.04023,000.00000000,000.01605129,000.00740814,000.30872512,000.30
Tournament (k=3),Blend,Gaussian,1.00000,0.02183,000.00000000,000.00000029,000.00000000,000.29696313,000.32
Tournament (k=3),Blend,Gaussian,0.83749,0.23084,000.00228119,000.25753307,000.24665070,000.43145236,000.40
Tournament (k=3),Blend,Uniform,0.42436,0.17762,000.00007629,000.00566168,000.00624847,000.11611874,000.36
Tournament (k=3),Blend,Uniform,0.40000,0.30000,000.04877472,001.10331941,001.36848640,000.76432317,000.30
Tournament (k=3),Blend,Gaussian,0.76642,0.23084,000.01028442,000.14792022,000.17656326,000.29244128,000.39
Tournament (k=3),Blend,Gaussian,0.47762,0.11476,000.00000000,000.00001721,000.00001526,000.00038792,000.30
Tournament (k=3),Blend,Gaussian,0.86261,0.03686,000.00000000,000.00000010,000.00000000,000.02613476,000.24
Tournament (k=3),Blend,Gaussian,0.83749,0.06795,000.00000000,000.00000000,000.00000000,000.00047569,000.42
Tournament (k=3),Blend,Gaussian,0.53756,0.13667,000.00000000,000.00000620,000.00000381,000.00101419,000.51
Tournament (k=3),Blend,Gaussian,0.91514,0.02599,000.00000000,000.00000000,000.00000000,000.09946387,000.23
Tournament (k=3),Blend,Gaussian,0.70139,0.03378,000.00000000,000.00010543,000.00002098,000.00371070,000.23
Tournament (k=3),Blend,Uniform,0.43709,0.23084,000.01364899,000.34070212,000.35628700,000.45951506,000.62
Tournament (k=3),Blend,Gaussian,0.86261,0.30000,000.08407593,000.80198973,000.93385696,000.64634436,000.43
Tournament (k=3),Blend,Uniform,0.42436,0.07415,000.00000000,000.00266552,000.00164795,000.06993888,000.29
Tournament (k=3),Blend,Gaussian,0.78941,0.11476,000.00000000,000.00000000,000.00000000,000.00040688,000.38
Tournament (k=3),Blend,Gaussian,0.55369,0.21153,000.00041580,000.02305622,000.02699280,000.05298056,000.46
Tournament (k=3),Blend,Gaussian,0.64187,0.30000,000.01799011,000.40217763,000.44274330,000.57457542,000.50
Tournament (k=3),Blend,Gaussian,0.97087,0.04791,000.00000000,000.00000067,000.00000000,000.31774062,000.33
Tournament (k=3),Blend,Uniform,0.40000,0.03378,000.00000000,000.02824769,000.01945877,000.27886152,000.19
Tournament (k=3),Blend,Gaussian,0.55369,0.08092,000.00000000,000.00003223,000.00001526,000.00203801,000.27
Tournament (k=3),Blend,Gaussian,1.00000,0.02382,000.00000000,000.00000000,000.00000000,000.23484394,000.32
Tournament (k=3),Blend,Gaussian,0.72243,0.12524,000.00000000,000.00000000,000.00000000,000.00001878,000.38
Tournament (k=3),Blend,Gaussian,0.58741,0.21153,000.00055313,000.02205577,000.02110100,000.20885639,000.41
Tournament (k=3),Blend,Gaussian,0.46371,0.05228,000.00000000,000.00036511,000.00019455,000.01219007,000.25
Tournament (k=3),Blend,Gaussian,0.74410,0.19383,000.00054169,000.02687292,000.02591705,000.07839732,000.47
Tournament (k=3),Blend,Gaussian,0.40000,0.25191,000.00364685,000.06127395,000.07476425,000.12314831,000.35
Tournament (k=3),Blend,Gaussian,0.74410,0.02000,000.00000000,000.00003815,000.00000000,000.19477737,000.23
Tournament (k=3),Blend,Gaussian,0.94259,0.30000,000.02088928,000.90996379,001.14015007,000.70512158,000.52
Tournament (k=3),Blend,Gaussian,0.68096,0.19383,000.00143433,000.01566334,000.01687431,000.12173348,000.51
Tournament (k=3),Blend,Gaussian,0.60503,0.10516,000.00000000,000.00000305,000.00000000,000.00040249,000.30
Tournament (k=3),Blend,Gaussian,0.68096,0.02382,000.00000000,000.00020647,000.00008965,000.10244668,000.22
Tournament (k=3),Blend,Uniform,0.46371,0.02000,000.00000000,000.21913514,000.12539864,000.49653274,000.21
Tournament (k=3),Blend,Gaussian,1.00000,0.06795,000.00000000,000.00000029,000.00000000,000.23140036,000.36
Tournament (k=3),Blend,Gaussian,0.97087,0.13667,000.00000000,000.00004039,000.00003815,000.00079904,000.60
Tournament (k=3),Blend,Gaussian,0.76642,0.08830,000.00000000,000.00000000,000.00000000,000.00001627,000.31
Tournament (k=3),Blend,Gaussian,0.94259,0.03378,000.00000000,000.00000000,000.00000000,000.26750341,000.32
Tournament (k=3),Blend,Gaussian,0.52190,0.19383,000.00005722,000.00341711,000.00346184,000.01625049,000.49
Tournament (k=3),Blend,Uniform,0.40000,0.09637,000.00000000,000.00212913,000.00156403,000.02203154,000.31
Tournament (k=3),Blend,Gaussian,0.66113,0.05705,000.00000000,000.00006676,000.00000763,000.00228997,000.31
Tournament (k=3),Blend,Uniform,0.45020,0.11476,000.00000000,000.00050616,000.00041199,000.00694364,000.32
Tournament (k=3),Blend,Gaussian,0.68096,0.06795,000.00000000,000.00000925,000.00000000,000.00070224,000.33
Tournament (k=3),Blend,Gaussian,0.81310,0.02000,000.00000000,000.00000558,000.00000000,000.26972702,000.23
Tournament (k=3),Blend,Uniform,0.46371,0.05705,000.00000000,000.00437493,000.00345230,000.16946626,000.28
Tournament (k=3),Blend,Gaussian,0.66113,0.02000,000.00000000,000.00026107,000.00009918,000.14071219,000.40
Tournament (k=3),Blend,Gaussian,0.58741,0.08092,000.00000000,000.00001860,000.00000954,000.00166240,000.30
Tournament (k=3),Blend,Gaussian,0.57030,0.04023,000.00000000,000.00036120,000.00018501,000.00673942,000.31
Tournament (k=3),Blend,Gaussian,0.49195,0.06795,000.00000000,000.00017962,000.00006866,000.00290291,000.27
Tournament (k=3),Blend,Gaussian,0.70139,0.27490,000.01995850,000.34876019,000.38690758,000.48214751,000.44
Tournament (k=3),Blend,Gaussian,0.68096,0.02599,000.00000000,000.00013299,000.00005341,000.16969213,000.26
Tournament (k=3),Blend,Gaussian,0.60503,0.04023,000.00000000,000.00012870,000.00004578,000.03626874,000.31
Tournament (k=3),Blend,Uniform,0.42436,0.02599,000.00000000,000.05539431,000.05100060,000.39451891,000.20
Tournament (k=3),Blend,Gaussian,0.83749,0.02599,000.00000000,000.00000138,000.00000000,000.09898489,000.24
Tournament (k=3),Blend,Uniform,0.47762,0.02837,000.00000000,000.02717485,000.01200485,000.32372993,000.26
Tournament (k=3),Blend,Gaussian,0.78941,0.04791,000.00000000,000.00000672,000.00000000,000.00139208,000.26
Tournament (k=3),Blend,Gaussian,0.97087,0.05228,000.00000000,000.00000000,000.00000000,000.29138479,000.60
Tournament (k=3),Blend,Uniform,0.46371,0.16276,000.00000000,000.00102253,000.00106239,000.03321152,000.36
Tournament (k=3),Blend,Gaussian,0.64187,0.04390,000.00000000,000.00018439,000.00009537,000.00505258,000.31
Tournament (k=3),Blend,Gaussian,0.62318,0.08092,000.00000000,000.00000739,000.00000000,000.00123993,000.37
Tournament (k=3),Blend,Gaussian,0.91514,0.08092,000.00000000,000.00000000,000.00000000,000.11781497,000.37
Tournament (k=3),Blend,Uniform,0.43709,0.08830,000.00000000,000.00160456,000.00101471,000.03765802,000.24
Tournament (k=3),Blend,Gaussian,0.81310,0.05705,000.00000000,000.00000024,000.00000000,000.00072666,000.26
Tournament (k=3),Blend,Uniform,0.43709,0.03095,000.00000000,000.03557505,000.03167343,000.30977184,000.25
Tournament (k=3),Blend,Gaussian,0.76642,0.09637,000.00000000,000.00000000,000.00000000,000.00014653,000.43
Tournament (k=3),Blend,Gaussian,0.81310,0.16276,000.00001144,000.00116987,000.00119019,000.01760451,000.46
Tournament (k=3),Blend,Gaussian,0.41200,0.14915,000.00000000,000.00002856,000.00002289,000.00044269,000.40
Tournament (k=3),Blend,Uniform,0.45020,0.12524,000.00000000,000.00028133,000.00014114,000.01035612,000.35
Tournament (k=3),Blend,Gaussian,0.88849,0.05228,000.00000000,000.00000000,000.00000000,000.00013040,000.26
Tournament (k=3),Blend,Gaussian,0.66113,0.13667,000.00000000,000.00000076,000.00000000,000.00003317,000.36
Tournament (k=3),Blend,Gaussian,0.72243,0.05228,000.00000000,000.00002623,000.00000000,000.00170486,000.32
Tournament (k=3),Blend,Gaussian,0.88849,0.16276,000.00002670,000.00322886,000.00310516,000.03434138,000.38
Tournament (k=3),Blend,Gaussian,0.66113,0.06226,000.00000000,000.00004020,000.00000381,000.00146339,000.48
Tournament (k=3),Blend,Gaussian,0.60503,0.04390,000.00000000,000.00015874,000.00006104,000.00600500,000.34
Tournament (k=3),Blend,Uniform,0.41200,0.14915,000.00000000,000.00075083,000.00073242,000.00578663,000.32
Tournament (k=3),Blend,Gaussian,0.64187,0.13667,000.00000000,000.00000162,000.00000000,000.00005978,000.39
Tournament (k=3),Blend,Gaussian,0.52190,0.21153,000.00059509,000.01539836,000.01688766,000.03621764,000.59
Tournament (k=3),Blend,Gaussian,0.55369,0.02382,000.00000000,000.00130014,000.00071144,000.10000215,000.27
Tournament (k=3),Blend,Uniform,0.41200,0.02000,000.00000000,000.20484228,000.08913231,000.49515143,000.19
Tournament (k=3),Blend,Uniform,0.47762,0.08092,000.00000000,000.00140100,000.00074768,000.02327756,000.29
Tournament (k=3),Blend,Gaussian,0.74410,0.06226,000.00000000,000.00000076,000.00000000,000.00053781,000.27
Tournament (k=3),Blend,Gaussian,0.49195,0.02000,000.00000000,000.00280886,000.00141716,000.16697592,000.25
Tournament (k=3),Blend,Uniform,0.45020,0.04390,000.00000000,000.02152443,000.01656532,000.23389888,000.25
Tournament (k=3),Blend,Gaussian,0.70139,0.10516,000.00000000,000.00000000,000.00000000,000.00002854,000.30
Tournament (k=3),Blend,Gaussian,0.86261,0.04023,000.00000000,000.00000000,000.00000000,000.00053440,000.24
Tournament (k=3),Blend,Gaussian,0.76642,0.03095,000.00000000,000.00000572,000.00000000,000.00343749,000.29
Tournament (k=3),Blend,Uniform,0.47762,0.23084,000.00273132,000.43470278,000.45550346,000.56773108,000.30
Tournament (k=3),Blend,Uniform,0.42436,0.19383,000.00034714,000.04279232,000.03705215,000.23537588,000.34
Tournament (k=3),Blend,Uniform,0.49195,0.04023,000.00000000,000.01683698,000.01337814,000.20624141,000.26
Tournament (k=3),Blend,Gaussian,0.91514,0.02837,000.00000000,000.00000000,000.00000000,000.11165524,000.29
Tournament (k=3),Blend,Gaussian,0.83749,0.25191,000.04495239,000.40376401,000.44447708,000.52767426,000.40
Tournament (k=3),Blend,Gaussian,0.70139,0.03686,000.00000000,000.00006156,000.00000763,000.00226306,000.23
Tournament (k=3),Blend,Gaussian,0.83749,0.07415,000.00000000,000.00000000,000.00000000,000.01035092,000.34
Tournament (k=3),Blend,Gaussian,0.76642,0.25191,000.03934479,000.30895549,000.31295586,000.43918598,000.41
Tournament (k=3),Blend,Uniform,0.45020,0.04791,000.00000000,000.00832577,000.00526619,000.12709054,000.25
Tournament (k=3),Blend,Gaussian,0.49195,0.02183,000.00000000,000.00306973,000.00098610,000.17582606,000.26
Tournament (k=3),Blend,Gaussian,0.74410,0.06795,000.00000000,000.00000110,000.00000000,000.00038838,000.28
Tournament (k=3),Blend,Uniform,0.43709,0.25191,000.05313873,000.67641699,000.82957077,000.67928201,000.35
Tournament (k=3),Blend,Gaussian,0.78941,0.12524,000.00000000,000.00000000,000.00000000,000.00010477,000.35
Tournament (k=3),Blend,Gaussian,0.64187,0.14915,000.00000000,000.00001116,000.00000763,000.00024693,000.39
Tournament (k=3),Blend,Gaussian,0.52190,0.23084,000.00070953,000.04820166,000.04830170,000.19283399,000.41
Tournament (k=3),Blend,Gaussian,0.74410,0.02183,000.00000000,000.00004411,000.00000381,000.09948040,000.22
Tournament (k=3),Blend,Gaussian,1.00000,0.02599,000.00000000,000.00000033,000.00000000,000.28419834,000.31
Tournament (k=3),Blend,Gaussian,0.46371,0.05705,000.00000000,000.00016160,000.00009155,000.00979447,000.25
Tournament (k=3),Blend,Gaussian,0.91514,0.19383,000.00056458,000.07205186,000.07841110,000.24027021,000.39
Tournament (k=3),Blend,Gaussian,0.55369,0.23084,000.00314331,000.04916549,000.05503273,000.16873793,000.43
Tournament (k=3),Blend,Gaussian,0.97087,0.02000,000.00000000,000.00000000,000.00000000,000.13453595,000.27
Tournament (k=3),Blend,Uniform,0.46371,0.02183,000.00000000,000.10054560,000.04902267,000.40988973,000.19
Tournament (k=3),Blend,Gaussian,0.72243,0.13667,000.00000000,000.00000110,000.00000000,000.00019802,000.39
Tournament (k=3),Blend,Gaussian,0.62318,0.02000,000.00000000,000.00060506,000.00018883,000.22209059,000.27
Tournament (k=3),Blend,Gaussian,0.60503,0.11476,000.00000000,000.00000272,000.00000000,000.00017683,000.30
Tournament (k=3),Blend,Gaussian,0.40000,0.27490,000.00545502,000.09375910,000.11301231,000.19247547,000.35
Tournament (k=3),Blend,Gaussian,0.58741,0.23084,000.00294495,000.06612406,000.08016014,000.10597417,000.44
Tournament (k=3),Blend,Gaussian,0.74410,0.21153,000.00527954,000.06756439,000.07917976,000.17268418,000.43
Tournament (k=3),Blend,Gaussian,1.00000,0.07415,000.00000000,000.00000000,000.00000000,000.28529590,000.30
Tournament (k=3),Blend,Gaussian,0.68096,0.21153,000.00218964,000.04137049,000.05325890,000.04877384,000.43
Tournament (k=3),Blend,Gaussian,0.81310,0.02183,000.00000000,000.00000939,000.00000000,000.09896879,000.24
Tournament (k=3),Blend,Gaussian,0.53756,0.04390,000.00000000,000.00045209,000.00016785,000.00556868,000.28
Tournament (k=3),Blend,Gaussian,0.94259,0.03686,000.00000000,000.00000000,000.00000000,000.09904770,000.31
Tournament (k=3),Blend,Gaussian,0.94259,0.11476,000.00000000,000.00000000,000.00000000,000.09939845,000.35
Tournament (k=3),Blend,Uniform,0.40000,0.10516,000.00000000,000.00129724,000.00107956,000.01658956,000.29
Tournament (k=3),Blend,Gaussian,0.86261,0.11476,000.00000000,000.00000000,000.00000000,000.00010170,000.33
Tournament (k=3),Blend,Gaussian,0.68096,0.02837,000.00000000,000.00017519,000.00003052,000.00368136,000.23
Tournament (k=3),Blend,Gaussian,0.66113,0.02183,000.00000000,000.00034833,000.00012589,000.16953009,000.28
Tournament (k=3),Blend,Gaussian,0.97087,0.14915,000.00000000,000.00049729,000.00053024,000.06743384,000.46
Tournament (k=3),Blend,Uniform,0.49195,0.11476,000.00000000,000.00053110,000.00022888,000.00921215,000.27
Tournament (k=3),Blend,Gaussian,0.62318,0.23084,000.00178909,000.06103124,000.06223106,000.22427669,000.37
Tournament (k=3),Blend,Gaussian,0.57030,0.04390,000.00000000,000.00069890,000.00052452,000.01065686,000.29
Tournament (k=3),Blend,Gaussian,0.83749,0.02837,000.00000000,000.00000000,000.00000000,000.02332125,000.23
Tournament (k=3),Blend,Uniform,0.47762,0.03095,000.00000000,000.01715636,000.01198196,000.40564865,000.25
Tournament (k=3),Blend,Gaussian,0.58741,0.08830,000.00000000,000.00001006,000.00000191,000.00094958,000.38
Tournament (k=3),Blend,Gaussian,0.78941,0.05228,000.00000000,000.00000319,000.00000000,000.00095395,000.26
Tournament (k=3),Blend,Gaussian,1.00000,0.02837,000.00000000,000.00000000,000.00000000,000.32736906,000.49
Tournament (k=3),Blend,Uniform,0.43709,0.09637,000.00000000,000.00188289,000.00110245,000.02769948,000.25
Tournament (k=3),Blend,Uniform,0.43709,0.03378,000.00000000,000.04020939,000.02666855,000.38794649,000.23
Tournament (k=3),Blend,Gaussian,0.70139,0.30000,000.02916336,000.53888351,000.57509232,000.56665963,000.46
Tournament (k=3),Blend,Gaussian,0.64187,0.04791,000.00000000,000.00007229,000.00000572,000.00269308,000.30
Tournament (k=3),Blend,Gaussian,0.55369,0.25191,000.00291824,000.09525056,000.10275841,000.20079300,000.55
Tournament (k=3),Blend,Gaussian,0.97087,0.05705,000.00000000,000.00000000,000.00000000,000.18081945,000.37
Tournament (k=3),Blend,Uniform,0.46371,0.17762,000.00017929,000.00794802,000.00744629,000.12471128,000.38
Tournament (k=3),Blend,Gaussian,0.62318,0.08830,000.00000000,000.00001812,000.00000000,000.00072303,000.37
Tournament (k=3),Blend,Gaussian,0.76642,0.10516,000.00000000,000.00000000,000.00000000,000.00046225,000.31
Tournament (k=3),Blend,Gaussian,0.88849,0.05705,000.00000000,000.00000000,000.00000000,000.00891932,000.27
Tournament (k=3),Blend,Gaussian,0.68096,0.03095,000.00000000,000.00032392,000.00008392,000.09914947,000.31
Tournament (k=3),Blend,Gaussian,0.74410,0.23084,000.00936127,000.11635647,000.12221718,000.29841012,000.49
Tournament (k=3),Blend,Gaussian,0.41200,0.16276,000.00000000,000.00012555,000.00010109,000.00059781,000.37
Tournament (k=3),Blend,Uniform,0.41200,0.02183,000.00000000,000.16636701,000.10273933,000.53333491,000.18
Tournament (k=3),Blend,Gaussian,0.91514,0.08830,000.00000000,000.00000000,000.00000000,000.17330016,000.48
Tournament (k=3),Blend,Gaussian,0.88849,0.02000,000.00000000,000.00000000,000.00000000,000.19494160,000.22
Tournament (k=3),Blend,Gaussian,0.66113,0.14915,000.00000000,000.00001206,000.00000763,000.00007123,000.34
Tournament (k=3),Blend,Gaussian,0.72243,0.05705,000.00000000,000.00000458,000.00000000,000.00146906,000.32
Tournament (k=3),Blend,Uniform,0.40000,0.11476,000.00000000,000.00072622,000.00053406,000.01601265,000.46
Tournament (k=3),Blend,Uniform,0.42436,0.08092,000.00000000,000.00325623,000.00184250,000.05438566,000.23
Tournament (k=3),Blend,Gaussian,0.60503,0.04791,000.00000000,000.00010591,000.00004196,000.00343051,000.30
Tournament (k=3),Blend,Gaussian,0.55369,0.02599,000.00000000,000.00119777,000.00050735,000.10094685,000.27
Tournament (k=3),Blend,Uniform,0.40000,0.03686,000.00000000,000.03061175,000.01385880,000.28382561,000.20
Tournament (k=3),Blend,Uniform,0.41200,0.04791,000.00000000,000.01214247,000.00631523,000.14464162,000.21
Tournament (k=3),Blend,Gaussian,0.66113,0.06795,000.00000000,000.00001330,000.00000000,000.00080285,000.32
Tournament (k=3),Blend,Uniform,0.41200,0.16276,000.00001526,000.00183153,000.00201988,000.00780428,000.32
Tournament (k=3),Blend,Gaussian,0.88849,0.17762,000.00027466,000.01921320,000.01644325,000.15626335,000.38
Tournament (k=3),Blend,Uniform,0.47762,0.08830,000.00000000,000.00126834,000.00080681,000.02601229,000.29
Tournament (k=3),Blend,Gaussian,0.58741,0.25191,000.00370789,000.12184868,000.14050293,000.28042105,000.83
Tournament (k=3),Blend,Gaussian,0.62318,0.25191,000.00867081,000.15944767,000.20689774,000.29392335,000.62
Tournament (k=3),Blend,Gaussian,0.86261,0.04390,000.00000000,000.00000000,000.00000000,000.00046740,000.25
Tournament (k=3),Blend,Gaussian,0.70139,0.04023,000.00000000,000.00004110,000.00000763,000.00117369,000.24
Tournament (k=3),Blend,Uniform,0.49195,0.04390,000.00000000,000.00560465,000.00303841,000.19946511,000.26
Tournament (k=3),Blend,Gaussian,0.76642,0.03378,000.00000000,000.00000544,000.00000000,000.00260335,000.30
Tournament (k=3),Blend,Uniform,0.47762,0.25191,000.03762054,000.64899343,000.87542534,000.63914382,000.30
Tournament (k=3),Blend,Gaussian,0.57030,0.04791,000.00000000,000.00014310,000.00006104,000.00350464,000.69
Tournament (k=3),Blend,Gaussian,0.91514,0.03095,000.00000000,000.00000000,000.00000000,000.09898517,000.31
Tournament (k=3),Blend,Gaussian,0.66113,0.02382,000.00000000,000.00037608,000.00014496,000.09910107,000.71
Tournament (k=3),Blend,Uniform,0.50670,0.05705,000.00000000,000.00374427,000.00157547,000.12257019,000.28
Tournament (k=3),Blend,Uniform,0.50670,0.02000,000.00000000,000.10884742,000.04476547,000.44869348,000.40
Tournament (k=3),Blend,Gaussian,0.83749,0.08092,000.00000000,000.00000000,000.00000000,000.00010815,000.37
Tournament (k=3),Blend,Uniform,0.50670,0.16276,000.00000763,000.00259929,000.00218964,000.02855330,000.30
Tournament (k=3),Blend,Gaussian,1.00000,0.19383,000.00373840,000.10899172,000.12221527,000.31767237,000.49
Tournament (k=3),Blend,Gaussian,0.83749,0.27490,000.01669312,000.54580510,000.59171677,000.58156854,000.42
Tournament (k=3),Blend,Uniform,0.42436,0.21153,000.00224304,000.17532039,000.17628098,000.40559006,000.43
Tournament (k=3),Blend,Gaussian,0.74410,0.02382,000.00000000,000.00007653,000.00001335,000.16963451,000.23
Tournament (k=3),Blend,Gaussian,0.76642,0.27490,000.01934052,000.48295838,000.53924179,000.50754321,000.41
Tournament (k=3),Blend,Gaussian,0.66113,0.07415,000.00000000,000.00000892,000.00000000,000.00205539,000.37
Tournament (k=3),Blend,Uniform,0.46371,0.06226,000.00000000,000.00334525,000.00253296,000.10389476,000.23
Tournament (k=3),Blend,Uniform,0.43709,0.27490,000.08005524,000.93008834,001.15134239,000.71008313,000.38
Tournament (k=3),Blend,Gaussian,0.46371,0.06226,000.00000000,000.00043387,000.00027084,000.00452016,000.26
Tournament (k=3),Blend,Uniform,0.41200,0.17762,000.00004196,000.00558162,000.00646210,000.02218395,000.40
Tournament (k=3),Blend,Gaussian,0.78941,0.13667,000.00000000,000.00000238,000.00000000,000.00038911,000.40
Tournament (k=3),Blend,Gaussian,0.97087,0.02183,000.00000000,000.00000000,000.00000000,000.13970324,000.23
Tournament (k=3),Blend,Uniform,0.49195,0.04791,000.00000000,000.00625195,000.00447464,000.12791830,000.27
Tournament (k=3),Blend,Uniform,0.52190,0.02837,000.00000000,000.02873640,000.00447273,000.42517433,000.25
Tournament (k=3),Blend,Gaussian,0.68096,0.07415,000.00000000,000.00000572,000.00000000,000.00115857,000.34
Tournament (k=3),Blend,Uniform,0.42436,0.02837,000.00000000,000.04101973,000.02159309,000.39961112,000.20
Tournament (k=3),Blend,Gaussian,0.60503,0.05228,000.00000000,000.00013895,000.00004768,000.00322077,000.56
Tournament (k=3),Blend,Uniform,0.52190,0.08092,000.00000000,000.00080223,000.00042534,000.10035457,000.25
Tournament (k=3),Blend,Gaussian,0.91514,0.21153,000.01054001,000.12812439,000.13561630,000.31570527,000.42
Tournament (k=3),Blend,Gaussian,0.62318,0.02183,000.00000000,000.00063157,000.00008583,000.13991876,000.28
Tournament (k=3),Blend,Gaussian,0.60503,0.12524,000.00000000,000.00000114,000.00000000,000.00011830,000.32
Tournament (k=3),Blend,Uniform,0.42436,0.23084,000.00350189,000.25582495,000.28658104,000.55050504,000.31
Tournament (k=3),Blend,Gaussian,0.81310,0.02382,000.00000000,000.00000668,000.00000000,000.09895773,000.29
Tournament (k=3),Blend,Gaussian,0.72243,0.14915,000.00000000,000.00002618,000.00002480,000.00144261,000.41
Tournament (k=3),Blend,Gaussian,0.81310,0.06226,000.00000000,000.00000000,000.00000000,000.00169256,000.27
Tournament (k=3),Blend,Gaussian,0.94259,0.04023,000.00000000,000.00000000,000.00000000,000.10168704,000.32
Tournament (k=3),Blend,Gaussian,1.00000,0.08092,000.00000000,000.00000019,000.00000000,000.21576972,000.37
Tournament (k=3),Blend,Gaussian,0.83749,0.03095,000.00000000,000.00000291,000.00000000,000.04546595,000.24
Tournament (k=3),Blend,Uniform,0.52190,0.23084,000.01975250,000.53315324,000.62489891,000.58484614,000.36
Tournament (k=3),Blend,Gaussian,0.86261,0.12524,000.00000000,000.00000000,000.00000000,000.00003183,000.34
Tournament (k=3),Blend,Uniform,0.49195,0.12524,000.00000000,000.00019388,000.00016403,000.00650791,000.27
Tournament (k=3),Blend,Uniform,0.45020,0.13667,000.00000000,000.00026670,000.00011635,000.09894586,000.29
Tournament (k=3),Blend,Uniform,0.47762,0.03378,000.00000000,000.01520753,000.01194191,000.27586120,000.24
Tournament (k=3),Blend,Uniform,0.53756,0.04023,000.00000000,000.00444975,000.00162697,000.28241047,000.24
Tournament (k=3),Blend,Gaussian,0.68096,0.23084,000.00410080,000.10013175,000.10663414,000.37013832,000.47
Tournament (k=3),Blend,Gaussian,0.94259,0.12524,000.00000000,000.00000277,000.00000000,000.00345771,000.43
Tournament (k=3),Blend,Gaussian,0.78941,0.05705,000.00000000,000.00000029,000.00000000,000.00031603,000.26
Tournament (k=3),Blend,Uniform,0.43709,0.03686,000.00000000,000.01507530,000.01167679,000.21841390,000.21
Tournament (k=3),Blend,Gaussian,0.97087,0.16276,000.00027466,000.00821571,000.00718117,000.20916760,000.43
Tournament (k=3),Blend,Uniform,0.43709,0.10516,000.00000000,000.00109019,000.00054169,000.01658926,000.26
Tournament (k=3),Blend,Gaussian,1.00000,0.03095,000.00000000,000.00000000,000.00000000,000.22181429,000.32
Tournament (k=3),Blend,Gaussian,0.81310,0.17762,000.00024414,000.00971723,000.01215172,000.08059086,000.50
Tournament (k=3),Blend,Gaussian,0.81310,0.02599,000.00000000,000.00000038,000.00000000,000.13933882,000.30
Tournament (k=3),Blend,Uniform,0.41200,0.02382,000.00000000,000.13367549,000.08298302,000.50112182,000.19
Tournament (k=3),Blend,Gaussian,0.64187,0.05228,000.00000000,000.00013843,000.00003433,000.00431492,000.31
Tournament (k=3),Blend,Uniform,0.53756,0.11476,000.00000000,000.00015039,000.00010681,000.00653919,000.32
Tournament (k=3),Blend,Gaussian,0.88849,0.06226,000.00000000,000.00000000,000.00000000,000.02460339,000.28
Tournament (k=3),Blend,Gaussian,0.83749,0.03378,000.00000000,000.00000057,000.00000000,000.09897573,000.32
Tournament (k=3),Blend,Gaussian,0.97087,0.06226,000.00000000,000.00000000,000.00000000,000.20792772,000.35
Tournament (k=3),Blend,Gaussian,0.88849,0.02183,000.00000000,000.00000086,000.00000000,000.16966288,000.23
Tournament (k=3),Blend,Uniform,0.46371,0.19383,000.00031281,000.05339336,000.05031013,000.32088596,000.35
Tournament (k=3),Blend,Gaussian,0.62318,0.09637,000.00000000,000.00000443,000.00000000,000.00056757,000.35
Tournament (k=3),Blend,Uniform,0.49195,0.13667,000.00000000,000.00024199,000.00012970,000.00541127,000.32
Tournament (k=3),Blend,Uniform,0.40000,0.04023,000.00000000,000.03659229,000.02885246,000.31734124,000.20
Tournament (k=3),Blend,Gaussian,0.86261,0.13667,000.00000000,000.00000873,000.00000763,000.00174656,000.38
Tournament (k=3),Blend,Uniform,0.45020,0.14915,000.00000000,000.00037031,000.00034142,000.00234848,000.36
Tournament (k=3),Blend,Uniform,0.40000,0.12524,000.00000000,000.00061755,000.00050735,000.01241259,000.27
Tournament (k=3),Blend,Uniform,0.42436,0.08830,000.00000000,000.00304494,000.00243950,000.08443595,000.24
Tournament (k=3),Blend,Uniform,0.55369,0.02000,000.00000000,000.05526366,000.01216507,000.43264264,000.25
Tournament (k=3),Blend,Uniform,0.45020,0.05228,000.00000000,000.00931702,000.00441360,000.13288784,000.26
Tournament (k=3),Blend,Gaussian,0.91514,0.09637,000.00000000,000.00000000,000.00000000,000.00034968,000.38
Tournament (k=3),Blend,Gaussian,0.72243,0.06226,000.00000000,000.00000710,000.00000000,000.00309380,000.33
Tournament (k=3),Blend,Uniform,0.41200,0.05228,000.00000000,000.01463270,000.01288033,000.17163859,000.21
Tournament (k=3),Blend,Gaussian,0.66113,0.16276,000.00000000,000.00013862,000.00012398,000.00202353,000.36
Tournament (k=3),Blend,Gaussian,0.74410,0.07415,000.00000000,000.00000038,000.00000000,000.00049803,000.28
Tournament (k=3),Blend,Uniform,0.55369,0.05705,000.00000000,000.00226159,000.00138474,000.05946430,000.28
Tournament (k=3),Blend,Gaussian,0.70139,0.04390,000.00000000,000.00004921,000.00000572,000.00220371,000.24
Tournament (k=3),Blend,Gaussian,0.86261,0.04791,000.00000000,000.00000072,000.00000000,000.00073508,000.26
Tournament (k=3),Blend,Uniform,0.53756,0.12524,000.00000000,000.00011239,000.00008583,000.00128127,000.33
Tournament (k=3),Blend,Uniform,0.46371,0.02382,000.00000000,000.04154653,000.02751160,000.40113300,000.19
Tournament (k=3),Blend,Uniform,0.47762,0.09637,000.00000000,000.00047798,000.00040054,000.00757384,000.30
Tournament (k=3),Blend,Gaussian,0.76642,0.03686,000.00000000,000.00001106,000.00000000,000.00263353,000.30
Tournament (k=3),Blend,Uniform,0.40000,0.04390,000.00000000,000.01610389,000.01382828,000.20516606,000.30
Tournament (k=3),Blend,Gaussian,0.66113,0.02599,000.00000000,000.00041623,000.00012970,000.09952973,000.28
Tournament (k=3),Blend,Uniform,0.50670,0.02183,000.00000000,000.13655838,000.08043861,000.50910741,000.25
Tournament (k=3),Blend,Gaussian,0.91514,0.03378,000.00000000,000.00000000,000.00000000,000.14021748,000.31
Tournament (k=3),Blend,Uniform,0.55369,0.02183,000.00000000,000.03345227,000.01769257,000.42045087,000.29
Tournament (k=3),Blend,Gaussian,0.58741,0.02837,000.00000000,000.00030966,000.00021362,000.10042226,000.22
Tournament (k=3),Blend,Uniform,0.42436,0.09637,000.00000000,000.00131569,000.00131989,000.02951349,000.32
Tournament (k=3),Blend,Gaussian,0.62318,0.27490,000.02504730,000.20284852,000.21209908,000.35263565,000.42
Tournament (k=3),Blend,Gaussian,0.58741,0.27490,000.01820374,000.22125907,000.23240852,000.38027203,000.46
Tournament (k=3),Blend,Uniform,0.45020,0.05705,000.00000000,000.00328321,000.00345993,000.11404635,000.34
Tournament (k=3),Blend,Uniform,0.50670,0.17762,000.00011444,000.01447277,000.01447105,000.23433253,000.35
Tournament (k=3),Blend,Gaussian,0.83749,0.08830,000.00000000,000.00000000,000.00000000,000.13676694,000.36
Tournament (k=3),Blend,Uniform,0.57030,0.02837,000.00000000,000.03249288,000.01080132,000.41216996,000.21
Tournament (k=3),Blend,Gaussian,0.74410,0.08092,000.00000000,000.00000172,000.00000000,000.00116395,000.32
Tournament (k=3),Blend,Uniform,0.46371,0.06795,000.00000000,000.00351429,000.00272369,000.06125755,000.27
Tournament (k=3),Blend,Gaussian,1.00000,0.21153,000.00386810,000.25603765,000.27826309,000.46688843,000.41
Tournament (k=3),Blend,Gaussian,0.83749,0.30000,000.09711838,000.79250085,001.03386116,000.62342191,000.42
Tournament (k=3),Blend,Uniform,0.55369,0.16276,000.00000000,000.00330629,000.00222969,000.04418951,000.36
Tournament (k=3),Blend,Uniform,0.50670,0.02382,000.00000000,000.05214930,000.01744843,000.38386655,000.25
Tournament (k=3),Blend,Gaussian,0.91514,0.10516,000.00000000,000.00000000,000.00000000,000.00015255,000.52
Tournament (k=3),Blend,Uniform,0.42436,0.03095,000.00000000,000.07451086,000.03849792,000.36419633,000.19
Tournament (k=3),Blend,Gaussian,0.91514,0.03686,000.00000000,000.00000024,000.00000000,000.00483230,000.26
Tournament (k=3),Blend,Gaussian,0.76642,0.30000,000.06780243,000.58955020,000.67752075,000.54087371,000.41
Tournament (k=3),Blend,Uniform,0.57030,0.08092,000.00000000,000.00031614,000.00011444,000.10058377,000.30
Tournament (k=3),Blend,Gaussian,0.76642,0.04023,000.00000000,000.00000801,000.00000000,000.00301511,000.32
Tournament (k=3),Blend,Uniform,0.52190,0.03095,000.00000000,000.01217775,000.00744247,000.31390491,000.26
Tournament (k=3),Blend,Uniform,0.49195,0.05228,000.00000000,000.00442262,000.00238419,000.11615547,000.27
Tournament (k=3),Blend,Uniform,0.43709,0.30000,000.11498642,001.20110679,001.39797592,000.85175163,000.40
Tournament (k=3),Blend,Uniform,0.52190,0.08830,000.00000000,000.00031672,000.00021744,000.00753180,000.25
Tournament (k=3),Blend,Uniform,0.57030,0.23084,000.01110077,000.60387480,000.80930138,000.65915745,000.35
Tournament (k=3),Blend,Uniform,0.58741,0.04023,000.00000000,000.00427155,000.00176239,000.24267615,000.27
Tournament (k=3),Blend,Gaussian,0.62318,0.02382,000.00000000,000.00061812,000.00040627,000.17030016,000.28
Tournament (k=3),Blend,Gaussian,0.68096,0.08092,000.00000000,000.00000072,000.00000000,000.00118434,000.34
Tournament (k=3),Blend,Gaussian,0.72243,0.02000,000.00000000,000.00006199,000.00000572,000.09909584,000.22
Tournament (k=3),Blend,Gaussian,0.60503,0.13667,000.00000000,000.00000215,000.00000000,000.00011474,000.35
Tournament (k=3),Blend,Uniform,0.46371,0.07415,000.00000000,000.00225677,000.00097466,000.02669792,000.30
Tournament (k=3),Blend,Gaussian,0.81310,0.06795,000.00000000,000.00000000,000.00000000,000.00069679,000.28
Tournament (k=3),Blend,Uniform,0.53756,0.04390,000.00000000,000.00572786,000.00364685,000.21830142,000.24
Tournament (k=3),Blend,Gaussian,0.68096,0.03378,000.00000000,000.00011716,000.00001526,000.09947395,000.30
Tournament (k=3),Blend,Gaussian,0.76642,0.11476,000.00000000,000.00000000,000.00000000,000.00001751,000.33
Tournament (k=3),Blend,Gaussian,0.94259,0.04390,000.00000000,000.00000000,000.00000000,000.13945997,000.34
Tournament (k=3),Blend,Uniform,0.45020,0.02000,000.00000000,000.09765325,000.07866478,000.40066674,000.23
Tournament (k=3),Blend,Gaussian,0.70139,0.11476,000.00000000,000.00000000,000.00000000,000.00016189,000.33
Tournament (k=3),Blend,Uniform,0.43709,0.04023,000.00000000,000.02035232,000.01686859,000.16705465,000.22
Tournament (k=3),Blend,Gaussian,1.00000,0.08830,000.00000000,000.00000010,000.00000000,000.18115823,000.38
Tournament (k=3),Blend,Uniform,0.52190,0.25191,000.02945709,000.77756357,000.96330261,000.66472745,000.38
Tournament (k=3),Blend,Gaussian,0.72243,0.16276,000.00000763,000.00029936,000.00030518,000.00551862,000.44
Tournament (k=3),Blend,Gaussian,0.91514,0.23084,000.02241516,000.26096234,000.29944992,000.42091301,000.56
Tournament (k=3),Blend,Gaussian,0.78941,0.06226,000.00000000,000.00000143,000.00000000,000.00096102,000.28
Tournament (k=3),Blend,Uniform,0.43709,0.11476,000.00000000,000.00062609,000.00041962,000.01033590,000.27
Tournament (k=3),Blend,Uniform,0.41200,0.02599,000.00000000,000.06678629,000.05330276,000.38939357,000.20
Tournament (k=3),Blend,Gaussian,0.74410,0.25191,000.00899506,000.21269473,000.21955299,000.47065344,000.46
Tournament (k=3),Blend,Gaussian,0.81310,0.02837,000.00000000,000.00000463,000.00000000,000.00837226,000.31
Tournament (k=3),Blend,Gaussian,0.68096,0.25191,000.00685501,000.16511288,000.18544579,000.40762007,000.48
Tournament (k=3),Blend,Gaussian,1.00000,0.03378,000.00000000,000.00000000,000.00000000,000.21033405,000.34
Tournament (k=3),Blend,Gaussian,0.94259,0.13667,000.00000000,000.00002060,000.00001526,000.00171634,000.48
Tournament (k=3),Blend,Gaussian,0.88849,0.02382,000.00000000,000.00000024,000.00000000,000.09949807,000.24
Tournament (k=3),Blend,Gaussian,0.97087,0.17762,000.00047302,000.02711420,000.02699280,000.20751430,000.46
Tournament (k=3),Blend,Uniform,0.45020,0.02183,000.00000000,000.12399926,000.04736710,000.45059368,000.26
Tournament (k=3),Blend,Uniform,0.58741,0.11476,000.00000000,000.00004344,000.00001526,000.02121112,000.34
Tournament (k=3),Blend,Gaussian,0.88849,0.06795,000.00000000,000.00000000,000.00000000,000.10379386,000.30
Tournament (k=3),Blend,Uniform,0.60503,0.02000,000.00000000,000.05309901,000.01064682,000.54409051,000.27
Tournament (k=3),Blend,Gaussian,0.81310,0.19383,000.00103378,000.04861932,000.04538345,000.26091889,000.45
Tournament (k=3),Blend,Uniform,0.49195,0.14915,000.00000000,000.00038004,000.00032043,000.00486021,000.30
Tournament (k=3),Blend,Uniform,0.41200,0.02837,000.00000000,000.02942495,000.02169228,000.33842036,000.23
Tournament (k=3),Blend,Gaussian,0.88849,0.19383,000.00128174,000.04586697,000.04720306,000.19448537,000.40
Tournament (k=3),Blend,Uniform,0.47762,0.27490,000.04223251,000.93678284,001.19696236,000.73471510,000.33
Tournament (k=3),Blend,Gaussian,0.97087,0.06795,000.00000000,000.00000000,000.00000000,000.04960966,000.38
Tournament (k=3),Blend,Gaussian,0.78941,0.06795,000.00000000,000.00000091,000.00000000,000.00079169,000.33
Tournament (k=3),Blend,Uniform,0.46371,0.21153,000.00092316,000.17984566,000.23004913,000.41892508,000.38
Tournament (k=3),Blend,Uniform,0.45020,0.16276,000.00000000,000.00177093,000.00145721,000.03865504,000.35
Tournament (k=3),Blend,Uniform,0.40000,0.13667,000.00000000,000.00041389,000.00036049,000.01447602,000.35
Tournament (k=3),Blend,Uniform,0.41200,0.05705,000.00000000,000.01051693,000.00735474,000.11037962,000.23
Tournament (k=3),Blend,Gaussian,0.88849,0.02599,000.00000000,000.00000000,000.00000000,000.00668972,000.27
Tournament (k=3),Blend,Gaussian,0.70139,0.04791,000.00000000,000.00002947,000.00000381,000.00219411,000.25
Tournament (k=3),Blend,Uniform,0.45020,0.02382,000.00000000,000.13399310,000.05747604,000.41792530,000.26
Tournament (k=3),Blend,Uniform,0.46371,0.02599,000.00000000,000.02856665,000.01111984,000.38976377,000.20
Tournament (k=3),Blend,Gaussian,0.86261,0.05228,000.00000000,000.00000000,000.00000000,000.00007195,000.26
Tournament (k=3),Blend,Gaussian,0.72243,0.06795,000.00000000,000.00000196,000.00000000,000.00112279,000.36
Tournament (k=3),Blend,Uniform,0.40000,0.04791,000.00000000,000.02154169,000.01375580,000.10314650,000.21
Tournament (k=3),Blend,Uniform,0.47762,0.10516,000.00000000,000.00053158,000.00046349,000.00462290,000.29
Tournament (k=3),Blend,Uniform,0.60503,0.02183,000.00000000,000.03747158,000.01102257,000.41504115,000.32
Tournament (k=3),Blend,Uniform,0.55369,0.02382,000.00000000,000.14898577,000.03988838,000.46017152,000.27
Tournament (k=3),Blend,Gaussian,0.97087,0.02382,000.00000000,000.00000019,000.00000000,000.25498784,000.28
Tournament (k=3),Blend,Uniform,0.42436,0.10516,000.00000000,000.00113220,000.00079346,000.00974832,000.26
Tournament (k=3),Blend,Uniform,0.41200,0.19383,000.00085831,000.04800696,000.05446625,000.14813304,000.37
Tournament (k=3),Blend,Uniform,0.60503,0.05705,000.00000000,000.00119791,000.00050163,000.11232404,000.30
Tournament (k=3),Blend,Gaussian,0.66113,0.17762,000.00007629,000.00266938,000.00275421,000.01464694,000.54
Tournament (k=3),Blend,Gaussian,0.94259,0.14915,000.00000000,000.00054283,000.00047302,000.05524540,000.52
Tournament (k=3),Blend,Uniform,0.57030,0.03095,000.00000000,000.01453509,000.00338554,000.29004174,000.23
Tournament (k=3),Blend,Uniform,0.45020,0.06226,000.00000000,000.00376563,000.00218582,000.11755984,000.25
Tournament (k=3),Blend,Gaussian,0.97087,0.19383,000.00961685,000.09350023,000.11661911,000.33855787,000.53
Tournament (k=3),Blend,Gaussian,0.78941,0.14915,000.00000000,000.00006461,000.00006866,000.00057379,000.45
Tournament (k=3),Blend,Gaussian,0.86261,0.02000,000.00000000,000.00000000,000.00000000,000.16971518,000.26
Tournament (k=3),Blend,Gaussian,0.74410,0.08830,000.00000000,000.00000005,000.00000000,000.00017468,000.31
Tournament (k=3),Blend,Gaussian,0.62318,0.30000,000.03717041,000.34404826,000.35910797,000.47470981,000.44
Tournament (k=3),Blend,Uniform,0.49195,0.05705,000.00000000,000.00370584,000.00268555,000.15928303,000.29
Tournament (k=3),Blend,Gaussian,0.83749,0.09637,000.00000000,000.00000000,000.00000000,000.00001177,000.37
Tournament (k=3),Blend,Uniform,0.50670,0.19383,000.00054169,000.06362238,000.07048798,000.29313907,000.40
Tournament (k=3),Blend,Uniform,0.50670,0.02599,000.00000000,000.01899400,000.01263046,000.34137112,000.26
Tournament (k=3),Blend,Uniform,0.55369,0.17762,000.00010681,000.01701770,000.01520920,000.20162967,000.33
Tournament (k=3),Blend,Uniform,0.57030,0.08830,000.00000000,000.00045753,000.00029564,000.00375452,000.27
Tournament (k=3),Blend,Uniform,0.52190,0.03378,000.00000000,000.01693044,000.00849533,000.34195083,000.28
Tournament (k=3),Blend,Gaussian,0.78941,0.02000,000.00000000,000.00004334,000.00000000,000.22165912,000.22
Tournament (k=3),Blend,Uniform,0.42436,0.25191,000.02108002,000.61751717,000.76180458,000.63710999,000.47
Tournament (k=3),Blend,Uniform,0.47762,0.03686,000.00000000,000.02025619,000.01639366,000.28669399,000.27
Tournament (k=3),Blend,Uniform,0.52190,0.09637,000.00000000,000.00037374,000.00020790,000.01871699,000.27
Tournament (k=3),Blend,Gaussian,0.91514,0.04023,000.00000000,000.00000000,000.00000000,000.09902093,000.38
Tournament (k=3),Blend,Gaussian,1.00000,0.23084,000.02950287,000.43828377,000.37616158,000.51836246,000.47
Tournament (k=3),Blend,Uniform,0.42436,0.11476,000.00000000,000.00062952,000.00043297,000.00768947,000.41
Tournament (k=3),Blend,Gaussian,0.76642,0.04390,000.00000000,000.00000868,000.00000000,000.00741408,000.33
Tournament (k=3),Blend,Uniform,0.58741,0.04390,000.00000000,000.00190787,000.00078201,000.05312352,000.28
Tournament (k=3),Blend,Gaussian,0.62318,0.02599,000.00000000,000.00021358,000.00009537,000.01133807,000.29
Tournament (k=3),Blend,Gaussian,0.72243,0.02183,000.00000000,000.00025029,000.00000763,000.16985896,000.23
Tournament (k=3),Blend,Gaussian,0.68096,0.08830,000.00000000,000.00000100,000.00000000,000.00037367,000.30
Tournament (k=3),Blend,Gaussian,0.91514,0.11476,000.00000000,000.00000000,000.00000000,000.00007743,000.48
Tournament (k=3),Blend,Gaussian,0.68096,0.03686,000.00000000,000.00010362,000.00001526,000.00602419,000.25
Tournament (k=3),Blend,Uniform,0.46371,0.08092,000.00000000,000.00153461,000.00090218,000.04643930,000.30
Tournament (k=3),Blend,Gaussian,0.81310,0.07415,000.00000000,000.00000000,000.00000000,000.00056094,000.29
Tournament (k=3),Blend,Uniform,0.53756,0.04791,000.00000000,000.00339208,000.00253677,000.05336965,000.29
Tournament (k=3),Blend,Gaussian,0.60503,0.14915,000.00000000,000.00001044,000.00000763,000.00032852,000.34
Tournament (k=3),Blend,Gaussian,0.83749,0.03686,000.00000000,000.00000029,000.00000000,000.00142784,000.24
Tournament (k=3),Blend,Gaussian,0.76642,0.12524,000.00000000,000.00000000,000.00000000,000.00009220,000.34
Tournament (k=3),Blend,Uniform,0.43709,0.04390,000.00000000,000.01761708,000.01793289,000.20185450,000.26
Tournament (k=3),Blend,Gaussian,0.97087,0.21153,000.00337601,000.17391786,000.17773438,000.39467570,000.57
Tournament (k=3),Blend,Gaussian,0.94259,0.04791,000.00000000,000.00000000,000.00000000,000.25264695,000.34
Tournament (k=3),Blend,Uniform,0.58741,0.04791,000.00000000,000.00494585,000.00221634,000.17710970,000.26
Tournament (k=3),Blend,Uniform,0.43709,0.12524,000.00000000,000.00076718,000.00053024,000.02769644,000.26
Tournament (k=3),Blend,Uniform,0.52190,0.27490,000.14753723,001.16820312,001.44252014,000.78577697,000.32
Tournament (k=3),Blend,Gaussian,0.70139,0.12524,000.00000000,000.00000000,000.00000000,000.00001314,000.38
Tournament (k=3),Blend,Uniform,0.50670,0.06226,000.00000000,000.00346336,000.00185776,000.14217415,000.28
Tournament (k=3),Blend,Gaussian,1.00000,0.09637,000.00000000,000.00000000,000.00000000,000.16153136,000.37
Tournament (k=3),Blend,Gaussian,0.74410,0.02599,000.00000000,000.00003533,000.00000000,000.01422861,000.22
Tournament (k=3),Blend,Gaussian,0.86261,0.14915,000.00000000,000.00015664,000.00012779,000.01358002,000.36
Tournament (k=3),Blend,Gaussian,0.72243,0.17762,000.00008392,000.00373077,000.00387955,000.03957335,000.43
Tournament (k=3),Blend,Gaussian,0.81310,0.03095,000.00000000,000.00000548,000.00000000,000.00490414,000.30
Tournament (k=3),Blend,Gaussian,1.00000,0.03686,000.00000000,000.00000000,000.00000000,000.19587122,000.32
Tournament (k=3),Blend,Uniform,0.55369,0.06226,000.00000000,000.00105696,000.00038147,000.02249310,000.29
Tournament (k=3),Blend,Uniform,0.58741,0.12524,000.00000000,000.00003691,000.00001526,000.00531148,000.29
Tournament (k=3),Blend,Gaussian,0.88849,0.07415,000.00000000,000.00000000,000.00000000,000.00238114,000.29
Tournament (k=3),Blend,Uniform,0.43709,0.04791,000.00000000,000.00907345,000.00859070,000.15027456,000.26
Tournament (k=3),Blend,Uniform,0.58741,0.05228,000.00000000,000.00202022,000.00067329,000.11072619,000.27
Tournament (k=3),Blend,Gaussian,0.74410,0.27490,000.02055740,000.31556067,000.34937668,000.47750080,000.47
Tournament (k=3),Blend,Uniform,0.49195,0.16276,000.00000381,000.00155430,000.00160789,000.11358560,000.29
Tournament (k=3),Blend,Gaussian,0.78941,0.07415,000.00000000,000.00000038,000.00000000,000.00046496,000.28
Tournament (k=3),Blend,Uniform,0.47762,0.30000,000.13756561,001.29848790,001.53032684,000.81067252,000.31
Tournament (k=3),Blend,Uniform,0.41200,0.06226,000.00000000,000.00390563,000.00345039,000.05882041,000.22
Tournament (k=3),Blend,Gaussian,0.88849,0.02837,000.00000000,000.00000029,000.00000000,000.10663848,000.23
Tournament (k=3),Blend,Uniform,0.46371,0.02837,000.00000000,000.02280283,000.01622200,000.29274666,000.20
Tournament (k=3),Blend,Uniform,0.45020,0.02599,000.00000000,000.10349579,000.03557396,000.48796770,000.25
Tournament (k=3),Blend,Gaussian,0.68096,0.27490,000.02806091,000.26265305,000.29201317,000.35752594,000.63
Tournament (k=3),Blend,Uniform,0.42436,0.03378,000.00000000,000.02457595,000.02120781,000.26789001,000.20
Tournament (k=3),Blend,Uniform,0.40000,0.05228,000.00000000,000.00822773,000.00660324,000.11570561,000.21
Tournament (k=3),Blend,Gaussian,0.70139,0.05228,000.00000000,000.00004973,000.00000763,000.00247824,000.31
Tournament (k=3),Blend,Gaussian,0.88849,0.08092,000.00000000,000.00000000,000.00000000,000.00038602,000.31
Tournament (k=3),Blend,Uniform,0.43709,0.13667,000.00000000,000.00058918,000.00052071,000.01019796,000.52
Tournament (k=3),Blend,Uniform,0.55369,0.02599,000.00000000,000.03872738,000.01175117,000.37721592,000.26
Tournament (k=3),Blend,Uniform,0.60503,0.02382,000.00000000,000.05338774,000.00588226,000.49594197,000.26
Tournament (k=3),Blend,Uniform,0.46371,0.23084,000.01515198,000.33288965,000.35964012,000.49846530,000.48
Tournament (k=3),Blend,Uniform,0.57030,0.03378,000.00000000,000.00663247,000.00281143,000.26349002,000.22
Tournament (k=3),Blend,Gaussian,0.97087,0.02599,000.00000000,000.00000000,000.00000000,000.27146825,000.31
Tournament (k=3),Blend,Uniform,0.41200,0.06795,000.00000000,000.00699062,000.00430298,000.05207695,000.22
Tournament (k=3),Blend,Uniform,0.47762,0.11476,000.00000000,000.00036879,000.00028229,000.09971069,000.31
Tournament (k=3),Blend,Uniform,0.60503,0.06226,000.00000000,000.00066495,000.00034142,000.10048418,000.29
Tournament (k=3),Blend,Uniform,0.46371,0.03095,000.00000000,000.01847887,000.01130104,000.25404614,000.21
Tournament (k=3),Blend,Uniform,0.45020,0.17762,000.00024033,000.00973392,000.00918579,000.05269290,000.55
Tournament (k=3),Blend,Uniform,0.41200,0.21153,000.00544739,000.10651221,000.12455559,000.29170349,000.33
Tournament (k=3),Blend,Uniform,0.52190,0.30000,000.05216217,001.27559268,001.52399635,000.85504854,000.63
Tournament (k=3),Blend,Gaussian,0.72243,0.07415,000.00000000,000.00000091,000.00000000,000.00017200,000.40
Tournament (k=3),Blend,Gaussian,0.81310,0.21153,000.00209808,000.07481623,000.07632256,000.29570153,000.70
Tournament (k=3),Blend,Uniform,0.45020,0.06795,000.00000000,000.00308428,000.00260544,000.10626441,000.28
Tournament (k=3),Blend,Gaussian,0.66113,0.19383,000.00028229,000.01457372,000.01517487,000.09983469,000.37
Tournament (k=3),Blend,Gaussian,0.86261,0.02183,000.00000000,000.00000000,000.00000000,000.19503288,000.23
Tournament (k=3),Blend,Uniform,0.57030,0.25191,000.06512451,000.96562701,001.20521736,000.70214242,000.32
Tournament (k=3),Blend,Gaussian,0.94259,0.16276,000.00006866,000.00436649,000.00518036,000.07445382,000.45
Tournament (k=3),Blend,Gaussian,0.74410,0.09637,000.00000000,000.00000000,000.00000000,000.00002023,000.31
Tournament (k=3),Blend,Uniform,0.49195,0.06226,000.00000000,000.00335441,000.00214005,000.13775998,000.28
Tournament (k=3),Blend,Gaussian,0.78941,0.02183,000.00000000,000.00000367,000.00000000,000.11256097,000.22
Tournament (k=3),Blend,Uniform,0.50670,0.02837,000.00000000,000.04717798,000.01299095,000.39822292,000.27
Tournament (k=3),Blend,Uniform,0.52190,0.03686,000.00000000,000.00940037,000.00366592,000.30014449,000.26
Tournament (k=3),Blend,Uniform,0.45020,0.02837,000.00000000,000.06249056,000.04568100,000.36618352,000.41
Tournament (k=3),Blend,Uniform,0.60503,0.16276,000.00000763,000.00478745,000.00402069,000.13538888,000.38
Tournament (k=3),Blend,Uniform,0.57030,0.09637,000.00000000,000.00037522,000.00017166,000.00742924,000.31
Tournament (k=3),Blend,Uniform,0.50670,0.21153,000.01011276,000.22022462,000.23471832,000.43110266,000.36
Tournament (k=3),Blend,Gaussian,0.72243,0.19383,000.00032043,000.01834402,000.02197075,000.04942304,000.79
Tournament (k=3),Blend,Uniform,0.47762,0.04023,000.00000000,000.01295028,000.00786209,000.21068281,000.26
Tournament (k=3),Blend,Gaussian,0.83749,0.10516,000.00000000,000.00000000,000.00000000,000.00007020,000.38
Tournament (k=3),Blend,Uniform,0.55369,0.19383,000.00061798,000.07040944,000.06291199,000.34621364,000.35
Tournament (k=3),Blend,Uniform,0.42436,0.27490,000.06363678,000.85779506,001.07078171,000.76101279,000.30
Tournament (k=3),Blend,Uniform,0.52190,0.10516,000.00000000,000.00020947,000.00015450,000.10145607,000.27
Tournament (k=3),Blend,Uniform,0.42436,0.12524,000.00000000,000.00058160,000.00052643,000.00636194,000.27
Tournament (k=3),Blend,Gaussian,0.72243,0.02382,000.00000000,000.00012169,000.00001717,000.02782878,000.22
Tournament (k=3),Blend,Gaussian,0.62318,0.02837,000.00000000,000.00027099,000.00013351,000.00756070,000.28
Tournament (k=3),Blend,Gaussian,0.91514,0.04390,000.00000000,000.00000000,000.00000000,000.11049624,000.32
Tournament (k=3),Blend,Gaussian,0.76642,0.04791,000.00000000,000.00000763,000.00000000,000.00077343,000.31
Tournament (k=3),Blend,Gaussian,0.78941,0.02382,000.00000000,000.00003157,000.00000000,000.13920617,000.25
Tournament (k=3),Blend,Uniform,0.49195,0.06795,000.00000000,000.00217829,000.00080490,000.03085701,000.28
Tournament (k=3),Blend,Gaussian,1.00000,0.25191,000.01825714,000.57030094,000.67979050,000.61712146,000.43
Tournament (k=3),Blend,Gaussian,0.68096,0.09637,000.00000000,000.00000119,000.00000000,000.00016862,000.36
Tournament (k=3),Blend,Gaussian,0.91514,0.25191,000.02880096,000.47101927,000.49162674,000.53435838,000.42
Tournament (k=3),Blend,Uniform,0.62318,0.02837,000.00000000,000.01152720,000.00390816,000.29995829,000.26
Tournament (k=3),Blend,Uniform,0.41200,0.03095,000.00000000,000.03055635,000.01759338,000.38366190,000.19
Tournament (k=3),Blend,Uniform,0.46371,0.08830,000.00000000,000.00194154,000.00062561,000.10152047,000.29
Tournament (k=3),Blend,Uniform,0.53756,0.05228,000.00000000,000.00255413,000.00140572,000.18219979,000.27
Tournament (k=3),Blend,Gaussian,0.94259,0.05228,000.00000000,000.00000000,000.00000000,000.00321373,000.26
Tournament (k=3),Blend,Uniform,0.57030,0.10516,000.00000000,000.00013270,000.00006676,000.01127669,000.33
Tournament (k=3),Blend,Gaussian,0.60503,0.16276,000.00000000,000.00011048,000.00012207,000.00065320,000.34
Tournament (k=3),Blend,Uniform,0.53756,0.13667,000.00000000,000.00012598,000.00009537,000.00116784,000.33
Tournament (k=3),Blend,Gaussian,0.83749,0.11476,000.00000000,000.00000000,000.00000000,000.00003267,000.38
Tournament (k=3),Blend,Uniform,0.50670,0.06795,000.00000000,000.00247631,000.00189018,000.02653892,000.28
Tournament (k=3),Blend,Gaussian,0.76642,0.13667,000.00000000,000.00000072,000.00000000,000.00010635,000.40
Tournament (k=3),Blend,Gaussian,0.74410,0.02837,000.00000000,000.00003262,000.00000191,000.01988605,000.23
Tournament (k=3),Blend,Gaussian,0.70139,0.13667,000.00000000,000.00000138,000.00000000,000.00021053,000.33
Tournament (k=3),Blend,Gaussian,0.97087,0.07415,000.00000000,000.00000052,000.00000000,000.32988596,000.36
Tournament (k=3),Blend,Gaussian,0.97087,0.23084,000.00477600,000.40558416,000.42912102,000.49761057,000.41
Tournament (k=3),Blend,Gaussian,0.88849,0.21153,000.00836182,000.12860613,000.13985825,000.35618913,000.41
Tournament (k=3),Blend,Gaussian,0.81310,0.03378,000.00000000,000.00000100,000.00000000,000.00504187,000.25
Tournament (k=3),Blend,Uniform,0.62318,0.03095,000.00000000,000.01297994,000.00502968,000.34298298,000.27
Tournament (k=3),Blend,Uniform,0.55369,0.06795,000.00000000,000.00141826,000.00054741,000.05278332,000.29
Tournament (k=3),Blend,Gaussian,0.86261,0.05705,000.00000000,000.00000000,000.00000000,000.00115357,000.27
Tournament (k=3),Blend,Uniform,0.40000,0.14915,000.00000000,000.00057192,000.00052071,000.01160388,000.32
Tournament (k=3),Blend,Uniform,0.43709,0.05228,000.00000000,000.00292501,000.00240517,000.17964604,000.26
Tournament (k=3),Blend,Gaussian,1.00000,0.10516,000.00000000,000.00000000,000.00000000,000.00201039,000.38
Tournament (k=3),Blend,Gaussian,0.86261,0.16276,000.00003433,000.00142288,000.00146675,000.03030533,000.37
Tournament (k=3),Blend,Uniform,0.58741,0.05705,000.00000000,000.00122442,000.00026321,000.14640833,000.29
Tournament (k=3),Blend,Uniform,0.49195,0.02000,000.00000000,000.15410528,000.06869507,000.51095295,000.21
Tournament (k=3),Blend,Uniform,0.58741,0.13667,000.00000000,000.00004730,000.00003052,000.00215946,000.34
Tournament (k=3),Blend,Uniform,0.42436,0.03686,000.00000000,000.02320685,000.01594925,000.30742502,000.21
Tournament (k=3),Blend,Uniform,0.49195,0.17762,000.00037384,000.01504197,000.01760864,000.13371256,000.30
Tournament (k=3),Blend,Uniform,0.62318,0.08092,000.00000000,000.00031710,000.00016975,000.10364135,000.27
Tournament (k=3),Blend,Uniform,0.62318,0.03378,000.00000000,000.00652385,000.00072479,000.26832077,000.28
Tournament (k=3),Blend,Gaussian,0.88849,0.08830,000.00000000,000.00000000,000.00000000,000.00956293,000.31
Tournament (k=3),Blend,Gaussian,0.78941,0.16276,000.00000381,000.00062881,000.00067329,000.00644877,000.37
Tournament (k=3),Blend,Uniform,0.55369,0.02837,000.00000000,000.02230105,000.01148033,000.37579045,000.26
Tournament (k=3),Blend,Uniform,0.57030,0.03686,000.00000000,000.00687485,000.00293541,000.24423142,000.24
Tournament (k=3),Blend,Uniform,0.41200,0.07415,000.00000000,000.00545845,000.00496674,000.03593123,000.23
Tournament (k=3),Blend,Uniform,0.46371,0.03378,000.00000000,000.03596888,000.01635551,000.34159681,000.21
Tournament (k=3),Blend,Uniform,0.60503,0.02599,000.00000000,000.01266336,000.00125313,000.48539817,000.27
Tournament (k=3),Blend,Gaussian,0.76642,0.14915,000.00000000,000.00004349,000.00004387,000.00058923,000.41
Tournament (k=3),Blend,Gaussian,0.74410,0.30000,000.02062225,000.57517970,000.65934372,000.52124125,000.49
Tournament (k=3),Blend,Uniform,0.62318,0.23084,000.03042603,000.78360724,001.04473495,000.71933717,000.38
Tournament (k=3),Blend,Uniform,0.42436,0.04023,000.00000000,000.01704435,000.00870514,000.28123114,000.21
Tournament (k=3),Blend,Gaussian,0.97087,0.02837,000.00000000,000.00000000,000.00000000,000.07984316,000.30
Tournament (k=3),Blend,Uniform,0.60503,0.06795,000.00000000,000.00063820,000.00020790,000.01723849,000.30
Tournament (k=3),Blend,Gaussian,0.68096,0.30000,000.00489044,000.44016203,000.49465370,000.41108578,000.50
Tournament (k=3),Blend,Uniform,0.47762,0.12524,000.00000000,000.00012312,000.00010872,000.00591449,000.32
Tournament (k=3),Blend,Uniform,0.46371,0.25191,000.04362869,000.71830225,000.88999748,000.68568468,000.37
Tournament (k=3),Blend,Gaussian,0.97087,0.25191,000.06038666,000.55180013,000.53243065,000.56961453,000.48
Tournament (k=3),Blend,Uniform,0.62318,0.08830,000.00000000,000.00010905,000.00003815,000.14033502,000.27
Tournament (k=3),Blend,Uniform,0.49195,0.19383,000.00188446,000.07188883,000.08412743,000.29779220,000.34
Tournament (k=3),Blend,Gaussian,0.86261,0.02382,000.00000000,000.00000000,000.00000000,000.09902699,000.23
Tournament (k=3),Blend,Uniform,0.64187,0.04023,000.00000000,000.00187092,000.00042725,000.23881613,000.28
Tournament (k=3),Blend,Uniform,0.41200,0.23084,000.00902557,000.31794953,000.34175110,000.45616975,000.31
Tournament (k=3),Blend,Uniform,0.45020,0.07415,000.00000000,000.00137768,000.00081444,000.14070874,000.28
Tournament (k=3),Blend,Uniform,0.45020,0.19383,000.00031281,000.04648008,000.05262566,000.24898422,000.35
Tournament (k=3),Blend,Uniform,0.50670,0.03095,000.00000000,000.02302475,000.00993347,000.39092550,000.26
Tournament (k=3),Blend,Uniform,0.57030,0.27490,000.04648590,001.10974050,001.30640602,000.79859662,000.32
Tournament (k=3),Blend,Gaussian,0.74410,0.10516,000.00000000,000.00000000,000.00000000,000.00004539,000.31
Tournament (k=3),Blend,Uniform,0.45020,0.03095,000.00000000,000.03058109,000.01627350,000.38036802,000.25
Tournament (k=3),Blend,Gaussian,0.81310,0.08092,000.00000000,000.00000000,000.00000000,000.00008444,000.29
Tournament (k=3),Blend,Uniform,0.47762,0.04390,000.00000000,000.01009650,000.00668335,000.21354000,000.26
Tournament (k=3),Blend,Uniform,0.60503,0.17762,000.00107193,000.03929925,000.04171181,000.28166544,000.30
Tournament (k=3),Blend,Gaussian,0.78941,0.17762,000.00013733,000.00585356,000.00599098,000.03538935,000.43
Tournament (k=3),Blend,Gaussian,0.66113,0.21153,000.00069046,000.03089361,000.03432274,000.16383570,000.41
Tournament (k=3),Blend,Uniform,0.60503,0.07415,000.00000000,000.00067863,000.00021935,000.10615038,000.35
Tournament (k=3),Blend,Gaussian,0.94259,0.17762,000.00088501,000.02447486,000.02276039,000.13086973,000.40
Tournament (k=3),Blend,Gaussian,0.91514,0.12524,000.00000000,000.00000024,000.00000000,000.00316475,000.41
Tournament (k=3),Blend,Uniform,0.50670,0.23084,000.02135086,000.48662934,000.54131699,000.64005893,000.34
Tournament (k=3),Blend,Gaussian,0.81310,0.23084,000.00743103,000.17119399,000.15233612,000.43532526,000.46
Tournament (k=3),Blend,Gaussian,0.72243,0.21153,000.00135422,000.06621690,000.06782722,000.17110592,000.42
Tournament (k=3),Blend,Uniform,0.52190,0.11476,000.00000000,000.00012827,000.00004005,000.00441336,000.27
Tournament (k=3),Blend,Uniform,0.50670,0.03378,000.00000000,000.01576123,000.00748444,000.29181021,000.26
Tournament (k=3),Blend,Uniform,0.49195,0.21153,000.00732040,000.22730398,000.24034691,000.44493803,000.33
Tournament (k=3),Blend,Uniform,0.42436,0.30000,000.01590729,001.18689251,001.43104362,000.81445128,000.32
Tournament (k=3),Blend,Gaussian,0.78941,0.02599,000.00000000,000.00001006,000.00000000,000.00763623,000.23
Tournament (k=3),Blend,Gaussian,0.62318,0.03095,000.00000000,000.00028725,000.00004578,000.01165674,000.28
Tournament (k=3),Blend,Uniform,0.55369,0.21153,000.00828552,000.33293653,000.31924248,000.56054628,000.36
Tournament (k=3),Blend,Uniform,0.41200,0.03378,000.00000000,000.04968105,000.02233505,000.36236468,000.20
Tournament (k=3),Blend,Uniform,0.45020,0.21153,000.00785446,000.17274494,000.22279549,000.33168569,000.35
Tournament (k=3),Blend,Uniform,0.49195,0.07415,000.00000000,000.00181732,000.00101089,000.09963848,000.29
Tournament (k=3),Blend,Gaussian,0.91514,0.04791,000.00000000,000.00000000,000.00000000,000.10738478,000.32
Tournament (k=3),Blend,Gaussian,0.76642,0.05228,000.00000000,000.00000186,000.00000000,000.00122355,000.32
Tournament (k=3),Blend,Uniform,0.46371,0.09637,000.00000000,000.00103407,000.00058556,000.02017355,000.26
Tournament (k=3),Blend,Uniform,0.57030,0.30000,000.20515442,001.40577281,001.65450668,000.88545281,000.37
Tournament (k=3),Blend,Uniform,0.53756,0.05705,000.00000000,000.00293632,000.00122452,000.10698766,000.28
Tournament (k=3),Blend,Gaussian,1.00000,0.04023,000.00000000,000.00000029,000.00000000,000.19989559,000.32
Tournament (k=3),Blend,Uniform,0.66113,0.02000,000.00000000,000.04247255,000.00359344,000.43172878,000.21
Tournament (k=3),Blend,Gaussian,0.68096,0.10516,000.00000000,000.00000038,000.00000000,000.00008022,000.36
Tournament (k=3),Blend,Uniform,0.41200,0.03686,000.00000000,000.01186852,000.00580597,000.20060889,000.20
Tournament (k=3),Blend,Gaussian,0.74410,0.03095,000.00000000,000.00008612,000.00000000,000.00644463,000.23
Tournament (k=3),Blend,Gaussian,1.00000,0.27490,000.06058884,000.87598622,001.12046051,000.70167172,000.45
Tournament (k=3),Blend,Gaussian,0.91514,0.27490,000.03627396,000.67557687,000.85763931,000.61332214,000.44
Tournament (k=3),Blend,Gaussian,0.88849,0.03095,000.00000000,000.00000000,000.00000000,000.00043806,000.24
Tournament (k=3),Blend,Uniform,0.64187,0.11476,000.00000000,000.00001912,000.00000381,000.00198676,000.33
Tournament (k=3),Blend,Uniform,0.57030,0.11476,000.00000000,000.00004973,000.00001526,000.00154548,000.32
Tournament (k=3),Blend,Uniform,0.66113,0.05705,000.00000000,000.00039296,000.00008011,000.11855766,000.27
Tournament (k=3),Blend,Uniform,0.53756,0.14915,000.00000000,000.00023160,000.00016403,000.00946022,000.34
Tournament (k=3),Blend,Gaussian,0.81310,0.03686,000.00000000,000.00000143,000.00000000,000.00078671,000.24
Tournament (k=3),Blend,Uniform,0.43709,0.14915,000.00000000,000.00040116,000.00040627,000.01059630,000.28
Tournament (k=3),Blend,Uniform,0.49195,0.08092,000.00000000,000.00107250,000.00068283,000.02271440,000.30
Tournament (k=3),Blend,Gaussian,0.86261,0.06226,000.00000000,000.00000000,000.00000000,000.00007801,000.27
Tournament (k=3),Blend,Gaussian,0.83749,0.12524,000.00000000,000.00000000,000.00000000,000.00050463,000.40
Tournament (k=3),Blend,Uniform,0.45020,0.23084,000.00974274,000.35905990,000.33714294,000.58489656,000.34
Tournament (k=3),Blend,Uniform,0.55369,0.07415,000.00000000,000.00062671,000.00036430,000.01333634,000.29
Tournament (k=3),Blend,Gaussian,0.91514,0.05228,000.00000000,000.00000000,000.00000000,000.15860657,000.34
Tournament (k=3),Blend,Uniform,0.53756,0.06226,000.00000000,000.00182800,000.00109863,000.13945152,000.29
Tournament (k=3),Blend,Uniform,0.43709,0.05705,000.00000000,000.00614028,000.00453186,000.05991804,000.26
Tournament (k=3),Blend,Uniform,0.49195,0.02183,000.00000000,000.08906193,000.07033157,000.51306570,000.20
Tournament (k=3),Blend,Uniform,0.62318,0.03686,000.00000000,000.00614452,000.00059128,000.29027534,000.22
Tournament (k=3),Blend,Gaussian,1.00000,0.11476,000.00000000,000.00000000,000.00000000,000.00598148,000.35
Tournament (k=3),Blend,Uniform,0.58741,0.06226,000.00000000,000.00142555,000.00039673,000.14060842,000.29
Tournament (k=3),Blend,Gaussian,0.88849,0.03378,000.00000000,000.00000000,000.00000000,000.03318070,000.28
Tournament (k=3),Blend,Uniform,0.55369,0.03095,000.00000000,000.00901780,000.00348663,000.33638978,000.26
Tournament (k=3),Blend,Uniform,0.46371,0.03686,000.00000000,000.00554690,000.00243378,000.20000654,000.21
Tournament (k=3),Blend,Uniform,0.58741,0.14915,000.00000000,000.00032668,000.00021362,000.00489624,000.35
Tournament (k=3),Blend,Uniform,0.42436,0.04390,000.00000000,000.01852045,000.01357079,000.20611368,000.21
Tournament (k=3),Blend,Uniform,0.68096,0.02837,000.00000000,000.00793562,000.00159645,000.36119679,000.22
Tournament (k=3),Blend,Uniform,0.60503,0.02837,000.00000000,000.02693944,000.00418854,000.43837830,000.23
Tournament (k=3),Blend,Uniform,0.64187,0.12524,000.00000000,000.00001106,000.00000763,000.00341526,000.35
Tournament (k=3),Blend,Gaussian,0.86261,0.17762,000.00016022,000.01268120,000.01471138,000.12225635,000.39
Tournament (k=3),Blend,Uniform,0.53756,0.16276,000.00000763,000.00177855,000.00153351,000.05864850,000.37
Tournament (k=3),Blend,Uniform,0.68096,0.08092,000.00000000,000.00006533,000.00001907,000.00342916,000.31
Tournament (k=3),Blend,Uniform,0.52190,0.04023,000.00000000,000.00845747,000.00382614,000.27604413,000.27
Tournament (k=3),Blend,Uniform,0.62318,0.25191,000.04077148,001.10313070,001.43235016,000.81672335,000.33
Tournament (k=3),Blend,Gaussian,0.97087,0.03095,000.00000000,000.00000000,000.00000000,000.16647047,000.31
Tournament (k=3),Blend,Uniform,0.66113,0.16276,000.00006104,000.00972896,000.00885010,000.16498810,000.40
Tournament (k=3),Blend,Gaussian,0.86261,0.02599,000.00000000,000.00000072,000.00000000,000.04201357,000.23
Tournament (k=3),Blend,Uniform,0.62318,0.09637,000.00000000,000.00007896,000.00003815,000.00271259,000.26
Tournament (k=3),Blend,Uniform,0.47762,0.13667,000.00000000,000.00011406,000.00007439,000.00159516,000.33
Tournament (k=3),Blend,Uniform,0.55369,0.03378,000.00000000,000.01133828,000.00578308,000.26976967,000.27
Tournament (k=3),Blend,Uniform,0.64187,0.04390,000.00000000,000.00148749,000.00052643,000.15388599,000.23
Tournament (k=3),Blend,Uniform,0.68096,0.23084,000.07201004,000.97785103,001.22719574,000.75184965,000.41
Tournament (k=3),Blend,Uniform,0.46371,0.27490,000.09565735,000.86576021,001.09179497,000.70146459,000.36
Tournament (k=3),Blend,Uniform,0.45020,0.03378,000.00000000,000.01828952,000.01132393,000.29663134,000.25
Tournament (k=3),Blend,Uniform,0.42436,0.13667,000.00000000,000.00044203,000.00034714,000.00352680,000.27
Tournament (k=3),Blend,Uniform,0.45020,0.08092,000.00000000,000.00117755,000.00072098,000.01659366,000.28
Tournament (k=3),Blend,Gaussian,0.72243,0.02599,000.00000000,000.00005999,000.00000000,000.14009754,000.29
Tournament (k=3),Blend,Uniform,0.47762,0.04791,000.00000000,000.00527463,000.00359726,000.14278544,000.26
Tournament (k=3),Blend,Uniform,0.64187,0.13667,000.00000000,000.00002255,000.00001907,000.00440393,000.35
Tournament (k=3),Blend,Gaussian,0.97087,0.27490,000.03182983,000.73143399,000.95144844,000.61651313,000.48
Tournament (k=3),Blend,Gaussian,0.81310,0.08830,000.00000000,000.00000000,000.00000000,000.00013056,000.30
Tournament (k=3),Blend,Uniform,0.41200,0.25191,000.02024841,000.57876998,000.66603851,000.58569551,000.40
Tournament (k=3),Blend,Uniform,0.60503,0.19383,000.00316620,000.13945690,000.14543533,000.40063122,000.31
Tournament (k=3),Blend,Uniform,0.60503,0.08092,000.00000000,000.00016327,000.00003052,000.00740925,000.31
Tournament (k=3),Blend,Gaussian,0.97087,0.03378,000.00000000,000.00000000,000.00000000,000.01571399,000.33
Tournament (k=3),Blend,Uniform,0.50670,0.25191,000.01435471,000.69074428,000.85254288,000.78268129,000.31
Tournament (k=3),Blend,Uniform,0.50670,0.03686,000.00000000,000.00555058,000.00163460,000.17566411,000.26
Tournament (k=3),Blend,Uniform,0.43709,0.02000,000.00000000,000.21059951,000.14510536,000.51128256,000.24
Tournament (k=3),Blend,Uniform,0.52190,0.12524,000.00000000,000.00013924,000.00006294,000.00406031,000.28
Tournament (k=3),Blend,Gaussian,0.78941,0.19383,000.00130463,000.03347883,000.03590202,000.22516713,000.42
Tournament (k=3),Blend,Uniform,0.62318,0.10516,000.00000000,000.00005431,000.00001717,000.00204624,000.32
Tournament (k=3),Blend,Gaussian,0.94259,0.05705,000.00000000,000.00000000,000.00000000,000.13345064,000.33
Tournament (k=3),Blend,Gaussian,0.91514,0.13667,000.00000000,000.00001955,000.00001144,000.00226071,000.41
Tournament (k=3),Blend,Uniform,0.50670,0.07415,000.00000000,000.00078773,000.00044823,000.09957486,000.29
Tournament (k=3),Blend,Uniform,0.49195,0.23084,000.00711060,000.50164622,000.55990791,000.64771348,000.30
Tournament (k=3),Blend,Uniform,0.70139,0.04023,000.00000000,000.00060439,000.00011444,000.24767904,000.28
Tournament (k=3),Blend,Uniform,0.40000,0.05705,000.00000000,000.00631585,000.00576401,000.14215356,000.21
Tournament (k=3),Blend,Gaussian,0.94259,0.19383,000.00575256,000.08528338,000.08695602,000.26295245,000.51
Tournament (k=3),Blend,Uniform,0.58741,0.02000,000.00000000,000.12709713,000.01795006,000.48906827,000.21
Tournament (k=3),Blend,Uniform,0.66113,0.02183,000.00000000,000.04028287,000.00187492,000.47115019,000.21
Tournament (k=3),Blend,Uniform,0.55369,0.23084,000.01505661,000.60476953,000.69474602,000.60972589,000.37
Tournament (k=3),Blend,Gaussian,0.70139,0.14915,000.00000000,000.00001450,000.00001526,000.00025201,000.34
Tournament (k=3),Blend,Uniform,0.46371,0.10516,000.00000000,000.00081267,000.00072098,000.00730212,000.26
Tournament (k=3),Blend,Gaussian,0.97087,0.08092,000.00000000,000.00000000,000.00000000,000.25018150,000.36
Tournament (k=3),Blend,Uniform,0.70139,0.11476,000.00000000,000.00000281,000.00000000,000.00066196,000.34
Tournament (k=3),Blend,Uniform,0.72243,0.02000,000.00000000,000.16241841,000.00766945,000.48976415,000.27
Tournament (k=3),Blend,Gaussian,1.00000,0.04390,000.00000000,000.00000000,000.00000000,000.41925684,000.33
Tournament (k=3),Blend,Uniform,0.40000,0.16276,000.00000000,000.00206628,000.00191689,000.01119044,000.33
Tournament (k=3),Blend,Uniform,0.53756,0.02000,000.00000000,000.13245039,000.02862740,000.56508529,000.25
Tournament (k=3),Blend,Gaussian,0.88849,0.23084,000.01393890,000.28205281,000.26013947,000.56473118,000.41
Tournament (k=3),Blend,Uniform,0.66113,0.06226,000.00000000,000.00051460,000.00020409,000.13962655,000.25
Tournament (k=3),Blend,Uniform,0.58741,0.02183,000.00000000,000.02943845,000.00371933,000.43222758,000.21
Tournament (k=3),Blend,Gaussian,0.94259,0.06226,000.00000000,000.00000000,000.00000000,000.11590911,000.33
Tournament (k=3),Blend,Uniform,0.66113,0.02382,000.00000000,000.01885653,000.00071716,000.39663076,000.21
Tournament (k=3),Blend,Gaussian,0.88849,0.09637,000.00000000,000.00000000,000.00000000,000.00000152,000.32
Tournament (k=3),Blend,Uniform,0.57030,0.12524,000.00000000,000.00004778,000.00001335,000.00145596,000.33
Tournament (k=3),Blend,Uniform,0.52190,0.13667,000.00000000,000.00010118,000.00005913,000.00081538,000.41
Tournament (k=3),Blend,Uniform,0.57030,0.04023,000.00000000,000.00464115,000.00139809,000.20632662,000.29
Tournament (k=3),Blend,Uniform,0.49195,0.08830,000.00000000,000.00079589,000.00061798,000.01551313,000.29
Tournament (k=3),Blend,Gaussian,0.86261,0.06795,000.00000000,000.00000000,000.00000000,000.00016565,000.28
Tournament (k=3),Blend,Gaussian,0.91514,0.30000,000.05387115,000.72386587,000.87500381,000.66295671,000.44
Tournament (k=3),Blend,Uniform,0.49195,0.02382,000.00000000,000.11004706,000.05073738,000.43054733,000.20
Tournament (k=3),Blend,Gaussian,0.91514,0.14915,000.00000381,000.00028787,000.00021172,000.01910745,000.47
Tournament (k=3),Blend,Uniform,0.72243,0.05705,000.00000000,000.00005431,000.00001144,000.10055380,000.27
Tournament (k=3),Blend,Uniform,0.62318,0.04023,000.00000000,000.00154686,000.00038910,000.21788092,000.22
Tournament (k=3),Blend,Uniform,0.43709,0.06226,000.00000000,000.00950456,000.00926399,000.14129144,000.27
Tournament (k=3),Blend,Uniform,0.55369,0.08092,000.00000000,000.00074286,000.00048447,000.01704620,000.30
Tournament (k=3),Blend,Uniform,0.53756,0.06795,000.00000000,000.00156617,000.00105286,000.10375732,000.29
Tournament (k=3),Blend,Uniform,0.46371,0.04023,000.00000000,000.01199684,000.00516701,000.21605593,000.21
Tournament (k=3),Blend,Uniform,0.58741,0.06795,000.00000000,000.00153532,000.00095367,000.10608509,000.29
Tournament (k=3),Blend,Gaussian,0.88849,0.03686,000.00000000,000.00000000,000.00000000,000.01536842,000.25
Tournament (k=3),Blend,Gaussian,0.83749,0.04023,000.00000000,000.00000038,000.00000000,000.00061799,000.25
Tournament (k=3),Blend,Uniform,0.42436,0.04791,000.00000000,000.00968003,000.00779343,000.22159468,000.22
Tournament (k=3),Blend,Gaussian,0.83749,0.13667,000.00000000,000.00000620,000.00000763,000.00026325,000.48
Tournament (k=3),Blend,Uniform,0.60503,0.03095,000.00000000,000.02848978,000.00305557,000.42351711,000.28
Tournament (k=3),Blend,Gaussian,1.00000,0.12524,000.00000000,000.00000110,000.00000000,000.00244390,000.43
Tournament (k=3),Blend,Uniform,0.57030,0.13667,000.00000000,000.00006576,000.00001526,000.00120252,000.33
Tournament (k=3),Blend,Uniform,0.72243,0.16276,000.00019073,000.03345518,000.02803040,000.32981902,000.31
Tournament (k=3),Blend,Uniform,0.74410,0.02837,000.00000000,000.00277176,000.00002861,000.36152989,000.22
Tournament (k=3),Blend,Uniform,0.52190,0.04390,000.00000000,000.00350080,000.00153732,000.26618153,000.27
Tournament (k=3),Blend,Gaussian,0.97087,0.08830,000.00000000,000.00000000,000.00000000,000.10657386,000.60
Tournament (k=3),Blend,Uniform,0.45020,0.03686,000.00000000,000.01323881,000.00818634,000.12701254,000.20
Tournament (k=3),Blend,Gaussian,0.94259,0.02000,000.00000000,000.00000000,000.00000000,000.21681780,000.34
Tournament (k=3),Blend,Uniform,0.74410,0.08092,000.00000000,000.00001760,000.00000381,000.09897606,000.26
Tournament (k=3),Blend,Uniform,0.68096,0.08830,000.00000000,000.00005069,000.00000954,000.01094284,000.32
Tournament (k=3),Blend,Uniform,0.55369,0.03686,000.00000000,000.01132536,000.00221634,000.26464558,000.27
Tournament (k=3),Blend,Uniform,0.58741,0.07415,000.00000000,000.00074425,000.00025368,000.01567866,000.26
Tournament (k=3),Blend,Uniform,0.64187,0.04791,000.00000000,000.00214787,000.00078964,000.20356248,000.29
Tournament (k=3),Blend,Uniform,0.53756,0.17762,000.00000763,000.01729693,000.01570129,000.20486572,000.36
Tournament (k=3),Blend,Uniform,0.57030,0.04390,000.00000000,000.00383048,000.00258064,000.03761929,000.48
Tournament (k=3),Blend,Uniform,0.42436,0.14915,000.00000000,000.00072870,000.00039673,000.01111606,000.28
Tournament (k=3),Blend,Uniform,0.68096,0.25191,000.07899475,001.31101537,001.49063683,000.83506060,000.33
Tournament (k=3),Blend,Uniform,0.47762,0.14915,000.00000000,000.00024309,000.00022316,000.00503383,000.36
Tournament (k=3),Blend,Uniform,0.62318,0.27490,000.02842712,001.38737714,001.69671440,000.94253004,000.40
Tournament (k=3),Blend,Gaussian,0.88849,0.10516,000.00000000,000.00000000,000.00000000,000.00011798,000.63
Tournament (k=3),Blend,Uniform,0.47762,0.05228,000.00000000,000.00729527,000.00436401,000.15824650,000.22
Tournament (k=3),Blend,Uniform,0.45020,0.08830,000.00000000,000.00136800,000.00071716,000.04013053,000.29
Tournament (k=3),Blend,Uniform,0.76642,0.04023,000.00000000,000.00016766,000.00000381,000.21653639,000.23
Tournament (k=3),Blend,Uniform,0.74410,0.08830,000.00000000,000.00000701,000.00000000,000.02277356,000.28
Tournament (k=3),Blend,Uniform,0.43709,0.02183,000.00000000,000.11452174,000.06934738,000.40087488,000.24
Tournament (k=3),Blend,Uniform,0.50670,0.04023,000.00000000,000.00701756,000.00250626,000.18437010,000.26
Tournament (k=3),Blend,Gaussian,0.81310,0.09637,000.00000000,000.00000000,000.00000000,000.00000424,000.30
Tournament (k=3),Blend,Gaussian,0.81310,0.25191,000.02399445,000.33926281,000.34729767,000.49555394,000.58
Tournament (k=3),Blend,Uniform,0.60503,0.21153,000.01045227,000.42522413,000.39342499,000.59965062,000.31
Tournament (k=3),Blend,Gaussian,0.74410,0.03378,000.00000000,000.00002704,000.00000000,000.13947479,000.24
Tournament (k=3),Blend,Uniform,0.66113,0.17762,000.00231171,000.07371297,000.06078911,000.36777803,000.60
Tournament (k=3),Blend,Uniform,0.74410,0.23084,000.03370667,001.08681321,001.23682213,000.76796097,000.41
Tournament (k=3),Blend,Uniform,0.60503,0.08830,000.00000000,000.00019107,000.00014687,000.00521195,000.31
Tournament (k=3),Blend,Uniform,0.64187,0.14915,000.00000000,000.00048985,000.00036049,000.01638296,000.38
Tournament (k=3),Blend,Gaussian,0.97087,0.03686,000.00000000,000.00000000,000.00000000,000.21955751,000.32
Tournament (k=3),Blend,Uniform,0.62318,0.11476,000.00000000,000.00004678,000.00000763,000.00213951,000.28
Tournament (k=3),Blend,Uniform,0.68096,0.09637,000.00000000,000.00002403,000.00000381,000.00122209,000.37
Tournament (k=3),Blend,Uniform,0.50670,0.27490,000.13713074,001.25741124,001.54369354,000.75018996,000.37
Tournament (k=3),Blend,Uniform,0.50670,0.08092,000.00000000,000.00151405,000.00120544,000.02974166,000.30
Tournament (k=3),Blend,Uniform,0.49195,0.25191,000.04006195,000.83970338,001.04637909,000.70680386,000.31
Tournament (k=3),Blend,Uniform,0.40000,0.06226,000.00000000,000.00452065,000.00257301,000.10700262,000.21
Tournament (k=3),Blend,Gaussian,0.97087,0.30000,000.05710602,001.06793046,001.28355408,000.82902920,000.50
Tournament (k=3),Blend,Uniform,0.41200,0.08092,000.00000000,000.00291181,000.00184441,000.04308026,000.23
Tournament (k=3),Blend,Gaussian,0.78941,0.21153,000.00433350,000.08396335,000.07055473,000.41585293,000.44
Tournament (k=3),Blend,Uniform,0.70139,0.04390,000.00000000,000.00073719,000.00005531,000.16997147,000.26
Tournament (k=3),Blend,Uniform,0.43709,0.02382,000.00000000,000.06823311,000.03594971,000.49187851,000.24
Tournament (k=3),Blend,Uniform,0.46371,0.11476,000.00000000,000.00043931,000.00030708,000.00515346,000.26
Tournament (k=3),Blend,Uniform,0.76642,0.11476,000.00000000,000.00000057,000.00000000,000.10036761,000.29
Tournament (k=3),Blend,Uniform,0.72243,0.02183,000.00000000,000.08146353,000.00071716,000.51616740,000.27
Tournament (k=3),Blend,Uniform,0.53756,0.02183,000.00000000,000.10556702,000.03516769,000.44255114,000.25
Tournament (k=3),Blend,Gaussian,1.00000,0.30000,000.09865570,001.18688583,001.42515755,000.77932459,000.48
Tournament (k=3),Blend,Gaussian,1.00000,0.04791,000.00000000,000.00000000,000.00000000,000.25840962,000.33
Tournament (k=3),Blend,Uniform,0.62318,0.12524,000.00000000,000.00001822,000.00000763,000.00332433,000.33
Tournament (k=3),Blend,Uniform,0.55369,0.25191,000.06583786,000.91464758,001.14522743,000.71038979,000.37
Tournament (k=3),Blend,Uniform,0.70139,0.12524,000.00000000,000.00000892,000.00000381,000.00304277,000.35
Tournament (k=3),Blend,Uniform,0.58741,0.02382,000.00000000,000.03694215,000.01231766,000.39290592,000.21
Tournament (k=3),Blend,Uniform,0.45020,0.25191,000.01041031,000.50972044,000.55098534,000.63849270,000.37
Tournament (k=3),Blend,Uniform,0.66113,0.02599,000.00000000,000.05787511,000.00104141,000.41276237,000.21
Tournament (k=3),Blend,Gaussian,0.94259,0.21153,000.00471497,000.19163556,000.19773102,000.48027143,000.49
Tournament (k=3),Blend,Uniform,0.49195,0.02599,000.00000000,000.03897290,000.02516937,000.37879327,000.21
Tournament (k=3),Blend,Uniform,0.58741,0.16276,000.00000381,000.00541282,000.00344467,000.17906411,000.31
Tournament (k=3),Blend,Gaussian,0.86261,0.07415,000.00000000,000.00000000,000.00000000,000.00052489,000.30
Tournament (k=3),Blend,Uniform,0.52190,0.14915,000.00000000,000.00023308,000.00021362,000.00761387,000.32
Tournament (k=3),Blend,Gaussian,0.94259,0.06795,000.00000000,000.00000000,000.00000000,000.09971384,000.36
Tournament (k=3),Blend,Uniform,0.70139,0.04791,000.00000000,000.00030942,000.00009155,000.03248737,000.31
Tournament (k=3),Blend,Uniform,0.43709,0.02599,000.00000000,000.04532146,000.01100922,000.37637979,000.26
Tournament (k=3),Blend,Uniform,0.50670,0.08830,000.00000000,000.00056362,000.00027275,000.04042365,000.38
Tournament (k=3),Blend,Uniform,0.49195,0.09637,000.00000000,000.00078492,000.00077820,000.01923358,000.32
Tournament (k=3),Blend,Uniform,0.78941,0.02000,000.00000000,000.13267460,000.00022888,000.47932115,000.29
Tournament (k=3),Blend,Gaussian,0.88849,0.25191,000.06480789,000.47595081,000.56267166,000.54786313,000.50
Tournament (k=3),Blend,Uniform,0.62318,0.04390,000.00000000,000.00193176,000.00091743,000.17346346,000.24
Tournament (k=3),Blend,Uniform,0.58741,0.02599,000.00000000,000.06487827,000.00733948,000.47721198,000.23
Tournament (k=3),Blend,Uniform,0.72243,0.06226,000.00000000,000.00010514,000.00000763,000.14010327,000.31
Tournament (k=3),Blend,Uniform,0.43709,0.06795,000.00000000,000.00473909,000.00251007,000.02740050,000.28
Tournament (k=3),Blend,Uniform,0.42436,0.05228,000.00000000,000.01182752,000.00745964,000.19901264,000.23
Tournament (k=3),Blend,Uniform,0.66113,0.02837,000.00000000,000.00813661,000.00076103,000.34658682,000.26
Tournament (k=3),Blend,Uniform,0.55369,0.08830,000.00000000,000.00046325,000.00021172,000.01248594,000.31
Tournament (k=3),Blend,Uniform,0.70139,0.13667,000.00000000,000.00003295,000.00001526,000.00658314,000.35
Tournament (k=3),Blend,Uniform,0.74410,0.03095,000.00000000,000.00336819,000.00005341,000.33865175,000.22
Tournament (k=3),Blend,Uniform,0.60503,0.03378,000.00000000,000.00703053,000.00230217,000.34758875,000.27
Tournament (k=3),Blend,Uniform,0.45020,0.27490,000.07038116,000.94899762,001.19511032,000.69658387,000.39
Tournament (k=3),Blend,Gaussian,0.94259,0.02183,000.00000000,000.00000000,000.00000000,000.27495620,000.23
Tournament (k=3),Blend,Uniform,0.50670,0.09637,000.00000000,000.00087566,000.00051498,000.02264788,000.30
Tournament (k=3),Blend,Uniform,0.55369,0.04023,000.00000000,000.00585427,000.00339127,000.22127423,000.23
Tournament (k=3),Blend,Uniform,0.72243,0.17762,000.00228119,000.16833587,000.16457367,000.43862706,000.32
Tournament (k=3),Blend,Uniform,0.57030,0.14915,000.00000000,000.00026221,000.00011826,000.04052326,000.34
Tournament (k=3),Blend,Uniform,0.78941,0.05705,000.00000000,000.00002184,000.00000000,000.17367077,000.30
Tournament (k=3),Blend,Gaussian,1.00000,0.13667,000.00000000,000.00004458,000.00003624,000.01204231,000.36
Tournament (k=3),Blend,Gaussian,0.83749,0.14915,000.00000000,000.00007267,000.00006485,000.00282568,000.43
Tournament (k=3),Blend,Uniform,0.46371,0.30000,000.01654434,001.20238245,001.42228508,000.89701015,000.38
Tournament (k=3),Blend,Gaussian,0.97087,0.09637,000.00000000,000.00000000,000.00000000,000.00236031,000.38
Tournament (k=3),Blend,Uniform,0.43709,0.07415,000.00000000,000.00298977,000.00141716,000.10992766,000.27
Tournament (k=3),Blend,Uniform,0.58741,0.08092,000.00000000,000.00039063,000.00023270,000.00872623,000.30
Tournament (k=3),Blend,Uniform,0.66113,0.03095,000.00000000,000.00800786,000.00164604,000.38083357,000.27
Tournament (k=3),Blend,Uniform,0.81310,0.02837,000.00000000,000.00183868,000.00000000,000.32321960,000.22
Tournament (k=3),Blend,Uniform,0.41200,0.27490,000.07161713,000.72467446,000.96817207,000.66088814,000.36
Tournament (k=3),Blend,Uniform,0.57030,0.04791,000.00000000,000.00325847,000.00048637,000.11674516,000.25
Tournament (k=3),Blend,Uniform,0.78941,0.16276,000.00044250,000.06937456,000.06768990,000.41997117,000.36
Tournament (k=3),Blend,Uniform,0.76642,0.04390,000.00000000,000.00029922,000.00002098,000.28126585,000.24
Tournament (k=3),Blend,Uniform,0.45020,0.09637,000.00000000,000.00110703,000.00064850,000.02200381,000.25
Tournament (k=3),Blend,Uniform,0.47762,0.16276,000.00000000,000.00166745,000.00182724,000.10007530,000.34
Tournament (k=3),Blend,Uniform,0.47762,0.05705,000.00000000,000.00575380,000.00285339,000.06604245,000.27
Tournament (k=3),Blend,Uniform,0.81310,0.08092,000.00000000,000.00000224,000.00000000,000.00136469,000.30
Tournament (k=3),Blend,Uniform,0.47762,0.02000,000.00000000,000.19227199,000.11039543,000.51639253,000.22
Tournament (k=3),Blend,Uniform,0.74410,0.09637,000.00000000,000.00000353,000.00000000,000.00163135,000.28
Tournament (k=3),Blend,Uniform,0.50670,0.04390,000.00000000,000.00437369,000.00252342,000.17930634,000.28
Tournament (k=3),Blend,Uniform,0.68096,0.27490,000.20254135,001.73027158,002.11406326,000.91622591,000.41
Tournament (k=3),Blend,Uniform,0.62318,0.30000,000.25386810,001.68676186,002.05000114,000.97741121,000.39
Tournament (k=3),Blend,Uniform,0.43709,0.16276,000.00000000,000.00148969,000.00142288,000.10753409,000.29
Tournament (k=3),Blend,Uniform,0.81310,0.03095,000.00000000,000.00031424,000.00000000,000.31562832,000.24
Tournament (k=3),Blend,Uniform,0.58741,0.08830,000.00000000,000.00024004,000.00009727,000.00475369,000.32
Tournament (k=3),Blend,Uniform,0.60503,0.09637,000.00000000,000.00024104,000.00004387,000.09898627,000.32
Tournament (k=3),Blend,Uniform,0.81310,0.23084,000.04264450,001.45068812,001.68066216,000.88416290,000.36
Tournament (k=3),Blend,Gaussian,0.81310,0.10516,000.00000000,000.00000000,000.00000000,000.00005120,000.41
Tournament (k=3),Blend,Uniform,0.83749,0.04023,000.00000000,000.00007153,000.00000000,000.21667972,000.30
Tournament (k=3),Blend,Uniform,0.66113,0.19383,000.01321411,000.28461337,000.25535774,000.50564343,000.38
Tournament (k=3),Blend,Uniform,0.64187,0.16276,000.00002670,000.00722551,000.00585175,000.16378853,000.36
Tournament (k=3),Blend,Uniform,0.40000,0.06795,000.00000000,000.00864730,000.00545120,000.12634714,000.22
Tournament (k=3),Blend,Uniform,0.66113,0.06795,000.00000000,000.00016665,000.00006676,000.06398749,000.25
Tournament (k=3),Blend,Uniform,0.68096,0.10516,000.00000000,000.00000882,000.00000191,000.00469307,000.28
Tournament (k=3),Blend,Gaussian,0.81310,0.27490,000.01886749,000.47150582,000.49613571,000.58460796,000.49
Tournament (k=3),Blend,Uniform,0.68096,0.03095,000.00000000,000.00197163,000.00004578,000.35460219,000.22
Tournament (k=3),Blend,Uniform,0.41200,0.08830,000.00000000,000.00236678,000.00171661,000.02327430,000.24
Tournament (k=3),Blend,Uniform,0.40000,0.17762,000.00009918,000.00734329,000.00724411,000.08830288,000.34
Tournament (k=3),Blend,Uniform,0.49195,0.27490,000.08404160,001.07909238,001.31943130,000.78215528,000.32
Tournament (k=3),Blend,Uniform,0.86261,0.02000,000.00000000,000.11443386,000.00000000,000.47653797,000.29
Tournament (k=3),Blend,Uniform,0.47762,0.17762,000.00019836,000.01013250,000.00918388,000.13007952,000.36
Tournament (k=3),Blend,Uniform,0.46371,0.12524,000.00000000,000.00014029,000.00008392,000.00638245,000.33
Tournament (k=3),Blend,Uniform,0.76642,0.12524,000.00000000,000.00000353,000.00000000,000.10240690,000.30
Tournament (k=3),Blend,Uniform,0.72243,0.02382,000.00000000,000.10457072,000.00045967,000.49612525,000.28
Tournament (k=3),Blend,Uniform,0.53756,0.02382,000.00000000,000.05678873,000.02144241,000.47865397,000.26
Tournament (k=3),Blend,Uniform,0.46371,0.04390,000.00000000,000.00880957,000.00543785,000.20673220,000.22
Tournament (k=3),Blend,Uniform,0.83749,0.11476,000.00000000,000.00000086,000.00000000,000.00559541,000.43
Tournament (k=3),Blend,Gaussian,0.86261,0.19383,000.00225449,000.05022278,000.05254364,000.25446147,000.40
Tournament (k=3),Blend,Uniform,0.62318,0.13667,000.00000000,000.00002236,000.00001335,000.00253249,000.31
Tournament (k=3),Blend,Uniform,0.53756,0.07415,000.00000000,000.00089688,000.00041962,000.03269186,000.30
Tournament (k=3),Blend,Uniform,0.41200,0.09637,000.00000000,000.00206146,000.00137711,000.02122048,000.25
Tournament (k=3),Blend,Gaussian,1.00000,0.05228,000.00000000,000.00000000,000.00000000,000.34684765,000.34
Tournament (k=3),Blend,Uniform,0.86261,0.05705,000.00000000,000.00000076,000.00000000,000.10051498,000.37
Tournament (k=3),Blend,Uniform,0.66113,0.07415,000.00000000,000.00009456,000.00001526,000.09904402,000.31
Tournament (k=3),Blend,Uniform,0.88849,0.02837,000.00000000,000.00023603,000.00000000,000.45285094,000.22
Tournament (k=3),Blend,Uniform,0.68096,0.11476,000.00000000,000.00000877,000.00000000,000.00199215,000.32
Tournament (k=3),Blend,Uniform,0.55369,0.27490,000.10589600,001.17135370,001.36688042,000.80724245,000.38
Tournament (k=3),Blend,Uniform,0.52190,0.16276,000.00000763,000.00216084,000.00168610,000.03484442,000.30
Tournament (k=3),Blend,Uniform,0.70139,0.05228,000.00000000,000.00026135,000.00002289,000.02206324,000.29
Tournament (k=3),Blend,Uniform,0.58741,0.17762,000.00099945,000.03159752,000.03070259,000.25571802,000.35
Tournament (k=3),Blend,Uniform,0.52190,0.04791,000.00000000,000.00303822,000.00092316,000.16325916,000.27
Tournament (k=3),Blend,Uniform,0.86261,0.16276,000.00252533,000.20316967,000.17062187,000.56709003,000.39
Tournament (k=3),Blend,Uniform,0.88849,0.08092,000.00000000,000.00000105,000.00000000,000.21297692,000.33
Tournament (k=3),Blend,Uniform,0.78941,0.02183,000.00000000,000.03835626,000.00003052,000.46894607,000.22
Tournament (k=3),Blend,Gaussian,0.94259,0.07415,000.00000000,000.00000000,000.00000000,000.19423677,000.36
Tournament (k=3),Blend,Uniform,0.62318,0.04791,000.00000000,000.00090775,000.00020218,000.17231004,000.23
Tournament (k=3),Blend,Uniform,0.49195,0.10516,000.00000000,000.00028691,000.00018692,000.01486017,000.30
Tournament (k=3),Blend,Uniform,0.58741,0.02837,000.00000000,000.03171124,000.01278496,000.37754270,000.22
Tournament (k=3),Blend,Uniform,0.74410,0.03378,000.00000000,000.00021863,000.00000191,000.23948708,000.23
Tournament (k=3),Blend,Uniform,0.64187,0.05228,000.00000000,000.00081730,000.00013733,000.24386068,000.29
Tournament (k=3),Blend,Uniform,0.72243,0.06795,000.00000000,000.00007892,000.00000763,000.14018506,000.30
Tournament (k=3),Blend,Uniform,0.55369,0.09637,000.00000000,000.00025692,000.00017738,000.01919114,000.31
Tournament (k=3),Blend,Uniform,0.53756,0.19383,000.00270462,000.10555935,000.09944725,000.32965958,000.33
Tournament (k=3),Blend,Gaussian,0.94259,0.02382,000.00000000,000.00000000,000.00000000,000.10119277,000.23
Tournament (k=3),Blend,Gaussian,0.88849,0.27490,000.01554108,000.64979994,000.70743942,000.68338996,000.43
Tournament (k=3),Blend,Uniform,0.68096,0.12524,000.00000000,000.00000482,000.00000381,000.00030686,000.33
Tournament (k=3),Blend,Uniform,0.60503,0.03686,000.00000000,000.00340376,000.00142860,000.29631740,000.28
Tournament (k=3),Blend,Uniform,0.70139,0.14915,000.00000000,000.00129046,000.00091171,000.05441600,000.36
Tournament (k=3),Blend,Uniform,0.52190,0.05228,000.00000000,000.00575705,000.00335693,000.12290909,000.29
Tournament (k=3),Blend,Uniform,0.55369,0.30000,000.03976440,001.25480819,001.53809357,000.96563905,000.38
Tournament (k=3),Blend,Uniform,0.72243,0.19383,000.01189804,000.40318537,000.41375160,000.50257099,000.33
Tournament (k=3),Blend,Uniform,0.78941,0.06226,000.00000000,000.00003815,000.00000000,000.16206151,000.32
Tournament (k=3),Blend,Uniform,0.66113,0.03378,000.00000000,000.00514188,000.00096703,000.30079162,000.23
Tournament (k=3),Blend,Uniform,0.60503,0.23084,000.05587006,000.84082860,001.09288979,000.70683002,000.33
Tournament (k=3),Blend,Uniform,0.86261,0.17762,000.00501251,000.50122005,000.62150383,000.62516826,000.41
Tournament (k=3),Blend,Gaussian,0.74410,0.03686,000.00000000,000.00001597,000.00000000,000.00386559,000.26
Tournament (k=3),Blend,Uniform,0.57030,0.16276,000.00000000,000.00469875,000.00395393,000.13384148,000.43
Tournament (k=3),Blend,Uniform,0.45020,0.30000,000.05340958,001.18394983,001.42276955,000.77393878,000.49
Tournament (k=3),Blend,Uniform,0.57030,0.05228,000.00000000,000.00102663,000.00058746,000.10670208,000.25
Tournament (k=3),Blend,Uniform,0.88849,0.23084,000.05895233,001.55075336,001.78677559,001.07991636,000.41
Tournament (k=3),Blend,Gaussian,1.00000,0.14915,000.00001526,000.00097671,000.00074387,000.01217926,000.45
Tournament (k=3),Blend,Uniform,0.74410,0.25191,000.19752884,001.53832972,001.88232994,000.94410646,000.35
Tournament (k=3),Blend,Uniform,0.76642,0.04791,000.00000000,000.00002193,000.00000000,000.09962220,000.30
Tournament (k=3),Blend,Uniform,0.47762,0.06226,000.00000000,000.00275602,000.00240707,000.14131284,000.28
Tournament (k=3),Blend,Gaussian,0.97087,0.10516,000.00000000,000.00000000,000.00000000,000.00113911,000.45
Tournament (k=3),Blend,Uniform,0.78941,0.17762,000.00276184,000.22159401,000.19862556,000.59393448,000.37
Tournament (k=3),Blend,Uniform,0.47762,0.02183,000.00000381,000.07628193,000.03956223,000.44489768,000.26
Tournament (k=3),Blend,Uniform,0.74410,0.10516,000.00000000,000.00000281,000.00000000,000.09899411,000.29
Tournament (k=3),Blend,Uniform,0.57030,0.02000,000.00000000,000.15017910,000.04870224,000.49220002,000.32
Tournament (k=3),Blend,Uniform,0.50670,0.04791,000.00000000,000.00622969,000.00165558,000.13165340,000.28
Tournament (k=3),Blend,Uniform,0.81310,0.03378,000.00000000,000.00000844,000.00000000,000.31776178,000.23
Tournament (k=3),Blend,Uniform,0.50670,0.30000,000.13117981,001.25441790,001.43499947,000.88699967,000.41
Tournament (k=3),Blend,Uniform,0.45020,0.10516,000.00000000,000.00098596,000.00053406,000.00997598,000.41
Tournament (k=3),Blend,Uniform,0.64187,0.02000,000.00000000,000.06174579,000.00722694,000.42265698,000.27
Tournament (k=3),Blend,Uniform,0.43709,0.17762,000.00007629,000.00940557,000.00892639,000.15281861,000.29
Tournament (k=3),Blend,Uniform,0.40000,0.02000,000.00000000,000.18069701,000.09268951,000.54033923,000.20
Tournament (k=3),Blend,Uniform,0.68096,0.30000,000.47013855,001.86741030,002.14704132,000.97239470,000.36
Tournament (k=3),Blend,Uniform,0.41200,0.30000,000.02049637,001.27665865,001.49267960,000.88707417,000.51
Tournament (k=3),Blend,Uniform,0.40000,0.07415,000.00000000,000.00443125,000.00263786,000.10106818,000.24
Tournament (k=3),Blend,Uniform,0.60503,0.10516,000.00000000,000.00004539,000.00001717,000.05688120,000.32
Tournament (k=3),Blend,Uniform,0.58741,0.09637,000.00000000,000.00033998,000.00017738,000.00936789,000.34
Tournament (k=3),Blend,Uniform,0.83749,0.04390,000.00000000,000.00000529,000.00000000,000.16983558,000.31
Tournament (k=3),Blend,Gaussian,0.83749,0.04390,000.00000000,000.00000091,000.00000000,000.00161199,000.25
Tournament (k=3),Blend,Uniform,0.76642,0.05228,000.00000000,000.00003195,000.00000000,000.16957878,000.31
Tournament (k=3),Blend,Uniform,0.66113,0.21153,000.01954269,000.61515105,000.73096466,000.79866588,000.34
Tournament (k=3),Blend,Uniform,0.68096,0.03378,000.00000000,000.00272584,000.00057411,000.27312973,000.27
Tournament (k=3),Blend,Uniform,0.81310,0.25191,000.07314682,001.70814478,001.96932411,000.99432820,000.42
Tournament (k=3),Blend,Uniform,0.47762,0.06795,000.00000000,000.00262098,000.00057983,000.10763688,000.32
Tournament (k=3),Blend,Uniform,0.50670,0.05228,000.00000000,000.00497947,000.00255966,000.10529783,000.30
Tournament (k=3),Blend,Uniform,0.86261,0.02183,000.00000000,000.04045730,000.00000191,000.50067449,000.31
Tournament (k=3),Blend,Uniform,0.49195,0.30000,000.02519226,001.27472878,001.56581116,000.91154104,000.34
Tournament (k=3),Blend,Uniform,0.53756,0.02599,000.00000000,000.02726364,000.01909637,000.32573164,000.27
Tournament (k=3),Blend,Uniform,0.40000,0.19383,000.00035858,000.03820334,000.04098129,000.20471737,000.36
Tournament (k=3),Blend,Uniform,0.46371,0.04791,000.00000000,000.00936232,000.00570488,000.21388207,000.23
Tournament (k=3),Blend,Uniform,0.72243,0.02599,000.00000000,000.00748792,000.00038147,000.38392395,000.29
Tournament (k=3),Blend,Uniform,0.76642,0.13667,000.00000000,000.00020943,000.00013924,000.01052632,000.31
Tournament (k=3),Blend,Uniform,0.46371,0.13667,000.00000000,000.00031238,000.00014877,000.00603640,000.35
Tournament (k=3),Blend,Uniform,0.47762,0.19383,000.00202179,000.06023974,000.05761909,000.28368223,000.37
Tournament (k=3),Blend,Uniform,0.41200,0.10516,000.00000000,000.00143600,000.00094795,000.10013799,000.26
Tournament (k=3),Blend,Uniform,0.62318,0.14915,000.00000000,000.00034060,000.00018883,000.05305835,000.31
Tournament (k=3),Blend,Gaussian,0.81310,0.30000,000.01600647,000.80625993,001.07396507,000.63413805,000.51
Tournament (k=3),Blend,Uniform,0.86261,0.06226,000.00000000,000.00000186,000.00000000,000.15045524,000.26
Tournament (k=3),Blend,Uniform,0.53756,0.08092,000.00000000,000.00104656,000.00074387,000.02488781,000.32
Tournament (k=3),Blend,Uniform,0.66113,0.08092,000.00000000,000.00007234,000.00002861,000.01510006,000.26
Tournament (k=3),Blend,Uniform,0.83749,0.12524,000.00000000,000.00001683,000.00000763,000.15766947,000.36
Tournament (k=3),Blend,Uniform,0.91514,0.04023,000.00000000,000.00000267,000.00000000,000.21663904,000.31
Tournament (k=3),Blend,Gaussian,0.86261,0.21153,000.00149536,000.11788607,000.12303925,000.28833842,000.41
Tournament (k=3),Blend,Uniform,0.55369,0.04390,000.00000000,000.00576878,000.00197792,000.21351597,000.23
Tournament (k=3),Blend,Uniform,0.53756,0.02837,000.00000000,000.03292980,000.01422119,000.28975677,000.25
Tournament (k=3),Blend,Uniform,0.78941,0.02382,000.00000000,000.00875955,000.00004196,000.48603243,000.22
Tournament (k=3),Blend,Uniform,0.70139,0.05705,000.00000000,000.00019255,000.00002289,000.20355967,000.30
Tournament (k=3),Blend,Uniform,0.91514,0.11476,000.00000000,000.00000219,000.00000000,000.09945481,000.36
Tournament (k=3),Blend,Uniform,0.50670,0.10516,000.00000000,000.00034428,000.00023460,000.01260317,000.32
Tournament (k=3),Blend,Uniform,0.81310,0.27490,000.21963501,002.04032087,002.32856750,000.89434761,000.43
Tournament (k=3),Blend,Uniform,0.62318,0.05228,000.00000000,000.00078087,000.00038910,000.08106139,000.24
Tournament (k=3),Blend,Uniform,0.94259,0.02000,000.00000000,000.12204051,000.00000000,000.56876314,000.30
Tournament (k=3),Blend,Uniform,0.58741,0.03095,000.00000000,000.00914178,000.00296593,000.38154590,000.22
Tournament (k=3),Blend,Uniform,0.58741,0.19383,000.00233459,000.11447807,000.10702324,000.35483441,000.37
Tournament (k=3),Blend,Uniform,0.88849,0.08830,000.00000000,000.00000000,000.00000000,000.13929828,000.34
Tournament (k=3),Blend,Uniform,0.40000,0.21153,000.00181198,000.14307781,000.15781784,000.37375569,000.37
Tournament (k=3),Blend,Uniform,0.94259,0.05705,000.00000000,000.00000181,000.00000000,000.31257507,000.26
Tournament (k=3),Blend,Uniform,0.74410,0.03686,000.00000000,000.00019341,000.00000763,000.17498259,000.23
Tournament (k=3),Blend,Gaussian,0.94259,0.02599,000.00000000,000.00000000,000.00000000,000.16967390,000.24
Tournament (k=3),Blend,Uniform,0.64187,0.05705,000.00000000,000.00028710,000.00004768,000.10564424,000.30
Tournament (k=3),Blend,Uniform,0.72243,0.07415,000.00000000,000.00003772,000.00000000,000.09902612,000.31
Tournament (k=3),Blend,Uniform,0.55369,0.10516,000.00000000,000.00014982,000.00010109,000.00298840,000.32
Tournament (k=3),Blend,Uniform,0.60503,0.04023,000.00000000,000.00398526,000.00134468,000.33954835,000.29
Tournament (k=3),Blend,Uniform,0.68096,0.13667,000.00000000,000.00003858,000.00001907,000.00175883,000.31
Tournament (k=3),Blend,Uniform,0.58741,0.03378,000.00000000,000.00729289,000.00186539,000.24851575,000.22
Tournament (k=3),Blend,Uniform,0.70139,0.06226,000.00000000,000.00019813,000.00002289,000.19496107,000.30
Tournament (k=3),Blend,Uniform,0.52190,0.05705,000.00000000,000.00254312,000.00229073,000.02517310,000.28
Tournament (k=3),Blend,Uniform,0.53756,0.21153,000.02816772,000.31437546,000.26639175,000.58213484,000.42
Tournament (k=3),Blend,Uniform,0.81310,0.08830,000.00000000,000.00000067,000.00000000,000.09557367,000.27
Tournament (k=3),Blend,Uniform,0.74410,0.04023,000.00000000,000.00022540,000.00003433,000.20083286,000.24
Tournament (k=3),Blend,Uniform,0.78941,0.06795,000.00000000,000.00000019,000.00000000,000.00240798,000.31
Tournament (k=3),Blend,Uniform,0.91514,0.12524,000.00000000,000.00003014,000.00000763,000.10022118,000.36
Tournament (k=3),Blend,Uniform,0.72243,0.21153,000.00962448,000.68681705,000.92957497,000.77842289,000.32
Tournament (k=3),Blend,Gaussian,0.88849,0.30000,000.07838058,000.86647969,001.11774063,000.62772721,000.44
Tournament (k=3),Blend,Uniform,0.97087,0.02837,000.00000000,000.01489406,000.00000000,000.48522875,000.26
Tournament (k=3),Blend,Uniform,0.94259,0.06226,000.00000000,000.00000000,000.00000000,000.24263707,000.34
Tournament (k=3),Blend,Uniform,0.57030,0.05705,000.00000000,000.00128927,000.00033569,000.19740474,000.25
Tournament (k=3),Blend,Uniform,0.58741,0.21153,000.02239609,000.48246178,000.51707840,000.64374894,000.37
Tournament (k=3),Blend,Uniform,0.94259,0.16276,000.00513077,000.44435900,000.47045517,000.69584233,000.37
Tournament (k=3),Blend,Uniform,0.86261,0.19383,000.03765488,000.87650031,001.14348221,000.71904254,000.38
Tournament (k=3),Blend,Uniform,0.64187,0.06226,000.00000000,000.00058136,000.00019455,000.01521377,000.30
Tournament (k=3),Blend,Uniform,0.97087,0.08092,000.00000000,000.00000043,000.00000000,000.15217981,000.33
Tournament (k=3),Blend,Uniform,0.47762,0.02382,000.00000000,000.10170998,000.04481697,000.50766230,000.25
Tournament (k=3),Blend,Uniform,1.00000,0.04023,000.00000000,000.00485158,000.00000000,000.46931794,000.28
Tournament (k=3),Blend,Uniform,0.57030,0.02183,000.00000000,000.04031782,000.02085304,000.45278835,000.21
Tournament (k=3),Blend,Uniform,0.49195,0.02837,000.00000000,000.02524729,000.01222229,000.33687603,000.21
Tournament (k=3),Blend,Uniform,0.88849,0.25191,000.06822205,001.93441999,002.23120689,001.05573118,000.41
Tournament (k=3),Blend,Uniform,0.81310,0.03686,000.00000000,000.00002074,000.00000000,000.19510962,000.23
Tournament (k=3),Blend,Uniform,0.74410,0.11476,000.00000000,000.00000262,000.00000000,000.09900429,000.29
Tournament (k=3),Blend,Uniform,0.74410,0.27490,000.45311737,002.00123048,002.26317024,000.99516940,000.35
Tournament (k=3),Blend,Uniform,0.52190,0.02000,000.00000000,000.10772376,000.07668495,000.44779295,000.25
Tournament (k=3),Blend,Uniform,0.78941,0.19383,000.03287506,000.57971847,000.68688965,000.69114459,000.33
Tournament (k=3),Blend,Uniform,0.64187,0.17762,000.00057983,000.07493520,000.06284332,000.37959984,000.37
Tournament (k=3),Blend,Uniform,0.64187,0.02183,000.00000000,000.02916274,000.00263405,000.48472941,000.27
Tournament (k=3),Blend,Uniform,0.97087,0.23084,000.15020752,001.86825204,002.29449844,001.03350854,000.41
Tournament (k=3),Blend,Uniform,0.70139,0.02000,000.00000000,000.10267214,000.00164604,000.52264988,000.28
Tournament (k=3),Blend,Uniform,0.43709,0.19383,000.00023651,000.03575749,000.03680992,000.23756833,000.30
Tournament (k=3),Blend,Uniform,0.58741,0.10516,000.00000000,000.00019412,000.00008202,000.00428827,000.28
Tournament (k=3),Blend,Uniform,0.60503,0.11476,000.00000000,000.00002108,000.00000763,000.00305718,000.33
Tournament (k=3),Blend,Uniform,1.00000,0.11476,000.00000000,000.00002337,000.00000000,000.12629434,000.38
Tournament (k=3),Blend,Uniform,0.68096,0.03686,000.00000000,000.00241060,000.00041962,000.25791225,000.23
Tournament (k=3),Blend,Uniform,0.58741,0.23084,000.01623535,000.70754606,000.93105888,000.67722923,000.39
Tournament (k=3),Blend,Uniform,0.83749,0.04791,000.00000000,000.00000987,000.00000000,000.13939697,000.31
Tournament (k=3),Blend,Uniform,0.47762,0.02599,000.00000000,000.04883833,000.04281235,000.33533490,000.26
Tournament (k=3),Blend,Uniform,0.88849,0.03095,000.00000000,000.00000410,000.00000000,000.34530148,000.23
Tournament (k=3),Blend,Uniform,0.86261,0.02382,000.00000000,000.00008183,000.00000000,000.35209012,000.22
Tournament (k=3),Blend,Uniform,0.46371,0.05228,000.00000000,000.00880938,000.00618172,000.11025602,000.23
Tournament (k=3),Blend,Uniform,0.72243,0.02837,000.00000000,000.00321054,000.00010300,000.34435073,000.23
Tournament (k=3),Blend,Uniform,0.76642,0.05705,000.00000000,000.00003018,000.00000000,000.15823543,000.31
Tournament (k=3),Blend,Uniform,0.47762,0.07415,000.00000000,000.00156274,000.00069618,000.04590386,000.29
Tournament (k=3),Blend,Uniform,0.52190,0.17762,000.00001144,000.01386604,000.01460648,000.11298954,000.30
Tournament (k=3),Blend,Uniform,0.66113,0.23084,000.02920151,000.99083441,001.27806282,000.70794773,000.36
Tournament (k=3),Blend,Uniform,0.86261,0.06795,000.00000000,000.00000052,000.00000000,000.16971302,000.26
Tournament (k=3),Blend,Uniform,0.46371,0.14915,000.00000000,000.00029821,000.00021744,000.00489619,000.36
Tournament (k=3),Blend,Uniform,0.78941,0.02599,000.00000000,000.01385608,000.00000572,000.45839593,000.22
Tournament (k=3),Blend,Uniform,0.88849,0.03378,000.00000000,000.00003424,000.00000000,000.30244058,000.23
Tournament (k=3),Blend,Uniform,0.47762,0.21153,000.00459671,000.22332987,000.26069832,000.43242878,000.37
Tournament (k=3),Blend,Uniform,0.68096,0.04023,000.00000000,000.00138044,000.00011635,000.28370118,000.27
Tournament (k=3),Blend,Uniform,0.53756,0.08830,000.00000000,000.00043912,000.00016403,000.04526149,000.31
Tournament (k=3),Blend,Uniform,0.62318,0.16276,000.00001907,000.00937486,000.00808716,000.20604824,000.38
Tournament (k=3),Blend,Uniform,0.53756,0.03095,000.00000000,000.01612582,000.00744247,000.32922757,000.27
Tournament (k=3),Blend,Uniform,0.97087,0.25191,000.40424347,002.08495188,002.57029724,000.98665088,000.38
Tournament (k=3),Blend,Uniform,0.64187,0.19383,000.00536346,000.18793043,000.20490837,000.49107537,000.46
Tournament (k=3),Blend,Uniform,0.91514,0.04390,000.00000000,000.00000000,000.00000000,000.21679267,000.31
Tournament (k=3),Blend,Uniform,1.00000,0.12524,000.00000000,000.00064383,000.00013733,000.14006566,000.34
Tournament (k=3),Blend,Uniform,0.62318,0.05705,000.00000000,000.00040393,000.00014687,000.20068403,000.24
Tournament (k=3),Blend,Uniform,0.66113,0.03686,000.00000000,000.00071893,000.00012779,000.18336943,000.23
Tournament (k=3),Blend,Uniform,0.83749,0.13667,000.00000000,000.00038095,000.00019073,000.15303037,000.36
Tournament (k=3),Blend,Uniform,0.94259,0.02183,000.00000000,000.08377023,000.00000000,000.43992683,000.27
Tournament (k=3),Blend,Uniform,0.50670,0.11476,000.00000000,000.00010238,000.00006485,000.00289719,000.32
Tournament (k=3),Blend,Uniform,0.70139,0.16276,000.00002289,000.02348428,000.02210045,000.35076523,000.37
Tournament (k=3),Blend,Uniform,0.81310,0.30000,000.16366577,002.39665794,002.86459351,001.32981312,000.40
Tournament (k=3),Blend,Uniform,0.60503,0.25191,000.01673889,001.09871280,001.32823181,000.96194643,000.35
Tournament (k=3),Blend,Uniform,0.58741,0.03686,000.00000000,000.00631375,000.00362968,000.22623324,000.22
Tournament (k=3),Blend,Uniform,0.88849,0.09637,000.00000000,000.00000000,000.00000000,000.03581729,000.34
Tournament (k=3),Blend,Uniform,0.60503,0.04390,000.00000000,000.00159364,000.00058174,000.23629408,000.28
Tournament (k=3),Blend,Uniform,0.68096,0.04390,000.00000000,000.00096798,000.00004196,000.17522569,000.27
Tournament (k=3),Blend,Uniform,0.70139,0.06795,000.00000000,000.00013804,000.00001335,000.09916509,000.25
Tournament (k=3),Blend,Uniform,0.74410,0.04390,000.00000000,000.00010161,000.00000381,000.21660595,000.23
Tournament (k=3),Blend,Uniform,0.72243,0.08092,000.00000000,000.00004048,000.00000000,000.09947804,000.32
Tournament (k=3),Blend,Uniform,0.53756,0.09637,000.00000000,000.00032725,000.00010681,000.01270677,000.30
Tournament (k=3),Blend,Uniform,0.52190,0.06226,000.00000000,000.00322585,000.00127411,000.15190409,000.29
Tournament (k=3),Blend,Uniform,0.81310,0.09637,000.00000000,000.00000024,000.00000000,000.00214486,000.28
Tournament (k=3),Blend,Uniform,0.57030,0.17762,000.00060654,000.03355537,000.03289032,000.27693519,000.37
Tournament (k=3),Blend,Uniform,0.94259,0.02382,000.00000000,000.01547265,000.00000000,000.48754656,000.26
Tournament (k=3),Blend,Uniform,0.78941,0.07415,000.00000000,000.00000224,000.00000000,000.00507687,000.32
Tournament (k=3),Blend,Uniform,0.53756,0.23084,000.00840759,000.64027226,000.73002625,000.68305379,000.37
Tournament (k=3),Blend,Uniform,0.40000,0.02183,000.00000763,000.16849193,000.12604523,000.46232593,000.20
Tournament (k=3),Blend,Uniform,0.57030,0.06226,000.00000000,000.00143223,000.00068092,000.03901459,000.26
Tournament (k=3),Blend,Uniform,0.72243,0.23084,000.02593994,001.00809574,001.20878601,000.78077418,000.33
Tournament (k=3),Blend,Uniform,0.91514,0.13667,000.00000000,000.00390964,000.00151443,000.26861584,000.37
Tournament (k=3),Blend,Uniform,0.50670,0.12524,000.00000000,000.00010576,000.00005150,000.00417654,000.34
Tournament (k=3),Blend,Uniform,0.49195,0.03095,000.00000000,000.02253194,000.01184273,000.31239215,000.21
Tournament (k=3),Blend,Gaussian,0.83749,0.04791,000.00000000,000.00000033,000.00000000,000.00066305,000.26
Tournament (k=3),Blend,Uniform,1.00000,0.04390,000.00000000,000.00001192,000.00000000,000.36653548,000.25
Tournament (k=3),Blend,Uniform,0.70139,0.17762,000.00456619,000.11462097,000.10923767,000.48839331,000.39
Tournament (k=3),Blend,Uniform,0.57030,0.02382,000.00000000,000.04141355,000.01835823,000.42335513,000.26
Tournament (k=3),Blend,Uniform,0.64187,0.06795,000.00000000,000.00041790,000.00006104,000.00845926,000.30
Tournament (k=3),Blend,Uniform,0.81310,0.04023,000.00000000,000.00001874,000.00000000,000.26637509,000.24
Tournament (k=3),Blend,Uniform,0.52190,0.02183,000.00000000,000.15003100,000.06095123,000.52958673,000.25
Tournament (k=3),Blend,Uniform,0.97087,0.08830,000.00000000,000.00000000,000.00000000,000.19256502,000.36
Tournament (k=3),Blend,Uniform,0.94259,0.17762,000.01681519,000.75659400,001.03604507,000.75058329,000.39
Tournament (k=3),Blend,Uniform,0.74410,0.12524,000.00000000,000.00000138,000.00000000,000.17378917,000.29
Tournament (k=3),Blend,Uniform,0.64187,0.02382,000.00000000,000.03404541,000.00402641,000.45066875,000.24
Tournament (k=3),Blend,Uniform,0.86261,0.21153,000.06958771,001.17673612,001.42857170,000.87521452,000.39
Tournament (k=3),Blend,Uniform,0.94259,0.02599,000.00000000,000.02533631,000.00000000,000.44561884,000.30
Tournament (k=3),Blend,Uniform,0.70139,0.02183,000.00000000,000.14858671,000.01062393,000.60987020,000.27
Tournament (k=3),Blend,Uniform,0.76642,0.14915,000.00000000,000.00618162,000.00388718,000.21678054,000.30
Tournament (k=3),Blend,Uniform,0.88849,0.27490,000.36207581,002.41763353,002.77497482,001.02768207,000.40
Tournament (k=3),Blend,Uniform,0.43709,0.21153,000.00564575,000.14311175,000.16376114,000.38035360,000.33
Tournament (k=3),Blend,Uniform,0.60503,0.12524,000.00000000,000.00002728,000.00000763,000.00081473,000.32
Tournament (k=3),Blend,Uniform,0.66113,0.08830,000.00000000,000.00008416,000.00005722,000.00963523,000.26
Tournament (k=3),Blend,Uniform,0.53756,0.25191,000.06224442,000.92246568,001.18083763,000.76715994,000.39
Tournament (k=3),Blend,Uniform,0.86261,0.02599,000.00000000,000.00207438,000.00000000,000.44663036,000.22
Tournament (k=3),Blend,Uniform,0.72243,0.03095,000.00000000,000.00044246,000.00002670,000.25624108,000.23
Tournament (k=3),Blend,Uniform,0.83749,0.05228,000.00000000,000.00001459,000.00000000,000.21669032,000.28
Tournament (k=3),Blend,Uniform,0.55369,0.04791,000.00000000,000.00430937,000.00162888,000.27975380,000.27
Tournament (k=3),Blend,Uniform,0.76642,0.06226,000.00000000,000.00001483,000.00000000,000.09896325,000.25
Tournament (k=3),Blend,Uniform,0.86261,0.07415,000.00000000,000.00000010,000.00000000,000.00079853,000.26
Tournament (k=3),Blend,Uniform,0.58741,0.25191,000.09516144,001.02272916,001.27294540,000.72307390,000.37
Tournament (k=3),Blend,Uniform,0.64187,0.02599,000.00000000,000.07189503,000.00271797,000.41995272,000.27
Tournament (k=3),Blend,Uniform,0.52190,0.19383,000.00158691,000.07901931,000.07818222,000.35366148,000.31
Tournament (k=3),Blend,Uniform,0.78941,0.02837,000.00000000,000.00056958,000.00000000,000.47225738,000.28
Tournament (k=3),Blend,Uniform,0.66113,0.25191,000.01520538,001.26856506,001.56265259,000.85888302,000.32
Tournament (k=3),Blend,Uniform,0.88849,0.03686,000.00000000,000.00000038,000.00000000,000.28458565,000.31
Tournament (k=3),Blend,Uniform,0.53756,0.03378,000.00000000,000.01508532,000.00421906,000.32924870,000.26
Tournament (k=3),Blend,Uniform,0.55369,0.11476,000.00000000,000.00014052,000.00005341,000.00792459,000.33
Tournament (k=3),Blend,Uniform,0.70139,0.02382,000.00000000,000.08230243,000.00095749,000.52828205,000.30
Tournament (k=3),Blend,Uniform,0.97087,0.03095,000.00000000,000.01990066,000.00000000,000.52786416,000.23
Tournament (k=3),Blend,Uniform,0.72243,0.03378,000.00000000,000.00100975,000.00000763,000.28219742,000.25
Tournament (k=3),Blend,Uniform,0.91514,0.04791,000.00000000,000.00000100,000.00000000,000.40419236,000.31
Tournament (k=3),Blend,Uniform,1.00000,0.13667,000.00001526,000.03594251,000.01524353,000.42053559,000.32
Tournament (k=3),Blend,Uniform,0.76642,0.16276,000.00149536,000.08527489,000.07444572,000.40584135,000.39
Tournament (k=3),Blend,Uniform,0.76642,0.06795,000.00000000,000.00001340,000.00000000,000.13920894,000.26
Tournament (k=3),Blend,Uniform,0.83749,0.14915,000.00000763,000.01356373,000.00786591,000.18927951,000.32
Tournament (k=3),Blend,Uniform,0.83749,0.02000,000.00000000,000.11478372,000.00006866,000.52968055,000.28
Tournament (k=3),Blend,Uniform,0.66113,0.09637,000.00000000,000.00003157,000.00000763,000.00361359,000.36
Tournament (k=3),Blend,Uniform,0.97087,0.27490,000.62348175,002.69205642,003.23585129,001.13800418,000.41
Tournament (k=3),Blend,Uniform,0.68096,0.04791,000.00000000,000.00072351,000.00053024,000.19471817,000.24
Tournament (k=3),Blend,Uniform,0.53756,0.27490,000.01763535,000.98158681,001.18477440,000.83615065,000.39
Tournament (k=3),Blend,Uniform,0.74410,0.04791,000.00000000,000.00023336,000.00003433,000.02199724,000.24
Tournament (k=3),Blend,Uniform,0.60503,0.04791,000.00000000,000.00422430,000.00215340,000.22539321,000.28
Tournament (k=3),Blend,Uniform,0.60503,0.27490,000.10990906,001.21863687,001.37470436,000.79544723,000.33
Tournament (k=3),Blend,Uniform,0.88849,0.10516,000.00000000,000.00000000,000.00000000,000.00147407,000.35
Tournament (k=3),Blend,Uniform,0.70139,0.07415,000.00000000,000.00004840,000.00000763,000.09894371,000.31
Tournament (k=3),Blend,Uniform,0.52190,0.06795,000.00000000,000.00137110,000.00034332,000.05251102,000.29
Tournament (k=3),Blend,Uniform,0.40000,0.02382,000.00000000,000.12453508,000.09120941,000.49716690,000.19
Tournament (k=3),Blend,Uniform,0.72243,0.08830,000.00000000,000.00000992,000.00000000,000.00782274,000.32
Tournament (k=3),Blend,Uniform,0.53756,0.10516,000.00000000,000.00027237,000.00014496,000.00995671,000.32
Tournament (k=3),Blend,Uniform,0.81310,0.10516,000.00000000,000.00000000,000.00000000,000.02144032,000.28
Tournament (k=3),Blend,Uniform,0.78941,0.08092,000.00000000,000.00000191,000.00000000,000.00063748,000.32
Tournament (k=3),Blend,Uniform,0.78941,0.21153,000.07732010,000.97916162,001.24299240,000.72642565,000.33
Tournament (k=3),Blend,Uniform,0.68096,0.05228,000.00000000,000.00013342,000.00000954,000.10711388,000.25
Tournament (k=3),Blend,Uniform,0.74410,0.30000,000.33676910,002.16264296,002.35694313,001.05095720,000.36
Tournament (k=3),Blend,Uniform,0.74410,0.05228,000.00000000,000.00013127,000.00001335,000.13945958,000.24
Tournament (k=3),Blend,Uniform,0.57030,0.19383,000.00300217,000.11803102,000.12084198,000.42470187,000.37
Tournament (k=3),Blend,Uniform,0.72243,0.25191,000.19023514,001.36436248,001.65742302,000.86131561,000.33
Tournament (k=3),Blend,Uniform,0.83749,0.16276,000.00133514,000.16942248,000.16622543,000.46046364,000.35
Tournament (k=3),Blend,Uniform,0.57030,0.02599,000.00000000,000.08828187,000.01281548,000.46376842,000.26
Tournament (k=3),Blend,Uniform,0.50670,0.13667,000.00000000,000.00011592,000.00007439,000.00289478,000.33
Tournament (k=3),Blend,Uniform,0.81310,0.04390,000.00000000,000.00003152,000.00000000,000.21740393,000.24
Tournament (k=3),Blend,Uniform,0.91514,0.14915,000.00012207,000.10035429,000.09585190,000.45091310,000.38
Tournament (k=3),Blend,Uniform,0.53756,0.30000,000.09133148,001.39092231,001.57083130,000.83278024,000.37
Tournament (k=3),Blend,Uniform,0.52190,0.07415,000.00000000,000.00100012,000.00043869,000.03089763,000.28
Tournament (k=3),Blend,Uniform,0.64187,0.07415,000.00000000,000.00036812,000.00006485,000.02601287,000.31
Tournament (k=3),Blend,Uniform,0.70139,0.19383,000.00665665,000.36993247,000.38479805,000.60166222,000.38
Tournament (k=3),Blend,Uniform,0.74410,0.13667,000.00000000,000.00010352,000.00004005,000.12111084,000.30
Tournament (k=3),Blend,Uniform,0.72243,0.09637,000.00000000,000.00000949,000.00000000,000.00364219,000.33
Tournament (k=3),Blend,Uniform,0.97087,0.09637,000.00000000,000.00000000,000.00000000,000.19592479,000.34
Tournament (k=3),Blend,Uniform,0.62318,0.06226,000.00000000,000.00035543,000.00014877,000.11157875,000.25
Tournament (k=3),Blend,Uniform,0.94259,0.02837,000.00000000,000.00008688,000.00000000,000.39037001,000.30
Tournament (k=3),Blend,Uniform,0.66113,0.04023,000.00000000,000.00302181,000.00111389,000.22006768,000.23
Tournament (k=3),Blend,Uniform,0.62318,0.17762,000.00118637,000.06820965,000.06087875,000.44103542,000.32
Tournament (k=3),Blend,Uniform,0.86261,0.02837,000.00000000,000.00003610,000.00000000,000.32099450,000.29
Tournament (k=3),Blend,Uniform,0.74410,0.05705,000.00000000,000.00029268,000.00000954,000.13919632,000.32
Tournament (k=3),Blend,Uniform,0.81310,0.04791,000.00000000,000.00000467,000.00000000,000.19486320,000.27
Tournament (k=3),Blend,Uniform,0.68096,0.14915,000.00000000,000.00098162,000.00069046,000.03850353,000.36
Tournament (k=3),Blend,Uniform,0.86261,0.23084,000.04957962,001.46744728,001.63201904,000.94167435,000.46
Tournament (k=3),Blend,Uniform,0.83749,0.05705,000.00000000,000.00000095,000.00000000,000.19495493,000.31
Tournament (k=3),Blend,Uniform,0.86261,0.08092,000.00000000,000.00000052,000.00000000,000.20000653,000.27
Tournament (k=3),Blend,Uniform,0.94259,0.06795,000.00000000,000.00000019,000.00000000,000.10908321,000.33
Tournament (k=3),Blend,Uniform,0.57030,0.21153,000.00903702,000.32349163,000.33722687,000.52944076,000.40
Tournament (k=3),Blend,Uniform,0.64187,0.02837,000.00000000,000.01263738,000.00163269,000.43481243,000.27
Tournament (k=3),Blend,Uniform,0.88849,0.30000,000.42537689,002.49336505,002.73181915,001.21081150,000.42
Tournament (k=3),Blend,Uniform,0.88849,0.04023,000.00000000,000.00000868,000.00000000,000.25366199,000.24
Tournament (k=3),Blend,Uniform,0.58741,0.27490,000.17954254,001.15372503,001.40054321,000.70711416,000.32
Tournament (k=3),Blend,Uniform,0.78941,0.03095,000.00000000,000.00008240,000.00000000,000.23843594,000.29
Tournament (k=3),Blend,Uniform,0.52190,0.21153,000.00839233,000.23611274,000.24826241,000.42518884,000.31
Tournament (k=3),Blend,Uniform,0.97087,0.03378,000.00000000,000.00000010,000.00000000,000.31253028,000.23
Tournament (k=3),Blend,Uniform,0.66113,0.27490,000.11650848,001.54086912,001.78344345,000.96189970,000.34
Tournament (k=3),Blend,Uniform,0.72243,0.03686,000.00000000,000.00060439,000.00010109,000.26039952,000.26
Tournament (k=3),Blend,Uniform,0.53756,0.03686,000.00000000,000.00740290,000.00238037,000.35015532,000.27
Tournament (k=3),Blend,Uniform,0.70139,0.02599,000.00000000,000.01026101,000.00012398,000.42348349,000.27
Tournament (k=3),Blend,Uniform,0.55369,0.12524,000.00000000,000.00008030,000.00003624,000.00318752,000.34
Tournament (k=3),Blend,Uniform,0.66113,0.04390,000.00000000,000.00135508,000.00080299,000.17010063,000.29
Tournament (k=3),Blend,Uniform,0.49195,0.03378,000.00000000,000.03965754,000.00740242,000.40009362,000.21
Tournament (k=3),Blend,Uniform,0.57030,0.06795,000.00000000,000.00118275,000.00054550,000.13996784,000.26
Tournament (k=3),Blend,Uniform,0.83749,0.02183,000.00000000,000.02197170,000.00000000,000.40938249,000.28
Tournament (k=3),Blend,Uniform,0.66113,0.10516,000.00000000,000.00001612,000.00000381,000.01553721,000.28
Tournament (k=3),Blend,Uniform,1.00000,0.04791,000.00000000,000.00000858,000.00000000,000.39881608,000.24
Tournament (k=3),Blend,Uniform,0.40000,0.02599,000.00000000,000.12350497,000.07767105,000.45015407,000.19
Tournament (k=3),Blend,Uniform,0.52190,0.02382,000.00000000,000.03682647,000.01354599,000.40475282,000.25
Tournament (k=3),Blend,Uniform,0.60503,0.05228,000.00000000,000.00149779,000.00033569,000.03531441,000.28
Tournament (k=3),Blend,Uniform,0.70139,0.08092,000.00000000,000.00003037,000.00000191,000.00361215,000.31
Tournament (k=3),Blend,Uniform,0.81310,0.11476,000.00000000,000.00000033,000.00000000,000.09901889,000.29
Tournament (k=3),Blend,Uniform,0.60503,0.30000,000.04505157,001.53704751,001.78181648,001.00881028,000.33
Tournament (k=3),Blend,Uniform,0.49195,0.03686,000.00000000,000.01055970,000.00562859,000.23067787,000.21
Tournament (k=3),Blend,Uniform,0.72243,0.04023,000.00000000,000.00073881,000.00002289,000.27308929,000.34
Tournament (k=3),Blend,Uniform,0.83749,0.06226,000.00000000,000.00000091,000.00000000,000.09897868,000.51
Tournament (k=3),Blend,Uniform,0.57030,0.07415,000.00000000,000.00090590,000.00068665,000.02032317,000.26
Tournament (k=3),Blend,Uniform,0.66113,0.30000,000.29158401,001.91518211,002.19174194,001.01279128,000.38
Tournament (k=3),Blend,Uniform,0.97087,0.30000,000.00989532,002.76992249,003.27594757,001.20598042,000.49
Tournament (k=3),Blend,Uniform,1.00000,0.14915,000.00069046,000.20505185,000.18840981,000.55538738,000.58
Tournament (k=3),Blend,Uniform,0.88849,0.11476,000.00000000,000.00000033,000.00000000,000.00529309,000.43
Tournament (k=3),Blend,Uniform,0.78941,0.08830,000.00000000,000.00000057,000.00000000,000.13930625,000.32
Tournament (k=3),Blend,Uniform,0.55369,0.05228,000.00000000,000.00309310,000.00160789,000.14335857,000.28
Tournament (k=3),Blend,Uniform,0.78941,0.23084,000.19621277,001.24497104,001.46524048,000.84733081,000.38
Tournament (k=3),Blend,Uniform,0.86261,0.25191,000.06893158,001.94299924,002.36877060,001.06287897,000.70
Tournament (k=3),Blend,Uniform,0.91514,0.02000,000.00000000,000.05218253,000.00000000,000.50243372,000.62
Tournament (k=3),Blend,Uniform,0.83749,0.17762,000.00876617,000.41154090,000.42296219,000.62190968,000.37
Tournament (k=3),Blend,Uniform,0.62318,0.06795,000.00000000,000.00058465,000.00020218,000.02347664,000.25
Tournament (k=3),Blend,Uniform,0.60503,0.13667,000.00000000,000.00003686,000.00001907,000.00495338,000.40
Tournament (k=3),Blend,Uniform,0.72243,0.27490,000.17242432,001.77911496,002.06860161,001.00876987,000.40
Tournament (k=3),Blend,Uniform,0.50670,0.14915,000.00000000,000.00045404,000.00047493,000.00601999,000.40
Tournament (k=3),Blend,Uniform,0.94259,0.03095,000.00000000,000.00001183,000.00000000,000.35619375,000.23
Tournament (k=3),Blend,Uniform,0.68096,0.16276,000.00000000,000.01197543,000.00929260,000.17163749,000.77
Tournament (k=3),Blend,Uniform,0.64187,0.21153,000.02455521,000.46265611,000.47148895,000.63078725,000.44
Tournament (k=3),Blend,Uniform,0.74410,0.14915,000.00000381,000.00313635,000.00149345,000.12771177,000.30
Tournament (k=3),Blend,Uniform,0.91514,0.16276,000.00098801,000.30804619,000.25221634,000.60853463,000.40
Tournament (k=3),Blend,Uniform,0.64187,0.08092,000.00000000,000.00015230,000.00002098,000.00675581,000.32
Tournament (k=3),Blend,Uniform,0.72243,0.10516,000.00000000,000.00000854,000.00000000,000.01771933,000.32
Tournament (k=3),Blend,Uniform,0.74410,0.06226,000.00000000,000.00004263,000.00000381,000.13923205,000.25
Tournament (k=3),Blend,Uniform,0.97087,0.10516,000.00000000,000.00000310,000.00000000,000.00940913,000.35
Tournament (k=3),Blend,Uniform,0.81310,0.05228,000.00000000,000.00003462,000.00000000,000.19574782,000.27
Tournament (k=3),Blend,Uniform,0.86261,0.03095,000.00000000,000.00011001,000.00000000,000.28879198,000.28
Tournament (k=3),Blend,Uniform,0.62318,0.19383,000.00465393,000.15079427,000.13736153,000.40232217,000.31
Tournament (k=3),Blend,Uniform,0.70139,0.21153,000.00649261,000.63688707,000.74655724,000.74196225,000.40
Tournament (k=3),Blend,Uniform,0.83749,0.06795,000.00000000,000.00000076,000.00000000,000.00081766,000.35
Tournament (k=3),Blend,Uniform,0.52190,0.02599,000.00000000,000.04194546,000.02399826,000.39110669,000.50
Tournament (k=3),Blend,Uniform,0.76642,0.17762,000.00781250,000.26268119,000.23091507,000.53775942,000.31
Tournament (k=3),Blend,Uniform,0.86261,0.08830,000.00000000,000.00000000,000.00000000,000.09898657,000.28
Tournament (k=3),Blend,Uniform,0.88849,0.04390,000.00000000,000.00000086,000.00000000,000.23792125,000.24
Tournament (k=3),Blend,Uniform,0.64187,0.03095,000.00000000,000.00122781,000.00022507,000.27839440,000.27
Tournament (k=3),Blend,Uniform,0.97087,0.03686,000.00000000,000.00000014,000.00000000,000.29825452,000.23
Tournament (k=3),Blend,Uniform,0.66113,0.04791,000.00000000,000.00065117,000.00018120,000.20531581,000.24
Tournament (k=3),Blend,Uniform,0.70139,0.02837,000.00000000,000.00812788,000.00062370,000.44122973,000.26
Tournament (k=3),Blend,Uniform,0.78941,0.03378,000.00000000,000.00007491,000.00000000,000.27878028,000.29
Tournament (k=3),Blend,Uniform,0.94259,0.07415,000.00000000,000.00000043,000.00000000,000.19811133,000.33
Tournament (k=3),Blend,Uniform,0.74410,0.06795,000.00000000,000.00016994,000.00000763,000.00542767,000.26
Tournament (k=3),Blend,Uniform,0.58741,0.30000,000.07798004,001.61837900,001.96136284,000.93706906,000.33
Tournament (k=3),Blend,Uniform,1.00000,0.05228,000.00000000,000.00000019,000.00000000,000.45350143,000.25
Tournament (k=3),Blend,Uniform,0.68096,0.17762,000.00281525,000.10231624,000.12685013,000.30942759,000.37
Tournament (k=3),Blend,Uniform,0.83749,0.02382,000.00000000,000.00100064,000.00000000,000.39001638,000.28
Tournament (k=3),Blend,Uniform,0.55369,0.13667,000.00000000,000.00007691,000.00004005,000.00132299,000.34
Tournament (k=3),Blend,Uniform,0.62318,0.02000,000.00000000,000.19103456,000.06108665,000.59895808,000.21
Tournament (k=3),Blend,Uniform,0.94259,0.19383,000.03496933,001.03427732,001.29857254,000.89572787,000.39
Tournament (k=3),Blend,Uniform,0.97087,0.11476,000.00000000,000.00000443,000.00000000,000.00579418,000.33
Tournament (k=3),Blend,Uniform,0.70139,0.08830,000.00000000,000.00001898,000.00000381,000.00044869,000.32
Tournament (k=3),Blend,Uniform,0.81310,0.12524,000.00000000,000.00000811,000.00000000,000.00953507,000.29
Tournament (k=3),Blend,Uniform,0.68096,0.02000,000.00000000,000.10324912,000.01025200,000.43122908,000.21
Tournament (k=3),Blend,Uniform,0.83749,0.07415,000.00000000,000.00000010,000.00000000,000.00510307,000.35
Tournament (k=3),Blend,Uniform,0.62318,0.21153,000.00998688,000.55314273,000.66290665,000.59766394,000.40
Tournament (k=3),Blend,Uniform,0.72243,0.04390,000.00000000,000.00025163,000.00000763,000.19481155,000.29
Tournament (k=3),Blend,Uniform,1.00000,0.02000,000.00000000,000.18196002,000.00000954,000.52308249,000.29
Tournament (k=3),Blend,Uniform,0.76642,0.07415,000.00000000,000.00000944,000.00000000,000.08937181,000.26
Tournament (k=3),Blend,Uniform,0.78941,0.03686,000.00000000,000.00002799,000.00000000,000.22009537,000.29
Tournament (k=3),Blend,Uniform,0.88849,0.12524,000.00000000,000.00002222,000.00000763,000.01410924,000.32
Tournament (k=3),Blend,Uniform,0.91514,0.02183,000.00000000,000.15862651,000.00000000,000.53115755,000.28
Tournament (k=3),Blend,Uniform,0.62318,0.07415,000.00000000,000.00041175,000.00025749,000.06119242,000.25
Tournament (k=3),Blend,Uniform,0.91514,0.05228,000.00000000,000.00000072,000.00000000,000.19621339,000.31
Tournament (k=3),Blend,Uniform,1.00000,0.16276,000.01880264,000.62046182,000.87957001,000.69650418,000.39
Tournament (k=3),Blend,Uniform,0.78941,0.25191,000.14532471,001.69821513,001.96857834,000.86915541,000.35
Tournament (k=3),Blend,Uniform,0.68096,0.02183,000.00000000,000.01984353,000.00037766,000.53167433,000.26
Tournament (k=3),Blend,Uniform,0.83749,0.19383,000.05767822,000.77492970,001.02631950,000.74804395,000.36
Tournament (k=3),Blend,Uniform,0.86261,0.27490,000.31634903,002.38901639,002.68000793,001.02036023,000.38
Tournament (k=3),Blend,Uniform,0.94259,0.03378,000.00000000,000.00000033,000.00000000,000.32770181,000.30
Tournament (k=3),Blend,Uniform,0.72243,0.30000,000.11988068,001.91950643,002.27425575,001.07724774,000.34
Tournament (k=3),Blend,Uniform,0.60503,0.14915,000.00000000,000.00038662,000.00031853,000.09816189,000.35
Tournament (k=3),Blend,Gaussian,0.83749,0.05228,000.00000000,000.00000000,000.00000000,000.03105284,000.32
Tournament (k=3),Blend,Uniform,0.64187,0.08830,000.00000000,000.00012031,000.00005341,000.00720961,000.27
Tournament (k=3),Blend,Uniform,0.74410,0.16276,000.00053024,000.05242906,000.04000473,000.32934561,000.31
Tournament (k=3),Blend,Uniform,0.76642,0.02000,000.00000000,000.12106304,000.00059319,000.52509570,000.22
Tournament (k=3),Blend,Uniform,0.81310,0.13667,000.00000000,000.00057850,000.00018311,000.16510132,000.36
Tournament (k=3),Blend,Uniform,1.00000,0.02183,000.00000000,000.03644738,000.00000000,000.56055123,000.30
Tournament (k=3),Blend,Uniform,0.72243,0.11476,000.00000000,000.00000172,000.00000000,000.00663801,000.34
Tournament (k=3),Blend,Uniform,0.78941,0.04023,000.00000000,000.00058680,000.00000572,000.34472612,000.30
Tournament (k=3),Blend,Uniform,0.86261,0.03378,000.00000000,000.00001626,000.00000000,000.29861206,000.29
Tournament (k=3),Blend,Uniform,0.66113,0.11476,000.00000000,000.00000834,000.00000191,000.00184104,000.28
Tournament (k=3),Blend,Uniform,0.86261,0.09637,000.00000000,000.00000005,000.00000000,000.00188659,000.30
Tournament (k=3),Blend,Uniform,0.66113,0.05228,000.00000000,000.00093226,000.00032043,000.13318425,000.23
Tournament (k=3),Blend,Uniform,0.97087,0.04023,000.00000000,000.00000324,000.00000000,000.30068955,000.24
Tournament (k=3),Blend,Uniform,0.70139,0.03095,000.00000000,000.00332069,000.00012970,000.31948996,000.23
Tournament (k=3),Blend,Uniform,0.76642,0.19383,000.00647736,000.61865008,000.79224968,000.73047948,000.32
Tournament (k=3),Blend,Uniform,0.64187,0.03378,000.00000000,000.00870213,000.00272751,000.27904114,000.27
Tournament (k=3),Blend,Uniform,0.70139,0.23084,000.07054901,001.00055099,001.25226212,000.80459690,000.38
Tournament (k=3),Blend,Uniform,0.76642,0.02183,000.00000000,000.06545968,000.00003815,000.43591994,000.24
Tournament (k=3),Blend,Uniform,0.83749,0.02599,000.00000000,000.07869744,000.00001335,000.53668875,000.28
Tournament (k=3),Blend,Uniform,1.00000,0.05705,000.00000000,000.00000286,000.00000000,000.27235135,000.29
Tournament (k=3),Blend,Uniform,0.94259,0.08092,000.00000000,000.00000072,000.00000000,000.25423431,000.31
Tournament (k=3),Blend,Uniform,0.78941,0.09637,000.00000000,000.00000048,000.00000000,000.00137549,000.33
Tournament (k=3),Blend,Uniform,0.68096,0.19383,000.00052261,000.35854611,000.34991837,000.61463314,000.32
Tournament (k=3),Blend,Uniform,0.78941,0.27490,000.39722443,001.88781452,002.22110367,000.98154050,000.43
Tournament (k=3),Blend,Uniform,0.55369,0.14915,000.00000000,000.00013075,000.00011253,000.00640110,000.33
Tournament (k=3),Blend,Uniform,0.86261,0.03686,000.00000000,000.00000000,000.00000000,000.19525266,000.27
Tournament (k=3),Blend,Uniform,0.68096,0.05705,000.00000000,000.00021725,000.00003815,000.04969646,000.24
Tournament (k=3),Blend,Uniform,0.72243,0.04791,000.00000000,000.00031438,000.00002098,000.20857024,000.26
Tournament (k=3),Blend,Uniform,0.76642,0.08092,000.00000000,000.00000052,000.00000000,000.00225913,000.26
Tournament (k=3),Blend,Uniform,0.97087,0.12524,000.00000000,000.00017848,000.00008774,000.13389449,000.36
Tournament (k=3),Blend,Uniform,0.64187,0.23084,000.05793381,000.88067657,001.13661957,000.78190213,000.33
Tournament (k=3),Blend,Uniform,0.83749,0.08092,000.00000000,000.00000000,000.00000000,000.13944255,000.33
Tournament (k=3),Blend,Uniform,0.94259,0.21153,000.11386108,001.38964963,001.56208992,000.87276214,000.40
Tournament (k=3),Blend,Uniform,0.88849,0.04791,000.00000000,000.00000010,000.00000000,000.18271959,000.25
Tournament (k=3),Blend,Uniform,0.74410,0.02000,000.00000000,000.01217241,000.00021744,000.36397228,000.22
Tournament (k=3),Blend,Uniform,0.76642,0.21153,000.07371521,000.94034481,001.21728325,000.66245764,000.35
Tournament (k=3),Blend,Uniform,0.91514,0.02382,000.00000000,000.00006695,000.00000000,000.38170388,000.29
Tournament (k=3),Blend,Uniform,0.91514,0.17762,000.03159332,000.68901426,000.98809624,000.74886614,000.39
Tournament (k=3),Blend,Uniform,0.88849,0.13667,000.00000000,000.00227165,000.00086212,000.15777551,000.37
Tournament (k=3),Blend,Uniform,0.91514,0.05705,000.00000000,000.00000038,000.00000000,000.30730438,000.32
Tournament (k=3),Blend,Uniform,0.94259,0.08830,000.00000000,000.00000000,000.00000000,000.16522488,000.35
Tournament (k=3),Blend,Uniform,0.94259,0.03686,000.00000000,000.00000000,000.00000000,000.21936944,000.31
Tournament (k=3),Blend,Uniform,0.86261,0.04023,000.00000000,000.00000043,000.00000000,000.16986571,000.26
Tournament (k=3),Blend,Uniform,1.00000,0.17762,000.01453400,000.97391874,001.28244400,000.79736245,000.39
Tournament (k=3),Blend,Uniform,0.62318,0.02183,000.00000000,000.03619938,000.00366402,000.45059958,000.21
Tournament (k=3),Blend,Uniform,0.74410,0.07415,000.00000000,000.00004220,000.00000000,000.13924330,000.26
Tournament (k=3),Blend,Uniform,0.83749,0.21153,000.05004501,001.07169557,001.39032364,000.90740091,000.39
Tournament (k=3),Blend,Uniform,0.64187,0.09637,000.00000000,000.00007195,000.00000572,000.00392985,000.27
Tournament (k=3),Blend,Uniform,0.86261,0.30000,000.52942657,002.56059027,002.89566422,001.21824908,000.43
Tournament (k=3),Blend,Uniform,0.74410,0.17762,000.00096512,000.16933098,000.16099930,000.51060718,000.32
Tournament (k=3),Blend,Uniform,1.00000,0.02382,000.00000000,000.09096465,000.00000000,000.58203959,000.28
Tournament (k=3),Blend,Uniform,0.78941,0.04390,000.00000000,000.00005960,000.00000000,000.23468541,000.25
Tournament (k=3),Blend,Uniform,0.97087,0.04390,000.00000000,000.00001392,000.00000000,000.39058453,000.24
Tournament (k=3),Blend,Uniform,0.66113,0.12524,000.00000000,000.00000930,000.00000381,000.00811444,000.29
Tournament (k=3),Blend,Uniform,0.72243,0.12524,000.00000000,000.00000925,000.00000000,000.09915508,000.35
Tournament (k=3),Blend,Uniform,0.86261,0.10516,000.00000000,000.00000005,000.00000000,000.13466579,000.29
Tournament (k=3),Blend,Uniform,0.97087,0.13667,000.00000381,000.01514182,000.00880623,000.34561962,000.39
Tournament (k=3),Blend,Uniform,0.70139,0.09637,000.00000000,000.00001335,000.00000000,000.00099575,000.33
Tournament (k=3),Blend,Uniform,0.70139,0.03378,000.00000000,000.00114708,000.00036240,000.28720564,000.28
Tournament (k=3),Blend,Uniform,0.64187,0.03686,000.00000000,000.00429239,000.00077438,000.33615232,000.26
Tournament (k=3),Blend,Uniform,0.91514,0.06226,000.00000000,000.00000000,000.00000000,000.17126352,000.31
Tournament (k=3),Blend,Uniform,1.00000,0.06226,000.00000000,000.00000496,000.00000000,000.25924483,000.26
Tournament (k=3),Blend,Uniform,0.83749,0.02837,000.00000000,000.00004516,000.00000000,000.32792559,000.28
Tournament (k=3),Blend,Uniform,0.86261,0.04390,000.00000000,000.00000315,000.00000000,000.25413567,000.30
Tournament (k=3),Blend,Uniform,0.68096,0.02382,000.00000000,000.06031294,000.00199699,000.48913640,000.27
Tournament (k=3),Blend,Uniform,0.68096,0.06226,000.00000000,000.00036883,000.00007629,000.00562798,000.25
Tournament (k=3),Blend,Uniform,0.88849,0.02000,000.00000000,000.03997355,000.00000000,000.44671059,000.29
Tournament (k=3),Blend,Uniform,0.68096,0.21153,000.03243637,000.53314871,000.60224342,000.59200549,000.31
Tournament (k=3),Blend,Uniform,0.76642,0.08830,000.00000000,000.00000048,000.00000000,000.00150684,000.27
Tournament (k=3),Blend,Uniform,0.72243,0.05228,000.00000000,000.00012093,000.00000572,000.10293712,000.29
Tournament (k=3),Blend,Uniform,0.83749,0.23084,000.14741516,001.55174327,001.91458511,000.96393144,000.38
Tournament (k=3),Blend,Uniform,0.97087,0.04791,000.00000000,000.00000315,000.00000000,000.27831459,000.26
Tournament (k=3),Blend,Uniform,0.70139,0.25191,000.08378220,001.23301625,001.47453117,000.97166276,000.45
Tournament (k=3),Blend,Uniform,0.74410,0.02183,000.00000000,000.03166981,000.00080872,000.46678740,000.21
Tournament (k=3),Blend,Uniform,0.88849,0.05228,000.00000000,000.00000682,000.00000000,000.23687962,000.24
Tournament (k=3),Blend,Uniform,0.91514,0.02599,000.00000000,000.00029006,000.00000000,000.41475037,000.29
Tournament (k=3),Blend,Uniform,0.83749,0.08830,000.00000000,000.00000057,000.00000000,000.00506914,000.32
Tournament (k=3),Blend,Uniform,0.70139,0.03686,000.00000000,000.00116596,000.00003815,000.17074664,000.30
Tournament (k=3),Blend,Uniform,0.76642,0.02382,000.00000000,000.01085043,000.00004959,000.45340183,000.21
Tournament (k=3),Blend,Uniform,0.81310,0.05705,000.00000000,000.00000587,000.00000000,000.14443086,000.25
Tournament (k=3),Blend,Uniform,0.64187,0.25191,000.08114243,001.04414487,001.28316116,000.82448918,000.40
Tournament (k=3),Blend,Uniform,0.94259,0.04023,000.00000000,000.00000014,000.00000000,000.32476839,000.30
Tournament (k=3),Blend,Uniform,0.94259,0.23084,000.14579773,001.87020946,002.10890198,001.00082755,000.41
Tournament (k=3),Blend,Uniform,0.88849,0.14915,000.00003052,000.03571611,000.02931023,000.32737324,000.35
Tournament (k=3),Blend,Uniform,0.91514,0.19383,000.03335571,001.11207008,001.42440605,000.78702277,000.39
Tournament (k=3),Blend,Uniform,0.94259,0.09637,000.00000000,000.00000000,000.00000000,000.09990717,000.35
Tournament (k=3),Blend,Uniform,0.78941,0.04791,000.00000000,000.00004678,000.00000000,000.22429849,000.24
Tournament (k=3),Blend,Uniform,0.78941,0.10516,000.00000000,000.00000000,000.00000000,000.00072093,000.34
Tournament (k=3),Blend,Uniform,0.97087,0.05228,000.00000000,000.00000124,000.00000000,000.29994336,000.30
Tournament (k=3),Blend,Uniform,0.74410,0.19383,000.01729584,000.51599646,000.58834076,000.56770450,000.32
Tournament (k=3),Blend,Uniform,0.64187,0.10516,000.00000000,000.00003839,000.00001335,000.00272888,000.34
Tournament (k=3),Blend,Uniform,0.81310,0.14915,000.00000000,000.01009598,000.00802422,000.20098558,000.31
Tournament (k=3),Blend,Uniform,0.78941,0.30000,000.29321289,002.18694997,002.46132278,001.16768575,000.35
Tournament (k=3),Blend,Uniform,1.00000,0.19383,000.23099518,001.34148049,001.70088577,000.82312685,000.40
Tournament (k=3),Blend,Uniform,0.70139,0.27490,000.13949585,001.44002044,001.67126846,000.97573847,000.39
Tournament (k=3),Blend,Uniform,0.86261,0.11476,000.00000000,000.00000167,000.00000000,000.14368106,000.30
Tournament (k=3),Blend,Uniform,0.68096,0.02599,000.00000000,000.00395060,000.00029755,000.38521010,000.22
Tournament (k=3),Blend,Uniform,0.66113,0.13667,000.00000000,000.00001888,000.00001526,000.01201385,000.35
Tournament (k=3),Blend,Uniform,0.72243,0.13667,000.00000000,000.00003533,000.00001144,000.10004060,000.35
Tournament (k=3),Blend,Uniform,0.70139,0.10516,000.00000000,000.00002208,000.00000000,000.00344195,000.33
Tournament (k=3),Blend,Uniform,1.00000,0.06795,000.00000000,000.00005465,000.00000000,000.35284090,000.27
Tournament (k=3),Blend,Uniform,0.83749,0.03095,000.00000000,000.00087299,000.00000000,000.35531527,000.29
Tournament (k=3),Blend,Uniform,0.97087,0.14915,000.00074768,000.11026249,000.12931252,000.41341648,000.38
Tournament (k=3),Blend,Uniform,0.91514,0.06795,000.00000000,000.00000000,000.00000000,000.19582537,000.32
Tournament (k=3),Blend,Uniform,0.76642,0.23084,000.03912354,001.33014894,001.57191467,000.93888837,000.34
Tournament (k=3),Blend,Uniform,0.86261,0.04791,000.00000000,000.00000000,000.00000000,000.09904670,000.30
Tournament (k=3),Blend,Uniform,0.68096,0.06795,000.00000000,000.00008793,000.00001526,000.00484897,000.29
Tournament (k=3),Blend,Uniform,0.74410,0.02382,000.00000000,000.02069459,000.00136566,000.47106183,000.21
Tournament (k=3),Blend,Uniform,0.88849,0.02183,000.00000000,000.02120681,000.00000000,000.45861387,000.27
Tournament (k=3),Blend,Uniform,0.76642,0.09637,000.00000000,000.00000401,000.00000000,000.01295711,000.27
Tournament (k=3),Blend,Uniform,0.88849,0.05705,000.00000000,000.00000424,000.00000000,000.17175387,000.25
Tournament (k=3),Blend,Uniform,1.00000,0.02599,000.00000000,000.00016708,000.00000000,000.41923323,000.30
Tournament (k=3),Blend,Uniform,0.83749,0.25191,000.31478500,001.81855643,002.13094139,000.96337813,000.34
Tournament (k=3),Blend,Uniform,0.97087,0.05705,000.00000000,000.00001664,000.00000000,000.33870879,000.38
Tournament (k=3),Blend,Uniform,0.76642,0.02599,000.00000000,000.01919117,000.00001526,000.43173569,000.23
Tournament (k=3),Blend,Uniform,0.91514,0.02837,000.00000000,000.00005517,000.00000000,000.37203035,000.30
Tournament (k=3),Blend,Uniform,0.81310,0.06226,000.00000000,000.00000391,000.00000000,000.12083015,000.25
Tournament (k=3),Blend,Uniform,0.62318,0.02382,000.00000000,000.04657354,000.01318359,000.44055310,000.21
Tournament (k=3),Blend,Uniform,0.74410,0.02599,000.00000000,000.01533184,000.00051308,000.48676261,000.22
Tournament (k=3),Blend,Uniform,1.00000,0.07415,000.00000000,000.00000105,000.00000000,000.17179959,000.33
Tournament (k=3),Blend,Uniform,0.83749,0.09637,000.00000000,000.00000000,000.00000000,000.10102946,000.33
Tournament (k=3),Blend,Uniform,0.64187,0.27490,000.07571411,001.51619184,001.67656708,000.82017171,000.39
Tournament (k=3),Blend,Uniform,0.94259,0.25191,000.07266235,002.10583925,002.44653511,001.16942871,000.38
Tournament (k=3),Blend,Uniform,0.94259,0.10516,000.00000000,000.00000014,000.00000000,000.09917805,000.35
Tournament (k=3),Blend,Uniform,0.88849,0.16276,000.00191498,000.23969379,000.21444321,000.48664790,000.38
Tournament (k=3),Blend,Uniform,0.78941,0.11476,000.00000000,000.00000024,000.00000000,000.00263226,000.34
Tournament (k=3),Blend,Uniform,0.76642,0.10516,000.00000000,000.00000105,000.00000000,000.00364345,000.29
Tournament (k=3),Blend,Uniform,0.81310,0.16276,000.00034714,000.09899368,000.10314178,000.41052836,000.32
Tournament (k=3),Blend,Uniform,0.78941,0.05228,000.00000000,000.00001869,000.00000000,000.13959326,000.37
Tournament (k=3),Blend,Uniform,0.91514,0.21153,000.10559082,001.36387503,001.50993538,000.91754830,000.40
Tournament (k=3),Blend,Uniform,0.86261,0.12524,000.00000000,000.00001788,000.00000572,000.01170967,000.32
Tournament (k=3),Blend,Uniform,0.94259,0.04390,000.00000000,000.00000043,000.00000000,000.31173626,000.25
Tournament (k=3),Blend,Uniform,1.00000,0.21153,000.18085480,001.81674254,002.20560265,001.02182770,000.39
Tournament (k=3),Blend,Uniform,0.83749,0.03378,000.00000000,000.00014830,000.00000000,000.31742132,000.29
Tournament (k=3),Blend,Uniform,0.70139,0.30000,000.09278488,002.03187656,002.35862350,001.06739378,000.40
Tournament (k=3),Blend,Uniform,0.62318,0.02599,000.00000000,000.00932088,000.00055695,000.35598230,000.25
Tournament (k=3),Blend,Uniform,0.66113,0.14915,000.00000000,000.00048976,000.00028992,000.08701446,000.36
Tournament (k=3),Blend,Uniform,0.72243,0.14915,000.00000763,000.00153756,000.00117874,000.14623800,000.40
Tournament (k=3),Blend,Uniform,0.86261,0.05228,000.00000000,000.00000200,000.00000000,000.18329680,000.31
Tournament (k=3),Blend,Uniform,0.81310,0.02000,000.00000000,000.08012919,000.00000000,000.57854182,000.21
Tournament (k=3),Blend,Uniform,0.68096,0.07415,000.00000000,000.00006275,000.00002861,000.02491543,000.25
Tournament (k=3),Blend,Uniform,0.91514,0.07415,000.00000000,000.00000043,000.00000000,000.19969280,000.33
Tournament (k=3),Blend,Uniform,0.76642,0.25191,000.07514954,001.62498343,001.91468239,000.81109232,000.33
Tournament (k=3),Blend,Uniform,0.88849,0.06226,000.00000000,000.00000086,000.00000000,000.14200577,000.26
Tournament (k=3),Blend,Uniform,0.97087,0.06226,000.00000000,000.00000172,000.00000000,000.30520970,000.26
Tournament (k=3),Blend,Uniform,0.88849,0.02382,000.00000000,000.00187712,000.00000000,000.46784428,000.29
Tournament (k=3),Blend,Uniform,0.74410,0.21153,000.05432129,000.87475890,001.22845459,000.79025656,000.32
Tournament (k=3),Blend,Uniform,0.76642,0.02837,000.00000000,000.00047598,000.00000000,000.34843943,000.28
Tournament (k=3),Blend,Uniform,1.00000,0.02837,000.00000000,000.00030074,000.00000000,000.46024054,000.30
Tournament (k=3),Blend,Uniform,0.91514,0.03095,000.00000000,000.00089231,000.00000000,000.37986812,000.30
Tournament (k=3),Blend,Uniform,0.94259,0.04791,000.00000000,000.00000000,000.00000000,000.15141468,000.27
Tournament (k=3),Blend,Uniform,0.83749,0.27490,000.28586578,002.10333586,002.48365211,001.20890677,000.35
Tournament (k=3),Blend,Uniform,1.00000,0.08092,000.00000000,000.00000205,000.00000000,000.25252280,000.29
Tournament (k=3),Blend,Uniform,0.83749,0.10516,000.00000000,000.00000105,000.00000000,000.00428458,000.34
Tournament (k=3),Blend,Uniform,0.97087,0.16276,000.00886917,000.56295806,000.77955627,000.67737389,000.38
Tournament (k=3),Blend,Uniform,0.64187,0.30000,000.18966293,001.96016955,002.32066917,001.03152156,000.35
Tournament (k=3),Blend,Uniform,0.81310,0.06795,000.00000000,000.00000830,000.00000000,000.09898008,000.27
Tournament (k=3),Blend,Uniform,0.81310,0.02183,000.00000000,000.03037605,000.00003052,000.46329731,000.23
Tournament (k=3),Blend,Uniform,0.94259,0.11476,000.00000000,000.00000129,000.00000000,000.02800670,000.36
Tournament (k=3),Blend,Uniform,0.83749,0.03686,000.00000000,000.00003691,000.00000000,000.21707608,000.28
Tournament (k=3),Blend,Uniform,0.78941,0.12524,000.00000000,000.00000386,000.00000000,000.00931317,000.36
Tournament (k=3),Blend,Uniform,0.94259,0.27490,000.63812256,002.50887299,002.72484589,001.04590273,000.44
Tournament (k=3),Blend,Uniform,0.88849,0.17762,000.01567078,000.54571283,000.68907547,000.68321800,000.38
Tournament (k=3),Blend,Uniform,0.86261,0.13667,000.00000000,000.00080709,000.00029755,000.15541540,000.37
Tournament (k=3),Blend,Uniform,0.88849,0.06795,000.00000000,000.00000086,000.00000000,000.27561861,000.27
Tournament (k=3),Blend,Uniform,0.97087,0.06795,000.00000000,000.00000100,000.00000000,000.20674500,000.27
Tournament (k=3),Blend,Uniform,1.00000,0.23084,000.22297287,002.07336998,002.37054062,001.02754962,000.34
Tournament (k=3),Blend,Uniform,0.81310,0.17762,000.00395584,000.44082409,000.56290054,000.61828482,000.40
Tournament (k=3),Blend,Uniform,0.91514,0.23084,000.40645599,001.78982425,001.98666191,000.87800795,000.40
Tournament (k=3),Blend,Uniform,0.91514,0.08092,000.00000000,000.00000000,000.00000000,000.24111621,000.34
Tournament (k=3),Blend,Uniform,0.76642,0.03095,000.00000000,000.00012236,000.00000000,000.24093314,000.25
Tournament (k=3),Blend,Uniform,0.76642,0.27490,000.09566879,001.73361588,002.16597366,001.06779468,000.35
Tournament (k=3),Blend,Uniform,0.88849,0.02599,000.00000000,000.00039840,000.00000000,000.30040506,000.30
Tournament (k=3),Blend,Uniform,0.91514,0.03378,000.00000000,000.00005112,000.00000000,000.31199703,000.27
Tournament (k=3),Blend,Uniform,0.94259,0.05228,000.00000000,000.00000010,000.00000000,000.21046852,000.33
Tournament (k=3),Blend,Uniform,0.81310,0.02382,000.00000000,000.05099044,000.00000000,000.45318428,000.24
Tournament (k=3),Blend,Uniform,0.81310,0.07415,000.00000000,000.00000167,000.00000000,000.10161911,000.27
Tournament (k=3),Blend,Uniform,1.00000,0.03095,000.00000000,000.00010419,000.00000000,000.36065748,000.44
Tournament (k=3),Blend,Uniform,1.00000,0.08830,000.00000000,000.00003314,000.00000000,000.24105845,000.33
Tournament (k=3),Blend,Uniform,0.88849,0.07415,000.00000000,000.00000067,000.00000000,000.10561904,000.27
Tournament (k=3),Blend,Uniform,0.76642,0.03378,000.00000000,000.00071259,000.00000763,000.27843848,000.24
Tournament (k=3),Blend,Uniform,0.97087,0.07415,000.00000000,000.00000157,000.00000000,000.23719214,000.28
Tournament (k=3),Blend,Uniform,0.83749,0.30000,000.47644043,002.66393590,002.99199295,001.14518368,000.41
Tournament (k=3),Blend,Uniform,0.78941,0.13667,000.00000000,000.00015931,000.00009537,000.01489037,000.35
Tournament (k=3),Blend,Uniform,0.94259,0.12524,000.00000000,000.00015831,000.00005531,000.16583417,000.38
Tournament (k=3),Blend,Uniform,0.97087,0.17762,000.04807281,000.85919917,001.02206421,000.85645616,000.41
Tournament (k=3),Blend,Uniform,0.81310,0.19383,000.01601028,000.81874311,001.12331390,000.75487000,000.34
Tournament (k=3),Blend,Uniform,0.91514,0.08830,000.00000000,000.00000010,000.00000000,000.17045902,000.33
Tournament (k=3),Blend,Uniform,0.86261,0.14915,000.00006866,000.04308634,000.02620888,000.44525072,000.37
Tournament (k=3),Blend,Uniform,0.88849,0.19383,000.04666901,000.90976489,001.17677689,000.80072820,000.39
Tournament (k=3),Blend,Uniform,0.91514,0.03686,000.00000000,000.00000129,000.00000000,000.29800293,000.27
Tournament (k=3),Blend,Uniform,0.76642,0.30000,000.27494049,002.16585922,002.44028091,001.11272371,000.35
Tournament (k=3),Blend,Uniform,0.81310,0.02599,000.00000000,000.06629477,000.00000763,000.45833668,000.22
Tournament (k=3),Blend,Uniform,1.00000,0.25191,000.13195419,002.43037653,002.81980515,001.27321410,000.42
Tournament (k=3),Blend,Uniform,0.94259,0.30000,000.63450623,002.74202585,003.15927315,001.30381107,000.45
Tournament (k=3),Blend,Uniform,0.91514,0.25191,000.09079361,001.89118028,002.19979858,001.03312027,000.42
Tournament (k=3),Blend,Uniform,0.76642,0.03686,000.00000000,000.00012021,000.00000763,000.26279402,000.22
Tournament (k=3),Blend,Uniform,1.00000,0.03378,000.00000000,000.00019288,000.00000000,000.46094397,000.27
Tournament (k=3),Blend,Uniform,1.00000,0.09637,000.00000000,000.00000057,000.00000000,000.14101356,000.34
Tournament (k=3),Blend,Uniform,0.78941,0.14915,000.00002289,000.00630803,000.00518227,000.22495648,000.29
Tournament (k=3),Blend,Uniform,0.91514,0.09637,000.00000000,000.00000005,000.00000000,000.09230947,000.26
Tournament (k=3),Blend,Uniform,0.94259,0.13667,000.00000000,000.01211762,000.00502968,000.18827644,000.29
Tournament (k=3),Blend,Uniform,0.97087,0.02000,000.00000000,000.09642220,000.00000000,000.51657909,000.23
Tournament (k=3),Blend,Uniform,0.81310,0.21153,000.03244019,001.06766069,001.20911598,000.85890788,000.30
Tournament (k=3),Blend,Uniform,0.88849,0.21153,000.10858154,001.57874894,001.88186073,000.89717704,000.30
Tournament (k=3),Blend,Uniform,0.97087,0.19383,000.08271408,001.09534669,001.45527458,000.90851271,000.36
Tournament (k=3),Blend,Uniform,1.00000,0.03686,000.00000000,000.00253277,000.00000000,000.50487041,000.21
Tournament (k=3),Blend,Uniform,1.00000,0.27490,001.03096008,002.66922522,002.90269089,001.31865823,000.31
Tournament (k=3),Blend,Uniform,0.91514,0.27490,000.27354431,002.48579240,002.90275764,001.18551970,000.33
Tournament (k=3),Blend,Uniform,1.00000,0.10516,000.00000000,000.00000019,000.00000000,000.17281155,000.25
Tournament (k=3),Blend,Uniform,0.97087,0.02183,000.00000000,000.08534880,000.00000000,000.48173219,000.19
Tournament (k=3),Blend,Uniform,0.91514,0.10516,000.00000000,000.00000029,000.00000000,000.10828789,000.24
Tournament (k=3),Blend,Uniform,0.94259,0.14915,000.00018311,000.06528425,000.06237793,000.53763819,000.26
Tournament (k=3),Blend,Uniform,0.97087,0.21153,000.14822769,001.65349126,001.99282074,000.89539009,000.27
Tournament (k=3),Blend,Uniform,1.00000,0.30000,000.92376709,002.96397638,003.29480743,001.10543919,000.29
Tournament (k=3),Blend,Uniform,0.97087,0.02382,000.00000000,000.00019350,000.00000000,000.42850843,000.18
Tournament (k=3),Blend,Uniform,0.91514,0.30000,000.78115082,002.58314657,002.89342880,001.15560889,000.29
Tournament (k=3),Blend,Uniform,0.97087,0.02599,000.00000000,000.02484531,000.00000000,000.44283316,000.18
