objective,dimensionality,population_size,num_iterations
rastrigin,4,64,128
selection,crossover,mutation,crossover_prob,mutation_prob,best_value,average_value_top_80,median_value,stddev_value,average_time_ms
Tournament (k=2),Arithmetic,Gaussian,0.40000,0.02000,000.00006104,000.03168287,000.03469849,000.26047176,000.18
Tournament (k=2),Arithmetic,Gaussian,0.42436,0.02183,000.00001526,000.02386456,000.02479172,000.14549842,000.19
Tournament (k=2),Arithmetic,Gaussian,0.41200,0.03686,000.00000000,000.00650816,000.00741577,000.08491442,000.20
Tournament (k=2),Arithmetic,Gaussian,0.40000,0.06226,000.00001526,000.00129809,000.00145149,000.00471421,000.21
Tournament (k=2),Arithmetic,Gaussian,0.43709,0.04023,000.00000763,000.00489697,000.00446701,000.09982692,000.21
Tournament (k=2),Arithmetic,Gaussian,0.45020,0.02382,000.00000000,000.02007308,000.01375961,000.18640718,000.25
Tournament (k=2),Arithmetic,Gaussian,0.42436,0.06795,000.00000000,000.00121870,000.00124359,000.03746690,000.28
Tournament (k=2),Arithmetic,Gaussian,0.47762,0.02599,000.00003815,000.01189303,000.01049232,000.10847670,000.24
Tournament (k=2),Arithmetic,Gaussian,0.46371,0.04390,000.00000000,000.00308862,000.00349236,000.01744851,000.26
Tournament (k=2),Arithmetic,Gaussian,0.41200,0.11476,000.00002289,000.00373182,000.00356293,000.06837235,000.31
Tournament (k=2),Arithmetic,Gaussian,0.40000,0.02183,000.00000381,000.02422261,000.02640724,000.18394279,000.18
Tournament (k=2),Arithmetic,Gaussian,0.45020,0.07415,000.00000000,000.00077238,000.00078392,000.00830109,000.36
Tournament (k=2),Arithmetic,Gaussian,0.42436,0.02382,000.00003433,000.01922908,000.02012444,000.14386441,000.19
Tournament (k=2),Arithmetic,Gaussian,0.40000,0.19383,000.00389099,000.14633045,000.17046547,000.29438451,000.42
Tournament (k=2),Arithmetic,Gaussian,0.42436,0.21153,000.01705551,000.20637313,000.23284340,000.38947496,000.41
Tournament (k=2),Arithmetic,Gaussian,0.43709,0.12524,000.00007248,000.00586534,000.00591660,000.02588988,000.41
Tournament (k=2),Arithmetic,Gaussian,0.41200,0.04023,000.00003052,000.00589085,000.00645447,000.03822755,000.20
Tournament (k=2),Arithmetic,Gaussian,0.47762,0.08092,000.00000381,000.00067663,000.00062180,000.00775689,000.36
Tournament (k=2),Arithmetic,Gaussian,0.46371,0.13667,000.00045395,000.01869249,000.02040482,000.13699210,000.39
Tournament (k=2),Arithmetic,Gaussian,0.49195,0.04791,000.00000000,000.00231938,000.00210190,000.10240199,000.32
Tournament (k=2),Arithmetic,Gaussian,0.45020,0.02599,000.00001526,000.01230626,000.01063538,000.15988053,000.20
Tournament (k=2),Arithmetic,Gaussian,0.49195,0.14915,000.00079346,000.03472171,000.03531265,000.15547995,000.39
Tournament (k=2),Arithmetic,Gaussian,0.50670,0.02837,000.00003052,000.01013627,000.00837135,000.12682223,000.32
Tournament (k=2),Arithmetic,Gaussian,0.40000,0.06795,000.00000381,000.00116253,000.00104523,000.00587875,000.23
Tournament (k=2),Arithmetic,Gaussian,0.45020,0.23084,000.00806808,000.22216578,000.29553604,000.41618001,000.54
Tournament (k=2),Arithmetic,Gaussian,0.43709,0.04390,000.00000000,000.00380926,000.00361443,000.03276902,000.29
Tournament (k=2),Arithmetic,Gaussian,0.42436,0.07415,000.00001526,000.00108485,000.00119209,000.00483856,000.24
Tournament (k=2),Arithmetic,Gaussian,0.47762,0.02837,000.00002670,000.01177979,000.00993919,000.14849821,000.19
Tournament (k=2),Arithmetic,Gaussian,0.52190,0.05228,000.00000381,000.00208402,000.00203896,000.10035889,000.30
Tournament (k=2),Arithmetic,Gaussian,0.42436,0.02599,000.00008392,000.01402574,000.01066208,000.11295685,000.19
Tournament (k=2),Arithmetic,Gaussian,0.47762,0.25191,000.01625061,000.41143185,000.43631744,000.49084699,000.54
Tournament (k=2),Arithmetic,Gaussian,0.40000,0.02382,000.00001907,000.01589704,000.01567459,000.22864595,000.22
Tournament (k=2),Arithmetic,Gaussian,0.50670,0.08830,000.00000000,000.00078564,000.00063705,000.01121710,000.36
Tournament (k=2),Arithmetic,Gaussian,0.46371,0.04791,000.00000763,000.00226955,000.00258255,000.00754389,000.24
Tournament (k=2),Arithmetic,Gaussian,0.41200,0.12524,000.00047302,000.00715303,000.00726700,000.05179692,000.29
Tournament (k=2),Arithmetic,Gaussian,0.53756,0.03095,000.00001526,000.00875797,000.00968933,000.14466439,000.29
Tournament (k=2),Arithmetic,Gaussian,0.45020,0.08092,000.00000000,000.00098448,000.00110626,000.00423024,000.31
Tournament (k=2),Arithmetic,Gaussian,0.41200,0.04390,000.00000000,000.00505505,000.00512505,000.01534380,000.24
Tournament (k=2),Arithmetic,Gaussian,0.50670,0.27490,000.02277756,000.52785695,000.62290192,000.54332685,000.45
Tournament (k=2),Arithmetic,Gaussian,0.40000,0.21153,000.01138687,000.18581910,000.20582390,000.41374677,000.33
Tournament (k=2),Arithmetic,Gaussian,0.47762,0.08830,000.00000000,000.00077891,000.00096130,000.04223577,000.25
Tournament (k=2),Arithmetic,Gaussian,0.45020,0.02837,000.00003052,000.01117768,000.00987244,000.14571229,000.19
Tournament (k=2),Arithmetic,Gaussian,0.52190,0.16276,000.00069046,000.05485654,000.06213951,000.25557297,000.42
Tournament (k=2),Arithmetic,Gaussian,0.49195,0.05228,000.00000763,000.00207767,000.00191307,000.01064577,000.28
Tournament (k=2),Arithmetic,Gaussian,0.43709,0.13667,000.00050354,000.01805663,000.01990318,000.15006758,000.39
Tournament (k=2),Arithmetic,Gaussian,0.42436,0.23084,000.00925446,000.34156933,000.35478210,000.44766554,000.44
Tournament (k=2),Arithmetic,Gaussian,0.47762,0.03095,000.00004959,000.01019697,000.01097870,000.15578504,000.22
Tournament (k=2),Arithmetic,Gaussian,0.43709,0.04791,000.00000000,000.00323758,000.00291824,000.01244504,000.27
Tournament (k=2),Arithmetic,Gaussian,0.42436,0.08092,000.00000763,000.00085931,000.00103569,000.00470200,000.29
Tournament (k=2),Arithmetic,Gaussian,0.40000,0.07415,000.00000000,000.00093780,000.00097084,000.00799335,000.31
Tournament (k=2),Arithmetic,Gaussian,0.42436,0.02837,000.00000000,000.01029749,000.01054573,000.04968142,000.20
Tournament (k=2),Arithmetic,Gaussian,0.46371,0.14915,000.00045013,000.02644568,000.03204155,000.07738985,000.38
Tournament (k=2),Arithmetic,Gaussian,0.40000,0.02599,000.00009155,000.01741176,000.02013588,000.15685220,000.21
Tournament (k=2),Arithmetic,Gaussian,0.50670,0.03095,000.00002289,000.00913067,000.00938797,000.11963233,000.38
Tournament (k=2),Arithmetic,Gaussian,0.52190,0.05705,000.00000381,000.00177517,000.00155640,000.01829875,000.30
Tournament (k=2),Arithmetic,Gaussian,0.53756,0.03378,000.00001907,000.00889120,000.00709724,000.04650059,000.24
Tournament (k=2),Arithmetic,Gaussian,0.41200,0.04791,000.00001526,000.00309634,000.00300980,000.01654754,000.21
Tournament (k=2),Arithmetic,Gaussian,0.46371,0.05228,000.00000763,000.00201111,000.00197792,000.01218781,000.30
Tournament (k=2),Arithmetic,Gaussian,0.49195,0.16276,000.00103760,000.05539613,000.06436539,000.21223518,000.47
Tournament (k=2),Arithmetic,Gaussian,0.45020,0.25191,000.05521393,000.38337916,000.37843513,000.52009457,000.50
Tournament (k=2),Arithmetic,Gaussian,0.41200,0.13667,000.00076294,000.01238975,000.01120186,000.11466739,000.36
Tournament (k=2),Arithmetic,Gaussian,0.45020,0.08830,000.00000000,000.00063124,000.00063324,000.00374616,000.32
Tournament (k=2),Arithmetic,Gaussian,0.45020,0.03095,000.00001144,000.01058164,000.01053429,000.10792574,000.22
Tournament (k=2),Arithmetic,Gaussian,0.50670,0.09637,000.00003815,000.00121784,000.00093269,000.01300307,000.39
Tournament (k=2),Arithmetic,Gaussian,0.47762,0.09637,000.00000381,000.00132141,000.00129509,000.04610493,000.27
Tournament (k=2),Arithmetic,Gaussian,0.47762,0.27490,000.01976395,000.55993056,000.65214539,000.53029555,000.47
Tournament (k=2),Arithmetic,Gaussian,0.49195,0.05705,000.00000000,000.00190239,000.00182915,000.09920503,000.31
Tournament (k=2),Arithmetic,Gaussian,0.53756,0.09637,000.00001526,000.00091581,000.00083542,000.04362865,000.35
Tournament (k=2),Arithmetic,Gaussian,0.40000,0.23084,000.01406860,000.27817288,000.30362701,000.42231840,000.42
Tournament (k=2),Arithmetic,Gaussian,0.55369,0.05705,000.00001907,000.00193148,000.00171661,000.00886012,000.33
Tournament (k=2),Arithmetic,Gaussian,0.40000,0.02837,000.00000763,000.01664987,000.01520348,000.19532974,000.18
Tournament (k=2),Arithmetic,Gaussian,0.42436,0.03095,000.00001144,000.00951023,000.01023293,000.02930424,000.19
Tournament (k=2),Arithmetic,Gaussian,0.43709,0.14915,000.00199509,000.03281760,000.03700066,000.15739866,000.33
Tournament (k=2),Arithmetic,Gaussian,0.47762,0.03378,000.00002670,000.00940866,000.00819588,000.04220584,000.28
Tournament (k=2),Arithmetic,Gaussian,0.50670,0.30000,000.05791473,000.74096793,000.91004753,000.61774641,000.51
Tournament (k=2),Arithmetic,Gaussian,0.52190,0.17762,000.00141144,000.10343456,000.10931587,000.28069255,000.44
Tournament (k=2),Arithmetic,Gaussian,0.50670,0.03378,000.00001526,000.00720654,000.00774956,000.05001187,000.23
Tournament (k=2),Arithmetic,Gaussian,0.52190,0.06226,000.00001144,000.00149231,000.00170517,000.02670870,000.23
Tournament (k=2),Arithmetic,Gaussian,0.55369,0.17762,000.00306702,000.08172651,000.09629059,000.19957350,000.39
Tournament (k=2),Arithmetic,Gaussian,0.53756,0.03686,000.00000763,000.00490747,000.00451469,000.13229820,000.25
Tournament (k=2),Arithmetic,Gaussian,0.42436,0.08830,000.00000000,000.00090518,000.00082207,000.01097181,000.32
Tournament (k=2),Arithmetic,Gaussian,0.41200,0.05228,000.00000763,000.00255003,000.00192642,000.02040510,000.23
Tournament (k=2),Arithmetic,Gaussian,0.43709,0.05228,000.00000381,000.00240941,000.00248528,000.00771846,000.36
Tournament (k=2),Arithmetic,Gaussian,0.40000,0.08092,000.00000381,000.00112000,000.00113106,000.00621065,000.31
Tournament (k=2),Arithmetic,Gaussian,0.46371,0.16276,000.00294495,000.04481978,000.04864883,000.14863379,000.31
Tournament (k=2),Arithmetic,Gaussian,0.42436,0.25191,000.00655365,000.41367269,000.42373848,000.52057248,000.50
Tournament (k=2),Arithmetic,Gaussian,0.53756,0.30000,000.04767609,000.68156761,000.77933311,000.65004164,000.54
Tournament (k=2),Arithmetic,Gaussian,0.47762,0.10516,000.00000763,000.00127053,000.00135612,000.03739684,000.29
Tournament (k=2),Arithmetic,Gaussian,0.41200,0.14915,000.00085449,000.02332096,000.02495003,000.20722283,000.30
Tournament (k=2),Arithmetic,Gaussian,0.47762,0.03686,000.00005341,000.00605760,000.00563049,000.04151956,000.20
Tournament (k=2),Arithmetic,Gaussian,0.40000,0.03095,000.00003052,000.01149015,000.01142311,000.07800093,000.24
Tournament (k=2),Arithmetic,Gaussian,0.52190,0.02000,000.00020599,000.02926679,000.02935219,000.20413870,000.20
Tournament (k=2),Arithmetic,Gaussian,0.45020,0.09637,000.00000381,000.00095811,000.00091171,000.00783954,000.33
Tournament (k=2),Arithmetic,Gaussian,0.46371,0.05705,000.00000000,000.00191932,000.00176048,000.01989763,000.28
Tournament (k=2),Arithmetic,Gaussian,0.45020,0.03378,000.00002289,000.01026216,000.01062965,000.03007608,000.36
Tournament (k=2),Arithmetic,Gaussian,0.49195,0.06226,000.00000763,000.00117340,000.00140190,000.00528322,000.31
Tournament (k=2),Arithmetic,Gaussian,0.50670,0.10516,000.00004578,000.00171108,000.00177765,000.01173375,000.36
Tournament (k=2),Arithmetic,Gaussian,0.55369,0.06226,000.00000763,000.00158000,000.00165558,000.01089340,000.32
Tournament (k=2),Arithmetic,Gaussian,0.53756,0.10516,000.00003433,000.00226593,000.00205421,000.06130940,000.35
Tournament (k=2),Arithmetic,Gaussian,0.49195,0.17762,000.00323486,000.08693781,000.09570122,000.35390925,000.43
Tournament (k=2),Arithmetic,Gaussian,0.40000,0.25191,000.01713562,000.40650415,000.39460754,000.47401744,000.37
Tournament (k=2),Arithmetic,Gaussian,0.43709,0.16276,000.00097275,000.04870367,000.05171394,000.22208333,000.32
Tournament (k=2),Arithmetic,Gaussian,0.57030,0.03378,000.00000000,000.00924902,000.00809669,000.14745772,000.29
Tournament (k=2),Arithmetic,Gaussian,0.52190,0.06795,000.00000381,000.00082889,000.00075340,000.01417399,000.23
Tournament (k=2),Arithmetic,Gaussian,0.50670,0.03686,000.00000381,000.00596886,000.00540924,000.12926929,000.28
Tournament (k=2),Arithmetic,Gaussian,0.45020,0.27490,000.01929474,000.49499759,000.49131966,000.65394056,000.48
Tournament (k=2),Arithmetic,Gaussian,0.42436,0.03378,000.00000000,000.00643663,000.00677490,000.03363179,000.19
Tournament (k=2),Arithmetic,Gaussian,0.42436,0.09637,000.00000763,000.00106702,000.00098991,000.01595481,000.41
Tournament (k=2),Arithmetic,Gaussian,0.53756,0.04023,000.00000763,000.00497074,000.00540733,000.03951408,000.20
Tournament (k=2),Arithmetic,Gaussian,0.47762,0.30000,000.03011322,000.79003781,001.02677155,000.64866626,000.56
Tournament (k=2),Arithmetic,Gaussian,0.41200,0.05705,000.00000000,000.00257325,000.00304413,000.01369647,000.21
Tournament (k=2),Arithmetic,Gaussian,0.55369,0.02000,000.00001526,000.04211760,000.03639793,000.27312222,000.23
Tournament (k=2),Arithmetic,Gaussian,0.52190,0.19383,000.00662231,000.13726945,000.14672470,000.38085264,000.48
Tournament (k=2),Arithmetic,Gaussian,0.43709,0.05705,000.00001144,000.00171437,000.00159264,000.00770331,000.27
Tournament (k=2),Arithmetic,Gaussian,0.40000,0.03378,000.00000763,000.00788007,000.00736046,000.03074308,000.20
Tournament (k=2),Arithmetic,Gaussian,0.40000,0.08830,000.00000763,000.00080833,000.00088882,000.00389664,000.29
Tournament (k=2),Arithmetic,Gaussian,0.52190,0.02183,000.00003815,000.02619967,000.02585220,000.14667873,000.21
Tournament (k=2),Arithmetic,Gaussian,0.47762,0.11476,000.00000763,000.00312123,000.00354385,000.01747611,000.27
Tournament (k=2),Arithmetic,Gaussian,0.47762,0.04023,000.00001526,000.00395126,000.00374222,000.10574020,000.27
Tournament (k=2),Arithmetic,Gaussian,0.45020,0.03686,000.00003052,000.00610580,000.00564575,000.02349275,000.23
Tournament (k=2),Arithmetic,Gaussian,0.55369,0.19383,000.01055908,000.25750822,000.22238350,000.46844172,000.42
Tournament (k=2),Arithmetic,Gaussian,0.45020,0.10516,000.00006866,000.00168219,000.00186539,000.02783577,000.30
Tournament (k=2),Arithmetic,Gaussian,0.46371,0.06226,000.00000381,000.00196290,000.00168991,000.01106479,000.29
Tournament (k=2),Arithmetic,Gaussian,0.55369,0.06795,000.00000000,000.00085573,000.00089645,000.00451246,000.26
Tournament (k=2),Arithmetic,Gaussian,0.46371,0.17762,000.00096893,000.07437201,000.06808853,000.30085009,000.42
Tournament (k=2),Arithmetic,Gaussian,0.49195,0.06795,000.00000000,000.00094485,000.00110054,000.05087488,000.30
Tournament (k=2),Arithmetic,Gaussian,0.42436,0.27490,000.01242065,000.42549109,000.44443703,000.59269071,000.45
Tournament (k=2),Arithmetic,Gaussian,0.41200,0.16276,000.00126648,000.04684329,000.05120468,000.19869438,000.41
Tournament (k=2),Arithmetic,Gaussian,0.50670,0.11476,000.00010681,000.00371547,000.00356674,000.03269578,000.36
Tournament (k=2),Arithmetic,Gaussian,0.53756,0.11476,000.00005341,000.00456104,000.00465393,000.06493777,000.36
Tournament (k=2),Arithmetic,Gaussian,0.57030,0.03686,000.00001526,000.00662189,000.00655937,000.14579782,000.25
Tournament (k=2),Arithmetic,Gaussian,0.42436,0.03686,000.00001526,000.00626211,000.00599670,000.02076712,000.20
Tournament (k=2),Arithmetic,Gaussian,0.50670,0.04023,000.00001526,000.00523524,000.00627136,000.07235882,000.27
Tournament (k=2),Arithmetic,Gaussian,0.49195,0.02000,000.00004578,000.02878790,000.02425194,000.29722625,000.18
Tournament (k=2),Arithmetic,Gaussian,0.52190,0.07415,000.00000000,000.00111399,000.00110054,000.00734357,000.31
Tournament (k=2),Arithmetic,Gaussian,0.49195,0.19383,000.00623322,000.11860504,000.13824844,000.29845095,000.43
Tournament (k=2),Arithmetic,Gaussian,0.57030,0.10516,000.00002670,000.00154042,000.00148010,000.01030362,000.34
Tournament (k=2),Arithmetic,Gaussian,0.58741,0.02000,000.00003433,000.03902407,000.03517151,000.26615566,000.25
Tournament (k=2),Arithmetic,Gaussian,0.40000,0.27490,000.01500702,000.48667827,000.54981995,000.60458010,000.36
Tournament (k=2),Arithmetic,Gaussian,0.41200,0.06226,000.00000381,000.00188999,000.00179672,000.00847255,000.22
Tournament (k=2),Arithmetic,Gaussian,0.53756,0.04390,000.00000763,000.00408010,000.00410652,000.01568100,000.24
Tournament (k=2),Arithmetic,Gaussian,0.55369,0.02183,000.00000000,000.01748271,000.01644707,000.27105290,000.23
Tournament (k=2),Arithmetic,Gaussian,0.52190,0.02382,000.00001526,000.01630058,000.01462746,000.09890022,000.20
Tournament (k=2),Arithmetic,Gaussian,0.40000,0.03686,000.00000000,000.00551610,000.00746918,000.05135997,000.26
Tournament (k=2),Arithmetic,Gaussian,0.47762,0.04390,000.00000000,000.00392852,000.00411224,000.11535719,000.21
Tournament (k=2),Arithmetic,Gaussian,0.43709,0.06226,000.00000381,000.00111380,000.00097084,000.00981033,000.31
Tournament (k=2),Arithmetic,Gaussian,0.42436,0.10516,000.00001144,000.00147152,000.00132179,000.00795931,000.39
Tournament (k=2),Arithmetic,Gaussian,0.52190,0.21153,000.01461792,000.19294468,000.21865273,000.42004499,000.35
Tournament (k=2),Arithmetic,Gaussian,0.45020,0.04023,000.00001144,000.00406828,000.00395203,000.03074936,000.25
Tournament (k=2),Arithmetic,Gaussian,0.43709,0.17762,000.00419235,000.10178538,000.09781647,000.30769020,000.58
Tournament (k=2),Arithmetic,Gaussian,0.42436,0.04023,000.00000000,000.00483966,000.00526810,000.02192201,000.21
Tournament (k=2),Arithmetic,Gaussian,0.49195,0.02183,000.00001907,000.03178601,000.03947449,000.27761361,000.20
Tournament (k=2),Arithmetic,Gaussian,0.45020,0.30000,000.01063919,000.58589637,000.64469147,000.71796310,000.53
Tournament (k=2),Arithmetic,Gaussian,0.40000,0.09637,000.00001526,000.00101199,000.00098038,000.01033544,000.35
Tournament (k=2),Arithmetic,Gaussian,0.50670,0.04390,000.00000763,000.00330896,000.00307465,000.03620650,000.30
Tournament (k=2),Arithmetic,Gaussian,0.57030,0.04023,000.00000381,000.00611329,000.00689316,000.02608040,000.33
Tournament (k=2),Arithmetic,Gaussian,0.41200,0.17762,000.00348663,000.09871058,000.11048126,000.24692987,000.35
Tournament (k=2),Arithmetic,Gaussian,0.46371,0.19383,000.00595856,000.15319243,000.18469810,000.35402909,000.38
Tournament (k=2),Arithmetic,Gaussian,0.46371,0.06795,000.00000381,000.00119815,000.00120163,000.00891462,000.38
Tournament (k=2),Arithmetic,Gaussian,0.53756,0.04791,000.00000763,000.00316429,000.00305557,000.05217464,000.20
Tournament (k=2),Arithmetic,Gaussian,0.40000,0.30000,000.02006149,000.63117635,000.79000854,000.64582533,000.41
Tournament (k=2),Arithmetic,Gaussian,0.41200,0.06795,000.00000763,000.00092144,000.00098991,000.00577851,000.26
Tournament (k=2),Arithmetic,Gaussian,0.52190,0.08092,000.00000763,000.00098066,000.00081635,000.10272456,000.33
Tournament (k=2),Arithmetic,Gaussian,0.52190,0.02599,000.00006485,000.01470857,000.01503754,000.13741077,000.18
Tournament (k=2),Arithmetic,Gaussian,0.47762,0.12524,000.00010681,000.00878291,000.01043129,000.12257212,000.53
Tournament (k=2),Arithmetic,Gaussian,0.40000,0.04023,000.00000763,000.00528622,000.00511932,000.10944471,000.20
Tournament (k=2),Arithmetic,Gaussian,0.55369,0.21153,000.01731491,000.24712157,000.25931168,000.48870274,000.53
Tournament (k=2),Arithmetic,Gaussian,0.45020,0.11476,000.00001907,000.00377402,000.00434494,000.03386248,000.52
Tournament (k=2),Arithmetic,Gaussian,0.55369,0.02382,000.00001144,000.02151709,000.02361870,000.19615228,000.27
Tournament (k=2),Arithmetic,Gaussian,0.49195,0.07415,000.00000381,000.00125494,000.00117874,000.01863240,000.37
Tournament (k=2),Arithmetic,Gaussian,0.55369,0.07415,000.00000000,000.00094681,000.00068855,000.05199342,000.54
Tournament (k=2),Arithmetic,Gaussian,0.58741,0.02183,000.00022888,000.02929916,000.02916908,000.24284780,000.39
Tournament (k=2),Arithmetic,Gaussian,0.53756,0.12524,000.00015640,000.00874815,000.00945854,000.04886183,000.55
Tournament (k=2),Arithmetic,Gaussian,0.50670,0.12524,000.00028610,000.00853224,000.00746346,000.11654881,000.56
Tournament (k=2),Arithmetic,Gaussian,0.49195,0.21153,000.01224136,000.17803612,000.19825363,000.37299749,000.45
Tournament (k=2),Arithmetic,Gaussian,0.49195,0.02382,000.00000763,000.01664443,000.01628494,000.11908465,000.19
Tournament (k=2),Arithmetic,Gaussian,0.42436,0.04390,000.00002289,000.00288725,000.00253296,000.01637531,000.21
Tournament (k=2),Arithmetic,Gaussian,0.42436,0.30000,000.00888062,000.69966274,000.89123535,000.61128724,000.65
Tournament (k=2),Arithmetic,Gaussian,0.57030,0.11476,000.00006104,000.00500526,000.00428009,000.11513760,000.51
Tournament (k=2),Arithmetic,Gaussian,0.45020,0.04390,000.00006485,000.00595899,000.00622559,000.01899321,000.26
Tournament (k=2),Arithmetic,Gaussian,0.47762,0.04791,000.00000763,000.00296130,000.00302887,000.06587233,000.30
Tournament (k=2),Arithmetic,Gaussian,0.43709,0.06795,000.00000000,000.00095897,000.00084305,000.00784308,000.31
Tournament (k=2),Arithmetic,Gaussian,0.50670,0.04791,000.00002670,000.00311284,000.00242996,000.01465530,000.27
Tournament (k=2),Arithmetic,Gaussian,0.57030,0.04390,000.00000000,000.00304861,000.00297165,000.03392811,000.27
Tournament (k=2),Arithmetic,Gaussian,0.42436,0.11476,000.00004959,000.00324812,000.00341415,000.00992756,000.35
Tournament (k=2),Arithmetic,Gaussian,0.41200,0.02000,000.00000000,000.02578483,000.02315331,000.28500080,000.19
Tournament (k=2),Arithmetic,Gaussian,0.52190,0.23084,000.01390076,000.34404761,000.35868263,000.54159307,000.36
Tournament (k=2),Arithmetic,Gaussian,0.53756,0.05228,000.00000763,000.00192075,000.00192642,000.03066251,000.21
Tournament (k=2),Arithmetic,Gaussian,0.40000,0.10516,000.00000763,000.00127559,000.00152206,000.00867683,000.36
Tournament (k=2),Arithmetic,Gaussian,0.43709,0.19383,000.00209427,000.12316270,000.11939430,000.34892970,000.38
Tournament (k=2),Arithmetic,Gaussian,0.46371,0.02000,000.00001526,000.03358946,000.03722763,000.27993184,000.37
Tournament (k=2),Arithmetic,Gaussian,0.46371,0.21153,000.01521301,000.22216205,000.18818855,000.48243654,000.37
Tournament (k=2),Arithmetic,Gaussian,0.41200,0.07415,000.00000000,000.00104280,000.00105667,000.00781440,000.22
Tournament (k=2),Arithmetic,Gaussian,0.52190,0.08830,000.00000381,000.00067925,000.00062561,000.01964590,000.23
Tournament (k=2),Arithmetic,Gaussian,0.42436,0.04791,000.00000000,000.00360665,000.00349617,000.01255970,000.23
Tournament (k=2),Arithmetic,Gaussian,0.43709,0.02000,000.00001907,000.04327607,000.02938461,000.28643569,000.19
Tournament (k=2),Arithmetic,Gaussian,0.52190,0.02837,000.00002289,000.01011558,000.01065445,000.05967858,000.25
Tournament (k=2),Arithmetic,Gaussian,0.46371,0.07415,000.00001144,000.00087934,000.00071335,000.02785096,000.30
Tournament (k=2),Arithmetic,Gaussian,0.55369,0.02599,000.00001526,000.01427107,000.01272583,000.16675912,000.23
Tournament (k=2),Arithmetic,Gaussian,0.49195,0.02599,000.00000000,000.01617417,000.01831055,000.16723269,000.18
Tournament (k=2),Arithmetic,Gaussian,0.40000,0.04390,000.00004196,000.00337329,000.00368881,000.09949756,000.19
Tournament (k=2),Arithmetic,Gaussian,0.58741,0.02382,000.00015259,000.01949558,000.01689911,000.21277477,000.23
Tournament (k=2),Arithmetic,Gaussian,0.41200,0.02183,000.00003052,000.02099924,000.01816559,000.15790775,000.20
Tournament (k=2),Arithmetic,Gaussian,0.49195,0.08092,000.00000000,000.00094118,000.00061035,000.00952533,000.30
Tournament (k=2),Arithmetic,Gaussian,0.47762,0.05228,000.00000000,000.00216780,000.00186539,000.01373737,000.20
Tournament (k=2),Arithmetic,Gaussian,0.55369,0.08092,000.00000000,000.00075827,000.00066948,000.03686161,000.29
Tournament (k=2),Arithmetic,Gaussian,0.57030,0.04791,000.00000381,000.00273228,000.00334740,000.14085846,000.25
Tournament (k=2),Arithmetic,Gaussian,0.41200,0.19383,000.00410461,000.14919505,000.15823936,000.39609769,000.66
Tournament (k=2),Arithmetic,Gaussian,0.53756,0.05705,000.00000000,000.00185041,000.00178909,000.10562371,000.23
Tournament (k=2),Arithmetic,Gaussian,0.49195,0.23084,000.01428223,000.31869668,000.29816628,000.43329749,000.35
Tournament (k=2),Arithmetic,Gaussian,0.53756,0.13667,000.00143433,000.01721888,000.02026749,000.15768877,000.39
Tournament (k=2),Arithmetic,Gaussian,0.42436,0.12524,000.00007629,000.00670829,000.00838470,000.01796794,000.34
Tournament (k=2),Arithmetic,Gaussian,0.50670,0.05228,000.00000381,000.00247211,000.00231171,000.01967256,000.37
Tournament (k=2),Arithmetic,Gaussian,0.50670,0.13667,000.00079346,000.01557565,000.01628876,000.11578632,000.41
Tournament (k=2),Arithmetic,Gaussian,0.45020,0.12524,000.00008392,000.00836039,000.00835609,000.05272410,000.51
Tournament (k=2),Arithmetic,Gaussian,0.46371,0.02183,000.00009155,000.02388000,000.02721214,000.18731524,000.42
Tournament (k=2),Arithmetic,Gaussian,0.42436,0.05228,000.00000381,000.00245824,000.00195694,000.01014427,000.22
Tournament (k=2),Arithmetic,Gaussian,0.41200,0.08092,000.00000763,000.00091801,000.00081635,000.09995082,000.24
Tournament (k=2),Arithmetic,Gaussian,0.45020,0.04791,000.00002289,000.00386729,000.00371552,000.01352830,000.43
Tournament (k=2),Arithmetic,Gaussian,0.43709,0.02183,000.00000000,000.01821456,000.01573372,000.17421888,000.22
Tournament (k=2),Arithmetic,Gaussian,0.52190,0.25191,000.02798080,000.39175838,000.44854164,000.52345705,000.38
Tournament (k=2),Arithmetic,Gaussian,0.43709,0.07415,000.00000000,000.00068073,000.00048828,000.00625627,000.44
Tournament (k=2),Arithmetic,Gaussian,0.55369,0.23084,000.00515366,000.36811867,000.34936333,000.50725877,000.60
Tournament (k=2),Arithmetic,Gaussian,0.52190,0.09637,000.00000763,000.00112433,000.00119591,000.01094282,000.27
Tournament (k=2),Arithmetic,Gaussian,0.40000,0.11476,000.00000000,000.00252953,000.00237083,000.01673845,000.37
Tournament (k=2),Arithmetic,Gaussian,0.47762,0.13667,000.00045776,000.02203026,000.02055359,000.11465107,000.34
Tournament (k=2),Arithmetic,Gaussian,0.46371,0.23084,000.00261307,000.26326767,000.29857445,000.42385668,000.34
Tournament (k=2),Arithmetic,Gaussian,0.52190,0.03095,000.00000000,000.00992003,000.01149750,000.05583800,000.22
Tournament (k=2),Arithmetic,Gaussian,0.57030,0.12524,000.00026703,000.01047068,000.01012421,000.10430257,000.59
Tournament (k=2),Arithmetic,Gaussian,0.49195,0.02837,000.00000381,000.01472068,000.01434135,000.04712362,000.20
Tournament (k=2),Arithmetic,Gaussian,0.55369,0.02837,000.00000000,000.01246805,000.01319885,000.12412427,000.23
Tournament (k=2),Arithmetic,Gaussian,0.43709,0.21153,000.00054169,000.17331949,000.16905785,000.40920353,000.43
Tournament (k=2),Arithmetic,Gaussian,0.40000,0.04791,000.00000763,000.00328650,000.00330925,000.01503826,000.21
Tournament (k=2),Arithmetic,Gaussian,0.58741,0.02599,000.00001526,000.01473756,000.01123238,000.17661645,000.23
Tournament (k=2),Arithmetic,Gaussian,0.53756,0.06226,000.00000763,000.00133915,000.00119591,000.02778864,000.22
Tournament (k=2),Arithmetic,Gaussian,0.46371,0.08092,000.00000000,000.00071330,000.00084305,000.00891969,000.31
Tournament (k=2),Arithmetic,Gaussian,0.42436,0.05705,000.00000000,000.00246835,000.00278282,000.01366047,000.24
Tournament (k=2),Arithmetic,Gaussian,0.55369,0.08830,000.00000000,000.00088735,000.00100708,000.00866424,000.31
Tournament (k=2),Arithmetic,Gaussian,0.49195,0.08830,000.00000381,000.00064840,000.00057602,000.03534173,000.31
Tournament (k=2),Arithmetic,Gaussian,0.57030,0.05228,000.00001526,000.00281477,000.00222778,000.04062484,000.33
Tournament (k=2),Arithmetic,Gaussian,0.41200,0.02382,000.00004578,000.02089272,000.02341652,000.15100211,000.18
Tournament (k=2),Arithmetic,Gaussian,0.41200,0.21153,000.02003479,000.25160319,000.28655624,000.37907335,000.34
Tournament (k=2),Arithmetic,Gaussian,0.50670,0.05705,000.00000000,000.00155015,000.00197601,000.01585273,000.27
Tournament (k=2),Arithmetic,Gaussian,0.46371,0.02382,000.00006104,000.02270126,000.02400780,000.17858902,000.22
Tournament (k=2),Arithmetic,Gaussian,0.49195,0.25191,000.01618958,000.46458912,000.49136734,000.59706467,000.37
Tournament (k=2),Arithmetic,Gaussian,0.45020,0.05228,000.00001907,000.00243530,000.00275040,000.01606719,000.22
Tournament (k=2),Arithmetic,Gaussian,0.53756,0.14915,000.00049973,000.03336515,000.03706551,000.16913824,000.37
Tournament (k=2),Arithmetic,Gaussian,0.47762,0.05705,000.00000381,000.00193295,000.00187302,000.00965895,000.21
Tournament (k=2),Arithmetic,Gaussian,0.58741,0.06226,000.00000000,000.00135860,000.00097275,000.10276183,000.34
Tournament (k=2),Arithmetic,Gaussian,0.50670,0.14915,000.00331497,000.03331790,000.03193855,000.12249418,000.38
Tournament (k=2),Arithmetic,Gaussian,0.43709,0.02382,000.00004196,000.01587534,000.01986504,000.12003582,000.23
Tournament (k=2),Arithmetic,Gaussian,0.40000,0.12524,000.00017548,000.00569472,000.00580406,000.02949616,000.39
Tournament (k=2),Arithmetic,Gaussian,0.41200,0.08830,000.00000763,000.00071750,000.00073051,000.00268065,000.32
Tournament (k=2),Arithmetic,Gaussian,0.45020,0.13667,000.00025558,000.01702127,000.01997375,000.14225703,000.38
Tournament (k=2),Arithmetic,Gaussian,0.52190,0.10516,000.00000763,000.00169334,000.00193024,000.02624006,000.26
Tournament (k=2),Arithmetic,Gaussian,0.52190,0.27490,000.06757355,000.47985426,000.51463890,000.56934011,000.59
Tournament (k=2),Arithmetic,Gaussian,0.43709,0.08092,000.00000381,000.00064359,000.00065041,000.00356152,000.29
Tournament (k=2),Arithmetic,Gaussian,0.49195,0.03095,000.00000381,000.01070786,000.01135635,000.13170078,000.20
Tournament (k=2),Arithmetic,Gaussian,0.52190,0.03378,000.00000763,000.01014214,000.01122093,000.06674701,000.23
Tournament (k=2),Arithmetic,Gaussian,0.58741,0.19383,000.00518417,000.15803877,000.18975830,000.38320059,000.48
Tournament (k=2),Arithmetic,Gaussian,0.42436,0.13667,000.00044250,000.01680689,000.01992607,000.05126068,000.31
Tournament (k=2),Arithmetic,Gaussian,0.40000,0.05228,000.00000763,000.00290084,000.00278091,000.00920792,000.21
Tournament (k=2),Arithmetic,Gaussian,0.55369,0.03095,000.00000381,000.00891166,000.00967979,000.10234173,000.26
Tournament (k=2),Arithmetic,Gaussian,0.58741,0.02837,000.00004196,000.01172252,000.01320648,000.19273862,000.25
Tournament (k=2),Arithmetic,Gaussian,0.47762,0.14915,000.00031662,000.03984480,000.04760170,000.21054609,000.38
Tournament (k=2),Arithmetic,Gaussian,0.42436,0.06226,000.00000763,000.00126190,000.00123596,000.01092631,000.26
Tournament (k=2),Arithmetic,Gaussian,0.43709,0.02599,000.00003815,000.01830654,000.01836777,000.11138142,000.27
Tournament (k=2),Arithmetic,Gaussian,0.46371,0.25191,000.00517273,000.40811816,000.38942719,000.50443536,000.38
Tournament (k=2),Arithmetic,Gaussian,0.46371,0.08830,000.00000000,000.00073509,000.00049210,000.00484129,000.29
Tournament (k=2),Arithmetic,Gaussian,0.55369,0.25191,000.00557327,000.49716991,000.51800537,000.55978298,000.46
Tournament (k=2),Arithmetic,Gaussian,0.57030,0.13667,000.00061035,000.01941018,000.02164841,000.14818147,000.40
Tournament (k=2),Arithmetic,Gaussian,0.41200,0.02599,000.00001907,000.02004967,000.02405930,000.17953648,000.19
Tournament (k=2),Arithmetic,Gaussian,0.60503,0.03686,000.00000000,000.00745087,000.00650787,000.15221307,000.30
Tournament (k=2),Arithmetic,Gaussian,0.57030,0.05705,000.00000381,000.00115471,000.00096321,000.08490396,000.29
Tournament (k=2),Arithmetic,Gaussian,0.46371,0.02599,000.00003052,000.01748729,000.01586151,000.16102517,000.22
Tournament (k=2),Arithmetic,Gaussian,0.55369,0.09637,000.00000381,000.00095229,000.00086594,000.00605667,000.36
Tournament (k=2),Arithmetic,Gaussian,0.45020,0.05705,000.00000000,000.00140657,000.00132179,000.02873980,000.23
Tournament (k=2),Arithmetic,Gaussian,0.43709,0.23084,000.00901031,000.27052361,000.24986267,000.45673609,000.55
Tournament (k=2),Arithmetic,Gaussian,0.41200,0.09637,000.00000000,000.00108185,000.00096893,000.00857044,000.49
Tournament (k=2),Arithmetic,Gaussian,0.62318,0.02183,000.00003433,000.02239561,000.02413940,000.22196350,000.33
Tournament (k=2),Arithmetic,Gaussian,0.50670,0.06226,000.00000381,000.00104308,000.00078964,000.00453049,000.29
Tournament (k=2),Arithmetic,Gaussian,0.47762,0.06226,000.00000381,000.00094852,000.00092316,000.00985392,000.22
Tournament (k=2),Arithmetic,Gaussian,0.49195,0.09637,000.00000381,000.00083780,000.00068283,000.01137355,000.43
Tournament (k=2),Arithmetic,Gaussian,0.53756,0.06795,000.00001144,000.00101666,000.00076675,000.00988256,000.22
Tournament (k=2),Arithmetic,Gaussian,0.60503,0.11476,000.00003433,000.00386291,000.00398827,000.08819548,000.46
Tournament (k=2),Arithmetic,Gaussian,0.53756,0.16276,000.00296021,000.05591636,000.05935860,000.29293445,000.35
Tournament (k=2),Arithmetic,Gaussian,0.58741,0.06795,000.00001526,000.00092602,000.00088310,000.11184376,000.28
Tournament (k=2),Arithmetic,Gaussian,0.41200,0.23084,000.01881409,000.30060607,000.26231766,000.51050383,000.50
Tournament (k=2),Arithmetic,Gaussian,0.49195,0.27490,000.01065826,000.46898836,000.48701096,000.61684871,000.45
Tournament (k=2),Arithmetic,Gaussian,0.62318,0.06795,000.00000381,000.00124302,000.00107574,000.04359477,000.46
Tournament (k=2),Arithmetic,Gaussian,0.50670,0.16276,000.00284195,000.06700001,000.07043648,000.31004483,000.37
Tournament (k=2),Arithmetic,Gaussian,0.52190,0.11476,000.00009918,000.00321584,000.00323677,000.01478704,000.26
Tournament (k=2),Arithmetic,Gaussian,0.40000,0.13667,000.00025177,000.01125498,000.01266479,000.03297127,000.28
Tournament (k=2),Arithmetic,Gaussian,0.49195,0.03378,000.00000381,000.00634108,000.00640488,000.03112644,000.19
Tournament (k=2),Arithmetic,Gaussian,0.45020,0.06226,000.00000763,000.00136623,000.00138855,000.01055903,000.29
Tournament (k=2),Arithmetic,Gaussian,0.52190,0.03686,000.00000000,000.00527773,000.00494385,000.02965993,000.19
Tournament (k=2),Arithmetic,Gaussian,0.62318,0.21153,000.00295258,000.20548411,000.21355057,000.43603602,000.54
Tournament (k=2),Arithmetic,Gaussian,0.45020,0.14915,000.00018692,000.02909269,000.03305626,000.17475727,000.34
Tournament (k=2),Arithmetic,Gaussian,0.40000,0.05705,000.00001144,000.00208836,000.00259972,000.00730697,000.21
Tournament (k=2),Arithmetic,Gaussian,0.64187,0.04023,000.00003052,000.00592680,000.00691795,000.16869250,000.54
Tournament (k=2),Arithmetic,Gaussian,0.66113,0.02382,000.00000763,000.02017322,000.01939774,000.30186880,000.33
Tournament (k=2),Arithmetic,Gaussian,0.70139,0.02599,000.00001144,000.01974945,000.01809120,000.36747891,000.17
Tournament (k=2),Arithmetic,Gaussian,0.42436,0.14915,000.00106812,000.03353958,000.03902054,000.20660637,000.32
Tournament (k=2),Arithmetic,Gaussian,0.58741,0.21153,000.01394653,000.26687002,000.22988319,000.58589447,000.37
Tournament (k=2),Arithmetic,Gaussian,0.58741,0.03095,000.00004578,000.00814347,000.00803757,000.11588778,000.23
Tournament (k=2),Arithmetic,Gaussian,0.66113,0.07415,000.00000000,000.00068707,000.00043869,000.10572271,000.40
Tournament (k=2),Arithmetic,Gaussian,0.55369,0.03378,000.00000000,000.00676823,000.00856972,000.10455627,000.26
Tournament (k=2),Arithmetic,Gaussian,0.43709,0.02837,000.00001144,000.01145511,000.00897026,000.10912057,000.24
Tournament (k=2),Arithmetic,Gaussian,0.43709,0.25191,000.01016235,000.38806137,000.44655800,000.49681830,000.57
Tournament (k=2),Arithmetic,Gaussian,0.64187,0.12524,000.00018311,000.00889387,000.00928688,000.12793036,000.54
Tournament (k=2),Arithmetic,Gaussian,0.68096,0.04390,000.00003815,000.00897689,000.00526428,000.31483120,000.39
Tournament (k=2),Arithmetic,Gaussian,0.41200,0.02837,000.00000381,000.01207533,000.01364136,000.15754366,000.18
Tournament (k=2),Arithmetic,Gaussian,0.47762,0.16276,000.00286102,000.06356950,000.07547188,000.27800936,000.40
Tournament (k=2),Arithmetic,Gaussian,0.46371,0.09637,000.00001526,000.00085196,000.00087547,000.00372102,000.32
Tournament (k=2),Arithmetic,Gaussian,0.60503,0.04023,000.00002289,000.00635114,000.00716209,000.14363573,000.20
Tournament (k=2),Arithmetic,Gaussian,0.46371,0.27490,000.03450775,000.50475776,000.59198761,000.61139464,000.40
Tournament (k=2),Arithmetic,Gaussian,0.46371,0.02837,000.00000000,000.01125908,000.01255989,000.15323597,000.22
Tournament (k=2),Arithmetic,Gaussian,0.66113,0.23084,000.01267624,000.35252723,000.33993149,000.51007086,000.55
Tournament (k=2),Arithmetic,Gaussian,0.68096,0.13667,000.00045776,000.01907539,000.02294731,000.13193044,000.48
Tournament (k=2),Arithmetic,Gaussian,0.57030,0.06226,000.00000381,000.00102377,000.00106430,000.10501584,000.28
Tournament (k=2),Arithmetic,Gaussian,0.62318,0.02382,000.00006104,000.02122769,000.02338982,000.26279759,000.19
Tournament (k=2),Arithmetic,Gaussian,0.70139,0.08092,000.00000000,000.00082269,000.00060272,000.10813106,000.40
Tournament (k=2),Arithmetic,Gaussian,0.58741,0.03378,000.00010681,000.00933209,000.00798416,000.17526685,000.24
Tournament (k=2),Arithmetic,Gaussian,0.43709,0.08830,000.00000000,000.00099788,000.00100708,000.01343639,000.26
Tournament (k=2),Arithmetic,Gaussian,0.47762,0.06795,000.00000000,000.00093865,000.00081635,000.00549034,000.23
Tournament (k=2),Arithmetic,Gaussian,0.41200,0.10516,000.00001526,000.00184488,000.00222969,000.01973920,000.29
Tournament (k=2),Arithmetic,Gaussian,0.50670,0.06795,000.00000000,000.00089302,000.00092316,000.00786221,000.30
Tournament (k=2),Arithmetic,Gaussian,0.72243,0.04791,000.00003052,000.00871329,000.00575256,000.25873044,000.26
Tournament (k=2),Arithmetic,Gaussian,0.53756,0.07415,000.00000000,000.00072193,000.00061035,000.00648364,000.27
Tournament (k=2),Arithmetic,Gaussian,0.49195,0.10516,000.00004196,000.00147324,000.00143242,000.01004821,000.30
Tournament (k=2),Arithmetic,Gaussian,0.55369,0.27490,000.01050568,000.50127017,000.58841705,000.60002762,000.57
Tournament (k=2),Arithmetic,Gaussian,0.57030,0.14915,000.00122833,000.03012295,000.03623581,000.17382269,000.53
Tournament (k=2),Arithmetic,Gaussian,0.60503,0.12524,000.00016785,000.01129980,000.01244164,000.04901803,000.31
Tournament (k=2),Arithmetic,Gaussian,0.58741,0.07415,000.00000000,000.00075388,000.00058937,000.00972621,000.30
Tournament (k=2),Arithmetic,Gaussian,0.52190,0.30000,000.01915359,000.61788708,000.66587830,000.58906966,000.51
Tournament (k=2),Arithmetic,Gaussian,0.52190,0.04023,000.00001526,000.00419865,000.00416946,000.04575396,000.21
Tournament (k=2),Arithmetic,Gaussian,0.62318,0.07415,000.00000000,000.00109086,000.00088882,000.03699913,000.29
Tournament (k=2),Arithmetic,Gaussian,0.53756,0.17762,000.00564194,000.09290814,000.10956001,000.23827310,000.36
Tournament (k=2),Arithmetic,Gaussian,0.70139,0.25191,000.03826523,000.41577363,000.41211700,000.53857303,000.53
Tournament (k=2),Arithmetic,Gaussian,0.52190,0.12524,000.00020599,000.00910397,000.01010513,000.13646391,000.30
Tournament (k=2),Arithmetic,Gaussian,0.45020,0.06795,000.00002670,000.00083256,000.00077820,000.09902402,000.28
Tournament (k=2),Arithmetic,Gaussian,0.74410,0.02837,000.00027084,000.03185458,000.02312279,000.39415768,000.23
Tournament (k=2),Arithmetic,Gaussian,0.70139,0.02837,000.00004196,000.01998243,000.01976585,000.41699934,000.19
Tournament (k=2),Arithmetic,Gaussian,0.66113,0.02599,000.00010681,000.02501163,000.02812767,000.19713829,000.20
Tournament (k=2),Arithmetic,Gaussian,0.47762,0.07415,000.00000381,000.00083370,000.00084114,000.01970826,000.35
Tournament (k=2),Arithmetic,Gaussian,0.49195,0.30000,000.03606415,000.63003933,000.74017715,000.55452579,000.47
Tournament (k=2),Arithmetic,Gaussian,0.43709,0.09637,000.00001144,000.00084324,000.00093460,000.00463067,000.39
Tournament (k=2),Arithmetic,Gaussian,0.50670,0.17762,000.00672150,000.08631301,000.10032082,000.33268914,000.47
Tournament (k=2),Arithmetic,Gaussian,0.41200,0.25191,000.00378418,000.32040182,000.31389236,000.50250977,000.51
Tournament (k=2),Arithmetic,Gaussian,0.64187,0.04390,000.00000381,000.00514936,000.00455666,000.17695972,000.25
Tournament (k=2),Arithmetic,Gaussian,0.40000,0.14915,000.00126648,000.03133931,000.03818512,000.06721471,000.49
Tournament (k=2),Arithmetic,Gaussian,0.72243,0.14915,000.00076294,000.05307336,000.05328178,000.30514807,000.44
Tournament (k=2),Arithmetic,Gaussian,0.41200,0.03095,000.00001526,000.00714555,000.00746727,000.10162961,000.18
Tournament (k=2),Arithmetic,Gaussian,0.66113,0.08092,000.00000000,000.00075808,000.00040054,000.07007813,000.25
Tournament (k=2),Arithmetic,Gaussian,0.43709,0.03095,000.00001526,000.00865002,000.00966263,000.05528372,000.23
Tournament (k=2),Arithmetic,Gaussian,0.55369,0.03686,000.00009537,000.00585904,000.00622368,000.11235377,000.26
Tournament (k=2),Arithmetic,Gaussian,0.68096,0.04791,000.00000381,000.00471430,000.00454521,000.20301202,000.24
Tournament (k=2),Arithmetic,Gaussian,0.58741,0.23084,000.00704956,000.27427292,000.27956581,000.55010414,000.36
Tournament (k=2),Arithmetic,Gaussian,0.55369,0.10516,000.00004959,000.00227695,000.00242615,000.01263763,000.33
Tournament (k=2),Arithmetic,Gaussian,0.60503,0.04390,000.00000381,000.00327692,000.00374222,000.14339253,000.25
Tournament (k=2),Arithmetic,Gaussian,0.45020,0.16276,000.00346375,000.04638510,000.04887390,000.20298180,000.58
Tournament (k=2),Arithmetic,Gaussian,0.46371,0.03095,000.00007629,000.01636634,000.01642227,000.06566315,000.24
Tournament (k=2),Arithmetic,Gaussian,0.47762,0.17762,000.00659943,000.11085115,000.13421631,000.30151698,000.38
Tournament (k=2),Arithmetic,Gaussian,0.49195,0.03686,000.00000763,000.00779886,000.00686455,000.10806382,000.19
Tournament (k=2),Arithmetic,Gaussian,0.41200,0.03378,000.00002289,000.00960660,000.00853539,000.03715543,000.23
Tournament (k=2),Arithmetic,Gaussian,0.58741,0.03686,000.00002289,000.00550075,000.00548744,000.15202755,000.25
Tournament (k=2),Arithmetic,Gaussian,0.66113,0.08830,000.00000000,000.00092278,000.00063705,000.04386662,000.28
Tournament (k=2),Arithmetic,Gaussian,0.57030,0.06795,000.00000000,000.00111523,000.00100517,000.00709525,000.29
Tournament (k=2),Arithmetic,Gaussian,0.68096,0.05228,000.00001907,000.00400395,000.00361061,000.27517608,000.24
Tournament (k=2),Arithmetic,Gaussian,0.58741,0.08092,000.00000000,000.00054746,000.00043488,000.01106519,000.58
Tournament (k=2),Arithmetic,Gaussian,0.66113,0.25191,000.00328064,000.43335718,000.43807030,000.59872955,000.35
Tournament (k=2),Arithmetic,Gaussian,0.46371,0.30000,000.04304504,000.67270577,000.96915054,000.60060710,000.42
Tournament (k=2),Arithmetic,Gaussian,0.53756,0.08092,000.00000763,000.00096540,000.00090027,000.04962762,000.24
Tournament (k=2),Arithmetic,Gaussian,0.64187,0.13667,000.00124359,000.02548509,000.02705765,000.19077507,000.60
Tournament (k=2),Arithmetic,Gaussian,0.53756,0.02000,000.00000000,000.04696178,000.04648781,000.26144043,000.19
Tournament (k=2),Arithmetic,Gaussian,0.72243,0.05228,000.00000763,000.00349226,000.00264931,000.23255552,000.27
Tournament (k=2),Arithmetic,Gaussian,0.50670,0.07415,000.00000000,000.00068049,000.00067520,000.00533411,000.29
Tournament (k=2),Arithmetic,Gaussian,0.52190,0.04390,000.00000000,000.00305200,000.00278664,000.01044503,000.20
Tournament (k=2),Arithmetic,Gaussian,0.60503,0.13667,000.00022125,000.01807880,000.01584244,000.13543467,000.30
Tournament (k=2),Arithmetic,Gaussian,0.74410,0.03095,000.00007629,000.07523952,000.04565430,000.48834559,000.20
Tournament (k=2),Arithmetic,Gaussian,0.70139,0.03095,000.00021362,000.01839695,000.01575851,000.36440375,000.20
Tournament (k=2),Arithmetic,Gaussian,0.46371,0.10516,000.00001907,000.00137339,000.00156021,000.01219294,000.63
Tournament (k=2),Arithmetic,Gaussian,0.43709,0.27490,000.02523041,000.54464239,000.56720352,000.59504056,000.75
Tournament (k=2),Arithmetic,Gaussian,0.58741,0.25191,000.00953674,000.48709685,000.51498604,000.54499412,000.44
Tournament (k=2),Arithmetic,Gaussian,0.43709,0.03378,000.00001526,000.00968046,000.00755692,000.14479998,000.51
Tournament (k=2),Arithmetic,Gaussian,0.66113,0.02837,000.00001144,000.01696811,000.01706886,000.23022959,000.20
Tournament (k=2),Arithmetic,Gaussian,0.52190,0.13667,000.00003052,000.01799459,000.01801872,000.18167132,000.29
Tournament (k=2),Arithmetic,Gaussian,0.74410,0.08830,000.00000763,000.00116534,000.00067329,000.12724355,000.30
Tournament (k=2),Arithmetic,Gaussian,0.62318,0.08092,000.00000000,000.00099716,000.00062943,000.10859558,000.32
Tournament (k=2),Arithmetic,Gaussian,0.55369,0.11476,000.00001526,000.00381460,000.00351143,000.07121923,000.53
Tournament (k=2),Arithmetic,Gaussian,0.70139,0.08830,000.00001144,000.00092578,000.00083733,000.12916110,000.64
Tournament (k=2),Arithmetic,Gaussian,0.57030,0.16276,000.00229645,000.05436273,000.05699158,000.25604481,000.44
Tournament (k=2),Arithmetic,Gaussian,0.50670,0.02000,000.00003433,000.04025011,000.02816391,000.29586104,000.23
Tournament (k=2),Arithmetic,Gaussian,0.49195,0.11476,000.00011444,000.00454011,000.00542831,000.02367891,000.52
Tournament (k=2),Arithmetic,Gaussian,0.68096,0.14915,000.00242996,000.04161735,000.03932190,000.26676142,000.71
Tournament (k=2),Arithmetic,Gaussian,0.62318,0.02599,000.00001144,000.02435584,000.02531433,000.15275504,000.18
Tournament (k=2),Arithmetic,Gaussian,0.42436,0.16276,000.00083923,000.04618306,000.05417061,000.14653654,000.53
Tournament (k=2),Arithmetic,Gaussian,0.70139,0.27490,000.00351334,000.62337112,000.73661232,000.67816567,000.46
Tournament (k=2),Arithmetic,Gaussian,0.64187,0.04791,000.00000763,000.00172586,000.00144768,000.14861417,000.25
Tournament (k=2),Arithmetic,Gaussian,0.55369,0.30000,000.03130722,000.66006339,000.82107544,000.68603063,000.57
Tournament (k=2),Arithmetic,Gaussian,0.74410,0.27490,000.08390045,000.71451706,000.87295532,000.60083610,000.40
Tournament (k=2),Arithmetic,Gaussian,0.43709,0.10516,000.00001144,000.00153313,000.00155449,000.00492575,000.35
Tournament (k=2),Arithmetic,Gaussian,0.53756,0.19383,000.00463486,000.16776738,000.17957687,000.36005500,000.49
Tournament (k=2),Arithmetic,Gaussian,0.70139,0.03378,000.00001144,000.01337147,000.01258469,000.25759608,000.29
Tournament (k=2),Arithmetic,Gaussian,0.50670,0.19383,000.00484467,000.15002961,000.15092659,000.41666678,000.39
Tournament (k=2),Arithmetic,Gaussian,0.74410,0.03378,000.00002670,000.02965465,000.02214622,000.36045265,000.31
Tournament (k=2),Arithmetic,Gaussian,0.60503,0.04791,000.00000000,000.00315890,000.00334549,000.10855380,000.21
Tournament (k=2),Arithmetic,Gaussian,0.72243,0.16276,000.00251389,000.05417762,000.05455017,000.30617422,000.30
Tournament (k=2),Arithmetic,Gaussian,0.55369,0.04023,000.00005341,000.00377145,000.00432968,000.02686771,000.26
Tournament (k=2),Arithmetic,Gaussian,0.49195,0.04023,000.00000381,000.00529113,000.00534058,000.14524205,000.19
Tournament (k=2),Arithmetic,Gaussian,0.76642,0.05228,000.00000381,000.00794873,000.00421906,000.30841795,000.22
Tournament (k=2),Arithmetic,Gaussian,0.46371,0.03378,000.00004578,000.00930257,000.01011086,000.14193033,000.23
Tournament (k=2),Arithmetic,Gaussian,0.41200,0.27490,000.02235794,000.49355039,000.48713303,000.60152096,000.47
Tournament (k=2),Arithmetic,Gaussian,0.46371,0.11476,000.00008392,000.00366330,000.00346565,000.04632566,000.39
Tournament (k=2),Arithmetic,Gaussian,0.47762,0.19383,000.00917053,000.18876310,000.19163513,000.40502089,000.31
Tournament (k=2),Arithmetic,Gaussian,0.47762,0.02000,000.00000763,000.03754978,000.03343201,000.34268293,000.19
Tournament (k=2),Arithmetic,Gaussian,0.68096,0.05705,000.00000000,000.00179749,000.00132561,000.15095231,000.21
Tournament (k=2),Arithmetic,Gaussian,0.45020,0.17762,000.00331879,000.10058174,000.10955620,000.29530019,000.38
Tournament (k=2),Arithmetic,Gaussian,0.53756,0.02183,000.00006866,000.01911888,000.01845551,000.23387361,000.21
Tournament (k=2),Arithmetic,Gaussian,0.58741,0.04023,000.00001526,000.00469298,000.00449753,000.03200610,000.28
Tournament (k=2),Arithmetic,Gaussian,0.52190,0.04791,000.00001144,000.00249696,000.00276375,000.09938397,000.22
Tournament (k=2),Arithmetic,Gaussian,0.57030,0.07415,000.00000000,000.00067778,000.00047874,000.00835765,000.31
Tournament (k=2),Arithmetic,Gaussian,0.76642,0.05705,000.00000381,000.00451360,000.00214577,000.44264436,000.23
Tournament (k=2),Arithmetic,Gaussian,0.72243,0.05705,000.00000000,000.00245819,000.00139046,000.28648329,000.27
Tournament (k=2),Arithmetic,Gaussian,0.62318,0.08830,000.00000000,000.00112305,000.00090981,000.03964466,000.52
Tournament (k=2),Arithmetic,Gaussian,0.58741,0.08830,000.00000381,000.00080762,000.00074005,000.10616865,000.33
Tournament (k=2),Arithmetic,Gaussian,0.66113,0.27490,000.01113129,000.52597415,000.52209663,000.61173481,000.35
Tournament (k=2),Arithmetic,Gaussian,0.50670,0.08092,000.00000000,000.00058203,000.00055885,000.02753552,000.32
Tournament (k=2),Arithmetic,Gaussian,0.60503,0.14915,000.00062943,000.03716817,000.04225349,000.24337292,000.31
Tournament (k=2),Arithmetic,Gaussian,0.64187,0.14915,000.00339890,000.03674178,000.03594017,000.28947774,000.37
Tournament (k=2),Arithmetic,Gaussian,0.66113,0.03095,000.00002670,000.01513677,000.01452637,000.25033680,000.20
Tournament (k=2),Arithmetic,Gaussian,0.50670,0.02183,000.00000763,000.01894565,000.01907539,000.22120300,000.19
Tournament (k=2),Arithmetic,Gaussian,0.43709,0.03686,000.00005341,000.00496726,000.00489235,000.05867693,000.25
Tournament (k=2),Arithmetic,Gaussian,0.58741,0.04390,000.00000381,000.00564432,000.00506973,000.17299210,000.26
Tournament (k=2),Arithmetic,Gaussian,0.52190,0.14915,000.00098419,000.02946796,000.03396225,000.17901030,000.30
Tournament (k=2),Arithmetic,Gaussian,0.46371,0.03686,000.00000763,000.00623589,000.00678635,000.02234075,000.36
Tournament (k=2),Arithmetic,Gaussian,0.74410,0.09637,000.00001144,000.00195680,000.00132179,000.04011732,000.74
Tournament (k=2),Arithmetic,Gaussian,0.62318,0.02837,000.00000381,000.01126761,000.01366234,000.04153783,000.20
Tournament (k=2),Arithmetic,Gaussian,0.40000,0.16276,000.00042343,000.04279900,000.05216026,000.12639208,000.39
Tournament (k=2),Arithmetic,Gaussian,0.76642,0.16276,000.00643539,000.06559601,000.06811142,000.35153919,000.34
Tournament (k=2),Arithmetic,Gaussian,0.72243,0.06226,000.00000000,000.00237145,000.00150681,000.16370384,000.30
Tournament (k=2),Arithmetic,Gaussian,0.55369,0.12524,000.00018311,000.00704927,000.00668144,000.04619280,000.38
Tournament (k=2),Arithmetic,Gaussian,0.57030,0.08092,000.00000381,000.00084848,000.00049782,000.01278403,000.32
Tournament (k=2),Arithmetic,Gaussian,0.70139,0.09637,000.00000763,000.00118589,000.00094414,000.04661665,000.39
Tournament (k=2),Arithmetic,Gaussian,0.57030,0.02000,000.00007248,000.03191691,000.02499008,000.23216619,000.24
Tournament (k=2),Arithmetic,Gaussian,0.58741,0.27490,000.04224777,000.49911371,000.54083633,000.53057915,000.42
Tournament (k=2),Arithmetic,Gaussian,0.70139,0.03686,000.00000763,000.01353369,000.01258659,000.38053149,000.21
Tournament (k=2),Arithmetic,Gaussian,0.64187,0.05228,000.00001526,000.00367799,000.00309372,000.04306944,000.29
Tournament (k=2),Arithmetic,Gaussian,0.66113,0.09637,000.00000763,000.00148320,000.00130081,000.06645827,000.27
Tournament (k=2),Arithmetic,Gaussian,0.74410,0.03686,000.00001144,000.02331533,000.01639366,000.41479918,000.21
Tournament (k=2),Arithmetic,Gaussian,0.74410,0.30000,000.03560638,000.75983787,001.08329773,000.75665069,000.38
Tournament (k=2),Arithmetic,Gaussian,0.50670,0.21153,000.01154327,000.22410579,000.21832848,000.43645373,000.75
Tournament (k=2),Arithmetic,Gaussian,0.49195,0.12524,000.00016022,000.00771728,000.00807571,000.06374738,000.43
Tournament (k=2),Arithmetic,Gaussian,0.62318,0.23084,000.00868988,000.33055419,000.36785507,000.54148567,000.58
Tournament (k=2),Arithmetic,Gaussian,0.49195,0.04390,000.00003052,000.00347104,000.00381470,000.01514039,000.20
Tournament (k=2),Arithmetic,Gaussian,0.53756,0.08830,000.00000000,000.00096240,000.00090790,000.06399222,000.26
Tournament (k=2),Arithmetic,Gaussian,0.60503,0.05228,000.00001144,000.00117812,000.00082588,000.11160120,000.21
Tournament (k=2),Arithmetic,Gaussian,0.50670,0.02382,000.00000381,000.02316475,000.01861191,000.14128207,000.37
Tournament (k=2),Arithmetic,Gaussian,0.78941,0.03095,000.00006104,000.06266475,000.02127075,000.48293370,000.49
Tournament (k=2),Arithmetic,Gaussian,0.53756,0.02382,000.00004196,000.02000632,000.01859665,000.32973778,000.18
Tournament (k=2),Arithmetic,Gaussian,0.55369,0.04390,000.00000000,000.00339112,000.00332642,000.02109331,000.27
Tournament (k=2),Arithmetic,Gaussian,0.70139,0.04023,000.00000381,000.00804167,000.00749588,000.30487075,000.22
Tournament (k=2),Arithmetic,Gaussian,0.43709,0.11476,000.00007248,000.00339804,000.00324631,000.03657054,000.98
Tournament (k=2),Arithmetic,Gaussian,0.47762,0.21153,000.00632477,000.20192990,000.21585655,000.44261760,000.34
Tournament (k=2),Arithmetic,Gaussian,0.76642,0.06226,000.00000381,000.00492411,000.00214195,000.35077187,000.22
Tournament (k=2),Arithmetic,Gaussian,0.66113,0.03378,000.00006485,000.01172328,000.01101685,000.19927056,000.20
Tournament (k=2),Arithmetic,Gaussian,0.60503,0.05705,000.00000000,000.00185833,000.00178146,000.05793128,000.23
Tournament (k=2),Arithmetic,Gaussian,0.62318,0.09637,000.00000763,000.00135384,000.00140572,000.03142879,000.27
Tournament (k=2),Arithmetic,Gaussian,0.72243,0.17762,000.00388718,000.12469368,000.13363647,000.37324658,000.50
Tournament (k=2),Arithmetic,Gaussian,0.70139,0.10516,000.00004196,000.00398149,000.00330925,000.09291282,000.48
Tournament (k=2),Arithmetic,Gaussian,0.60503,0.16276,000.00166321,000.06186175,000.06757736,000.27523211,000.32
Tournament (k=2),Arithmetic,Gaussian,0.70139,0.04390,000.00003052,000.00838447,000.00682449,000.16835269,000.23
Tournament (k=2),Arithmetic,Gaussian,0.68096,0.16276,000.00790024,000.07029553,000.05541039,000.35339543,000.41
Tournament (k=2),Arithmetic,Gaussian,0.62318,0.03095,000.00001144,000.00967402,000.00954247,000.15003437,000.20
Tournament (k=2),Arithmetic,Gaussian,0.81310,0.05705,000.00000000,000.02450900,000.01313019,000.54335052,000.22
Tournament (k=2),Arithmetic,Gaussian,0.66113,0.30000,000.04319000,000.72875035,000.87534714,000.67953265,000.45
Tournament (k=2),Arithmetic,Gaussian,0.64187,0.05705,000.00000000,000.00190597,000.00147438,000.16140257,000.56
Tournament (k=2),Arithmetic,Gaussian,0.58741,0.04791,000.00000763,000.00219727,000.00193787,000.01486239,000.27
Tournament (k=2),Arithmetic,Gaussian,0.46371,0.04023,000.00001526,000.00382366,000.00396729,000.01597475,000.26
Tournament (k=2),Arithmetic,Gaussian,0.42436,0.17762,000.00314713,000.08466344,000.09146309,000.27204677,000.46
Tournament (k=2),Arithmetic,Gaussian,0.47762,0.02183,000.00000000,000.02859492,000.02233887,000.21509075,000.19
Tournament (k=2),Arithmetic,Gaussian,0.55369,0.04791,000.00000381,000.00372567,000.00375366,000.10154835,000.44
Tournament (k=2),Arithmetic,Gaussian,0.70139,0.30000,000.00183105,000.68524724,000.76141739,000.69114846,000.97
Tournament (k=2),Arithmetic,Gaussian,0.72243,0.06795,000.00000000,000.00128636,000.00089645,000.09798393,000.31
Tournament (k=2),Arithmetic,Gaussian,0.53756,0.21153,000.01165009,000.23008075,000.24940681,000.39430621,000.49
Tournament (k=2),Arithmetic,Gaussian,0.76642,0.17762,000.00370789,000.10199213,000.09929085,000.34709787,000.34
Tournament (k=2),Arithmetic,Gaussian,0.68096,0.06226,000.00000000,000.00220070,000.00114441,000.17831793,000.23
Tournament (k=2),Arithmetic,Gaussian,0.58741,0.09637,000.00002289,000.00077229,000.00081635,000.01225478,000.58
Tournament (k=2),Arithmetic,Gaussian,0.46371,0.12524,000.00019073,000.00906124,000.00991821,000.03049203,000.72
Tournament (k=2),Arithmetic,Gaussian,0.57030,0.02183,000.00000000,000.02926860,000.03146935,000.25839463,000.25
Tournament (k=2),Arithmetic,Gaussian,0.78941,0.09637,000.00002670,000.00119524,000.00101662,000.19436657,000.78
Tournament (k=2),Arithmetic,Gaussian,0.66113,0.10516,000.00000763,000.00283399,000.00307083,000.03045039,000.27
Tournament (k=2),Arithmetic,Gaussian,0.74410,0.10516,000.00003815,000.00379210,000.00289726,000.14262185,000.40
Tournament (k=2),Arithmetic,Gaussian,0.57030,0.17762,000.00502396,000.13721690,000.14839172,000.35744801,000.66
Tournament (k=2),Arithmetic,Gaussian,0.45020,0.19383,000.00279236,000.15196033,000.15800095,000.36177838,000.74
Tournament (k=2),Arithmetic,Gaussian,0.62318,0.10516,000.00005722,000.00285463,000.00315094,000.01819853,000.38
Tournament (k=2),Arithmetic,Gaussian,0.57030,0.08830,000.00000381,000.00068688,000.00077057,000.01569792,000.32
Tournament (k=2),Arithmetic,Gaussian,0.76642,0.02000,000.00022888,000.08031712,000.06207466,000.36384961,000.20
Tournament (k=2),Arithmetic,Gaussian,0.78941,0.30000,000.06334686,000.86604536,001.15719032,000.71905583,000.60
Tournament (k=2),Arithmetic,Gaussian,0.43709,0.30000,000.03083038,000.59883928,000.69232559,000.61769390,000.85
Tournament (k=2),Arithmetic,Gaussian,0.41200,0.30000,000.02613831,000.50710809,000.51805878,000.51352561,000.36
Tournament (k=2),Arithmetic,Gaussian,0.58741,0.30000,000.01683426,000.80519086,001.03883171,000.70249569,000.39
Tournament (k=2),Arithmetic,Gaussian,0.47762,0.02382,000.00001907,000.02128911,000.02147675,000.18872434,000.20
Tournament (k=2),Arithmetic,Gaussian,0.53756,0.02599,000.00000000,000.01179976,000.01272202,000.17538479,000.21
Tournament (k=2),Arithmetic,Gaussian,0.50670,0.02599,000.00003815,000.01521158,000.01385498,000.12032920,000.23
Tournament (k=2),Arithmetic,Gaussian,0.66113,0.03686,000.00003052,000.00822244,000.00861740,000.22188102,000.20
Tournament (k=2),Arithmetic,Gaussian,0.78941,0.03378,000.00012207,000.04416957,000.02297401,000.49522483,000.24
Tournament (k=2),Arithmetic,Gaussian,0.81310,0.17762,000.00942993,000.12101469,000.11881065,000.38736355,000.32
Tournament (k=2),Arithmetic,Gaussian,0.47762,0.23084,000.01461792,000.30398345,000.29028702,000.47042426,000.33
Tournament (k=2),Arithmetic,Gaussian,0.70139,0.04791,000.00001144,000.00585575,000.00436211,000.23156597,000.21
Tournament (k=2),Arithmetic,Gaussian,0.74410,0.04023,000.00008774,000.01546168,000.01055717,000.48239535,000.20
Tournament (k=2),Arithmetic,Gaussian,0.62318,0.03378,000.00007248,000.01079893,000.01346207,000.14597967,000.22
Tournament (k=2),Arithmetic,Gaussian,0.40000,0.17762,000.00358582,000.09613757,000.11903763,000.24249393,000.73
Tournament (k=2),Arithmetic,Gaussian,0.53756,0.02837,000.00000763,000.00872512,000.00951767,000.14427575,000.21
Tournament (k=2),Arithmetic,Gaussian,0.72243,0.19383,000.00309753,000.25459522,000.18140221,000.45165807,000.33
Tournament (k=2),Arithmetic,Gaussian,0.55369,0.05228,000.00000763,000.00217957,000.00245094,000.01306095,000.43
Tournament (k=2),Arithmetic,Gaussian,0.50670,0.23084,000.02000046,000.29319319,000.29215813,000.45582363,000.48
Tournament (k=2),Arithmetic,Gaussian,0.64187,0.06226,000.00000000,000.00202785,000.00131989,000.19741130,000.22
Tournament (k=2),Arithmetic,Gaussian,0.86261,0.02000,000.00002670,000.30227762,000.16091156,000.67905498,000.23
Tournament (k=2),Arithmetic,Gaussian,0.68096,0.17762,000.00661469,000.17143540,000.15704918,000.46779549,000.62
Tournament (k=2),Arithmetic,Gaussian,0.74410,0.11476,000.00009918,000.00473433,000.00473404,000.03621877,000.42
Tournament (k=2),Arithmetic,Gaussian,0.58741,0.05228,000.00000000,000.00167656,000.00145340,000.07220513,000.27
Tournament (k=2),Arithmetic,Gaussian,0.86261,0.06226,000.00000381,000.00973425,000.00383377,000.37703592,000.22
Tournament (k=2),Arithmetic,Gaussian,0.72243,0.02000,000.00077057,000.06356363,000.06141281,000.41792458,000.25
Tournament (k=2),Arithmetic,Gaussian,0.83749,0.03378,000.00002289,000.11726250,000.05094147,000.80418390,000.55
Tournament (k=2),Arithmetic,Gaussian,0.62318,0.03686,000.00000000,000.01089120,000.00797462,000.26804379,000.21
Tournament (k=2),Arithmetic,Gaussian,0.68096,0.06795,000.00000763,000.00208645,000.00100136,000.15016337,000.23
Tournament (k=2),Arithmetic,Gaussian,0.62318,0.25191,000.03706360,000.42551309,000.44592285,000.57779026,000.67
Tournament (k=2),Arithmetic,Gaussian,0.55369,0.13667,000.00049591,000.02073359,000.02017784,000.11912865,000.54
Tournament (k=2),Arithmetic,Gaussian,0.72243,0.07415,000.00000381,000.00207400,000.00089455,000.12567322,000.32
Tournament (k=2),Arithmetic,Gaussian,0.58741,0.10516,000.00000763,000.00239701,000.00241280,000.04609772,000.67
Tournament (k=2),Arithmetic,Gaussian,0.76642,0.19383,000.00744629,000.14866276,000.15605354,000.46219069,000.33
Tournament (k=2),Arithmetic,Gaussian,0.70139,0.11476,000.00017929,000.00619912,000.00600815,000.13684449,000.55
Tournament (k=2),Arithmetic,Gaussian,0.88849,0.03686,000.00012207,000.25085822,000.09577370,000.73863703,000.25
Tournament (k=2),Arithmetic,Gaussian,0.64187,0.16276,000.00164795,000.06642771,000.05694580,000.35738009,000.69
Tournament (k=2),Arithmetic,Gaussian,0.66113,0.11476,000.00001526,000.00486188,000.00396347,000.04106725,000.28
Tournament (k=2),Arithmetic,Gaussian,0.60503,0.17762,000.00306702,000.07888355,000.08514595,000.28248730,000.59
Tournament (k=2),Arithmetic,Gaussian,0.76642,0.06795,000.00000381,000.01055241,000.00437546,000.33066472,000.24
Tournament (k=2),Arithmetic,Gaussian,0.76642,0.02183,000.00027466,000.19856438,000.11734962,000.54347849,000.20
Tournament (k=2),Arithmetic,Gaussian,0.42436,0.02000,000.00001907,000.02775702,000.02261162,000.20766518,000.19
Tournament (k=2),Arithmetic,Gaussian,0.42436,0.19383,000.00235748,000.12605925,000.13134384,000.39197278,000.52
Tournament (k=2),Arithmetic,Gaussian,0.60503,0.06226,000.00000763,000.00093436,000.00094223,000.10765437,000.28
Tournament (k=2),Arithmetic,Gaussian,0.81310,0.02000,000.00010681,000.27140564,000.12197495,000.57365036,000.23
Tournament (k=2),Arithmetic,Gaussian,0.45020,0.02000,000.00000000,000.03247013,000.02466011,000.17256656,000.24
Tournament (k=2),Arithmetic,Gaussian,0.57030,0.09637,000.00000000,000.00087252,000.00103951,000.00570657,000.32
Tournament (k=2),Arithmetic,Gaussian,0.45020,0.21153,000.00429153,000.21698785,000.24919510,000.40437201,000.36
Tournament (k=2),Arithmetic,Gaussian,0.66113,0.04023,000.00000381,000.00760398,000.00630760,000.18494284,000.21
Tournament (k=2),Arithmetic,Gaussian,0.91514,0.02183,000.00007629,000.40702778,000.30528069,000.75467724,000.18
Tournament (k=2),Arithmetic,Gaussian,0.83749,0.10516,000.00014496,000.00419512,000.00366592,000.15825681,000.67
Tournament (k=2),Arithmetic,Gaussian,0.68096,0.07415,000.00000000,000.00074978,000.00054932,000.05491654,000.32
Tournament (k=2),Arithmetic,Gaussian,0.70139,0.05228,000.00000381,000.00252471,000.00223541,000.25763232,000.22
Tournament (k=2),Arithmetic,Gaussian,0.76642,0.02382,000.00011444,000.04055123,000.04196739,000.53774339,000.19
Tournament (k=2),Arithmetic,Gaussian,0.78941,0.03686,000.00009155,000.02514062,000.01922989,000.43173009,000.24
Tournament (k=2),Arithmetic,Gaussian,0.49195,0.13667,000.00008392,000.01539931,000.01708984,000.12550235,000.64
Tournament (k=2),Arithmetic,Gaussian,0.88849,0.04023,000.00000381,000.26146880,000.06790352,000.68816990,000.30
Tournament (k=2),Arithmetic,Gaussian,0.88849,0.11476,000.00010681,000.00592117,000.00639153,000.08595597,000.60
Tournament (k=2),Arithmetic,Gaussian,0.57030,0.02382,000.00001526,000.01909747,000.02018547,000.20429039,000.23
Tournament (k=2),Arithmetic,Gaussian,0.53756,0.23084,000.01412964,000.31279153,000.34449768,000.57552892,000.71
Tournament (k=2),Arithmetic,Gaussian,0.62318,0.11476,000.00003052,000.00423307,000.00337601,000.10151391,000.56
Tournament (k=2),Arithmetic,Gaussian,0.86261,0.06795,000.00000000,000.00613832,000.00210571,000.44291791,000.22
Tournament (k=2),Arithmetic,Gaussian,0.86261,0.02183,000.00003815,000.24939504,000.11118507,000.57866466,000.23
Tournament (k=2),Arithmetic,Gaussian,0.70139,0.12524,000.00009918,000.00879250,000.00866127,000.17893919,000.42
Tournament (k=2),Arithmetic,Gaussian,0.58741,0.05705,000.00000000,000.00202360,000.00192070,000.01592869,000.27
Tournament (k=2),Arithmetic,Gaussian,0.64187,0.06795,000.00000000,000.00090623,000.00058556,000.11206894,000.29
Tournament (k=2),Arithmetic,Gaussian,0.86261,0.19383,000.01828766,000.14740697,000.15214539,000.53419191,000.72
Tournament (k=2),Arithmetic,Gaussian,0.76642,0.02599,000.00032806,000.15350012,000.08686256,000.68728000,000.19
Tournament (k=2),Arithmetic,Gaussian,0.60503,0.02000,000.00003815,000.02840214,000.02579117,000.22822712,000.19
Tournament (k=2),Arithmetic,Gaussian,0.72243,0.21153,000.00343323,000.22166567,000.22652435,000.46254164,000.32
Tournament (k=2),Arithmetic,Gaussian,0.62318,0.04023,000.00000000,000.00685601,000.00503540,000.14526017,000.20
Tournament (k=2),Arithmetic,Gaussian,0.91514,0.06795,000.00000000,000.00992537,000.00248337,000.35997170,000.28
Tournament (k=2),Arithmetic,Gaussian,0.78941,0.10516,000.00009918,000.00272541,000.00276756,000.11681647,000.37
Tournament (k=2),Arithmetic,Gaussian,0.74410,0.12524,000.00057220,000.01155143,000.01006317,000.08452889,000.36
Tournament (k=2),Arithmetic,Gaussian,0.57030,0.19383,000.00245667,000.13590327,000.13921356,000.37925014,000.74
Tournament (k=2),Arithmetic,Gaussian,0.78941,0.04023,000.00007248,000.02521214,000.02023697,000.51944554,000.31
Tournament (k=2),Arithmetic,Gaussian,0.68096,0.19383,000.00788498,000.15122756,000.16112137,000.50396776,000.41
Tournament (k=2),Arithmetic,Gaussian,0.50670,0.25191,000.01174164,000.33170533,000.30648422,000.52815092,000.45
Tournament (k=2),Arithmetic,Gaussian,0.68096,0.02000,000.00001144,000.07768030,000.04656792,000.54101306,000.19
Tournament (k=2),Arithmetic,Gaussian,0.81310,0.06226,000.00000000,000.00707412,000.00222588,000.32868692,000.23
Tournament (k=2),Arithmetic,Gaussian,0.72243,0.08092,000.00000000,000.00084319,000.00058174,000.17964385,000.30
Tournament (k=2),Arithmetic,Gaussian,0.88849,0.04390,000.00000763,000.11511593,000.01725006,000.59511179,000.31
Tournament (k=2),Arithmetic,Gaussian,0.91514,0.21153,000.00933838,000.32116723,000.27458954,000.48174414,000.32
Tournament (k=2),Arithmetic,Gaussian,0.74410,0.04390,000.00000381,000.00898795,000.00575256,000.38303304,000.23
Tournament (k=2),Arithmetic,Gaussian,0.81310,0.19383,000.00223923,000.19505873,000.19982338,000.41997617,000.67
Tournament (k=2),Arithmetic,Gaussian,0.76642,0.21153,000.01245117,000.28857261,000.22513008,000.54161066,000.35
Tournament (k=2),Arithmetic,Gaussian,0.58741,0.11476,000.00003815,000.00438128,000.00426483,000.10888755,000.36
Tournament (k=2),Arithmetic,Gaussian,0.76642,0.07415,000.00000000,000.00343661,000.00241470,000.15246782,000.67
Tournament (k=2),Arithmetic,Gaussian,0.62318,0.04390,000.00000000,000.00530233,000.00515366,000.21639331,000.25
Tournament (k=2),Arithmetic,Gaussian,0.66113,0.12524,000.00053406,000.01116400,000.01111412,000.06973922,000.29
Tournament (k=2),Arithmetic,Gaussian,0.60503,0.19383,000.00878143,000.21659771,000.19501877,000.46694657,000.32
Tournament (k=2),Arithmetic,Gaussian,0.66113,0.04390,000.00000763,000.00705414,000.00823975,000.20856445,000.20
Tournament (k=2),Arithmetic,Gaussian,0.45020,0.02183,000.00001144,000.02522654,000.02465630,000.21419311,000.23
Tournament (k=2),Arithmetic,Gaussian,0.94259,0.12524,000.00017166,000.01333876,000.01433372,000.18342316,000.28
Tournament (k=2),Arithmetic,Gaussian,0.91514,0.02382,000.00041199,000.26592660,000.11269379,000.73963940,000.20
Tournament (k=2),Arithmetic,Gaussian,0.81310,0.06795,000.00000000,000.00822339,000.00197792,000.37071955,000.24
Tournament (k=2),Arithmetic,Gaussian,0.81310,0.02183,000.00011063,000.26383290,000.14462852,000.62689036,000.24
Tournament (k=2),Arithmetic,Gaussian,0.62318,0.27490,000.01976013,000.58051151,000.64587212,000.59644848,000.93
Tournament (k=2),Arithmetic,Gaussian,0.97087,0.07415,000.00000381,000.00973239,000.00283813,000.45457992,000.29
Tournament (k=2),Arithmetic,Gaussian,0.70139,0.05705,000.00000763,000.00219283,000.00169373,000.17684737,000.22
Tournament (k=2),Arithmetic,Gaussian,0.72243,0.02183,000.00014496,000.04491148,000.04854774,000.39877981,000.23
Tournament (k=2),Arithmetic,Gaussian,0.94259,0.04023,000.00001526,000.26180071,000.05352020,000.63921666,000.37
Tournament (k=2),Arithmetic,Gaussian,0.68096,0.08092,000.00000000,000.00068769,000.00060272,000.10708459,000.24
Tournament (k=2),Arithmetic,Gaussian,0.57030,0.02599,000.00002289,000.01731372,000.01629257,000.20616812,000.22
Tournament (k=2),Arithmetic,Gaussian,0.83749,0.03686,000.00004578,000.11082234,000.03113556,000.65629524,000.24
Tournament (k=2),Arithmetic,Gaussian,0.64187,0.17762,000.00072861,000.09393997,000.09633827,000.39662591,000.54
Tournament (k=2),Arithmetic,Gaussian,0.97087,0.02382,000.00026703,000.47554785,000.84425163,000.84172845,000.42
Tournament (k=2),Arithmetic,Gaussian,1.00000,0.04390,000.00001526,000.12322221,000.02919769,000.57035857,000.34
Tournament (k=2),Arithmetic,Gaussian,0.66113,0.04791,000.00000000,000.00356278,000.00330734,000.11248426,000.22
Tournament (k=2),Arithmetic,Gaussian,0.83749,0.11476,000.00009918,000.00525279,000.00563431,000.04590666,000.37
Tournament (k=2),Arithmetic,Gaussian,1.00000,0.13667,000.00062943,000.02379403,000.02301025,000.24253900,000.38
Tournament (k=2),Arithmetic,Gaussian,0.97087,0.23084,000.01057434,000.43185401,000.41052246,000.51446658,000.48
Tournament (k=2),Arithmetic,Gaussian,0.88849,0.12524,000.00058746,000.01147385,000.01234436,000.09591794,000.38
Tournament (k=2),Arithmetic,Uniform,0.40000,0.02599,000.00000000,000.14866534,000.15594101,000.49478918,000.26
Tournament (k=2),Arithmetic,Gaussian,0.81310,0.07415,000.00000000,000.00393834,000.00066757,000.26408908,000.27
Tournament (k=2),Arithmetic,Gaussian,0.62318,0.12524,000.00007248,000.01053715,000.01119995,000.10875090,000.27
Tournament (k=2),Arithmetic,Gaussian,0.76642,0.02837,000.00030136,000.06915669,000.04038620,000.42926806,000.19
Tournament (k=2),Arithmetic,Gaussian,0.60503,0.02183,000.00010300,000.02678852,000.03000832,000.18012244,000.18
Tournament (k=2),Arithmetic,Uniform,0.40000,0.08092,000.00000381,000.00473495,000.00453949,000.05856103,000.26
Tournament (k=2),Arithmetic,Gaussian,0.53756,0.25191,000.03826904,000.49942106,000.49847794,000.52351320,000.45
Tournament (k=2),Arithmetic,Gaussian,0.64187,0.07415,000.00000000,000.00082278,000.00073242,000.03301860,000.31
Tournament (k=2),Arithmetic,Uniform,0.40000,0.25191,000.19618607,001.62157750,001.75759506,000.84076613,000.27
Tournament (k=2),Arithmetic,Gaussian,0.91514,0.07415,000.00000000,000.00287213,000.00087738,000.22992794,000.28
Tournament (k=2),Arithmetic,Gaussian,0.78941,0.04390,000.00000000,000.05304599,000.02295113,000.52363235,000.25
Tournament (k=2),Arithmetic,Gaussian,0.70139,0.13667,000.00158310,000.02398968,000.01806259,000.19122015,000.38
Tournament (k=2),Arithmetic,Gaussian,0.68096,0.02183,000.00032425,000.04820223,000.04210663,000.38187483,000.18
Tournament (k=2),Arithmetic,Gaussian,0.72243,0.23084,000.02070236,000.41166273,000.33596802,000.51402026,000.33
Tournament (k=2),Arithmetic,Gaussian,0.78941,0.11476,000.00011063,000.00569863,000.00475311,000.13712199,000.33
Tournament (k=2),Arithmetic,Gaussian,0.60503,0.21153,000.01497650,000.29659003,000.30039978,000.46415237,000.58
Tournament (k=2),Arithmetic,Uniform,0.41200,0.04791,000.00012970,000.02547550,000.02425194,000.11270540,000.23
Tournament (k=2),Arithmetic,Gaussian,0.55369,0.14915,000.00203705,000.04595285,000.04590988,000.21740387,000.63
Tournament (k=2),Arithmetic,Gaussian,0.68096,0.21153,000.02582169,000.26964951,000.27119637,000.52622151,000.31
Tournament (k=2),Arithmetic,Gaussian,0.74410,0.13667,000.00082397,000.02366009,000.02679634,000.24381810,000.37
Tournament (k=2),Arithmetic,Gaussian,0.57030,0.21153,000.00434875,000.31742921,000.29745865,000.49355066,000.32
Tournament (k=2),Arithmetic,Gaussian,0.76642,0.03095,000.00000763,000.06146479,000.02790070,000.53529233,000.22
Tournament (k=2),Arithmetic,Gaussian,0.88849,0.04791,000.00008011,000.12944135,000.04388237,000.56812268,000.25
Tournament (k=2),Arithmetic,Gaussian,0.72243,0.08830,000.00001526,000.00126543,000.00105476,000.10674156,000.30
Tournament (k=2),Arithmetic,Gaussian,0.60503,0.02382,000.00006104,000.02209968,000.02242851,000.17941342,000.28
Tournament (k=2),Arithmetic,Gaussian,0.91514,0.23084,000.02609253,000.50133151,000.59478760,000.60344118,000.32
Tournament (k=2),Arithmetic,Gaussian,0.57030,0.02837,000.00003052,000.01217189,000.01152802,000.08585045,000.52
Tournament (k=2),Arithmetic,Gaussian,0.91514,0.02599,000.00038910,000.32749996,000.16225433,000.66991764,000.18
Tournament (k=2),Arithmetic,Gaussian,0.62318,0.04791,000.00000381,000.00277081,000.00235939,000.02504990,000.20
Tournament (k=2),Arithmetic,Gaussian,0.76642,0.08092,000.00000381,000.00263753,000.00138855,000.21229398,000.23
Tournament (k=2),Arithmetic,Gaussian,0.94259,0.13667,000.00141144,000.02053394,000.02222824,000.13432163,000.26
Tournament (k=2),Arithmetic,Gaussian,0.66113,0.13667,000.00048447,000.02522192,000.02459526,000.12736799,000.27
Tournament (k=2),Arithmetic,Gaussian,0.86261,0.02382,000.00022888,000.20518307,000.08886147,000.65344834,000.22
Tournament (k=2),Arithmetic,Gaussian,0.81310,0.02382,000.00063324,000.14656596,000.07553101,000.69634753,000.22
Tournament (k=2),Arithmetic,Uniform,0.40000,0.08830,000.00000763,000.00627456,000.00692749,000.12310914,000.34
Tournament (k=2),Arithmetic,Gaussian,0.70139,0.06226,000.00000000,000.00263076,000.00209236,000.11515002,000.22
Tournament (k=2),Arithmetic,Gaussian,0.72243,0.02382,000.00007248,000.04967961,000.03654289,000.49900731,000.23
Tournament (k=2),Arithmetic,Gaussian,0.97087,0.08092,000.00000763,000.00578780,000.00221825,000.41436365,000.29
Tournament (k=2),Arithmetic,Gaussian,0.94259,0.04390,000.00005341,000.26134762,000.06762123,000.81387448,000.25
Tournament (k=2),Arithmetic,Gaussian,0.62318,0.13667,000.00110245,000.02033434,000.02225113,000.18918958,000.58
Tournament (k=2),Arithmetic,Gaussian,0.91514,0.08092,000.00000000,000.00552936,000.00094604,000.21741247,000.43
Tournament (k=2),Arithmetic,Gaussian,0.68096,0.08830,000.00000763,000.00111389,000.00078964,000.03709662,000.25
Tournament (k=2),Arithmetic,Gaussian,0.83749,0.04023,000.00000763,000.03542089,000.02788544,000.56634855,000.24
Tournament (k=2),Arithmetic,Gaussian,0.66113,0.05228,000.00000000,000.00334349,000.00241089,000.04851767,000.21
Tournament (k=2),Arithmetic,Gaussian,0.97087,0.02599,000.00038528,000.39036933,000.35215759,000.75311440,000.23
Tournament (k=2),Arithmetic,Gaussian,1.00000,0.04791,000.00000000,000.20891538,000.02911758,000.70726532,000.23
Tournament (k=2),Arithmetic,Gaussian,0.86261,0.21153,000.00936508,000.25531116,000.27865410,000.56250650,000.34
Tournament (k=2),Arithmetic,Uniform,0.40000,0.02837,000.00003815,000.07333813,000.07027817,000.34561777,000.22
Tournament (k=2),Arithmetic,Gaussian,0.86261,0.02599,000.00018311,000.21005149,000.12173462,000.76912594,000.23
Tournament (k=2),Arithmetic,Gaussian,0.81310,0.08092,000.00000000,000.00159745,000.00084114,000.15003873,000.24
Tournament (k=2),Arithmetic,Gaussian,0.74410,0.04791,000.00000763,000.00690327,000.00486565,000.27187905,000.21
Tournament (k=2),Arithmetic,Gaussian,0.70139,0.06795,000.00000381,000.00174470,000.00087547,000.11443562,000.25
Tournament (k=2),Arithmetic,Gaussian,0.83749,0.12524,000.00027466,000.01352839,000.01471329,000.11906700,000.35
Tournament (k=2),Arithmetic,Gaussian,0.62318,0.30000,000.04397964,000.67864197,000.84215355,000.63065380,000.51
Tournament (k=2),Arithmetic,Gaussian,0.78941,0.12524,000.00012207,000.01043358,000.01230240,000.08241565,000.53
Tournament (k=2),Arithmetic,Gaussian,1.00000,0.14915,000.00033188,000.03633580,000.04037094,000.26918542,000.37
Tournament (k=2),Arithmetic,Gaussian,0.81310,0.21153,000.02250671,000.27765089,000.26660728,000.48430762,000.31
Tournament (k=2),Arithmetic,Gaussian,0.64187,0.19383,000.00590134,000.20786801,000.16107368,000.41326275,000.44
Tournament (k=2),Arithmetic,Gaussian,0.64187,0.08092,000.00000000,000.00103035,000.00058746,000.11587623,000.30
Tournament (k=2),Arithmetic,Gaussian,0.68096,0.02382,000.00000763,000.02540727,000.02982903,000.32116443,000.21
Tournament (k=2),Arithmetic,Gaussian,1.00000,0.05228,000.00000000,000.12955928,000.03481293,000.64245313,000.22
Tournament (k=2),Arithmetic,Gaussian,0.74410,0.05228,000.00001144,000.00547509,000.00516891,000.35264871,000.21
Tournament (k=2),Arithmetic,Gaussian,0.86261,0.07415,000.00000000,000.00550528,000.00230408,000.38254932,000.23
Tournament (k=2),Arithmetic,Gaussian,0.81310,0.08830,000.00000000,000.00355191,000.00174713,000.21928303,000.25
Tournament (k=2),Arithmetic,Gaussian,0.76642,0.23084,000.00060272,000.33754906,000.26419449,000.58930463,000.35
Tournament (k=2),Arithmetic,Gaussian,0.76642,0.03378,000.00010681,000.04198708,000.01526451,000.58216584,000.20
Tournament (k=2),Arithmetic,Uniform,0.41200,0.05228,000.00003433,000.01686430,000.01561928,000.14474452,000.23
Tournament (k=2),Arithmetic,Gaussian,0.72243,0.25191,000.02158356,000.48978525,000.44516754,000.63133901,000.34
Tournament (k=2),Arithmetic,Gaussian,0.53756,0.27490,000.02934647,000.52969724,000.57108879,000.57419628,000.46
Tournament (k=2),Arithmetic,Gaussian,0.70139,0.14915,000.00155640,000.04492712,000.04871178,000.35333848,000.37
Tournament (k=2),Arithmetic,Gaussian,0.68096,0.02599,000.00005341,000.02031150,000.01519775,000.31080228,000.20
Tournament (k=2),Arithmetic,Gaussian,0.60503,0.02599,000.00001526,000.01714807,000.01306152,000.22142479,000.18
Tournament (k=2),Arithmetic,Gaussian,0.91514,0.02837,000.00003815,000.22184877,000.07258415,000.77115875,000.19
Tournament (k=2),Arithmetic,Gaussian,0.62318,0.05228,000.00000381,000.00306373,000.00229454,000.05152235,000.21
Tournament (k=2),Arithmetic,Gaussian,0.76642,0.03686,000.00005341,000.05208630,000.02431870,000.55989158,000.21
Tournament (k=2),Arithmetic,Gaussian,0.64187,0.08830,000.00000000,000.00057874,000.00042534,000.01112563,000.33
Tournament (k=2),Arithmetic,Gaussian,0.57030,0.03095,000.00000381,000.01174512,000.01278114,000.17993130,000.25
Tournament (k=2),Arithmetic,Gaussian,0.76642,0.08830,000.00000000,000.00136733,000.00090981,000.16214573,000.24
Tournament (k=2),Arithmetic,Gaussian,0.72243,0.09637,000.00000763,000.00131450,000.00130844,000.04222378,000.33
Tournament (k=2),Arithmetic,Gaussian,0.94259,0.14915,000.00066376,000.04513860,000.04617119,000.33448371,000.85
Tournament (k=2),Arithmetic,Gaussian,0.91514,0.25191,000.04800415,000.53631145,000.66544724,000.64272714,000.35
Tournament (k=2),Arithmetic,Gaussian,0.81310,0.02599,000.00003815,000.19866209,000.08950806,000.57997108,000.23
Tournament (k=2),Arithmetic,Gaussian,0.60503,0.06795,000.00000000,000.00098019,000.00062370,000.02414147,000.23
Tournament (k=2),Arithmetic,Gaussian,0.72243,0.02599,000.00008011,000.04643450,000.03469658,000.47811648,000.23
Tournament (k=2),Arithmetic,Gaussian,0.91514,0.03095,000.00001144,000.40555853,000.22509193,000.73100072,000.19
Tournament (k=2),Arithmetic,Uniform,0.40000,0.09637,000.00000381,000.00855613,000.00912094,000.12805910,000.26
Tournament (k=2),Arithmetic,Gaussian,0.68096,0.09637,000.00001907,000.00224266,000.00170898,000.01750049,000.26
Tournament (k=2),Arithmetic,Gaussian,0.91514,0.08830,000.00000381,000.00118122,000.00104141,000.19030239,000.75
Tournament (k=2),Arithmetic,Gaussian,0.94259,0.04791,000.00000000,000.20549555,000.04454422,000.69849086,000.26
Tournament (k=2),Arithmetic,Gaussian,0.58741,0.12524,000.00004578,000.01071515,000.01229095,000.03691754,000.77
Tournament (k=2),Arithmetic,Uniform,0.40000,0.27490,000.12023163,001.71087968,002.17120171,001.06849468,000.30
Tournament (k=2),Arithmetic,Gaussian,0.97087,0.08830,000.00002289,000.00354543,000.00080490,000.20830651,000.31
Tournament (k=2),Arithmetic,Gaussian,0.62318,0.05705,000.00000000,000.00181952,000.00142288,000.12223604,000.25
Tournament (k=2),Arithmetic,Gaussian,0.66113,0.05705,000.00000763,000.00275927,000.00256538,000.14470732,000.22
Tournament (k=2),Arithmetic,Gaussian,0.76642,0.04023,000.00000000,000.02112851,000.01324654,000.44795227,000.28
Tournament (k=2),Arithmetic,Gaussian,0.66113,0.14915,000.00248337,000.04210405,000.04035950,000.26861838,001.03
Tournament (k=2),Arithmetic,Gaussian,0.55369,0.16276,000.00280380,000.05464640,000.05818558,000.28325430,000.74
Tournament (k=2),Arithmetic,Uniform,0.40000,0.03095,000.00012970,000.08595405,000.07079887,000.38124263,000.22
Tournament (k=2),Arithmetic,Gaussian,0.97087,0.02837,000.00031281,000.46413511,000.99869347,000.82796347,000.23
Tournament (k=2),Arithmetic,Gaussian,0.78941,0.04791,000.00000381,000.01575594,000.00853348,000.47039211,000.26
Tournament (k=2),Arithmetic,Gaussian,0.60503,0.23084,000.00471497,000.19707938,000.19680595,000.43388110,000.86
Tournament (k=2),Arithmetic,Gaussian,0.74410,0.14915,000.00128174,000.04208674,000.04048347,000.21781267,000.81
Tournament (k=2),Arithmetic,Gaussian,0.70139,0.07415,000.00000000,000.00102797,000.00078392,000.12642808,000.23
Tournament (k=2),Arithmetic,Gaussian,0.60503,0.07415,000.00000000,000.00078483,000.00062752,000.02413165,000.30
Tournament (k=2),Arithmetic,Gaussian,0.74410,0.05705,000.00000381,000.00651126,000.00321388,000.30094481,000.22
Tournament (k=2),Arithmetic,Uniform,0.41200,0.05705,000.00000000,000.00757589,000.00759697,000.10819946,000.63
Tournament (k=2),Arithmetic,Gaussian,0.86261,0.08092,000.00001526,000.00346074,000.00084305,000.23136881,000.25
Tournament (k=2),Arithmetic,Gaussian,0.68096,0.23084,000.00674057,000.35720691,000.29240417,000.49966118,000.91
Tournament (k=2),Arithmetic,Gaussian,0.68096,0.02837,000.00000763,000.01811275,000.01665497,000.33120117,000.20
Tournament (k=2),Arithmetic,Gaussian,0.60503,0.02837,000.00000763,000.01593556,000.01705551,000.21853928,000.19
Tournament (k=2),Arithmetic,Gaussian,0.88849,0.05228,000.00000763,000.09072457,000.02901840,000.54472417,000.28
Tournament (k=2),Arithmetic,Gaussian,1.00000,0.05705,000.00000000,000.08460674,000.02120590,000.45288870,000.28
Tournament (k=2),Arithmetic,Gaussian,0.81310,0.09637,000.00005341,000.00201812,000.00198364,000.10214013,000.30
Tournament (k=2),Arithmetic,Gaussian,0.97087,0.25191,000.02144623,000.41606307,000.43961906,000.61425680,000.69
Tournament (k=2),Arithmetic,Gaussian,0.81310,0.23084,000.01012039,000.36498255,000.32334328,000.58171695,000.94
Tournament (k=2),Arithmetic,Uniform,0.41200,0.14915,000.00314331,000.45923248,000.58970642,000.59185040,000.32
Tournament (k=2),Arithmetic,Gaussian,0.76642,0.25191,000.01700592,000.49281555,000.57341576,000.53947145,000.34
Tournament (k=2),Arithmetic,Uniform,0.42436,0.02837,000.00003052,000.14166217,000.14945602,000.41295657,000.21
Tournament (k=2),Arithmetic,Gaussian,0.57030,0.23084,000.01101303,000.37307745,000.33704567,000.56274199,001.03
Tournament (k=2),Arithmetic,Gaussian,0.88849,0.13667,000.00074768,000.02648568,000.02409363,000.23527542,000.73
Tournament (k=2),Arithmetic,Gaussian,0.76642,0.09637,000.00000000,000.00171242,000.00160599,000.03732989,000.25
Tournament (k=2),Arithmetic,Gaussian,0.83749,0.04390,000.00003815,000.04818401,000.01717758,000.53490478,000.25
Tournament (k=2),Arithmetic,Gaussian,0.62318,0.14915,000.00037766,000.04231429,000.03746414,000.27915955,000.74
Tournament (k=2),Arithmetic,Gaussian,0.78941,0.13667,000.00033951,000.02859540,000.03265381,000.17265704,000.43
Tournament (k=2),Arithmetic,Gaussian,0.64187,0.21153,000.02978516,000.28436524,000.25725937,000.51481062,001.04
Tournament (k=2),Arithmetic,Gaussian,0.60503,0.03095,000.00019836,000.01107678,000.01264954,000.12500328,000.19
Tournament (k=2),Arithmetic,Gaussian,0.74410,0.06226,000.00000000,000.00437884,000.00233269,000.24251845,000.24
Tournament (k=2),Arithmetic,Gaussian,0.91514,0.03378,000.00003052,000.27871528,000.07307053,000.69664085,000.21
Tournament (k=2),Arithmetic,Gaussian,0.86261,0.23084,000.01371002,000.39327908,000.38348961,000.64443892,000.61
Tournament (k=2),Arithmetic,Gaussian,0.72243,0.02837,000.00003433,000.03110461,000.01871872,000.45745224,000.55
Tournament (k=2),Arithmetic,Gaussian,0.68096,0.03095,000.00033569,000.01599946,000.01666832,000.26263955,000.21
Tournament (k=2),Arithmetic,Gaussian,0.81310,0.02837,000.00007248,000.12690797,000.04892731,000.59900415,000.63
Tournament (k=2),Arithmetic,Uniform,0.40000,0.10516,000.00024796,000.01728969,000.01849365,000.16202828,000.57
Tournament (k=2),Arithmetic,Gaussian,0.94259,0.16276,000.00316238,000.05933638,000.06617165,000.35277170,000.32
Tournament (k=2),Arithmetic,Gaussian,0.83749,0.13667,000.00148010,000.02023282,000.01994133,000.27786174,000.53
Tournament (k=2),Arithmetic,Gaussian,1.00000,0.16276,000.00197601,000.06686578,000.07204056,000.30253237,000.55
Tournament (k=2),Arithmetic,Gaussian,0.70139,0.16276,000.00254440,000.07756257,000.07647133,000.43172914,000.53
Tournament (k=2),Arithmetic,Gaussian,0.72243,0.27490,000.01669312,000.57266033,000.59524918,000.63733727,000.99
Tournament (k=2),Arithmetic,Gaussian,0.64187,0.02000,000.00011444,000.03182011,000.03242111,000.28083009,000.22
Tournament (k=2),Arithmetic,Uniform,0.41200,0.06226,000.00000000,000.01090407,000.01248932,000.15722674,000.28
Tournament (k=2),Arithmetic,Gaussian,0.64187,0.09637,000.00000763,000.00120044,000.00095940,000.12687060,000.89
Tournament (k=2),Arithmetic,Gaussian,0.72243,0.10516,000.00001526,000.00339589,000.00285912,000.13311304,000.48
Tournament (k=2),Arithmetic,Gaussian,0.94259,0.05228,000.00000000,000.17881532,000.03237724,000.70325404,000.28
Tournament (k=2),Arithmetic,Gaussian,0.76642,0.04390,000.00000000,000.03813352,000.01152229,000.49687782,000.23
Tournament (k=2),Arithmetic,Gaussian,0.62318,0.06226,000.00000381,000.00287561,000.00149918,000.10381266,000.23
Tournament (k=2),Arithmetic,Uniform,0.40000,0.30000,000.05010986,001.81693971,002.07465553,001.02619398,000.29
Tournament (k=2),Arithmetic,Uniform,0.40000,0.03378,000.00000763,000.05785852,000.05740356,000.28806058,000.23
Tournament (k=2),Arithmetic,Gaussian,0.66113,0.06226,000.00000000,000.00168390,000.00144958,000.10267177,000.29
Tournament (k=2),Arithmetic,Gaussian,0.97087,0.09637,000.00000763,000.00246911,000.00237465,000.18470971,000.33
Tournament (k=2),Arithmetic,Uniform,0.42436,0.08830,000.00006866,000.00531263,000.00400543,000.08222409,000.28
Tournament (k=2),Arithmetic,Gaussian,0.88849,0.05705,000.00000000,000.03243480,000.01861572,000.58559978,000.43
Tournament (k=2),Arithmetic,Gaussian,0.97087,0.03095,000.00003433,000.33652797,000.14154625,000.71263474,000.27
Tournament (k=2),Arithmetic,Gaussian,0.66113,0.16276,000.00281143,000.07731462,000.09366035,000.32086134,000.33
Tournament (k=2),Arithmetic,Gaussian,0.58741,0.13667,000.00040817,000.01972852,000.02315712,000.05833410,000.40
Tournament (k=2),Arithmetic,Gaussian,0.78941,0.05228,000.00000000,000.00658150,000.00404167,000.51256078,000.27
Tournament (k=2),Arithmetic,Gaussian,0.60503,0.08092,000.00000000,000.00051913,000.00033760,000.03282877,000.24
Tournament (k=2),Arithmetic,Uniform,0.42436,0.27490,000.52466583,002.06044626,002.36967850,000.99167037,000.29
Tournament (k=2),Arithmetic,Gaussian,0.86261,0.08830,000.00000000,000.00188456,000.00122452,000.15188585,000.24
Tournament (k=2),Arithmetic,Gaussian,0.86261,0.02837,000.00000763,000.28878346,000.13139534,000.73461145,000.24
Tournament (k=2),Arithmetic,Uniform,0.41200,0.06795,000.00008392,000.00711918,000.00672340,000.10607564,000.26
Tournament (k=2),Arithmetic,Gaussian,0.68096,0.10516,000.00007248,000.00305734,000.00226784,000.02285265,000.26
Tournament (k=2),Arithmetic,Uniform,0.41200,0.02000,000.00032425,000.22426757,000.20781326,000.50550461,000.25
Tournament (k=2),Arithmetic,Uniform,0.40000,0.03686,000.00001526,000.04557795,000.03212357,000.26313585,000.23
Tournament (k=2),Arithmetic,Gaussian,0.60503,0.25191,000.02329254,000.47312626,000.50123405,000.55023724,000.41
Tournament (k=2),Arithmetic,Gaussian,0.74410,0.16276,000.00453949,000.06729469,000.08278275,000.18977091,000.41
Tournament (k=2),Arithmetic,Gaussian,0.91514,0.09637,000.00000763,000.00204902,000.00159073,000.14744158,000.32
Tournament (k=2),Arithmetic,Uniform,0.42436,0.03095,000.00029755,000.05462975,000.03639793,000.29787350,000.22
Tournament (k=2),Arithmetic,Gaussian,0.81310,0.10516,000.00001526,000.00298934,000.00259781,000.11243936,000.28
Tournament (k=2),Arithmetic,Uniform,0.42436,0.09637,000.00007629,000.00975022,000.00988197,000.10371831,000.29
Tournament (k=2),Arithmetic,Gaussian,0.68096,0.25191,000.00862122,000.51899260,000.53227425,000.61963862,000.39
Tournament (k=2),Arithmetic,Uniform,0.41200,0.16276,000.00762939,000.64535397,000.87442589,000.71965277,000.31
Tournament (k=2),Arithmetic,Gaussian,0.83749,0.04791,000.00001526,000.04022727,000.01410103,000.53007096,000.23
Tournament (k=2),Arithmetic,Gaussian,0.76642,0.10516,000.00009918,000.00327225,000.00345802,000.03360693,000.30
Tournament (k=2),Arithmetic,Gaussian,0.97087,0.27490,000.03055573,000.60071337,000.77289009,000.68558073,000.43
Tournament (k=2),Arithmetic,Gaussian,0.88849,0.14915,000.00069427,000.03601880,000.04338264,000.21863280,000.37
Tournament (k=2),Arithmetic,Gaussian,0.91514,0.03686,000.00012207,000.24216104,000.09246635,000.71003342,000.19
Tournament (k=2),Arithmetic,Gaussian,0.74410,0.06795,000.00000000,000.00237875,000.00104332,000.30010715,000.24
Tournament (k=2),Arithmetic,Gaussian,0.60503,0.03378,000.00001526,000.00804601,000.00929260,000.19968657,000.24
Tournament (k=2),Arithmetic,Gaussian,0.68096,0.03378,000.00001526,000.00916858,000.00776291,000.19144520,000.18
Tournament (k=2),Arithmetic,Gaussian,0.72243,0.03095,000.00008774,000.02494664,000.01744843,000.37893102,000.24
Tournament (k=2),Arithmetic,Gaussian,0.81310,0.03095,000.00000381,000.21976738,000.05041122,000.64933842,000.20
Tournament (k=2),Arithmetic,Gaussian,0.58741,0.14915,000.00292587,000.04149046,000.04618454,000.24202804,000.47
Tournament (k=2),Arithmetic,Gaussian,0.78941,0.14915,000.00086975,000.03483100,000.03813934,000.21805415,000.32
Tournament (k=2),Arithmetic,Gaussian,0.76642,0.27490,000.01885986,000.67969584,000.95358467,000.65790689,000.49
Tournament (k=2),Arithmetic,Uniform,0.40000,0.11476,000.00038147,000.03642149,000.03484344,000.16802143,000.23
Tournament (k=2),Arithmetic,Gaussian,0.62318,0.16276,000.00209045,000.05519190,000.06030846,000.32743761,000.38
Tournament (k=2),Arithmetic,Gaussian,0.64187,0.02183,000.00001526,000.02978926,000.03111267,000.23275176,000.19
Tournament (k=2),Arithmetic,Gaussian,0.64187,0.23084,000.02051544,000.44657487,000.49206161,000.52932686,000.43
Tournament (k=2),Arithmetic,Gaussian,0.76642,0.04791,000.00000000,000.01843991,000.01263809,000.38440546,000.22
Tournament (k=2),Arithmetic,Gaussian,0.91514,0.04023,000.00009918,000.31164318,000.08297348,000.72902274,000.24
Tournament (k=2),Arithmetic,Gaussian,0.86261,0.25191,000.04634094,000.58672112,000.73561859,000.56424707,000.45
Tournament (k=2),Arithmetic,Gaussian,0.94259,0.17762,000.00319290,000.11516032,000.09591103,000.41337663,000.42
Tournament (k=2),Arithmetic,Uniform,0.43709,0.05228,000.00021744,000.01487584,000.01681519,000.12229592,000.28
Tournament (k=2),Arithmetic,Gaussian,0.83749,0.14915,000.00174713,000.03881235,000.03171539,000.28022799,000.42
Tournament (k=2),Arithmetic,Gaussian,0.94259,0.05705,000.00000000,000.11133194,000.02441597,000.57610178,000.29
Tournament (k=2),Arithmetic,Gaussian,1.00000,0.06226,000.00000000,000.02869477,000.00731659,000.66410530,000.23
Tournament (k=2),Arithmetic,Gaussian,0.66113,0.06795,000.00000381,000.00136547,000.00109673,000.18937118,000.24
Tournament (k=2),Arithmetic,Uniform,0.43709,0.16276,000.00131989,000.49262363,000.50074005,000.75363159,000.27
Tournament (k=2),Arithmetic,Gaussian,0.88849,0.06226,000.00000000,000.02640457,000.00770569,000.45580813,000.23
Tournament (k=2),Arithmetic,Gaussian,1.00000,0.17762,000.00143814,000.08882709,000.08484840,000.33111161,000.43
Tournament (k=2),Arithmetic,Gaussian,0.91514,0.27490,000.05081940,000.58097410,000.55556679,000.67791247,000.36
Tournament (k=2),Arithmetic,Gaussian,0.72243,0.11476,000.00010681,000.00507364,000.00521851,000.07170075,000.35
Tournament (k=2),Arithmetic,Gaussian,0.70139,0.17762,000.00360107,000.09427271,000.10140228,000.37799045,000.44
Tournament (k=2),Arithmetic,Gaussian,0.97087,0.10516,000.00007629,000.00636292,000.00533295,000.16282871,000.34
Tournament (k=2),Arithmetic,Uniform,0.40000,0.12524,000.00015259,000.08823814,000.10531998,000.38366577,000.32
Tournament (k=2),Arithmetic,Gaussian,0.97087,0.03378,000.00015640,000.27549633,000.10781097,000.73991537,000.24
Tournament (k=2),Arithmetic,Gaussian,0.72243,0.30000,000.03752518,000.73326159,001.02721786,000.68416238,000.49
Tournament (k=2),Arithmetic,Gaussian,0.60503,0.08830,000.00000000,000.00055022,000.00059891,000.00947871,000.25
Tournament (k=2),Arithmetic,Uniform,0.41200,0.02183,000.00001144,000.20886913,000.18738174,000.52609903,000.16
Tournament (k=2),Arithmetic,Gaussian,0.78941,0.05705,000.00000381,000.00499668,000.00199509,000.45148763,000.29
Tournament (k=2),Arithmetic,Uniform,0.42436,0.30000,000.33927917,001.95784640,002.24213409,001.07454085,000.30
Tournament (k=2),Arithmetic,Gaussian,0.86261,0.03095,000.00004959,000.16677050,000.04479218,000.76001805,000.25
Tournament (k=2),Arithmetic,Uniform,0.41200,0.07415,000.00002289,000.00525599,000.00418472,000.06167926,000.26
Tournament (k=2),Arithmetic,Gaussian,0.66113,0.17762,000.00455093,000.11377635,000.11586380,000.35610193,000.40
Tournament (k=2),Arithmetic,Uniform,0.40000,0.04023,000.00001526,000.02689190,000.02827454,000.19908060,000.24
Tournament (k=2),Arithmetic,Gaussian,1.00000,0.06795,000.00000000,000.05880513,000.02536774,000.62551206,000.31
Tournament (k=2),Arithmetic,Uniform,0.42436,0.03378,000.00004196,000.06035237,000.05200577,000.27200681,000.23
Tournament (k=2),Arithmetic,Gaussian,0.57030,0.25191,000.02598953,000.46367764,000.49211311,000.52687258,000.44
Tournament (k=2),Arithmetic,Gaussian,0.81310,0.11476,000.00030136,000.00496974,000.00534821,000.14940560,000.27
Tournament (k=2),Arithmetic,Gaussian,0.72243,0.12524,000.00003052,000.01192861,000.01040840,000.07843027,000.34
Tournament (k=2),Arithmetic,Gaussian,0.60503,0.27490,000.02427673,000.59055221,000.64145279,000.58946949,000.36
Tournament (k=2),Arithmetic,Uniform,0.42436,0.10516,000.00011444,000.02067184,000.01972961,000.22974250,000.29
Tournament (k=2),Arithmetic,Uniform,0.45020,0.03095,000.00015259,000.10473986,000.08845139,000.33555871,000.17
Tournament (k=2),Arithmetic,Gaussian,0.68096,0.03686,000.00001526,000.01441517,000.01565552,000.19411133,000.20
Tournament (k=2),Arithmetic,Gaussian,0.86261,0.27490,000.05315399,000.62209415,000.71031570,000.63860953,000.47
Tournament (k=2),Arithmetic,Gaussian,1.00000,0.19383,000.00413895,000.12468705,000.12552643,000.37774977,000.42
Tournament (k=2),Arithmetic,Gaussian,0.60503,0.09637,000.00000000,000.00134287,000.00094223,000.10590880,000.28
Tournament (k=2),Arithmetic,Gaussian,0.76642,0.11476,000.00029755,000.00708766,000.00461578,000.12257923,000.27
Tournament (k=2),Arithmetic,Gaussian,0.74410,0.07415,000.00000000,000.00131001,000.00052261,000.25691026,000.23
Tournament (k=2),Arithmetic,Uniform,0.41200,0.17762,000.07275391,000.87895840,001.16555405,000.66904235,000.33
Tournament (k=2),Arithmetic,Gaussian,0.72243,0.03378,000.00004959,000.01910381,000.01866531,000.28136551,000.24
Tournament (k=2),Arithmetic,Gaussian,0.81310,0.03378,000.00035095,000.11109070,000.03848076,000.65940797,000.24
Tournament (k=2),Arithmetic,Gaussian,0.68096,0.27490,000.04239655,000.65373570,000.85701561,000.62833196,000.46
Tournament (k=2),Arithmetic,Gaussian,0.64187,0.10516,000.00005341,000.00149002,000.00166702,000.04766331,000.32
Tournament (k=2),Arithmetic,Gaussian,0.88849,0.16276,000.00040817,000.06030831,000.06044006,000.34522381,000.41
Tournament (k=2),Arithmetic,Gaussian,0.91514,0.04390,000.00002289,000.22211233,000.04423904,000.68478417,000.20
Tournament (k=2),Arithmetic,Gaussian,0.78941,0.16276,000.00458908,000.08056784,000.09897995,000.27711180,000.31
Tournament (k=2),Arithmetic,Gaussian,0.97087,0.30000,000.03893280,000.75970584,001.03732300,000.73320758,000.46
Tournament (k=2),Arithmetic,Uniform,0.45020,0.09637,000.00006104,000.00913405,000.00908852,000.19899285,000.25
Tournament (k=2),Arithmetic,Uniform,0.42436,0.11476,000.00043488,000.03970027,000.04075623,000.27911407,000.29
Tournament (k=2),Arithmetic,Uniform,0.43709,0.05705,000.00000000,000.01517649,000.01804543,000.15015055,000.24
Tournament (k=2),Arithmetic,Gaussian,0.58741,0.16276,000.00102997,000.06121116,000.05753326,000.33472791,000.41
Tournament (k=2),Arithmetic,Gaussian,0.86261,0.09637,000.00000763,000.00210910,000.00176620,000.16631307,000.25
Tournament (k=2),Arithmetic,Gaussian,0.81310,0.25191,000.02067566,000.52544081,000.55550957,000.64054930,000.33
Tournament (k=2),Arithmetic,Gaussian,0.94259,0.19383,000.00659561,000.15596986,000.14686775,000.43213996,000.31
Tournament (k=2),Arithmetic,Gaussian,0.94259,0.06226,000.00000000,000.01819463,000.00883484,000.43013370,000.26
Tournament (k=2),Arithmetic,Gaussian,0.62318,0.17762,000.00406647,000.10742326,000.12374687,000.31762484,000.39
Tournament (k=2),Arithmetic,Gaussian,0.64187,0.25191,000.02451324,000.50043952,000.52010727,000.57593006,000.40
Tournament (k=2),Arithmetic,Gaussian,0.81310,0.03686,000.00001526,000.07085113,000.01802063,000.57765114,000.28
Tournament (k=2),Arithmetic,Gaussian,0.88849,0.06795,000.00000000,000.01179109,000.00481796,000.31451049,000.23
Tournament (k=2),Arithmetic,Gaussian,0.76642,0.30000,000.03520584,000.76698649,000.99839020,000.69627118,000.49
Tournament (k=2),Arithmetic,Gaussian,0.83749,0.16276,000.00194931,000.06462383,000.05931854,000.37515226,000.39
Tournament (k=2),Arithmetic,Gaussian,0.74410,0.02000,000.00037384,000.09037566,000.08133316,000.46737921,000.19
Tournament (k=2),Arithmetic,Uniform,0.41200,0.02382,000.00000381,000.19024548,000.14818001,000.47260481,000.17
Tournament (k=2),Arithmetic,Gaussian,0.91514,0.10516,000.00009155,000.00256605,000.00290871,000.11240258,000.26
Tournament (k=2),Arithmetic,Gaussian,0.97087,0.03686,000.00025940,000.26791945,000.04411888,000.79133809,000.24
Tournament (k=2),Arithmetic,Uniform,0.43709,0.17762,000.04673004,000.77259386,001.10768890,000.83608675,000.35
Tournament (k=2),Arithmetic,Uniform,0.43709,0.02000,000.00022125,000.30913973,000.30711746,000.55827063,000.18
Tournament (k=2),Arithmetic,Gaussian,0.83749,0.05228,000.00000381,000.01218371,000.00454140,000.44263101,000.28
Tournament (k=2),Arithmetic,Gaussian,0.91514,0.30000,000.02876282,000.71222746,001.01719093,000.62185627,000.37
Tournament (k=2),Arithmetic,Uniform,0.42436,0.12524,000.00138092,000.09203706,000.07733154,000.43219167,000.33
Tournament (k=2),Arithmetic,Gaussian,0.97087,0.11476,000.00016785,000.00492182,000.00536728,000.13312608,000.34
Tournament (k=2),Arithmetic,Gaussian,0.78941,0.06226,000.00000000,000.00575881,000.00427437,000.31218669,000.28
Tournament (k=2),Arithmetic,Gaussian,0.74410,0.17762,000.00312424,000.11796059,000.10736275,000.37623170,000.40
Tournament (k=2),Arithmetic,Uniform,0.41200,0.08092,000.00003815,000.00623508,000.00488663,000.10647595,000.26
Tournament (k=2),Arithmetic,Gaussian,0.74410,0.02183,000.00014496,000.07269768,000.05277252,000.55107212,000.20
Tournament (k=2),Arithmetic,Uniform,0.40000,0.04390,000.00003052,000.02582393,000.02727127,000.17001551,000.24
Tournament (k=2),Arithmetic,Gaussian,0.70139,0.19383,000.00867462,000.17591897,000.14810753,000.49440041,000.42
Tournament (k=2),Arithmetic,Uniform,0.41200,0.02599,000.00078964,000.17493162,000.13920212,000.47421214,000.18
Tournament (k=2),Arithmetic,Gaussian,0.68096,0.30000,000.03983307,000.68833768,000.79983330,000.55767500,000.53
Tournament (k=2),Arithmetic,Gaussian,0.64187,0.02382,000.00002289,000.02556510,000.02282143,000.18746635,000.19
Tournament (k=2),Arithmetic,Gaussian,1.00000,0.07415,000.00000000,000.01390800,000.00109100,000.45490226,000.29
Tournament (k=2),Arithmetic,Gaussian,0.66113,0.19383,000.00942230,000.14985505,000.17329597,000.46408695,000.38
Tournament (k=2),Arithmetic,Gaussian,0.68096,0.04023,000.00001526,000.00838556,000.00847244,000.23746929,000.21
Tournament (k=2),Arithmetic,Uniform,0.45020,0.03378,000.00029755,000.06246576,000.06395340,000.27925816,000.21
Tournament (k=2),Arithmetic,Gaussian,0.62318,0.19383,000.01000214,000.15278764,000.15018845,000.43760145,000.41
Tournament (k=2),Arithmetic,Gaussian,0.81310,0.12524,000.00022888,000.00911808,000.00884056,000.15959220,000.29
Tournament (k=2),Arithmetic,Gaussian,0.60503,0.10516,000.00002289,000.00259089,000.00262451,000.03976594,000.26
Tournament (k=2),Arithmetic,Gaussian,0.72243,0.13667,000.00038147,000.01838331,000.02092743,000.18075828,000.37
Tournament (k=2),Arithmetic,Gaussian,0.83749,0.17762,000.00536728,000.12473182,000.11853981,000.39059445,000.45
Tournament (k=2),Arithmetic,Gaussian,0.76642,0.12524,000.00020599,000.01205602,000.01034737,000.19225870,000.30
Tournament (k=2),Arithmetic,Gaussian,0.72243,0.03686,000.00008392,000.01229458,000.01013184,000.33347955,000.25
Tournament (k=2),Arithmetic,Gaussian,0.68096,0.11476,000.00000763,000.00557251,000.00577545,000.10779718,000.27
Tournament (k=2),Arithmetic,Gaussian,0.91514,0.04791,000.00003433,000.28243893,000.07598305,000.68386930,000.22
Tournament (k=2),Arithmetic,Gaussian,0.64187,0.11476,000.00014877,000.00595579,000.00729942,000.04953346,000.28
Tournament (k=2),Arithmetic,Gaussian,0.60503,0.30000,000.01388550,000.60496497,000.63777351,000.62738371,000.44
Tournament (k=2),Arithmetic,Uniform,0.43709,0.06226,000.00000763,000.00644250,000.00577354,000.06247203,000.20
Tournament (k=2),Arithmetic,Uniform,0.45020,0.30000,000.34548950,002.28213549,002.52546310,000.88451660,000.30
Tournament (k=2),Arithmetic,Gaussian,1.00000,0.02000,000.00021744,000.40464211,000.26116562,000.73090613,000.22
Tournament (k=2),Arithmetic,Uniform,0.41200,0.19383,000.04093552,000.98185313,001.20993805,000.80289584,000.33
Tournament (k=2),Arithmetic,Gaussian,1.00000,0.21153,000.01480865,000.33530408,000.30407143,000.54619366,000.41
Tournament (k=2),Arithmetic,Gaussian,0.86261,0.30000,000.07527924,000.79979342,001.03385544,000.55400240,000.45
Tournament (k=2),Arithmetic,Uniform,0.45020,0.10516,000.00054169,000.02703276,000.02674484,000.24730301,000.30
Tournament (k=2),Arithmetic,Gaussian,0.78941,0.17762,000.00360870,000.11490488,000.11796951,000.34443313,000.32
Tournament (k=2),Arithmetic,Uniform,0.40000,0.13667,000.00394821,000.22616681,000.20191193,000.53392559,000.31
Tournament (k=2),Arithmetic,Uniform,0.46371,0.05705,000.00006104,000.01016946,000.00900650,000.12551732,000.25
Tournament (k=2),Arithmetic,Gaussian,0.88849,0.17762,000.00591278,000.10189609,000.09579277,000.35427716,000.42
Tournament (k=2),Arithmetic,Gaussian,0.86261,0.03378,000.00000763,000.25325140,000.07850075,000.61197156,000.20
Tournament (k=2),Arithmetic,Gaussian,0.78941,0.02000,000.00240326,000.30640197,000.19267464,000.54096860,000.19
Tournament (k=2),Arithmetic,Uniform,0.43709,0.02183,000.00002289,000.23661026,000.25897980,000.47873408,000.17
Tournament (k=2),Arithmetic,Gaussian,0.94259,0.06795,000.00000000,000.01889214,000.00470734,000.40098214,000.29
Tournament (k=2),Arithmetic,Gaussian,0.81310,0.04023,000.00002670,000.08969001,000.03802109,000.57902920,000.25
Tournament (k=2),Arithmetic,Uniform,0.42436,0.03686,000.00000381,000.05590334,000.05397415,000.23930243,000.23
Tournament (k=2),Arithmetic,Gaussian,0.74410,0.19383,000.00778198,000.15142341,000.16554642,000.47993368,000.59
Tournament (k=2),Arithmetic,Gaussian,0.88849,0.07415,000.00000000,000.01097574,000.00204468,000.35722262,000.29
Tournament (k=2),Arithmetic,Gaussian,0.58741,0.17762,000.00470734,000.09591518,000.10953903,000.30824277,000.49
Tournament (k=2),Arithmetic,Gaussian,0.94259,0.02000,000.00172424,000.42049408,000.27696800,000.76087546,000.23
Tournament (k=2),Arithmetic,Uniform,0.43709,0.19383,000.06501007,001.12719560,001.35820961,000.91310614,000.28
Tournament (k=2),Arithmetic,Gaussian,0.91514,0.11476,000.00010681,000.00535583,000.00505257,000.03327982,000.34
Tournament (k=2),Arithmetic,Gaussian,0.74410,0.02382,000.00018311,000.04350185,000.04665565,000.39620790,000.18
Tournament (k=2),Arithmetic,Uniform,0.41200,0.02837,000.00011063,000.13079281,000.10971832,000.39628464,000.17
Tournament (k=2),Arithmetic,Gaussian,0.74410,0.08092,000.00000000,000.00171094,000.00107002,000.11703623,000.24
Tournament (k=2),Arithmetic,Uniform,0.43709,0.02382,000.00004196,000.16518536,000.14948463,000.45381331,000.17
Tournament (k=2),Arithmetic,Uniform,0.40000,0.04791,000.00003815,000.02333960,000.02299500,000.15004647,000.22
Tournament (k=2),Arithmetic,Uniform,0.47762,0.03378,000.00041580,000.06816979,000.06044197,000.35127148,000.18
Tournament (k=2),Arithmetic,Uniform,0.45020,0.03686,000.00000381,000.05670705,000.05964661,000.26114157,000.18
Tournament (k=2),Arithmetic,Gaussian,0.78941,0.06795,000.00000000,000.00564747,000.00211906,000.39778456,000.29
Tournament (k=2),Arithmetic,Uniform,0.45020,0.11476,000.00099945,000.04158301,000.03508186,000.30933154,000.38
Tournament (k=2),Arithmetic,Gaussian,0.64187,0.02599,000.00026703,000.01783285,000.01688766,000.18102992,000.25
Tournament (k=2),Arithmetic,Gaussian,0.57030,0.27490,000.04180145,000.62659967,000.78780556,000.62003094,000.43
Tournament (k=2),Arithmetic,Uniform,0.46371,0.17762,000.00709534,000.94388103,001.22706223,000.74734980,000.64
Tournament (k=2),Arithmetic,Gaussian,1.00000,0.08092,000.00000763,000.00873318,000.00193787,000.20505567,000.30
Tournament (k=2),Arithmetic,Gaussian,0.97087,0.12524,000.00099945,000.01497960,000.01502609,000.13123737,000.42
Tournament (k=2),Arithmetic,Gaussian,0.64187,0.27490,000.02290344,000.64424813,000.74754906,000.63550574,000.59
Tournament (k=2),Arithmetic,Gaussian,0.94259,0.07415,000.00000000,000.01289406,000.00175095,000.42472520,000.35
Tournament (k=2),Arithmetic,Gaussian,0.66113,0.21153,000.01076126,000.18855004,000.22586823,000.40743408,000.34
Tournament (k=2),Arithmetic,Uniform,0.40000,0.14915,000.01738739,000.44107920,000.38228798,000.56456167,000.45
Tournament (k=2),Arithmetic,Gaussian,0.81310,0.13667,000.00128555,000.01561098,000.01506805,000.19019774,000.29
Tournament (k=2),Arithmetic,Gaussian,0.86261,0.10516,000.00009155,000.00348730,000.00308800,000.13551021,000.26
Tournament (k=2),Arithmetic,Gaussian,0.91514,0.05228,000.00000000,000.04350724,000.02586937,000.57910275,000.23
Tournament (k=2),Arithmetic,Gaussian,0.62318,0.02000,000.00029373,000.02940979,000.03280258,000.29546961,000.18
Tournament (k=2),Arithmetic,Gaussian,0.70139,0.21153,000.00191116,000.28349099,000.26627731,000.47605094,000.46
Tournament (k=2),Arithmetic,Gaussian,0.83749,0.19383,000.00141144,000.15528317,000.13312912,000.49826121,000.76
Tournament (k=2),Arithmetic,Gaussian,0.76642,0.13667,000.00059509,000.02019844,000.02153778,000.14021461,000.28
Tournament (k=2),Arithmetic,Gaussian,0.72243,0.04023,000.00001526,000.01047554,000.01125526,000.23141436,000.27
Tournament (k=2),Arithmetic,Gaussian,0.68096,0.12524,000.00005341,000.01349874,000.01422882,000.15354182,000.28
Tournament (k=2),Arithmetic,Gaussian,0.88849,0.19383,000.00713730,000.15255561,000.15378380,000.40265188,000.55
Tournament (k=2),Arithmetic,Gaussian,0.81310,0.27490,000.01994705,000.59567887,000.70004654,000.62994039,000.34
Tournament (k=2),Arithmetic,Uniform,0.47762,0.10516,000.00025558,000.02381649,000.02570343,000.13924076,000.29
Tournament (k=2),Arithmetic,Uniform,0.46371,0.02000,000.00029755,000.28852591,000.29450798,000.52368641,000.22
Tournament (k=2),Arithmetic,Uniform,0.49195,0.02000,000.00014114,000.27602786,000.26475525,000.57455671,000.18
Tournament (k=2),Arithmetic,Gaussian,0.97087,0.04023,000.00001144,000.24022909,000.04874229,000.66546196,000.27
Tournament (k=2),Arithmetic,Uniform,0.46371,0.06226,000.00007629,000.00805111,000.00667381,000.08323274,000.20
Tournament (k=2),Arithmetic,Gaussian,0.88849,0.02000,000.00006104,000.32617426,000.18770409,000.76873791,000.23
Tournament (k=2),Arithmetic,Gaussian,0.78941,0.02183,000.00102997,000.08188343,000.06167984,000.56692469,000.19
Tournament (k=2),Arithmetic,Gaussian,0.64187,0.02837,000.00011444,000.01452584,000.01320648,000.23283556,000.33
Tournament (k=2),Arithmetic,Gaussian,0.91514,0.05705,000.00000000,000.05392771,000.02103043,000.56589991,000.25
Tournament (k=2),Arithmetic,Gaussian,0.83749,0.05705,000.00000000,000.03163261,000.01002502,000.42309517,000.27
Tournament (k=2),Arithmetic,Uniform,0.41200,0.21153,000.10675812,001.17511868,001.33100510,000.96021485,000.33
Tournament (k=2),Arithmetic,Gaussian,0.97087,0.13667,000.00182343,000.03079891,000.02813530,000.23937783,000.34
Tournament (k=2),Arithmetic,Gaussian,1.00000,0.23084,000.01166153,000.38935524,000.35035324,000.58714122,000.94
Tournament (k=2),Arithmetic,Gaussian,0.86261,0.03686,000.00001907,000.19674024,000.03927994,000.72337544,000.27
Tournament (k=2),Arithmetic,Uniform,0.41200,0.08830,000.00002670,000.00538802,000.00515938,000.06172564,000.27
Tournament (k=2),Arithmetic,Gaussian,0.81310,0.04390,000.00000763,000.03651853,000.02128601,000.45989341,000.26
Tournament (k=2),Arithmetic,Uniform,0.42436,0.04023,000.00004578,000.04846110,000.05810356,000.22881810,000.23
Tournament (k=2),Arithmetic,Uniform,0.46371,0.02183,000.00049210,000.15788031,000.13676453,000.47446606,000.20
Tournament (k=2),Arithmetic,Gaussian,0.88849,0.08092,000.00000000,000.00281191,000.00119591,000.29830974,000.64
Tournament (k=2),Arithmetic,Gaussian,0.70139,0.02000,000.00009155,000.05374012,000.05019760,000.46128687,000.23
Tournament (k=2),Arithmetic,Gaussian,0.94259,0.02183,000.00029755,000.40166292,000.30023766,000.75361902,000.19
Tournament (k=2),Arithmetic,Gaussian,0.94259,0.21153,000.01596832,000.18821916,000.17780304,000.48047289,000.61
Tournament (k=2),Arithmetic,Gaussian,0.78941,0.19383,000.02453613,000.19279008,000.17910767,000.44248110,000.42
Tournament (k=2),Arithmetic,Uniform,0.49195,0.06226,000.00004959,000.00613770,000.00628090,000.15119338,000.27
Tournament (k=2),Arithmetic,Uniform,0.49195,0.19383,000.05051804,001.03125691,001.23423767,000.79698461,000.29
Tournament (k=2),Arithmetic,Uniform,0.41200,0.03095,000.00001526,000.09138408,000.11636543,000.36309987,000.19
Tournament (k=2),Arithmetic,Uniform,0.43709,0.02599,000.00093460,000.13894410,000.12795258,000.41467983,000.17
Tournament (k=2),Arithmetic,Uniform,0.50670,0.03686,000.00000763,000.04456687,000.04959869,000.19539449,000.23
Tournament (k=2),Arithmetic,Uniform,0.43709,0.21153,000.08090210,001.13056362,001.30957985,000.88098693,000.28
Tournament (k=2),Arithmetic,Uniform,0.47762,0.11476,000.00001526,000.06265207,000.05650139,000.30162534,000.37
Tournament (k=2),Arithmetic,Uniform,0.47762,0.03686,000.00000381,000.03295641,000.03206444,000.20037296,000.19
Tournament (k=2),Arithmetic,Uniform,0.45020,0.04023,000.00010300,000.05343771,000.05099678,000.29595903,000.19
Tournament (k=2),Arithmetic,Gaussian,0.91514,0.06226,000.00000000,000.06004858,000.01814842,000.49451250,000.29
Tournament (k=2),Arithmetic,Gaussian,0.81310,0.30000,000.05986786,000.80837786,001.08960724,000.65905529,000.46
Tournament (k=2),Arithmetic,Uniform,0.46371,0.02382,000.00016785,000.18780923,000.17357445,000.48978257,000.21
Tournament (k=2),Arithmetic,Uniform,0.40000,0.05228,000.00001526,000.01198478,000.01045799,000.10995797,000.26
Tournament (k=2),Arithmetic,Gaussian,0.91514,0.12524,000.00045013,000.01096249,000.01256180,000.07293063,000.34
Tournament (k=2),Arithmetic,Gaussian,0.94259,0.02382,000.00023270,000.41467327,000.41686058,000.76768994,000.25
Tournament (k=2),Arithmetic,Uniform,0.45020,0.12524,000.00276184,000.13250323,000.13084412,000.44561476,000.29
Tournament (k=2),Arithmetic,Uniform,0.43709,0.02837,000.00045776,000.14020744,000.13322639,000.38396734,000.18
Tournament (k=2),Arithmetic,Uniform,0.46371,0.19383,000.05594635,000.91972983,001.20129013,000.84653431,000.33
Tournament (k=2),Arithmetic,Uniform,0.50670,0.11476,000.00177002,000.05205192,000.05593491,000.24365146,000.26
Tournament (k=2),Arithmetic,Uniform,0.50670,0.04023,000.00000000,000.03470793,000.03513145,000.26772133,000.23
Tournament (k=2),Arithmetic,Gaussian,0.94259,0.08092,000.00000000,000.00321584,000.00098801,000.32188722,000.31
Tournament (k=2),Arithmetic,Uniform,0.52190,0.02183,000.00002289,000.28890920,000.25303650,000.52093571,000.17
Tournament (k=2),Arithmetic,Gaussian,0.86261,0.11476,000.00018311,000.00662766,000.00668335,000.02836307,000.28
Tournament (k=2),Arithmetic,Uniform,0.49195,0.02183,000.00076675,000.34155887,000.32852936,000.48482510,000.17
Tournament (k=2),Arithmetic,Gaussian,0.81310,0.14915,000.00273132,000.04082479,000.04176712,000.27870649,000.29
Tournament (k=2),Arithmetic,Uniform,0.42436,0.13667,000.00718689,000.23350096,000.19672775,000.53126097,000.30
Tournament (k=2),Arithmetic,Gaussian,0.72243,0.04390,000.00000763,000.00471373,000.00398827,000.21605146,000.27
Tournament (k=2),Arithmetic,Gaussian,0.57030,0.30000,000.03261948,000.69732559,000.91762733,000.62130082,000.49
Tournament (k=2),Arithmetic,Gaussian,0.94259,0.23084,000.03696442,000.40645862,000.41608238,000.59117174,000.46
Tournament (k=2),Arithmetic,Gaussian,0.76642,0.14915,000.00082397,000.03180604,000.03004074,000.26701558,000.29
Tournament (k=2),Arithmetic,Gaussian,0.94259,0.02599,000.00009918,000.37054643,000.22874069,000.71446675,000.22
Tournament (k=2),Arithmetic,Gaussian,0.64187,0.30000,000.01211929,000.70701593,000.92727661,000.74304193,000.44
Tournament (k=2),Arithmetic,Uniform,0.43709,0.03095,000.00016785,000.09831576,000.09720230,000.34686261,000.22
Tournament (k=2),Arithmetic,Gaussian,0.78941,0.21153,000.01053619,000.23860845,000.25401306,000.50526738,000.47
Tournament (k=2),Arithmetic,Uniform,0.46371,0.06795,000.00001907,000.00732498,000.00687408,000.10746916,000.21
Tournament (k=2),Arithmetic,Gaussian,0.88849,0.02183,000.00170135,000.38446218,000.26483727,000.61631852,000.19
Tournament (k=2),Arithmetic,Gaussian,0.97087,0.04390,000.00000763,000.33481470,000.14257240,000.71356368,000.27
Tournament (k=2),Arithmetic,Gaussian,0.83749,0.21153,000.01134491,000.29679030,000.30958176,000.46198228,000.43
Tournament (k=2),Arithmetic,Gaussian,0.78941,0.02382,000.00032806,000.12952653,000.05098724,000.54652935,000.22
Tournament (k=2),Arithmetic,Gaussian,0.74410,0.02599,000.00076675,000.08128715,000.04423523,000.50006306,000.19
Tournament (k=2),Arithmetic,Gaussian,0.64187,0.03095,000.00001526,000.01377125,000.01316452,000.23341016,000.26
Tournament (k=2),Arithmetic,Gaussian,0.70139,0.23084,000.04045868,000.36206311,000.36504173,000.55811048,000.50
Tournament (k=2),Arithmetic,Gaussian,0.88849,0.21153,000.01649475,000.18754292,000.16802979,000.43611085,000.47
Tournament (k=2),Arithmetic,Uniform,0.41200,0.09637,000.00009537,000.01251531,000.01366806,000.11501234,000.24
Tournament (k=2),Arithmetic,Gaussian,0.83749,0.06226,000.00000763,000.02522564,000.00691795,000.42317215,000.29
Tournament (k=2),Arithmetic,Gaussian,0.86261,0.04023,000.00001907,000.23115277,000.05937576,000.57747537,000.26
Tournament (k=2),Arithmetic,Gaussian,0.81310,0.04791,000.00008774,000.03212695,000.00905228,000.48249510,000.24
Tournament (k=2),Arithmetic,Gaussian,0.70139,0.02183,000.00009155,000.04109073,000.04372025,000.32074657,000.18
Tournament (k=2),Arithmetic,Gaussian,0.94259,0.02837,000.00045395,000.29724556,000.08782387,000.85126936,000.26
Tournament (k=2),Arithmetic,Uniform,0.42436,0.04390,000.00019836,000.02403393,000.02334404,000.18983352,000.22
Tournament (k=2),Arithmetic,Gaussian,0.78941,0.07415,000.00000000,000.00213752,000.00110817,000.20763950,000.24
Tournament (k=2),Arithmetic,Uniform,0.43709,0.06795,000.00000381,000.00707421,000.00753212,000.04679270,000.20
Tournament (k=2),Arithmetic,Uniform,0.41200,0.23084,000.05513763,001.43233621,001.68647575,001.01295352,000.33
Tournament (k=2),Arithmetic,Gaussian,1.00000,0.25191,000.01931000,000.47230902,000.43035698,000.65975863,000.34
Tournament (k=2),Arithmetic,Uniform,0.52190,0.06795,000.00001907,000.00665870,000.00670815,000.14024633,000.26
Tournament (k=2),Arithmetic,Uniform,0.41200,0.03378,000.00003815,000.09928942,000.08375549,000.32154289,000.17
Tournament (k=2),Arithmetic,Gaussian,0.97087,0.14915,000.00096893,000.03841357,000.03952408,000.29839897,000.37
Tournament (k=2),Arithmetic,Gaussian,0.88849,0.08830,000.00000763,000.00123672,000.00092506,000.21296586,000.30
Tournament (k=2),Arithmetic,Gaussian,1.00000,0.02183,000.00055313,000.36216158,000.24191093,000.79342955,000.21
Tournament (k=2),Arithmetic,Uniform,0.49195,0.06795,000.00002289,000.00735350,000.00643539,000.20477173,000.23
Tournament (k=2),Arithmetic,Gaussian,1.00000,0.08830,000.00003052,000.00151739,000.00136185,000.16903085,000.30
Tournament (k=2),Arithmetic,Uniform,0.47762,0.04023,000.00000763,000.04249983,000.03786850,000.23120487,000.18
Tournament (k=2),Arithmetic,Uniform,0.45020,0.04390,000.00014114,000.02752185,000.02277374,000.16985340,000.18
Tournament (k=2),Arithmetic,Uniform,0.49195,0.21153,000.04069519,001.37097251,001.60444832,000.83148217,000.32
Tournament (k=2),Arithmetic,Uniform,0.46371,0.02599,000.00052643,000.11816435,000.11105347,000.37285385,000.20
Tournament (k=2),Arithmetic,Uniform,0.40000,0.05705,000.00019073,000.01738758,000.01797104,000.11932951,000.22
Tournament (k=2),Arithmetic,Uniform,0.43709,0.23084,000.06512070,001.51752055,001.85696220,000.89320695,000.28
Tournament (k=2),Arithmetic,Uniform,0.40000,0.16276,000.04319382,000.58077794,000.70032501,000.66551435,000.29
Tournament (k=2),Arithmetic,Uniform,0.47762,0.12524,000.00192261,000.15432024,000.11082649,000.47179216,000.29
Tournament (k=2),Arithmetic,Uniform,0.41200,0.03686,000.00001907,000.05850978,000.04459381,000.22827621,000.21
Tournament (k=2),Arithmetic,Uniform,0.43709,0.07415,000.00000381,000.00710578,000.00760078,000.08656486,000.26
Tournament (k=2),Arithmetic,Gaussian,0.94259,0.03095,000.00001144,000.41003257,000.41617584,000.69840258,000.30
Tournament (k=2),Arithmetic,Uniform,0.52190,0.21153,000.01979446,001.24111688,001.60987473,000.91160476,000.31
Tournament (k=2),Arithmetic,Gaussian,0.91514,0.13667,000.00019455,000.02672887,000.02737808,000.23250297,000.28
Tournament (k=2),Arithmetic,Uniform,0.50670,0.04390,000.00005722,000.01639175,000.01873398,000.13960341,000.23
Tournament (k=2),Arithmetic,Uniform,0.52190,0.07415,000.00000000,000.00298395,000.00307083,000.04550889,000.28
Tournament (k=2),Arithmetic,Uniform,0.50670,0.12524,000.00259399,000.17528801,000.15757942,000.51681203,000.25
Tournament (k=2),Arithmetic,Uniform,0.49195,0.02382,000.00012207,000.16043329,000.17565918,000.50484222,000.17
Tournament (k=2),Arithmetic,Uniform,0.52190,0.02382,000.00003815,000.21043977,000.19017601,000.54157609,000.21
Tournament (k=2),Arithmetic,Uniform,0.41200,0.25191,000.17189026,001.72205698,002.07086754,000.90883702,000.40
Tournament (k=2),Arithmetic,Gaussian,0.97087,0.16276,000.00271606,000.07613416,000.08221436,000.36210150,000.37
Tournament (k=2),Arithmetic,Gaussian,0.94259,0.08830,000.00001144,000.00175018,000.00104332,000.19119516,000.28
Tournament (k=2),Arithmetic,Uniform,0.53756,0.04023,000.00001144,000.03141785,000.03603554,000.22662236,000.18
Tournament (k=2),Arithmetic,Gaussian,0.86261,0.12524,000.00049591,000.01411271,000.01409721,000.15420012,000.27
Tournament (k=2),Arithmetic,Gaussian,0.88849,0.09637,000.00004196,000.00214624,000.00179291,000.19590525,000.37
Tournament (k=2),Arithmetic,Uniform,0.43709,0.03378,000.00002670,000.08216725,000.07337570,000.37738186,000.18
Tournament (k=2),Arithmetic,Gaussian,1.00000,0.27490,000.02371216,000.56270349,000.60669136,000.58750284,000.44
Tournament (k=2),Arithmetic,Uniform,0.46371,0.07415,000.00003815,000.00717382,000.00665474,000.05270481,000.20
Tournament (k=2),Arithmetic,Gaussian,0.66113,0.02000,000.00007629,000.03771639,000.03136635,000.34251982,000.21
Tournament (k=2),Arithmetic,Uniform,0.42436,0.14915,000.00913620,000.36036977,000.33736610,000.61307967,000.31
Tournament (k=2),Arithmetic,Gaussian,0.88849,0.02382,000.00025177,000.24407157,000.09222412,000.76746297,000.22
Tournament (k=2),Arithmetic,Gaussian,0.81310,0.16276,000.00028992,000.06020532,000.06934738,000.32110938,000.37
Tournament (k=2),Arithmetic,Uniform,0.53756,0.12524,000.00228500,000.17364164,000.16620255,000.50311077,000.26
Tournament (k=2),Arithmetic,Gaussian,0.78941,0.02599,000.00014496,000.13656206,000.08426285,000.58474010,000.21
Tournament (k=2),Arithmetic,Gaussian,0.97087,0.04791,000.00000000,000.25955826,000.07283020,000.61111134,000.26
Tournament (k=2),Arithmetic,Uniform,0.55369,0.02382,000.00035858,000.18988720,000.16871452,000.49714532,000.18
Tournament (k=2),Arithmetic,Uniform,0.47762,0.13667,000.00156784,000.28025427,000.24112511,000.57363784,000.37
Tournament (k=2),Arithmetic,Uniform,0.43709,0.03686,000.00001526,000.04716110,000.04918861,000.23659587,000.17
Tournament (k=2),Arithmetic,Gaussian,0.94259,0.25191,000.00727463,000.53508848,000.64518356,000.54885387,000.37
Tournament (k=2),Arithmetic,Uniform,0.55369,0.07415,000.00001907,000.00314231,000.00249100,000.03241992,000.23
Tournament (k=2),Arithmetic,Uniform,0.41200,0.10516,000.00011826,000.01740308,000.02026558,000.18683842,000.22
Tournament (k=2),Arithmetic,Gaussian,0.64187,0.03378,000.00000000,000.00883932,000.00652695,000.18004832,000.24
Tournament (k=2),Arithmetic,Uniform,0.53756,0.04390,000.00000381,000.01711917,000.01857376,000.21352535,000.23
Tournament (k=2),Arithmetic,Gaussian,0.78941,0.23084,000.01686096,000.38880301,000.35708237,000.52154726,000.40
Tournament (k=2),Arithmetic,Gaussian,0.83749,0.02000,000.00007248,000.24725156,000.13475037,000.60337657,000.21
Tournament (k=2),Arithmetic,Uniform,0.46371,0.08092,000.00002670,000.00321689,000.00270462,000.10036815,000.24
Tournament (k=2),Arithmetic,Gaussian,0.83749,0.06795,000.00000000,000.00664101,000.00143242,000.29540589,000.28
Tournament (k=2),Arithmetic,Gaussian,0.81310,0.05228,000.00000763,000.01415982,000.00826263,000.44543952,000.25
Tournament (k=2),Arithmetic,Gaussian,0.83749,0.23084,000.01792908,000.38355508,000.38784409,000.51691210,000.40
Tournament (k=2),Arithmetic,Gaussian,0.66113,0.02183,000.00008392,000.03228755,000.03062820,000.37881985,000.22
Tournament (k=2),Arithmetic,Uniform,0.45020,0.13667,000.00564575,000.16049314,000.14261436,000.47218639,000.25
Tournament (k=2),Arithmetic,Gaussian,0.78941,0.08092,000.00000763,000.00169044,000.00079346,000.23120539,000.28
Tournament (k=2),Arithmetic,Uniform,0.47762,0.04390,000.00011444,000.02998009,000.03380585,000.27170351,000.18
Tournament (k=2),Arithmetic,Gaussian,1.00000,0.02382,000.00000000,000.40038633,000.36419678,000.79136485,000.22
Tournament (k=2),Arithmetic,Uniform,0.46371,0.02837,000.00000000,000.18072467,000.19672775,000.39364037,000.17
Tournament (k=2),Arithmetic,Uniform,0.45020,0.04791,000.00001526,000.03387265,000.02784729,000.19634591,000.18
Tournament (k=2),Arithmetic,Uniform,0.49195,0.07415,000.00007248,000.00474906,000.00452232,000.10812356,000.24
Tournament (k=2),Arithmetic,Uniform,0.46371,0.21153,000.00915146,001.28066742,001.48660469,000.91134501,000.33
Tournament (k=2),Arithmetic,Uniform,0.41200,0.04023,000.00001907,000.03844457,000.04469490,000.18476939,000.18
Tournament (k=2),Arithmetic,Gaussian,0.83749,0.02183,000.00018311,000.34538794,000.28891373,000.65287900,000.20
Tournament (k=2),Arithmetic,Gaussian,1.00000,0.09637,000.00001144,000.00191312,000.00099754,000.18438111,000.29
Tournament (k=2),Arithmetic,Uniform,0.53756,0.04791,000.00002670,000.02188411,000.01981354,000.16249329,000.27
Tournament (k=2),Arithmetic,Gaussian,0.74410,0.21153,000.00845718,000.30109954,000.26531792,000.47989175,000.40
Tournament (k=2),Arithmetic,Uniform,0.43709,0.25191,000.02085495,001.65748751,001.99243546,001.03676867,000.27
Tournament (k=2),Arithmetic,Uniform,0.43709,0.08092,000.00003815,000.00489941,000.00391769,000.10114001,000.23
Tournament (k=2),Arithmetic,Uniform,0.49195,0.23084,000.17121887,001.51148295,001.72028351,000.94261873,000.31
Tournament (k=2),Arithmetic,Gaussian,1.00000,0.30000,000.01904678,000.83733100,001.11761475,000.70996612,000.48
Tournament (k=2),Arithmetic,Uniform,0.57030,0.04390,000.00000381,000.01963696,000.01695824,000.19301605,000.22
Tournament (k=2),Arithmetic,Uniform,0.49195,0.02599,000.00029373,000.14338112,000.15118980,000.39195171,000.16
Tournament (k=2),Arithmetic,Uniform,0.52190,0.02599,000.00002289,000.16039571,000.13777924,000.42017734,000.17
Tournament (k=2),Arithmetic,Uniform,0.50670,0.04791,000.00006104,000.01601057,000.01617050,000.17410654,000.18
Tournament (k=2),Arithmetic,Uniform,0.52190,0.08092,000.00000763,000.00367842,000.00353622,000.10767481,000.20
Tournament (k=2),Arithmetic,Uniform,0.55369,0.23084,000.13784409,001.51914859,001.71929932,000.85861170,000.31
Tournament (k=2),Arithmetic,Gaussian,0.91514,0.14915,000.00184250,000.03723812,000.03824043,000.28930598,000.31
Tournament (k=2),Arithmetic,Uniform,0.50670,0.13667,000.00737000,000.26790470,000.21175194,000.51455736,000.28
Tournament (k=2),Arithmetic,Uniform,0.41200,0.27490,000.15111542,001.86048579,002.10074234,001.03630161,000.27
Tournament (k=2),Arithmetic,Gaussian,0.70139,0.02382,000.00009918,000.05235906,000.04181290,000.42224300,000.17
Tournament (k=2),Arithmetic,Uniform,0.40000,0.02000,000.00401306,000.25423494,000.24547005,000.45864588,000.19
Tournament (k=2),Arithmetic,Gaussian,0.86261,0.04390,000.00004578,000.19507699,000.05022430,000.69328290,000.22
Tournament (k=2),Arithmetic,Gaussian,0.83749,0.25191,000.02789688,000.61046004,000.71790504,000.67939293,000.44
Tournament (k=2),Arithmetic,Uniform,0.52190,0.02837,000.00032043,000.10640011,000.09052849,000.40734601,000.17
Tournament (k=2),Arithmetic,Gaussian,0.88849,0.10516,000.00004578,000.00334172,000.00339127,000.09280848,000.24
Tournament (k=2),Arithmetic,Gaussian,0.88849,0.02599,000.00006866,000.43851504,000.63404083,000.72958153,000.19
Tournament (k=2),Arithmetic,Gaussian,0.94259,0.09637,000.00006485,000.00249090,000.00171089,000.12277999,000.27
Tournament (k=2),Arithmetic,Gaussian,0.86261,0.13667,000.00034332,000.02294092,000.02120018,000.14260353,000.28
Tournament (k=2),Arithmetic,Uniform,0.43709,0.08830,000.00000763,000.00477295,000.00476265,000.06254985,000.24
Tournament (k=2),Arithmetic,Uniform,0.57030,0.04791,000.00003433,000.02404513,000.01959801,000.15687710,000.21
Tournament (k=2),Arithmetic,Uniform,0.52190,0.08830,000.00003815,000.00421214,000.00346375,000.04253772,000.23
Tournament (k=2),Arithmetic,Uniform,0.53756,0.13667,000.01507568,000.35890666,000.32764244,000.46873555,000.24
Tournament (k=2),Arithmetic,Gaussian,0.97087,0.17762,000.00138855,000.08411141,000.08143806,000.45568028,000.34
Tournament (k=2),Arithmetic,Gaussian,0.97087,0.05228,000.00000381,000.19901243,000.04809189,000.59715980,000.23
Tournament (k=2),Arithmetic,Uniform,0.43709,0.04023,000.00000000,000.03948288,000.03185081,000.26340619,000.16
Tournament (k=2),Arithmetic,Uniform,0.49195,0.25191,000.19947052,001.73035359,002.00163078,001.03464794,000.33
Tournament (k=2),Arithmetic,Gaussian,0.88849,0.23084,000.00791168,000.33621150,000.30627060,000.57090831,000.37
Tournament (k=2),Arithmetic,Uniform,0.55369,0.08092,000.00005341,000.00417361,000.00363159,000.04514024,000.21
Tournament (k=2),Arithmetic,Uniform,0.47762,0.14915,000.00485992,000.40955105,000.40675354,000.68864167,000.28
Tournament (k=2),Arithmetic,Uniform,0.40000,0.06226,000.00019073,000.01182747,000.01403999,000.14310583,000.22
Tournament (k=2),Arithmetic,Gaussian,0.94259,0.03378,000.00000000,000.30448478,000.08273506,000.74644667,000.18
Tournament (k=2),Arithmetic,Uniform,0.41200,0.11476,000.00010681,000.03622451,000.03672409,000.13709676,000.24
Tournament (k=2),Arithmetic,Uniform,0.46371,0.08830,000.00003052,000.00715466,000.00574684,000.10825269,000.23
Tournament (k=2),Arithmetic,Gaussian,0.91514,0.16276,000.00337219,000.06641150,000.07135391,000.27561063,000.34
Tournament (k=2),Arithmetic,Gaussian,0.94259,0.27490,000.04439163,000.63011312,000.84394073,000.65895420,000.32
Tournament (k=2),Arithmetic,Gaussian,0.83749,0.07415,000.00000000,000.00541658,000.00126839,000.25364894,000.25
Tournament (k=2),Arithmetic,Uniform,0.46371,0.03095,000.00045395,000.09413747,000.09576988,000.37126181,000.17
Tournament (k=2),Arithmetic,Uniform,0.57030,0.13667,000.00704193,000.30819225,000.27470207,000.57817513,000.27
Tournament (k=2),Arithmetic,Uniform,0.40000,0.17762,000.01814270,000.70870161,000.84837532,000.83843160,000.29
Tournament (k=2),Arithmetic,Gaussian,1.00000,0.02599,000.00000381,000.37054539,000.21862221,000.67003119,000.20
Tournament (k=2),Arithmetic,Uniform,0.52190,0.09637,000.00009537,000.01557059,000.01593018,000.16182470,000.24
Tournament (k=2),Arithmetic,Uniform,0.45020,0.14915,000.01712036,000.52474630,000.74113464,000.55980772,000.25
Tournament (k=2),Arithmetic,Gaussian,0.97087,0.05705,000.00000000,000.10169058,000.03624725,000.49125421,000.24
Tournament (k=2),Arithmetic,Gaussian,0.78941,0.25191,000.01686859,000.43806872,000.46240616,000.57909977,000.32
Tournament (k=2),Arithmetic,Uniform,0.53756,0.14915,000.05106354,000.50494987,000.54586411,000.62154448,000.28
Tournament (k=2),Arithmetic,Uniform,0.41200,0.04390,000.00000000,000.02981567,000.03471375,000.16583735,000.17
Tournament (k=2),Arithmetic,Gaussian,0.83749,0.02382,000.00049591,000.20719810,000.06289673,000.65563953,000.19
Tournament (k=2),Arithmetic,Gaussian,0.83749,0.27490,000.05773926,000.75460088,001.06541443,000.66728860,000.43
Tournament (k=2),Arithmetic,Uniform,0.49195,0.08092,000.00000763,000.00281906,000.00212669,000.04448207,000.23
Tournament (k=2),Arithmetic,Uniform,0.49195,0.02837,000.00009918,000.06814037,000.08086586,000.33514306,000.18
Tournament (k=2),Arithmetic,Uniform,0.46371,0.03378,000.00002289,000.04091673,000.03508759,000.29589865,000.18
Tournament (k=2),Arithmetic,Uniform,0.53756,0.05228,000.00001526,000.01856690,000.02045441,000.18107255,000.21
Tournament (k=2),Arithmetic,Uniform,0.42436,0.04791,000.00001144,000.02044182,000.02058029,000.16348398,000.21
Tournament (k=2),Arithmetic,Uniform,0.58741,0.02599,000.00003815,000.15488473,000.16285515,000.42892233,000.17
Tournament (k=2),Arithmetic,Gaussian,0.78941,0.02837,000.00056458,000.15690470,000.08033371,000.59587038,000.18
Tournament (k=2),Arithmetic,Uniform,0.46371,0.23084,000.06462097,001.45428550,001.78703308,000.95158666,000.30
Tournament (k=2),Arithmetic,Gaussian,1.00000,0.10516,000.00003815,000.00531096,000.00514984,000.15095852,000.28
Tournament (k=2),Arithmetic,Uniform,0.55369,0.02599,000.00041580,000.23440146,000.17681503,000.48032171,000.20
Tournament (k=2),Arithmetic,Uniform,0.43709,0.27490,000.28438568,002.01837730,002.41462517,001.04058599,000.28
Tournament (k=2),Arithmetic,Gaussian,0.88849,0.25191,000.01949692,000.39134938,000.35568237,000.54569411,000.44
Tournament (k=2),Arithmetic,Uniform,0.58741,0.08092,000.00001526,000.00276694,000.00311661,000.15189283,000.26
Tournament (k=2),Arithmetic,Uniform,0.50670,0.14915,000.00061798,000.51974446,000.60751534,000.65686429,000.26
Tournament (k=2),Arithmetic,Uniform,0.40000,0.02183,000.00000000,000.28370047,000.25090408,000.53532499,000.19
Tournament (k=2),Arithmetic,Uniform,0.57030,0.14915,000.01116943,000.45315990,000.42874908,000.71453762,000.32
Tournament (k=2),Arithmetic,Uniform,0.52190,0.03095,000.00006104,000.07544728,000.06257057,000.29070035,000.17
Tournament (k=2),Arithmetic,Uniform,0.55369,0.25191,000.03953552,001.80641937,002.19474411,001.09447420,000.31
Tournament (k=2),Arithmetic,Uniform,0.60503,0.04791,000.00001907,000.01889768,000.01808739,000.18624796,000.18
Tournament (k=2),Arithmetic,Gaussian,0.86261,0.04791,000.00000763,000.08810506,000.01087189,000.55800474,000.23
Tournament (k=2),Arithmetic,Uniform,0.41200,0.30000,000.04697037,001.93679523,002.27011490,000.98375171,000.31
Tournament (k=2),Arithmetic,Uniform,0.42436,0.05228,000.00000000,000.01745777,000.01304626,000.12813643,000.20
Tournament (k=2),Arithmetic,Gaussian,0.64187,0.03686,000.00002289,000.00931735,000.01134491,000.12702516,000.22
Tournament (k=2),Arithmetic,Uniform,0.43709,0.09637,000.00009918,000.00922151,000.00788498,000.15016755,000.20
Tournament (k=2),Arithmetic,Uniform,0.58741,0.25191,000.10473251,001.96901679,002.31806374,001.04381764,000.30
Tournament (k=2),Arithmetic,Gaussian,0.91514,0.17762,000.00611496,000.10401773,000.10090637,000.40264487,000.46
Tournament (k=2),Arithmetic,Uniform,0.57030,0.05228,000.00000381,000.01753707,000.01489258,000.16098341,000.21
Tournament (k=2),Arithmetic,Gaussian,0.86261,0.14915,000.00197601,000.04208999,000.03799820,000.22613227,000.27
Tournament (k=2),Arithmetic,Gaussian,0.94259,0.10516,000.00010681,000.00381441,000.00306511,000.22775209,000.29
Tournament (k=2),Arithmetic,Uniform,0.47762,0.04791,000.00016403,000.02789497,000.03137398,000.17158221,000.22
Tournament (k=2),Arithmetic,Uniform,0.43709,0.04390,000.00000000,000.02383518,000.02523422,000.21797653,000.21
Tournament (k=2),Arithmetic,Uniform,0.52190,0.23084,000.02841568,001.46908963,001.68105698,001.03406310,000.28
Tournament (k=2),Arithmetic,Uniform,0.40000,0.02382,000.00000000,000.17109017,000.18268967,000.46282372,000.19
Tournament (k=2),Arithmetic,Uniform,0.45020,0.05228,000.00005722,000.01674690,000.01299667,000.10888474,000.18
Tournament (k=2),Arithmetic,Gaussian,0.78941,0.08830,000.00000000,000.00157685,000.00105667,000.17908101,000.28
Tournament (k=2),Arithmetic,Uniform,0.42436,0.02000,000.00000000,000.28675681,000.20996857,000.51975095,000.19
Tournament (k=2),Arithmetic,Uniform,0.55369,0.08830,000.00001144,000.00397830,000.00457382,000.20781082,000.24
Tournament (k=2),Arithmetic,Uniform,0.60503,0.05228,000.00000763,000.01392212,000.01297760,000.27822825,000.22
Tournament (k=2),Arithmetic,Uniform,0.40000,0.06795,000.00000000,000.00899234,000.01025581,000.11863486,000.23
Tournament (k=2),Arithmetic,Uniform,0.47762,0.16276,000.00737000,000.60790825,000.88450050,000.61502594,000.25
Tournament (k=2),Arithmetic,Uniform,0.46371,0.09637,000.00005722,000.00715542,000.00624466,000.08883419,000.22
Tournament (k=2),Arithmetic,Uniform,0.57030,0.05705,000.00009537,000.00844932,000.00972366,000.17297165,000.22
Tournament (k=2),Arithmetic,Gaussian,0.83749,0.08092,000.00000000,000.00364161,000.00101471,000.20767598,000.27
Tournament (k=2),Arithmetic,Uniform,0.42436,0.16276,000.02616882,000.60607022,000.63524246,000.67348683,000.24
Tournament (k=2),Arithmetic,Gaussian,0.88849,0.27490,000.01888275,000.55597883,000.61076164,000.64814055,000.44
Tournament (k=2),Arithmetic,Uniform,0.43709,0.04791,000.00000000,000.02207356,000.02383232,000.22411045,000.21
Tournament (k=2),Arithmetic,Uniform,0.40000,0.19383,000.05862045,001.05628586,001.23230362,000.81438464,000.27
Tournament (k=2),Arithmetic,Gaussian,0.94259,0.30000,000.03993988,000.70165348,000.91959190,000.62439662,000.33
Tournament (k=2),Arithmetic,Gaussian,0.97087,0.06226,000.00000000,000.02612600,000.01961708,000.42778644,000.23
Tournament (k=2),Arithmetic,Uniform,0.49195,0.03095,000.00003815,000.07536845,000.07589912,000.32092705,000.16
Tournament (k=2),Arithmetic,Uniform,0.53756,0.16276,000.01285553,000.74948567,001.12450600,000.66151011,000.23
Tournament (k=2),Arithmetic,Uniform,0.47762,0.05228,000.00000000,000.01222644,000.01363182,000.15965486,000.26
Tournament (k=2),Arithmetic,Uniform,0.49195,0.08830,000.00001144,000.00573888,000.00598907,000.08448686,000.22
Tournament (k=2),Arithmetic,Uniform,0.53756,0.05705,000.00000763,000.00707202,000.00627899,000.08476958,000.20
Tournament (k=2),Arithmetic,Gaussian,0.74410,0.23084,000.03727722,000.38517362,000.37258530,000.56765670,000.43
Tournament (k=2),Arithmetic,Gaussian,0.94259,0.11476,000.00032043,000.00781689,000.00769615,000.18304740,000.34
Tournament (k=2),Arithmetic,Gaussian,0.78941,0.27490,000.00588989,000.62428224,000.84315300,000.63640285,000.33
Tournament (k=2),Arithmetic,Uniform,0.62318,0.02837,000.00000381,000.14743114,000.14476776,000.45611605,000.15
Tournament (k=2),Arithmetic,Uniform,0.58741,0.02837,000.00001907,000.08435044,000.07435417,000.34260270,000.16
Tournament (k=2),Arithmetic,Gaussian,0.88849,0.02837,000.00000763,000.31672010,000.13650894,000.76705265,000.20
Tournament (k=2),Arithmetic,Uniform,0.42436,0.02183,000.00475311,000.23041478,000.21403694,000.47021228,000.31
Tournament (k=2),Arithmetic,Uniform,0.47762,0.17762,000.03201294,000.77246672,001.07585335,000.71052164,000.30
Tournament (k=2),Arithmetic,Uniform,0.55369,0.02837,000.00019455,000.10060678,000.08305550,000.34857467,000.20
Tournament (k=2),Arithmetic,Uniform,0.52190,0.03378,000.00004578,000.06139712,000.04460907,000.33767280,000.16
Tournament (k=2),Arithmetic,Uniform,0.60503,0.14915,000.01608276,000.59721649,000.75629616,000.72237176,000.39
Tournament (k=2),Arithmetic,Uniform,0.58741,0.08830,000.00000763,000.00551720,000.00527763,000.18692164,000.20
Tournament (k=2),Arithmetic,Uniform,0.50670,0.16276,000.05702972,000.75244963,001.03789139,000.75651342,000.23
Tournament (k=2),Arithmetic,Gaussian,0.83749,0.30000,000.04966736,000.76534218,001.04489899,000.68301463,000.40
Tournament (k=2),Arithmetic,Gaussian,1.00000,0.11476,000.00018311,000.00703025,000.00666809,000.21456377,000.28
Tournament (k=2),Arithmetic,Uniform,0.62318,0.08830,000.00005341,000.00706177,000.00674629,000.02462897,000.27
Tournament (k=2),Arithmetic,Uniform,0.46371,0.25191,000.17118073,001.55858445,001.95201683,000.91219890,000.29
Tournament (k=2),Arithmetic,Gaussian,0.94259,0.03686,000.00000763,000.18053684,000.03145027,000.68913305,000.18
Tournament (k=2),Arithmetic,Uniform,0.57030,0.16276,000.04019547,000.73437107,001.04292679,000.81840038,000.27
Tournament (k=2),Arithmetic,Uniform,0.42436,0.05705,000.00000000,000.02019935,000.02252960,000.14423557,000.20
Tournament (k=2),Arithmetic,Uniform,0.49195,0.27490,000.24068069,001.90919340,002.30715942,001.09284854,000.30
Tournament (k=2),Arithmetic,Uniform,0.64187,0.05228,000.00009155,000.01002984,000.00902176,000.05872261,000.18
Tournament (k=2),Arithmetic,Gaussian,0.86261,0.05228,000.00000000,000.17096977,000.04253960,000.59827745,000.23
Tournament (k=2),Arithmetic,Gaussian,0.97087,0.19383,000.00122070,000.20459075,000.17213058,000.51987249,000.33
Tournament (k=2),Arithmetic,Uniform,0.43709,0.10516,000.00011444,000.01770134,000.01636887,000.14291267,000.20
Tournament (k=2),Arithmetic,Uniform,0.50670,0.05228,000.00003815,000.01451015,000.01424980,000.14870501,000.17
Tournament (k=2),Arithmetic,Uniform,0.55369,0.27490,000.52272034,002.07884598,002.33885574,001.02708495,000.30
Tournament (k=2),Arithmetic,Uniform,0.58741,0.09637,000.00008392,000.01179748,000.00717545,000.07319342,000.22
Tournament (k=2),Arithmetic,Uniform,0.66113,0.03095,000.00031662,000.07428817,000.07506180,000.38003993,000.17
Tournament (k=2),Arithmetic,Gaussian,0.86261,0.16276,000.00145721,000.07175036,000.08212090,000.42096820,000.26
Tournament (k=2),Arithmetic,Uniform,0.62318,0.27490,000.27170944,001.96574938,002.34884644,001.14736009,000.36
Tournament (k=2),Arithmetic,Uniform,0.58741,0.27490,000.03684235,001.90531790,002.37502289,001.16020036,000.30
Tournament (k=2),Arithmetic,Gaussian,0.83749,0.02599,000.00014877,000.21169177,000.08491707,000.64379549,000.17
Tournament (k=2),Arithmetic,Uniform,0.52190,0.10516,000.00033951,000.02508168,000.02881241,000.20095117,000.25
Tournament (k=2),Arithmetic,Uniform,0.50670,0.17762,000.09862900,000.90891999,001.12828445,000.79043251,000.27
Tournament (k=2),Arithmetic,Gaussian,0.91514,0.19383,000.01002502,000.14733252,000.16267014,000.51572472,000.33
Tournament (k=2),Arithmetic,Uniform,0.45020,0.05705,000.00003052,000.01145372,000.01248932,000.05970145,000.20
Tournament (k=2),Arithmetic,Uniform,0.46371,0.03686,000.00021362,000.04447966,000.04101944,000.33266404,000.17
Tournament (k=2),Arithmetic,Uniform,0.66113,0.09637,000.00024414,000.01605411,000.01796722,000.19517830,000.24
Tournament (k=2),Arithmetic,Uniform,0.60503,0.05705,000.00005341,000.00662909,000.00639725,000.16657439,000.21
Tournament (k=2),Arithmetic,Gaussian,0.86261,0.05705,000.00000381,000.01540175,000.01065826,000.52282590,000.24
Tournament (k=2),Arithmetic,Gaussian,1.00000,0.12524,000.00036621,000.01329150,000.01434708,000.15826403,000.32
Tournament (k=2),Arithmetic,Uniform,0.40000,0.07415,000.00009155,000.00790310,000.00847626,000.05429274,000.21
Tournament (k=2),Arithmetic,Uniform,0.46371,0.10516,000.00041199,000.02838984,000.02245712,000.16029803,000.21
Tournament (k=2),Arithmetic,Uniform,0.64187,0.16276,000.03607178,000.80987662,001.10040474,000.86699504,000.34
Tournament (k=2),Arithmetic,Uniform,0.66113,0.30000,000.43028259,002.43958616,002.74605179,001.25190639,000.27
Tournament (k=2),Arithmetic,Uniform,0.46371,0.27490,000.18024826,001.77231216,002.23813629,001.05351472,000.37
Tournament (k=2),Arithmetic,Uniform,0.57030,0.06226,000.00003052,000.01005187,000.00946808,000.23439796,000.21
Tournament (k=2),Arithmetic,Gaussian,0.97087,0.02000,000.00020599,000.56570393,001.01467705,000.89072144,000.17
Tournament (k=2),Arithmetic,Uniform,0.49195,0.03378,000.00005722,000.06186652,000.06130409,000.36929196,000.16
Tournament (k=2),Arithmetic,Gaussian,0.83749,0.08830,000.00000000,000.00259647,000.00162506,000.24619406,000.26
Tournament (k=2),Arithmetic,Uniform,0.40000,0.21153,000.22143936,001.22456431,001.40468025,000.82894570,000.24
Tournament (k=2),Arithmetic,Uniform,0.42436,0.17762,000.00877762,000.77809554,001.07588387,000.67002743,000.28
Tournament (k=2),Arithmetic,Uniform,0.43709,0.30000,000.19484329,001.83031940,002.16789246,001.16157174,000.26
Tournament (k=2),Arithmetic,Gaussian,0.97087,0.06795,000.00000000,000.01082816,000.00491142,000.47020212,000.24
Tournament (k=2),Arithmetic,Uniform,0.47762,0.05705,000.00000000,000.01102781,000.01140213,000.12178192,000.22
Tournament (k=2),Arithmetic,Uniform,0.62318,0.03095,000.00019073,000.06611528,000.04955864,000.39485162,000.17
Tournament (k=2),Arithmetic,Uniform,0.58741,0.03095,000.00059891,000.08531966,000.07760620,000.36546609,000.18
Tournament (k=2),Arithmetic,Uniform,0.53756,0.06226,000.00000381,000.00571733,000.00585365,000.03608838,000.21
Tournament (k=2),Arithmetic,Uniform,0.49195,0.09637,000.00005341,000.00795135,000.00676346,000.17863701,000.23
Tournament (k=2),Arithmetic,Gaussian,0.88849,0.30000,000.02975082,000.79562843,001.14398384,000.69117844,000.31
Tournament (k=2),Arithmetic,Gaussian,0.88849,0.03095,000.00016022,000.35113841,000.18166733,000.67376763,000.20
Tournament (k=2),Arithmetic,Uniform,0.53756,0.17762,000.06631470,001.02601564,001.24248123,000.77421021,000.26
Tournament (k=2),Arithmetic,Uniform,0.52190,0.11476,000.00045013,000.07481933,000.08312416,000.30955660,000.31
Tournament (k=2),Arithmetic,Uniform,0.41200,0.12524,000.00165939,000.07316723,000.06781769,000.37738606,000.25
Tournament (k=2),Arithmetic,Uniform,0.42436,0.02382,000.00004196,000.21013388,000.15155411,000.52768242,000.18
Tournament (k=2),Arithmetic,Uniform,0.68096,0.17762,000.00895691,001.06908274,001.25449944,000.85673702,000.28
Tournament (k=2),Arithmetic,Uniform,0.68096,0.05705,000.00000381,000.00648532,000.00483131,000.23343427,000.30
Tournament (k=2),Arithmetic,Uniform,0.52190,0.03686,000.00000000,000.02275744,000.02410889,000.28870225,000.18
Tournament (k=2),Arithmetic,Gaussian,1.00000,0.02837,000.00054169,000.33438635,000.15642738,000.79336065,000.20
Tournament (k=2),Arithmetic,Gaussian,0.97087,0.02183,000.00006104,000.42150134,000.48727036,000.76382965,000.24
Tournament (k=2),Arithmetic,Uniform,0.58741,0.03378,000.00003052,000.04531422,000.04541397,000.26233542,000.17
Tournament (k=2),Arithmetic,Uniform,0.47762,0.19383,000.04720306,001.05571234,001.21535110,000.69700992,000.29
Tournament (k=2),Arithmetic,Uniform,0.70139,0.03378,000.00000763,000.06349869,000.06847763,000.45118961,000.20
Tournament (k=2),Arithmetic,Uniform,0.64187,0.05705,000.00002289,000.00669408,000.00514793,000.28998905,000.19
Tournament (k=2),Arithmetic,Uniform,0.62318,0.09637,000.00014496,000.01170683,000.01151657,000.17415930,000.23
Tournament (k=2),Arithmetic,Gaussian,0.91514,0.02000,000.00032043,000.40205464,000.30552673,000.79766512,000.21
Tournament (k=2),Arithmetic,Uniform,0.60503,0.16276,000.02686310,000.72369230,001.02714539,000.76558697,000.27
Tournament (k=2),Arithmetic,Uniform,0.50670,0.05705,000.00003815,000.00722623,000.00701332,000.09692065,000.19
Tournament (k=2),Arithmetic,Gaussian,0.88849,0.03378,000.00001526,000.19191341,000.03784752,000.71028209,000.22
Tournament (k=2),Arithmetic,Uniform,0.43709,0.11476,000.00067902,000.05832257,000.05643463,000.29609311,000.22
Tournament (k=2),Arithmetic,Uniform,0.66113,0.03378,000.00145721,000.07678189,000.05761337,000.41394031,000.17
Tournament (k=2),Arithmetic,Uniform,0.52190,0.25191,000.13318253,001.82731318,002.17752647,000.94218689,000.29
Tournament (k=2),Arithmetic,Uniform,0.57030,0.17762,000.05926514,000.98102415,001.22374535,000.88430691,000.31
Tournament (k=2),Arithmetic,Uniform,0.58741,0.10516,000.00091934,000.02957950,000.02818489,000.28484139,000.23
Tournament (k=2),Arithmetic,Uniform,0.49195,0.30000,000.33078766,002.13916826,002.37689972,001.21608055,000.32
Tournament (k=2),Arithmetic,Gaussian,0.83749,0.02837,000.00042725,000.13522491,000.04523659,000.69358295,000.19
Tournament (k=2),Arithmetic,Uniform,0.52190,0.04023,000.00000381,000.02496414,000.02685356,000.19198884,000.21
Tournament (k=2),Arithmetic,Uniform,0.45020,0.06226,000.00002289,000.00708818,000.00603104,000.10830422,000.19
Tournament (k=2),Arithmetic,Uniform,0.58741,0.03686,000.00003052,000.06264715,000.06882286,000.27889201,000.22
Tournament (k=2),Arithmetic,Uniform,0.55369,0.30000,000.40107346,002.24223137,002.52929497,001.11923087,000.31
Tournament (k=2),Arithmetic,Uniform,0.46371,0.04023,000.00002289,000.02978134,000.02589226,000.19610715,000.20
Tournament (k=2),Arithmetic,Uniform,0.70139,0.10516,000.00094604,000.03601503,000.03400612,000.20038153,000.24
Tournament (k=2),Arithmetic,Gaussian,0.86261,0.17762,000.00208282,000.10025072,000.10673141,000.39099053,000.33
Tournament (k=2),Arithmetic,Uniform,0.62318,0.30000,000.26575470,002.35826826,002.92660332,001.32165277,000.31
Tournament (k=2),Arithmetic,Uniform,0.66113,0.10516,000.00139999,000.04343472,000.03434753,000.34231129,000.23
Tournament (k=2),Arithmetic,Uniform,0.66113,0.03686,000.00015640,000.04490461,000.04860115,000.25835681,000.17
Tournament (k=2),Arithmetic,Uniform,0.72243,0.02000,000.00026703,000.26462188,000.25997162,000.60280812,000.19
Tournament (k=2),Arithmetic,Uniform,0.60503,0.06226,000.00000763,000.00625691,000.00517273,000.21188997,000.22
Tournament (k=2),Arithmetic,Uniform,0.72243,0.06226,000.00000763,000.00361834,000.00305176,000.14340304,000.21
Tournament (k=2),Arithmetic,Uniform,0.43709,0.12524,000.00425720,000.10011263,000.10480881,000.38416657,000.26
Tournament (k=2),Arithmetic,Uniform,0.72243,0.19383,000.04430389,001.23243153,001.48654938,000.98803759,000.28
Tournament (k=2),Arithmetic,Uniform,0.46371,0.11476,000.00070953,000.03259907,000.03397751,000.20972738,000.22
Tournament (k=2),Arithmetic,Uniform,0.58741,0.11476,000.00037766,000.05657554,000.05337524,000.32483011,000.25
Tournament (k=2),Arithmetic,Gaussian,0.83749,0.03095,000.00000763,000.18493780,000.04289627,000.55562830,000.18
Tournament (k=2),Arithmetic,Uniform,0.45020,0.06795,000.00000000,000.00760069,000.00701714,000.10513511,000.19
Tournament (k=2),Arithmetic,Uniform,0.49195,0.03686,000.00011444,000.05060816,000.04300690,000.32559699,000.16
Tournament (k=2),Arithmetic,Uniform,0.55369,0.03095,000.00003815,000.08714046,000.08397484,000.35814118,000.19
Tournament (k=2),Arithmetic,Uniform,0.57030,0.06795,000.00006104,000.00494909,000.00442123,000.10501235,000.20
Tournament (k=2),Arithmetic,Uniform,0.45020,0.02000,000.00002670,000.42168611,000.41430283,000.56586260,000.16
Tournament (k=2),Arithmetic,Uniform,0.64187,0.02000,000.00006104,000.30486855,000.31555557,000.53482169,000.18
Tournament (k=2),Arithmetic,Uniform,0.64187,0.17762,000.06343079,000.88055915,001.13854408,000.86066836,000.28
Tournament (k=2),Arithmetic,Uniform,0.57030,0.19383,000.02593613,001.13924003,001.25355148,000.83158427,000.33
Tournament (k=2),Arithmetic,Uniform,0.52190,0.27490,000.31671524,001.95858693,002.41542435,001.06925106,000.35
Tournament (k=2),Arithmetic,Uniform,0.47762,0.06226,000.00000000,000.00743732,000.00816154,000.10450836,000.19
Tournament (k=2),Arithmetic,Uniform,0.72243,0.06795,000.00000381,000.00252781,000.00211716,000.16191454,000.22
Tournament (k=2),Arithmetic,Uniform,0.45020,0.16276,000.01668549,000.69674492,001.00815773,000.70988470,000.25
Tournament (k=2),Arithmetic,Uniform,0.66113,0.11476,000.00295258,000.07875466,000.07460403,000.41193444,000.26
Tournament (k=2),Arithmetic,Gaussian,0.83749,0.09637,000.00003052,000.00170135,000.00144577,000.18872616,000.27
Tournament (k=2),Arithmetic,Uniform,0.46371,0.30000,000.15652466,002.23311901,002.40640450,001.06784439,000.31
Tournament (k=2),Arithmetic,Uniform,0.42436,0.06226,000.00001907,000.01092505,000.01151657,000.04945942,000.21
Tournament (k=2),Arithmetic,Uniform,0.42436,0.02599,000.00014877,000.12572475,000.10513878,000.40303865,000.18
Tournament (k=2),Arithmetic,Uniform,0.55369,0.09637,000.00000763,000.00950561,000.00873947,000.13949333,000.22
Tournament (k=2),Arithmetic,Uniform,0.74410,0.03686,000.00054932,000.05735102,000.05070877,000.46287024,000.17
Tournament (k=2),Arithmetic,Uniform,0.52190,0.12524,000.00254059,000.16139531,000.13814163,000.49317452,000.23
Tournament (k=2),Arithmetic,Uniform,0.68096,0.06226,000.00003052,000.00504866,000.00432587,000.16577262,000.21
Tournament (k=2),Arithmetic,Gaussian,1.00000,0.03095,000.00012589,000.36660638,000.15034485,000.73797166,000.20
Tournament (k=2),Arithmetic,Uniform,0.46371,0.12524,000.00110626,000.11064401,000.10829735,000.41198182,000.28
Tournament (k=2),Arithmetic,Uniform,0.72243,0.21153,000.02352142,001.49178374,001.84244537,000.93085241,000.30
Tournament (k=2),Arithmetic,Uniform,0.53756,0.19383,000.04024887,001.01287818,001.19938278,000.73099965,000.25
Tournament (k=2),Arithmetic,Uniform,0.47762,0.06795,000.00001526,000.00658631,000.00422668,000.08819193,000.19
Tournament (k=2),Arithmetic,Uniform,0.41200,0.13667,000.00430298,000.18270889,000.15789413,000.49749598,000.26
Tournament (k=2),Arithmetic,Uniform,0.68096,0.19383,000.04571915,001.28654253,001.49356651,000.92897558,000.29
Tournament (k=2),Arithmetic,Uniform,0.47762,0.02000,000.00014877,000.35979468,000.38381577,000.48146680,000.19
Tournament (k=2),Arithmetic,Uniform,0.50670,0.19383,000.01902771,001.13973606,001.34991837,000.83565241,000.25
Tournament (k=2),Arithmetic,Uniform,0.64187,0.06226,000.00001526,000.00398674,000.00361824,000.09540723,000.21
Tournament (k=2),Arithmetic,Uniform,0.62318,0.10516,000.00025940,000.02681036,000.02388191,000.27116677,000.21
Tournament (k=2),Arithmetic,Uniform,0.72243,0.07415,000.00000763,000.00287390,000.00187111,000.08233004,000.22
Tournament (k=2),Arithmetic,Gaussian,0.97087,0.21153,000.00149536,000.34592000,000.30531883,000.61784977,000.35
Tournament (k=2),Arithmetic,Uniform,0.58741,0.30000,000.09418869,002.07835245,002.40512848,001.36460757,000.32
Tournament (k=2),Arithmetic,Uniform,0.50670,0.06226,000.00004959,000.00811505,000.00931549,000.04487107,000.19
Tournament (k=2),Arithmetic,Uniform,0.68096,0.02000,000.00057220,000.31643978,000.23761559,000.57430094,000.15
Tournament (k=2),Arithmetic,Uniform,0.52190,0.04390,000.00014496,000.02826457,000.02265930,000.22210278,000.17
Tournament (k=2),Arithmetic,Uniform,0.58741,0.04023,000.00001526,000.02739463,000.02718353,000.21901825,000.17
Tournament (k=2),Arithmetic,Uniform,0.60503,0.17762,000.04380798,001.09959507,001.37328148,000.92436886,000.29
Tournament (k=2),Arithmetic,Uniform,0.46371,0.04390,000.00001144,000.03335343,000.02502251,000.19177277,000.18
Tournament (k=2),Arithmetic,Uniform,0.57030,0.02000,000.00017929,000.15564823,000.14533043,000.41719306,000.18
Tournament (k=2),Arithmetic,Uniform,0.74410,0.11476,000.00024414,000.09191976,000.06768799,000.45675653,000.25
Tournament (k=2),Arithmetic,Gaussian,1.00000,0.03378,000.00012207,000.27119917,000.06706238,000.72756743,000.20
Tournament (k=2),Arithmetic,Uniform,0.68096,0.06795,000.00000000,000.00310230,000.00283051,000.15013422,000.21
Tournament (k=2),Arithmetic,Uniform,0.52190,0.13667,000.00136566,000.36305100,000.36342621,000.52862602,000.25
Tournament (k=2),Arithmetic,Uniform,0.72243,0.02183,000.00186920,000.32480749,000.25353241,000.58705401,000.16
Tournament (k=2),Arithmetic,Uniform,0.47762,0.02183,000.00001144,000.22827458,000.16780472,000.49150360,000.18
Tournament (k=2),Arithmetic,Uniform,0.70139,0.11476,000.00091553,000.07682228,000.05487061,000.37925920,000.23
Tournament (k=2),Arithmetic,Uniform,0.64187,0.06795,000.00001526,000.00311189,000.00296402,000.15250139,000.21
Tournament (k=2),Arithmetic,Uniform,0.60503,0.02000,000.00127792,000.28638601,000.24671745,000.53991812,000.19
Tournament (k=2),Arithmetic,Uniform,0.60503,0.06795,000.00000763,000.00314331,000.00254250,000.11185529,000.21
Tournament (k=2),Arithmetic,Uniform,0.50670,0.06795,000.00006104,000.00531416,000.00428009,000.10301666,000.19
Tournament (k=2),Arithmetic,Uniform,0.40000,0.23084,000.06822205,001.45317709,001.60028839,000.99136937,000.28
Tournament (k=2),Arithmetic,Gaussian,0.74410,0.25191,000.02232742,000.63920182,000.95295715,000.61430526,000.37
Tournament (k=2),Arithmetic,Uniform,0.76642,0.02183,000.00061035,000.37843806,000.33742905,000.59558856,000.16
Tournament (k=2),Arithmetic,Uniform,0.50670,0.21153,000.07122803,001.26001811,001.48477364,000.90670574,000.28
Tournament (k=2),Arithmetic,Uniform,0.49195,0.04023,000.00001144,000.04292393,000.03442764,000.26883873,000.16
Tournament (k=2),Arithmetic,Uniform,0.53756,0.06795,000.00000000,000.00410624,000.00329208,000.12761776,000.21
Tournament (k=2),Arithmetic,Uniform,0.55369,0.03378,000.00004959,000.05775623,000.05381203,000.34370825,000.17
Tournament (k=2),Arithmetic,Uniform,0.45020,0.07415,000.00000381,000.00755215,000.00750542,000.03276930,000.18
Tournament (k=2),Arithmetic,Uniform,0.45020,0.02183,000.00035095,000.17652516,000.16484070,000.40769219,000.16
Tournament (k=2),Arithmetic,Uniform,0.58741,0.12524,000.01510239,000.23900528,000.17207336,000.53533870,000.22
Tournament (k=2),Arithmetic,Uniform,0.49195,0.10516,000.00009537,000.01929612,000.01752663,000.19761550,000.22
Tournament (k=2),Arithmetic,Uniform,0.64187,0.02183,000.00003815,000.20059809,000.16047859,000.46632293,000.18
Tournament (k=2),Arithmetic,Uniform,0.57030,0.07415,000.00000763,000.00314450,000.00279808,000.17247593,000.22
Tournament (k=2),Arithmetic,Uniform,0.60503,0.02183,000.00053024,000.20033631,000.15731049,000.47154984,000.19
Tournament (k=2),Arithmetic,Uniform,0.64187,0.19383,000.11655807,001.23622274,001.49357986,000.88421655,000.28
Tournament (k=2),Arithmetic,Uniform,0.60503,0.07415,000.00001144,000.00283694,000.00302505,000.07815857,000.23
Tournament (k=2),Arithmetic,Uniform,0.49195,0.04390,000.00013351,000.03297696,000.02609444,000.17587286,000.17
Tournament (k=2),Arithmetic,Uniform,0.52190,0.30000,000.46520233,002.21102333,002.49814224,001.01703727,000.26
Tournament (k=2),Arithmetic,Uniform,0.78941,0.04023,000.00001526,000.05616307,000.04900551,000.51640302,000.20
Tournament (k=2),Arithmetic,Uniform,0.45020,0.02382,000.00035858,000.22945914,000.19662857,000.49535963,000.16
Tournament (k=2),Arithmetic,Uniform,0.57030,0.21153,000.06735229,001.38549566,001.60282326,001.00340366,000.29
Tournament (k=2),Arithmetic,Uniform,0.55369,0.03686,000.00011444,000.03657174,000.04014969,000.21711579,000.18
Tournament (k=2),Arithmetic,Uniform,0.76642,0.06795,000.00000000,000.00345788,000.00180626,000.05176357,000.21
Tournament (k=2),Arithmetic,Uniform,0.42436,0.06795,000.00001526,000.00764389,000.00701523,000.06305888,000.21
Tournament (k=2),Arithmetic,Uniform,0.47762,0.21153,000.06011581,001.30439699,001.57728958,000.83923900,000.28
Tournament (k=2),Arithmetic,Uniform,0.66113,0.12524,000.00654984,000.17448339,000.19587898,000.45851827,000.25
Tournament (k=2),Arithmetic,Uniform,0.45020,0.08092,000.00002289,000.00491552,000.00498581,000.10453120,000.21
Tournament (k=2),Arithmetic,Uniform,0.76642,0.21153,000.05542755,001.48737264,001.80520058,001.06252432,000.24
Tournament (k=2),Arithmetic,Uniform,0.53756,0.07415,000.00000000,000.00387478,000.00386047,000.14972998,000.23
Tournament (k=2),Arithmetic,Uniform,0.74410,0.04023,000.00001526,000.04469170,000.03635025,000.47126979,000.17
Tournament (k=2),Arithmetic,Uniform,0.64187,0.02382,000.00016785,000.16883817,000.14651489,000.57299954,000.20
Tournament (k=2),Arithmetic,Uniform,0.58741,0.13667,000.01253510,000.30722922,000.26946831,000.56620002,000.25
Tournament (k=2),Arithmetic,Uniform,0.49195,0.11476,000.00044250,000.05678477,000.05607605,000.27405474,000.26
Tournament (k=2),Arithmetic,Uniform,0.50670,0.02000,000.00011444,000.29876289,000.27559090,000.53932774,000.18
Tournament (k=2),Arithmetic,Uniform,0.66113,0.04023,000.00031281,000.03338838,000.03347206,000.36505443,000.16
Tournament (k=2),Arithmetic,Uniform,0.81310,0.02382,000.00008392,000.39527589,000.40111923,000.65702194,000.17
Tournament (k=2),Arithmetic,Uniform,0.60503,0.02382,000.00079346,000.12838840,000.12717247,000.45494998,000.20
Tournament (k=2),Arithmetic,Uniform,0.47762,0.07415,000.00000000,000.00440989,000.00379372,000.03759150,000.19
Tournament (k=2),Arithmetic,Uniform,0.62318,0.11476,000.00118256,000.08157043,000.06933022,000.40903488,000.21
Tournament (k=2),Arithmetic,Uniform,0.74410,0.04390,000.00002670,000.03504038,000.02939987,000.33394387,000.17
Tournament (k=2),Arithmetic,Uniform,0.78941,0.12524,000.00373077,000.31971914,000.27732086,000.52146232,000.23
Tournament (k=2),Arithmetic,Uniform,0.62318,0.03378,000.00048065,000.05968089,000.06110954,000.30011973,000.20
Tournament (k=2),Arithmetic,Uniform,0.72243,0.08092,000.00002670,000.00618892,000.00487137,000.23058841,000.22
Tournament (k=2),Arithmetic,Uniform,0.81310,0.07415,000.00000763,000.00269532,000.00196457,000.12705091,000.22
Tournament (k=2),Arithmetic,Uniform,0.53756,0.21153,000.04882812,001.33240569,001.54508400,000.98974127,000.28
Tournament (k=2),Arithmetic,Uniform,0.43709,0.13667,000.00598907,000.24720649,000.27498245,000.54964799,000.24
Tournament (k=2),Arithmetic,Uniform,0.72243,0.23084,000.25299072,001.68117261,001.96742630,000.99203491,000.30
Tournament (k=2),Arithmetic,Uniform,0.68096,0.21153,000.06293106,001.43103194,001.56837845,000.95466280,000.28
Tournament (k=2),Arithmetic,Uniform,0.53756,0.08092,000.00000763,000.00336738,000.00301933,000.01754640,000.24
Tournament (k=2),Arithmetic,Uniform,0.42436,0.19383,000.08081818,001.00325131,001.26802254,000.80481172,000.28
Tournament (k=2),Arithmetic,Uniform,0.46371,0.04791,000.00005341,000.02025499,000.02452660,000.16301128,000.17
Tournament (k=2),Arithmetic,Uniform,0.64187,0.02599,000.00017166,000.16365881,000.11508560,000.46685827,000.25
Tournament (k=2),Arithmetic,Uniform,0.57030,0.02183,000.00087357,000.20588998,000.24094582,000.49420479,000.18
Tournament (k=2),Arithmetic,Uniform,0.66113,0.04390,000.00001907,000.02889028,000.02878571,000.26491624,000.17
Tournament (k=2),Arithmetic,Uniform,0.81310,0.02599,000.00157166,000.39202446,000.34276772,000.67463624,000.19
Tournament (k=2),Arithmetic,Uniform,0.60503,0.19383,000.08822250,001.23717177,001.46117973,000.85050952,000.28
Tournament (k=2),Arithmetic,Uniform,0.72243,0.02382,000.00002289,000.28208685,000.21953964,000.56495148,000.16
Tournament (k=2),Arithmetic,Uniform,0.74410,0.12524,000.00488281,000.17445974,000.19203758,000.47174999,000.25
Tournament (k=2),Arithmetic,Uniform,0.47762,0.08092,000.00001526,000.00485845,000.00478554,000.04018142,000.20
Tournament (k=2),Arithmetic,Uniform,0.60503,0.02599,000.00025177,000.14358178,000.17222977,000.38965940,000.25
Tournament (k=2),Arithmetic,Uniform,0.68096,0.07415,000.00000000,000.00219069,000.00209808,000.05356675,000.22
Tournament (k=2),Arithmetic,Uniform,0.50670,0.07415,000.00001526,000.00699277,000.00526619,000.03186812,000.19
Tournament (k=2),Arithmetic,Uniform,0.70139,0.03686,000.00007248,000.05069356,000.04374886,000.33645332,000.20
Tournament (k=2),Arithmetic,Uniform,0.72243,0.08830,000.00010681,000.00688400,000.00650978,000.20719941,000.21
Tournament (k=2),Arithmetic,Uniform,0.46371,0.05228,000.00005341,000.01552525,000.01472473,000.12365561,000.17
Tournament (k=2),Arithmetic,Uniform,0.78941,0.13667,000.04020691,000.39369002,000.40169144,000.57795030,000.26
Tournament (k=2),Arithmetic,Uniform,0.64187,0.07415,000.00000381,000.00236650,000.00181961,000.14989893,000.22
Tournament (k=2),Arithmetic,Uniform,0.70139,0.12524,000.00787354,000.16169849,000.17952347,000.41934898,000.26
Tournament (k=2),Arithmetic,Uniform,0.43709,0.14915,000.01626968,000.34433356,000.33161736,000.60160238,000.26
Tournament (k=2),Arithmetic,Uniform,0.81310,0.23084,000.04901123,001.49996305,001.69981766,000.96958977,000.25
Tournament (k=2),Arithmetic,Uniform,0.57030,0.08092,000.00002670,000.00340061,000.00385666,000.13481106,000.21
Tournament (k=2),Arithmetic,Uniform,0.64187,0.02837,000.00002670,000.08168407,000.07460785,000.36589587,000.24
Tournament (k=2),Arithmetic,Uniform,0.55369,0.10516,000.00047302,000.02301536,000.02208710,000.27412426,000.24
Tournament (k=2),Arithmetic,Uniform,0.53756,0.02000,000.00032043,000.30490574,000.27568626,000.52864510,000.16
Tournament (k=2),Arithmetic,Uniform,0.68096,0.23084,000.19552612,001.61836314,001.91305161,000.96467948,000.30
Tournament (k=2),Arithmetic,Uniform,0.46371,0.13667,000.01068115,000.20871463,000.21767426,000.45516038,000.23
Tournament (k=2),Arithmetic,Uniform,0.45020,0.02599,000.00000000,000.20092288,000.19761467,000.44411835,000.16
Tournament (k=2),Arithmetic,Uniform,0.78941,0.04390,000.00003433,000.03627081,000.03028297,000.37821433,000.20
Tournament (k=2),Arithmetic,Uniform,0.55369,0.04023,000.00003433,000.03894997,000.04927063,000.20530374,000.17
Tournament (k=2),Arithmetic,Uniform,0.60503,0.08092,000.00000000,000.00281463,000.00222588,000.01650135,000.23
Tournament (k=2),Arithmetic,Uniform,0.64187,0.21153,000.05453491,001.30412447,001.54365730,000.88855428,000.29
Tournament (k=2),Arithmetic,Uniform,0.76642,0.07415,000.00000000,000.00208259,000.00148201,000.05489028,000.22
Tournament (k=2),Arithmetic,Uniform,0.42436,0.07415,000.00003052,000.00749593,000.00740051,000.14793354,000.22
Tournament (k=2),Arithmetic,Uniform,0.68096,0.02183,000.00007629,000.31637916,000.27470970,000.63578421,000.17
Tournament (k=2),Arithmetic,Uniform,0.57030,0.23084,000.09321594,001.52526093,001.75767136,000.92496926,000.25
Tournament (k=2),Arithmetic,Uniform,0.58741,0.04390,000.00016022,000.02221665,000.02574158,000.21122338,000.18
Tournament (k=2),Arithmetic,Uniform,0.66113,0.13667,000.01251602,000.50662637,000.59016800,000.63099414,000.25
Tournament (k=2),Arithmetic,Uniform,0.45020,0.08830,000.00003815,000.00597372,000.00623322,000.11327425,000.22
Tournament (k=2),Arithmetic,Uniform,0.74410,0.13667,000.01624298,000.40478787,000.40931702,000.55075645,000.34
Tournament (k=2),Arithmetic,Uniform,0.45020,0.02837,000.00016022,000.12352915,000.14393806,000.36304671,000.18
Tournament (k=2),Arithmetic,Uniform,0.47762,0.23084,000.12158203,001.60728872,001.78879166,000.93413484,000.29
Tournament (k=2),Arithmetic,Uniform,0.57030,0.08830,000.00002289,000.00331411,000.00361633,000.07965570,000.24
Tournament (k=2),Arithmetic,Uniform,0.76642,0.23084,000.23163223,001.68910575,002.06057167,001.06031907,000.29
Tournament (k=2),Arithmetic,Uniform,0.49195,0.12524,000.00620270,000.14529443,000.12553024,000.45714650,000.26
Tournament (k=2),Arithmetic,Uniform,0.50670,0.02183,000.00061035,000.28125158,000.22435379,000.51181412,000.19
Tournament (k=2),Arithmetic,Uniform,0.74410,0.04791,000.00004959,000.02359428,000.01931000,000.20874123,000.18
Tournament (k=2),Arithmetic,Uniform,0.55369,0.11476,000.00130081,000.06031337,000.05924988,000.26347911,000.27
Tournament (k=2),Arithmetic,Gaussian,1.00000,0.03686,000.00003433,000.31270796,000.12558174,000.72243005,000.21
Tournament (k=2),Arithmetic,Uniform,0.62318,0.12524,000.00522995,000.16823959,000.14051247,000.53588229,000.23
Tournament (k=2),Arithmetic,Uniform,0.46371,0.14915,000.00549316,000.44072428,000.48006630,000.59327829,000.30
Tournament (k=2),Arithmetic,Uniform,0.68096,0.25191,000.08612442,001.70728230,002.04154587,001.08985925,000.31
Tournament (k=2),Arithmetic,Uniform,0.47762,0.02382,000.00000000,000.13073421,000.11158752,000.39020401,000.19
Tournament (k=2),Arithmetic,Uniform,0.52190,0.14915,000.01040649,000.44772762,000.44417953,000.62509584,000.25
Tournament (k=2),Arithmetic,Uniform,0.81310,0.08092,000.00006866,000.00560513,000.00388336,000.12456796,000.22
Tournament (k=2),Arithmetic,Uniform,0.76642,0.08092,000.00007248,000.00330396,000.00314140,000.10831685,000.24
Tournament (k=2),Arithmetic,Uniform,0.76642,0.02382,000.00234985,000.34864229,000.28744507,000.58655590,000.19
Tournament (k=2),Arithmetic,Uniform,0.45020,0.17762,000.04783249,000.72566015,000.96429634,000.70701391,000.26
Tournament (k=2),Arithmetic,Uniform,0.53756,0.23084,000.17198181,001.57378662,001.81390953,001.01509082,000.27
Tournament (k=2),Arithmetic,Uniform,0.53756,0.08830,000.00000763,000.00467401,000.00443459,000.11506051,000.24
Tournament (k=2),Arithmetic,Uniform,0.66113,0.04791,000.00009155,000.01389842,000.01374245,000.18907644,000.19
Tournament (k=2),Arithmetic,Uniform,0.57030,0.02382,000.00103378,000.11231327,000.13562012,000.37547556,000.20
Tournament (k=2),Arithmetic,Uniform,0.50670,0.02382,000.00007629,000.16548052,000.14291763,000.52062392,000.20
Tournament (k=2),Arithmetic,Uniform,0.72243,0.02599,000.00004959,000.20619965,000.18360901,000.60345501,000.17
Tournament (k=2),Arithmetic,Uniform,0.74410,0.14915,000.02482224,000.62884897,000.94773483,000.77214622,000.29
Tournament (k=2),Arithmetic,Uniform,0.72243,0.25191,000.20323181,002.04888916,002.40818214,000.86827761,000.31
Tournament (k=2),Arithmetic,Uniform,0.50670,0.23084,000.05826950,001.48030841,001.77805901,001.09438825,000.27
Tournament (k=2),Arithmetic,Uniform,0.47762,0.25191,000.08180237,001.79239047,002.12806702,000.82939273,000.32
Tournament (k=2),Arithmetic,Uniform,0.60503,0.02837,000.00004959,000.10441198,000.10395432,000.46396282,000.19
Tournament (k=2),Arithmetic,Uniform,0.83749,0.04390,000.00000763,000.03340378,000.03155899,000.62790704,000.23
Tournament (k=2),Arithmetic,Uniform,0.50670,0.08092,000.00003433,000.00493264,000.00444794,000.11047488,000.20
Tournament (k=2),Arithmetic,Uniform,0.62318,0.13667,000.00536346,000.25590467,000.20213509,000.61181134,000.26
Tournament (k=2),Arithmetic,Uniform,0.70139,0.04023,000.00006866,000.03376427,000.02862167,000.26681930,000.20
Tournament (k=2),Arithmetic,Uniform,0.60503,0.21153,000.07678223,001.38490927,001.63927078,001.00116253,000.30
Tournament (k=2),Arithmetic,Uniform,0.68096,0.08092,000.00000763,000.00294085,000.00267792,000.12119171,000.23
Tournament (k=2),Arithmetic,Uniform,0.46371,0.16276,000.02377701,000.58708739,000.71427727,000.66126502,000.29
Tournament (k=2),Arithmetic,Uniform,0.72243,0.09637,000.00014114,000.02519035,000.01949883,000.20212930,000.21
Tournament (k=2),Arithmetic,Uniform,0.86261,0.02599,000.00024414,000.34533471,000.31489754,000.66662049,000.17
Tournament (k=2),Arithmetic,Uniform,0.53756,0.02183,000.00038910,000.21190505,000.21125793,000.44416979,000.16
Tournament (k=2),Arithmetic,Uniform,0.52190,0.04791,000.00000000,000.02333760,000.02227592,000.18880494,000.18
Tournament (k=2),Arithmetic,Uniform,0.64187,0.03095,000.00006104,000.07027173,000.07457161,000.35285893,000.19
Tournament (k=2),Arithmetic,Uniform,0.83749,0.13667,000.00847626,000.38233304,000.37350464,000.61370164,000.23
Tournament (k=2),Arithmetic,Uniform,0.64187,0.08092,000.00003815,000.00472565,000.00383186,000.11134021,000.24
Tournament (k=2),Arithmetic,Uniform,0.70139,0.13667,000.02678299,000.38406390,000.32040787,000.71343374,000.26
Tournament (k=2),Arithmetic,Uniform,0.78941,0.14915,000.02042389,000.48985162,000.52772522,000.71561205,000.27
Tournament (k=2),Arithmetic,Uniform,0.62318,0.03686,000.00003433,000.04552288,000.04166031,000.32670456,000.17
Tournament (k=2),Arithmetic,Uniform,0.83749,0.04791,000.00004196,000.03191719,000.02529335,000.37729070,000.20
Tournament (k=2),Arithmetic,Uniform,0.68096,0.02382,000.00021362,000.22793183,000.14966202,000.58972090,000.18
Tournament (k=2),Arithmetic,Uniform,0.81310,0.25191,000.19973373,001.93049121,002.25234795,000.94777852,000.29
Tournament (k=2),Arithmetic,Uniform,0.58741,0.14915,000.00347137,000.44949374,000.44877625,000.56755400,000.23
Tournament (k=2),Arithmetic,Uniform,0.70139,0.04390,000.00003052,000.02010923,000.01310158,000.34210503,000.20
Tournament (k=2),Arithmetic,Uniform,0.60503,0.08830,000.00001907,000.00412488,000.00386238,000.05716579,000.23
Tournament (k=2),Arithmetic,Uniform,0.53756,0.02382,000.00001907,000.24372354,000.18939781,000.56171215,000.15
Tournament (k=2),Arithmetic,Uniform,0.78941,0.04791,000.00000000,000.01923208,000.01720619,000.43949845,000.25
Tournament (k=2),Arithmetic,Uniform,0.58741,0.04791,000.00024033,000.02239032,000.02342224,000.23099862,000.17
Tournament (k=2),Arithmetic,Uniform,0.86261,0.08092,000.00001907,000.00328617,000.00366211,000.10553475,000.19
Tournament (k=2),Arithmetic,Uniform,0.52190,0.05228,000.00003815,000.01337428,000.01421356,000.17461629,000.19
Tournament (k=2),Arithmetic,Uniform,0.64187,0.23084,000.06850052,001.51598561,001.69204140,000.80610520,000.29
Tournament (k=2),Arithmetic,Uniform,0.64187,0.03378,000.00003815,000.04668622,000.04570389,000.34789473,000.19
Tournament (k=2),Arithmetic,Uniform,0.72243,0.10516,000.00090027,000.04599619,000.04005051,000.32035550,000.24
Tournament (k=2),Arithmetic,Uniform,0.57030,0.25191,000.17771912,001.98390841,002.39973450,001.09372628,000.29
Tournament (k=2),Arithmetic,Uniform,0.62318,0.04023,000.00000000,000.03477707,000.03799629,000.28820330,000.17
Tournament (k=2),Arithmetic,Uniform,0.86261,0.25191,000.09584045,001.98231637,002.36378288,001.11716712,000.25
Tournament (k=2),Arithmetic,Uniform,0.81310,0.02837,000.00024796,000.21380277,000.18017387,000.57997495,000.18
Tournament (k=2),Arithmetic,Uniform,0.64187,0.08830,000.00002289,000.00661526,000.00509834,000.05628576,000.25
Tournament (k=2),Arithmetic,Uniform,0.49195,0.04791,000.00001144,000.02278781,000.01974487,000.18714413,000.17
Tournament (k=2),Arithmetic,Uniform,0.47762,0.02599,000.00000381,000.12794876,000.11656761,000.41343206,000.18
Tournament (k=2),Arithmetic,Gaussian,1.00000,0.04023,000.00010300,000.36082703,000.15182877,000.75432789,000.21
Tournament (k=2),Arithmetic,Uniform,0.49195,0.13667,000.00576782,000.25393620,000.23653793,000.53438771,000.26
Tournament (k=2),Arithmetic,Uniform,0.42436,0.21153,000.03079224,001.27945864,001.48715782,000.85100067,000.28
Tournament (k=2),Arithmetic,Uniform,0.58741,0.05228,000.00000763,000.01137547,000.01087570,000.15229307,000.21
Tournament (k=2),Arithmetic,Uniform,0.55369,0.12524,000.00256348,000.12750359,000.12836838,000.53018248,000.25
Tournament (k=2),Arithmetic,Uniform,0.76642,0.02599,000.00068283,000.22141623,000.15296364,000.59358555,000.15
Tournament (k=2),Arithmetic,Uniform,0.78941,0.16276,000.04412842,000.63983470,000.72868156,000.74850404,000.30
Tournament (k=2),Arithmetic,Uniform,0.76642,0.08830,000.00002289,000.00595784,000.00538826,000.05398294,000.19
Tournament (k=2),Arithmetic,Uniform,0.52190,0.16276,000.00893784,000.70097369,001.05667305,000.71947598,000.24
Tournament (k=2),Arithmetic,Uniform,0.81310,0.08830,000.00003052,000.00876460,000.00750923,000.23810592,000.23
Tournament (k=2),Arithmetic,Uniform,0.58741,0.16276,000.01536179,000.59497917,000.70099258,000.71066529,000.31
Tournament (k=2),Arithmetic,Uniform,0.68096,0.27490,000.22464752,001.94563031,002.26657486,001.12199497,000.30
Tournament (k=2),Arithmetic,Uniform,0.53756,0.09637,000.00000000,000.01190200,000.01063538,000.11988845,000.23
Tournament (k=2),Arithmetic,Uniform,0.45020,0.19383,000.05089569,001.06573176,001.33503151,000.76507598,000.24
Tournament (k=2),Arithmetic,Uniform,0.81310,0.03095,000.00028992,000.24429913,000.15671730,000.59508085,000.17
Tournament (k=2),Arithmetic,Uniform,0.72243,0.02837,000.00033569,000.13456297,000.10842133,000.63801366,000.16
Tournament (k=2),Arithmetic,Uniform,0.50670,0.02599,000.00006866,000.12945104,000.11634445,000.41543218,000.19
Tournament (k=2),Arithmetic,Uniform,0.72243,0.11476,000.00272751,000.09944086,000.09621239,000.45808500,000.27
Tournament (k=2),Arithmetic,Uniform,0.55369,0.04390,000.00001526,000.02110190,000.02461433,000.15485817,000.17
Tournament (k=2),Arithmetic,Uniform,0.57030,0.27490,000.18165970,001.89851069,002.21659088,001.04896379,000.31
Tournament (k=2),Arithmetic,Uniform,0.60503,0.03095,000.00038910,000.07539263,000.06155205,000.38149962,000.20
Tournament (k=2),Arithmetic,Uniform,0.50670,0.08830,000.00003433,000.00514936,000.00393677,000.10537653,000.20
Tournament (k=2),Arithmetic,Uniform,0.86261,0.27490,000.18047333,002.32793951,002.69585609,001.01938832,000.30
Tournament (k=2),Arithmetic,Uniform,0.74410,0.16276,000.04010010,000.80894309,001.11663628,000.77989739,000.27
Tournament (k=2),Arithmetic,Uniform,0.86261,0.02837,000.00044632,000.29553103,000.24706268,000.57167143,000.16
Tournament (k=2),Arithmetic,Uniform,0.88849,0.04791,000.00002289,000.03175855,000.02034378,000.42220789,000.17
Tournament (k=2),Arithmetic,Uniform,0.50670,0.25191,000.10093689,001.53195357,001.79422569,001.10094833,000.26
Tournament (k=2),Arithmetic,Uniform,0.42436,0.08092,000.00001526,000.00472679,000.00475883,000.11290104,000.22
Tournament (k=2),Arithmetic,Uniform,0.62318,0.14915,000.02198792,000.55715662,000.75301361,000.73821914,000.24
Tournament (k=2),Arithmetic,Uniform,0.72243,0.27490,000.32706833,001.89431822,002.34326172,001.10330546,000.30
Tournament (k=2),Arithmetic,Uniform,0.68096,0.08830,000.00004959,000.00885630,000.00814056,000.21098433,000.23
Tournament (k=2),Arithmetic,Uniform,0.47762,0.27490,000.58748245,002.02858138,002.32230568,000.88710862,000.30
Tournament (k=2),Arithmetic,Uniform,0.83749,0.14915,000.00804520,000.50248092,000.55137253,000.73617554,000.22
Tournament (k=2),Arithmetic,Uniform,0.55369,0.04791,000.00008392,000.01215658,000.00983810,000.19424789,000.17
Tournament (k=2),Arithmetic,Uniform,0.60503,0.23084,000.17749405,001.44318652,001.74184799,000.94715619,000.29
Tournament (k=2),Arithmetic,Uniform,0.88849,0.14915,000.02230072,000.58256805,000.67651367,000.73530817,000.27
Tournament (k=2),Arithmetic,Uniform,0.68096,0.02599,000.00001144,000.23716131,000.20507812,000.46328381,000.16
Tournament (k=2),Arithmetic,Uniform,0.66113,0.14915,000.02379608,000.53990567,000.59370804,000.71666282,000.27
Tournament (k=2),Arithmetic,Uniform,0.70139,0.14915,000.02529907,000.54646295,000.57067871,000.75579339,000.27
Tournament (k=2),Arithmetic,Uniform,0.74410,0.05228,000.00004578,000.01090102,000.00832748,000.26565674,000.19
Tournament (k=2),Arithmetic,Uniform,0.88849,0.05228,000.00000763,000.01255774,000.00635529,000.28219789,000.17
Tournament (k=2),Arithmetic,Uniform,0.57030,0.09637,000.00004578,000.01238647,000.01026154,000.20221946,000.25
Tournament (k=2),Arithmetic,Uniform,0.70139,0.04791,000.00000763,000.01644816,000.01175117,000.30780664,000.18
Tournament (k=2),Arithmetic,Uniform,0.47762,0.08830,000.00003433,000.00464354,000.00400925,000.15118480,000.20
Tournament (k=2),Arithmetic,Uniform,0.78941,0.05228,000.00000000,000.00896602,000.00445938,000.16818497,000.21
Tournament (k=2),Arithmetic,Uniform,0.64187,0.03686,000.00000763,000.03643594,000.03731346,000.29111663,000.19
Tournament (k=2),Arithmetic,Uniform,0.81310,0.27490,000.43080139,002.33284807,002.64543915,001.27093983,000.30
Tournament (k=2),Arithmetic,Uniform,0.66113,0.05228,000.00009537,000.01448526,000.01367950,000.21736620,000.17
Tournament (k=2),Arithmetic,Uniform,0.62318,0.16276,000.02022552,000.81051379,001.04666519,000.79205000,000.27
Tournament (k=2),Arithmetic,Uniform,0.47762,0.02837,000.00001907,000.08227072,000.06248474,000.50627476,000.16
Tournament (k=2),Arithmetic,Uniform,0.57030,0.30000,000.37374115,002.18606639,002.55906487,001.11965227,000.35
Tournament (k=2),Arithmetic,Uniform,0.49195,0.05228,000.00001526,000.01582379,000.01701164,000.15725335,000.18
Tournament (k=2),Arithmetic,Uniform,0.57030,0.02599,000.00000381,000.10867205,000.09842873,000.38282615,000.19
Tournament (k=2),Arithmetic,Uniform,0.91514,0.02837,000.00016785,000.33042574,000.22180557,000.81656063,000.18
Tournament (k=2),Arithmetic,Uniform,0.64187,0.25191,000.13016510,001.87402272,002.28486443,001.05120528,000.29
Tournament (k=2),Arithmetic,Uniform,0.53756,0.25191,000.26593781,001.85829639,002.24585342,001.11722970,000.27
Tournament (k=2),Arithmetic,Uniform,0.74410,0.17762,000.03064728,001.08504725,001.26148605,000.85893363,000.36
Tournament (k=2),Arithmetic,Uniform,0.64187,0.09637,000.00012207,000.01402531,000.01360321,000.17884499,000.24
Tournament (k=2),Arithmetic,Uniform,0.76642,0.02837,000.00005341,000.23118106,000.15128136,000.65214956,000.16
Tournament (k=2),Arithmetic,Uniform,0.58741,0.05705,000.00000000,000.00809617,000.00693130,000.25555137,000.18
Tournament (k=2),Arithmetic,Uniform,0.72243,0.30000,000.29733276,002.19980288,002.61332703,001.09229493,000.34
Tournament (k=2),Arithmetic,Uniform,0.49195,0.14915,000.01018143,000.46426702,000.53043175,000.63049453,000.23
Tournament (k=2),Arithmetic,Uniform,0.42436,0.23084,000.08079147,001.51622236,001.75180244,000.95798206,000.29
Tournament (k=2),Arithmetic,Uniform,0.55369,0.13667,000.00380707,000.31701341,000.24608421,000.66472709,000.28
Tournament (k=2),Arithmetic,Uniform,0.76642,0.09637,000.00019455,000.02052622,000.01968765,000.18471359,000.23
Tournament (k=2),Arithmetic,Uniform,0.81310,0.03378,000.00048065,000.12832551,000.07611084,000.63732743,000.18
Tournament (k=2),Arithmetic,Uniform,0.60503,0.25191,000.22358322,001.74662995,002.02840805,001.05316198,000.43
Tournament (k=2),Arithmetic,Uniform,0.78941,0.17762,000.03276062,001.00284076,001.27543831,000.83244407,000.30
Tournament (k=2),Arithmetic,Uniform,0.76642,0.03095,000.00023651,000.15777001,000.08695793,000.58162588,000.17
Tournament (k=2),Arithmetic,Uniform,0.81310,0.09637,000.00088882,000.01953769,000.02070427,000.18437546,000.25
Tournament (k=2),Arithmetic,Uniform,0.52190,0.17762,000.02500153,000.79844379,001.12125397,000.81969637,000.29
Tournament (k=2),Arithmetic,Uniform,0.58741,0.17762,000.07840729,000.90886897,001.11483765,000.91587746,000.26
Tournament (k=2),Arithmetic,Uniform,0.60503,0.03378,000.00108719,000.05314975,000.05369377,000.28767651,000.18
Tournament (k=2),Arithmetic,Uniform,0.53756,0.10516,000.00040054,000.02863321,000.02548027,000.27195778,000.26
Tournament (k=2),Arithmetic,Uniform,0.50670,0.02837,000.00001526,000.08298478,000.06945038,000.30081090,000.22
Tournament (k=2),Arithmetic,Uniform,0.83749,0.05228,000.00001526,000.01694121,000.01484871,000.27106553,000.22
Tournament (k=2),Arithmetic,Uniform,0.45020,0.21153,000.07355881,001.40834928,001.64145279,000.93778706,000.29
Tournament (k=2),Arithmetic,Uniform,0.68096,0.30000,000.34436035,002.52100945,003.06134605,001.06421804,000.33
Tournament (k=2),Arithmetic,Uniform,0.72243,0.12524,000.00579834,000.18949142,000.21281242,000.42927203,000.27
Tournament (k=2),Arithmetic,Uniform,0.76642,0.25191,000.01522827,002.09480619,002.50144577,001.07093799,000.28
Tournament (k=2),Arithmetic,Uniform,0.53756,0.02599,000.00213242,000.12251797,000.12056732,000.38596028,000.16
Tournament (k=2),Arithmetic,Uniform,0.86261,0.03095,000.00046539,000.26246539,000.15518570,000.60433769,000.19
Tournament (k=2),Arithmetic,Uniform,0.81310,0.03686,000.00001526,000.14302102,000.07629395,000.56054384,000.17
Tournament (k=2),Arithmetic,Uniform,0.53756,0.27490,000.06049728,001.88052440,002.20935631,001.03045547,000.35
Tournament (k=2),Arithmetic,Uniform,0.86261,0.30000,000.14027023,002.51760817,002.88313675,001.20778298,000.28
Tournament (k=2),Arithmetic,Uniform,0.60503,0.09637,000.00038147,000.01386819,000.01292610,000.15227522,000.24
Tournament (k=2),Arithmetic,Uniform,0.52190,0.05705,000.00001144,000.00910101,000.00994110,000.10508906,000.19
Tournament (k=2),Arithmetic,Uniform,0.91514,0.08830,000.00018692,000.00897293,000.00948715,000.14344949,000.20
Tournament (k=2),Arithmetic,Uniform,0.55369,0.05228,000.00001144,000.01313419,000.01474571,000.11224844,000.18
Tournament (k=2),Arithmetic,Uniform,0.86261,0.08830,000.00019073,000.01068149,000.01071548,000.12200546,000.23
Tournament (k=2),Arithmetic,Uniform,0.49195,0.16276,000.00576019,000.65929431,000.85681915,000.75254846,000.39
Tournament (k=2),Arithmetic,Uniform,0.68096,0.02837,000.00006866,000.07655759,000.07865524,000.43507305,000.19
Tournament (k=2),Arithmetic,Uniform,0.62318,0.04390,000.00000000,000.02191296,000.02508545,000.29958525,000.22
Tournament (k=2),Arithmetic,Uniform,0.68096,0.09637,000.00002289,000.01549830,000.01669312,000.15869337,000.25
Tournament (k=2),Arithmetic,Uniform,0.83749,0.16276,000.01315689,000.84353274,001.10557938,000.84915632,000.24
Tournament (k=2),Arithmetic,Uniform,0.74410,0.05705,000.00000000,000.00689759,000.00675011,000.33029062,000.18
Tournament (k=2),Arithmetic,Uniform,0.83749,0.05705,000.00000000,000.00426917,000.00337982,000.20685431,000.24
Tournament (k=2),Arithmetic,Uniform,0.53756,0.02837,000.00000000,000.09345975,000.07042313,000.38383633,000.19
Tournament (k=2),Arithmetic,Uniform,0.64187,0.04023,000.00001907,000.03196416,000.02462006,000.31416023,000.18
Tournament (k=2),Arithmetic,Uniform,0.47762,0.30000,000.43889618,002.17612076,002.52145195,001.01958835,000.31
Tournament (k=2),Arithmetic,Uniform,0.70139,0.05228,000.00003052,000.01073208,000.00879478,000.22140011,000.21
Tournament (k=2),Arithmetic,Uniform,0.78941,0.05705,000.00000000,000.00560780,000.00387001,000.19738428,000.21
Tournament (k=2),Arithmetic,Uniform,0.47762,0.09637,000.00001526,000.00909696,000.00715446,000.11642221,000.21
Tournament (k=2),Arithmetic,Uniform,0.57030,0.10516,000.00050735,000.02227535,000.02193451,000.20643845,000.24
Tournament (k=2),Arithmetic,Uniform,0.66113,0.05705,000.00000763,000.00659843,000.00640106,000.27382922,000.19
Tournament (k=2),Arithmetic,Uniform,0.55369,0.05705,000.00012970,000.00812559,000.00618362,000.16045344,000.18
Tournament (k=2),Arithmetic,Uniform,0.45020,0.23084,000.10010529,001.38219190,001.57859039,000.81101942,000.33
Tournament (k=2),Arithmetic,Uniform,0.72243,0.13667,000.01233673,000.39921802,000.34050751,000.73873538,000.32
Tournament (k=2),Arithmetic,Uniform,0.57030,0.02837,000.00048065,000.10392423,000.10156059,000.44812325,000.16
Tournament (k=2),Arithmetic,Uniform,0.58741,0.02000,000.00018311,000.20999189,000.19087029,000.57631081,000.20
Tournament (k=2),Arithmetic,Uniform,0.72243,0.03095,000.00054932,000.14249015,000.12032318,000.47276428,000.16
Tournament (k=2),Arithmetic,Uniform,0.62318,0.17762,000.06693268,001.00859737,001.21329308,000.92699617,000.27
Tournament (k=2),Arithmetic,Uniform,0.91514,0.03095,000.00016403,000.18671528,000.11293221,000.71669310,000.20
Tournament (k=2),Arithmetic,Uniform,0.86261,0.09637,000.00016022,000.01972361,000.02011490,000.16438302,000.22
Tournament (k=2),Arithmetic,Uniform,0.68096,0.10516,000.00007248,000.03514943,000.03931427,000.26833981,000.23
Tournament (k=2),Arithmetic,Uniform,0.81310,0.30000,000.04746246,002.21243167,002.59531212,001.19499969,000.32
Tournament (k=2),Arithmetic,Uniform,0.58741,0.06226,000.00000000,000.00676856,000.00699997,000.11936394,000.19
Tournament (k=2),Arithmetic,Uniform,0.74410,0.02000,000.00232697,000.47683287,000.60692215,000.64842552,000.18
Tournament (k=2),Arithmetic,Uniform,0.64187,0.04390,000.00006866,000.01582208,000.01662064,000.24715701,000.21
Tournament (k=2),Arithmetic,Uniform,0.50670,0.09637,000.00000763,000.01347404,000.01250458,000.20726559,000.20
Tournament (k=2),Arithmetic,Uniform,0.74410,0.19383,000.04824448,001.12014878,001.30423355,000.96881688,000.29
Tournament (k=2),Arithmetic,Uniform,0.76642,0.03378,000.00001526,000.09276624,000.10324478,000.55047727,000.16
Tournament (k=2),Arithmetic,Uniform,0.64187,0.27490,000.17071533,001.96810842,002.33488464,001.20664501,000.32
Tournament (k=2),Arithmetic,Uniform,0.76642,0.10516,000.00114059,000.06152410,000.06246948,000.34771067,000.25
Tournament (k=2),Arithmetic,Uniform,0.58741,0.02183,000.00000000,000.18359533,000.16774940,000.47601056,000.19
Tournament (k=2),Arithmetic,Uniform,0.55369,0.14915,000.00617218,000.35290319,000.33142281,000.68071240,000.28
Tournament (k=2),Arithmetic,Uniform,0.42436,0.25191,000.11722183,001.69098318,001.94650078,000.91029066,000.30
Tournament (k=2),Arithmetic,Uniform,0.50670,0.27490,000.11089325,001.90637553,002.18880844,001.01215696,000.27
Tournament (k=2),Arithmetic,Uniform,0.50670,0.03095,000.00001526,000.07355599,000.06816864,000.30383787,000.21
Tournament (k=2),Arithmetic,Uniform,0.72243,0.14915,000.00364304,000.46738797,000.48778534,000.59331053,000.30
Tournament (k=2),Arithmetic,Uniform,0.58741,0.06795,000.00001526,000.00441122,000.00418472,000.12047607,000.20
Tournament (k=2),Arithmetic,Uniform,0.60503,0.27490,000.18423462,001.98268640,002.49485016,001.01110387,000.31
Tournament (k=2),Arithmetic,Uniform,0.52190,0.19383,000.07662582,001.01148009,001.22820854,000.99564171,000.26
Tournament (k=2),Arithmetic,Uniform,0.58741,0.19383,000.04492188,001.19132411,001.49631310,000.91037118,000.27
Tournament (k=2),Arithmetic,Uniform,0.53756,0.11476,000.00114059,000.05555916,000.06522751,000.36942554,000.26
Tournament (k=2),Arithmetic,Uniform,0.64187,0.04791,000.00002289,000.02161751,000.02690887,000.27174810,000.21
Tournament (k=2),Arithmetic,Uniform,0.74410,0.02183,000.00051880,000.31377727,000.30037498,000.63976920,000.22
Tournament (k=2),Arithmetic,Uniform,0.76642,0.03686,000.00035095,000.08990593,000.05303001,000.53004616,000.18
Tournament (k=2),Arithmetic,Uniform,0.70139,0.02000,000.00035858,000.33798876,000.25699425,000.57104170,000.19
Tournament (k=2),Arithmetic,Uniform,0.86261,0.10516,000.00133133,000.04921307,000.04791641,000.31738898,000.30
Tournament (k=2),Arithmetic,Uniform,0.50670,0.10516,000.00045776,000.02273932,000.02395439,000.19268999,000.22
Tournament (k=2),Arithmetic,Uniform,0.88849,0.16276,000.06912994,000.71989310,001.04264450,000.68299019,000.29
Tournament (k=2),Arithmetic,Uniform,0.88849,0.05705,000.00000763,000.00450134,000.00287056,000.21139573,000.17
Tournament (k=2),Arithmetic,Uniform,0.88849,0.02000,000.01194763,000.51860601,000.65567970,000.82639015,000.16
Tournament (k=2),Arithmetic,Uniform,0.86261,0.03378,000.00063324,000.12614861,000.08905602,000.60063231,000.19
Tournament (k=2),Arithmetic,Uniform,0.52190,0.06226,000.00000763,000.00565929,000.00577545,000.05207766,000.18
Tournament (k=2),Arithmetic,Uniform,0.47762,0.03095,000.00003815,000.06289925,000.06507111,000.31025204,000.16
Tournament (k=2),Arithmetic,Uniform,0.91514,0.27490,000.15067291,002.12364578,002.37292862,001.10183561,000.30
Tournament (k=2),Arithmetic,Uniform,0.94259,0.05228,000.00000381,000.01205368,000.01239204,000.34844273,000.20
Tournament (k=2),Arithmetic,Uniform,0.91514,0.09637,000.00039673,000.02204771,000.02593422,000.24865593,000.20
Tournament (k=2),Arithmetic,Uniform,0.68096,0.03095,000.00146484,000.09303288,000.07452583,000.48998243,000.19
Tournament (k=2),Arithmetic,Uniform,0.76642,0.27490,000.07132721,002.14148211,002.50575066,001.17779064,000.31
Tournament (k=2),Arithmetic,Uniform,0.60503,0.10516,000.00214386,000.04513945,000.04244232,000.31087497,000.24
Tournament (k=2),Arithmetic,Uniform,0.53756,0.30000,000.28643036,002.07859468,002.33762550,001.04290581,000.29
Tournament (k=2),Arithmetic,Uniform,0.74410,0.02382,000.00023270,000.24940118,000.19313049,000.57578659,000.18
Tournament (k=2),Arithmetic,Uniform,0.55369,0.16276,000.02216721,000.66290075,000.91497040,000.76537067,000.30
Tournament (k=2),Arithmetic,Uniform,0.62318,0.04791,000.00002670,000.01225381,000.00900841,000.17714089,000.20
Tournament (k=2),Arithmetic,Uniform,0.83749,0.06226,000.00000763,000.00250092,000.00204659,000.25413591,000.21
Tournament (k=2),Arithmetic,Uniform,0.86261,0.11476,000.00214767,000.10076213,000.09157181,000.42987904,000.23
Tournament (k=2),Arithmetic,Uniform,0.97087,0.03095,000.00102615,000.37006083,000.28107643,000.74003249,000.19
Tournament (k=2),Arithmetic,Uniform,0.83749,0.17762,000.10439301,000.96571922,001.23694420,000.84192234,000.24
Tournament (k=2),Arithmetic,Uniform,0.94259,0.16276,000.03709412,000.70138907,000.84120941,000.78474957,000.27
Tournament (k=2),Arithmetic,Uniform,0.70139,0.05705,000.00000000,000.00584617,000.00424004,000.19982414,000.21
Tournament (k=2),Arithmetic,Uniform,0.64187,0.10516,000.00045776,000.02838759,000.03123856,000.35713676,000.24
Tournament (k=2),Arithmetic,Uniform,0.88849,0.17762,000.03045654,000.93687153,001.19491768,000.85436857,000.29
Tournament (k=2),Arithmetic,Uniform,1.00000,0.05705,000.00000763,000.00324898,000.00192070,000.14767322,000.18
Tournament (k=2),Arithmetic,Uniform,0.97087,0.09637,000.00043488,000.02295861,000.01973915,000.24499153,000.21
Tournament (k=2),Arithmetic,Uniform,0.66113,0.06226,000.00001526,000.00696945,000.00753784,000.14259906,000.18
Tournament (k=2),Arithmetic,Uniform,0.55369,0.06226,000.00000000,000.00478497,000.00478363,000.10741747,000.18
Tournament (k=2),Arithmetic,Uniform,0.72243,0.03378,000.00000000,000.05460110,000.04412842,000.48547006,000.16
Tournament (k=2),Arithmetic,Uniform,0.57030,0.03095,000.00001144,000.07101226,000.06876564,000.32452944,000.19
Tournament (k=2),Arithmetic,Uniform,0.57030,0.11476,000.00123215,000.05393577,000.05387306,000.31205806,000.25
Tournament (k=2),Arithmetic,Uniform,0.83749,0.02000,000.00059891,000.36894831,000.32595634,000.73458421,000.16
Tournament (k=2),Arithmetic,Uniform,0.91514,0.03378,000.00022888,000.14927325,000.11613083,000.52423209,000.19
Tournament (k=2),Arithmetic,Uniform,0.45020,0.25191,000.08441162,001.53995168,001.82625389,000.95216137,000.26
Tournament (k=2),Arithmetic,Uniform,0.97087,0.30000,000.16617203,002.18312931,002.55481339,001.22348452,000.30
Tournament (k=2),Arithmetic,Uniform,0.62318,0.19383,000.10364151,001.09433138,001.33338165,000.81466514,000.25
Tournament (k=2),Arithmetic,Uniform,0.60503,0.03686,000.00018692,000.04213152,000.03147125,000.30179754,000.20
Tournament (k=2),Arithmetic,Uniform,0.78941,0.19383,000.02527237,001.27154756,001.59243965,000.91933620,000.29
Tournament (k=2),Arithmetic,Uniform,0.68096,0.11476,000.00061035,000.11366458,000.08776474,000.48553187,000.25
Tournament (k=2),Arithmetic,Uniform,0.70139,0.06226,000.00000000,000.00487566,000.00438881,000.10336976,000.21
Tournament (k=2),Arithmetic,Uniform,0.55369,0.17762,000.08306122,000.83577043,001.11062622,000.78639835,000.32
Tournament (k=2),Arithmetic,Uniform,0.81310,0.04023,000.00004578,000.06859989,000.05350494,000.39968342,000.16
Tournament (k=2),Arithmetic,Uniform,0.66113,0.16276,000.03286743,000.84206963,001.14378929,000.74224657,000.27
Tournament (k=2),Arithmetic,Uniform,0.58741,0.02382,000.00004578,000.18912907,000.17267799,000.52001375,000.19
Tournament (k=2),Arithmetic,Uniform,0.72243,0.03686,000.00000000,000.03801041,000.03578186,000.33898318,000.17
Tournament (k=2),Arithmetic,Uniform,0.50670,0.03378,000.00010681,000.04888549,000.04893494,000.23852873,000.16
Tournament (k=2),Arithmetic,Uniform,0.76642,0.11476,000.00288391,000.08589201,000.08955002,000.35107324,000.24
Tournament (k=2),Arithmetic,Uniform,0.74410,0.21153,000.08394623,001.47520185,001.78185654,000.92937255,000.29
Tournament (k=2),Arithmetic,Uniform,1.00000,0.17762,000.03907013,000.99145555,001.23250580,000.83928591,000.24
Tournament (k=2),Arithmetic,Uniform,0.91514,0.03686,000.00032425,000.15103869,000.09313965,000.59053200,000.20
Tournament (k=2),Arithmetic,Uniform,0.64187,0.30000,000.52488708,002.40167189,002.74240303,001.10845435,000.31
Tournament (k=2),Arithmetic,Uniform,1.00000,0.02000,000.00093079,000.60433835,000.99849701,000.78119391,000.18
Tournament (k=2),Arithmetic,Uniform,0.50670,0.30000,000.15016174,002.07968092,002.41506004,001.06305587,000.26
Tournament (k=2),Arithmetic,Uniform,0.60503,0.04023,000.00010681,000.02544446,000.02446365,000.16104762,000.20
Tournament (k=2),Arithmetic,Uniform,0.72243,0.16276,000.02234650,000.90033627,001.17554092,000.92547065,000.25
Tournament (k=2),Arithmetic,Uniform,0.76642,0.04023,000.00006485,000.04338794,000.02830124,000.33517054,000.17
Tournament (k=2),Arithmetic,Uniform,0.49195,0.05705,000.00003052,000.00868835,000.00963974,000.11093175,000.18
Tournament (k=2),Arithmetic,Uniform,0.70139,0.02183,000.00045395,000.37165815,000.33358002,000.53922206,000.19
Tournament (k=2),Arithmetic,Uniform,0.53756,0.03095,000.00019455,000.06624017,000.05148315,000.32270795,000.16
Tournament (k=2),Arithmetic,Uniform,0.45020,0.27490,000.10973358,002.01714635,002.39793015,001.06005836,000.29
Tournament (k=2),Arithmetic,Uniform,0.62318,0.21153,000.07952118,001.45572066,001.86162186,000.88093007,000.29
Tournament (k=2),Arithmetic,Uniform,0.74410,0.06226,000.00000000,000.00344143,000.00325584,000.17852844,000.18
Tournament (k=2),Blend,Gaussian,0.40000,0.03378,000.00000000,000.00046182,000.00019264,000.09893620,000.22
Tournament (k=2),Arithmetic,Uniform,0.78941,0.21153,000.11473846,001.40461349,001.64770699,000.88059115,000.28
Tournament (k=2),Arithmetic,Uniform,0.68096,0.12524,000.00326538,000.24393964,000.19072533,000.56782472,000.26
Tournament (k=2),Arithmetic,Uniform,0.49195,0.17762,000.03809357,000.76271009,001.05410194,000.71444052,000.29
Tournament (k=2),Arithmetic,Uniform,0.55369,0.19383,000.05168152,001.02607834,001.30827332,000.82489008,000.30
Tournament (k=2),Arithmetic,Uniform,0.86261,0.03686,000.00000763,000.12956600,000.07655525,000.50025725,000.18
Tournament (k=2),Arithmetic,Uniform,0.88849,0.02183,000.00041962,000.53319621,000.69079590,000.72756690,000.19
Tournament (k=2),Blend,Gaussian,0.40000,0.10516,000.00001526,000.00195441,000.00177002,000.04984462,000.26
Tournament (k=2),Arithmetic,Uniform,0.78941,0.06226,000.00000000,000.00475097,000.00297165,000.13468981,000.22
Tournament (k=2),Arithmetic,Uniform,0.68096,0.03378,000.00001526,000.07142329,000.07690048,000.40371704,000.18
Tournament (k=2),Arithmetic,Uniform,0.94259,0.05705,000.00000000,000.00621085,000.00410843,000.15640563,000.22
Tournament (k=2),Arithmetic,Uniform,0.55369,0.02000,000.00019455,000.24227290,000.20929337,000.45838055,000.16
Tournament (k=2),Arithmetic,Uniform,0.74410,0.23084,000.05522537,001.64673162,001.91267014,001.08631599,000.29
Tournament (k=2),Arithmetic,Uniform,0.91514,0.10516,000.00133133,000.04731126,000.05462265,000.23329203,000.25
Tournament (k=2),Arithmetic,Uniform,0.74410,0.02599,000.00325775,000.16740651,000.14727592,000.50510168,000.19
Tournament (k=2),Arithmetic,Uniform,0.62318,0.05228,000.00004959,000.01053524,000.01241684,000.23323424,000.18
Tournament (k=2),Blend,Gaussian,0.41200,0.02000,000.00000000,000.00365300,000.00089264,000.24928829,000.22
Tournament (k=2),Arithmetic,Uniform,0.60503,0.11476,000.00223160,000.07849059,000.07078934,000.38787088,000.22
Tournament (k=2),Arithmetic,Uniform,0.91514,0.30000,000.21916962,002.50987411,002.78080750,001.26512742,000.31
Tournament (k=2),Arithmetic,Uniform,0.81310,0.10516,000.00072479,000.04975500,000.04891014,000.29104030,000.23
Tournament (k=2),Blend,Gaussian,0.41200,0.06226,000.00000000,000.00005484,000.00002289,000.00210917,000.26
Tournament (k=2),Arithmetic,Uniform,0.86261,0.12524,000.00251007,000.27943206,000.24518013,000.53308094,000.21
Tournament (k=2),Arithmetic,Uniform,0.76642,0.30000,000.07159424,002.22182846,002.70430183,001.16795039,000.31
Tournament (k=2),Arithmetic,Uniform,0.83749,0.19383,000.06748962,001.25359654,001.50879097,000.98206139,000.23
Tournament (k=2),Arithmetic,Uniform,0.68096,0.13667,000.00914764,000.45217475,000.40140915,000.67260307,000.29
Tournament (k=2),Arithmetic,Uniform,1.00000,0.06226,000.00000000,000.00217481,000.00099182,000.17194648,000.18
Tournament (k=2),Arithmetic,Uniform,0.64187,0.11476,000.00315857,000.09581170,000.09615898,000.35086918,000.25
Tournament (k=2),Arithmetic,Uniform,0.66113,0.06795,000.00000000,000.00579042,000.00391388,000.12344466,000.19
Tournament (k=2),Arithmetic,Uniform,0.97087,0.10516,000.00061035,000.03897538,000.03965950,000.21345724,000.20
Tournament (k=2),Arithmetic,Uniform,0.94259,0.17762,000.02698898,000.84692955,001.11114311,000.88396811,000.28
Tournament (k=2),Arithmetic,Uniform,0.83749,0.02183,000.00495529,000.52826470,000.90106010,000.79296589,000.16
Tournament (k=2),Blend,Gaussian,0.40000,0.11476,000.00070190,000.00792699,000.00803185,000.10639632,000.29
Tournament (k=2),Arithmetic,Uniform,0.55369,0.21153,000.02722168,001.33594871,001.65133286,000.90768951,000.31
Tournament (k=2),Arithmetic,Uniform,0.57030,0.03378,000.00002670,000.04845753,000.04250336,000.28040400,000.19
Tournament (k=2),Arithmetic,Uniform,0.88849,0.19383,000.05509567,001.14740372,001.40345383,000.85821313,000.28
Tournament (k=2),Arithmetic,Uniform,0.55369,0.06795,000.00000381,000.00514607,000.00383568,000.12401160,000.21
Tournament (k=2),Arithmetic,Uniform,0.58741,0.07415,000.00001907,000.00272789,000.00232887,000.08267820,000.22
Tournament (k=2),Arithmetic,Uniform,0.81310,0.04390,000.00000000,000.05763950,000.03942680,000.44449732,000.17
Tournament (k=2),Arithmetic,Uniform,0.57030,0.12524,000.00071716,000.13948183,000.14895058,000.36720803,000.26
Tournament (k=2),Arithmetic,Uniform,0.70139,0.06795,000.00000000,000.00342622,000.00280380,000.11396978,000.21
Tournament (k=2),Arithmetic,Uniform,0.72243,0.04023,000.00000000,000.03645744,000.02321625,000.36682749,000.17
Tournament (k=2),Arithmetic,Uniform,0.60503,0.30000,000.45052338,002.01300621,002.26369858,000.91529125,000.30
Tournament (k=2),Arithmetic,Uniform,0.83749,0.02382,000.00003433,000.39931813,000.38513374,000.63855392,000.16
Tournament (k=2),Arithmetic,Uniform,0.52190,0.02000,000.00000381,000.26451883,000.23729324,000.54101056,000.15
Tournament (k=2),Blend,Gaussian,0.42436,0.03686,000.00000000,000.00027804,000.00011253,000.00852770,000.21
Tournament (k=2),Arithmetic,Uniform,0.88849,0.06226,000.00000000,000.00369959,000.00211716,000.28333130,000.18
Tournament (k=2),Arithmetic,Uniform,0.58741,0.21153,000.02368927,001.30859721,001.63021278,000.97518778,000.28
Tournament (k=2),Blend,Gaussian,0.41200,0.19383,000.01014328,000.26388311,000.27692223,000.46669307,000.31
Tournament (k=2),Arithmetic,Uniform,0.66113,0.02000,000.00021362,000.28938287,000.22944260,000.60381007,000.18
Tournament (k=2),Arithmetic,Uniform,0.68096,0.14915,000.02400970,000.60986334,000.92888260,000.71476305,000.27
Tournament (k=2),Arithmetic,Uniform,0.66113,0.17762,000.03775787,001.14947116,001.35450745,000.80443215,000.28
Tournament (k=2),Arithmetic,Uniform,0.76642,0.12524,000.00189972,000.25504518,000.17250061,000.59518886,000.25
Tournament (k=2),Arithmetic,Uniform,0.76642,0.04390,000.00000381,000.10032997,000.07128334,000.51208478,000.17
Tournament (k=2),Arithmetic,Uniform,0.81310,0.04791,000.00003052,000.01765275,000.01519775,000.30890679,000.19
Tournament (k=2),Arithmetic,Uniform,0.72243,0.04390,000.00000000,000.02810764,000.02031136,000.33845225,000.17
Tournament (k=2),Arithmetic,Uniform,0.70139,0.02382,000.00038147,000.21187238,000.15907860,000.51778859,000.18
Tournament (k=2),Arithmetic,Uniform,0.94259,0.19383,000.09336853,001.24761069,001.56505203,000.90878814,000.32
Tournament (k=2),Arithmetic,Uniform,0.72243,0.17762,000.11263275,000.91354388,001.13779449,000.69486916,000.28
Tournament (k=2),Arithmetic,Uniform,0.74410,0.06795,000.00000000,000.00309162,000.00193214,000.24292575,000.19
Tournament (k=2),Arithmetic,Uniform,0.86261,0.04023,000.00011063,000.21755233,000.09085464,000.56945300,000.16
Tournament (k=2),Blend,Gaussian,0.43709,0.06795,000.00000000,000.00001917,000.00000763,000.00065264,000.23
Tournament (k=2),Blend,Gaussian,0.40000,0.03686,000.00000000,000.00040784,000.00019264,000.00658491,000.21
Tournament (k=2),Arithmetic,Uniform,0.88849,0.02382,000.00011444,000.35518599,000.30997467,000.67239136,000.16
Tournament (k=2),Arithmetic,Uniform,0.97087,0.03378,000.00000381,000.30875048,000.14521217,000.71369058,000.19
Tournament (k=2),Arithmetic,Uniform,0.83749,0.06795,000.00000000,000.00175729,000.00096703,000.03185102,000.22
Tournament (k=2),Blend,Gaussian,0.43709,0.02183,000.00000000,000.00142336,000.00062180,000.16998143,000.35
Tournament (k=2),Arithmetic,Uniform,0.68096,0.03686,000.00003815,000.06453609,000.05011749,000.35336709,000.17
Tournament (k=2),Arithmetic,Uniform,0.55369,0.02183,000.00001526,000.27225599,000.26872826,000.49848035,000.17
Tournament (k=2),Arithmetic,Uniform,0.88849,0.21153,000.17454147,001.54442978,001.89426613,000.94410962,000.39
Tournament (k=2),Arithmetic,Uniform,0.74410,0.02837,000.00012207,000.13199481,000.10768127,000.47245365,000.16
Tournament (k=2),Arithmetic,Uniform,0.94259,0.06226,000.00000000,000.00245948,000.00132179,000.23117475,000.21
Tournament (k=2),Arithmetic,Uniform,0.62318,0.02000,000.00035858,000.22119184,000.20844841,000.49717894,000.29
Tournament (k=2),Arithmetic,Uniform,0.78941,0.23084,000.02660370,001.58621120,001.93685532,001.09993148,000.28
Tournament (k=2),Arithmetic,Uniform,0.78941,0.06795,000.00000000,000.00374417,000.00251961,000.15050305,000.22
Tournament (k=2),Arithmetic,Uniform,0.62318,0.05705,000.00002289,000.00896201,000.00833321,000.16542150,000.18
Tournament (k=2),Blend,Gaussian,0.42436,0.11476,000.00001144,000.00789928,000.00825500,000.07830896,000.47
Tournament (k=2),Arithmetic,Uniform,0.70139,0.16276,000.01073837,000.75056785,001.08258247,000.86478287,000.27
Tournament (k=2),Arithmetic,Uniform,0.91514,0.11476,000.00238037,000.09221115,000.08426476,000.46544495,000.24
Tournament (k=2),Arithmetic,Uniform,0.94259,0.02000,000.00082779,000.55011523,000.88298416,000.76106292,000.15
Tournament (k=2),Arithmetic,Uniform,0.88849,0.02599,000.00130463,000.20475516,000.19126701,000.65456754,000.16
Tournament (k=2),Arithmetic,Uniform,0.70139,0.02599,000.00031281,000.21854219,000.13288879,000.48298812,000.20
Tournament (k=2),Blend,Gaussian,0.43709,0.21153,000.01164246,000.53831208,000.63722038,000.61395448,000.37
Tournament (k=2),Arithmetic,Uniform,0.68096,0.04023,000.00008774,000.05161495,000.03512192,000.46839055,000.16
Tournament (k=2),Arithmetic,Uniform,0.74410,0.25191,000.14916229,001.89285696,002.27020836,001.14629173,000.30
Tournament (k=2),Arithmetic,Uniform,0.60503,0.12524,000.00865936,000.21954837,000.18783760,000.55486834,000.21
Tournament (k=2),Arithmetic,Uniform,0.78941,0.02000,000.00069809,000.47137880,000.59214973,000.64182907,000.18
Tournament (k=2),Arithmetic,Uniform,0.97087,0.03686,000.00000000,000.27677479,000.10351372,000.63004416,000.20
Tournament (k=2),Blend,Gaussian,0.41200,0.06795,000.00000000,000.00004382,000.00002289,000.00338508,000.22
Tournament (k=2),Arithmetic,Uniform,0.74410,0.03095,000.00002289,000.09506011,000.08812904,000.52302033,000.19
Tournament (k=2),Arithmetic,Uniform,1.00000,0.06795,000.00000000,000.00170689,000.00147438,000.20066696,000.19
Tournament (k=2),Arithmetic,Uniform,0.62318,0.06226,000.00000000,000.01000404,000.00658607,000.20584533,000.19
Tournament (k=2),Arithmetic,Uniform,0.97087,0.11476,000.00717163,000.12428627,000.12176132,000.45800063,000.21
Tournament (k=2),Arithmetic,Uniform,0.66113,0.07415,000.00000763,000.00280962,000.00244141,000.11426081,000.22
Tournament (k=2),Arithmetic,Uniform,0.83749,0.21153,000.05099487,001.41995096,001.60392380,000.92490256,000.28
Tournament (k=2),Arithmetic,Uniform,0.64187,0.12524,000.00297928,000.24025960,000.20042229,000.59150946,000.25
Tournament (k=2),Arithmetic,Uniform,1.00000,0.02183,000.01241302,000.62259376,001.01571274,000.69471049,000.18
Tournament (k=2),Arithmetic,Uniform,0.91514,0.04023,000.00018311,000.05429935,000.03889847,000.51112324,000.19
Tournament (k=2),Arithmetic,Uniform,0.53756,0.03378,000.00017548,000.06371884,000.06688690,000.23604819,000.16
Tournament (k=2),Arithmetic,Uniform,0.57030,0.03686,000.00006485,000.03814568,000.03799629,000.23469017,000.19
Tournament (k=2),Blend,Gaussian,0.45020,0.04023,000.00000000,000.00005322,000.00001144,000.00445515,000.20
Tournament (k=2),Arithmetic,Uniform,0.60503,0.04390,000.00008011,000.02158403,000.01397896,000.26734433,000.20
Tournament (k=2),Arithmetic,Uniform,0.78941,0.02183,000.00084686,000.29839164,000.24625969,000.66920036,000.18
Tournament (k=2),Arithmetic,Uniform,0.83749,0.02599,000.00032043,000.38931853,000.30139923,000.67003423,000.16
Tournament (k=2),Blend,Gaussian,0.46371,0.02382,000.00000000,000.00025573,000.00016022,000.21718921,000.21
Tournament (k=2),Arithmetic,Uniform,1.00000,0.19383,000.05023193,001.25743723,001.51953316,000.81347495,000.28
Tournament (k=2),Blend,Gaussian,0.40000,0.12524,000.00058746,000.01414051,000.01670647,000.05999945,000.26
Tournament (k=2),Blend,Gaussian,0.42436,0.12524,000.00083160,000.02108955,000.02396202,000.16840117,000.32
Tournament (k=2),Blend,Gaussian,0.45020,0.12524,000.00081635,000.03117518,000.03147507,000.11445619,000.28
Tournament (k=2),Blend,Gaussian,0.41200,0.07415,000.00000000,000.00008397,000.00004387,000.00084358,000.25
Tournament (k=2),Arithmetic,Uniform,0.88849,0.06795,000.00000000,000.00172601,000.00173378,000.12758543,000.21
Tournament (k=2),Blend,Gaussian,0.42436,0.04023,000.00000000,000.00018806,000.00008011,000.00810018,000.22
Tournament (k=2),Arithmetic,Uniform,0.66113,0.08092,000.00000763,000.00391941,000.00367546,000.18133169,000.21
Tournament (k=2),Blend,Gaussian,0.46371,0.07415,000.00000000,000.00002713,000.00001526,000.00426573,000.24
Tournament (k=2),Arithmetic,Uniform,0.76642,0.04791,000.00000763,000.02083931,000.01664734,000.40277076,000.17
Tournament (k=2),Arithmetic,Uniform,0.81310,0.05228,000.00001907,000.01807685,000.01692581,000.27142811,000.18
Tournament (k=2),Arithmetic,Uniform,0.64187,0.13667,000.00354767,000.32009315,000.27713394,000.65680587,000.27
Tournament (k=2),Arithmetic,Uniform,0.86261,0.04390,000.00002289,000.02757554,000.02121162,000.49520966,000.17
Tournament (k=2),Arithmetic,Uniform,0.83749,0.23084,000.11530304,001.80278611,002.24840164,000.98324430,000.28
Tournament (k=2),Arithmetic,Uniform,0.74410,0.07415,000.00001144,000.00262175,000.00204849,000.11895231,000.19
Tournament (k=2),Arithmetic,Uniform,0.68096,0.16276,000.01137543,000.90922832,001.21043777,000.94860530,000.28
Tournament (k=2),Blend,Gaussian,0.41200,0.02183,000.00000000,000.00225778,000.00139618,000.16982228,000.20
Tournament (k=2),Blend,Gaussian,0.45020,0.04390,000.00000000,000.00003076,000.00000763,000.00296600,000.24
Tournament (k=2),Arithmetic,Uniform,0.76642,0.13667,000.01884842,000.45038718,000.44282150,000.62027985,000.26
Tournament (k=2),Arithmetic,Uniform,0.66113,0.19383,000.06581116,001.31341052,001.56622124,000.76366204,000.28
Tournament (k=2),Blend,Gaussian,0.43709,0.07415,000.00000000,000.00003085,000.00001335,000.00051257,000.24
Tournament (k=2),Arithmetic,Uniform,0.94259,0.21153,000.02308655,001.40492761,001.61577225,000.92699486,000.29
Tournament (k=2),Blend,Gaussian,0.43709,0.02382,000.00000000,000.00087147,000.00024033,000.16389841,000.18
Tournament (k=2),Blend,Gaussian,0.40000,0.04023,000.00000000,000.00026088,000.00010872,000.04342622,000.22
Tournament (k=2),Blend,Gaussian,0.47762,0.04390,000.00000000,000.00008597,000.00001526,000.00562133,000.21
Tournament (k=2),Arithmetic,Uniform,0.83749,0.07415,000.00000000,000.00206642,000.00209045,000.04284291,000.22
Tournament (k=2),Arithmetic,Uniform,0.66113,0.08830,000.00004196,000.00450506,000.00435638,000.13046063,000.23
Tournament (k=2),Arithmetic,Uniform,0.81310,0.11476,000.00053406,000.09477191,000.10206795,000.37534744,000.25
Tournament (k=2),Arithmetic,Uniform,0.62318,0.02183,000.00008392,000.21801400,000.19171906,000.50267249,000.16
Tournament (k=2),Arithmetic,Uniform,0.88849,0.23084,000.19414902,001.71697927,002.21650505,001.00847769,000.26
Tournament (k=2),Blend,Gaussian,0.46371,0.23084,000.07622528,000.64873677,000.72082520,000.57098049,000.38
Tournament (k=2),Arithmetic,Uniform,0.74410,0.08092,000.00000763,000.00232806,000.00221252,000.02065523,000.19
Tournament (k=2),Arithmetic,Uniform,0.94259,0.06795,000.00000381,000.00184679,000.00143814,000.14741828,000.21
Tournament (k=2),Arithmetic,Uniform,0.88849,0.02837,000.00004578,000.35894117,000.19083786,000.68903226,000.16
Tournament (k=2),Blend,Gaussian,0.49195,0.02599,000.00000000,000.00020571,000.00001526,000.10741172,000.21
Tournament (k=2),Blend,Gaussian,0.41200,0.02382,000.00000000,000.00076036,000.00028229,000.06937452,000.21
Tournament (k=2),Arithmetic,Uniform,0.68096,0.04390,000.00000763,000.02287855,000.02212524,000.22427082,000.17
Tournament (k=2),Arithmetic,Uniform,0.83749,0.25191,000.23822784,001.90178108,002.23165512,000.99531209,000.26
Tournament (k=2),Arithmetic,Uniform,0.70139,0.02837,000.00148392,000.10311260,000.08101082,000.47862086,000.19
Tournament (k=2),Blend,Gaussian,0.47762,0.13667,000.00461960,000.06391096,000.07849312,000.20630327,000.33
Tournament (k=2),Arithmetic,Uniform,0.70139,0.17762,000.01152039,001.03629267,001.21997833,001.00978649,000.27
Tournament (k=2),Arithmetic,Uniform,0.76642,0.14915,000.02445221,000.64114773,000.75951195,000.69970518,000.28
Tournament (k=2),Arithmetic,Uniform,0.97087,0.04023,000.00008774,000.07722493,000.04773903,000.53441864,000.19
Tournament (k=2),Arithmetic,Uniform,0.66113,0.21153,000.05365753,001.58123040,002.00136185,000.93293583,000.29
Tournament (k=2),Arithmetic,Uniform,0.70139,0.07415,000.00002289,000.00329208,000.00321388,000.10581542,000.22
Tournament (k=2),Arithmetic,Uniform,0.74410,0.03378,000.00046921,000.08114572,000.07560349,000.38326168,000.19
Tournament (k=2),Arithmetic,Uniform,1.00000,0.07415,000.00001144,000.00240331,000.00183678,000.02863891,000.19
Tournament (k=2),Arithmetic,Uniform,0.60503,0.13667,000.00333405,000.23860116,000.24919319,000.64322001,000.26
Tournament (k=2),Arithmetic,Uniform,0.62318,0.06795,000.00000000,000.00292554,000.00250626,000.13285473,000.20
Tournament (k=2),Arithmetic,Uniform,0.62318,0.23084,000.06245422,001.71554685,002.08868027,000.97946709,000.25
Tournament (k=2),Arithmetic,Uniform,0.74410,0.27490,000.29659653,002.23069239,002.63284111,001.08515084,000.30
Tournament (k=2),Arithmetic,Uniform,0.97087,0.12524,000.00899887,000.18612289,000.18625259,000.58667529,000.21
Tournament (k=2),Arithmetic,Uniform,0.66113,0.02183,000.00106049,000.22874899,000.22954178,000.43672985,000.18
Tournament (k=2),Arithmetic,Uniform,0.68096,0.04791,000.00000381,000.01682138,000.01354408,000.34998557,000.17
Tournament (k=2),Arithmetic,Uniform,0.70139,0.03095,000.00083160,000.13053998,000.11644363,000.46957159,000.19
Tournament (k=2),Blend,Gaussian,0.43709,0.23084,000.00981140,000.58203298,000.68629456,000.56836003,000.37
Tournament (k=2),Arithmetic,Uniform,0.58741,0.23084,000.12368774,001.57694995,001.76592445,000.95979196,000.25
Tournament (k=2),Arithmetic,Uniform,0.72243,0.04791,000.00000763,000.02193079,000.02498627,000.27320087,000.18
Tournament (k=2),Arithmetic,Uniform,0.53756,0.03686,000.00019836,000.03817711,000.03668785,000.22676438,000.21
Tournament (k=2),Arithmetic,Uniform,0.78941,0.02382,000.00334930,000.23828025,000.16735077,000.56433147,000.18
Tournament (k=2),Arithmetic,Uniform,0.83749,0.02837,000.00013351,000.30137643,000.17299461,000.68584359,000.19
Tournament (k=2),Blend,Gaussian,0.41200,0.21153,000.00957489,000.41261607,000.41059303,000.56321681,000.32
Tournament (k=2),Arithmetic,Uniform,1.00000,0.08092,000.00002289,000.00475416,000.00505447,000.11197821,000.20
Tournament (k=2),Arithmetic,Uniform,0.83749,0.27490,000.20366669,002.09213185,002.48008347,001.06580687,000.32
Tournament (k=2),Arithmetic,Uniform,0.70139,0.19383,000.02676773,001.20627046,001.36493111,000.95210248,000.29
Tournament (k=2),Blend,Gaussian,0.49195,0.08092,000.00000000,000.00005097,000.00003433,000.00362814,000.27
Tournament (k=2),Arithmetic,Uniform,0.66113,0.02382,000.00160980,000.20274076,000.16277504,000.50390261,000.19
Tournament (k=2),Arithmetic,Uniform,0.81310,0.05705,000.00000763,000.00501809,000.00387001,000.39738524,000.18
Tournament (k=2),Arithmetic,Uniform,0.86261,0.13667,000.00341034,000.40330583,000.38181686,000.58040899,000.22
Tournament (k=2),Blend,Gaussian,0.40000,0.13667,000.00122070,000.04897499,000.05023766,000.26346266,000.28
Tournament (k=2),Blend,Gaussian,0.41200,0.08092,000.00000000,000.00006924,000.00005150,000.00143313,000.26
Tournament (k=2),Arithmetic,Uniform,0.72243,0.05228,000.00000763,000.01048775,000.01026535,000.26501936,000.18
Tournament (k=2),Arithmetic,Uniform,0.78941,0.02599,000.00282288,000.30139256,000.26333618,000.64323318,000.19
Tournament (k=2),Blend,Gaussian,0.46371,0.08092,000.00000000,000.00004454,000.00003433,000.00937572,000.25
Tournament (k=2),Blend,Gaussian,0.50670,0.04791,000.00000000,000.00001302,000.00000381,000.00062000,000.25
Tournament (k=2),Arithmetic,Uniform,0.62318,0.25191,000.15391922,001.76283705,002.14237213,001.09841871,000.31
Tournament (k=2),Blend,Gaussian,0.42436,0.13667,000.00114822,000.04343901,000.04652596,000.17330873,000.34
Tournament (k=2),Arithmetic,Uniform,0.74410,0.30000,000.23181152,002.34729838,002.70065880,001.18931603,000.32
Tournament (k=2),Blend,Gaussian,0.49195,0.25191,000.04655457,000.75033212,000.91685486,000.72453970,000.40
Tournament (k=2),Blend,Gaussian,0.45020,0.04791,000.00000000,000.00007043,000.00000763,000.00303963,000.21
Tournament (k=2),Arithmetic,Uniform,0.78941,0.07415,000.00000381,000.00358772,000.00225830,000.11189219,000.22
Tournament (k=2),Arithmetic,Uniform,0.91514,0.12524,000.00320816,000.18455443,000.18233109,000.44398686,000.26
Tournament (k=2),Arithmetic,Uniform,0.78941,0.25191,000.13199234,001.93570650,002.33121300,000.97339946,000.30
Tournament (k=2),Blend,Gaussian,0.43709,0.02599,000.00000000,000.00069542,000.00027084,000.13942538,000.18
Tournament (k=2),Blend,Gaussian,0.50670,0.14915,000.00988770,000.13543649,000.15189362,000.31349367,000.36
Tournament (k=2),Blend,Gaussian,0.43709,0.08092,000.00000000,000.00005312,000.00003624,000.00158161,000.24
Tournament (k=2),Blend,Gaussian,0.52190,0.02837,000.00000000,000.00011625,000.00003052,000.24027914,000.22
Tournament (k=2),Blend,Gaussian,0.49195,0.08830,000.00000000,000.00028634,000.00026512,000.02349330,000.28
Tournament (k=2),Arithmetic,Uniform,0.70139,0.21153,000.11251450,001.44835377,001.82447052,000.94249839,000.29
Tournament (k=2),Blend,Gaussian,0.40000,0.04390,000.00000000,000.00010014,000.00003433,000.00556659,000.22
Tournament (k=2),Arithmetic,Uniform,0.62318,0.02382,000.00060654,000.12227855,000.12904167,000.41646722,000.16
Tournament (k=2),Blend,Gaussian,0.47762,0.04791,000.00000000,000.00002947,000.00000763,000.00137452,000.21
Tournament (k=2),Arithmetic,Uniform,0.83749,0.08092,000.00000763,000.00309734,000.00268555,000.10243182,000.22
Tournament (k=2),Arithmetic,Uniform,0.94259,0.23084,000.01096344,001.69447994,002.11018181,001.03413057,000.29
Tournament (k=2),Blend,Gaussian,0.50670,0.05228,000.00000000,000.00001369,000.00000000,000.01619219,000.25
Tournament (k=2),Blend,Gaussian,0.52190,0.08830,000.00000000,000.00030489,000.00013542,000.00629304,000.31
Tournament (k=2),Arithmetic,Uniform,0.74410,0.08830,000.00000000,000.00743537,000.00558472,000.15511805,000.20
Tournament (k=2),Arithmetic,Uniform,0.81310,0.12524,000.00137711,000.22587566,000.18843269,000.53922105,000.26
Tournament (k=2),Arithmetic,Uniform,0.88849,0.03095,000.00028229,000.17754860,000.10250092,000.72890073,000.16
Tournament (k=2),Arithmetic,Uniform,0.94259,0.07415,000.00001144,000.00188227,000.00153542,000.01803255,000.22
Tournament (k=2),Arithmetic,Uniform,0.88849,0.25191,000.27866364,001.82189524,002.09100723,001.08865583,000.30
Tournament (k=2),Arithmetic,Uniform,1.00000,0.02382,000.00102234,000.39928260,000.29535675,000.75229859,000.18
Tournament (k=2),Blend,Gaussian,0.49195,0.02837,000.00000000,000.00019445,000.00006866,000.09901374,000.20
Tournament (k=2),Blend,Gaussian,0.41200,0.02599,000.00000000,000.00120826,000.00047493,000.02528135,000.21
Tournament (k=2),Arithmetic,Uniform,0.91514,0.04390,000.00000763,000.06987290,000.05451965,000.56919849,000.20
Tournament (k=2),Arithmetic,Uniform,0.57030,0.04023,000.00005722,000.02745986,000.02365875,000.23191987,000.20
Tournament (k=2),Arithmetic,Uniform,0.62318,0.02599,000.00031281,000.10313954,000.11279106,000.36765373,000.19
Tournament (k=2),Blend,Gaussian,0.40000,0.04791,000.00000000,000.00012870,000.00007439,000.00240394,000.23
Tournament (k=2),Arithmetic,Uniform,0.70139,0.08092,000.00004959,000.00319200,000.00324059,000.15373939,000.20
Tournament (k=2),Blend,Gaussian,0.47762,0.05228,000.00000000,000.00000272,000.00000000,000.00021955,000.23
Tournament (k=2),Blend,Gaussian,0.46371,0.25191,000.03452301,000.70200336,000.73578644,000.64004523,000.39
Tournament (k=2),Arithmetic,Uniform,0.70139,0.23084,000.00386047,001.57371831,001.86089706,000.96840328,000.28
Tournament (k=2),Arithmetic,Uniform,0.83749,0.08830,000.00000000,000.00713053,000.00730896,000.16912802,000.24
Tournament (k=2),Arithmetic,Uniform,0.74410,0.09637,000.00011444,000.02105017,000.01995659,000.22491471,000.23
Tournament (k=2),Blend,Gaussian,0.47762,0.14915,000.00730896,000.13915429,000.17297745,000.33100608,000.35
Tournament (k=2),Arithmetic,Uniform,0.62318,0.07415,000.00001526,000.00314808,000.00331497,000.10936135,000.19
Tournament (k=2),Arithmetic,Uniform,0.94259,0.25191,000.10895157,001.85634637,002.19574738,001.12581158,000.28
Tournament (k=2),Arithmetic,Uniform,0.88849,0.07415,000.00000763,000.00228372,000.00198746,000.11790352,000.18
Tournament (k=2),Arithmetic,Uniform,0.68096,0.05228,000.00001144,000.01086030,000.00913048,000.18628055,000.18
Tournament (k=2),Arithmetic,Uniform,0.76642,0.05228,000.00001526,000.02106071,000.01094437,000.34708661,000.18
Tournament (k=2),Arithmetic,Uniform,0.81310,0.13667,000.02001953,000.39200991,000.37545776,000.71739382,000.27
Tournament (k=2),Arithmetic,Uniform,0.94259,0.08092,000.00007248,000.00355902,000.00322533,000.04848049,000.23
Tournament (k=2),Blend,Gaussian,0.52190,0.09637,000.00002289,000.00178342,000.00100517,000.11132164,000.31
Tournament (k=2),Arithmetic,Uniform,1.00000,0.21153,000.13027954,001.40891957,001.77377701,001.02228427,000.27
Tournament (k=2),Arithmetic,Uniform,0.97087,0.13667,000.00736237,000.31996721,000.32165909,000.61262345,000.22
Tournament (k=2),Blend,Gaussian,0.42436,0.04390,000.00000000,000.00011878,000.00008011,000.00277612,000.23
Tournament (k=2),Blend,Gaussian,0.45020,0.13667,000.00271606,000.04996157,000.05587387,000.18042141,000.29
Tournament (k=2),Arithmetic,Uniform,0.83749,0.03095,000.00058365,000.22478572,000.17401314,000.66665876,000.19
Tournament (k=2),Arithmetic,Uniform,1.00000,0.08830,000.00064850,000.01025748,000.01086044,000.11918110,000.21
Tournament (k=2),Arithmetic,Uniform,0.94259,0.02183,000.00029373,000.49259004,000.56695557,000.66091156,000.18
Tournament (k=2),Arithmetic,Uniform,0.64187,0.14915,000.02453232,000.57012808,000.57680893,000.74206668,000.28
Tournament (k=2),Arithmetic,Uniform,0.66113,0.02599,000.00003052,000.15195461,000.16952133,000.41905162,000.18
Tournament (k=2),Arithmetic,Uniform,0.83749,0.09637,000.00032043,000.01800513,000.01645851,000.22255279,000.25
Tournament (k=2),Arithmetic,Uniform,0.81310,0.06226,000.00000381,000.00352030,000.00296021,000.21059689,000.21
Tournament (k=2),Arithmetic,Uniform,0.72243,0.05705,000.00001526,000.00780721,000.00600052,000.21794857,000.18
Tournament (k=2),Arithmetic,Uniform,0.78941,0.02837,000.00022507,000.27130738,000.16780281,000.66665506,000.19
Tournament (k=2),Arithmetic,Uniform,0.86261,0.14915,000.00891495,000.56288230,000.67793846,000.68969041,000.22
Tournament (k=2),Blend,Gaussian,0.41200,0.08830,000.00000000,000.00013666,000.00014877,000.00322556,000.23
Tournament (k=2),Arithmetic,Uniform,0.76642,0.02000,000.00114059,000.51254225,000.74979401,000.62498498,000.17
Tournament (k=2),Blend,Gaussian,0.43709,0.25191,000.06169128,000.71038800,000.93748474,000.52639562,000.38
Tournament (k=2),Blend,Gaussian,0.52190,0.27490,000.05455780,001.06588137,001.40064049,000.74837703,000.40
Tournament (k=2),Blend,Gaussian,0.46371,0.08830,000.00000000,000.00017209,000.00014877,000.10865281,000.26
Tournament (k=2),Blend,Gaussian,0.40000,0.14915,000.00512314,000.08473697,000.09299660,000.26610127,000.30
Tournament (k=2),Arithmetic,Uniform,0.97087,0.14915,000.00983429,000.53042269,000.58928299,000.61221862,000.28
Tournament (k=2),Blend,Gaussian,0.42436,0.04791,000.00000000,000.00012650,000.00002670,000.09833175,000.27
Tournament (k=2),Blend,Gaussian,0.46371,0.27490,000.02673340,000.85936183,001.06385040,000.63269138,000.45
Tournament (k=2),Arithmetic,Uniform,0.94259,0.02382,000.00219727,000.44228259,000.42883110,000.70612729,000.19
Tournament (k=2),Blend,Gaussian,0.43709,0.02837,000.00000000,000.00064187,000.00026131,000.09929536,000.19
Tournament (k=2),Blend,Gaussian,0.45020,0.05228,000.00000000,000.00005097,000.00000954,000.00236189,000.22
Tournament (k=2),Arithmetic,Uniform,0.91514,0.13667,000.00956345,000.41578993,000.41139603,000.64291579,000.23
Tournament (k=2),Blend,Gaussian,0.42436,0.14915,000.00150681,000.07096362,000.07216644,000.29864478,000.35
Tournament (k=2),Arithmetic,Uniform,0.78941,0.03095,000.00030518,000.15231284,000.10385132,000.53000152,000.19
Tournament (k=2),Blend,Gaussian,0.47762,0.16276,000.00510406,000.19362621,000.20141983,000.43592986,000.48
Tournament (k=2),Arithmetic,Uniform,0.97087,0.04390,000.00003052,000.08650599,000.04755402,000.47418413,000.19
Tournament (k=2),Arithmetic,Uniform,0.78941,0.27490,000.21592712,001.91346395,002.33794403,001.16437435,000.30
Tournament (k=2),Arithmetic,Uniform,0.88849,0.03378,000.00031281,000.26633540,000.12827301,000.66080993,000.16
Tournament (k=2),Blend,Gaussian,0.43709,0.08830,000.00000000,000.00013003,000.00008965,000.00574278,000.30
Tournament (k=2),Blend,Gaussian,0.49195,0.27490,000.02121353,000.87648612,001.16103554,000.71032703,000.41
Tournament (k=2),Blend,Gaussian,0.49195,0.09637,000.00001144,000.00100288,000.00078583,000.04358461,000.27
Tournament (k=2),Blend,Gaussian,0.46371,0.02599,000.00000000,000.00053825,000.00031662,000.19644760,000.23
Tournament (k=2),Blend,Gaussian,0.50670,0.16276,000.00384903,000.23320861,000.25138474,000.40638471,000.32
Tournament (k=2),Arithmetic,Uniform,0.76642,0.16276,000.02275085,000.73868793,001.10008049,000.73003626,000.27
Tournament (k=2),Blend,Gaussian,0.50670,0.05705,000.00000000,000.00000248,000.00000000,000.00081643,000.25
Tournament (k=2),Arithmetic,Uniform,0.94259,0.02599,000.00022125,000.37685761,000.26021576,000.76024079,000.19
Tournament (k=2),Blend,Gaussian,0.53756,0.05228,000.00000000,000.00000849,000.00000000,000.00169183,000.25
Tournament (k=2),Blend,Gaussian,0.43709,0.03095,000.00000000,000.00029564,000.00015068,000.13911763,000.20
Tournament (k=2),Blend,Gaussian,0.41200,0.02837,000.00000000,000.00042038,000.00024033,000.00961741,000.21
Tournament (k=2),Blend,Gaussian,0.40000,0.05228,000.00000000,000.00005088,000.00002289,000.00412175,000.21
Tournament (k=2),Arithmetic,Uniform,0.86261,0.04791,000.00000000,000.02804537,000.00965500,000.48910442,000.18
Tournament (k=2),Arithmetic,Uniform,0.88849,0.27490,000.12199783,002.18321943,002.60789680,001.12529004,000.30
Tournament (k=2),Blend,Gaussian,0.55369,0.03095,000.00000000,000.00003085,000.00000381,000.11662885,000.23
Tournament (k=2),Arithmetic,Uniform,0.70139,0.08830,000.00006104,000.00841489,000.00752258,000.08264848,000.23
Tournament (k=2),Arithmetic,Uniform,0.91514,0.14915,000.04008484,000.58747303,000.61374283,000.72580135,000.28
Tournament (k=2),Blend,Gaussian,0.47762,0.05705,000.00000000,000.00000548,000.00000000,000.00177083,000.23
Tournament (k=2),Arithmetic,Uniform,0.62318,0.08092,000.00000000,000.00342011,000.00358582,000.03922151,000.19
Tournament (k=2),Arithmetic,Uniform,0.76642,0.05705,000.00001144,000.00569444,000.00394440,000.34769493,000.19
Tournament (k=2),Arithmetic,Uniform,0.88849,0.08092,000.00000381,000.00324888,000.00321198,000.03472466,000.24
Tournament (k=2),Arithmetic,Uniform,0.83749,0.30000,000.97116089,002.54204440,002.70168877,001.11158550,000.26
Tournament (k=2),Blend,Gaussian,0.53756,0.16276,000.03253174,000.32681507,000.34444809,000.52479863,000.36
Tournament (k=2),Arithmetic,Uniform,0.70139,0.25191,000.07743835,001.82535362,002.11315346,000.94870031,000.29
Tournament (k=2),Arithmetic,Uniform,0.94259,0.08830,000.00021362,000.00991144,000.01113129,000.11756392,000.23
Tournament (k=2),Blend,Gaussian,0.43709,0.27490,000.01248169,000.73889065,000.98927116,000.64244628,000.52
Tournament (k=2),Arithmetic,Uniform,0.94259,0.27490,000.11736679,002.07039046,002.52690887,001.22182429,000.30
Tournament (k=2),Blend,Gaussian,0.41200,0.23084,000.01843262,000.52975333,000.58436203,000.55017275,000.32
Tournament (k=2),Blend,Gaussian,0.55369,0.09637,000.00001907,000.00224018,000.00177765,000.05109407,000.28
Tournament (k=2),Arithmetic,Uniform,0.81310,0.14915,000.01237106,000.62034416,001.00436783,000.76647514,000.27
Tournament (k=2),Blend,Gaussian,0.41200,0.03095,000.00000000,000.00045853,000.00008774,000.01430487,000.27
Tournament (k=2),Blend,Gaussian,0.49195,0.10516,000.00006104,000.00487175,000.00402260,000.12874371,000.37
Tournament (k=2),Arithmetic,Uniform,1.00000,0.23084,000.15332794,001.58677292,001.81714058,001.01214325,000.24
Tournament (k=2),Arithmetic,Uniform,0.83749,0.03378,000.00023270,000.17733006,000.11805725,000.59386116,000.19
Tournament (k=2),Blend,Gaussian,0.40000,0.05705,000.00000000,000.00006313,000.00002289,000.00408703,000.26
Tournament (k=2),Arithmetic,Uniform,1.00000,0.09637,000.00079346,000.02262287,000.02158356,000.33606744,000.19
Tournament (k=2),Arithmetic,Uniform,0.66113,0.02837,000.00005341,000.08174863,000.08629417,000.36809015,000.15
Tournament (k=2),Arithmetic,Uniform,0.70139,0.09637,000.00013733,000.01341195,000.01282692,000.12715112,000.27
Tournament (k=2),Arithmetic,Uniform,0.78941,0.08092,000.00001526,000.00402150,000.00312614,000.03507343,000.21
Tournament (k=2),Arithmetic,Uniform,0.83749,0.10516,000.00376511,000.05007496,000.05585289,000.29579574,000.21
Tournament (k=2),Blend,Gaussian,0.47762,0.06226,000.00000000,000.00000377,000.00000000,000.00133684,000.31
Tournament (k=2),Arithmetic,Uniform,0.91514,0.16276,000.02600098,000.71811783,001.03829384,000.73137587,000.33
Tournament (k=2),Blend,Gaussian,0.57030,0.05705,000.00000000,000.00000100,000.00000000,000.00145368,000.23
Tournament (k=2),Arithmetic,Uniform,0.81310,0.06795,000.00000381,000.00185866,000.00155258,000.04643095,000.17
Tournament (k=2),Blend,Gaussian,0.55369,0.30000,000.02490616,001.13900828,001.34674835,000.74114674,000.38
Tournament (k=2),Blend,Gaussian,0.52190,0.03095,000.00000000,000.00004697,000.00000191,000.03031885,000.20
Tournament (k=2),Blend,Gaussian,0.58741,0.03378,000.00000000,000.00000563,000.00000000,000.00676967,000.22
Tournament (k=2),Blend,Gaussian,0.41200,0.09637,000.00000000,000.00050302,000.00037575,000.10048524,000.26
Tournament (k=2),Arithmetic,Uniform,1.00000,0.02599,000.00090027,000.36788344,000.33437729,000.64697242,000.18
Tournament (k=2),Blend,Gaussian,0.42436,0.05228,000.00000000,000.00006037,000.00002289,000.00468918,000.21
Tournament (k=2),Arithmetic,Uniform,0.66113,0.23084,000.18722916,001.80801010,002.10409546,000.95459199,000.29
Tournament (k=2),Blend,Gaussian,0.57030,0.17762,000.00995255,000.50266230,000.50957870,000.60293627,000.39
Tournament (k=2),Arithmetic,Uniform,0.78941,0.03378,000.00019455,000.22448993,000.11144257,000.64582950,000.19
Tournament (k=2),Arithmetic,Uniform,0.91514,0.04791,000.00000763,000.02579279,000.01849747,000.31500995,000.20
Tournament (k=2),Blend,Gaussian,0.46371,0.09637,000.00000763,000.00077233,000.00061035,000.01518551,000.25
Tournament (k=2),Blend,Gaussian,0.49195,0.03095,000.00000000,000.00014753,000.00002670,000.10427702,000.22
Tournament (k=2),Blend,Gaussian,0.49195,0.11476,000.00075150,000.01482916,000.01268196,000.13072714,000.35
Tournament (k=2),Blend,Gaussian,0.40000,0.16276,000.00328827,000.13426857,000.12288666,000.30573663,000.29
Tournament (k=2),Blend,Gaussian,0.45020,0.05705,000.00000000,000.00002313,000.00000763,000.00163174,000.25
Tournament (k=2),Blend,Gaussian,0.57030,0.06226,000.00000000,000.00000358,000.00000000,000.04546228,000.30
Tournament (k=2),Blend,Gaussian,0.52190,0.03378,000.00000000,000.00005302,000.00000763,000.10025923,000.25
Tournament (k=2),Blend,Gaussian,0.42436,0.16276,000.00629044,000.17349243,000.19809914,000.34226540,000.31
Tournament (k=2),Blend,Gaussian,0.52190,0.30000,000.12191772,001.01776755,001.22614861,000.72905135,000.41
Tournament (k=2),Arithmetic,Uniform,0.88849,0.03686,000.00007248,000.28501257,000.16353989,000.66702080,000.17
Tournament (k=2),Blend,Gaussian,0.46371,0.30000,000.06729889,000.93844146,001.14759064,000.72461659,000.39
Tournament (k=2),Blend,Gaussian,0.47762,0.17762,000.00897980,000.31848264,000.33129120,000.50106591,000.36
Tournament (k=2),Arithmetic,Uniform,0.74410,0.10516,000.00103760,000.04291010,000.04171562,000.25409624,000.21
Tournament (k=2),Blend,Gaussian,0.43709,0.09637,000.00000000,000.00050211,000.00042343,000.07785828,000.26
Tournament (k=2),Arithmetic,Uniform,0.76642,0.17762,000.00515366,000.95604962,001.26316452,000.95232356,000.24
Tournament (k=2),Blend,Gaussian,0.49195,0.03378,000.00000000,000.00004735,000.00001526,000.09896892,000.23
Tournament (k=2),Blend,Gaussian,0.50670,0.06226,000.00000000,000.00000873,000.00000381,000.03044703,000.26
Tournament (k=2),Arithmetic,Uniform,0.78941,0.30000,000.22103500,002.25786567,002.67771912,001.25246239,000.31
Tournament (k=2),Blend,Gaussian,0.53756,0.05705,000.00000000,000.00000348,000.00000000,000.00043901,000.26
Tournament (k=2),Blend,Gaussian,0.46371,0.10516,000.00003052,000.00418453,000.00333786,000.11076088,000.30
Tournament (k=2),Arithmetic,Uniform,0.66113,0.25191,000.19641495,001.88383222,002.22683334,000.99736768,000.31
Tournament (k=2),Blend,Gaussian,0.55369,0.03378,000.00000000,000.00002298,000.00000000,000.09908710,000.23
Tournament (k=2),Blend,Gaussian,0.45020,0.06226,000.00000000,000.00001416,000.00000763,000.00074936,000.27
Tournament (k=2),Blend,Gaussian,0.60503,0.02000,000.00000000,000.00005255,000.00000381,000.17227434,000.20
Tournament (k=2),Arithmetic,Uniform,0.86261,0.02000,000.00000763,000.49103460,000.71172523,000.65006906,000.16
Tournament (k=2),Arithmetic,Uniform,0.76642,0.06226,000.00000000,000.00408854,000.00329399,000.12191669,000.18
Tournament (k=2),Blend,Gaussian,0.50670,0.17762,000.01379776,000.35635394,000.40576172,000.45767811,000.37
Tournament (k=2),Arithmetic,Uniform,0.88849,0.30000,000.15113068,002.34575891,002.64642525,001.11020386,000.31
Tournament (k=2),Blend,Gaussian,0.40000,0.17762,000.01980591,000.26216346,000.29311371,000.39780807,000.34
Tournament (k=2),Arithmetic,Uniform,0.88849,0.08830,000.00022507,000.00895281,000.00879288,000.16124538,000.23
Tournament (k=2),Blend,Gaussian,0.49195,0.30000,000.02524185,001.00373435,001.25260925,000.74182969,000.42
Tournament (k=2),Blend,Gaussian,0.58741,0.10516,000.00048828,000.01613774,000.01575089,000.19613063,000.28
Tournament (k=2),Blend,Gaussian,0.45020,0.14915,000.00082016,000.12057467,000.14675331,000.35508499,000.30
Tournament (k=2),Arithmetic,Uniform,0.94259,0.09637,000.00018311,000.02657099,000.02533531,000.23812728,000.23
Tournament (k=2),Arithmetic,Uniform,0.76642,0.19383,000.03087234,001.47082686,001.69025421,000.79883689,000.26
Tournament (k=2),Blend,Gaussian,0.41200,0.03378,000.00000000,000.00044069,000.00024605,000.00969103,000.22
Tournament (k=2),Blend,Gaussian,0.53756,0.06226,000.00000000,000.00000515,000.00000000,000.00018682,000.26
Tournament (k=2),Arithmetic,Uniform,0.83749,0.03686,000.00003815,000.18515167,000.10847473,000.61049950,000.20
Tournament (k=2),Arithmetic,Uniform,1.00000,0.10516,000.00139999,000.04360075,000.04502678,000.29073662,000.20
Tournament (k=2),Arithmetic,Uniform,0.86261,0.16276,000.04735184,000.81116962,001.13415527,000.84158409,000.23
Tournament (k=2),Blend,Gaussian,0.55369,0.10516,000.00021744,000.01492104,000.01335335,000.27374667,000.28
Tournament (k=2),Blend,Gaussian,0.40000,0.06226,000.00000000,000.00002198,000.00000763,000.00239898,000.24
Tournament (k=2),Blend,Gaussian,0.53756,0.17762,000.02292633,000.45076117,000.44198036,000.55697930,000.36
Tournament (k=2),Blend,Gaussian,0.41200,0.25191,000.02148438,000.67785966,000.87550545,000.72049105,000.33
Tournament (k=2),Arithmetic,Uniform,1.00000,0.25191,000.29693985,002.04808998,002.38027763,001.01703119,000.30
Tournament (k=2),Blend,Gaussian,0.60503,0.06226,000.00000000,000.00000763,000.00000000,000.09678028,000.26
Tournament (k=2),Arithmetic,Uniform,0.78941,0.08830,000.00022507,000.01186366,000.01023483,000.20214570,000.24
Tournament (k=2),Blend,Gaussian,0.50670,0.06795,000.00000000,000.00001664,000.00000763,000.00282373,000.37
Tournament (k=2),Arithmetic,Uniform,0.66113,0.27490,000.08709335,002.29365611,002.59083366,001.10960853,000.34
Tournament (k=2),Blend,Gaussian,0.47762,0.06795,000.00000000,000.00002308,000.00001526,000.00157823,000.24
Tournament (k=2),Arithmetic,Uniform,0.83749,0.11476,000.00302887,000.08125667,000.07954597,000.29853851,000.25
Tournament (k=2),Arithmetic,Uniform,0.97087,0.16276,000.02603531,000.84967500,001.17459106,000.73351568,000.24
Tournament (k=2),Blend,Gaussian,0.57030,0.02000,000.00000000,000.00007296,000.00000381,000.16965291,000.19
Tournament (k=2),Arithmetic,Uniform,0.91514,0.17762,000.08396912,000.78132737,001.01870346,000.88419938,000.28
Tournament (k=2),Blend,Gaussian,0.62318,0.03686,000.00000000,000.00000038,000.00000000,000.00183280,000.22
Tournament (k=2),Arithmetic,Uniform,0.97087,0.04791,000.00003815,000.04661141,000.01494598,000.48688704,000.20
Tournament (k=2),Blend,Gaussian,0.60503,0.19383,000.03939819,000.64918590,000.76101875,000.71491337,000.37
Tournament (k=2),Arithmetic,Uniform,1.00000,0.02837,000.00013733,000.29705414,000.20942116,000.66551596,000.18
Tournament (k=2),Arithmetic,Uniform,1.00000,0.11476,000.00180054,000.08238039,000.08779526,000.42280152,000.22
Tournament (k=2),Blend,Gaussian,0.58741,0.03686,000.00000000,000.00000553,000.00000000,000.13946076,000.24
Tournament (k=2),Arithmetic,Uniform,0.78941,0.03686,000.00002289,000.06214061,000.06079102,000.37783965,000.19
Tournament (k=2),Blend,Gaussian,0.42436,0.05705,000.00000000,000.00003738,000.00001907,000.00178680,000.21
Tournament (k=2),Arithmetic,Uniform,0.91514,0.05228,000.00000381,000.01566396,000.00675201,000.39903951,000.20
Tournament (k=2),Blend,Gaussian,0.40000,0.06795,000.00000000,000.00005960,000.00003624,000.00431040,000.26
Tournament (k=2),Arithmetic,Uniform,0.88849,0.04023,000.00004578,000.10738911,000.05860901,000.54776824,000.17
Tournament (k=2),Blend,Gaussian,0.50670,0.07415,000.00000000,000.00001025,000.00000381,000.00707049,000.27
Tournament (k=2),Blend,Gaussian,0.60503,0.06795,000.00000000,000.00001454,000.00000381,000.01868303,000.27
Tournament (k=2),Blend,Gaussian,0.53756,0.02000,000.00000000,000.00028930,000.00001335,000.16974354,000.20
Tournament (k=2),Blend,Gaussian,0.47762,0.07415,000.00000000,000.00001884,000.00000954,000.01966100,000.27
Tournament (k=2),Blend,Gaussian,0.52190,0.10516,000.00001526,000.00507169,000.00477982,000.04287251,000.27
Tournament (k=2),Blend,Gaussian,0.57030,0.02183,000.00000000,000.00009160,000.00000763,000.23676178,000.24
Tournament (k=2),Arithmetic,Uniform,0.83749,0.12524,000.00534821,000.25494632,000.21067047,000.55833948,000.26
Tournament (k=2),Arithmetic,Uniform,0.97087,0.17762,000.02578735,001.10187221,001.35191345,000.90547121,000.26
Tournament (k=2),Blend,Gaussian,0.57030,0.19383,000.05427170,000.51876438,000.58821297,000.57991320,000.34
Tournament (k=2),Blend,Gaussian,0.49195,0.12524,000.00129700,000.03794737,000.04436874,000.24349588,000.32
Tournament (k=2),Blend,Gaussian,0.47762,0.02000,000.00000000,000.00127797,000.00059128,000.19751260,000.21
Tournament (k=2),Arithmetic,Uniform,0.81310,0.02000,000.00045395,000.42295665,000.42619705,000.73723042,000.18
Tournament (k=2),Blend,Gaussian,0.49195,0.03686,000.00000000,000.00007291,000.00001526,000.01142151,000.21
Tournament (k=2),Blend,Gaussian,0.43709,0.10516,000.00001144,000.00230026,000.00215721,000.02477570,000.27
Tournament (k=2),Arithmetic,Uniform,0.70139,0.27490,000.14252853,002.01454830,002.34299278,001.02194405,000.26
Tournament (k=2),Blend,Gaussian,0.42436,0.17762,000.02622223,000.23504491,000.24619293,000.43111926,000.36
Tournament (k=2),Blend,Gaussian,0.62318,0.11476,000.00036621,000.04565454,000.04689407,000.27665889,000.31
Tournament (k=2),Arithmetic,Uniform,0.91514,0.02000,000.00294113,000.61675102,001.00079536,000.92374223,000.19
Tournament (k=2),Blend,Gaussian,0.60503,0.02183,000.00000000,000.00003190,000.00000000,000.14075571,000.22
Tournament (k=2),Blend,Gaussian,0.64187,0.02183,000.00000000,000.00000219,000.00000000,000.19749628,000.22
Tournament (k=2),Blend,Gaussian,0.47762,0.19383,000.02092743,000.49356633,000.56144524,000.49310344,000.38
Tournament (k=2),Blend,Gaussian,0.55369,0.03686,000.00000000,000.00001512,000.00000381,000.09897680,000.24
Tournament (k=2),Arithmetic,Uniform,0.88849,0.09637,000.00032043,000.02131867,000.01940536,000.21586114,000.21
Tournament (k=2),Blend,Gaussian,0.57030,0.02382,000.00000000,000.00003171,000.00000381,000.17003541,000.26
Tournament (k=2),Blend,Gaussian,0.46371,0.11476,000.00035858,000.01256957,000.01277924,000.17255437,000.28
Tournament (k=2),Arithmetic,Uniform,0.94259,0.30000,000.12745667,002.29020309,002.79816055,001.15335250,000.32
Tournament (k=2),Blend,Gaussian,0.47762,0.08092,000.00000000,000.00004048,000.00002480,000.00167689,000.30
Tournament (k=2),Blend,Gaussian,0.50670,0.02000,000.00000000,000.00060105,000.00005913,000.23221087,000.23
Tournament (k=2),Blend,Gaussian,0.64187,0.06795,000.00000000,000.00003443,000.00000381,000.10408438,000.31
Tournament (k=2),Blend,Gaussian,0.43709,0.30000,000.09543991,000.96361428,001.15478134,000.75672817,000.43
Tournament (k=2),Blend,Gaussian,0.49195,0.04023,000.00000000,000.00005546,000.00000763,000.11059093,000.24
Tournament (k=2),Blend,Gaussian,0.52190,0.11476,000.00016022,000.02943211,000.03331184,000.21694842,000.36
Tournament (k=2),Arithmetic,Uniform,0.94259,0.10516,000.00078583,000.04945102,000.04928589,000.32069904,000.22
Tournament (k=2),Blend,Gaussian,0.49195,0.13667,000.00309753,000.06558323,000.07156563,000.26634747,000.35
Tournament (k=2),Blend,Gaussian,0.41200,0.03686,000.00000000,000.00020752,000.00008392,000.00639454,000.22
Tournament (k=2),Arithmetic,Uniform,0.91514,0.02183,000.00769806,000.41943932,000.33257294,000.76722574,000.18
Tournament (k=2),Blend,Gaussian,0.53756,0.06795,000.00000000,000.00000663,000.00000191,000.10063671,000.25
Tournament (k=2),Arithmetic,Uniform,0.86261,0.17762,000.08691788,001.00894570,001.20135498,000.86624825,000.24
Tournament (k=2),Blend,Gaussian,0.45020,0.16276,000.00432968,000.16370134,000.16721153,000.44074038,000.32
Tournament (k=2),Blend,Gaussian,0.46371,0.02837,000.00000000,000.00037737,000.00013733,000.09963162,000.22
Tournament (k=2),Blend,Gaussian,0.41200,0.10516,000.00006104,000.00222402,000.00207138,000.01057447,000.26
Tournament (k=2),Arithmetic,Uniform,0.94259,0.02837,000.00208282,000.27111739,000.17950058,000.64055759,000.19
Tournament (k=2),Blend,Gaussian,0.43709,0.03378,000.00000000,000.00038056,000.00013924,000.00499267,000.22
Tournament (k=2),Blend,Gaussian,0.55369,0.11476,000.00169373,000.03212614,000.03506088,000.19029298,000.30
Tournament (k=2),Arithmetic,Uniform,0.97087,0.02000,000.00071716,000.54859948,000.88467216,000.77333724,000.24
Tournament (k=2),Blend,Gaussian,0.64187,0.21153,000.01422119,000.84366018,001.11059570,000.74445975,000.40
Tournament (k=2),Arithmetic,Uniform,0.78941,0.09637,000.00024414,000.01587415,000.01815033,000.10723971,000.24
Tournament (k=2),Blend,Gaussian,0.45020,0.02000,000.00000000,000.00069938,000.00035858,000.24434900,000.21
Tournament (k=2),Blend,Gaussian,0.66113,0.04023,000.00000000,000.00000024,000.00000000,000.01279449,000.27
Tournament (k=2),Arithmetic,Uniform,0.94259,0.11476,000.01251221,000.13844553,000.11621284,000.40863201,000.25
Tournament (k=2),Blend,Gaussian,0.41200,0.27490,000.05078888,000.73783857,000.92467690,000.60102528,000.36
Tournament (k=2),Blend,Gaussian,0.62318,0.04023,000.00000000,000.00000033,000.00000000,000.31267381,000.25
Tournament (k=2),Blend,Gaussian,0.52190,0.03686,000.00000000,000.00001612,000.00000000,000.09897975,000.26
Tournament (k=2),Arithmetic,Uniform,0.91514,0.19383,000.07957840,001.23938680,001.49079514,000.96287656,000.26
Tournament (k=2),Blend,Gaussian,0.53756,0.19383,000.06134415,000.60288739,000.73209000,000.55827743,000.40
Tournament (k=2),Arithmetic,Uniform,1.00000,0.03095,000.00092316,000.30964980,000.22853851,000.60388577,000.20
Tournament (k=2),Arithmetic,Uniform,0.97087,0.05228,000.00000000,000.01271210,000.00760269,000.38189107,000.22
Tournament (k=2),Arithmetic,Uniform,1.00000,0.12524,000.00167465,000.21907267,000.16543770,000.54469836,000.22
Tournament (k=2),Blend,Gaussian,0.52190,0.12524,000.00267410,000.05621009,000.05777359,000.23095258,000.35
Tournament (k=2),Blend,Gaussian,0.68096,0.02382,000.00000000,000.00000548,000.00000000,000.28638709,000.23
Tournament (k=2),Arithmetic,Uniform,0.88849,0.04390,000.00003052,000.16082677,000.03963661,000.54564303,000.18
Tournament (k=2),Blend,Gaussian,0.58741,0.04023,000.00000000,000.00000639,000.00000000,000.10466152,000.25
Tournament (k=2),Arithmetic,Uniform,0.91514,0.05705,000.00000000,000.00358553,000.00346184,000.27938926,000.21
Tournament (k=2),Blend,Gaussian,0.42436,0.06226,000.00000000,000.00003009,000.00001717,000.00237665,000.22
Tournament (k=2),Blend,Gaussian,0.66113,0.12524,000.00328445,000.19194941,000.16187859,000.49361041,000.34
Tournament (k=2),Arithmetic,Uniform,0.78941,0.10516,000.00115585,000.04217992,000.04131889,000.17334777,000.26
Tournament (k=2),Blend,Gaussian,0.68096,0.07415,000.00000000,000.00014372,000.00009537,000.09951645,000.29
Tournament (k=2),Arithmetic,Uniform,0.86261,0.02183,000.00139999,000.40167513,000.34712982,000.68798691,000.16
Tournament (k=2),Blend,Gaussian,0.53756,0.02183,000.00000000,000.00018382,000.00006676,000.16953795,000.20
Tournament (k=2),Blend,Gaussian,0.60503,0.07415,000.00000000,000.00009160,000.00003242,000.10328368,000.29
Tournament (k=2),Blend,Gaussian,0.45020,0.06795,000.00000000,000.00002623,000.00001144,000.00134136,000.23
Tournament (k=2),Blend,Gaussian,0.50670,0.08092,000.00000000,000.00007720,000.00003815,000.01183886,000.30
Tournament (k=2),Blend,Gaussian,0.60503,0.21153,000.02047348,000.73066032,000.88932991,000.65711212,000.42
Tournament (k=2),Arithmetic,Uniform,0.97087,0.05705,000.00000381,000.01017342,000.00461960,000.23342185,000.21
Tournament (k=2),Arithmetic,Uniform,0.81310,0.02183,000.00170898,000.47440773,000.52970123,000.63779241,000.18
Tournament (k=2),Blend,Gaussian,0.47762,0.02183,000.00000000,000.00094004,000.00016975,000.21215124,000.21
Tournament (k=2),Arithmetic,Uniform,0.81310,0.16276,000.05355072,000.77742559,001.10905075,000.76958454,000.27
Tournament (k=2),Arithmetic,Uniform,0.97087,0.19383,000.04343796,001.19158697,001.49151039,000.88727069,000.25
Tournament (k=2),Arithmetic,Uniform,1.00000,0.13667,000.00268555,000.34201226,000.26102829,000.58490038,000.24
Tournament (k=2),Blend,Gaussian,0.50670,0.19383,000.04448700,000.51838815,000.62792969,000.55980891,000.33
Tournament (k=2),Blend,Gaussian,0.42436,0.06795,000.00000000,000.00002112,000.00000954,000.00356592,000.24
Tournament (k=2),Blend,Gaussian,0.60503,0.02382,000.00000000,000.00000567,000.00000000,000.00183476,000.20
Tournament (k=2),Blend,Gaussian,0.43709,0.11476,000.00008392,000.00916100,000.01002312,000.12551926,000.28
Tournament (k=2),Blend,Gaussian,0.64187,0.02382,000.00000000,000.00000086,000.00000000,000.22423083,000.22
Tournament (k=2),Blend,Gaussian,0.58741,0.11476,000.00264359,000.03274274,000.03251839,000.22122812,000.32
Tournament (k=2),Arithmetic,Uniform,0.70139,0.30000,000.17604065,002.36696649,002.70826530,001.07431877,000.29
Tournament (k=2),Arithmetic,Uniform,0.78941,0.11476,000.00707626,000.15238842,000.13484764,000.53638297,000.27
Tournament (k=2),Arithmetic,Uniform,0.88849,0.10516,000.00074768,000.04995327,000.06068611,000.21891724,000.21
Tournament (k=2),Blend,Gaussian,0.57030,0.02599,000.00000000,000.00002041,000.00000000,000.10689250,000.20
Tournament (k=2),Blend,Gaussian,0.62318,0.12524,000.00735474,000.09911142,000.09403419,000.35332689,000.30
Tournament (k=2),Blend,Gaussian,0.55369,0.04023,000.00000000,000.00000486,000.00000000,000.00237714,000.24
Tournament (k=2),Arithmetic,Uniform,0.86261,0.05228,000.00010681,000.01177130,000.00890732,000.31128702,000.20
Tournament (k=2),Blend,Gaussian,0.50670,0.02183,000.00000000,000.00033183,000.00003815,000.18455841,000.23
Tournament (k=2),Blend,Gaussian,0.49195,0.04390,000.00000000,000.00002866,000.00000381,000.09896059,000.22
Tournament (k=2),Blend,Gaussian,0.46371,0.12524,000.00105286,000.03850489,000.04346275,000.17749014,000.28
Tournament (k=2),Arithmetic,Uniform,1.00000,0.27490,000.16776657,002.15327358,002.48953247,001.20068085,000.29
Tournament (k=2),Blend,Gaussian,0.64187,0.07415,000.00000000,000.00006280,000.00003052,000.08673537,000.29
Tournament (k=2),Blend,Gaussian,0.47762,0.21153,000.05022430,000.53901166,000.52578545,000.67718983,000.40
Tournament (k=2),Arithmetic,Uniform,0.91514,0.02382,000.00196075,000.34035054,000.26512146,000.72643155,000.18
Tournament (k=2),Blend,Gaussian,0.60503,0.02599,000.00000000,000.00001512,000.00000000,000.23898089,000.22
Tournament (k=2),Blend,Gaussian,0.57030,0.06795,000.00000000,000.00000806,000.00000381,000.00629821,000.26
Tournament (k=2),Arithmetic,Uniform,0.94259,0.03095,000.00074768,000.36683077,000.29749870,000.74389732,000.18
Tournament (k=2),Arithmetic,Uniform,0.88849,0.11476,000.00507355,000.07765555,000.07746887,000.48466200,000.21
Tournament (k=2),Blend,Gaussian,0.70139,0.04390,000.00000000,000.00000467,000.00000000,000.07369496,000.25
Tournament (k=2),Blend,Gaussian,0.64187,0.02599,000.00000000,000.00000486,000.00000000,000.21973562,000.26
Tournament (k=2),Blend,Gaussian,0.43709,0.03686,000.00000000,000.00021915,000.00009918,000.10047992,000.20
Tournament (k=2),Blend,Gaussian,0.46371,0.03095,000.00000000,000.00022159,000.00010681,000.00985125,000.22
Tournament (k=2),Arithmetic,Uniform,0.86261,0.19383,000.08734894,001.30702972,001.54985237,000.75513583,000.23
Tournament (k=2),Blend,Gaussian,0.49195,0.14915,000.01657867,000.12878832,000.15746117,000.34206364,000.33
Tournament (k=2),Arithmetic,Uniform,0.97087,0.02183,000.00012970,000.53290105,000.87582779,000.71237886,000.18
Tournament (k=2),Blend,Gaussian,0.41200,0.11476,000.00012970,000.00716424,000.00744438,000.03440357,000.27
Tournament (k=2),Blend,Gaussian,0.68096,0.23084,000.10964966,001.20648003,001.40382576,000.79699779,000.47
Tournament (k=2),Blend,Gaussian,0.43709,0.12524,000.00064850,000.02260194,000.02511406,000.11487806,000.36
Tournament (k=2),Blend,Gaussian,0.40000,0.07415,000.00000000,000.00003486,000.00001907,000.00211708,000.25
Tournament (k=2),Blend,Gaussian,0.55369,0.04390,000.00000000,000.00000558,000.00000000,000.00231525,000.29
Tournament (k=2),Blend,Gaussian,0.62318,0.04390,000.00000000,000.00000000,000.00000000,000.09900828,000.22
Tournament (k=2),Blend,Gaussian,0.66113,0.04390,000.00000000,000.00000424,000.00000000,000.03382817,000.25
Tournament (k=2),Arithmetic,Uniform,0.94259,0.12524,000.00407410,000.17361322,000.15319443,000.45016131,000.26
Tournament (k=2),Blend,Gaussian,0.52190,0.04023,000.00000000,000.00001531,000.00000381,000.09897844,000.21
Tournament (k=2),Blend,Gaussian,0.43709,0.04023,000.00000000,000.00008364,000.00003242,000.01191908,000.20
Tournament (k=2),Blend,Gaussian,0.64187,0.08092,000.00000000,000.00047798,000.00028610,000.11030926,000.31
Tournament (k=2),Blend,Gaussian,0.64187,0.02837,000.00000000,000.00002241,000.00000000,000.14505056,000.23
Tournament (k=2),Arithmetic,Uniform,0.91514,0.21153,000.10705948,001.40673089,001.74088478,000.87586540,000.24
Tournament (k=2),Blend,Gaussian,0.46371,0.03378,000.00000000,000.00027328,000.00013542,000.13943245,000.23
Tournament (k=2),Blend,Gaussian,0.64187,0.23084,000.03617096,000.90504229,001.24291992,000.79698539,000.39
Tournament (k=2),Blend,Gaussian,0.68096,0.02599,000.00000000,000.00000386,000.00000000,000.28943208,000.23
Tournament (k=2),Blend,Gaussian,0.41200,0.30000,000.01684952,000.71089375,000.84919167,000.71345800,000.36
Tournament (k=2),Blend,Gaussian,0.52190,0.13667,000.00469971,000.10689154,000.13232040,000.28608423,000.29
Tournament (k=2),Arithmetic,Uniform,0.91514,0.06226,000.00000000,000.00267377,000.00203514,000.18385373,000.21
Tournament (k=2),Arithmetic,Uniform,0.86261,0.02382,000.00462341,000.41080222,000.36531448,000.61889875,000.16
Tournament (k=2),Arithmetic,Uniform,0.83749,0.04023,000.00003052,000.05573735,000.03977013,000.48937678,000.19
Tournament (k=2),Blend,Gaussian,0.58741,0.04390,000.00000000,000.00000558,000.00000000,000.00156710,000.22
Tournament (k=2),Blend,Gaussian,0.53756,0.21153,000.02931213,000.77814120,001.08815765,000.61165524,000.37
Tournament (k=2),Blend,Gaussian,0.57030,0.21153,000.06395721,000.81240427,001.06786346,000.55639273,000.37
Tournament (k=2),Blend,Gaussian,0.40000,0.19383,000.01526642,000.36620671,000.37899590,000.46338469,000.35
Tournament (k=2),Blend,Gaussian,0.70139,0.13667,000.00849152,000.30183807,000.32989883,000.52835625,000.34
Tournament (k=2),Blend,Gaussian,0.53756,0.02382,000.00000000,000.00010200,000.00001717,000.17112128,000.22
Tournament (k=2),Blend,Gaussian,0.68096,0.08092,000.00000000,000.00062809,000.00046158,000.11133430,000.29
Tournament (k=2),Blend,Gaussian,0.66113,0.13667,000.01903534,000.20480990,000.22966003,000.41896957,000.31
Tournament (k=2),Blend,Gaussian,0.42436,0.19383,000.04153442,000.36921293,000.37918472,000.50078142,000.32
Tournament (k=2),Blend,Gaussian,0.64187,0.03095,000.00000000,000.00000286,000.00000000,000.14545853,000.25
Tournament (k=2),Arithmetic,Uniform,0.97087,0.06226,000.00000000,000.00266762,000.00197601,000.11168376,000.23
Tournament (k=2),Blend,Gaussian,0.60503,0.08092,000.00000000,000.00030317,000.00018120,000.08301231,000.28
Tournament (k=2),Blend,Gaussian,0.42436,0.02000,000.00000000,000.00120883,000.00061798,000.19537959,000.21
Tournament (k=2),Blend,Gaussian,0.50670,0.08830,000.00000000,000.00028701,000.00018501,000.01690637,000.28
Tournament (k=2),Blend,Gaussian,0.47762,0.08830,000.00000000,000.00012102,000.00011635,000.02168723,000.25
Tournament (k=2),Arithmetic,Uniform,1.00000,0.14915,000.02991867,000.56985313,000.57855225,000.70565826,000.22
Tournament (k=2),Arithmetic,Uniform,0.97087,0.21153,000.11111832,001.32193542,001.53594971,000.98831350,000.23
Tournament (k=2),Blend,Gaussian,0.42436,0.07415,000.00000000,000.00003762,000.00002098,000.00216299,000.26
Tournament (k=2),Blend,Gaussian,0.60503,0.23084,000.17324066,000.91734374,001.19087601,000.64181626,000.39
Tournament (k=2),Arithmetic,Uniform,0.81310,0.17762,000.01194763,000.84962714,001.19934082,000.79205865,000.30
Tournament (k=2),Blend,Gaussian,0.53756,0.02599,000.00000000,000.00009484,000.00000954,000.00934857,000.23
Tournament (k=2),Arithmetic,Uniform,0.86261,0.05705,000.00000000,000.00416675,000.00320244,000.28000644,000.19
Tournament (k=2),Blend,Gaussian,0.57030,0.02837,000.00000000,000.00001421,000.00000000,000.16968027,000.20
Tournament (k=2),Blend,Gaussian,0.53756,0.07415,000.00000000,000.00001755,000.00000763,000.00729659,000.26
Tournament (k=2),Blend,Gaussian,0.58741,0.12524,000.00247192,000.08937769,000.09663200,000.31309423,000.29
Tournament (k=2),Blend,Gaussian,0.52190,0.14915,000.01687241,000.19154768,000.18859482,000.37755319,000.35
Tournament (k=2),Blend,Gaussian,0.50670,0.02382,000.00000000,000.00019088,000.00007057,000.14845923,000.21
Tournament (k=2),Arithmetic,Uniform,0.97087,0.06795,000.00000763,000.00179720,000.00104332,000.12282638,000.23
Tournament (k=2),Blend,Gaussian,0.49195,0.04791,000.00000000,000.00002632,000.00000763,000.00124486,000.22
Tournament (k=2),Blend,Gaussian,0.50670,0.21153,000.04830933,000.61162543,000.64151382,000.59169114,000.38
Tournament (k=2),Blend,Gaussian,0.45020,0.02183,000.00000000,000.00053101,000.00014305,000.47690243,000.21
Tournament (k=2),Blend,Gaussian,0.57030,0.23084,000.03234482,000.83423263,001.13154602,000.64931685,000.42
Tournament (k=2),Blend,Gaussian,0.47762,0.09637,000.00000381,000.00091763,000.00075722,000.01862065,000.28
Tournament (k=2),Arithmetic,Uniform,0.91514,0.02599,000.00028992,000.48609409,000.56285095,000.67627847,000.18
Tournament (k=2),Blend,Gaussian,0.62318,0.13667,000.01203918,000.20609388,000.22007179,000.40200475,000.34
Tournament (k=2),Blend,Gaussian,0.45020,0.17762,000.01716614,000.22343692,000.24782562,000.41097125,000.36
Tournament (k=2),Arithmetic,Uniform,1.00000,0.30000,000.35839844,002.44601631,002.68135834,001.05688524,000.30
Tournament (k=2),Blend,Gaussian,0.60503,0.02837,000.00000000,000.00000353,000.00000000,000.13961814,000.21
Tournament (k=2),Arithmetic,Uniform,0.94259,0.03378,000.00074005,000.25256976,000.09746170,000.67111993,000.19
Tournament (k=2),Arithmetic,Uniform,1.00000,0.03378,000.00008392,000.25612411,000.18439484,000.70273495,000.19
Tournament (k=2),Arithmetic,Uniform,0.88849,0.12524,000.01435852,000.23521128,000.22099686,000.51503509,000.21
Tournament (k=2),Arithmetic,Uniform,0.97087,0.02382,000.00074005,000.44403449,000.47759247,000.69299066,000.19
Tournament (k=2),Blend,Gaussian,0.50670,0.09637,000.00000763,000.00114779,000.00127029,000.11086895,000.38
Tournament (k=2),Arithmetic,Uniform,0.86261,0.21153,000.02513504,001.58995855,001.84993362,000.93561476,000.24
Tournament (k=2),Blend,Gaussian,0.70139,0.04791,000.00000000,000.00000215,000.00000000,000.14168809,000.25
Tournament (k=2),Blend,Gaussian,0.57030,0.07415,000.00000000,000.00001936,000.00000763,000.00336270,000.30
Tournament (k=2),Blend,Gaussian,0.47762,0.23084,000.02154541,000.67001814,000.83195496,000.62432849,000.39
Tournament (k=2),Blend,Gaussian,0.41200,0.12524,000.00030518,000.01594453,000.01980019,000.19118352,000.27
Tournament (k=2),Blend,Gaussian,0.62318,0.04791,000.00000000,000.00000014,000.00000000,000.01431077,000.22
Tournament (k=2),Blend,Gaussian,0.52190,0.04390,000.00000000,000.00001521,000.00000000,000.00852767,000.22
Tournament (k=2),Blend,Gaussian,0.43709,0.13667,000.00069427,000.05577331,000.05722618,000.27715439,000.29
Tournament (k=2),Blend,Gaussian,0.40000,0.08092,000.00000000,000.00005908,000.00003242,000.00075370,000.26
Tournament (k=2),Blend,Gaussian,0.55369,0.04791,000.00000000,000.00000129,000.00000000,000.00224010,000.26
Tournament (k=2),Blend,Gaussian,0.66113,0.04791,000.00000000,000.00000038,000.00000000,000.10837241,000.25
Tournament (k=2),Blend,Gaussian,0.40000,0.02000,000.00000000,000.00167952,000.00046730,000.23497018,000.24
Tournament (k=2),Blend,Gaussian,0.49195,0.16276,000.00221252,000.17968340,000.16321754,000.46245557,000.39
Tournament (k=2),Blend,Gaussian,0.46371,0.03686,000.00000000,000.00014896,000.00002289,000.00592842,000.23
Tournament (k=2),Blend,Gaussian,0.68096,0.25191,000.04407883,001.11150134,001.37512398,000.83914346,000.39
Tournament (k=2),Arithmetic,Uniform,0.91514,0.06795,000.00001144,000.00223417,000.00200272,000.11906718,000.21
Tournament (k=2),Blend,Gaussian,0.60503,0.03095,000.00000000,000.00000749,000.00000000,000.14049430,000.28
Tournament (k=2),Arithmetic,Uniform,0.88849,0.13667,000.00649261,000.45577264,000.46404457,000.67961460,000.26
Tournament (k=2),Blend,Gaussian,0.68096,0.02837,000.00000000,000.00000467,000.00000000,000.31932029,000.23
Tournament (k=2),Arithmetic,Uniform,0.91514,0.23084,000.08758926,001.55613256,001.85317230,001.11043346,000.30
Tournament (k=2),Blend,Gaussian,0.47762,0.02382,000.00000000,000.00033951,000.00010109,000.14877008,000.22
Tournament (k=2),Blend,Gaussian,0.72243,0.02599,000.00000000,000.00001516,000.00000000,000.23641935,000.21
Tournament (k=2),Blend,Gaussian,0.45020,0.19383,000.02587891,000.38932842,000.36410904,000.53506768,000.40
Tournament (k=2),Blend,Gaussian,0.58741,0.04791,000.00000000,000.00000110,000.00000000,000.00149914,000.23
Tournament (k=2),Blend,Gaussian,0.72243,0.08092,000.00000381,000.00149236,000.00056839,000.12324152,000.30
Tournament (k=2),Blend,Gaussian,0.64187,0.25191,000.10506439,001.01920128,001.20187378,000.72896451,000.42
Tournament (k=2),Blend,Gaussian,0.40000,0.08830,000.00000000,000.00010757,000.00007820,000.00227387,000.28
Tournament (k=2),Blend,Gaussian,0.42436,0.02183,000.00000000,000.00243278,000.00115967,000.25399664,000.18
Tournament (k=2),Blend,Gaussian,0.64187,0.03378,000.00000000,000.00000234,000.00000000,000.13940766,000.22
Tournament (k=2),Blend,Gaussian,0.40000,0.21153,000.07587814,000.44616896,000.46257401,000.53005266,000.32
Tournament (k=2),Blend,Gaussian,0.43709,0.14915,000.00461578,000.08059116,000.08184624,000.28050891,000.35
Tournament (k=2),Blend,Gaussian,0.68096,0.08830,000.00003052,000.00397558,000.00223351,000.15639949,000.32
Tournament (k=2),Blend,Gaussian,0.55369,0.05228,000.00000000,000.00000081,000.00000000,000.00031686,000.36
Tournament (k=2),Blend,Gaussian,0.60503,0.08830,000.00001526,000.00096965,000.00083160,000.13478652,000.28
Tournament (k=2),Blend,Gaussian,0.70139,0.14915,000.01003647,000.47585329,000.44160271,000.57135701,000.36
Tournament (k=2),Arithmetic,Uniform,1.00000,0.16276,000.03750610,000.85312688,001.14093590,000.70815140,000.27
Tournament (k=2),Blend,Gaussian,0.66113,0.14915,000.01023102,000.45717162,000.49458694,000.64704847,000.34
Tournament (k=2),Blend,Gaussian,0.55369,0.12524,000.00494766,000.07650976,000.08346558,000.21544664,000.30
Tournament (k=2),Blend,Gaussian,0.46371,0.13667,000.00122833,000.08267455,000.07944870,000.27578455,000.29
Tournament (k=2),Arithmetic,Uniform,0.97087,0.23084,000.09591293,001.83762801,002.25042534,001.01765275,000.24
Tournament (k=2),Blend,Gaussian,0.42436,0.21153,000.01242065,000.40829167,000.47591591,000.53591496,000.38
Tournament (k=2),Blend,Gaussian,0.76642,0.02837,000.00000000,000.00002255,000.00000000,000.37920007,000.23
Tournament (k=2),Blend,Gaussian,0.72243,0.25191,000.15231323,001.38799548,001.59071541,000.76858127,000.43
Tournament (k=2),Blend,Gaussian,0.74410,0.04791,000.00000000,000.00000391,000.00000000,000.14855206,000.35
Tournament (k=2),Blend,Gaussian,0.42436,0.08092,000.00000000,000.00006146,000.00004578,000.00382792,000.26
Tournament (k=2),Arithmetic,Uniform,0.86261,0.06226,000.00001144,000.00310979,000.00212669,000.20349348,000.18
Tournament (k=2),Blend,Gaussian,0.53756,0.02837,000.00000000,000.00002666,000.00000000,000.15500063,000.22
Tournament (k=2),Blend,Gaussian,0.74410,0.14915,000.02066040,000.50359923,000.52372932,000.58108193,000.36
Tournament (k=2),Blend,Gaussian,0.45020,0.02382,000.00000000,000.00088801,000.00048447,000.16971113,000.18
Tournament (k=2),Arithmetic,Uniform,0.81310,0.19383,000.11788940,001.17809117,001.44067192,000.98765111,000.30
Tournament (k=2),Blend,Gaussian,0.50670,0.02599,000.00000000,000.00022273,000.00004196,000.01739101,000.22
Tournament (k=2),Arithmetic,Uniform,0.97087,0.07415,000.00003052,000.00242395,000.00156021,000.12105147,000.22
Tournament (k=2),Blend,Gaussian,0.49195,0.05228,000.00000000,000.00000935,000.00000381,000.00219292,000.22
Tournament (k=2),Blend,Gaussian,0.53756,0.08092,000.00000000,000.00010419,000.00006104,000.07971042,000.25
Tournament (k=2),Blend,Gaussian,0.60503,0.25191,000.08218765,001.02632928,001.24883461,000.67787749,000.39
Tournament (k=2),Blend,Gaussian,0.43709,0.16276,000.00925446,000.16685633,000.17718697,000.33778083,000.34
Tournament (k=2),Blend,Gaussian,0.58741,0.13667,000.00668335,000.13951388,000.15799141,000.35637268,000.32
Tournament (k=2),Blend,Gaussian,0.43709,0.04390,000.00000000,000.00010724,000.00003052,000.00426470,000.21
Tournament (k=2),Arithmetic,Uniform,0.94259,0.03686,000.00028610,000.28418431,000.09000587,000.67411393,000.19
Tournament (k=2),Blend,Gaussian,0.52190,0.16276,000.01290894,000.31356329,000.30148506,000.53097159,000.33
Tournament (k=2),Blend,Gaussian,0.47762,0.10516,000.00003433,000.00394483,000.00385666,000.09493324,000.27
Tournament (k=2),Arithmetic,Uniform,0.94259,0.13667,000.01400375,000.42166725,000.47833061,000.58118796,000.26
Tournament (k=2),Blend,Gaussian,0.55369,0.13667,000.00559235,000.13887338,000.14647293,000.31724086,000.35
Tournament (k=2),Arithmetic,Uniform,1.00000,0.03686,000.00001144,000.17836055,000.12526512,000.54610455,000.17
Tournament (k=2),Blend,Gaussian,0.76642,0.08830,000.00009537,000.01014123,000.00702667,000.10869560,000.29
Tournament (k=2),Arithmetic,Uniform,0.97087,0.02599,000.00096893,000.38623333,000.34361839,000.68850523,000.18
Tournament (k=2),Blend,Gaussian,0.64187,0.08830,000.00000000,000.00439959,000.00206566,000.19551568,000.29
Tournament (k=2),Blend,Gaussian,0.57030,0.25191,000.08930969,001.14178324,001.40179825,000.86812377,000.40
Tournament (k=2),Blend,Gaussian,0.45020,0.07415,000.00000000,000.00001512,000.00000763,000.00061138,000.24
Tournament (k=2),Arithmetic,Uniform,0.97087,0.08092,000.00002289,000.00442410,000.00404358,000.10027293,000.25
Tournament (k=2),Blend,Gaussian,0.70139,0.05228,000.00000000,000.00000696,000.00000000,000.10628499,000.26
Tournament (k=2),Blend,Gaussian,0.57030,0.08092,000.00000000,000.00008011,000.00004578,000.01241104,000.27
Tournament (k=2),Blend,Gaussian,0.50670,0.10516,000.00002289,000.00613174,000.00588036,000.10693386,000.30
Tournament (k=2),Blend,Gaussian,0.62318,0.05228,000.00000000,000.00000043,000.00000000,000.00571265,000.23
Tournament (k=2),Blend,Gaussian,0.41200,0.13667,000.00242615,000.04131651,000.04436111,000.20845024,000.28
Tournament (k=2),Blend,Gaussian,0.40000,0.02183,000.00000000,000.00155296,000.00052452,000.24243492,000.19
Tournament (k=2),Blend,Gaussian,0.53756,0.08830,000.00000000,000.00038776,000.00038147,000.00310456,000.31
Tournament (k=2),Blend,Gaussian,0.41200,0.04023,000.00000000,000.00017147,000.00008965,000.00444921,000.24
Tournament (k=2),Blend,Gaussian,0.72243,0.27490,000.22976303,001.58519268,001.78277016,000.87063062,000.50
Tournament (k=2),Blend,Gaussian,0.46371,0.04023,000.00000000,000.00005031,000.00000763,000.00879773,000.24
Tournament (k=2),Arithmetic,Uniform,0.91514,0.07415,000.00004578,000.00249252,000.00234795,000.01693339,000.19
Tournament (k=2),Blend,Gaussian,0.43709,0.04791,000.00000000,000.00006161,000.00001526,000.00248560,000.29
Tournament (k=2),Blend,Gaussian,0.66113,0.05228,000.00000000,000.00000234,000.00000000,000.01112172,000.26
Tournament (k=2),Blend,Gaussian,0.60503,0.03378,000.00000000,000.00000095,000.00000000,000.13533516,000.23
Tournament (k=2),Blend,Gaussian,0.47762,0.02599,000.00000000,000.00018244,000.00006866,000.00659047,000.20
Tournament (k=2),Blend,Gaussian,0.68096,0.03095,000.00000000,000.00000014,000.00000000,000.31287357,000.24
Tournament (k=2),Blend,Gaussian,0.49195,0.17762,000.02450562,000.37386385,000.42454147,000.51846081,000.35
Tournament (k=2),Blend,Gaussian,0.53756,0.23084,000.01879120,000.76919508,000.97880554,000.65971720,000.39
Tournament (k=2),Arithmetic,Uniform,0.91514,0.25191,000.16843414,001.89179230,002.27922440,001.08018684,000.27
Tournament (k=2),Blend,Gaussian,0.42436,0.02382,000.00000000,000.00096712,000.00029755,000.14022145,000.19
Tournament (k=2),Blend,Gaussian,0.58741,0.05228,000.00000000,000.00000429,000.00000000,000.00465664,000.24
Tournament (k=2),Blend,Gaussian,0.57030,0.08830,000.00000381,000.00051208,000.00060844,000.02965865,000.34
Tournament (k=2),Blend,Gaussian,0.72243,0.08830,000.00000381,000.00439115,000.00317001,000.21842372,000.29
Tournament (k=2),Blend,Gaussian,0.40000,0.09637,000.00000000,000.00056586,000.00035286,000.04807279,000.29
Tournament (k=2),Blend,Gaussian,0.55369,0.05705,000.00000000,000.00000434,000.00000000,000.02372787,000.27
Tournament (k=2),Blend,Gaussian,0.50670,0.11476,000.00013733,000.02290392,000.02101517,000.18787085,000.39
Tournament (k=2),Blend,Gaussian,0.68096,0.09637,000.00023651,000.01459518,000.01007652,000.12992963,000.32
Tournament (k=2),Blend,Gaussian,0.60503,0.09637,000.00002289,000.00442562,000.00382423,000.15843169,000.28
Tournament (k=2),Blend,Gaussian,0.40000,0.23084,000.02508926,000.49286613,000.56185150,000.52603137,000.35
Tournament (k=2),Blend,Gaussian,0.76642,0.27490,000.20401382,001.52923417,001.70932198,000.86633348,000.52
Tournament (k=2),Arithmetic,Uniform,0.86261,0.06795,000.00000763,000.00158620,000.00107574,000.02711417,000.19
Tournament (k=2),Blend,Gaussian,0.78941,0.05228,000.00000000,000.00001950,000.00000000,000.17093612,000.28
Tournament (k=2),Blend,Gaussian,0.68096,0.27490,000.27789307,001.40312457,001.54646301,000.82880205,000.64
Tournament (k=2),Blend,Gaussian,0.46371,0.04390,000.00000000,000.00005207,000.00001335,000.04484040,000.40
Tournament (k=2),Blend,Gaussian,0.64187,0.27490,000.01932526,001.18815720,001.45569038,000.77625108,000.45
Tournament (k=2),Blend,Gaussian,0.76642,0.03095,000.00000000,000.00002704,000.00000000,000.30757695,000.25
Tournament (k=2),Blend,Gaussian,0.46371,0.14915,000.00291061,000.12384091,000.13940811,000.30872589,000.31
Tournament (k=2),Blend,Gaussian,0.74410,0.05228,000.00000000,000.00028663,000.00000763,000.17091897,000.27
Tournament (k=2),Blend,Gaussian,0.70139,0.16276,000.10714722,000.69411999,000.86152840,000.67375660,000.38
Tournament (k=2),Blend,Gaussian,0.66113,0.05705,000.00000000,000.00004673,000.00000000,000.11566187,000.46
Tournament (k=2),Blend,Gaussian,0.42436,0.08830,000.00000000,000.00017753,000.00016594,000.00084187,000.30
Tournament (k=2),Blend,Gaussian,0.50670,0.23084,000.06539536,000.82779217,001.08084869,000.68971390,000.37
Tournament (k=2),Blend,Gaussian,0.45020,0.02599,000.00000000,000.00031199,000.00015259,000.09903894,000.19
Tournament (k=2),Blend,Gaussian,0.62318,0.14915,000.00571823,000.24620314,000.26532745,000.44246694,000.35
Tournament (k=2),Blend,Gaussian,0.58741,0.05705,000.00000000,000.00000186,000.00000000,000.09912555,000.26
Tournament (k=2),Blend,Gaussian,0.42436,0.23084,000.00670624,000.65023249,000.81733704,000.67232561,000.40
Tournament (k=2),Arithmetic,Uniform,0.81310,0.21153,000.05644608,001.32663083,001.64960098,000.85454983,000.26
Tournament (k=2),Blend,Gaussian,0.53756,0.25191,000.03349304,000.78231889,001.03416252,000.71141320,000.48
Tournament (k=2),Blend,Gaussian,0.50670,0.02837,000.00000000,000.00004497,000.00000763,000.13916309,000.22
Tournament (k=2),Blend,Gaussian,0.78941,0.16276,000.08381271,000.84689587,001.16548920,000.72855020,000.47
Tournament (k=2),Arithmetic,Uniform,0.86261,0.23084,000.05383682,001.68423653,001.96338844,001.08390546,000.24
Tournament (k=2),Blend,Gaussian,0.49195,0.05705,000.00000000,000.00000420,000.00000000,000.00061985,000.23
Tournament (k=2),Arithmetic,Uniform,0.94259,0.04023,000.00016785,000.20442863,000.08465195,000.60108733,000.19
Tournament (k=2),Blend,Gaussian,0.74410,0.16276,000.06243896,000.73875874,000.99722672,000.54053509,000.36
Tournament (k=2),Arithmetic,Uniform,0.97087,0.02837,000.00028229,000.35184366,000.23308945,000.64871907,000.17
Tournament (k=2),Blend,Gaussian,0.43709,0.17762,000.00239563,000.25611824,000.26890945,000.48994696,000.30
Tournament (k=2),Blend,Gaussian,0.74410,0.05705,000.00000000,000.00002418,000.00000000,000.12607174,000.30
Tournament (k=2),Arithmetic,Uniform,1.00000,0.04023,000.00000763,000.12194347,000.05785179,000.58230036,000.19
Tournament (k=2),Blend,Gaussian,0.58741,0.14915,000.00771332,000.24623923,000.24709892,000.48561490,000.31
Tournament (k=2),Blend,Gaussian,0.47762,0.11476,000.00016022,000.01349974,000.01468658,000.07676601,000.27
Tournament (k=2),Arithmetic,Uniform,0.94259,0.14915,000.03023529,000.68008119,001.01893997,000.71697336,000.27
Tournament (k=2),Blend,Gaussian,0.52190,0.17762,000.02288437,000.43057021,000.42979431,000.53893751,000.35
Tournament (k=2),Blend,Gaussian,0.47762,0.25191,000.06650162,000.81568414,001.02845955,000.62821954,000.41
Tournament (k=2),Blend,Gaussian,0.72243,0.02837,000.00000000,000.00000095,000.00000000,000.16479610,000.21
Tournament (k=2),Blend,Gaussian,0.60503,0.27490,000.10430527,001.18097615,001.41662979,000.80149329,000.43
Tournament (k=2),Blend,Gaussian,0.64187,0.09637,000.00003433,000.01014142,000.00741959,000.20162277,000.30
Tournament (k=2),Blend,Gaussian,0.76642,0.09637,000.00019073,000.03981585,000.03210449,000.23423854,000.30
Tournament (k=2),Arithmetic,Uniform,0.97087,0.08830,000.00012970,000.01072021,000.01203346,000.14637715,000.22
Tournament (k=2),Blend,Gaussian,0.81310,0.03095,000.00000000,000.00019479,000.00000000,000.38221210,000.24
Tournament (k=2),Blend,Gaussian,0.40000,0.02382,000.00000000,000.00137377,000.00084686,000.19840205,000.20
Tournament (k=2),Blend,Gaussian,0.62318,0.05705,000.00000000,000.00000157,000.00000000,000.01536151,000.24
Tournament (k=2),Blend,Gaussian,0.70139,0.05705,000.00000000,000.00002236,000.00000000,000.17423496,000.26
Tournament (k=2),Blend,Gaussian,0.41200,0.04390,000.00000000,000.00013537,000.00011826,000.00586784,000.20
Tournament (k=2),Blend,Gaussian,0.57030,0.27490,000.04595184,001.08964300,001.26220322,000.70650673,000.38
Tournament (k=2),Blend,Gaussian,0.45020,0.21153,000.02510452,000.41671625,000.44887733,000.51574743,000.32
Tournament (k=2),Arithmetic,Uniform,0.91514,0.08092,000.00003433,000.00384078,000.00431824,000.11109100,000.19
Tournament (k=2),Blend,Gaussian,0.43709,0.05228,000.00000000,000.00004358,000.00002289,000.00182556,000.21
Tournament (k=2),Blend,Gaussian,0.81310,0.09637,000.00006485,000.03872023,000.03330040,000.25029367,000.31
Tournament (k=2),Blend,Gaussian,0.62318,0.16276,000.01558685,000.47684169,000.49451637,000.61692446,000.54
Tournament (k=2),Blend,Gaussian,0.64187,0.03686,000.00000000,000.00000000,000.00000000,000.10117431,000.24
Tournament (k=2),Blend,Gaussian,0.60503,0.03686,000.00000000,000.00000119,000.00000000,000.09899048,000.21
Tournament (k=2),Blend,Gaussian,0.47762,0.02837,000.00000000,000.00022979,000.00006866,000.09892051,000.22
Tournament (k=2),Blend,Gaussian,0.68096,0.03378,000.00000000,000.00000010,000.00000000,000.10190422,000.23
Tournament (k=2),Blend,Gaussian,0.40000,0.02599,000.00000000,000.00074892,000.00035858,000.00890850,000.23
Tournament (k=2),Arithmetic,Uniform,0.97087,0.25191,000.21929169,002.01550364,002.28435898,001.09417832,000.24
Tournament (k=2),Blend,Gaussian,0.74410,0.17762,000.09986115,000.92434996,001.12614059,000.76882857,000.37
Tournament (k=2),Blend,Gaussian,0.72243,0.30000,000.06958771,001.40856230,001.64410400,000.84190154,000.45
Tournament (k=2),Blend,Gaussian,0.66113,0.16276,000.03208160,000.45030934,000.50142479,000.60080105,000.34
Tournament (k=2),Blend,Gaussian,0.62318,0.06226,000.00000000,000.00000925,000.00000000,000.12281264,000.31
Tournament (k=2),Blend,Gaussian,0.57030,0.09637,000.00000763,000.00367413,000.00273705,000.03054288,000.31
Tournament (k=2),Blend,Gaussian,0.72243,0.09637,000.00023651,000.02078142,000.01420021,000.23209772,000.31
Tournament (k=2),Blend,Gaussian,0.49195,0.19383,000.03070068,000.45476389,000.46855927,000.51062781,000.40
Tournament (k=2),Blend,Gaussian,0.55369,0.06226,000.00000000,000.00000391,000.00000000,000.00367626,000.28
Tournament (k=2),Blend,Gaussian,0.43709,0.05705,000.00000000,000.00002203,000.00000763,000.00103188,000.24
Tournament (k=2),Arithmetic,Uniform,0.86261,0.07415,000.00000763,000.00188265,000.00186729,000.13297090,000.20
Tournament (k=2),Blend,Gaussian,0.47762,0.27490,000.01172638,000.86974144,001.14163589,000.69815123,000.44
Tournament (k=2),Blend,Gaussian,0.50670,0.12524,000.00225449,000.04900660,000.05261040,000.24949247,000.30
Tournament (k=2),Blend,Gaussian,0.46371,0.04791,000.00000000,000.00002923,000.00001144,000.00370043,000.23
Tournament (k=2),Blend,Gaussian,0.64187,0.04023,000.00000000,000.00000038,000.00000000,000.00122394,000.30
Tournament (k=2),Blend,Gaussian,0.68096,0.03686,000.00000000,000.00000091,000.00000000,000.21843235,000.29
Tournament (k=2),Blend,Gaussian,0.76642,0.03378,000.00000000,000.00002646,000.00000000,000.30133811,000.24
Tournament (k=2),Blend,Gaussian,0.40000,0.25191,000.02621460,000.66668862,000.79965591,000.63579172,000.34
Tournament (k=2),Blend,Gaussian,0.81310,0.30000,000.12230682,001.92025876,002.24824524,001.00727117,000.45
Tournament (k=2),Blend,Gaussian,0.81310,0.10516,000.00305176,000.10936751,000.11006927,000.38144168,000.36
Tournament (k=2),Blend,Gaussian,0.52190,0.04791,000.00000000,000.00000405,000.00000000,000.00459025,000.22
Tournament (k=2),Blend,Gaussian,0.83749,0.05705,000.00000000,000.00050774,000.00000000,000.14039698,000.29
Tournament (k=2),Blend,Gaussian,0.45020,0.02837,000.00000000,000.00052381,000.00017548,000.01225947,000.22
Tournament (k=2),Blend,Gaussian,0.46371,0.16276,000.01687622,000.21014610,000.25595665,000.40291256,000.30
Tournament (k=2),Blend,Gaussian,0.76642,0.30000,000.10942841,001.70192492,002.01387405,000.92802215,000.44
Tournament (k=2),Blend,Gaussian,0.66113,0.06226,000.00000000,000.00000420,000.00000000,000.09904142,000.27
Tournament (k=2),Blend,Gaussian,0.64187,0.30000,000.20887756,001.37125778,001.51973152,000.75642323,000.44
Tournament (k=2),Blend,Gaussian,0.42436,0.09637,000.00000000,000.00050550,000.00058556,000.00272429,000.28
Tournament (k=2),Blend,Gaussian,0.58741,0.06226,000.00000000,000.00001297,000.00000000,000.14158933,000.25
Tournament (k=2),Blend,Gaussian,0.68096,0.30000,000.08282471,001.52426267,001.77511597,000.82785988,000.47
Tournament (k=2),Blend,Gaussian,0.45020,0.08092,000.00000000,000.00002522,000.00002480,000.00269572,000.25
Tournament (k=2),Blend,Gaussian,0.55369,0.14915,000.01020050,000.23411103,000.24773979,000.46030053,000.32
Tournament (k=2),Blend,Gaussian,0.50670,0.03095,000.00000000,000.00006366,000.00000763,000.13539727,000.23
Tournament (k=2),Blend,Gaussian,0.72243,0.10516,000.00086212,000.05117645,000.05271912,000.31180832,000.37
Tournament (k=2),Blend,Gaussian,0.50670,0.25191,000.07957077,000.84796715,001.10381699,000.76081413,000.38
Tournament (k=2),Blend,Gaussian,0.49195,0.06226,000.00000000,000.00000758,000.00000000,000.00511302,000.25
Tournament (k=2),Arithmetic,Uniform,0.94259,0.04390,000.00000000,000.12319060,000.05248070,000.55393660,000.20
Tournament (k=2),Arithmetic,Uniform,1.00000,0.04390,000.00008392,000.12316489,000.04771042,000.62666917,000.17
Tournament (k=2),Blend,Gaussian,0.41200,0.14915,000.00090027,000.09074511,000.10948944,000.27087256,000.29
Tournament (k=2),Blend,Gaussian,0.42436,0.25191,000.04668427,000.63967818,000.79818344,000.67111534,000.41
Tournament (k=2),Blend,Gaussian,0.53756,0.09637,000.00000763,000.00292168,000.00175285,000.02370011,000.29
Tournament (k=2),Blend,Gaussian,0.83749,0.17762,000.09998322,001.08187389,001.32666016,000.81305248,000.38
Tournament (k=2),Blend,Gaussian,0.78941,0.17762,000.05107117,000.89297092,001.14791679,000.73485082,000.40
Tournament (k=2),Blend,Gaussian,0.53756,0.27490,000.11557388,000.99513900,001.29493904,000.78256339,000.42
Tournament (k=2),Blend,Gaussian,0.43709,0.19383,000.00302505,000.46030402,000.48129654,000.48591462,000.31
Tournament (k=2),Blend,Gaussian,0.57030,0.03095,000.00000000,000.00001998,000.00000000,000.11879444,000.20
Tournament (k=2),Blend,Gaussian,0.74410,0.06226,000.00000000,000.00001626,000.00000000,000.13633443,000.27
Tournament (k=2),Blend,Gaussian,0.72243,0.03095,000.00000000,000.00000472,000.00000000,000.18397950,000.23
Tournament (k=2),Blend,Gaussian,0.42436,0.02599,000.00000000,000.00079608,000.00016022,000.14741620,000.18
Tournament (k=2),Blend,Gaussian,0.86261,0.03378,000.00000000,000.00019112,000.00000000,000.26408482,000.28
Tournament (k=2),Blend,Gaussian,0.58741,0.16276,000.02070236,000.40709281,000.39082336,000.55219960,000.35
Tournament (k=2),Arithmetic,Uniform,1.00000,0.04791,000.00001144,000.02321038,000.01751900,000.37013063,000.17
Tournament (k=2),Blend,Gaussian,0.81310,0.03378,000.00000000,000.00020475,000.00000000,000.35287759,000.24
Tournament (k=2),Blend,Gaussian,0.52190,0.19383,000.01631927,000.44703379,000.48970222,000.59097522,000.35
Tournament (k=2),Blend,Gaussian,0.76642,0.10516,000.00222778,000.06810026,000.07148552,000.29798394,000.30
Tournament (k=2),Blend,Gaussian,0.58741,0.06795,000.00000000,000.00000944,000.00000572,000.00105975,000.37
Tournament (k=2),Blend,Gaussian,0.49195,0.06795,000.00000000,000.00001159,000.00000763,000.00466187,000.28
Tournament (k=2),Blend,Gaussian,0.64187,0.10516,000.00100708,000.03228545,000.02900124,000.27282509,000.32
Tournament (k=2),Blend,Gaussian,0.41200,0.04791,000.00000000,000.00005851,000.00003242,000.00516613,000.21
Tournament (k=2),Blend,Gaussian,0.70139,0.06226,000.00000000,000.00008779,000.00000000,000.21631691,000.27
Tournament (k=2),Blend,Gaussian,0.60503,0.04023,000.00000000,000.00000043,000.00000000,000.00142791,000.22
Tournament (k=2),Blend,Gaussian,0.88849,0.02000,000.00000000,000.05430474,000.00013161,000.52612066,000.26
Tournament (k=2),Blend,Gaussian,0.47762,0.03095,000.00000000,000.00018859,000.00007057,000.09944554,000.22
Tournament (k=2),Blend,Gaussian,0.55369,0.16276,000.00939941,000.33093619,000.33419418,000.57081503,000.46
Tournament (k=2),Blend,Gaussian,0.78941,0.05705,000.00000000,000.00020461,000.00000000,000.28253669,000.24
Tournament (k=2),Blend,Gaussian,0.86261,0.10516,000.00093842,000.20485321,000.14337921,000.52363849,000.31
Tournament (k=2),Blend,Gaussian,0.40000,0.02837,000.00000000,000.00042892,000.00027847,000.00942564,000.21
Tournament (k=2),Blend,Gaussian,0.45020,0.23084,000.06047821,000.58699626,000.66744423,000.56345880,000.33
Tournament (k=2),Blend,Gaussian,0.68096,0.10516,000.00059509,000.04578519,000.03589439,000.32777181,000.31
Tournament (k=2),Blend,Gaussian,0.74410,0.06795,000.00000000,000.00019832,000.00003433,000.14735499,000.31
Tournament (k=2),Blend,Gaussian,0.74410,0.02000,000.00000000,000.00001683,000.00000000,000.33479059,000.20
Tournament (k=2),Arithmetic,Uniform,0.97087,0.27490,000.17686462,002.11437082,002.48038673,001.11215353,000.25
Tournament (k=2),Blend,Gaussian,0.57030,0.30000,000.04415512,001.22887039,001.52706146,000.81942415,000.39
Tournament (k=2),Blend,Gaussian,0.49195,0.07415,000.00000000,000.00001817,000.00000763,000.00953352,000.26
Tournament (k=2),Blend,Gaussian,0.57030,0.10516,000.00035858,000.01463151,000.01555824,000.12463315,000.31
Tournament (k=2),Blend,Gaussian,0.55369,0.06795,000.00000000,000.00000863,000.00000381,000.02086143,000.27
Tournament (k=2),Blend,Gaussian,0.76642,0.11476,000.01153564,000.21109518,000.19065475,000.44121233,000.34
Tournament (k=2),Blend,Gaussian,0.43709,0.06226,000.00000000,000.00002441,000.00000763,000.00210166,000.22
Tournament (k=2),Blend,Gaussian,0.74410,0.19383,000.05754852,000.91120780,001.11628151,000.72474205,000.38
Tournament (k=2),Blend,Gaussian,0.88849,0.06226,000.00000000,000.00179448,000.00007057,000.29670662,000.26
Tournament (k=2),Blend,Gaussian,0.64187,0.04390,000.00000000,000.00000105,000.00000000,000.18023673,000.23
Tournament (k=2),Blend,Gaussian,0.64187,0.11476,000.00234222,000.06213612,000.05574989,000.34263057,000.40
Tournament (k=2),Blend,Gaussian,0.76642,0.03686,000.00000000,000.00011683,000.00000000,000.29535919,000.23
Tournament (k=2),Blend,Gaussian,0.49195,0.21153,000.02919006,000.59979188,000.73690224,000.56917161,000.39
Tournament (k=2),Blend,Gaussian,0.83749,0.02000,000.00000000,000.00303607,000.00000381,000.41101462,000.23
Tournament (k=2),Blend,Gaussian,0.40000,0.03095,000.00000000,000.00063982,000.00047874,000.09801021,000.25
Tournament (k=2),Blend,Gaussian,0.68096,0.04023,000.00000000,000.00000019,000.00000000,000.13758381,000.26
Tournament (k=2),Blend,Gaussian,0.52190,0.05228,000.00000000,000.00000358,000.00000000,000.00379322,000.23
Tournament (k=2),Blend,Gaussian,0.45020,0.03095,000.00000000,000.00021691,000.00009918,000.09999133,000.22
Tournament (k=2),Blend,Gaussian,0.50670,0.13667,000.00334930,000.10050626,000.10087585,000.33027864,000.34
Tournament (k=2),Blend,Gaussian,0.83749,0.06226,000.00000000,000.00059047,000.00001717,000.15841487,000.28
Tournament (k=2),Blend,Gaussian,0.81310,0.11476,000.01046371,000.29234186,000.25418472,000.52919149,000.32
Tournament (k=2),Blend,Gaussian,0.40000,0.27490,000.03175354,000.75367695,001.06399536,000.65291810,000.36
Tournament (k=2),Blend,Gaussian,0.66113,0.02000,000.00000000,000.00000801,000.00000000,000.31414664,000.23
Tournament (k=2),Blend,Gaussian,0.47762,0.30000,000.05124664,000.93711442,001.14868546,000.83135140,000.45
Tournament (k=2),Blend,Gaussian,0.66113,0.06795,000.00000000,000.00003662,000.00000763,000.10417510,000.28
Tournament (k=2),Blend,Gaussian,0.70139,0.02000,000.00000000,000.00000300,000.00000000,000.29409659,000.23
Tournament (k=2),Blend,Gaussian,0.55369,0.07415,000.00000000,000.00002375,000.00000763,000.10286389,000.30
Tournament (k=2),Blend,Gaussian,0.47762,0.12524,000.00256348,000.04087019,000.04211807,000.21227512,000.28
Tournament (k=2),Blend,Gaussian,0.50670,0.03378,000.00000000,000.00005746,000.00002861,000.09895843,000.23
Tournament (k=2),Blend,Gaussian,0.45020,0.08830,000.00000000,000.00009336,000.00006485,000.01149750,000.25
Tournament (k=2),Blend,Gaussian,0.46371,0.17762,000.03269958,000.36195692,000.38123322,000.50445259,000.34
Tournament (k=2),Arithmetic,Uniform,0.94259,0.04791,000.00000763,000.06079979,000.03383064,000.50971800,000.21
Tournament (k=2),Blend,Gaussian,0.83749,0.02183,000.00000000,000.00030236,000.00000000,000.40635738,000.25
Tournament (k=2),Blend,Gaussian,0.53756,0.03095,000.00000000,000.00002379,000.00001144,000.07661270,000.21
Tournament (k=2),Blend,Gaussian,0.74410,0.21153,000.04604340,001.09009242,001.34395790,000.70885307,000.41
Tournament (k=2),Blend,Gaussian,0.41200,0.16276,000.00285339,000.15997291,000.17272186,000.33694369,000.31
Tournament (k=2),Blend,Gaussian,0.53756,0.10516,000.00013351,000.01047869,000.01060486,000.16339783,000.28
Tournament (k=2),Blend,Gaussian,0.49195,0.23084,000.04030609,000.72774017,000.88662910,000.67473888,000.40
Tournament (k=2),Blend,Gaussian,0.57030,0.03378,000.00000000,000.00000696,000.00000000,000.15013584,000.21
Tournament (k=2),Arithmetic,Uniform,1.00000,0.05228,000.00000381,000.01190105,000.00393105,000.23998269,000.18
Tournament (k=2),Blend,Gaussian,0.42436,0.02837,000.00000000,000.00041800,000.00007248,000.10158932,000.18
Tournament (k=2),Blend,Gaussian,0.50670,0.27490,000.02493286,000.85299748,001.10016632,000.71420562,000.43
Tournament (k=2),Blend,Gaussian,0.88849,0.19383,000.12359238,001.26919401,001.51011658,000.73178989,000.39
Tournament (k=2),Blend,Gaussian,0.72243,0.03378,000.00000000,000.00000958,000.00000000,000.22114526,000.24
Tournament (k=2),Blend,Gaussian,0.83749,0.19383,000.18410873,001.37385488,001.60566902,000.71260798,000.37
Tournament (k=2),Blend,Gaussian,0.86261,0.03686,000.00000000,000.00084839,000.00000000,000.38742581,000.27
Tournament (k=2),Blend,Gaussian,0.42436,0.27490,000.05189896,000.77115428,001.04296875,000.66305351,000.41
Tournament (k=2),Blend,Gaussian,0.53756,0.03378,000.00000000,000.00001397,000.00000000,000.00774482,000.23
Tournament (k=2),Blend,Gaussian,0.91514,0.03686,000.00000000,000.00046816,000.00004196,000.40564409,000.27
Tournament (k=2),Blend,Gaussian,0.60503,0.10516,000.00002289,000.01362767,000.01541138,000.14408188,000.31
Tournament (k=2),Blend,Gaussian,0.78941,0.19383,000.03236771,000.95338792,001.23081970,000.72867382,000.39
Tournament (k=2),Blend,Gaussian,0.62318,0.06795,000.00000000,000.00004163,000.00000763,000.02088699,000.24
Tournament (k=2),Blend,Gaussian,0.62318,0.17762,000.01992035,000.61882389,000.70282936,000.69731301,000.39
Tournament (k=2),Blend,Gaussian,0.53756,0.30000,000.12857819,001.20254350,001.42694664,000.71340424,000.41
Tournament (k=2),Blend,Gaussian,0.58741,0.17762,000.01533508,000.45687810,000.46775246,000.44594288,000.38
Tournament (k=2),Blend,Gaussian,0.41200,0.05228,000.00000000,000.00005631,000.00001907,000.00245469,000.21
Tournament (k=2),Blend,Gaussian,0.88849,0.02183,000.00000000,000.00283041,000.00002098,000.60949236,000.20
Tournament (k=2),Blend,Gaussian,0.60503,0.04390,000.00000000,000.00000062,000.00000000,000.00930054,000.22
Tournament (k=2),Blend,Gaussian,0.58741,0.07415,000.00000000,000.00004592,000.00002480,000.02079768,000.27
Tournament (k=2),Blend,Gaussian,0.70139,0.06795,000.00000000,000.00001411,000.00000763,000.10808480,000.27
Tournament (k=2),Blend,Gaussian,0.47762,0.03378,000.00000000,000.00023060,000.00006866,000.00515989,000.22
Tournament (k=2),Blend,Gaussian,0.46371,0.05228,000.00000000,000.00001655,000.00000763,000.00190783,000.21
Tournament (k=2),Blend,Gaussian,0.66113,0.17762,000.04043579,000.67663050,000.88680649,000.65520471,000.36
Tournament (k=2),Blend,Gaussian,0.74410,0.23084,000.02381897,001.13609719,001.39323997,000.82620639,000.40
Tournament (k=2),Blend,Gaussian,0.70139,0.17762,000.05860901,000.81522310,001.08909225,000.83373225,000.39
Tournament (k=2),Blend,Gaussian,0.74410,0.02183,000.00000000,000.00001941,000.00000000,000.34140047,000.23
Tournament (k=2),Blend,Gaussian,0.86261,0.04023,000.00000000,000.00241804,000.00003815,000.29002431,000.30
Tournament (k=2),Blend,Gaussian,0.74410,0.07415,000.00000000,000.00085664,000.00017357,000.14238618,000.27
Tournament (k=2),Blend,Gaussian,0.94259,0.02183,000.00000000,000.10673575,000.00021744,000.54380423,000.22
Tournament (k=2),Blend,Gaussian,0.78941,0.02000,000.00000000,000.00007067,000.00000000,000.52888864,000.20
Tournament (k=2),Blend,Gaussian,0.86261,0.11476,000.00413513,000.26011246,000.24421501,000.46915704,000.31
Tournament (k=2),Blend,Gaussian,0.55369,0.17762,000.01250076,000.51407033,000.50161171,000.59945005,000.36
Tournament (k=2),Blend,Gaussian,0.68096,0.11476,000.00683594,000.07137618,000.07058525,000.30123165,000.33
Tournament (k=2),Blend,Gaussian,0.60503,0.04791,000.00000000,000.00000172,000.00000000,000.13945423,000.25
Tournament (k=2),Blend,Gaussian,0.91514,0.11476,000.00542831,000.36127529,000.34113312,000.51607090,000.31
Tournament (k=2),Blend,Gaussian,0.45020,0.25191,000.01916885,000.92391473,001.21105576,000.63705909,000.39
Tournament (k=2),Blend,Gaussian,0.57030,0.11476,000.00051498,000.04108753,000.03240585,000.29575536,000.32
Tournament (k=2),Blend,Gaussian,0.58741,0.08092,000.00000000,000.00009937,000.00007820,000.02653325,000.30
Tournament (k=2),Blend,Gaussian,0.94259,0.06795,000.00000000,000.00234303,000.00028801,000.24958095,000.27
Tournament (k=2),Blend,Gaussian,0.64187,0.04791,000.00000000,000.00000157,000.00000000,000.08157537,000.23
Tournament (k=2),Blend,Gaussian,0.42436,0.10516,000.00000381,000.00220952,000.00177383,000.01582498,000.30
Tournament (k=2),Blend,Gaussian,0.46371,0.05705,000.00000000,000.00002904,000.00000763,000.00222662,000.27
Tournament (k=2),Blend,Gaussian,0.76642,0.04023,000.00000000,000.00003705,000.00000000,000.14495929,000.25
Tournament (k=2),Blend,Gaussian,0.94259,0.02382,000.00000000,000.02382669,000.00020409,000.53469437,000.21
Tournament (k=2),Blend,Gaussian,0.68096,0.04390,000.00000000,000.00000076,000.00000000,000.19714803,000.25
Tournament (k=2),Blend,Gaussian,0.62318,0.19383,000.05162430,000.78477913,001.01625252,000.68389642,000.47
Tournament (k=2),Blend,Gaussian,0.45020,0.03378,000.00000000,000.00016661,000.00006294,000.01893352,000.23
Tournament (k=2),Blend,Gaussian,0.72243,0.11476,000.00693893,000.10995922,000.11100578,000.52882797,000.29
Tournament (k=2),Blend,Gaussian,0.97087,0.04023,000.00000000,000.00422153,000.00161171,000.39607275,000.28
Tournament (k=2),Blend,Gaussian,0.64187,0.12524,000.00468063,000.09493027,000.09170151,000.35340366,000.37
Tournament (k=2),Blend,Gaussian,0.49195,0.02000,000.00000000,000.00072107,000.00029182,000.19603622,000.21
Tournament (k=2),Blend,Gaussian,0.83749,0.06795,000.00000000,000.00032234,000.00007248,000.21110019,000.27
Tournament (k=2),Blend,Gaussian,0.94259,0.21153,000.40178680,001.70277274,001.98414040,000.83540535,000.38
Tournament (k=2),Blend,Gaussian,1.00000,0.02382,000.00000000,000.04535551,000.00034523,000.56962377,000.23
Tournament (k=2),Blend,Gaussian,0.50670,0.03686,000.00000000,000.00003304,000.00000381,000.09906979,000.23
Tournament (k=2),Blend,Gaussian,0.66113,0.07415,000.00000000,000.00008092,000.00004959,000.16133155,000.28
Tournament (k=2),Blend,Gaussian,0.40000,0.30000,000.06536102,000.81669557,001.03368759,000.64933032,000.35
Tournament (k=2),Blend,Gaussian,0.64187,0.05228,000.00000000,000.00000072,000.00000000,000.10098621,000.28
Tournament (k=2),Blend,Gaussian,0.91514,0.12524,000.00801849,000.42435494,000.46993637,000.57490546,000.36
Tournament (k=2),Blend,Gaussian,0.97087,0.12524,000.06647491,000.65387249,000.96073914,000.71011239,000.40
Tournament (k=2),Blend,Gaussian,0.55369,0.08092,000.00000000,000.00016255,000.00006294,000.02504040,000.29
Tournament (k=2),Blend,Gaussian,0.60503,0.30000,000.09786987,001.26964843,001.44467163,000.81712538,000.47
Tournament (k=2),Blend,Gaussian,0.45020,0.09637,000.00000381,000.00060730,000.00057983,000.00949071,000.27
Tournament (k=2),Blend,Gaussian,0.83749,0.02382,000.00000000,000.00260725,000.00000000,000.46226934,000.24
Tournament (k=2),Blend,Gaussian,0.81310,0.03686,000.00000000,000.00031457,000.00000000,000.34220979,000.25
Tournament (k=2),Blend,Gaussian,0.45020,0.27490,000.03316879,000.97423154,001.15175056,000.68117678,000.43
Tournament (k=2),Blend,Gaussian,0.42436,0.03095,000.00000000,000.00029068,000.00011063,000.00494419,000.19
Tournament (k=2),Blend,Gaussian,0.57030,0.03686,000.00000000,000.00000296,000.00000000,000.00333340,000.23
Tournament (k=2),Blend,Gaussian,0.41200,0.17762,000.00692749,000.25935254,000.31051064,000.42055357,000.30
Tournament (k=2),Blend,Gaussian,0.53756,0.11476,000.00008392,000.03168783,000.02627182,000.22820547,000.29
Tournament (k=2),Blend,Gaussian,1.00000,0.07415,000.00006104,000.00814199,000.00271034,000.25391933,000.30
Tournament (k=2),Blend,Gaussian,0.52190,0.21153,000.06351471,000.63593686,000.75728416,000.58319581,000.35
Tournament (k=2),Blend,Gaussian,0.46371,0.19383,000.03794098,000.42039973,000.44743919,000.54297149,000.36
Tournament (k=2),Blend,Gaussian,1.00000,0.02599,000.00000000,000.00118113,000.00008583,000.40445110,000.25
Tournament (k=2),Blend,Gaussian,0.72243,0.03686,000.00000000,000.00001712,000.00000000,000.23594795,000.22
Tournament (k=2),Blend,Gaussian,0.78941,0.06226,000.00000000,000.00048761,000.00001144,000.20507158,000.25
Tournament (k=2),Blend,Gaussian,0.55369,0.02000,000.00000000,000.00018311,000.00006104,000.21653844,000.22
Tournament (k=2),Blend,Gaussian,0.55369,0.08830,000.00000000,000.00062685,000.00039482,000.01029511,000.31
Tournament (k=2),Blend,Gaussian,0.42436,0.03378,000.00000000,000.00045629,000.00015068,000.00548987,000.20
Tournament (k=2),Blend,Gaussian,0.62318,0.07415,000.00000000,000.00002742,000.00001144,000.04860925,000.28
Tournament (k=2),Blend,Gaussian,0.62318,0.02000,000.00000000,000.00000730,000.00000000,000.17045349,000.33
Tournament (k=2),Blend,Gaussian,0.57030,0.04023,000.00000000,000.00000844,000.00000000,000.00039219,000.22
Tournament (k=2),Blend,Gaussian,0.60503,0.11476,000.00164795,000.04997535,000.04257965,000.31439087,000.32
Tournament (k=2),Blend,Gaussian,0.88849,0.02382,000.00000000,000.00073009,000.00000763,000.42416969,000.21
Tournament (k=2),Blend,Gaussian,0.41200,0.05705,000.00000000,000.00002966,000.00001717,000.00249979,000.24
Tournament (k=2),Blend,Gaussian,0.88849,0.21153,000.22474670,001.45434427,001.71233559,000.79867870,000.41
Tournament (k=2),Blend,Gaussian,0.47762,0.03686,000.00000000,000.00012069,000.00004959,000.00629774,000.21
Tournament (k=2),Blend,Gaussian,0.83749,0.21153,000.18728638,001.35870993,001.68526840,000.85059333,000.40
Tournament (k=2),Blend,Gaussian,0.42436,0.30000,000.06909180,000.84062004,001.08492279,000.72260135,000.40
Tournament (k=2),Blend,Gaussian,1.00000,0.23084,000.29392242,001.83418345,002.12846184,000.84011066,000.51
Tournament (k=2),Blend,Gaussian,1.00000,0.02837,000.00000000,000.06976967,000.00021744,000.48446372,000.24
Tournament (k=2),Blend,Gaussian,0.88849,0.06795,000.00000000,000.00086441,000.00012970,000.11282477,000.26
Tournament (k=2),Blend,Gaussian,0.78941,0.21153,000.02580261,001.08995271,001.38549042,000.83118820,000.40
Tournament (k=2),Blend,Gaussian,0.70139,0.07415,000.00000000,000.00025144,000.00009155,000.02479444,000.28
Tournament (k=2),Blend,Gaussian,0.72243,0.04023,000.00000000,000.00000367,000.00000000,000.35500708,000.25
Tournament (k=2),Blend,Gaussian,0.74410,0.02382,000.00000000,000.00001040,000.00000000,000.34541273,000.23
Tournament (k=2),Blend,Gaussian,0.76642,0.12524,000.01082611,000.30768198,000.28219604,000.51229674,000.38
Tournament (k=2),Blend,Gaussian,0.78941,0.02183,000.00000000,000.00036802,000.00000000,000.47901231,000.21
Tournament (k=2),Blend,Gaussian,0.52190,0.05705,000.00000000,000.00000257,000.00000000,000.00037511,000.24
Tournament (k=2),Blend,Gaussian,0.86261,0.04390,000.00000000,000.00134578,000.00000000,000.31792343,000.27
Tournament (k=2),Blend,Gaussian,0.70139,0.19383,000.07789612,000.91224682,001.07300186,000.69814527,000.36
Tournament (k=2),Blend,Gaussian,0.66113,0.02183,000.00000000,000.00000429,000.00000000,000.23607174,000.23
Tournament (k=2),Blend,Gaussian,0.74410,0.08092,000.00000381,000.00192256,000.00127029,000.10278624,000.28
Tournament (k=2),Blend,Gaussian,0.60503,0.05228,000.00000000,000.00000200,000.00000000,000.09899114,000.24
Tournament (k=2),Blend,Gaussian,0.74410,0.25191,000.04851532,001.42147505,001.61866570,000.78670216,000.42
Tournament (k=2),Blend,Uniform,0.40000,0.04390,000.00000000,000.00167193,000.00085258,000.20056699,000.22
Tournament (k=2),Blend,Gaussian,0.70139,0.02183,000.00000000,000.00000458,000.00000000,000.22501914,000.23
Tournament (k=2),Blend,Gaussian,0.86261,0.12524,000.01732254,000.42800871,000.42066574,000.69644529,000.33
Tournament (k=2),Blend,Gaussian,0.72243,0.04390,000.00000000,000.00000296,000.00000000,000.12048031,000.24
Tournament (k=2),Blend,Gaussian,0.68096,0.12524,000.00254440,000.14005069,000.15037537,000.39223063,000.32
Tournament (k=2),Blend,Gaussian,0.81310,0.12524,000.00376892,000.33915216,000.32062340,000.53135329,000.34
Tournament (k=2),Blend,Gaussian,0.58741,0.08830,000.00000381,000.00066772,000.00051308,000.04345577,000.30
Tournament (k=2),Blend,Gaussian,0.76642,0.04390,000.00000000,000.00000544,000.00000000,000.22016145,000.26
Tournament (k=2),Blend,Gaussian,0.55369,0.19383,000.04668427,000.54852468,000.65810585,000.63295698,000.37
Tournament (k=2),Blend,Gaussian,0.57030,0.12524,000.00307083,000.06502561,000.06703377,000.28361300,000.35
Tournament (k=2),Blend,Gaussian,0.94259,0.02599,000.00000000,000.00101376,000.00006294,000.39703640,000.22
Tournament (k=2),Blend,Gaussian,0.88849,0.07415,000.00000763,000.00567322,000.00189590,000.28610662,000.34
Tournament (k=2),Blend,Gaussian,0.45020,0.03686,000.00000000,000.00025077,000.00010300,000.10000865,000.22
Tournament (k=2),Blend,Gaussian,0.68096,0.04791,000.00000000,000.00003963,000.00000000,000.19615972,000.26
Tournament (k=2),Blend,Gaussian,0.66113,0.02382,000.00000000,000.00001273,000.00000000,000.26909962,000.23
Tournament (k=2),Blend,Gaussian,0.60503,0.05705,000.00000000,000.00000606,000.00000000,000.03374733,000.27
Tournament (k=2),Blend,Uniform,0.40000,0.04791,000.00000000,000.00160923,000.00061607,000.19566211,000.23
Tournament (k=2),Blend,Gaussian,0.70139,0.02382,000.00000000,000.00000234,000.00000000,000.23721915,000.24
Tournament (k=2),Blend,Gaussian,0.50670,0.04023,000.00000000,000.00002337,000.00000381,000.10001774,000.25
Tournament (k=2),Blend,Gaussian,0.72243,0.12524,000.01480103,000.21120200,000.17469215,000.56465119,000.35
Tournament (k=2),Blend,Gaussian,0.62318,0.21153,000.09528351,000.89700758,001.21479034,000.74386269,000.37
Tournament (k=2),Blend,Gaussian,0.64187,0.13667,000.01740646,000.28347430,000.26495743,000.46497780,000.36
Tournament (k=2),Blend,Gaussian,0.53756,0.03686,000.00000000,000.00002413,000.00000191,000.00420212,000.22
Tournament (k=2),Blend,Uniform,0.40000,0.13667,000.02496338,000.59140456,000.72675133,000.66584951,000.25
Tournament (k=2),Blend,Gaussian,0.64187,0.05705,000.00000000,000.00001035,000.00000000,000.07425392,000.25
Tournament (k=2),Blend,Gaussian,0.91514,0.04023,000.00000000,000.00220346,000.00054359,000.38529769,000.26
Tournament (k=2),Blend,Gaussian,0.86261,0.13667,000.03473663,000.55492151,000.56707382,000.67776459,000.36
Tournament (k=2),Blend,Gaussian,0.83749,0.02599,000.00000000,000.00020108,000.00000000,000.28084937,000.24
Tournament (k=2),Blend,Gaussian,0.45020,0.10516,000.00001526,000.00307889,000.00315666,000.02044092,000.27
Tournament (k=2),Blend,Gaussian,0.50670,0.30000,000.08766937,001.14672256,001.35693359,000.74614090,000.39
Tournament (k=2),Blend,Gaussian,0.81310,0.13667,000.01309586,000.44153896,000.44607735,000.60144401,000.36
Tournament (k=2),Blend,Gaussian,0.91514,0.13667,000.02609253,000.64424568,000.74628067,000.62653184,000.34
Tournament (k=2),Blend,Gaussian,0.81310,0.04023,000.00000000,000.00008125,000.00000000,000.02121324,000.25
Tournament (k=2),Blend,Gaussian,0.97087,0.13667,000.03691864,000.69892299,000.86551285,000.75263464,000.37
Tournament (k=2),Blend,Gaussian,0.53756,0.12524,000.00292969,000.05939589,000.05709839,000.24719398,000.29
Tournament (k=2),Blend,Gaussian,0.55369,0.02183,000.00000000,000.00007858,000.00002289,000.09962349,000.22
Tournament (k=2),Blend,Gaussian,0.64187,0.06226,000.00000000,000.00000958,000.00000000,000.01431663,000.25
Tournament (k=2),Blend,Uniform,0.41200,0.02599,000.00000000,000.01890206,000.01096916,000.35787582,000.19
Tournament (k=2),Blend,Gaussian,0.45020,0.30000,000.01232910,000.95574778,001.21717834,000.75152129,000.37
Tournament (k=2),Blend,Gaussian,0.78941,0.06795,000.00000000,000.00015545,000.00005150,000.10967173,000.25
Tournament (k=2),Blend,Gaussian,0.74410,0.27490,000.25258636,001.56950223,001.70134544,000.85291094,000.61
Tournament (k=2),Blend,Gaussian,1.00000,0.08092,000.00038147,000.03235745,000.02774048,000.35042498,000.31
Tournament (k=2),Blend,Uniform,0.40000,0.14915,000.02452850,000.81576556,001.06957626,000.81803393,000.30
Tournament (k=2),Blend,Uniform,0.40000,0.05228,000.00000000,000.00187683,000.00103569,000.20308152,000.40
Tournament (k=2),Blend,Uniform,0.41200,0.08092,000.00000000,000.00155673,000.00163651,000.22406979,000.23
Tournament (k=2),Blend,Gaussian,0.57030,0.04390,000.00000000,000.00000095,000.00000000,000.00474489,000.22
Tournament (k=2),Blend,Gaussian,0.62318,0.02183,000.00000000,000.00000753,000.00000000,000.15978108,000.22
Tournament (k=2),Blend,Gaussian,0.58741,0.19383,000.02961731,000.70418489,000.83802986,000.56860667,000.40
Tournament (k=2),Blend,Gaussian,0.52190,0.23084,000.01188278,000.81123751,001.07814407,000.64862823,000.34
Tournament (k=2),Blend,Gaussian,0.62318,0.08092,000.00000000,000.00021577,000.00016785,000.01350103,000.26
Tournament (k=2),Blend,Gaussian,0.47762,0.04023,000.00000000,000.00007806,000.00002480,000.00390053,000.24
Tournament (k=2),Blend,Uniform,0.41200,0.25191,000.08176422,002.04191589,002.34239006,001.18715632,000.31
Tournament (k=2),Blend,Gaussian,0.60503,0.12524,000.00547028,000.11770348,000.12355232,000.38481301,000.33
Tournament (k=2),Blend,Gaussian,0.91514,0.14915,000.05736542,000.85314274,001.09274673,000.61699718,000.37
Tournament (k=2),Blend,Gaussian,0.50670,0.04390,000.00000000,000.00001144,000.00000381,000.00542956,000.51
Tournament (k=2),Blend,Gaussian,1.00000,0.03095,000.00000000,000.01573014,000.00076866,000.56038272,000.22
Tournament (k=2),Blend,Gaussian,0.83749,0.23084,000.10535049,001.46280634,001.73420525,000.95186806,000.40
Tournament (k=2),Blend,Gaussian,0.78941,0.02382,000.00000000,000.00003886,000.00000000,000.33454984,000.20
Tournament (k=2),Blend,Gaussian,0.94259,0.07415,000.00002289,000.00503202,000.00174332,000.20031455,000.27
Tournament (k=2),Blend,Gaussian,0.74410,0.02599,000.00000000,000.00000067,000.00000000,000.23107469,000.24
Tournament (k=2),Blend,Gaussian,0.52190,0.06226,000.00000000,000.00000310,000.00000000,000.00142555,000.23
Tournament (k=2),Blend,Gaussian,0.46371,0.06226,000.00000000,000.00001411,000.00000763,000.00344846,000.25
Tournament (k=2),Blend,Uniform,0.42436,0.04791,000.00000000,000.00076876,000.00046539,000.20611267,000.24
Tournament (k=2),Blend,Gaussian,0.70139,0.08092,000.00000000,000.00257049,000.00105858,000.13427694,000.29
Tournament (k=2),Blend,Gaussian,0.88849,0.23084,000.06404877,001.69013095,002.13952446,000.93548036,000.49
Tournament (k=2),Blend,Gaussian,0.86261,0.04791,000.00000000,000.00083776,000.00000000,000.40135854,000.28
Tournament (k=2),Blend,Gaussian,0.97087,0.04390,000.00000000,000.00192614,000.00029755,000.43406788,000.27
Tournament (k=2),Blend,Gaussian,0.74410,0.08830,000.00003815,000.00982370,000.00598717,000.16107483,000.31
Tournament (k=2),Blend,Gaussian,0.78941,0.23084,000.02771759,001.27650940,001.49124527,000.95268351,000.39
Tournament (k=2),Blend,Gaussian,0.76642,0.13667,000.01465607,000.38875327,000.44882393,000.57377815,000.37
Tournament (k=2),Blend,Gaussian,0.83749,0.07415,000.00000000,000.00256643,000.00066566,000.19836394,000.28
Tournament (k=2),Blend,Gaussian,1.00000,0.25191,000.44519806,002.05497909,002.34351158,000.90099490,000.47
Tournament (k=2),Blend,Gaussian,0.70139,0.21153,000.06410217,001.06901097,001.28225136,000.76710451,000.42
Tournament (k=2),Blend,Gaussian,0.72243,0.04791,000.00000000,000.00002832,000.00000000,000.22088973,000.24
Tournament (k=2),Blend,Gaussian,0.97087,0.14915,000.02298355,000.90759993,001.12061882,000.80602133,000.54
Tournament (k=2),Blend,Uniform,0.43709,0.02837,000.00000000,000.00495300,000.00168991,000.29790890,000.19
Tournament (k=2),Blend,Uniform,0.41200,0.27490,000.66678619,002.45721936,002.71269417,001.34310818,000.38
Tournament (k=2),Blend,Gaussian,0.94259,0.02837,000.00000000,000.03106470,000.00059128,000.45753694,000.22
Tournament (k=2),Blend,Gaussian,0.74410,0.02837,000.00000000,000.00000162,000.00000000,000.28696826,000.28
Tournament (k=2),Blend,Gaussian,0.66113,0.08092,000.00000000,000.00122128,000.00046158,000.07140437,000.30
Tournament (k=2),Blend,Gaussian,0.76642,0.04791,000.00000000,000.00022197,000.00000000,000.27002105,000.28
Tournament (k=2),Blend,Gaussian,0.58741,0.02000,000.00000000,000.00005450,000.00000763,000.23677304,000.21
Tournament (k=2),Blend,Uniform,0.43709,0.08830,000.00000000,000.00319829,000.00131989,000.23653045,000.23
Tournament (k=2),Blend,Gaussian,0.66113,0.02599,000.00000000,000.00000262,000.00000000,000.24051774,000.24
Tournament (k=2),Blend,Gaussian,0.68096,0.13667,000.02154541,000.29141656,000.26390266,000.47614723,000.37
Tournament (k=2),Blend,Gaussian,0.88849,0.08092,000.00000763,000.01414104,000.00659370,000.35353523,000.28
Tournament (k=2),Blend,Gaussian,0.68096,0.05228,000.00000000,000.00000248,000.00000000,000.10237632,000.27
Tournament (k=2),Blend,Gaussian,0.57030,0.13667,000.00549316,000.15564609,000.16491127,000.39064455,000.35
Tournament (k=2),Blend,Gaussian,0.55369,0.21153,000.05184174,000.63680208,000.72152710,000.62943935,000.37
Tournament (k=2),Blend,Gaussian,0.70139,0.02599,000.00000000,000.00000029,000.00000000,000.22075713,000.24
Tournament (k=2),Blend,Uniform,0.42436,0.14915,000.04413986,000.80617332,001.04112625,000.76553929,000.42
Tournament (k=2),Blend,Gaussian,0.53756,0.04023,000.00000000,000.00000463,000.00000000,000.00685478,000.22
Tournament (k=2),Blend,Uniform,0.43709,0.27490,000.47851562,002.62781143,002.86363983,001.25017262,000.29
Tournament (k=2),Blend,Gaussian,0.58741,0.02183,000.00000000,000.00004678,000.00000763,000.19800688,000.21
Tournament (k=2),Blend,Gaussian,0.88849,0.02599,000.00000000,000.00042725,000.00000000,000.40750384,000.21
Tournament (k=2),Blend,Gaussian,0.83749,0.02837,000.00000000,000.00076752,000.00000000,000.50587195,000.25
Tournament (k=2),Blend,Gaussian,0.94259,0.23084,000.28955841,001.77640879,002.03923416,000.74547601,000.64
Tournament (k=2),Blend,Gaussian,0.45020,0.11476,000.00018311,000.01137948,000.00943184,000.12248990,000.27
Tournament (k=2),Blend,Gaussian,0.81310,0.04390,000.00000000,000.00020652,000.00000000,000.16199979,000.23
Tournament (k=2),Blend,Gaussian,0.46371,0.02000,000.00000000,000.00056791,000.00017929,000.14124516,000.19
Tournament (k=2),Blend,Gaussian,0.62318,0.23084,000.05150604,001.07332051,001.30034065,000.78569514,000.39
Tournament (k=2),Blend,Uniform,0.45020,0.05228,000.00000000,000.00036697,000.00019073,000.09980138,000.22
Tournament (k=2),Blend,Uniform,0.41200,0.02837,000.00000000,000.01191015,000.00272751,000.35471165,000.20
Tournament (k=2),Blend,Gaussian,0.43709,0.02000,000.00000000,000.00161099,000.00074577,000.24008450,000.21
Tournament (k=2),Blend,Gaussian,0.55369,0.02382,000.00000000,000.00023603,000.00002098,000.23706178,000.25
Tournament (k=2),Blend,Gaussian,0.72243,0.13667,000.00405502,000.31937426,000.33829689,000.53563350,000.42
Tournament (k=2),Blend,Gaussian,0.64187,0.14915,000.00371170,000.41926074,000.37584305,000.55590677,000.41
Tournament (k=2),Blend,Gaussian,0.66113,0.08830,000.00001144,000.00214348,000.00119400,000.14960514,000.39
Tournament (k=2),Blend,Gaussian,0.81310,0.14915,000.03832626,000.70311946,000.98286438,000.60812014,000.36
Tournament (k=2),Blend,Gaussian,0.86261,0.14915,000.03533936,000.69589144,000.85575294,000.69768709,000.41
Tournament (k=2),Blend,Uniform,0.41200,0.30000,000.33569717,002.77206230,003.29514503,001.38464344,000.43
Tournament (k=2),Blend,Gaussian,0.70139,0.02837,000.00000000,000.00000048,000.00000000,000.10834302,000.26
Tournament (k=2),Blend,Gaussian,0.76642,0.05228,000.00000000,000.00009131,000.00000000,000.19975577,000.49
Tournament (k=2),Blend,Gaussian,0.88849,0.02837,000.00000000,000.00075631,000.00003815,000.38245335,000.25
Tournament (k=2),Blend,Gaussian,0.53756,0.13667,000.00215912,000.12140708,000.13181686,000.30870280,000.41
Tournament (k=2),Blend,Uniform,0.40000,0.05705,000.00000000,000.00083714,000.00026703,000.10078666,000.22
Tournament (k=2),Blend,Uniform,0.41200,0.08830,000.00000381,000.00432167,000.00337029,000.15564226,000.22
Tournament (k=2),Blend,Gaussian,0.58741,0.02382,000.00000000,000.00006509,000.00000000,000.27848014,000.28
Tournament (k=2),Blend,Gaussian,0.57030,0.04791,000.00000000,000.00000172,000.00000000,000.09898601,000.23
Tournament (k=2),Blend,Gaussian,0.62318,0.02382,000.00000000,000.00003247,000.00000000,000.13922344,000.23
Tournament (k=2),Blend,Uniform,0.40000,0.16276,000.05870056,001.06101549,001.33630371,000.81125182,000.27
Tournament (k=2),Blend,Uniform,0.43709,0.30000,000.36080170,002.54801893,003.08969116,001.18495488,000.39
Tournament (k=2),Blend,Gaussian,1.00000,0.08830,000.00111008,000.10307755,000.11250305,000.37273541,000.31
Tournament (k=2),Blend,Gaussian,0.49195,0.02183,000.00000000,000.00024343,000.00011826,000.17024015,000.22
Tournament (k=2),Blend,Gaussian,1.00000,0.03378,000.00000000,000.00143094,000.00034523,000.43912330,000.22
Tournament (k=2),Blend,Gaussian,0.62318,0.08830,000.00000763,000.00188451,000.00107384,000.10791628,000.27
Tournament (k=2),Blend,Gaussian,0.58741,0.21153,000.02442932,000.82670575,001.14679909,000.68054295,000.35
Tournament (k=2),Blend,Uniform,0.45020,0.16276,000.07436371,001.21097684,001.37862778,000.92010903,000.30
Tournament (k=2),Blend,Gaussian,0.60503,0.13667,000.01589203,000.17751679,000.16606331,000.43131360,000.34
Tournament (k=2),Blend,Gaussian,0.52190,0.25191,000.04895401,000.79759151,001.00291824,000.65207320,000.38
Tournament (k=2),Blend,Gaussian,0.52190,0.06795,000.00000000,000.00000806,000.00000381,000.01804752,000.24
Tournament (k=2),Blend,Gaussian,0.88849,0.03095,000.00000000,000.00599537,000.00006485,000.47614986,000.25
Tournament (k=2),Blend,Uniform,0.42436,0.05228,000.00000000,000.00061955,000.00041962,000.16939373,000.22
Tournament (k=2),Blend,Gaussian,0.46371,0.06795,000.00000000,000.00003643,000.00000763,000.00781499,000.24
Tournament (k=2),Blend,Gaussian,0.81310,0.16276,000.02907562,000.73197395,000.86438942,000.80295998,000.42
Tournament (k=2),Blend,Gaussian,0.83749,0.25191,000.15465546,001.48486495,001.80984306,000.85529429,000.39
Tournament (k=2),Blend,Gaussian,0.74410,0.30000,000.13846588,001.59826732,001.73538780,000.94130492,000.56
Tournament (k=2),Blend,Gaussian,0.86261,0.05228,000.00000000,000.00087180,000.00000763,000.32813525,000.25
Tournament (k=2),Blend,Gaussian,0.70139,0.08830,000.00001526,000.00674834,000.00432396,000.09682140,000.30
Tournament (k=2),Blend,Gaussian,0.97087,0.04791,000.00000000,000.00121713,000.00000000,000.22772081,000.26
Tournament (k=2),Blend,Gaussian,0.58741,0.09637,000.00000000,000.00610876,000.00385857,000.13759202,000.33
Tournament (k=2),Blend,Gaussian,1.00000,0.03686,000.00000000,000.00137320,000.00000000,000.39393884,000.25
Tournament (k=2),Blend,Gaussian,0.83749,0.08092,000.00002289,000.00771770,000.00591278,000.16402042,000.27
Tournament (k=2),Blend,Gaussian,0.86261,0.16276,000.14746094,001.01313889,001.33589554,000.73719549,000.47
Tournament (k=2),Blend,Gaussian,1.00000,0.09637,000.00101471,000.13171354,000.11287689,000.41304380,000.37
Tournament (k=2),Blend,Uniform,0.43709,0.03095,000.00000000,000.00836592,000.00274658,000.38429880,000.21
Tournament (k=2),Blend,Gaussian,0.72243,0.05228,000.00000000,000.00004544,000.00000000,000.14658967,000.24
Tournament (k=2),Blend,Gaussian,0.88849,0.25191,000.31274414,001.57302749,001.78947449,000.94022608,000.45
Tournament (k=2),Blend,Gaussian,0.94259,0.03095,000.00000000,000.01945615,000.00043297,000.62934536,000.23
Tournament (k=2),Blend,Gaussian,0.88849,0.03378,000.00000000,000.00050063,000.00000000,000.41573963,000.27
Tournament (k=2),Blend,Gaussian,0.78941,0.25191,000.17795563,001.55226254,001.81076241,000.84567702,000.43
Tournament (k=2),Blend,Gaussian,0.52190,0.02000,000.00000000,000.00063019,000.00006866,000.30461714,000.20
Tournament (k=2),Blend,Gaussian,0.74410,0.03095,000.00000000,000.00000224,000.00000000,000.16275790,000.25
Tournament (k=2),Blend,Gaussian,0.66113,0.02837,000.00000000,000.00001221,000.00000000,000.22932139,000.23
Tournament (k=2),Blend,Gaussian,0.58741,0.23084,000.03854370,000.90323114,001.19095230,000.69433916,000.43
Tournament (k=2),Blend,Gaussian,0.91514,0.04390,000.00000000,000.00089512,000.00001907,000.38995260,000.26
Tournament (k=2),Blend,Uniform,0.43709,0.09637,000.00001907,000.01371055,000.01366615,000.19743475,000.25
Tournament (k=2),Blend,Uniform,0.45020,0.17762,000.19744492,001.48664987,001.77714729,000.85149503,000.40
Tournament (k=2),Blend,Gaussian,0.46371,0.21153,000.01127625,000.53339940,000.61007309,000.60313952,000.35
Tournament (k=2),Blend,Gaussian,0.97087,0.16276,000.04389954,001.17289460,001.42183495,000.80170423,000.39
Tournament (k=2),Blend,Gaussian,0.70139,0.23084,000.04766083,001.18048525,001.34681511,000.85722578,000.42
Tournament (k=2),Blend,Gaussian,0.66113,0.19383,000.02893066,000.84424162,001.11795044,000.75611472,000.38
Tournament (k=2),Blend,Gaussian,0.88849,0.08830,000.00028229,000.03945656,000.03429413,000.29108968,000.29
Tournament (k=2),Blend,Gaussian,0.68096,0.05705,000.00000000,000.00000763,000.00000000,000.01386382,000.27
Tournament (k=2),Blend,Uniform,0.46371,0.03095,000.00000000,000.01060128,000.00190926,000.35140869,000.19
Tournament (k=2),Blend,Gaussian,0.83749,0.03095,000.00000000,000.00017543,000.00000000,000.41684303,000.23
Tournament (k=2),Blend,Gaussian,0.53756,0.04390,000.00000000,000.00001264,000.00000000,000.00086966,000.26
Tournament (k=2),Blend,Gaussian,0.78941,0.07415,000.00000000,000.00191684,000.00032425,000.21374723,000.27
Tournament (k=2),Blend,Gaussian,0.52190,0.02183,000.00000000,000.00012345,000.00002861,000.00915375,000.24
Tournament (k=2),Blend,Gaussian,0.46371,0.02183,000.00000000,000.00134511,000.00050354,000.25344986,000.20
Tournament (k=2),Blend,Gaussian,0.68096,0.14915,000.04594803,000.51557291,000.53996277,000.63033563,000.40
Tournament (k=2),Blend,Uniform,0.42436,0.16276,000.10499191,001.24421501,001.44358444,000.79096395,000.32
Tournament (k=2),Blend,Gaussian,0.81310,0.04791,000.00000000,000.00070624,000.00001526,000.24499460,000.25
Tournament (k=2),Blend,Uniform,0.41200,0.03095,000.00000000,000.00870996,000.00425148,000.27290004,000.21
Tournament (k=2),Blend,Uniform,0.43709,0.10516,000.00011063,000.04299960,000.04192924,000.29544014,000.27
Tournament (k=2),Blend,Gaussian,0.57030,0.14915,000.01813507,000.31196254,000.32437706,000.51687092,000.38
Tournament (k=2),Blend,Uniform,0.46371,0.09637,000.00004196,000.02262225,000.01374054,000.25332576,000.25
Tournament (k=2),Blend,Gaussian,0.55369,0.23084,000.06224442,000.73459679,000.94581985,000.64720327,000.41
Tournament (k=2),Blend,Gaussian,0.55369,0.02599,000.00000000,000.00004053,000.00000572,000.13928591,000.22
Tournament (k=2),Blend,Gaussian,0.91514,0.04791,000.00000000,000.00248308,000.00003433,000.25152895,000.33
Tournament (k=2),Blend,Uniform,0.42436,0.02000,000.00000000,000.15119553,000.02401352,000.57032782,000.20
Tournament (k=2),Blend,Gaussian,0.78941,0.02599,000.00000000,000.00003953,000.00000000,000.42847228,000.21
Tournament (k=2),Blend,Gaussian,0.70139,0.03095,000.00000000,000.00000353,000.00000000,000.28257179,000.23
Tournament (k=2),Blend,Gaussian,0.76642,0.05705,000.00000000,000.00003104,000.00000000,000.10467909,000.26
Tournament (k=2),Blend,Gaussian,0.66113,0.09637,000.00022125,000.01108193,000.00733185,000.20004681,000.30
Tournament (k=2),Blend,Gaussian,0.62318,0.25191,000.05341339,001.24681759,001.41410637,000.76115632,000.45
Tournament (k=2),Blend,Gaussian,0.58741,0.02599,000.00000000,000.00002241,000.00000000,000.14066826,000.20
Tournament (k=2),Blend,Gaussian,0.64187,0.16276,000.01282120,000.53471738,000.55884552,000.66195840,000.33
Tournament (k=2),Blend,Uniform,0.40000,0.06226,000.00000000,000.00103922,000.00057411,000.13947660,000.22
Tournament (k=2),Blend,Gaussian,0.72243,0.14915,000.02586746,000.48279771,000.48915482,000.51588631,000.36
Tournament (k=2),Blend,Uniform,0.41200,0.09637,000.00001907,000.01582823,000.01481438,000.22389853,000.24
Tournament (k=2),Blend,Gaussian,0.57030,0.05228,000.00000000,000.00000067,000.00000000,000.09898943,000.23
Tournament (k=2),Blend,Gaussian,0.94259,0.08092,000.00001526,000.00963855,000.00854683,000.26014313,000.31
Tournament (k=2),Blend,Gaussian,0.91514,0.16276,000.04170609,001.22200990,001.48552704,000.84989136,000.37
Tournament (k=2),Blend,Gaussian,0.62318,0.02599,000.00000000,000.00001082,000.00000000,000.13923760,000.22
Tournament (k=2),Blend,Gaussian,0.53756,0.14915,000.00528717,000.16051717,000.17603302,000.40324041,000.34
Tournament (k=2),Blend,Gaussian,0.49195,0.02382,000.00000000,000.00034924,000.00007629,000.15277644,000.21
Tournament (k=2),Blend,Uniform,0.40000,0.17762,000.03793335,001.18201280,001.41768646,000.81865782,000.28
Tournament (k=2),Blend,Gaussian,0.74410,0.09637,000.00076294,000.04283848,000.03764343,000.22524522,000.30
Tournament (k=2),Blend,Gaussian,0.91514,0.05228,000.00000000,000.00161052,000.00000381,000.36782950,000.34
Tournament (k=2),Blend,Gaussian,0.62318,0.09637,000.00002670,000.00619388,000.00737953,000.05713337,000.28
Tournament (k=2),Blend,Gaussian,0.52190,0.07415,000.00000000,000.00001726,000.00001335,000.00266959,000.24
Tournament (k=2),Blend,Uniform,0.42436,0.05705,000.00000000,000.00133529,000.00059128,000.20452364,000.22
Tournament (k=2),Blend,Uniform,0.47762,0.05705,000.00000000,000.00028329,000.00008583,000.15684442,000.25
Tournament (k=2),Blend,Uniform,0.41200,0.10516,000.00018311,000.05235896,000.05103683,000.28319013,000.25
Tournament (k=2),Blend,Uniform,0.46371,0.30000,000.31551361,002.59765148,003.03441620,001.25910902,000.29
Tournament (k=2),Blend,Gaussian,0.76642,0.14915,000.01967239,000.52528691,000.55238342,000.67853659,000.35
Tournament (k=2),Blend,Uniform,0.49195,0.03378,000.00000000,000.00201912,000.00015450,000.30727887,000.21
Tournament (k=2),Blend,Gaussian,1.00000,0.04023,000.00000000,000.00723257,000.00048828,000.44317806,000.23
Tournament (k=2),Blend,Gaussian,0.60503,0.14915,000.00463104,000.26373982,000.24099350,000.48132181,000.37
Tournament (k=2),Blend,Gaussian,0.97087,0.05228,000.00000000,000.00253377,000.00008011,000.31506658,000.27
Tournament (k=2),Blend,Gaussian,0.81310,0.17762,000.10090637,000.91587448,001.18375969,000.75350004,000.38
Tournament (k=2),Blend,Gaussian,0.86261,0.05705,000.00000000,000.00106268,000.00002480,000.22598515,000.30
Tournament (k=2),Blend,Uniform,0.47762,0.17762,000.11039734,001.38444567,001.50183105,000.99166042,000.40
Tournament (k=2),Blend,Gaussian,0.70139,0.09637,000.00018311,000.01970396,000.01816368,000.24622548,000.31
Tournament (k=2),Blend,Gaussian,0.83749,0.27490,000.19589233,001.76632571,002.06921768,000.87302089,000.42
Tournament (k=2),Blend,Uniform,0.47762,0.02000,000.00000000,000.18082166,000.01228523,000.48276365,000.19
Tournament (k=2),Blend,Uniform,0.42436,0.06226,000.00000000,000.00062184,000.00052261,000.10677633,000.25
Tournament (k=2),Blend,Gaussian,1.00000,0.27490,000.18593597,002.22781205,002.45640755,000.90479898,000.51
Tournament (k=2),Blend,Uniform,0.47762,0.06226,000.00000000,000.00022564,000.00006866,000.14060134,000.26
Tournament (k=2),Blend,Gaussian,0.83749,0.08830,000.00012970,000.02938323,000.02290726,000.22714749,000.33
Tournament (k=2),Blend,Gaussian,0.52190,0.08092,000.00000000,000.00006571,000.00004005,000.00597707,000.29
Tournament (k=2),Blend,Gaussian,0.62318,0.10516,000.00012970,000.01774702,000.01472855,000.19674808,000.30
Tournament (k=2),Blend,Gaussian,0.72243,0.05705,000.00000000,000.00000234,000.00000000,000.03018171,000.25
Tournament (k=2),Blend,Uniform,0.41200,0.11476,000.00188446,000.11615410,000.11465454,000.44207516,000.30
Tournament (k=2),Blend,Gaussian,1.00000,0.10516,000.00746918,000.43449315,000.46549988,000.63731641,000.34
Tournament (k=2),Blend,Gaussian,0.94259,0.08830,000.00057983,000.06392965,000.06162643,000.28590691,000.56
Tournament (k=2),Blend,Gaussian,0.91514,0.17762,000.06959915,001.18984389,001.45340157,000.81637460,000.51
Tournament (k=2),Blend,Gaussian,0.94259,0.03378,000.00000000,000.00245433,000.00017929,000.48547730,000.24
Tournament (k=2),Blend,Uniform,0.49195,0.10516,000.00031662,000.14347453,000.09673309,000.48700497,000.29
Tournament (k=2),Blend,Gaussian,0.88849,0.03686,000.00000000,000.00059876,000.00000000,000.42899767,000.23
Tournament (k=2),Blend,Gaussian,0.74410,0.03378,000.00000000,000.00001645,000.00000000,000.25344577,000.24
Tournament (k=2),Blend,Uniform,0.45020,0.05705,000.00000000,000.00029063,000.00016594,000.17051333,000.21
Tournament (k=2),Blend,Uniform,0.50670,0.02000,000.00000000,000.18116899,000.00716400,000.51009142,000.18
Tournament (k=2),Blend,Gaussian,0.66113,0.03095,000.00000000,000.00000253,000.00000000,000.14116055,000.24
Tournament (k=2),Blend,Gaussian,0.76642,0.16276,000.03314209,000.73182750,000.92248726,000.78126347,000.45
Tournament (k=2),Blend,Gaussian,0.88849,0.27490,000.21024323,001.95040536,002.33943176,000.82595670,000.44
Tournament (k=2),Blend,Gaussian,0.68096,0.06226,000.00000000,000.00003428,000.00000572,000.01514641,000.25
Tournament (k=2),Blend,Gaussian,0.83749,0.03378,000.00000000,000.00006804,000.00000000,000.34105065,000.24
Tournament (k=2),Blend,Gaussian,0.94259,0.25191,000.10588074,001.82109034,002.12397766,000.94889027,000.43
Tournament (k=2),Blend,Gaussian,0.88849,0.09637,000.00101852,000.09275126,000.09344864,000.37125945,000.30
Tournament (k=2),Blend,Gaussian,0.78941,0.27490,000.13896942,001.53525126,001.89146233,000.88187802,000.45
Tournament (k=2),Blend,Gaussian,0.58741,0.25191,000.06667709,001.15233314,001.45760727,000.81602556,000.39
Tournament (k=2),Blend,Uniform,0.45020,0.19383,000.05393982,001.61129248,002.01311874,000.86545140,000.36
Tournament (k=2),Blend,Gaussian,0.66113,0.21153,000.02626801,000.94073564,001.15610313,000.63844669,000.37
Tournament (k=2),Blend,Gaussian,0.97087,0.17762,000.09621048,001.20719981,001.42678452,000.85321659,000.38
Tournament (k=2),Blend,Uniform,0.41200,0.03378,000.00000000,000.00326486,000.00160217,000.25522104,000.20
Tournament (k=2),Blend,Gaussian,0.88849,0.04023,000.00000000,000.00893998,000.00000191,000.42798674,000.28
Tournament (k=2),Blend,Gaussian,0.94259,0.03686,000.00000000,000.00213900,000.00013924,000.45047498,000.31
Tournament (k=2),Blend,Uniform,0.43709,0.11476,000.00205612,000.24242540,000.19620132,000.51905352,000.23
Tournament (k=2),Blend,Uniform,0.49195,0.11476,000.00622177,000.35671273,000.30505371,000.64281338,000.31
Tournament (k=2),Blend,Gaussian,0.70139,0.25191,000.10477829,001.31705928,001.55694389,000.87161869,000.44
Tournament (k=2),Blend,Gaussian,0.81310,0.05228,000.00000000,000.00077982,000.00000000,000.27128914,000.26
Tournament (k=2),Blend,Uniform,0.42436,0.17762,000.13211060,001.19950342,001.44085884,000.86599177,000.29
Tournament (k=2),Blend,Uniform,0.45020,0.02000,000.00000000,000.11331701,000.00640297,000.49006176,000.19
Tournament (k=2),Blend,Gaussian,0.68096,0.16276,000.01049042,000.54680759,000.67095566,000.63117683,000.37
Tournament (k=2),Blend,Uniform,0.42436,0.02183,000.00000000,000.14117484,000.01830864,000.50754231,000.20
Tournament (k=2),Blend,Gaussian,0.55369,0.02837,000.00000000,000.00002813,000.00000381,000.02326643,000.23
Tournament (k=2),Blend,Gaussian,0.74410,0.03686,000.00000000,000.00001841,000.00000000,000.22908346,000.42
Tournament (k=2),Blend,Gaussian,0.94259,0.09637,000.00450897,000.13078599,000.11947632,000.47361276,000.51
Tournament (k=2),Blend,Gaussian,0.78941,0.02837,000.00000000,000.00023003,000.00000000,000.40216741,000.22
Tournament (k=2),Blend,Uniform,0.46371,0.10516,000.00113297,000.08264776,000.08200836,000.34728020,000.28
Tournament (k=2),Blend,Gaussian,0.57030,0.16276,000.02732086,000.40588659,000.35687256,000.53646880,000.35
Tournament (k=2),Blend,Gaussian,0.70139,0.03378,000.00000000,000.00000148,000.00000000,000.09935294,000.24
Tournament (k=2),Blend,Gaussian,0.58741,0.02837,000.00000000,000.00000486,000.00000000,000.15900427,000.21
Tournament (k=2),Blend,Gaussian,0.76642,0.06226,000.00000000,000.00022359,000.00002098,000.04478544,000.28
Tournament (k=2),Blend,Gaussian,0.76642,0.02000,000.00000000,000.00002246,000.00000000,000.27906522,000.23
Tournament (k=2),Blend,Gaussian,0.76642,0.17762,000.02936554,000.86111677,001.06368256,000.67431390,000.48
Tournament (k=2),Blend,Uniform,0.50670,0.06226,000.00000000,000.00013905,000.00005150,000.09931472,000.23
Tournament (k=2),Blend,Gaussian,0.55369,0.25191,000.02735901,000.89647710,001.12192726,000.76481926,000.36
Tournament (k=2),Blend,Gaussian,0.62318,0.02837,000.00000000,000.00000434,000.00000000,000.16966079,000.24
Tournament (k=2),Blend,Gaussian,0.66113,0.10516,000.00009155,000.02791538,000.02644539,000.21064557,000.32
Tournament (k=2),Blend,Uniform,0.49195,0.03686,000.00000000,000.00123043,000.00040245,000.34541222,000.20
Tournament (k=2),Blend,Uniform,0.43709,0.03378,000.00000000,000.00251336,000.00090981,000.26070571,000.21
Tournament (k=2),Blend,Gaussian,0.62318,0.27490,000.00630951,001.21235216,001.42733574,000.74013871,000.40
Tournament (k=2),Blend,Gaussian,0.72243,0.16276,000.06248856,000.63784271,000.72133446,000.68574786,000.37
Tournament (k=2),Blend,Gaussian,0.64187,0.17762,000.01406097,000.53286070,000.55085564,000.57764369,000.40
Tournament (k=2),Blend,Uniform,0.40000,0.19383,000.16355515,001.41543269,001.63037491,000.94776958,000.27
Tournament (k=2),Blend,Gaussian,0.91514,0.05705,000.00000000,000.00037193,000.00000763,000.24042673,000.27
Tournament (k=2),Blend,Uniform,0.50670,0.19383,000.17694855,001.86545789,002.19856262,001.07337666,000.31
Tournament (k=2),Blend,Gaussian,1.00000,0.04390,000.00000000,000.00249872,000.00028801,000.49893302,000.23
Tournament (k=2),Blend,Gaussian,0.74410,0.10516,000.00138855,000.06973443,000.06147957,000.29477328,000.32
Tournament (k=2),Blend,Uniform,0.47762,0.02183,000.00000000,000.12235574,000.00783348,000.52944803,000.18
Tournament (k=2),Blend,Gaussian,0.70139,0.27490,000.01538467,001.41915810,001.68386459,000.78536534,000.47
Tournament (k=2),Blend,Gaussian,0.76642,0.02183,000.00000000,000.00001297,000.00000000,000.31094190,000.23
Tournament (k=2),Blend,Gaussian,0.62318,0.03095,000.00000000,000.00000100,000.00000000,000.02897653,000.23
Tournament (k=2),Blend,Gaussian,0.76642,0.06795,000.00000000,000.00038452,000.00004578,000.14471523,000.28
Tournament (k=2),Blend,Uniform,0.47762,0.19383,000.13175201,001.93381953,002.22632217,000.97574311,000.28
Tournament (k=2),Blend,Gaussian,0.86261,0.17762,000.05200958,001.23581600,001.46688843,000.70972782,000.38
Tournament (k=2),Blend,Gaussian,0.60503,0.16276,000.00844574,000.41004521,000.44753647,000.54855913,000.35
Tournament (k=2),Blend,Uniform,0.52190,0.03686,000.00000000,000.00176158,000.00012207,000.33559597,000.19
Tournament (k=2),Blend,Uniform,0.47762,0.06795,000.00000000,000.00009732,000.00004196,000.13977312,000.24
Tournament (k=2),Blend,Uniform,0.42436,0.06795,000.00000000,000.00038724,000.00019836,000.14366575,000.25
Tournament (k=2),Blend,Uniform,0.46371,0.03378,000.00000000,000.00450721,000.00093842,000.35111684,000.19
Tournament (k=2),Blend,Uniform,0.41200,0.12524,000.00332260,000.23677750,000.26806259,000.53983516,000.23
Tournament (k=2),Blend,Gaussian,0.72243,0.06226,000.00000000,000.00001683,000.00000191,000.14174254,000.25
Tournament (k=2),Blend,Gaussian,0.76642,0.19383,000.00749969,000.99386120,001.23820686,000.70691109,000.43
Tournament (k=2),Blend,Gaussian,0.55369,0.27490,000.05834198,001.13211644,001.34262848,000.76424766,000.43
Tournament (k=2),Blend,Gaussian,0.83749,0.30000,000.42863083,001.93698764,002.25515366,000.84645379,000.41
Tournament (k=2),Blend,Gaussian,0.83749,0.09637,000.00124359,000.06563754,000.05691338,000.36039054,000.31
Tournament (k=2),Blend,Uniform,0.52190,0.11476,000.00709915,000.39262062,000.38397217,000.63717353,000.30
Tournament (k=2),Blend,Gaussian,0.52190,0.02382,000.00000000,000.00008826,000.00000763,000.21802782,000.20
Tournament (k=2),Blend,Gaussian,0.62318,0.03378,000.00000000,000.00002122,000.00000000,000.17545062,000.27
Tournament (k=2),Blend,Gaussian,0.78941,0.08092,000.00000000,000.00258932,000.00128174,000.06612934,000.27
Tournament (k=2),Blend,Gaussian,1.00000,0.11476,000.00642395,000.48357233,000.51428032,000.72122085,000.36
Tournament (k=2),Blend,Uniform,0.47762,0.21153,000.34233093,001.92642903,002.20307541,001.05654466,000.29
Tournament (k=2),Blend,Gaussian,0.66113,0.03378,000.00000000,000.00000010,000.00000000,000.00737379,000.24
Tournament (k=2),Blend,Gaussian,0.91514,0.19383,000.16035461,001.35491538,001.60204315,000.82713366,000.39
Tournament (k=2),Blend,Gaussian,0.62318,0.30000,000.10000610,001.33697283,001.57011414,000.86980885,000.49
Tournament (k=2),Blend,Gaussian,0.68096,0.06795,000.00000000,000.00003104,000.00000954,000.10722136,000.27
Tournament (k=2),Blend,Gaussian,0.83749,0.03686,000.00000000,000.00091853,000.00000763,000.25790340,000.25
Tournament (k=2),Blend,Uniform,0.41200,0.13667,000.02874756,000.54796594,000.57704163,000.74654466,000.25
Tournament (k=2),Blend,Gaussian,0.72243,0.06795,000.00000000,000.00017581,000.00000954,000.08095670,000.27
Tournament (k=2),Blend,Gaussian,0.60503,0.17762,000.01142120,000.59082520,000.70698547,000.56408107,000.38
Tournament (k=2),Blend,Gaussian,0.88849,0.10516,000.00425339,000.14321871,000.13868523,000.38660419,000.30
Tournament (k=2),Blend,Gaussian,0.86261,0.19383,000.07575989,001.10739732,001.39124870,000.77228063,000.41
Tournament (k=2),Blend,Uniform,0.41200,0.03686,000.00000000,000.00656080,000.00303268,000.25750160,000.21
Tournament (k=2),Blend,Uniform,0.45020,0.21153,000.04727936,001.93744504,002.24415779,000.90444875,000.31
Tournament (k=2),Blend,Gaussian,0.94259,0.04023,000.00000000,000.00152364,000.00000572,000.29968756,000.23
Tournament (k=2),Blend,Gaussian,0.88849,0.04390,000.00000000,000.00080004,000.00000000,000.44831166,000.24
Tournament (k=2),Blend,Uniform,0.43709,0.12524,000.00790024,000.41840306,000.41841316,000.59180331,000.25
Tournament (k=2),Blend,Gaussian,0.88849,0.30000,000.31319427,002.12424755,002.46562958,001.03314495,000.46
Tournament (k=2),Blend,Gaussian,0.58741,0.27490,000.05089569,001.05029786,001.30790329,000.79066449,000.38
Tournament (k=2),Blend,Gaussian,0.94259,0.27490,000.29100037,002.06495905,002.46776962,000.94164711,000.44
Tournament (k=2),Blend,Uniform,0.45020,0.02183,000.00000000,000.08624344,000.00825691,000.45264837,000.18
Tournament (k=2),Blend,Gaussian,0.66113,0.23084,000.04891968,001.07987463,001.31668663,000.72144467,000.37
Tournament (k=2),Blend,Uniform,0.49195,0.12524,000.01527023,000.66957915,000.97118568,000.68441951,000.26
Tournament (k=2),Blend,Gaussian,0.76642,0.21153,000.07492065,001.15137649,001.38109016,000.70990926,000.41
Tournament (k=2),Blend,Uniform,0.40000,0.06795,000.00000000,000.00062962,000.00035858,000.10973933,000.23
Tournament (k=2),Blend,Uniform,0.42436,0.02382,000.00000000,000.09786005,000.00574875,000.45674250,000.18
Tournament (k=2),Blend,Gaussian,0.81310,0.05705,000.00000000,000.00040474,000.00000191,000.28651112,000.26
Tournament (k=2),Blend,Uniform,0.53756,0.02183,000.00000000,000.03238220,000.00042534,000.51498574,000.21
Tournament (k=2),Blend,Gaussian,0.97087,0.19383,000.01264572,001.43179905,001.71281052,000.92399925,000.40
Tournament (k=2),Blend,Uniform,0.42436,0.19383,000.12396622,001.42842901,001.63251305,000.83020490,000.30
Tournament (k=2),Blend,Gaussian,0.74410,0.04023,000.00000000,000.00005512,000.00000000,000.28599879,000.24
Tournament (k=2),Blend,Uniform,0.53756,0.06795,000.00000000,000.00020466,000.00004196,000.17213973,000.23
Tournament (k=2),Blend,Gaussian,0.58741,0.03095,000.00000000,000.00000477,000.00000000,000.10160755,000.21
Tournament (k=2),Blend,Gaussian,0.94259,0.04390,000.00000000,000.00103474,000.00000954,000.28039527,000.24
Tournament (k=2),Blend,Gaussian,0.94259,0.10516,000.00517273,000.28059831,000.27025414,000.48592600,000.30
Tournament (k=2),Blend,Gaussian,0.91514,0.02000,000.00000000,000.06940088,000.00017357,000.52714676,000.24
Tournament (k=2),Blend,Uniform,0.46371,0.11476,000.00169373,000.22238688,000.19848442,000.65144503,000.27
Tournament (k=2),Blend,Uniform,0.50670,0.06795,000.00000000,000.00012398,000.00005150,000.11109614,000.24
Tournament (k=2),Blend,Uniform,0.40000,0.07415,000.00000000,000.00104189,000.00045395,000.07362771,000.24
Tournament (k=2),Blend,Gaussian,0.68096,0.17762,000.01573944,000.73069805,000.99346924,000.66268593,000.44
Tournament (k=2),Blend,Gaussian,0.97087,0.05705,000.00000000,000.00250630,000.00005150,000.24183118,000.27
Tournament (k=2),Blend,Uniform,0.43709,0.03686,000.00000000,000.00275083,000.00063324,000.28695753,000.21
Tournament (k=2),Blend,Uniform,0.53756,0.02382,000.00000000,000.00791440,000.00010872,000.49864769,000.21
Tournament (k=2),Blend,Uniform,0.53756,0.21153,000.39350891,002.27283549,002.58879471,001.05164111,000.32
Tournament (k=2),Blend,Uniform,0.42436,0.02599,000.00000000,000.05037198,000.01195145,000.43865877,000.28
Tournament (k=2),Blend,Gaussian,0.70139,0.10516,000.00061035,000.04797540,000.04040527,000.28054067,000.31
Tournament (k=2),Blend,Gaussian,0.66113,0.25191,000.01825714,001.15995610,001.46319389,000.77360773,000.38
Tournament (k=2),Blend,Gaussian,0.81310,0.19383,000.21275711,001.13454461,001.35739136,000.74752313,000.39
Tournament (k=2),Blend,Uniform,0.47762,0.02382,000.00000000,000.03141384,000.00398827,000.42740133,000.18
Tournament (k=2),Blend,Uniform,0.40000,0.21153,000.12731171,001.54714644,001.77859116,000.93449020,000.27
Tournament (k=2),Blend,Gaussian,0.91514,0.06226,000.00000000,000.00279808,000.00021553,000.26519704,000.28
Tournament (k=2),Blend,Gaussian,1.00000,0.04791,000.00000000,000.00178533,000.00004959,000.29849496,000.25
Tournament (k=2),Blend,Uniform,0.50670,0.21153,000.21177673,001.94964254,002.22046471,001.10202456,000.32
Tournament (k=2),Blend,Gaussian,0.76642,0.02382,000.00000000,000.00003715,000.00000000,000.42717162,000.23
Tournament (k=2),Blend,Gaussian,0.53756,0.04791,000.00000000,000.00000648,000.00000000,000.03763394,000.22
Tournament (k=2),Blend,Gaussian,0.64187,0.19383,000.02583694,000.81333637,001.06988144,000.70779723,000.38
Tournament (k=2),Blend,Gaussian,1.00000,0.30000,000.81345367,002.43650413,002.75153732,000.86648482,000.43
Tournament (k=2),Blend,Uniform,0.42436,0.02837,000.00000000,000.03889289,000.00477600,000.47246614,000.21
Tournament (k=2),Blend,Uniform,0.55369,0.04023,000.00000000,000.00006170,000.00001526,000.33137429,000.23
Tournament (k=2),Blend,Gaussian,0.74410,0.11476,000.00273514,000.12219787,000.14142418,000.34333622,000.31
Tournament (k=2),Blend,Uniform,0.53756,0.02599,000.00000000,000.02079267,000.00110817,000.48540637,000.22
Tournament (k=2),Blend,Uniform,0.47762,0.07415,000.00000000,000.00051651,000.00022507,000.10181126,000.24
Tournament (k=2),Blend,Gaussian,0.76642,0.07415,000.00000000,000.00027266,000.00010872,000.10992451,000.29
Tournament (k=2),Blend,Uniform,0.46371,0.03686,000.00000000,000.00103855,000.00007057,000.23748302,000.20
Tournament (k=2),Blend,Uniform,0.42436,0.07415,000.00000000,000.00044169,000.00036621,000.19693375,000.24
Tournament (k=2),Blend,Gaussian,0.86261,0.02000,000.00000000,000.00766101,000.00000000,000.56851196,000.21
Tournament (k=2),Blend,Gaussian,0.70139,0.30000,000.12661743,001.48922086,001.68334389,000.75422329,000.40
Tournament (k=2),Blend,Uniform,0.53756,0.23084,000.14915085,002.47797632,002.88913536,001.33618367,000.33
Tournament (k=2),Blend,Uniform,0.55369,0.12524,000.01268768,000.92382336,001.18098450,000.78604954,000.26
Tournament (k=2),Blend,Gaussian,0.52190,0.02599,000.00000000,000.00010438,000.00001335,000.09898972,000.20
Tournament (k=2),Blend,Uniform,0.57030,0.02382,000.00000000,000.00212512,000.00003433,000.41206682,000.20
Tournament (k=2),Blend,Uniform,0.52190,0.12524,000.02273560,000.58617115,000.74836349,000.77932966,000.26
Tournament (k=2),Blend,Gaussian,0.76642,0.02599,000.00000000,000.00004396,000.00000000,000.36041111,000.24
Tournament (k=2),Blend,Gaussian,0.64187,0.02000,000.00000000,000.00000272,000.00000000,000.24225001,000.22
Tournament (k=2),Blend,Gaussian,0.83749,0.10516,000.00531387,000.12960458,000.12743378,000.40492746,000.32
Tournament (k=2),Blend,Gaussian,0.66113,0.03686,000.00000000,000.00000167,000.00000000,000.09654157,000.24
Tournament (k=2),Blend,Uniform,0.40000,0.02000,000.00000000,000.26620054,000.09956169,000.52226770,000.25
Tournament (k=2),Blend,Uniform,0.57030,0.07415,000.00000000,000.00233727,000.00061226,000.15988371,000.25
Tournament (k=2),Blend,Uniform,0.41200,0.14915,000.03971100,000.84453344,001.07979774,000.72667235,000.25
Tournament (k=2),Blend,Uniform,0.47762,0.08092,000.00000000,000.00226359,000.00089455,000.15486713,000.26
Tournament (k=2),Blend,Uniform,0.41200,0.04023,000.00000000,000.00354972,000.00129318,000.28474730,000.21
Tournament (k=2),Blend,Gaussian,0.72243,0.07415,000.00000000,000.00042601,000.00023270,000.10231625,000.26
Tournament (k=2),Blend,Gaussian,1.00000,0.12524,000.02658081,000.67424530,000.82803726,000.69252759,000.36
Tournament (k=2),Blend,Gaussian,0.78941,0.30000,000.11795807,001.68847692,001.97468948,000.81400293,000.48
Tournament (k=2),Blend,Gaussian,0.74410,0.12524,000.00952148,000.23892160,000.18955612,000.48067024,000.36
Tournament (k=2),Blend,Gaussian,0.78941,0.03095,000.00000000,000.00053649,000.00000954,000.36151847,000.22
Tournament (k=2),Blend,Uniform,0.57030,0.23084,000.25074387,002.52151799,002.70531845,001.08718491,000.32
Tournament (k=2),Blend,Gaussian,0.88849,0.04791,000.00000000,000.00055361,000.00000000,000.27647921,000.24
Tournament (k=2),Blend,Uniform,0.43709,0.13667,000.01345444,000.65300083,000.87236786,000.69906735,000.25
Tournament (k=2),Blend,Gaussian,0.88849,0.11476,000.01472092,000.32283497,000.29184151,000.51156074,000.31
Tournament (k=2),Blend,Uniform,0.45020,0.02382,000.00000000,000.02159643,000.00477600,000.42755982,000.20
Tournament (k=2),Blend,Gaussian,0.70139,0.03686,000.00000000,000.00000210,000.00000000,000.19152410,000.28
Tournament (k=2),Blend,Uniform,0.45020,0.23084,000.12594604,001.99248886,002.41265678,001.08103585,000.32
Tournament (k=2),Blend,Gaussian,0.86261,0.21153,000.09500885,001.34010684,001.61778450,000.87953740,000.40
Tournament (k=2),Blend,Uniform,0.49195,0.13667,000.02240372,000.77007920,001.05912018,000.75567532,000.27
Tournament (k=2),Blend,Uniform,0.49195,0.04023,000.00000000,000.00095611,000.00054359,000.26958725,000.21
Tournament (k=2),Blend,Gaussian,0.86261,0.06226,000.00000000,000.00031066,000.00001526,000.11540329,000.29
Tournament (k=2),Blend,Gaussian,0.78941,0.03378,000.00000000,000.00006733,000.00000000,000.23482877,000.23
Tournament (k=2),Blend,Uniform,0.41200,0.16276,000.04924393,001.08802032,001.33534241,000.85397130,000.31
Tournament (k=2),Blend,Gaussian,0.81310,0.06226,000.00000000,000.00060925,000.00005913,000.13610061,000.28
Tournament (k=2),Blend,Uniform,0.58741,0.04390,000.00000000,000.00003953,000.00000572,000.26619005,000.21
Tournament (k=2),Blend,Gaussian,0.58741,0.30000,000.14787674,001.21411896,001.39385223,000.89523506,000.41
Tournament (k=2),Blend,Uniform,0.53756,0.07415,000.00000000,000.00059738,000.00027466,000.08934607,000.22
Tournament (k=2),Blend,Gaussian,0.74410,0.04390,000.00000000,000.00001674,000.00000000,000.23097813,000.25
Tournament (k=2),Blend,Gaussian,0.88849,0.05228,000.00000000,000.00286169,000.00005722,000.24425803,000.27
Tournament (k=2),Blend,Gaussian,0.94259,0.30000,000.23733521,002.26472306,002.62481308,001.05592048,000.45
Tournament (k=2),Blend,Gaussian,0.76642,0.23084,000.03806686,001.18333697,001.43342972,000.93876129,000.41
Tournament (k=2),Blend,Gaussian,0.94259,0.04791,000.00000000,000.00148025,000.00000000,000.33379045,000.24
Tournament (k=2),Blend,Gaussian,0.91514,0.02183,000.00000000,000.07610665,000.00013733,000.50629377,000.21
Tournament (k=2),Blend,Gaussian,0.97087,0.21153,000.14570999,001.48885453,001.73672104,000.90931267,000.41
Tournament (k=2),Blend,Gaussian,0.94259,0.11476,000.01051712,000.36347002,000.38483429,000.57929009,000.31
Tournament (k=2),Blend,Uniform,0.50670,0.07415,000.00000000,000.00056000,000.00027084,000.12827410,000.23
Tournament (k=2),Blend,Uniform,0.46371,0.12524,000.00823212,000.44253176,000.45642090,000.69347900,000.28
Tournament (k=2),Blend,Uniform,0.40000,0.08092,000.00000000,000.00137458,000.00090790,000.10129866,000.24
Tournament (k=2),Blend,Uniform,0.57030,0.25191,000.70100403,002.69894648,003.07252884,001.26342511,000.41
Tournament (k=2),Blend,Uniform,0.50670,0.02183,000.00000000,000.06269560,000.00375366,000.41246089,000.18
Tournament (k=2),Blend,Gaussian,0.74410,0.13667,000.01568985,000.32711571,000.32760811,000.50926834,000.46
Tournament (k=2),Blend,Uniform,0.45020,0.06226,000.00000000,000.00026107,000.00012016,000.15451947,000.20
Tournament (k=2),Blend,Uniform,0.52190,0.04023,000.00000000,000.00025091,000.00005913,000.23742683,000.19
Tournament (k=2),Blend,Gaussian,0.88849,0.12524,000.01718140,000.48233598,000.44770432,000.61967009,000.42
Tournament (k=2),Blend,Uniform,0.43709,0.04023,000.00000000,000.00089474,000.00038338,000.17254333,000.22
Tournament (k=2),Blend,Uniform,0.47762,0.02599,000.00000000,000.02598538,000.00229645,000.44471261,000.18
Tournament (k=2),Blend,Gaussian,0.97087,0.06226,000.00000000,000.00053949,000.00010490,000.18700314,000.29
Tournament (k=2),Blend,Gaussian,0.91514,0.02382,000.00000000,000.09609537,000.00026321,000.57099342,000.24
Tournament (k=2),Blend,Gaussian,0.70139,0.11476,000.00422668,000.10691385,000.09760857,000.46710029,000.31
Tournament (k=2),Blend,Gaussian,1.00000,0.05228,000.00000000,000.00537400,000.00032997,000.28851479,000.26
Tournament (k=2),Blend,Gaussian,0.91514,0.06795,000.00000000,000.00247283,000.00034714,000.27521694,000.28
Tournament (k=2),Blend,Gaussian,0.68096,0.19383,000.08103943,000.99410230,001.21154213,000.66642594,000.39
Tournament (k=2),Blend,Uniform,0.42436,0.03095,000.00000000,000.00373693,000.00152206,000.33576703,000.20
Tournament (k=2),Blend,Uniform,0.55369,0.04390,000.00000000,000.00004759,000.00000572,000.19516066,000.21
Tournament (k=2),Blend,Uniform,0.52190,0.04390,000.00000000,000.00019307,000.00006676,000.21144946,000.22
Tournament (k=2),Blend,Uniform,0.45020,0.06795,000.00000000,000.00048881,000.00016212,000.17052545,000.22
Tournament (k=2),Blend,Gaussian,0.78941,0.08830,000.00001144,000.01255951,000.01230240,000.24554425,000.28
Tournament (k=2),Blend,Uniform,0.43709,0.04390,000.00000000,000.00072341,000.00018883,000.21102573,000.22
Tournament (k=2),Blend,Uniform,0.58741,0.13667,000.08254623,001.23177743,001.40226746,000.86035943,000.29
Tournament (k=2),Blend,Uniform,0.47762,0.02837,000.00000000,000.00247183,000.00086784,000.41093692,000.19
Tournament (k=2),Blend,Gaussian,0.83749,0.04023,000.00000000,000.00077658,000.00000000,000.32890999,000.25
Tournament (k=2),Blend,Uniform,0.46371,0.13667,000.02681732,000.80859768,001.12876511,000.70875430,000.30
Tournament (k=2),Blend,Uniform,0.50670,0.23084,000.49024963,002.39984083,002.68289375,001.13796723,000.32
Tournament (k=2),Blend,Gaussian,0.81310,0.21153,000.03813171,001.27739394,001.54977989,000.88517898,000.40
Tournament (k=2),Blend,Uniform,0.47762,0.23084,000.11199951,002.18841290,002.46898651,001.06463814,000.31
Tournament (k=2),Blend,Gaussian,0.86261,0.02183,000.00000000,000.00050392,000.00000763,000.41029400,000.21
Tournament (k=2),Blend,Gaussian,0.66113,0.27490,000.03037262,001.45129538,001.71811485,000.85911030,000.48
Tournament (k=2),Blend,Gaussian,0.72243,0.02000,000.00000000,000.00000243,000.00000000,000.19544367,000.20
Tournament (k=2),Blend,Uniform,0.60503,0.02599,000.00000000,000.01492538,000.00003815,000.39700142,000.20
Tournament (k=2),Blend,Uniform,0.57030,0.02599,000.00000000,000.00281839,000.00003624,000.37192324,000.19
Tournament (k=2),Blend,Gaussian,0.97087,0.06795,000.00000000,000.00586452,000.00131607,000.30825490,000.30
Tournament (k=2),Blend,Uniform,0.40000,0.02183,000.00000000,000.16320300,000.03174400,000.46292189,000.20
Tournament (k=2),Blend,Uniform,0.55369,0.13667,000.05581665,001.01565611,001.28330231,000.84223861,000.27
Tournament (k=2),Blend,Uniform,0.42436,0.03378,000.00000000,000.01042447,000.00225449,000.32340056,000.25
Tournament (k=2),Blend,Uniform,0.62318,0.04791,000.00000000,000.00000930,000.00000000,000.20509912,000.24
Tournament (k=2),Blend,Uniform,0.60503,0.08092,000.00000381,000.01360230,000.00682259,000.29346782,000.25
Tournament (k=2),Blend,Uniform,0.53756,0.25191,000.69596481,002.58648610,002.95396233,001.07394898,000.33
Tournament (k=2),Blend,Uniform,0.41200,0.04390,000.00000000,000.00216527,000.00156784,000.13978682,000.22
Tournament (k=2),Blend,Uniform,0.47762,0.08830,000.00000763,000.00953341,000.00747490,000.29383177,000.26
Tournament (k=2),Blend,Uniform,0.57030,0.08092,000.00000381,000.00931783,000.00304604,000.29304367,000.26
Tournament (k=2),Blend,Uniform,0.60503,0.25191,001.09019852,003.05364680,003.47139549,001.38914526,000.31
Tournament (k=2),Blend,Uniform,0.62318,0.14915,000.03505707,001.52699912,001.72439957,000.86158872,000.30
Tournament (k=2),Blend,Gaussian,0.83749,0.11476,000.00149536,000.26474196,000.21498108,000.51591200,000.34
Tournament (k=2),Blend,Uniform,0.45020,0.02599,000.00000000,000.01544509,000.00212288,000.38376698,000.19
Tournament (k=2),Blend,Gaussian,0.81310,0.02000,000.00000000,000.05702772,000.00000000,000.48169997,000.24
Tournament (k=2),Blend,Gaussian,0.66113,0.11476,000.00098801,000.05307188,000.06305313,000.27456686,000.34
Tournament (k=2),Blend,Uniform,0.43709,0.14915,000.05792999,000.96657783,001.19081879,000.88372552,000.27
Tournament (k=2),Blend,Uniform,0.47762,0.25191,000.37219238,002.32140350,002.69144058,001.42279613,000.37
Tournament (k=2),Blend,Gaussian,1.00000,0.13667,000.05122375,000.70642048,000.79374886,000.75215769,000.35
Tournament (k=2),Blend,Uniform,0.42436,0.03686,000.00000000,000.00293221,000.00117493,000.19657373,000.22
Tournament (k=2),Blend,Uniform,0.42436,0.21153,000.24306870,001.86822391,002.23357010,000.95546567,000.32
Tournament (k=2),Blend,Uniform,0.49195,0.04390,000.00000000,000.00012388,000.00002289,000.17278175,000.23
Tournament (k=2),Blend,Uniform,0.62318,0.05228,000.00000000,000.00001359,000.00000000,000.16967756,000.24
Tournament (k=2),Blend,Gaussian,0.70139,0.04023,000.00000000,000.00000768,000.00000000,000.10228094,000.26
Tournament (k=2),Blend,Gaussian,0.78941,0.03686,000.00000000,000.00000563,000.00000000,000.24724023,000.23
Tournament (k=2),Blend,Gaussian,0.72243,0.17762,000.07214355,000.81206608,000.86369705,000.71423697,000.39
Tournament (k=2),Blend,Uniform,0.64187,0.02837,000.00000000,000.00020094,000.00000000,000.41507551,000.20
Tournament (k=2),Blend,Uniform,0.41200,0.17762,000.15156174,001.31246531,001.60331726,000.81195152,000.27
Tournament (k=2),Blend,Uniform,0.58741,0.04791,000.00000000,000.00010247,000.00002480,000.22728199,000.24
Tournament (k=2),Blend,Uniform,0.45020,0.25191,000.19738388,002.14098358,002.43804169,001.13363171,000.34
Tournament (k=2),Blend,Gaussian,0.81310,0.06795,000.00000000,000.00153284,000.00016022,000.24447134,000.29
Tournament (k=2),Blend,Uniform,0.53756,0.08092,000.00000000,000.00532055,000.00258827,000.19293813,000.24
Tournament (k=2),Blend,Gaussian,0.88849,0.05705,000.00000000,000.00094929,000.00000763,000.18136752,000.24
Tournament (k=2),Blend,Uniform,0.53756,0.27490,000.38494110,002.72806144,003.10039330,001.29303062,000.35
Tournament (k=2),Blend,Uniform,0.64187,0.08830,000.00021362,000.13382658,000.09616089,000.53247559,000.27
Tournament (k=2),Blend,Gaussian,0.97087,0.02000,000.00000000,000.06232018,000.00045013,000.47387868,000.23
Tournament (k=2),Blend,Uniform,0.64187,0.27490,000.14380646,002.95187902,003.27380562,001.36014330,000.34
Tournament (k=2),Blend,Uniform,0.49195,0.04791,000.00000000,000.00029988,000.00012589,000.10163693,000.23
Tournament (k=2),Blend,Uniform,0.50670,0.02382,000.00000000,000.07803259,000.00139999,000.48755190,000.18
Tournament (k=2),Blend,Gaussian,0.94259,0.05228,000.00000000,000.00213790,000.00000572,000.32656428,000.27
Tournament (k=2),Blend,Uniform,0.50670,0.08092,000.00000000,000.00256295,000.00132561,000.14535026,000.25
Tournament (k=2),Blend,Uniform,0.40000,0.23084,000.18570328,001.83517206,002.19502640,000.97933382,000.27
Tournament (k=2),Blend,Uniform,0.66113,0.05228,000.00000000,000.00002656,000.00000000,000.28429455,000.24
Tournament (k=2),Blend,Uniform,0.47762,0.27490,000.39307404,002.51503205,003.10603905,001.27156627,000.34
Tournament (k=2),Blend,Uniform,0.40000,0.08830,000.00000000,000.00252390,000.00137329,000.15728770,000.25
Tournament (k=2),Blend,Uniform,0.53756,0.02837,000.00000000,000.00113392,000.00004387,000.32267916,000.22
Tournament (k=2),Blend,Uniform,0.46371,0.04023,000.00000000,000.00080042,000.00018692,000.28879377,000.19
Tournament (k=2),Blend,Gaussian,0.94259,0.12524,000.01184845,000.53252292,000.60164261,000.62585014,000.32
Tournament (k=2),Blend,Gaussian,1.00000,0.14915,000.03527451,001.07408142,001.27992630,000.77811468,000.39
Tournament (k=2),Blend,Uniform,0.66113,0.16276,000.56200409,002.02698565,002.30395317,001.09096086,000.31
Tournament (k=2),Blend,Uniform,0.57030,0.27490,000.27311325,002.64686823,002.89023590,001.36825681,000.34
Tournament (k=2),Blend,Gaussian,0.76642,0.08092,000.00000763,000.00388527,000.00165176,000.21450604,000.30
Tournament (k=2),Blend,Gaussian,0.91514,0.02599,000.00000000,000.00042167,000.00000763,000.42540693,000.24
Tournament (k=2),Blend,Gaussian,0.88849,0.13667,000.00841904,000.65317446,000.78687859,000.69579881,000.33
Tournament (k=2),Blend,Uniform,0.64187,0.09637,000.00311279,000.35740012,000.29825211,000.67893267,000.33
Tournament (k=2),Blend,Gaussian,1.00000,0.05705,000.00000000,000.00096798,000.00002670,000.15797296,000.25
Tournament (k=2),Blend,Gaussian,0.91514,0.21153,000.08209229,001.52769470,001.79076767,000.97129357,000.41
Tournament (k=2),Blend,Uniform,0.43709,0.04791,000.00000000,000.00160942,000.00090408,000.23124793,000.21
Tournament (k=2),Blend,Uniform,0.47762,0.03095,000.00000000,000.00374122,000.00142479,000.39911368,000.20
Tournament (k=2),Blend,Uniform,0.52190,0.13667,000.01856232,000.90372384,001.13186073,000.91208625,000.27
Tournament (k=2),Blend,Uniform,0.50670,0.08830,000.00000381,000.01066608,000.00524521,000.37671226,000.27
Tournament (k=2),Blend,Uniform,0.66113,0.05705,000.00000000,000.00002279,000.00000000,000.19507530,000.27
Tournament (k=2),Blend,Gaussian,0.91514,0.07415,000.00000763,000.00590134,000.00183678,000.23555402,000.32
Tournament (k=2),Blend,Gaussian,0.70139,0.12524,000.01086426,000.16387782,000.16114616,000.44418415,000.35
Tournament (k=2),Blend,Uniform,0.40000,0.25191,000.34804916,001.99207592,002.30113983,001.09162426,000.32
Tournament (k=2),Blend,Gaussian,0.78941,0.09637,000.00047684,000.05138564,000.05223274,000.28660896,000.30
Tournament (k=2),Blend,Gaussian,0.83749,0.04390,000.00000000,000.00013990,000.00000000,000.20843385,000.27
Tournament (k=2),Blend,Uniform,0.58741,0.14915,000.14171219,001.44422340,001.70831871,000.88650161,000.29
Tournament (k=2),Blend,Gaussian,0.86261,0.02382,000.00000000,000.01242428,000.00011826,000.49344772,000.22
Tournament (k=2),Blend,Gaussian,0.68096,0.21153,000.15538025,000.92192221,001.17572784,000.73257369,000.41
Tournament (k=2),Blend,Uniform,0.60503,0.02837,000.00000000,000.00895181,000.00001335,000.38779119,000.20
Tournament (k=2),Blend,Uniform,0.40000,0.02382,000.00000000,000.04753103,000.01679993,000.46941116,000.21
Tournament (k=2),Blend,Uniform,0.50670,0.25191,000.40382767,002.41099286,002.89172935,001.18455589,000.34
Tournament (k=2),Blend,Gaussian,1.00000,0.06226,000.00000000,000.00190883,000.00017166,000.12814227,000.27
Tournament (k=2),Blend,Uniform,0.68096,0.03095,000.00000000,000.00016613,000.00000000,000.32814494,000.21
Tournament (k=2),Blend,Gaussian,1.00000,0.16276,000.02177048,001.12988365,001.34297752,000.72479409,000.41
Tournament (k=2),Blend,Uniform,0.66113,0.06226,000.00000000,000.00036120,000.00004768,000.25384063,000.24
Tournament (k=2),Blend,Uniform,0.55369,0.14915,000.11686325,001.35191095,001.53145599,000.88039261,000.28
Tournament (k=2),Blend,Gaussian,0.97087,0.07415,000.00001526,000.00832467,000.00423050,000.22420360,000.30
Tournament (k=2),Blend,Uniform,0.41200,0.04791,000.00000000,000.00061784,000.00041580,000.14318095,000.22
Tournament (k=2),Blend,Gaussian,0.81310,0.23084,000.14078140,001.55233419,001.74868584,000.82510841,000.44
Tournament (k=2),Blend,Gaussian,0.91514,0.08092,000.00011063,000.01150880,000.00627708,000.20151076,000.31
Tournament (k=2),Blend,Uniform,0.47762,0.09637,000.00001526,000.02904477,000.02260208,000.28776926,000.27
Tournament (k=2),Blend,Gaussian,0.66113,0.30000,000.18608856,001.23139012,001.41828728,000.79308218,000.45
Tournament (k=2),Blend,Gaussian,0.88849,0.14915,000.12576675,000.86417025,001.12983322,000.66250628,000.37
Tournament (k=2),Blend,Uniform,0.57030,0.08830,000.00000763,000.04211454,000.02073288,000.39710402,000.27
Tournament (k=2),Blend,Gaussian,0.86261,0.06795,000.00000000,000.00090275,000.00019264,000.16999847,000.31
Tournament (k=2),Blend,Uniform,0.45020,0.02837,000.00000000,000.07592592,000.01154137,000.44410995,000.19
Tournament (k=2),Blend,Gaussian,0.86261,0.23084,000.02120590,001.55559576,001.93329620,000.78805101,000.44
Tournament (k=2),Blend,Uniform,0.62318,0.16276,000.14509583,001.78733134,002.16576004,001.09026718,000.31
Tournament (k=2),Blend,Uniform,0.60503,0.27490,000.86513519,003.03394818,003.47178650,001.31696975,000.33
Tournament (k=2),Blend,Gaussian,0.81310,0.02183,000.00000000,000.00001101,000.00000000,000.30699539,000.24
Tournament (k=2),Blend,Uniform,0.42436,0.04023,000.00000000,000.00184669,000.00075340,000.21848220,000.20
Tournament (k=2),Blend,Uniform,0.68096,0.09637,000.00247574,000.45917115,000.53224373,000.63567251,000.26
Tournament (k=2),Blend,Uniform,0.41200,0.05228,000.00000000,000.00167084,000.00037193,000.25613847,000.23
Tournament (k=2),Blend,Uniform,0.43709,0.16276,000.08680725,001.10921562,001.37691307,000.84911942,000.28
Tournament (k=2),Blend,Uniform,0.64187,0.03095,000.00000000,000.00119820,000.00000000,000.40403274,000.20
Tournament (k=2),Blend,Gaussian,0.78941,0.04023,000.00000000,000.00044599,000.00000000,000.43247676,000.23
Tournament (k=2),Blend,Uniform,0.42436,0.23084,000.06361389,001.91051352,002.22468185,001.13206315,000.32
Tournament (k=2),Blend,Gaussian,0.97087,0.08092,000.00020981,000.02452455,000.01716232,000.31755573,000.35
Tournament (k=2),Blend,Gaussian,0.83749,0.12524,000.02397156,000.42123613,000.33895874,000.58750236,000.51
Tournament (k=2),Blend,Uniform,0.57030,0.09637,000.00218201,000.14326692,000.12179756,000.47133717,000.30
Tournament (k=2),Blend,Uniform,0.50670,0.02599,000.00000000,000.03176818,000.00084877,000.40731591,000.20
Tournament (k=2),Blend,Gaussian,0.81310,0.07415,000.00000000,000.00296130,000.00123024,000.19396511,000.30
Tournament (k=2),Blend,Uniform,0.53756,0.08830,000.00000381,000.02674255,000.02213669,000.36994028,000.26
Tournament (k=2),Blend,Uniform,0.42436,0.08092,000.00000000,000.00118942,000.00084305,000.10186116,000.25
Tournament (k=2),Blend,Uniform,0.49195,0.05228,000.00000000,000.00016809,000.00007057,000.13924365,000.23
Tournament (k=2),Blend,Uniform,0.45020,0.27490,000.40130234,002.23869562,002.60402679,001.30029476,000.36
Tournament (k=2),Blend,Gaussian,0.97087,0.02183,000.00000000,000.03686934,000.00019073,000.53725231,000.25
Tournament (k=2),Blend,Uniform,0.55369,0.04791,000.00000000,000.00014734,000.00002289,000.16972117,000.22
Tournament (k=2),Blend,Gaussian,0.72243,0.19383,000.03375244,000.94134271,001.12067795,000.73722053,000.41
Tournament (k=2),Blend,Uniform,0.68096,0.30000,000.92931366,003.64648509,004.33407593,001.56718075,000.34
Tournament (k=2),Blend,Gaussian,0.81310,0.25191,000.26458740,001.54522467,001.80823517,000.84134358,000.47
Tournament (k=2),Blend,Uniform,0.64187,0.30000,001.68457794,003.30936813,003.66769028,001.11440289,000.33
Tournament (k=2),Blend,Gaussian,0.76642,0.25191,000.27248383,001.47379720,001.69644928,000.80740637,000.55
Tournament (k=2),Blend,Uniform,0.45020,0.07415,000.00000000,000.00025125,000.00013924,000.04823899,000.23
Tournament (k=2),Blend,Gaussian,0.94259,0.05705,000.00000000,000.00367098,000.00001907,000.27512103,000.29
Tournament (k=2),Blend,Uniform,0.64187,0.03378,000.00000000,000.00006251,000.00000000,000.26007849,000.27
Tournament (k=2),Blend,Uniform,0.53756,0.30000,000.58582306,003.19669223,003.53564262,001.33133435,000.39
Tournament (k=2),Blend,Gaussian,0.78941,0.04390,000.00000000,000.00003662,000.00000000,000.22611229,000.27
Tournament (k=2),Blend,Gaussian,0.88849,0.16276,000.03278351,000.89684010,001.19636917,000.81676716,000.52
Tournament (k=2),Blend,Uniform,0.46371,0.04390,000.00000000,000.00123591,000.00038528,000.25389126,000.23
Tournament (k=2),Blend,Uniform,0.53756,0.03095,000.00000000,000.00021529,000.00005341,000.25344983,000.24
Tournament (k=2),Blend,Uniform,0.40000,0.09637,000.00000763,000.00985465,000.00685692,000.16943008,000.28
Tournament (k=2),Blend,Gaussian,0.72243,0.02183,000.00000000,000.00000143,000.00000000,000.30427462,000.21
Tournament (k=2),Blend,Uniform,0.57030,0.02837,000.00000000,000.00221963,000.00011444,000.34600276,000.21
Tournament (k=2),Blend,Uniform,0.70139,0.05705,000.00000000,000.00034242,000.00004196,000.15298665,000.26
Tournament (k=2),Blend,Gaussian,0.91514,0.02837,000.00000000,000.00467153,000.00046921,000.47789073,000.27
Tournament (k=2),Blend,Uniform,0.47762,0.03378,000.00000000,000.00121393,000.00044823,000.25354713,000.20
Tournament (k=2),Blend,Uniform,0.46371,0.14915,000.04810333,000.92413843,001.18217468,000.89413458,000.32
Tournament (k=2),Blend,Uniform,0.43709,0.05228,000.00000000,000.00035801,000.00015450,000.19482058,000.22
Tournament (k=2),Blend,Uniform,0.64187,0.10516,000.00549316,000.54577243,000.63988876,000.78236544,000.28
Tournament (k=2),Blend,Gaussian,0.94259,0.13667,000.05725861,000.76868594,001.04502869,000.66334021,000.38
Tournament (k=2),Blend,Uniform,0.66113,0.17762,000.09985352,001.95831227,002.31541443,001.08143127,000.34
Tournament (k=2),Blend,Uniform,0.57030,0.30000,000.26987839,002.98327494,003.33763504,001.54685307,000.36
Tournament (k=2),Blend,Uniform,0.52190,0.14915,000.03829956,001.01908183,001.29680061,000.88790393,000.29
Tournament (k=2),Blend,Uniform,0.50670,0.09637,000.00004578,000.03973331,000.03165627,000.38384917,000.29
Tournament (k=2),Blend,Gaussian,0.83749,0.04791,000.00000000,000.00063634,000.00000763,000.21144770,000.25
Tournament (k=2),Blend,Uniform,0.53756,0.03378,000.00000000,000.00070252,000.00020599,000.28413355,000.26
Tournament (k=2),Blend,Uniform,0.49195,0.14915,000.06301880,001.09552073,001.38981056,000.83003998,000.33
Tournament (k=2),Blend,Gaussian,0.86261,0.02599,000.00000000,000.00431786,000.00000381,000.40579799,000.23
Tournament (k=2),Blend,Gaussian,0.72243,0.02382,000.00000000,000.00002017,000.00000000,000.31256288,000.23
Tournament (k=2),Blend,Uniform,0.57030,0.03095,000.00000000,000.00020146,000.00000763,000.31200305,000.21
Tournament (k=2),Blend,Uniform,0.40000,0.27490,000.21392822,002.33115911,002.63078880,001.09870982,000.32
Tournament (k=2),Blend,Uniform,0.40000,0.10516,000.00068665,000.04298143,000.04582977,000.28812847,000.27
Tournament (k=2),Blend,Uniform,0.40000,0.02599,000.00000000,000.03790898,000.00657463,000.43408951,000.20
Tournament (k=2),Blend,Gaussian,0.91514,0.23084,000.10685349,001.56312656,001.77385330,000.88576049,000.46
Tournament (k=2),Blend,Gaussian,0.72243,0.21153,000.09704590,001.11279655,001.34428406,000.80538130,000.51
Tournament (k=2),Blend,Uniform,0.70139,0.06226,000.00000000,000.00107503,000.00014114,000.20222513,000.26
Tournament (k=2),Blend,Uniform,0.68096,0.03378,000.00000000,000.00004172,000.00000000,000.32055214,000.23
Tournament (k=2),Blend,Gaussian,1.00000,0.06795,000.00000000,000.00469532,000.00161552,000.15878224,000.27
Tournament (k=2),Blend,Gaussian,0.88849,0.17762,000.12270355,001.14519703,001.31846046,000.73071194,000.47
Tournament (k=2),Blend,Uniform,0.66113,0.06795,000.00000000,000.00398698,000.00061798,000.22807430,000.26
Tournament (k=2),Blend,Uniform,0.62318,0.05705,000.00000000,000.00011778,000.00000381,000.17005847,000.22
Tournament (k=2),Blend,Uniform,0.55369,0.16276,000.09409332,001.50662577,001.84642029,001.01950300,000.28
Tournament (k=2),Blend,Gaussian,0.68096,0.02000,000.00000000,000.00001144,000.00000000,000.32550433,000.21
Tournament (k=2),Blend,Uniform,0.50670,0.27490,000.84436417,002.58387041,002.91463280,001.34840798,000.38
Tournament (k=2),Blend,Uniform,0.58741,0.05228,000.00000000,000.00002770,000.00000000,000.14081188,000.22
Tournament (k=2),Blend,Uniform,0.47762,0.10516,000.00144958,000.16994596,000.15637016,000.50802529,000.27
Tournament (k=2),Blend,Uniform,0.45020,0.03095,000.00000000,000.00464606,000.00166130,000.31839156,000.19
Tournament (k=2),Blend,Uniform,0.41200,0.19383,000.00588989,001.52525425,001.83744049,000.86997515,000.26
Tournament (k=2),Blend,Gaussian,1.00000,0.17762,000.11216736,001.38077712,001.59773254,000.81725502,000.41
Tournament (k=2),Blend,Gaussian,0.91514,0.08830,000.00053024,000.06347857,000.04994774,000.36620227,000.31
Tournament (k=2),Blend,Uniform,0.70139,0.17762,000.45682526,002.27918959,002.58762360,001.08961380,000.33
Tournament (k=2),Blend,Uniform,0.40000,0.11476,000.00016022,000.11787953,000.10734558,000.49810758,000.27
Tournament (k=2),Blend,Uniform,0.40000,0.30000,000.21399689,002.25793123,002.58570862,001.11330378,000.34
Tournament (k=2),Blend,Gaussian,0.97087,0.23084,000.20580673,001.57732356,001.87905884,000.93590301,000.41
Tournament (k=2),Blend,Gaussian,0.81310,0.02382,000.00000000,000.00004711,000.00000000,000.35891092,000.23
Tournament (k=2),Blend,Uniform,0.72243,0.03378,000.00000000,000.00181813,000.00000000,000.36463088,000.23
Tournament (k=2),Blend,Uniform,0.62318,0.17762,000.11886215,002.19364548,002.50893211,001.00445294,000.31
Tournament (k=2),Blend,Uniform,0.66113,0.07415,000.00000000,000.00647974,000.00129509,000.24879181,000.26
Tournament (k=2),Blend,Uniform,0.60503,0.30000,000.87487411,003.33661842,003.61368179,001.53128552,000.33
Tournament (k=2),Blend,Uniform,0.68096,0.10516,000.00552368,000.71092623,000.96571541,000.80742478,000.27
Tournament (k=2),Blend,Uniform,0.52190,0.04791,000.00000000,000.00011029,000.00002289,000.13922100,000.21
Tournament (k=2),Blend,Uniform,0.62318,0.06226,000.00000000,000.00007639,000.00004005,000.10697463,000.24
Tournament (k=2),Blend,Uniform,0.50670,0.02837,000.00000000,000.00509610,000.00040054,000.34796613,000.19
Tournament (k=2),Blend,Uniform,0.43709,0.17762,000.08051682,001.47656882,001.77489281,000.82468241,000.27
Tournament (k=2),Blend,Gaussian,0.86261,0.25191,000.29729462,001.71175420,001.97483635,000.92122793,000.42
Tournament (k=2),Blend,Uniform,0.53756,0.09637,000.00093842,000.06351633,000.04275894,000.47226849,000.24
Tournament (k=2),Blend,Uniform,0.57030,0.10516,000.00824738,000.44715515,000.55168915,000.60758156,000.27
Tournament (k=2),Blend,Uniform,0.47762,0.30000,000.96509552,002.56120801,002.89410210,001.27584779,000.30
Tournament (k=2),Blend,Uniform,0.41200,0.02000,000.00000000,000.17027526,000.06047249,000.48948950,000.20
Tournament (k=2),Blend,Gaussian,0.97087,0.08830,000.00290298,000.10269690,000.09659576,000.50248653,000.31
Tournament (k=2),Blend,Uniform,0.42436,0.25191,000.34836578,002.07479024,002.44434929,001.07513106,000.32
Tournament (k=2),Blend,Uniform,0.49195,0.05705,000.00000000,000.00017586,000.00004959,000.16285340,000.23
Tournament (k=2),Blend,Gaussian,0.81310,0.08092,000.00000763,000.00475721,000.00328255,000.14301424,000.29
Tournament (k=2),Blend,Uniform,0.55369,0.05228,000.00000000,000.00021996,000.00004005,000.17817830,000.21
Tournament (k=2),Blend,Gaussian,0.81310,0.02599,000.00000000,000.00007854,000.00000000,000.30804709,000.24
Tournament (k=2),Blend,Gaussian,0.83749,0.13667,000.03204727,000.51312172,000.48577118,000.59665895,000.35
Tournament (k=2),Blend,Uniform,0.72243,0.03686,000.00000000,000.00011039,000.00000000,000.35637763,000.23
Tournament (k=2),Blend,Uniform,0.66113,0.02000,000.00000000,000.10637279,000.00002098,000.52997762,000.21
Tournament (k=2),Blend,Uniform,0.45020,0.08092,000.00000000,000.00056629,000.00030136,000.20098779,000.22
Tournament (k=2),Blend,Uniform,0.64187,0.03686,000.00000000,000.00026088,000.00000000,000.29882160,000.21
Tournament (k=2),Blend,Uniform,0.72243,0.10516,000.03604889,000.92123604,001.20034027,000.86485863,000.28
Tournament (k=2),Blend,Uniform,0.55369,0.02000,000.00000000,000.13878575,000.00156975,000.58689284,000.21
Tournament (k=2),Blend,Gaussian,0.94259,0.06226,000.00000000,000.00316424,000.00043488,000.18686585,000.28
Tournament (k=2),Blend,Uniform,0.46371,0.04791,000.00000000,000.00068903,000.00038719,000.17120409,000.22
Tournament (k=2),Blend,Gaussian,0.78941,0.04791,000.00000000,000.00048575,000.00000000,000.33368555,000.24
Tournament (k=2),Blend,Uniform,0.60503,0.03095,000.00000000,000.00012918,000.00000000,000.28674054,000.21
Tournament (k=2),Blend,Uniform,0.62318,0.19383,000.12838745,002.31468344,002.58086395,001.25886190,000.38
Tournament (k=2),Blend,Uniform,0.74410,0.02000,000.00000000,000.12101035,000.00000954,000.57799166,000.22
Tournament (k=2),Blend,Uniform,0.60503,0.08830,000.00008392,000.05381923,000.04318237,000.49318212,000.26
Tournament (k=2),Blend,Uniform,0.55369,0.05705,000.00000000,000.00011816,000.00001526,000.19420010,000.23
Tournament (k=2),Blend,Uniform,0.66113,0.02183,000.00000000,000.07788219,000.00001335,000.55638838,000.20
Tournament (k=2),Blend,Gaussian,0.91514,0.03095,000.00000000,000.00116963,000.00008774,000.38163373,000.25
Tournament (k=2),Blend,Uniform,0.43709,0.05705,000.00000000,000.00040426,000.00016594,000.21689980,000.23
Tournament (k=2),Blend,Gaussian,0.78941,0.10516,000.00054550,000.07340169,000.06838417,000.38485169,000.29
Tournament (k=2),Blend,Gaussian,0.81310,0.27490,000.13066864,001.85707211,002.18864250,000.93616408,000.45
Tournament (k=2),Blend,Uniform,0.58741,0.16276,000.25306702,001.70739293,001.98751640,001.16940928,000.31
Tournament (k=2),Blend,Uniform,0.46371,0.16276,000.15105057,001.31626630,001.52616310,000.82092941,000.30
Tournament (k=2),Blend,Uniform,0.58741,0.02000,000.00000000,000.15995947,000.00148201,000.50677121,000.19
Tournament (k=2),Blend,Uniform,0.64187,0.11476,000.03091431,000.92299938,001.15270233,000.74672687,000.28
Tournament (k=2),Blend,Uniform,0.45020,0.08830,000.00000000,000.00592914,000.00344467,000.21974671,000.25
Tournament (k=2),Blend,Uniform,0.64187,0.04023,000.00000000,000.00010381,000.00000572,000.31732434,000.23
Tournament (k=2),Blend,Uniform,0.52190,0.16276,000.12229538,001.34034944,001.58959198,000.78354669,000.29
Tournament (k=2),Blend,Uniform,0.72243,0.11476,000.06746674,001.08707690,001.33770180,000.93057418,000.30
Tournament (k=2),Blend,Uniform,0.53756,0.03686,000.00000000,000.00037804,000.00007248,000.19576758,000.22
Tournament (k=2),Blend,Uniform,0.57030,0.03378,000.00000000,000.00094690,000.00000381,000.36536294,000.20
Tournament (k=2),Blend,Gaussian,0.86261,0.02837,000.00000000,000.00472236,000.00004768,000.51684457,000.22
Tournament (k=2),Blend,Uniform,0.40000,0.02837,000.00000000,000.02544346,000.01050758,000.40131259,000.20
Tournament (k=2),Blend,Uniform,0.74410,0.06226,000.00000000,000.00220609,000.00031471,000.31015000,000.22
Tournament (k=2),Blend,Gaussian,0.83749,0.05228,000.00000000,000.00044622,000.00000000,000.20620155,000.25
Tournament (k=2),Blend,Uniform,0.50670,0.10516,000.00450134,000.13223901,000.11545753,000.42732519,000.28
Tournament (k=2),Blend,Uniform,0.49195,0.16276,000.26384735,001.42125177,001.65908432,000.82181382,000.30
Tournament (k=2),Blend,Uniform,0.42436,0.04390,000.00000000,000.00272489,000.00171852,000.28686857,000.21
Tournament (k=2),Blend,Uniform,0.70139,0.06795,000.00000000,000.00276461,000.00064468,000.20091130,000.25
Tournament (k=2),Blend,Gaussian,0.68096,0.02183,000.00000000,000.00000772,000.00000000,000.20953983,000.20
Tournament (k=2),Blend,Gaussian,0.86261,0.07415,000.00000381,000.00289049,000.00160599,000.22053207,000.29
Tournament (k=2),Blend,Uniform,0.41200,0.05705,000.00000000,000.00052457,000.00036240,000.15476039,000.22
Tournament (k=2),Blend,Uniform,0.58741,0.17762,000.19589233,002.12652063,002.40527344,000.95429975,000.32
Tournament (k=2),Blend,Uniform,0.74410,0.19383,000.42380142,002.69510603,003.14008904,001.24284613,000.30
Tournament (k=2),Blend,Uniform,0.55369,0.17762,000.23111725,001.64752865,001.89945602,001.01666188,000.29
Tournament (k=2),Blend,Uniform,0.45020,0.03378,000.00000000,000.00320978,000.00113487,000.33295697,000.19
Tournament (k=2),Blend,Uniform,0.40000,0.03095,000.00000000,000.01299438,000.00659752,000.37599251,000.20
Tournament (k=2),Blend,Uniform,0.53756,0.04023,000.00000000,000.00035882,000.00007057,000.23584272,000.22
Tournament (k=2),Blend,Gaussian,0.72243,0.23084,000.09243011,001.13135171,001.44137383,000.79817301,000.40
Tournament (k=2),Blend,Uniform,0.50670,0.30000,001.06748581,002.67803240,002.96199989,001.27092922,000.34
Tournament (k=2),Blend,Uniform,0.76642,0.03686,000.00000000,000.00031447,000.00000191,000.37848407,000.23
Tournament (k=2),Blend,Uniform,0.74410,0.06795,000.00000000,000.00845237,000.00217628,000.30156037,000.25
Tournament (k=2),Blend,Uniform,0.41200,0.21153,000.08029938,001.86700034,002.29455948,000.96387261,000.29
Tournament (k=2),Blend,Uniform,0.52190,0.17762,000.11435318,001.60546494,001.93184662,001.04134965,000.32
Tournament (k=2),Blend,Gaussian,0.91514,0.25191,000.29727936,001.92771947,002.21150208,000.85908383,000.49
Tournament (k=2),Blend,Gaussian,0.97087,0.02382,000.00000000,000.06118589,000.00033569,000.56285375,000.22
Tournament (k=2),Blend,Gaussian,0.91514,0.09637,000.00189209,000.11493564,000.12471008,000.44730401,000.32
Tournament (k=2),Blend,Uniform,0.42436,0.08830,000.00000000,000.00230651,000.00185013,000.22220969,000.25
Tournament (k=2),Blend,Uniform,0.70139,0.02000,000.00000000,000.11589694,000.00000381,000.47415984,000.20
Tournament (k=2),Blend,Uniform,0.62318,0.02000,000.00000000,000.11115284,000.00007248,000.52629662,000.20
Tournament (k=2),Blend,Uniform,0.76642,0.11476,000.10925674,001.43628430,001.46322060,000.93297279,000.30
Tournament (k=2),Blend,Uniform,0.70139,0.19383,000.29197693,002.61821151,002.97910118,001.32778573,000.33
Tournament (k=2),Blend,Uniform,0.52190,0.05228,000.00000000,000.00013237,000.00003433,000.19494575,000.21
Tournament (k=2),Blend,Uniform,0.50670,0.03095,000.00000000,000.00217171,000.00016975,000.41348845,000.19
Tournament (k=2),Blend,Uniform,0.45020,0.30000,000.72229767,002.46569324,002.74503136,001.18505752,000.32
Tournament (k=2),Blend,Uniform,0.66113,0.08092,000.00001526,000.05891137,000.05012894,000.39316264,000.27
Tournament (k=2),Blend,Uniform,0.62318,0.06795,000.00000000,000.00122447,000.00026703,000.12191224,000.26
Tournament (k=2),Blend,Uniform,0.68096,0.11476,000.01086044,000.91139567,001.19362068,000.71766156,000.29
Tournament (k=2),Blend,Uniform,0.78941,0.02183,000.00000000,000.12682576,000.00003052,000.52679682,000.22
Tournament (k=2),Blend,Uniform,0.43709,0.19383,000.09194183,001.74958348,002.14575195,000.99444157,000.28
Tournament (k=2),Blend,Uniform,0.53756,0.10516,000.00776672,000.19578734,000.20588493,000.57090110,000.26
Tournament (k=2),Blend,Gaussian,0.97087,0.25191,000.31830597,001.89160883,002.20779800,000.93882734,000.46
Tournament (k=2),Blend,Uniform,0.47762,0.03686,000.00000000,000.00223351,000.00033188,000.31656241,000.19
Tournament (k=2),Blend,Uniform,0.57030,0.11476,000.01962280,000.49928826,000.62646866,000.68974447,000.28
Tournament (k=2),Blend,Gaussian,0.97087,0.02599,000.00000000,000.05198121,000.00037766,000.62040353,000.27
Tournament (k=2),Blend,Uniform,0.49195,0.06226,000.00000000,000.00020542,000.00006866,000.14641620,000.24
Tournament (k=2),Blend,Uniform,0.46371,0.02000,000.00000000,000.16310067,000.02384186,000.59321570,000.19
Tournament (k=2),Blend,Uniform,0.72243,0.04023,000.00000000,000.00000453,000.00000000,000.19319035,000.21
Tournament (k=2),Blend,Gaussian,0.81310,0.02837,000.00000000,000.00077119,000.00000000,000.40183964,000.24
Tournament (k=2),Blend,Gaussian,0.91514,0.10516,000.00975800,000.25031513,000.24543953,000.51775342,000.32
Tournament (k=2),Blend,Uniform,0.42436,0.27490,000.32302856,002.26755857,002.65639687,001.17050195,000.32
Tournament (k=2),Blend,Gaussian,0.81310,0.08830,000.00012970,000.01603851,000.01402855,000.21864083,000.30
Tournament (k=2),Blend,Uniform,0.46371,0.05228,000.00000000,000.00022368,000.00012970,000.10075928,000.21
Tournament (k=2),Blend,Uniform,0.66113,0.08830,000.00057983,000.22226310,000.13856888,000.56169403,000.28
Tournament (k=2),Blend,Uniform,0.78941,0.06795,000.00000000,000.02918692,000.00628662,000.41793430,000.25
Tournament (k=2),Blend,Uniform,0.66113,0.19383,000.63896942,002.57433581,002.99565697,001.17063642,000.31
Tournament (k=2),Blend,Gaussian,0.86261,0.27490,000.17555237,001.87008643,002.25759888,000.89314985,000.48
Tournament (k=2),Blend,Uniform,0.60503,0.03378,000.00000000,000.00009542,000.00000763,000.23578709,000.20
Tournament (k=2),Blend,Gaussian,0.91514,0.27490,000.45887756,001.86239791,002.14921570,000.88924038,000.44
Tournament (k=2),Blend,Gaussian,0.83749,0.14915,000.01582336,000.63744062,000.69883728,000.70734859,000.36
Tournament (k=2),Blend,Uniform,0.66113,0.02382,000.00000000,000.03915448,000.00000000,000.47724932,000.19
Tournament (k=2),Blend,Uniform,0.74410,0.02183,000.00000000,000.05742860,000.00000000,000.45327926,000.22
Tournament (k=2),Blend,Uniform,0.78941,0.21153,000.58442688,002.92293286,003.29167747,001.28070462,000.31
Tournament (k=2),Blend,Uniform,0.55369,0.06226,000.00000000,000.00002708,000.00001717,000.10043824,000.22
Tournament (k=2),Blend,Uniform,0.62318,0.21153,000.28891373,002.44691777,002.80653191,001.08926082,000.30
Tournament (k=2),Blend,Uniform,0.43709,0.06226,000.00000000,000.00037384,000.00021553,000.17953305,000.23
Tournament (k=2),Blend,Uniform,0.60503,0.09637,000.00174332,000.24202757,000.18351364,000.57195401,000.28
Tournament (k=2),Blend,Gaussian,0.91514,0.03378,000.00000000,000.00214071,000.00007439,000.38612831,000.26
Tournament (k=2),Blend,Uniform,0.68096,0.03686,000.00000000,000.00001984,000.00000000,000.27256763,000.23
Tournament (k=2),Blend,Uniform,0.81310,0.04023,000.00000000,000.00095377,000.00000000,000.41616175,000.24
Tournament (k=2),Blend,Uniform,0.58741,0.02183,000.00000000,000.13548961,000.00076294,000.49162844,000.22
Tournament (k=2),Blend,Uniform,0.60503,0.03686,000.00000000,000.00007410,000.00000000,000.34724909,000.21
Tournament (k=2),Blend,Uniform,0.45020,0.09637,000.00001526,000.02836804,000.01987648,000.38470611,000.24
Tournament (k=2),Blend,Gaussian,0.78941,0.11476,000.00357056,000.16912413,000.14521027,000.42495048,000.34
Tournament (k=2),Blend,Uniform,0.46371,0.17762,000.06047821,001.39579678,001.65323448,000.98695362,000.31
Tournament (k=2),Blend,Uniform,0.66113,0.02599,000.00000000,000.00018969,000.00000000,000.37672618,000.20
Tournament (k=2),Blend,Uniform,0.57030,0.03686,000.00000000,000.00067997,000.00011444,000.26899678,000.20
Tournament (k=2),Blend,Uniform,0.74410,0.02382,000.00000000,000.00133243,000.00000000,000.44382650,000.23
Tournament (k=2),Blend,Uniform,0.72243,0.12524,000.03285599,001.37637687,001.62919998,001.00499439,000.29
Tournament (k=2),Blend,Uniform,0.64187,0.12524,000.06478882,000.98634446,001.25507545,000.87349606,000.32
Tournament (k=2),Blend,Gaussian,0.86261,0.03095,000.00000000,000.00111346,000.00003815,000.45974058,000.22
Tournament (k=2),Blend,Uniform,0.66113,0.21153,000.39642715,002.58847499,003.01566315,001.22243536,000.33
Tournament (k=2),Blend,Uniform,0.43709,0.06795,000.00000000,000.00054588,000.00017929,000.01888887,000.24
Tournament (k=2),Blend,Uniform,0.83749,0.02382,000.00000000,000.10457730,000.00000572,000.52379638,000.20
Tournament (k=2),Blend,Uniform,0.50670,0.11476,000.00821686,000.25853133,000.27978516,000.50501609,000.27
Tournament (k=2),Blend,Uniform,0.68096,0.04023,000.00000000,000.00003853,000.00000000,000.30803502,000.23
Tournament (k=2),Blend,Gaussian,0.83749,0.16276,000.06671906,000.82984197,001.06519318,000.76535648,000.38
Tournament (k=2),Blend,Uniform,0.62318,0.23084,000.33280945,002.35704994,002.75533295,001.28401458,000.32
Tournament (k=2),Blend,Uniform,0.49195,0.17762,000.22039795,001.63495255,001.96769905,000.94813091,000.30
Tournament (k=2),Blend,Uniform,0.81310,0.12524,000.06882477,001.77073860,002.06107330,001.00082314,000.30
Tournament (k=2),Blend,Uniform,0.41200,0.06226,000.00000000,000.00051470,000.00037384,000.09939893,000.22
Tournament (k=2),Blend,Uniform,0.45020,0.03686,000.00000000,000.00148869,000.00035667,000.25351927,000.18
Tournament (k=2),Blend,Gaussian,0.86261,0.08092,000.00002289,000.00907345,000.00491142,000.13321805,000.28
Tournament (k=2),Blend,Uniform,0.40000,0.03378,000.00000000,000.01039763,000.00472641,000.31699711,000.20
Tournament (k=2),Blend,Uniform,0.53756,0.04390,000.00000000,000.00028272,000.00002289,000.26959875,000.21
Tournament (k=2),Blend,Gaussian,0.91514,0.30000,000.07433701,001.94904399,002.29453850,001.00566483,000.49
Tournament (k=2),Blend,Uniform,0.52190,0.02000,000.00000000,000.15564080,000.00204277,000.51048750,000.21
Tournament (k=2),Blend,Uniform,0.55369,0.19383,000.43243790,002.25342250,002.73827744,001.04950452,000.29
Tournament (k=2),Blend,Uniform,0.74410,0.21153,000.57151794,003.11587858,003.52503395,001.24685466,000.30
Tournament (k=2),Blend,Uniform,0.58741,0.19383,000.27579498,002.22941494,002.62021255,001.19517148,000.31
Tournament (k=2),Blend,Uniform,0.83749,0.07415,000.00001144,000.17583704,000.13061905,000.53543442,000.25
Tournament (k=2),Blend,Uniform,0.74410,0.07415,000.00000000,000.02868457,000.01839828,000.35782123,000.24
Tournament (k=2),Blend,Uniform,0.70139,0.02183,000.00000000,000.06842651,000.00000191,000.47671852,000.20
Tournament (k=2),Blend,Uniform,0.68096,0.04390,000.00000000,000.00022655,000.00000000,000.37449077,000.24
Tournament (k=2),Blend,Uniform,0.41200,0.23084,000.35571289,001.96612358,002.25559616,000.99792683,000.28
Tournament (k=2),Blend,Uniform,0.66113,0.23084,000.14727783,002.60212827,002.95580292,001.20241892,000.33
Tournament (k=2),Blend,Uniform,0.41200,0.06795,000.00000000,000.00061827,000.00045204,000.13963731,000.23
Tournament (k=2),Blend,Uniform,0.42436,0.09637,000.00001526,000.01417489,000.01315308,000.31134996,000.26
Tournament (k=2),Blend,Uniform,0.52190,0.05705,000.00000000,000.00008411,000.00003052,000.13950253,000.22
Tournament (k=2),Blend,Uniform,0.55369,0.02183,000.00000000,000.00803976,000.00006866,000.44540313,000.21
Tournament (k=2),Blend,Uniform,0.52190,0.19383,000.27309799,001.97909236,002.41192245,001.01856756,000.32
Tournament (k=2),Blend,Uniform,0.53756,0.04791,000.00000000,000.00050058,000.00006866,000.19920893,000.22
Tournament (k=2),Blend,Uniform,0.83749,0.23084,000.81658173,003.31285524,003.70840645,001.38170350,000.34
Tournament (k=2),Blend,Uniform,0.76642,0.12524,000.10811615,001.63704562,001.90133858,000.95467579,000.30
Tournament (k=2),Blend,Gaussian,0.97087,0.09637,000.00201416,000.14821787,000.14111900,000.46749434,000.32
Tournament (k=2),Blend,Uniform,0.62318,0.07415,000.00000000,000.00181603,000.00061417,000.18909881,000.25
Tournament (k=2),Blend,Uniform,0.70139,0.21153,000.14608383,002.73098016,003.12366676,001.28273046,000.33
Tournament (k=2),Blend,Uniform,0.83749,0.08092,000.00047302,000.31188694,000.29743195,000.58674127,000.26
Tournament (k=2),Blend,Uniform,0.43709,0.21153,000.11820602,001.65711749,002.14212036,001.00671566,000.28
Tournament (k=2),Blend,Uniform,0.47762,0.04023,000.00000000,000.00060668,000.00013733,000.20019323,000.19
Tournament (k=2),Blend,Uniform,0.68096,0.12524,000.09057617,001.11241531,001.30050850,000.85246140,000.29
Tournament (k=2),Blend,Gaussian,0.94259,0.14915,000.04448700,000.69615018,000.86450005,000.66861558,000.34
Tournament (k=2),Blend,Uniform,0.53756,0.11476,000.00051498,000.38060206,000.32491112,000.65842086,000.26
Tournament (k=2),Blend,Gaussian,0.97087,0.02837,000.00000000,000.04192848,000.00004387,000.54517043,000.24
Tournament (k=2),Blend,Uniform,0.46371,0.02183,000.00000000,000.01550670,000.00261879,000.45138139,000.20
Tournament (k=2),Blend,Uniform,0.41200,0.07415,000.00000000,000.00063405,000.00042343,000.21904965,000.22
Tournament (k=2),Blend,Uniform,0.72243,0.04390,000.00000000,000.00018001,000.00001907,000.29042321,000.21
Tournament (k=2),Blend,Uniform,0.57030,0.12524,000.07080078,000.87333715,001.15332031,000.77741182,000.29
Tournament (k=2),Blend,Uniform,0.86261,0.04390,000.00000000,000.00348058,000.00052071,000.30948892,000.24
Tournament (k=2),Blend,Uniform,0.46371,0.05705,000.00000000,000.00028529,000.00011063,000.14112705,000.20
Tournament (k=2),Blend,Uniform,0.64187,0.04390,000.00000000,000.00005364,000.00000000,000.22120456,000.21
Tournament (k=2),Blend,Uniform,0.86261,0.13667,000.12414932,002.15604401,002.49940491,001.12783647,000.31
Tournament (k=2),Blend,Uniform,0.42436,0.30000,000.76462936,002.61699438,002.81120300,001.14444888,000.33
Tournament (k=2),Blend,Uniform,0.58741,0.05705,000.00000000,000.00009942,000.00001526,000.10028328,000.22
Tournament (k=2),Blend,Uniform,0.76642,0.13667,000.07472992,001.59900117,001.84243393,001.21794963,000.30
Tournament (k=2),Blend,Uniform,0.66113,0.09637,000.00064468,000.46459824,000.51523781,000.78899091,000.27
Tournament (k=2),Blend,Gaussian,0.97087,0.27490,000.42880630,002.16375804,002.43070602,000.88841456,000.44
Tournament (k=2),Blend,Uniform,0.55369,0.06795,000.00000000,000.00042558,000.00005913,000.25541571,000.22
Tournament (k=2),Blend,Uniform,0.78941,0.07415,000.00002670,000.11487918,000.06427574,000.47791153,000.26
Tournament (k=2),Blend,Uniform,0.46371,0.02382,000.00000000,000.11155748,000.00625610,000.49765959,000.21
Tournament (k=2),Blend,Uniform,0.83749,0.25191,001.27108765,003.73966646,004.22085762,001.43161678,000.36
Tournament (k=2),Blend,Uniform,0.47762,0.11476,000.00360489,000.29483834,000.26725388,000.47416437,000.27
Tournament (k=2),Blend,Uniform,0.88849,0.02599,000.00000000,000.00428252,000.00000572,000.52735865,000.22
Tournament (k=2),Blend,Uniform,0.78941,0.23084,000.38858414,002.95962095,003.33119774,001.29647982,000.32
Tournament (k=2),Blend,Uniform,0.81310,0.04390,000.00000000,000.00071058,000.00000572,000.42410108,000.23
Tournament (k=2),Blend,Uniform,0.58741,0.02382,000.00000000,000.00132365,000.00008965,000.43797418,000.22
Tournament (k=2),Blend,Uniform,0.60503,0.04023,000.00000000,000.00001659,000.00000000,000.14023387,000.21
Tournament (k=2),Blend,Uniform,0.70139,0.07415,000.00000000,000.01545210,000.01300240,000.29361516,000.26
Tournament (k=2),Blend,Uniform,0.45020,0.10516,000.00078964,000.09072189,000.08919334,000.39880115,000.24
Tournament (k=2),Blend,Uniform,0.74410,0.02599,000.00000000,000.03648505,000.00000000,000.48441187,000.22
Tournament (k=2),Blend,Uniform,0.55369,0.07415,000.00000000,000.00085664,000.00034714,000.15376222,000.24
Tournament (k=2),Blend,Gaussian,0.86261,0.30000,000.38978577,001.70200610,001.88321495,000.86914420,000.50
Tournament (k=2),Blend,Uniform,0.41200,0.02183,000.00000000,000.08049817,000.01045036,000.49269623,000.17
Tournament (k=2),Blend,Uniform,0.76642,0.04023,000.00000000,000.00005565,000.00000000,000.37038881,000.23
Tournament (k=2),Blend,Gaussian,0.78941,0.12524,000.00432205,000.24853043,000.26531410,000.49986491,000.31
Tournament (k=2),Blend,Uniform,0.49195,0.02000,000.00000000,000.02602181,000.00386238,000.42035207,000.18
Tournament (k=2),Blend,Uniform,0.78941,0.08092,000.00070953,000.19630083,000.16151428,000.57044566,000.27
Tournament (k=2),Blend,Uniform,0.43709,0.07415,000.00000000,000.00053992,000.00028419,000.10165945,000.24
Tournament (k=2),Blend,Uniform,0.46371,0.19383,000.27171326,001.64859128,001.93557930,000.99441010,000.31
Tournament (k=2),Blend,Gaussian,1.00000,0.19383,000.07891846,001.48051333,001.71290016,000.85871559,000.46
Tournament (k=2),Blend,Uniform,0.72243,0.13667,000.14791107,001.62111700,001.87753105,001.05131984,000.30
Tournament (k=2),Blend,Uniform,0.62318,0.02183,000.00000000,000.11527519,000.00003052,000.52002424,000.19
Tournament (k=2),Blend,Uniform,0.45020,0.04023,000.00000000,000.00312781,000.00162506,000.31816363,000.19
Tournament (k=2),Blend,Uniform,0.58741,0.06226,000.00000000,000.00005713,000.00001335,000.14011185,000.32
Tournament (k=2),Blend,Uniform,0.76642,0.14915,000.27187347,002.29964590,002.63305092,001.07547271,000.32
Tournament (k=2),Blend,Uniform,0.81310,0.04791,000.00000000,000.00071549,000.00000000,000.29240906,000.22
Tournament (k=2),Blend,Uniform,0.47762,0.12524,000.03337097,000.58879995,000.77508163,000.70593619,000.29
Tournament (k=2),Blend,Uniform,0.50670,0.12524,000.01272964,000.60778588,000.77045059,000.69381475,000.28
Tournament (k=2),Blend,Uniform,0.60503,0.04390,000.00000000,000.00010376,000.00000763,000.31120756,000.25
Tournament (k=2),Blend,Uniform,0.81310,0.13667,000.17563629,002.14447141,002.46906662,001.03766215,000.30
Tournament (k=2),Blend,Uniform,0.40000,0.03686,000.00000000,000.00357375,000.00112724,000.27027988,000.20
Tournament (k=2),Blend,Uniform,0.50670,0.03378,000.00000000,000.00013533,000.00003815,000.23611785,000.19
Tournament (k=2),Blend,Uniform,0.52190,0.02183,000.00000000,000.05973024,000.00166321,000.54809827,000.21
Tournament (k=2),Blend,Gaussian,0.94259,0.02000,000.00000000,000.06099243,000.00039101,000.58816975,000.22
Tournament (k=2),Blend,Uniform,0.78941,0.02382,000.00000000,000.18460970,000.00025368,000.64536375,000.20
Tournament (k=2),Blend,Uniform,0.70139,0.02382,000.00000000,000.00702996,000.00000000,000.40684357,000.19
Tournament (k=2),Blend,Uniform,0.68096,0.04791,000.00000000,000.00021501,000.00000000,000.30024871,000.23
Tournament (k=2),Blend,Uniform,0.45020,0.04390,000.00000000,000.00063262,000.00016594,000.19753832,000.23
Tournament (k=2),Blend,Uniform,0.74410,0.08092,000.00038147,000.28762078,000.22567749,000.64185888,000.24
Tournament (k=2),Blend,Uniform,0.55369,0.02382,000.00000000,000.04733787,000.00030136,000.47404358,000.21
Tournament (k=2),Blend,Gaussian,0.86261,0.08830,000.00012970,000.04405184,000.03252792,000.33858061,000.31
Tournament (k=2),Blend,Uniform,0.55369,0.21153,000.54216003,002.20336294,002.62432671,001.16879177,000.29
Tournament (k=2),Blend,Uniform,0.42436,0.10516,000.00027084,000.07104263,000.04392624,000.42804456,000.26
Tournament (k=2),Blend,Uniform,0.74410,0.23084,001.01885223,003.09434462,003.44845200,001.20090783,000.31
Tournament (k=2),Blend,Uniform,0.60503,0.04791,000.00000000,000.00001955,000.00000000,000.18348235,000.23
Tournament (k=2),Blend,Uniform,0.58741,0.21153,000.21759796,002.41036177,002.69664764,001.22298372,000.32
Tournament (k=2),Blend,Uniform,0.76642,0.16276,000.19763184,002.25117159,002.56618881,001.08300400,000.32
Tournament (k=2),Blend,Uniform,0.53756,0.05228,000.00000000,000.00005212,000.00001907,000.14963938,000.24
Tournament (k=2),Blend,Uniform,0.66113,0.25191,000.21349335,002.89002013,003.28800201,001.27989149,000.34
Tournament (k=2),Blend,Uniform,0.47762,0.13667,000.05210876,000.75854832,001.05039215,000.73482531,000.32
Tournament (k=2),Blend,Uniform,0.52190,0.02382,000.00000000,000.07932510,000.00134468,000.51387495,000.21
Tournament (k=2),Blend,Uniform,0.62318,0.08092,000.00000000,000.01102266,000.00749397,000.26064202,000.26
Tournament (k=2),Blend,Uniform,0.88849,0.08092,000.00359344,000.44707805,000.43435287,000.62855971,000.27
Tournament (k=2),Blend,Uniform,0.47762,0.04390,000.00000000,000.00029850,000.00017357,000.19729795,000.20
Tournament (k=2),Blend,Gaussian,0.97087,0.10516,000.00910187,000.33641940,000.31776047,000.51045758,000.34
Tournament (k=2),Blend,Uniform,0.70139,0.23084,000.50748062,002.81732893,003.17575455,001.39173913,000.34
Tournament (k=2),Blend,Uniform,0.72243,0.04791,000.00000000,000.00005856,000.00000000,000.35845703,000.22
Tournament (k=2),Blend,Uniform,0.53756,0.12524,000.04005432,000.71198541,000.89119720,000.65404737,000.27
Tournament (k=2),Blend,Uniform,0.43709,0.23084,000.55094147,002.32101679,002.72026634,001.00567222,000.29
Tournament (k=2),Blend,Gaussian,0.97087,0.03095,000.00000000,000.00533671,000.00010109,000.42203751,000.27
Tournament (k=2),Blend,Uniform,0.68096,0.13667,000.13011551,001.56784248,001.94934845,000.97433341,000.30
Tournament (k=2),Blend,Uniform,0.40000,0.12524,000.00613403,000.22831650,000.21280479,000.56652075,000.26
Tournament (k=2),Blend,Uniform,0.88849,0.25191,000.48673630,003.75015068,004.22998428,001.38006353,000.36
Tournament (k=2),Blend,Uniform,0.42436,0.11476,000.00131226,000.20598555,000.16228104,000.44205427,000.28
Tournament (k=2),Blend,Uniform,0.46371,0.06226,000.00000000,000.00023899,000.00012207,000.13943622,000.22
Tournament (k=2),Blend,Uniform,0.86261,0.04791,000.00000000,000.00209022,000.00005913,000.26455471,000.25
Tournament (k=2),Blend,Uniform,0.57030,0.13667,000.14475250,001.11154294,001.27646255,000.87421590,000.30
Tournament (k=2),Blend,Gaussian,0.94259,0.16276,000.03333282,001.03928971,001.29885101,000.77126950,000.35
Tournament (k=2),Blend,Uniform,0.43709,0.02000,000.00000000,000.28088608,000.12507820,000.52564341,000.21
Tournament (k=2),Blend,Uniform,0.57030,0.04023,000.00000000,000.00009518,000.00000763,000.32326999,000.21
Tournament (k=2),Blend,Uniform,0.47762,0.14915,000.10754776,000.99064457,001.24522972,000.87597668,000.30
Tournament (k=2),Blend,Uniform,0.76642,0.17762,000.14048004,002.53942299,002.88381958,001.31282115,000.35
Tournament (k=2),Blend,Uniform,0.88849,0.08830,000.00523376,000.69125468,000.87078476,000.81097728,000.28
Tournament (k=2),Blend,Uniform,0.86261,0.14915,000.11934662,002.42122841,002.78189087,001.18985486,000.34
Tournament (k=2),Blend,Uniform,0.46371,0.02599,000.00000000,000.01251693,000.00190163,000.38465184,000.21
Tournament (k=2),Blend,Uniform,0.83749,0.02599,000.00000000,000.05266399,000.00001144,000.45068184,000.20
Tournament (k=2),Blend,Uniform,0.91514,0.04791,000.00000000,000.00138559,000.00014877,000.26794663,000.23
Tournament (k=2),Blend,Uniform,0.58741,0.02599,000.00000000,000.00090270,000.00002289,000.35489953,000.21
Tournament (k=2),Blend,Uniform,0.88849,0.02837,000.00000000,000.02711272,000.00004196,000.50132805,000.23
Tournament (k=2),Blend,Uniform,0.66113,0.10516,000.04597473,000.76434690,001.14253235,000.82935780,000.29
Tournament (k=2),Blend,Uniform,0.64187,0.13667,000.12463379,001.38101959,001.60299873,000.96512443,000.30
Tournament (k=2),Blend,Uniform,0.45020,0.11476,000.00179672,000.32467189,000.24433708,000.53898257,000.24
Tournament (k=2),Blend,Uniform,0.41200,0.02382,000.00000000,000.01900144,000.00758553,000.42798305,000.17
Tournament (k=2),Blend,Uniform,0.70139,0.08092,000.00002289,000.09015493,000.05360222,000.45101205,000.26
Tournament (k=2),Blend,Uniform,0.74410,0.02837,000.00000000,000.00136948,000.00000000,000.42146865,000.23
Tournament (k=2),Blend,Uniform,0.78941,0.25191,001.18766403,003.51576614,003.91567612,001.39738846,000.32
Tournament (k=2),Blend,Uniform,0.62318,0.25191,000.21383286,002.73247457,003.17994118,001.48631263,000.31
Tournament (k=2),Blend,Uniform,0.55369,0.08092,000.00000000,000.00953274,000.00506783,000.18197335,000.25
Tournament (k=2),Blend,Uniform,0.49195,0.19383,000.07875061,001.77176738,002.09247971,001.09454703,000.31
Tournament (k=2),Blend,Gaussian,0.97087,0.03378,000.00000000,000.01130567,000.00054550,000.47727203,000.38
Tournament (k=2),Blend,Uniform,0.76642,0.04390,000.00000000,000.00015922,000.00000000,000.22034368,000.23
Tournament (k=2),Blend,Gaussian,0.97087,0.30000,000.13207626,002.11210322,002.43033028,001.00911605,000.46
Tournament (k=2),Blend,Uniform,0.91514,0.14915,000.78485107,002.61373496,003.10859489,001.13035822,000.32
Tournament (k=2),Blend,Uniform,0.46371,0.02837,000.00000000,000.00623941,000.00137138,000.30931714,000.22
Tournament (k=2),Blend,Uniform,0.62318,0.02382,000.00000000,000.00327768,000.00013351,000.48942471,000.19
Tournament (k=2),Blend,Uniform,0.88849,0.03095,000.00000000,000.04694758,000.00010109,000.47099769,000.23
Tournament (k=2),Blend,Uniform,0.43709,0.08092,000.00000000,000.00149593,000.00073624,000.13448739,000.24
Tournament (k=2),Blend,Uniform,0.94259,0.02837,000.00000000,000.05211191,000.00005531,000.43764821,000.23
Tournament (k=2),Blend,Gaussian,0.78941,0.13667,000.01012421,000.37895522,000.34558105,000.55305672,000.34
Tournament (k=2),Blend,Uniform,0.49195,0.06795,000.00000000,000.00017505,000.00008583,000.19775277,000.22
Tournament (k=2),Blend,Uniform,0.81310,0.05228,000.00000000,000.00082631,000.00000954,000.24669392,000.22
Tournament (k=2),Blend,Uniform,0.52190,0.06226,000.00000000,000.00005908,000.00001335,000.14615510,000.21
Tournament (k=2),Blend,Uniform,0.86261,0.16276,000.56538010,002.72714853,003.20547485,001.13849962,000.38
Tournament (k=2),Blend,Uniform,0.72243,0.14915,000.26844788,001.98106992,002.30858040,001.13125575,000.33
Tournament (k=2),Blend,Uniform,0.40000,0.04023,000.00000000,000.00220847,000.00099945,000.20369399,000.21
Tournament (k=2),Blend,Uniform,0.50670,0.03686,000.00000000,000.00052342,000.00011826,000.22562423,000.20
Tournament (k=2),Blend,Uniform,0.64187,0.14915,000.14743042,001.67177367,001.94979668,000.89082140,000.32
Tournament (k=2),Blend,Uniform,0.50670,0.13667,000.03412628,000.86469781,001.15346718,000.91211480,000.28
Tournament (k=2),Blend,Gaussian,1.00000,0.21153,000.26770782,001.73414326,001.96582031,000.87020975,000.39
Tournament (k=2),Blend,Uniform,0.62318,0.02599,000.00000000,000.00653129,000.00001144,000.43660182,000.19
Tournament (k=2),Blend,Uniform,0.52190,0.21153,000.10839844,001.91561091,002.31492043,001.00059390,000.28
Tournament (k=2),Blend,Uniform,0.68096,0.05228,000.00000000,000.00015497,000.00000381,000.25097242,000.24
Tournament (k=2),Blend,Uniform,0.81310,0.14915,000.32006073,002.38521528,002.64848137,001.02017176,000.31
Tournament (k=2),Blend,Uniform,0.83749,0.08830,000.00959778,000.73708165,001.04497147,000.89447576,000.27
Tournament (k=2),Blend,Uniform,0.55369,0.02599,000.00000000,000.00209250,000.00004387,000.43697867,000.22
Tournament (k=2),Blend,Uniform,0.88849,0.03378,000.00000000,000.00059028,000.00000000,000.43939212,000.24
Tournament (k=2),Blend,Uniform,0.91514,0.16276,000.24524689,002.86518979,003.39302254,001.35435784,000.31
Tournament (k=2),Blend,Uniform,0.94259,0.08830,000.02160645,000.89506149,001.14545441,000.86430353,000.28
Tournament (k=2),Blend,Uniform,0.60503,0.05228,000.00000000,000.00026307,000.00000763,000.28019312,000.22
Tournament (k=2),Blend,Uniform,0.60503,0.10516,000.00591278,000.55709398,000.65069962,000.62754899,000.27
Tournament (k=2),Blend,Gaussian,0.86261,0.09637,000.00206757,000.08200078,000.07945442,000.46830702,000.32
Tournament (k=2),Blend,Uniform,0.55369,0.23084,000.56691742,002.39445376,002.76148415,001.06675160,000.30
Tournament (k=2),Blend,Uniform,0.66113,0.02837,000.00000000,000.00020947,000.00000000,000.33722296,000.20
Tournament (k=2),Blend,Uniform,0.47762,0.04791,000.00000000,000.00033169,000.00020599,000.19529977,000.20
Tournament (k=2),Blend,Uniform,0.52190,0.02599,000.00000000,000.00231028,000.00040436,000.33482388,000.21
Tournament (k=2),Blend,Uniform,0.64187,0.04791,000.00000000,000.00005288,000.00000381,000.16973908,000.25
Tournament (k=2),Blend,Uniform,0.74410,0.25191,001.27323914,003.46079898,003.84172630,001.22989035,000.31
Tournament (k=2),Blend,Uniform,0.62318,0.08830,000.00003433,000.06994343,000.05735207,000.48451912,000.26
Tournament (k=2),Blend,Uniform,0.72243,0.05228,000.00000000,000.00043063,000.00005531,000.29220131,000.23
Tournament (k=2),Blend,Uniform,0.68096,0.05705,000.00000000,000.00013013,000.00000763,000.19959056,000.25
Tournament (k=2),Blend,Uniform,0.66113,0.27490,000.84549713,003.33329463,003.77512360,001.42449629,000.33
Tournament (k=2),Blend,Uniform,0.58741,0.23084,000.82331085,002.63314366,003.07165909,001.10001898,000.36
Tournament (k=2),Blend,Uniform,0.88849,0.03686,000.00000000,000.00110784,000.00000000,000.44836420,000.26
Tournament (k=2),Blend,Uniform,0.53756,0.13667,000.02819443,001.03097343,001.26806831,000.81831306,000.29
Tournament (k=2),Blend,Uniform,0.94259,0.27490,001.46859741,004.10008669,004.56285477,001.47877681,000.40
Tournament (k=2),Blend,Uniform,0.70139,0.25191,000.70462418,003.10742188,003.43327522,001.30940723,000.35
Tournament (k=2),Blend,Uniform,0.97087,0.05228,000.00000000,000.00531812,000.00011253,000.24890697,000.26
Tournament (k=2),Blend,Uniform,0.68096,0.14915,000.10267639,001.74217761,001.99178505,000.97433203,000.33
Tournament (k=2),Blend,Uniform,0.86261,0.05228,000.00000000,000.00290456,000.00033951,000.32975581,000.25
Tournament (k=2),Blend,Uniform,0.42436,0.12524,000.00256348,000.34344250,000.29875374,000.58805358,000.26
Tournament (k=2),Blend,Uniform,0.57030,0.04390,000.00000000,000.00011020,000.00000191,000.25565687,000.21
Tournament (k=2),Blend,Uniform,0.83749,0.27490,001.84885406,003.65237617,003.93389511,001.51148367,000.36
Tournament (k=2),Blend,Uniform,0.43709,0.02183,000.00000000,000.11255131,000.01989555,000.44477129,000.24
Tournament (k=2),Blend,Uniform,0.49195,0.02183,000.00000000,000.14137521,000.00324249,000.51936805,000.18
Tournament (k=2),Blend,Uniform,0.57030,0.14915,000.14620972,001.35595965,001.61207199,000.88387561,000.31
Tournament (k=2),Blend,Uniform,0.88849,0.27490,000.84931946,003.99257588,004.59794235,001.54422343,000.35
Tournament (k=2),Blend,Uniform,0.55369,0.25191,000.28267670,002.62870026,002.94491196,001.40470874,000.34
Tournament (k=2),Blend,Uniform,0.83749,0.02837,000.00000000,000.03834915,000.00002480,000.43614948,000.21
Tournament (k=2),Blend,Uniform,0.88849,0.09637,000.01824188,001.07143807,001.33224487,000.86598486,000.27
Tournament (k=2),Blend,Uniform,0.97087,0.16276,000.91121292,002.96655631,003.38350296,001.35057783,000.33
Tournament (k=2),Blend,Uniform,0.47762,0.16276,000.06570435,001.25766146,001.49938965,000.94316053,000.31
Tournament (k=2),Blend,Gaussian,0.94259,0.17762,000.24906158,001.26101804,001.46386528,000.82565707,000.39
Tournament (k=2),Blend,Uniform,0.76642,0.19383,000.47500992,002.68930078,003.06137085,001.16158235,000.31
Tournament (k=2),Blend,Uniform,0.78941,0.08830,000.00231934,000.59291214,000.72845840,000.78138864,000.27
Tournament (k=2),Blend,Uniform,0.58741,0.02837,000.00000000,000.00123792,000.00000763,000.40910712,000.23
Tournament (k=2),Blend,Uniform,0.57030,0.04791,000.00000000,000.00007401,000.00000763,000.25458819,000.25
Tournament (k=2),Blend,Uniform,0.45020,0.12524,000.01074219,000.53697461,000.67728806,000.61006993,000.26
Tournament (k=2),Blend,Uniform,0.74410,0.03095,000.00000000,000.00211158,000.00000000,000.40055650,000.24
Tournament (k=2),Blend,Uniform,0.86261,0.05705,000.00000000,000.00283465,000.00027466,000.33398989,000.28
Tournament (k=2),Blend,Uniform,0.94259,0.30000,000.56633759,004.11342335,004.66317177,001.54811883,000.37
Tournament (k=2),Blend,Uniform,0.46371,0.21153,000.18891144,001.84279919,002.22863197,000.94798040,000.32
Tournament (k=2),Blend,Uniform,0.70139,0.08830,000.00089264,000.26863760,000.25037193,000.56120354,000.27
Tournament (k=2),Blend,Uniform,0.66113,0.11476,000.04292297,000.84542102,001.09169388,000.85035533,000.29
Tournament (k=2),Blend,Uniform,0.55369,0.08830,000.00004578,000.01901817,000.01473999,000.29287657,000.24
Tournament (k=2),Blend,Uniform,0.49195,0.02382,000.00000000,000.08127280,000.00145721,000.46135312,000.29
Tournament (k=2),Blend,Uniform,0.78941,0.02599,000.00000000,000.06790910,000.00000763,000.48829988,000.20
Tournament (k=2),Blend,Uniform,0.70139,0.02599,000.00000000,000.00671754,000.00000000,000.39164186,000.21
Tournament (k=2),Blend,Uniform,0.45020,0.04791,000.00000000,000.00091448,000.00033951,000.19897847,000.20
Tournament (k=2),Blend,Uniform,0.76642,0.04791,000.00000000,000.00082359,000.00000763,000.34108284,000.24
Tournament (k=2),Blend,Gaussian,1.00000,0.02000,000.00000000,000.05741424,000.00036812,000.58621287,000.24
Tournament (k=2),Blend,Gaussian,0.97087,0.03686,000.00000000,000.00418940,000.00030136,000.45737422,000.26
Tournament (k=2),Blend,Uniform,0.57030,0.16276,000.12161636,001.56664968,001.85560989,001.01344168,000.31
Tournament (k=2),Blend,Uniform,0.94259,0.03095,000.00000000,000.04873867,000.00122452,000.55540568,000.22
Tournament (k=2),Blend,Uniform,0.49195,0.21153,000.06938553,002.07759476,002.38075447,001.08629739,000.32
Tournament (k=2),Blend,Uniform,0.74410,0.08830,000.00195694,000.40849534,000.30463409,000.64506489,000.25
Tournament (k=2),Blend,Uniform,0.78941,0.09637,000.01256180,000.84804928,001.15720558,000.84009057,000.29
Tournament (k=2),Blend,Uniform,0.52190,0.06795,000.00000000,000.00026984,000.00013924,000.19652426,000.22
Tournament (k=2),Blend,Uniform,0.49195,0.07415,000.00000000,000.00069513,000.00031853,000.17512484,000.24
Tournament (k=2),Blend,Uniform,0.81310,0.05705,000.00000000,000.00092320,000.00006866,000.25903791,000.24
Tournament (k=2),Blend,Uniform,0.49195,0.02599,000.00000000,000.00522370,000.00209808,000.30797416,000.22
Tournament (k=2),Blend,Uniform,0.55369,0.09637,000.00009155,000.08997812,000.09654236,000.41499802,000.26
Tournament (k=2),Blend,Uniform,0.70139,0.09637,000.00804138,000.50428635,000.49303818,000.70021302,000.28
Tournament (k=2),Blend,Uniform,0.86261,0.17762,000.72436142,002.83043599,003.27479362,001.27994323,000.31
Tournament (k=2),Blend,Uniform,1.00000,0.03095,000.00000000,000.00188446,000.00021935,000.47623354,000.24
Tournament (k=2),Blend,Gaussian,0.78941,0.14915,000.06084442,000.71537393,000.99280739,000.68633801,000.34
Tournament (k=2),Blend,Uniform,0.76642,0.05228,000.00000000,000.00013332,000.00000572,000.15235910,000.25
Tournament (k=2),Blend,Uniform,0.46371,0.23084,000.22330475,001.92333031,002.30577850,001.21805358,000.33
Tournament (k=2),Blend,Uniform,0.64187,0.16276,000.05390930,001.87394619,002.29541016,001.05288029,000.30
Tournament (k=2),Blend,Uniform,0.55369,0.02837,000.00000000,000.00222468,000.00001335,000.36942175,000.22
Tournament (k=2),Blend,Uniform,0.50670,0.14915,000.12038803,001.14386511,001.41493988,000.84435815,000.30
Tournament (k=2),Blend,Uniform,0.52190,0.23084,000.67274475,002.38758588,002.68753433,001.09230995,000.29
Tournament (k=2),Blend,Uniform,0.83749,0.09637,000.03786469,000.91961992,001.16940117,000.81164891,000.28
Tournament (k=2),Blend,Uniform,0.81310,0.16276,000.42216492,002.57596946,002.84481430,001.29504931,000.32
Tournament (k=2),Blend,Gaussian,0.97087,0.11476,000.00769043,000.42947397,000.49140930,000.55667162,000.34
Tournament (k=2),Blend,Uniform,0.43709,0.25191,000.22504044,002.22490168,002.44089317,001.13958538,000.29
Tournament (k=2),Blend,Uniform,0.60503,0.05705,000.00000000,000.00004048,000.00000763,000.16957240,000.22
Tournament (k=2),Blend,Uniform,0.91514,0.17762,000.41062927,003.07501602,003.65113068,001.26719832,000.31
Tournament (k=2),Blend,Uniform,0.66113,0.03095,000.00000000,000.00018072,000.00000000,000.32805514,000.21
Tournament (k=2),Blend,Uniform,0.47762,0.05228,000.00000000,000.00028052,000.00006866,000.17173325,000.20
Tournament (k=2),Blend,Uniform,0.94259,0.09637,000.08358383,001.21682858,001.53086853,000.99147791,000.29
Tournament (k=2),Blend,Uniform,0.60503,0.11476,000.01757812,000.73589075,001.05236435,000.81745631,000.28
Tournament (k=2),Blend,Uniform,0.46371,0.06795,000.00000000,000.00029674,000.00008583,000.14037940,000.24
Tournament (k=2),Blend,Uniform,0.52190,0.02837,000.00000000,000.00278244,000.00015068,000.38361037,000.22
Tournament (k=2),Blend,Uniform,0.64187,0.05228,000.00000000,000.00005927,000.00000381,000.23718369,000.22
Tournament (k=2),Blend,Uniform,0.76642,0.05705,000.00000000,000.00210953,000.00011826,000.21609502,000.25
Tournament (k=2),Blend,Uniform,0.55369,0.03095,000.00000000,000.00236487,000.00006104,000.40040115,000.23
Tournament (k=2),Blend,Uniform,1.00000,0.09637,000.08085632,001.46454787,001.67343521,000.97838527,000.33
Tournament (k=2),Blend,Uniform,0.88849,0.04023,000.00000000,000.00531511,000.00011826,000.47485611,000.24
Tournament (k=2),Blend,Uniform,0.91514,0.05228,000.00000000,000.00126114,000.00000763,000.24973123,000.23
Tournament (k=2),Blend,Uniform,0.64187,0.17762,000.46271133,002.11459661,002.40593529,000.99148387,000.32
Tournament (k=2),Blend,Uniform,0.46371,0.25191,000.39182281,002.19305730,002.46389771,001.33004630,000.33
Tournament (k=2),Blend,Uniform,0.50670,0.16276,000.09609604,001.56635523,001.86082458,000.88863885,000.31
Tournament (k=2),Blend,Uniform,0.58741,0.25191,000.39498520,002.88356233,003.29895782,001.20772135,000.31
Tournament (k=2),Blend,Uniform,0.53756,0.14915,000.20530701,001.21859097,001.37473679,000.74327576,000.28
Tournament (k=2),Blend,Uniform,0.66113,0.30000,000.03141403,003.41615987,003.86963844,001.39928377,000.35
Tournament (k=2),Blend,Uniform,0.66113,0.03378,000.00000000,000.00009484,000.00000000,000.35567185,000.22
Tournament (k=2),Blend,Uniform,0.43709,0.02382,000.00000000,000.02854838,000.00316620,000.42785183,000.20
Tournament (k=2),Blend,Uniform,0.97087,0.05705,000.00000000,000.01371961,000.00517464,000.34781978,000.26
Tournament (k=2),Blend,Uniform,0.42436,0.13667,000.02139282,000.63912868,000.84120560,000.73136204,000.27
Tournament (k=2),Blend,Uniform,0.70139,0.27490,000.17124176,003.40202594,003.80254745,001.48997116,000.35
Tournament (k=2),Blend,Uniform,0.94259,0.10516,000.25255585,001.61303771,002.06830788,000.92350203,000.29
Tournament (k=2),Blend,Uniform,1.00000,0.30000,001.39309692,004.35197353,004.88625908,001.51176596,000.33
Tournament (k=2),Blend,Uniform,0.78941,0.27490,000.60610580,003.32909775,003.69250679,001.63834870,000.32
Tournament (k=2),Blend,Uniform,0.83749,0.03095,000.00000000,000.06272955,000.00000763,000.51356816,000.23
Tournament (k=2),Blend,Uniform,1.00000,0.10516,000.15499115,001.86702120,002.38031006,000.95036489,000.30
Tournament (k=2),Blend,Uniform,0.83749,0.30000,000.13901520,003.92898488,004.34288788,001.53656197,000.36
Tournament (k=2),Blend,Uniform,0.62318,0.27490,000.46978378,002.80689669,003.21685219,001.23294961,000.33
Tournament (k=2),Blend,Uniform,0.88849,0.30000,000.65302277,004.08911610,004.53126717,001.79434419,000.33
Tournament (k=3),Arithmetic,Gaussian,0.40000,0.05705,000.00000000,000.00445719,000.00415421,000.01855349,000.24
Tournament (k=2),Blend,Uniform,0.66113,0.03686,000.00000000,000.00004644,000.00000000,000.30052465,000.23
Tournament (k=2),Blend,Uniform,0.68096,0.02000,000.00000000,000.09182735,000.00000191,000.51586187,000.23
Tournament (k=2),Blend,Uniform,0.88849,0.10516,000.07924652,001.34757853,001.53047371,000.92249519,000.29
Tournament (k=2),Blend,Uniform,0.97087,0.17762,001.31074905,003.21319580,003.53529167,001.28170598,000.30
Tournament (k=2),Blend,Uniform,0.45020,0.13667,000.02056885,000.60927397,000.71361923,000.70168382,000.26
Tournament (k=2),Blend,Uniform,0.76642,0.21153,001.10772705,003.00538397,003.37284279,001.27669227,000.31
Tournament (k=2),Blend,Uniform,0.74410,0.03378,000.00000000,000.00056763,000.00000000,000.38572741,000.23
Tournament (k=2),Blend,Uniform,0.97087,0.02000,000.00000000,000.17556301,000.00135612,000.65991247,000.23
Tournament (k=3),Arithmetic,Gaussian,0.40000,0.17762,000.00001907,000.00058222,000.00058365,000.00278963,000.33
Tournament (k=2),Blend,Uniform,0.86261,0.06226,000.00000000,000.01722879,000.00403214,000.52148449,000.25
Tournament (k=2),Blend,Gaussian,0.94259,0.19383,000.16654205,001.42050099,001.73202515,000.84572101,000.40
Tournament (k=2),Blend,Uniform,0.50670,0.04023,000.00000000,000.00098467,000.00025177,000.33581659,000.20
Tournament (k=2),Blend,Uniform,0.78941,0.02837,000.00000000,000.00230489,000.00001335,000.45390141,000.20
Tournament (k=2),Blend,Uniform,0.53756,0.05705,000.00000000,000.00012259,000.00002289,000.10098497,000.24
Tournament (k=2),Blend,Uniform,0.72243,0.16276,000.35606003,002.14797187,002.58774948,001.06806743,000.31
Tournament (k=2),Blend,Uniform,0.62318,0.02837,000.00000000,000.00119848,000.00000572,000.36327830,000.22
Tournament (k=2),Blend,Uniform,0.66113,0.12524,000.04826736,001.14048648,001.41983032,000.83439147,000.30
Tournament (k=2),Blend,Uniform,0.86261,0.02000,000.00000000,000.18538304,000.00021362,000.59885931,000.25
Tournament (k=3),Arithmetic,Gaussian,0.41200,0.03378,000.00000000,000.00989919,000.01087952,000.11299679,000.20
Tournament (k=2),Blend,Gaussian,1.00000,0.02183,000.00000000,000.09448619,000.00041008,000.54015648,000.24
Tournament (k=2),Blend,Uniform,0.52190,0.07415,000.00000000,000.00108032,000.00055122,000.20485264,000.22
Tournament (k=2),Blend,Uniform,0.49195,0.02837,000.00000000,000.00529718,000.00098801,000.33591601,000.19
Tournament (k=2),Blend,Uniform,0.57030,0.17762,000.12063599,001.79572749,002.19405937,001.09528863,000.32
Tournament (k=2),Blend,Uniform,0.74410,0.09637,000.01398468,000.67445958,001.01071930,000.75410098,000.28
Tournament (k=2),Blend,Uniform,0.49195,0.23084,000.10727692,002.07572103,002.43671989,001.16578519,000.29
Tournament (k=2),Blend,Uniform,0.49195,0.08092,000.00000000,000.00134315,000.00068283,000.18182434,000.25
Tournament (k=2),Blend,Uniform,0.78941,0.10516,000.04561234,001.07967687,001.38502693,000.98904985,000.28
Tournament (k=2),Blend,Uniform,0.81310,0.06226,000.00000000,000.00990248,000.00143051,000.28530353,000.25
Tournament (k=2),Blend,Uniform,0.55369,0.10516,000.00295639,000.40370980,000.34278679,000.67369366,000.25
Tournament (k=2),Blend,Uniform,0.97087,0.19383,000.39801025,003.07003570,003.25194550,001.29153144,000.38
Tournament (k=2),Blend,Uniform,1.00000,0.03378,000.00000000,000.04874644,000.00065041,000.50320750,000.24
Tournament (k=2),Blend,Uniform,0.62318,0.30000,000.72594070,003.13268542,003.49677277,001.44037843,000.44
Tournament (k=2),Blend,Uniform,0.70139,0.10516,000.00186920,000.78526014,001.16318703,000.88476801,000.28
Tournament (k=2),Blend,Uniform,0.72243,0.05705,000.00000000,000.00055814,000.00006104,000.24381594,000.23
Tournament (k=3),Arithmetic,Gaussian,0.41200,0.10516,000.00000000,000.00074558,000.00077629,000.00359899,000.26
Tournament (k=2),Blend,Uniform,0.68096,0.06226,000.00000000,000.00070829,000.00002480,000.26076168,000.25
Tournament (k=2),Blend,Uniform,0.86261,0.19383,000.29232025,002.88591433,003.36161804,001.25296247,000.33
Tournament (k=2),Blend,Uniform,0.62318,0.09637,000.00248718,000.21232828,000.16153526,000.57875317,000.27
Tournament (k=2),Blend,Uniform,0.52190,0.25191,000.39204407,002.61872530,003.06062698,001.06885362,000.30
Tournament (k=2),Blend,Uniform,0.49195,0.03095,000.00000000,000.00195217,000.00026131,000.32526121,000.20
Tournament (k=2),Blend,Uniform,0.74410,0.27490,001.18309402,003.49048376,003.97218895,001.24551082,000.33
Tournament (k=3),Arithmetic,Gaussian,0.42436,0.02000,000.00004578,000.02620678,000.02664566,000.15645295,000.22
Tournament (k=3),Arithmetic,Gaussian,0.42436,0.06226,000.00000000,000.00188789,000.00176239,000.00870999,000.22
Tournament (k=2),Blend,Uniform,0.58741,0.06795,000.00000000,000.00026870,000.00007629,000.18489826,000.24
Tournament (k=2),Blend,Uniform,0.52190,0.03095,000.00000000,000.00235915,000.00013351,000.36325535,000.22
Tournament (k=2),Blend,Uniform,0.49195,0.08830,000.00000381,000.00715737,000.00492859,000.20945939,000.26
Tournament (k=2),Blend,Uniform,0.46371,0.07415,000.00000000,000.00070362,000.00037003,000.14159450,000.23
Tournament (k=2),Blend,Uniform,0.74410,0.10516,000.06356812,000.84244078,001.11932373,000.80588055,000.31
Tournament (k=2),Blend,Uniform,0.81310,0.17762,000.23848724,002.50248480,002.90428925,001.09058142,000.34
Tournament (k=2),Blend,Uniform,0.57030,0.19383,000.11881256,001.96931875,002.25403976,001.10295820,000.33
Tournament (k=2),Blend,Uniform,0.72243,0.06226,000.00000000,000.00112629,000.00020981,000.22485679,000.24
Tournament (k=2),Blend,Uniform,0.55369,0.03378,000.00000000,000.00021734,000.00002289,000.29762366,000.22
Tournament (k=3),Arithmetic,Gaussian,0.42436,0.19383,000.00000763,000.00131607,000.00131989,000.01028369,000.31
Tournament (k=2),Blend,Uniform,0.76642,0.06226,000.00000000,000.00464935,000.00097275,000.38482890,000.25
Tournament (k=2),Blend,Uniform,0.68096,0.16276,000.09038544,002.03769922,002.49398613,001.02868354,000.32
Tournament (k=2),Blend,Uniform,0.60503,0.12524,000.02284241,000.92375529,001.13536835,000.80814791,000.29
Tournament (k=2),Blend,Uniform,0.88849,0.04390,000.00000000,000.00057402,000.00002098,000.35877857,000.24
Tournament (k=2),Blend,Uniform,0.55369,0.27490,000.47067642,002.98322821,003.43853378,001.31363964,000.30
Tournament (k=2),Blend,Uniform,0.52190,0.27490,000.36701202,002.60259700,002.92448425,001.27771449,000.31
Tournament (k=2),Blend,Uniform,0.50670,0.17762,000.20461273,001.64071822,001.93476295,000.90162885,000.31
Tournament (k=2),Blend,Uniform,0.58741,0.03095,000.00000000,000.00072532,000.00006485,000.28796318,000.20
Tournament (k=2),Blend,Uniform,0.64187,0.19383,000.31670761,002.40688443,002.78568459,001.06640899,000.32
Tournament (k=2),Blend,Uniform,0.43709,0.02599,000.00000000,000.09735732,000.03145599,000.48044124,000.20
Tournament (k=2),Blend,Uniform,0.57030,0.05228,000.00000000,000.00004401,000.00000763,000.19076683,000.22
Tournament (k=2),Blend,Uniform,0.74410,0.30000,000.99714279,003.47443771,003.80458832,001.52119875,000.34
Tournament (k=3),Arithmetic,Gaussian,0.40000,0.02000,000.00000000,000.02140660,000.02149773,000.18915455,000.17
Tournament (k=2),Blend,Uniform,0.58741,0.27490,000.34799576,002.71059084,002.98048782,001.35368133,000.33
Tournament (k=3),Arithmetic,Gaussian,0.43709,0.03686,000.00000763,000.00553436,000.00433731,000.09988911,000.23
Tournament (k=2),Blend,Uniform,0.83749,0.03378,000.00000000,000.00128937,000.00000000,000.46564540,000.21
Tournament (k=2),Blend,Uniform,0.53756,0.16276,000.08399963,001.47008097,001.69772339,001.00460565,000.29
Tournament (k=2),Blend,Uniform,0.72243,0.06795,000.00000000,000.01415687,000.00463676,000.30561399,000.26
Tournament (k=2),Blend,Uniform,0.55369,0.03686,000.00000000,000.00025082,000.00003242,000.35210076,000.25
Tournament (k=2),Blend,Uniform,0.70139,0.02837,000.00000000,000.05203261,000.00000000,000.42361614,000.20
Tournament (k=2),Blend,Uniform,0.81310,0.19383,000.50173950,003.01580215,003.32864952,001.24657679,000.34
Tournament (k=2),Blend,Uniform,0.70139,0.30000,001.24261093,003.61444092,004.05397606,001.50265074,000.34
Tournament (k=2),Blend,Uniform,1.00000,0.11476,000.08592224,001.87013125,002.26527977,001.05359852,000.30
Tournament (k=2),Blend,Uniform,0.78941,0.30000,001.41391373,004.01461315,004.56504440,001.44708741,000.33
Tournament (k=2),Blend,Uniform,0.68096,0.02183,000.00000000,000.15076670,000.00004196,000.51245576,000.22
Tournament (k=3),Arithmetic,Gaussian,0.43709,0.11476,000.00000000,000.00059929,000.00047493,000.00287222,000.29
Tournament (k=2),Blend,Uniform,0.66113,0.04023,000.00000000,000.00010338,000.00000000,000.31348613,000.23
Tournament (k=2),Blend,Uniform,0.94259,0.03378,000.00000000,000.01014276,000.00027084,000.44255900,000.22
Tournament (k=3),Arithmetic,Gaussian,0.40000,0.06226,000.00000763,000.00280733,000.00268173,000.01093511,000.25
Tournament (k=3),Arithmetic,Gaussian,0.42436,0.21153,000.00005722,000.00427494,000.00521278,000.02255199,000.42
Tournament (k=2),Blend,Uniform,0.74410,0.03686,000.00000000,000.00000472,000.00000000,000.35182583,000.23
Tournament (k=2),Blend,Uniform,0.45020,0.14915,000.03086472,000.93880355,001.22724724,000.83428276,000.26
Tournament (k=2),Blend,Uniform,0.97087,0.02183,000.00000000,000.15497914,000.00109100,000.52830338,000.23
Tournament (k=3),Arithmetic,Gaussian,0.45020,0.02183,000.00000000,000.02027855,000.02195740,000.19439900,000.18
Tournament (k=2),Blend,Uniform,0.88849,0.11476,000.12712097,001.77906609,002.08321381,000.97031260,000.29
Tournament (k=2),Blend,Uniform,0.78941,0.03095,000.00000000,000.00037999,000.00000000,000.41203508,000.20
Tournament (k=2),Blend,Uniform,0.52190,0.30000,000.33452606,002.87429214,003.47065735,001.49669981,000.35
Tournament (k=2),Blend,Uniform,0.70139,0.03095,000.00000000,000.00004458,000.00000000,000.36269724,000.22
Tournament (k=2),Blend,Uniform,0.76642,0.23084,000.59899521,003.29749155,003.67187500,001.47216332,000.31
Tournament (k=2),Blend,Uniform,0.86261,0.06795,000.00001526,000.07858567,000.05739403,000.49924386,000.26
Tournament (k=2),Blend,Uniform,0.62318,0.03095,000.00000000,000.00008197,000.00000000,000.31740722,000.20
Tournament (k=2),Blend,Uniform,0.53756,0.06226,000.00000000,000.00016537,000.00004005,000.09895399,000.24
Tournament (k=2),Blend,Uniform,0.86261,0.02183,000.00000000,000.08179865,000.00006294,000.60059339,000.21
Tournament (k=3),Arithmetic,Gaussian,0.40000,0.19383,000.00002289,000.00167418,000.00174713,000.00407929,000.37
Tournament (k=3),Arithmetic,Gaussian,0.41200,0.03686,000.00000000,000.00757589,000.00618172,000.02988464,000.23
Tournament (k=2),Blend,Uniform,0.94259,0.03686,000.00000000,000.00514975,000.00024033,000.43631682,000.23
Tournament (k=2),Blend,Uniform,0.72243,0.17762,000.82707977,002.44969106,002.82901192,001.17680192,000.32
Tournament (k=3),Arithmetic,Gaussian,0.40000,0.06795,000.00000000,000.00212836,000.00180817,000.01216225,000.27
Tournament (k=2),Blend,Uniform,0.60503,0.06226,000.00000000,000.00048008,000.00009346,000.16673306,000.22
Tournament (k=2),Blend,Uniform,0.66113,0.13667,000.15131760,001.56030726,001.92869568,000.94933653,000.30
Tournament (k=3),Arithmetic,Gaussian,0.45020,0.06795,000.00000763,000.00146933,000.00165749,000.00469962,000.26
Tournament (k=2),Blend,Uniform,0.53756,0.02000,000.00000000,000.13973184,000.00384140,000.58737624,000.22
Tournament (k=2),Blend,Uniform,0.78941,0.03378,000.00000000,000.00061607,000.00000000,000.33649901,000.23
Tournament (k=2),Blend,Uniform,0.64187,0.02000,000.00000000,000.16403417,000.00027084,000.61109877,000.20
Tournament (k=2),Blend,Uniform,1.00000,0.03686,000.00000000,000.03713646,000.00085831,000.41600636,000.25
Tournament (k=2),Blend,Uniform,0.55369,0.11476,000.00908661,000.59128982,000.68883705,000.71363044,000.27
Tournament (k=2),Blend,Uniform,0.88849,0.12524,000.23914337,002.00295234,002.29371262,001.04259765,000.32
Tournament (k=2),Blend,Uniform,0.91514,0.19383,000.80548859,003.14337397,003.65475655,001.36844349,000.34
Tournament (k=3),Arithmetic,Gaussian,0.45020,0.21153,000.00012970,000.00590029,000.00672531,000.01078317,000.36
Tournament (k=3),Arithmetic,Gaussian,0.42436,0.23084,000.00121689,000.01386890,000.01538467,000.04075197,000.39
Tournament (k=2),Blend,Uniform,0.64187,0.05705,000.00000000,000.00015216,000.00001526,000.20704868,000.23
Tournament (k=2),Blend,Uniform,0.97087,0.21153,001.23617554,003.36797261,003.85565376,001.32770133,000.32
Tournament (k=2),Blend,Uniform,0.70139,0.11476,000.02508926,000.98686755,001.21825218,000.89815295,000.30
Tournament (k=3),Arithmetic,Gaussian,0.41200,0.11476,000.00000000,000.00053110,000.00053406,000.00206471,000.26
Tournament (k=2),Blend,Uniform,0.68096,0.06795,000.00000000,000.00127358,000.00040436,000.14611681,000.26
Tournament (k=3),Arithmetic,Gaussian,0.46371,0.04023,000.00000000,000.00678439,000.01006317,000.02153389,000.20
Tournament (k=2),Blend,Uniform,0.91514,0.05705,000.00000000,000.00503635,000.00176811,000.26828244,000.25
Tournament (k=3),Arithmetic,Gaussian,0.42436,0.02183,000.00002670,000.02994042,000.04061699,000.17677364,000.22
Tournament (k=2),Blend,Uniform,0.62318,0.10516,000.00313568,000.54337031,000.68304443,000.71809971,000.29
Tournament (k=3),Arithmetic,Gaussian,0.42436,0.06795,000.00000000,000.00178061,000.00183487,000.01234444,000.23
Tournament (k=2),Blend,Uniform,0.78941,0.03686,000.00000000,000.00011139,000.00000000,000.25264674,000.24
Tournament (k=2),Blend,Uniform,0.52190,0.03378,000.00000000,000.00390501,000.00056648,000.28651443,000.23
Tournament (k=2),Blend,Uniform,0.86261,0.21153,001.48728561,003.00651574,003.34983826,001.20664799,000.38
Tournament (k=2),Blend,Uniform,0.46371,0.08092,000.00000000,000.00152621,000.00102615,000.17654409,000.24
Tournament (k=2),Blend,Uniform,0.49195,0.09637,000.00004578,000.04637041,000.04137421,000.32716808,000.28
Tournament (k=2),Blend,Uniform,0.46371,0.27490,000.27591705,002.42131662,002.73505592,001.39791882,000.35
Tournament (k=2),Blend,Uniform,0.97087,0.06226,000.00000000,000.08806205,000.07892036,000.52643102,000.27
Tournament (k=2),Blend,Uniform,0.74410,0.11476,000.02468109,001.18755293,001.37100983,001.02348650,000.29
Tournament (k=2),Blend,Uniform,0.76642,0.06795,000.00000000,000.01474886,000.00445747,000.37912795,000.25
Tournament (k=3),Arithmetic,Gaussian,0.46371,0.04390,000.00001526,000.00484686,000.00488853,000.02119425,000.21
Tournament (k=2),Blend,Uniform,0.94259,0.11476,000.21959305,001.91253984,002.18933296,000.89563781,000.30
Tournament (k=2),Blend,Uniform,0.57030,0.21153,000.23274231,002.31368828,002.89767647,001.16208541,000.33
Tournament (k=2),Blend,Uniform,0.68096,0.07415,000.00000000,000.00953398,000.00523758,000.22084256,000.26
Tournament (k=2),Blend,Uniform,0.70139,0.12524,000.13743591,001.36312485,001.62460136,000.93401849,000.30
Tournament (k=3),Arithmetic,Gaussian,0.42436,0.02382,000.00000763,000.01791873,000.01812935,000.12716496,000.23
Tournament (k=3),Arithmetic,Gaussian,0.41200,0.12524,000.00000000,000.00030551,000.00026131,000.00144213,000.31
Tournament (k=2),Blend,Uniform,0.91514,0.06226,000.00000000,000.03356905,000.01232719,000.44329724,000.27
Tournament (k=2),Blend,Uniform,0.88849,0.04791,000.00000000,000.00039611,000.00000000,000.27935874,000.23
Tournament (k=2),Blend,Uniform,0.97087,0.23084,000.68152618,003.65082026,004.05569458,001.33481002,000.37
Tournament (k=2),Blend,Uniform,0.91514,0.02000,000.00000000,000.10427265,000.00034332,000.53562653,000.21
Tournament (k=2),Blend,Uniform,0.60503,0.13667,000.13708496,001.26724470,001.52139473,000.89034396,000.29
Tournament (k=3),Arithmetic,Gaussian,0.47762,0.02382,000.00000000,000.01384444,000.01574516,000.14737095,000.23
Tournament (k=2),Blend,Uniform,0.58741,0.03378,000.00000000,000.00014110,000.00001526,000.29250795,000.23
Tournament (k=2),Blend,Uniform,0.57030,0.05705,000.00000000,000.00004940,000.00000763,000.17015453,000.23
Tournament (k=3),Arithmetic,Gaussian,0.46371,0.12524,000.00000000,000.00025806,000.00026321,000.00185235,000.29
Tournament (k=3),Arithmetic,Gaussian,0.47762,0.07415,000.00000000,000.00155134,000.00163841,000.00696968,000.29
Tournament (k=3),Arithmetic,Gaussian,0.43709,0.04023,000.00000000,000.00620389,000.00555420,000.03309599,000.25
Tournament (k=2),Blend,Uniform,0.83749,0.03686,000.00000000,000.00067410,000.00000000,000.47534016,000.22
Tournament (k=2),Blend,Uniform,0.76642,0.07415,000.00000000,000.09883676,000.06693459,000.48717609,000.28
Tournament (k=2),Blend,Uniform,0.74410,0.12524,000.21845245,001.53561449,001.76730728,000.94243497,000.32
Tournament (k=2),Blend,Uniform,0.64187,0.21153,000.07738495,002.56302214,003.02429199,001.28055692,000.35
Tournament (k=2),Blend,Uniform,0.50670,0.04390,000.00000000,000.00032268,000.00010109,000.13915479,000.21
Tournament (k=2),Blend,Uniform,0.72243,0.07415,000.00000000,000.02601471,000.01064301,000.38938937,000.24
Tournament (k=2),Blend,Uniform,0.72243,0.02000,000.00000000,000.08727030,000.00001526,000.51811814,000.23
Tournament (k=2),Blend,Uniform,0.81310,0.02000,000.00000000,000.20222387,000.00386620,000.60943860,000.21
Tournament (k=3),Arithmetic,Gaussian,0.49195,0.04390,000.00000381,000.00440583,000.00411797,000.01908266,000.26
Tournament (k=2),Blend,Uniform,0.53756,0.17762,000.12754440,001.58547723,001.95576286,001.00842512,000.31
Tournament (k=3),Arithmetic,Gaussian,0.47762,0.02599,000.00000000,000.01393580,000.01124763,000.13850263,000.22
Tournament (k=2),Blend,Uniform,0.58741,0.30000,000.20138550,003.04874754,003.50806808,001.35154581,000.38
Tournament (k=2),Blend,Uniform,0.58741,0.03686,000.00000000,000.00060153,000.00000763,000.33778763,000.25
Tournament (k=2),Blend,Uniform,0.66113,0.04390,000.00000000,000.00014071,000.00000000,000.27560234,000.23
Tournament (k=3),Arithmetic,Gaussian,0.47762,0.23084,000.00030136,000.01259770,000.01438141,000.05765850,000.37
Tournament (k=2),Blend,Uniform,1.00000,0.12524,000.20102310,002.38236141,002.67183685,000.99230003,000.32
Tournament (k=2),Blend,Uniform,0.81310,0.21153,000.50035858,003.04137802,003.46776009,001.31779480,000.35
Tournament (k=3),Arithmetic,Gaussian,0.43709,0.12524,000.00000000,000.00032859,000.00037003,000.00106553,000.28
Tournament (k=3),Arithmetic,Gaussian,0.45020,0.02382,000.00000000,000.01923375,000.01923561,000.15868762,000.19
Tournament (k=2),Blend,Uniform,0.83749,0.04023,000.00000000,000.00171585,000.00000381,000.34029195,000.23
Tournament (k=2),Blend,Uniform,0.52190,0.08092,000.00000000,000.00230365,000.00094223,000.32476673,000.26
Tournament (k=2),Blend,Uniform,0.97087,0.02382,000.00000000,000.00080662,000.00013733,000.45031464,000.24
Tournament (k=2),Blend,Uniform,0.83749,0.10516,000.15381622,001.31169999,001.47029114,000.95456636,000.29
Tournament (k=2),Blend,Uniform,0.76642,0.08092,000.00024414,000.26261872,000.14276886,000.60361934,000.29
Tournament (k=2),Blend,Uniform,0.70139,0.03378,000.00000000,000.00026431,000.00000000,000.39990032,000.21
Tournament (k=2),Blend,Uniform,0.62318,0.03378,000.00000000,000.00001707,000.00000000,000.25365078,000.20
Tournament (k=2),Blend,Uniform,0.81310,0.06795,000.00000000,000.03610854,000.01540565,000.39536464,000.26
Tournament (k=2),Blend,Uniform,0.78941,0.11476,000.04333878,001.37082434,001.62426758,000.96673048,000.29
Tournament (k=2),Blend,Uniform,0.49195,0.25191,000.35101700,002.33762240,002.60301399,001.22726405,000.34
Tournament (k=2),Blend,Uniform,0.86261,0.07415,000.00017929,000.15933184,000.15373230,000.49606022,000.27
Tournament (k=2),Blend,Uniform,0.58741,0.04023,000.00000000,000.00003524,000.00000763,000.22158675,000.23
Tournament (k=2),Blend,Uniform,0.66113,0.04791,000.00000000,000.00009036,000.00000000,000.23843525,000.23
Tournament (k=2),Blend,Uniform,0.76642,0.25191,000.29751968,003.14616442,003.56517601,001.14905322,000.32
Tournament (k=3),Arithmetic,Gaussian,0.45020,0.02599,000.00000000,000.01925225,000.02145004,000.06361025,000.19
Tournament (k=2),Blend,Uniform,0.94259,0.04023,000.00000000,000.00091686,000.00000000,000.32468936,000.23
Tournament (k=2),Blend,Uniform,0.83749,0.04390,000.00000000,000.00023885,000.00000381,000.28265887,000.24
Tournament (k=2),Blend,Uniform,0.60503,0.06795,000.00000000,000.00034080,000.00012970,000.19078504,000.24
Tournament (k=2),Blend,Uniform,0.64187,0.02183,000.00000000,000.15563874,000.00004959,000.53255731,000.20
Tournament (k=2),Blend,Uniform,1.00000,0.13667,000.78844070,002.43829989,002.67831612,001.05689991,000.35
Tournament (k=3),Arithmetic,Gaussian,0.40000,0.07415,000.00000000,000.00145040,000.00157928,000.00753185,000.28
Tournament (k=3),Arithmetic,Gaussian,0.43709,0.13667,000.00000000,000.00026493,000.00026894,000.00093603,000.34
Tournament (k=3),Arithmetic,Gaussian,0.50670,0.02599,000.00000000,000.01560440,000.01491356,000.15030712,000.19
Tournament (k=2),Blend,Uniform,0.72243,0.19383,000.61815643,002.69982839,002.93427086,001.21126807,000.31
Tournament (k=3),Arithmetic,Gaussian,0.45020,0.07415,000.00000000,000.00133271,000.00108337,000.00604700,000.27
Tournament (k=3),Arithmetic,Gaussian,0.40000,0.21153,000.00006866,000.00377822,000.00382996,000.01752597,000.38
Tournament (k=2),Blend,Uniform,0.58741,0.07415,000.00000000,000.00119634,000.00072479,000.19618563,000.24
Tournament (k=3),Arithmetic,Gaussian,0.47762,0.25191,000.00070572,000.03375340,000.03704834,000.11848658,000.41
Tournament (k=2),Blend,Uniform,0.66113,0.14915,000.20926285,001.86330342,002.22446823,001.10747194,000.31
Tournament (k=2),Blend,Uniform,1.00000,0.04023,000.00000000,000.00106091,000.00000000,000.34274060,000.25
Tournament (k=3),Arithmetic,Gaussian,0.49195,0.13667,000.00000000,000.00029078,000.00024223,000.00128750,000.30
Tournament (k=3),Arithmetic,Gaussian,0.45020,0.02837,000.00000000,000.01295848,000.01404762,000.07476759,000.25
Tournament (k=2),Blend,Uniform,0.94259,0.04390,000.00000000,000.00159445,000.00001144,000.40741828,000.25
Tournament (k=2),Blend,Uniform,0.88849,0.13667,000.50320435,001.96112597,002.31985855,001.00031638,000.31
Tournament (k=3),Arithmetic,Gaussian,0.45020,0.23084,000.00013733,000.01674986,000.01922989,000.04230928,000.32
Tournament (k=2),Blend,Uniform,0.91514,0.21153,000.70992661,003.30685043,003.69672012,001.26348948,000.34
Tournament (k=2),Blend,Uniform,0.78941,0.04023,000.00000000,000.00105424,000.00003052,000.31240559,000.21
Tournament (k=3),Arithmetic,Gaussian,0.42436,0.07415,000.00000381,000.00132465,000.00144768,000.00791125,000.22
Tournament (k=3),Arithmetic,Gaussian,0.40000,0.02183,000.00000000,000.02282500,000.02117348,000.22131738,000.17
Tournament (k=2),Blend,Uniform,0.68096,0.17762,000.19519806,002.30062294,002.58156395,000.99190569,000.29
Tournament (k=2),Blend,Uniform,0.76642,0.02000,000.00000000,000.20665893,000.00058746,000.58155519,000.19
Tournament (k=2),Blend,Uniform,0.62318,0.11476,000.01661682,000.78439063,001.09516335,000.74766833,000.28
Tournament (k=2),Blend,Uniform,0.46371,0.08830,000.00001526,000.00497518,000.00329208,000.17915656,000.25
Tournament (k=2),Blend,Uniform,0.97087,0.06795,000.00019455,000.38293925,000.37981796,000.77810138,000.25
Tournament (k=3),Arithmetic,Gaussian,0.50670,0.08092,000.00000000,000.00154266,000.00175667,000.00476311,000.27
Tournament (k=3),Arithmetic,Gaussian,0.42436,0.02599,000.00000000,000.01342516,000.01061440,000.11507131,000.21
Tournament (k=2),Blend,Uniform,0.94259,0.12524,000.44338608,001.96614492,002.15066147,000.90903252,000.29
Tournament (k=2),Blend,Uniform,0.86261,0.23084,000.70517731,003.66590309,004.37195587,001.51270330,000.36
Tournament (k=2),Blend,Uniform,0.68096,0.08092,000.00002289,000.09610166,000.05013466,000.50393194,000.26
Tournament (k=3),Arithmetic,Gaussian,0.52190,0.04791,000.00000000,000.00537410,000.00525475,000.01610308,000.33
Tournament (k=3),Arithmetic,Gaussian,0.52190,0.14915,000.00000000,000.00014648,000.00013924,000.00112582,000.34
Tournament (k=3),Arithmetic,Gaussian,0.40000,0.08092,000.00000000,000.00135679,000.00139046,000.00531339,000.40
Tournament (k=2),Blend,Uniform,0.91514,0.06795,000.00007629,000.12357397,000.10720062,000.52015084,000.24
Tournament (k=2),Blend,Uniform,0.70139,0.13667,000.25484085,001.70261645,001.90903282,001.04072392,000.30
Tournament (k=3),Arithmetic,Gaussian,0.50670,0.25191,000.00212860,000.04415717,000.05354691,000.12556241,000.41
Tournament (k=2),Blend,Uniform,0.57030,0.06226,000.00000000,000.00013814,000.00003052,000.19827083,000.22
Tournament (k=2),Blend,Uniform,0.68096,0.02382,000.00000000,000.00162902,000.00000000,000.41582039,000.22
Tournament (k=2),Blend,Uniform,0.88849,0.05228,000.00000000,000.00094547,000.00004387,000.31981850,000.25
Tournament (k=3),Arithmetic,Gaussian,0.42436,0.08092,000.00000000,000.00192733,000.00189972,000.00833219,000.26
Tournament (k=3),Arithmetic,Gaussian,0.53756,0.02837,000.00006104,000.01527405,000.01563454,000.11482131,000.23
Tournament (k=2),Blend,Uniform,0.60503,0.14915,000.09865952,001.52355409,001.76829147,000.86660111,000.30
Tournament (k=2),Blend,Uniform,0.97087,0.25191,000.44483185,003.74465942,004.04717064,001.45135128,000.33
Tournament (k=2),Blend,Uniform,0.97087,0.07415,000.02416229,000.55916107,000.63679123,000.79086143,000.28
Tournament (k=2),Blend,Uniform,0.68096,0.19383,000.34545135,002.50788355,002.91215134,001.19249856,000.33
Tournament (k=2),Blend,Uniform,0.50670,0.04791,000.00000000,000.00019298,000.00003815,000.27774584,000.21
Tournament (k=3),Arithmetic,Gaussian,0.45020,0.25191,000.00066376,000.03284774,000.03549957,000.10265812,000.41
Tournament (k=2),Blend,Uniform,0.62318,0.12524,000.02879333,000.99014509,001.24362755,000.93148100,000.35
Tournament (k=2),Blend,Uniform,0.74410,0.13667,000.27403641,001.77865922,002.04883385,000.96894002,000.29
Tournament (k=2),Blend,Uniform,0.81310,0.02183,000.00000000,000.10392122,000.00000381,000.56517762,000.20
Tournament (k=2),Blend,Uniform,0.72243,0.02183,000.00000000,000.04756584,000.00000000,000.47209269,000.22
Tournament (k=2),Blend,Uniform,0.72243,0.08092,000.00000763,000.15782423,000.07128525,000.54962397,000.25
Tournament (k=2),Blend,Uniform,0.60503,0.02000,000.00000000,000.03582706,000.00010300,000.43918449,000.21
Tournament (k=3),Arithmetic,Gaussian,0.47762,0.02837,000.00000000,000.01051617,000.00897598,000.06051448,000.22
Tournament (k=3),Arithmetic,Gaussian,0.49195,0.04791,000.00000000,000.00288877,000.00232887,000.00966697,000.25
Tournament (k=2),Blend,Uniform,0.86261,0.02382,000.00000000,000.13658667,000.00009727,000.53275484,000.23
Tournament (k=2),Blend,Uniform,0.64187,0.23084,000.78025055,002.89163995,003.21484184,001.45116675,000.31
Tournament (k=3),Arithmetic,Gaussian,0.41200,0.04023,000.00001526,000.00711946,000.00906754,000.03134736,000.23
Tournament (k=2),Blend,Uniform,0.53756,0.19383,000.12402344,001.90022588,002.25137520,001.17112744,000.29
Tournament (k=3),Arithmetic,Gaussian,0.53756,0.08830,000.00000000,000.00087018,000.00105858,000.00530831,000.29
Tournament (k=2),Blend,Uniform,0.52190,0.08830,000.00000763,000.01425796,000.00951385,000.19734471,000.24
Tournament (k=2),Blend,Uniform,0.70139,0.03686,000.00000000,000.00010734,000.00000000,000.40681383,000.21
Tournament (k=2),Blend,Uniform,0.62318,0.03686,000.00000000,000.00024486,000.00002861,000.23736909,000.21
Tournament (k=2),Blend,Uniform,0.76642,0.08830,000.00326538,000.48182130,000.46573257,000.86456078,000.26
Tournament (k=2),Blend,Uniform,0.97087,0.08092,000.02663422,000.84970474,001.12368011,000.90973145,000.28
Tournament (k=2),Blend,Uniform,0.60503,0.16276,000.34215546,001.73837924,001.95287895,001.00042105,000.32
Tournament (k=2),Blend,Uniform,0.72243,0.02382,000.00000000,000.05455389,000.00001335,000.51886606,000.22
Tournament (k=2),Blend,Uniform,0.81310,0.23084,000.80970764,003.11791062,003.52513504,001.41845477,000.39
Tournament (k=2),Blend,Uniform,0.60503,0.02183,000.00000000,000.11157284,000.00007629,000.58168000,000.22
Tournament (k=3),Arithmetic,Gaussian,0.47762,0.03095,000.00000000,000.00928779,000.00957108,000.03587199,000.23
Tournament (k=2),Blend,Uniform,0.62318,0.13667,000.05451965,001.45920527,001.71750832,000.93917567,000.30
Tournament (k=2),Blend,Uniform,0.81310,0.02382,000.00000000,000.08007908,000.00010872,000.56308067,000.31
Tournament (k=3),Arithmetic,Gaussian,0.55369,0.05228,000.00000000,000.00298996,000.00329018,000.01288834,000.25
Tournament (k=2),Blend,Uniform,0.64187,0.02382,000.00000000,000.00022211,000.00000000,000.39161980,000.19
Tournament (k=2),Blend,Uniform,0.64187,0.06226,000.00000000,000.00023370,000.00002289,000.22225121,000.22
Tournament (k=2),Blend,Uniform,0.83749,0.04791,000.00000000,000.00101829,000.00001335,000.27011681,000.23
Tournament (k=2),Blend,Uniform,0.72243,0.08830,000.00168991,000.25736132,000.19145203,000.67663425,000.32
Tournament (k=2),Blend,Uniform,0.74410,0.14915,000.27333069,001.85202026,002.29408264,001.09486103,000.35
Tournament (k=2),Blend,Uniform,0.60503,0.07415,000.00000000,000.00281463,000.00154686,000.19206889,000.23
Tournament (k=3),Arithmetic,Gaussian,0.50670,0.02837,000.00000000,000.01339989,000.01439095,000.05923969,000.18
Tournament (k=2),Blend,Uniform,0.76642,0.27490,000.77199554,003.34549260,003.77439499,001.45090091,000.35
Tournament (k=3),Arithmetic,Gaussian,0.42436,0.25191,000.00048828,000.02746839,000.03183174,000.16037966,000.39
Tournament (k=3),Arithmetic,Gaussian,0.53756,0.27490,000.00157166,000.07187128,000.08241272,000.28146869,000.41
Tournament (k=3),Arithmetic,Gaussian,0.43709,0.14915,000.00000000,000.00022936,000.00018501,000.00131432,000.28
Tournament (k=3),Arithmetic,Gaussian,0.46371,0.04791,000.00000000,000.00354981,000.00367165,000.02105128,000.20
Tournament (k=2),Blend,Uniform,1.00000,0.14915,000.40607452,002.52574635,002.89181137,001.19705534,000.33
Tournament (k=2),Blend,Uniform,0.55369,0.30000,000.82514954,002.96277213,003.32069397,001.20308530,000.33
Tournament (k=2),Blend,Uniform,0.64187,0.02599,000.00000000,000.00559182,000.00000381,000.38004011,000.22
Tournament (k=3),Arithmetic,Gaussian,0.45020,0.08092,000.00000000,000.00127158,000.00123024,000.00678980,000.27
Tournament (k=2),Blend,Uniform,0.58741,0.08092,000.00001144,000.01080785,000.00769615,000.24904330,000.25
Tournament (k=2),Blend,Uniform,0.72243,0.21153,000.41920471,002.85358763,003.14570427,001.17692196,000.32
Tournament (k=2),Blend,Uniform,0.64187,0.06795,000.00000000,000.00040679,000.00012207,000.21421947,000.25
Tournament (k=2),Blend,Uniform,0.94259,0.04791,000.00000000,000.00290809,000.00001144,000.24449204,000.22
Tournament (k=2),Blend,Uniform,0.81310,0.02599,000.00000000,000.12476011,000.00049400,000.58106202,000.25
Tournament (k=2),Blend,Uniform,1.00000,0.04390,000.00000000,000.00184107,000.00000763,000.36841181,000.25
Tournament (k=3),Arithmetic,Gaussian,0.40000,0.23084,000.00035095,000.01534314,000.01694107,000.03384599,000.32
Tournament (k=3),Arithmetic,Gaussian,0.50670,0.03095,000.00003052,000.00910583,000.00929260,000.06320070,000.19
Tournament (k=3),Arithmetic,Gaussian,0.49195,0.14915,000.00000000,000.00013752,000.00012970,000.00090539,000.28
Tournament (k=2),Blend,Uniform,0.88849,0.14915,000.49460602,002.55721354,002.75990677,001.13429737,000.31
Tournament (k=2),Blend,Uniform,0.74410,0.16276,000.56166840,002.33645105,002.77539062,001.07306588,000.33
Tournament (k=2),Blend,Uniform,0.91514,0.02183,000.00000000,000.18822789,000.00036812,000.58085030,000.20
Tournament (k=2),Blend,Uniform,0.78941,0.04390,000.00000000,000.00029459,000.00000000,000.29380789,000.21
Tournament (k=3),Arithmetic,Gaussian,0.40000,0.02382,000.00003815,000.01667852,000.01609421,000.07264414,000.21
Tournament (k=2),Blend,Uniform,0.76642,0.02183,000.00000000,000.05075116,000.00000000,000.42480880,000.22
Tournament (k=3),Arithmetic,Gaussian,0.43709,0.04390,000.00000000,000.00410175,000.00415230,000.02467412,000.23
Tournament (k=2),Blend,Uniform,0.74410,0.04023,000.00000000,000.00048122,000.00000000,000.28347847,000.23
Tournament (k=2),Blend,Uniform,0.94259,0.05228,000.00000000,000.00272369,000.00015640,000.33583623,000.23
Tournament (k=2),Blend,Uniform,0.91514,0.23084,000.63948441,003.30555868,003.76343727,001.44145310,000.34
Tournament (k=3),Arithmetic,Gaussian,0.47762,0.08092,000.00000000,000.00117574,000.00092506,000.00498364,000.27
Tournament (k=3),Arithmetic,Gaussian,0.50670,0.03378,000.00000763,000.00926542,000.00842285,000.06455014,000.20
Tournament (k=2),Blend,Uniform,0.64187,0.07415,000.00000000,000.00455742,000.00108528,000.21583299,000.25
Tournament (k=2),Blend,Uniform,0.68096,0.08830,000.00054169,000.11963425,000.09912682,000.48223379,000.26
Tournament (k=3),Arithmetic,Gaussian,0.50670,0.08830,000.00000000,000.00094242,000.00090790,000.00446375,000.28
Tournament (k=3),Arithmetic,Gaussian,0.46371,0.13667,000.00000000,000.00019016,000.00018501,000.00173832,000.33
Tournament (k=2),Blend,Uniform,1.00000,0.04791,000.00000000,000.00389724,000.00008392,000.38056248,000.26
Tournament (k=2),Blend,Uniform,0.94259,0.13667,000.41809082,002.33005047,002.67813110,001.09424138,000.29
Tournament (k=2),Blend,Uniform,0.91514,0.07415,000.00038147,000.34461856,000.26090431,000.79038054,000.24
Tournament (k=3),Arithmetic,Gaussian,0.49195,0.16276,000.00000763,000.00022192,000.00024223,000.00212130,000.33
Tournament (k=2),Blend,Uniform,0.57030,0.06795,000.00000000,000.00031004,000.00006676,000.17469898,000.22
Tournament (k=3),Arithmetic,Gaussian,0.53756,0.03095,000.00000000,000.01006308,000.00839806,000.04143131,000.19
Tournament (k=2),Blend,Uniform,0.68096,0.02599,000.00000000,000.00046864,000.00000000,000.40169010,000.22
Tournament (k=2),Blend,Uniform,0.74410,0.17762,000.60522842,002.34472060,002.70534897,001.26677597,000.32
Tournament (k=3),Arithmetic,Gaussian,0.40000,0.25191,000.00030518,000.03715491,000.04071426,000.07101939,000.40
Tournament (k=2),Blend,Uniform,0.78941,0.04791,000.00000000,000.00125718,000.00001717,000.37593889,000.33
Tournament (k=2),Blend,Uniform,0.88849,0.05705,000.00000000,000.00735941,000.00029564,000.30245242,000.25
Tournament (k=2),Blend,Uniform,0.97087,0.02599,000.00000000,000.00238576,000.00001907,000.39509597,000.23
Tournament (k=3),Arithmetic,Gaussian,0.42436,0.08830,000.00000381,000.00106626,000.00098610,000.00592230,000.24
Tournament (k=2),Blend,Uniform,0.50670,0.05228,000.00000000,000.00008197,000.00002480,000.19495852,000.20
Tournament (k=2),Blend,Uniform,0.81310,0.07415,000.00002289,000.11318779,000.09366417,000.52278793,000.26
Tournament (k=2),Blend,Uniform,0.88849,0.16276,001.02890778,002.68097115,002.97380257,001.03542852,000.46
Tournament (k=2),Blend,Uniform,0.83749,0.11476,000.21065903,001.50944853,001.75316429,000.86121565,000.29
Tournament (k=3),Arithmetic,Gaussian,0.50670,0.27490,000.00421143,000.06822391,000.07925987,000.22601822,000.41
Tournament (k=2),Blend,Uniform,0.97087,0.27490,000.73200226,004.33396673,004.77692986,001.65147054,000.33
Tournament (k=2),Blend,Uniform,0.78941,0.12524,000.08411026,001.56669855,001.85594940,000.91144311,000.29
Tournament (k=2),Blend,Uniform,0.68096,0.21153,000.48418045,002.60499907,003.05571747,001.16877162,000.33
Tournament (k=3),Arithmetic,Gaussian,0.45020,0.27490,000.00530243,000.06964107,000.07661057,000.16543606,000.33
Tournament (k=3),Arithmetic,Gaussian,0.53756,0.03378,000.00000000,000.00779982,000.00844765,000.02578396,000.20
Tournament (k=3),Arithmetic,Gaussian,0.49195,0.05228,000.00000000,000.00345445,000.00319672,000.01701310,000.25
Tournament (k=2),Blend,Uniform,0.49195,0.27490,000.31303406,002.67018199,003.01371002,001.46017432,000.33
Tournament (k=2),Blend,Uniform,0.86261,0.08092,000.00076294,000.47073403,000.45192146,000.83598113,000.26
Tournament (k=2),Blend,Uniform,0.68096,0.02837,000.00000000,000.00218816,000.00000572,000.37338728,000.23
Tournament (k=3),Arithmetic,Gaussian,0.57030,0.03095,000.00000000,000.00422964,000.00366592,000.02557370,000.19
Tournament (k=2),Blend,Uniform,0.50670,0.05705,000.00000000,000.00006342,000.00001144,000.05033317,000.21
Tournament (k=2),Blend,Uniform,0.97087,0.02837,000.00000000,000.09876843,000.00043869,000.54777348,000.24
Tournament (k=2),Blend,Uniform,0.88849,0.06226,000.00000000,000.03438792,000.01511955,000.35827234,000.26
Tournament (k=3),Arithmetic,Gaussian,0.55369,0.16276,000.00000000,000.00013380,000.00012207,000.00126542,000.32
Tournament (k=2),Blend,Uniform,0.64187,0.25191,000.42584610,002.93548584,003.37136841,001.51439345,000.33
Tournament (k=2),Blend,Uniform,0.62318,0.04023,000.00000000,000.00006719,000.00000572,000.19612063,000.21
Tournament (k=2),Blend,Uniform,0.70139,0.04023,000.00000000,000.00004492,000.00000000,000.33381531,000.21
Tournament (k=2),Blend,Uniform,0.52190,0.09637,000.00022507,000.08875084,000.04973984,000.40240949,000.24
Tournament (k=2),Blend,Uniform,0.81310,0.08092,000.00344849,000.30851287,000.26071930,000.74243057,000.27
Tournament (k=2),Blend,Uniform,0.72243,0.02599,000.00000000,000.01005230,000.00000000,000.45966738,000.22
Tournament (k=2),Blend,Uniform,0.60503,0.02382,000.00000000,000.07644782,000.00052071,000.45628735,000.22
Tournament (k=3),Arithmetic,Gaussian,0.47762,0.03378,000.00000000,000.00791879,000.00683975,000.07862868,000.23
Tournament (k=2),Blend,Uniform,0.76642,0.09637,000.01308060,000.62789643,000.82110977,000.73565400,000.28
Tournament (k=3),Arithmetic,Gaussian,0.55369,0.05705,000.00000000,000.00221815,000.00224113,000.01107227,000.22
Tournament (k=2),Blend,Uniform,0.83749,0.05228,000.00000000,000.00129247,000.00001907,000.20441414,000.22
Tournament (k=3),Arithmetic,Gaussian,0.45020,0.03095,000.00000381,000.00886636,000.00807953,000.03459500,000.19
Tournament (k=3),Arithmetic,Gaussian,0.57030,0.09637,000.00000000,000.00052767,000.00049210,000.00251262,000.29
Tournament (k=2),Blend,Uniform,0.72243,0.09637,000.00299072,000.49782482,000.55245399,000.73528159,000.26
Tournament (k=2),Blend,Uniform,0.81310,0.25191,000.19300842,003.60966921,004.25885201,001.54081821,000.37
Tournament (k=2),Blend,Uniform,0.78941,0.13667,000.20273590,001.95985830,002.45361137,001.13493395,000.40
Tournament (k=3),Arithmetic,Gaussian,0.46371,0.05228,000.00000000,000.00416279,000.00506020,000.01349047,000.21
Tournament (k=3),Arithmetic,Gaussian,0.47762,0.27490,000.00181580,000.06117830,000.06801987,000.14081666,000.42
Tournament (k=2),Blend,Uniform,0.62318,0.04390,000.00000000,000.00001516,000.00000000,000.24433613,000.30
Tournament (k=3),Arithmetic,Gaussian,0.57030,0.30000,000.00441742,000.13492413,000.18015099,000.29359999,000.36
Tournament (k=3),Arithmetic,Gaussian,0.43709,0.16276,000.00000000,000.00025592,000.00024796,000.00176365,000.28
Tournament (k=2),Blend,Uniform,0.81310,0.02837,000.00000000,000.00020008,000.00000000,000.31245691,000.20
Tournament (k=3),Arithmetic,Gaussian,0.45020,0.03378,000.00000000,000.01057529,000.00810623,000.05147782,000.20
Tournament (k=2),Blend,Uniform,0.72243,0.02837,000.00000000,000.00075827,000.00000000,000.44547072,000.26
Tournament (k=3),Arithmetic,Gaussian,0.42436,0.02837,000.00000381,000.01587973,000.01797676,000.11408466,000.23
Tournament (k=2),Blend,Uniform,0.58741,0.08830,000.00006104,000.04525118,000.03282547,000.41373500,000.24
Tournament (k=2),Blend,Uniform,0.76642,0.30000,000.43824387,003.28362727,003.76565552,001.63242924,000.35
Tournament (k=2),Blend,Uniform,0.68096,0.23084,000.23403168,002.77018237,003.00628471,001.30560529,000.54
Tournament (k=3),Arithmetic,Gaussian,0.58741,0.05705,000.00000000,000.00298281,000.00290680,000.00824606,000.27
Tournament (k=3),Arithmetic,Gaussian,0.45020,0.08830,000.00000000,000.00083032,000.00084877,000.00432525,000.29
Tournament (k=3),Arithmetic,Gaussian,0.58741,0.17762,000.00000763,000.00042591,000.00041580,000.00221609,000.31
Tournament (k=2),Blend,Uniform,1.00000,0.16276,000.59795761,003.07442045,003.51812363,001.26053154,000.37
Tournament (k=2),Blend,Uniform,0.88849,0.06795,000.00000381,000.09094763,000.05488586,000.55851525,000.48
Tournament (k=2),Blend,Uniform,0.91514,0.02382,000.00000000,000.17836699,000.00050545,000.60649681,000.21
Tournament (k=2),Blend,Uniform,0.72243,0.23084,000.88876343,002.91758776,003.42631912,001.33031595,000.33
Tournament (k=2),Blend,Uniform,0.86261,0.25191,001.03456116,003.40855026,003.81827354,001.19210160,000.35
Tournament (k=3),Arithmetic,Gaussian,0.53756,0.30000,000.00302124,000.13658242,000.16485405,000.26790118,000.46
Tournament (k=3),Arithmetic,Gaussian,0.40000,0.02599,000.00000000,000.01489620,000.01575470,000.11126189,000.18
Tournament (k=3),Arithmetic,Gaussian,0.52190,0.05228,000.00000000,000.00336881,000.00355530,000.01016601,000.25
Tournament (k=2),Blend,Uniform,0.76642,0.02382,000.00000000,000.00861583,000.00000000,000.39102119,000.20
Tournament (k=3),Arithmetic,Gaussian,0.57030,0.10516,000.00000000,000.00051222,000.00060081,000.00211948,000.33
Tournament (k=2),Blend,Uniform,0.94259,0.05705,000.00000000,000.00879631,000.00193405,000.31905505,000.24
Tournament (k=2),Blend,Uniform,0.74410,0.04390,000.00000000,000.00010424,000.00000191,000.31328255,000.24
Tournament (k=3),Arithmetic,Gaussian,0.43709,0.04791,000.00000763,000.00415654,000.00338554,000.02434835,000.24
Tournament (k=3),Arithmetic,Gaussian,0.50670,0.03686,000.00000000,000.00642395,000.00614166,000.02137319,000.20
Tournament (k=3),Arithmetic,Gaussian,0.40000,0.08830,000.00000000,000.00092263,000.00095940,000.00551809,000.28
Tournament (k=3),Arithmetic,Gaussian,0.47762,0.08830,000.00000000,000.00096698,000.00063515,000.00388753,000.24
Tournament (k=2),Blend,Uniform,0.70139,0.14915,000.16873550,001.70694697,001.97110558,000.99337763,000.31
Tournament (k=2),Blend,Uniform,0.64187,0.08092,000.00000000,000.03665442,000.01944542,000.42557809,000.23
Tournament (k=3),Arithmetic,Gaussian,0.60503,0.03378,000.00000000,000.00959873,000.01235771,000.02999284,000.23
Tournament (k=2),Blend,Uniform,0.86261,0.02599,000.00000000,000.00132289,000.00000000,000.45098463,000.23
Tournament (k=2),Blend,Uniform,0.76642,0.02599,000.00000000,000.07755446,000.00000954,000.47381335,000.20
Tournament (k=2),Blend,Uniform,0.91514,0.08092,000.00547028,000.41542044,000.40950584,000.73876977,000.26
Tournament (k=2),Blend,Uniform,0.91514,0.25191,001.66990662,003.79672098,004.36365509,001.54048312,000.37
Tournament (k=3),Arithmetic,Gaussian,0.50670,0.09637,000.00000000,000.00064569,000.00069618,000.00387696,000.29
Tournament (k=3),Arithmetic,Gaussian,0.60503,0.10516,000.00000000,000.00056357,000.00063133,000.00259617,000.33
Tournament (k=2),Blend,Uniform,0.94259,0.14915,000.65412903,002.49410129,002.86058235,001.11434269,000.30
Tournament (k=3),Arithmetic,Gaussian,0.50670,0.04023,000.00000000,000.00598912,000.00709534,000.02232340,000.20
Tournament (k=3),Arithmetic,Gaussian,0.49195,0.17762,000.00001526,000.00044451,000.00043869,000.00477829,000.30
Tournament (k=3),Arithmetic,Gaussian,0.46371,0.14915,000.00000381,000.00019312,000.00021362,000.00104091,000.34
Tournament (k=3),Arithmetic,Gaussian,0.43709,0.05228,000.00000381,000.00438142,000.00373268,000.01894808,000.24
Tournament (k=3),Arithmetic,Gaussian,0.42436,0.09637,000.00000000,000.00099735,000.00099945,000.00316841,000.24
Tournament (k=3),Arithmetic,Gaussian,0.53756,0.09637,000.00000000,000.00061898,000.00062752,000.00216648,000.25
Tournament (k=2),Blend,Uniform,0.72243,0.25191,001.10569763,003.19807959,003.67721939,001.50704134,000.38
Tournament (k=3),Arithmetic,Gaussian,0.62318,0.02000,000.00000000,000.02562466,000.02580452,000.19880778,000.21
Tournament (k=3),Arithmetic,Gaussian,0.52190,0.05705,000.00000000,000.00235887,000.00221062,000.01360216,000.36
Tournament (k=2),Blend,Uniform,0.88849,0.17762,000.80430984,002.76683068,003.09665680,001.13310993,000.30
Tournament (k=3),Arithmetic,Gaussian,0.47762,0.09637,000.00000000,000.00071239,000.00057602,000.00440095,000.29
Tournament (k=3),Arithmetic,Gaussian,0.53756,0.03686,000.00001526,000.00725837,000.00699806,000.03009039,000.20
Tournament (k=2),Blend,Uniform,0.97087,0.08830,000.11222076,001.16398263,001.46932411,000.98806351,000.32
Tournament (k=3),Arithmetic,Gaussian,0.40000,0.27490,000.00123596,000.05842338,000.06849861,000.19866899,000.40
Tournament (k=3),Arithmetic,Gaussian,0.57030,0.03378,000.00000000,000.00512457,000.00427818,000.04370353,000.20
Tournament (k=3),Arithmetic,Gaussian,0.49195,0.05705,000.00000000,000.00325551,000.00281525,000.01917006,000.25
Tournament (k=2),Blend,Uniform,0.60503,0.17762,000.04875565,002.05596900,002.31454086,001.09952927,000.31
Tournament (k=2),Blend,Uniform,0.86261,0.08830,000.01248932,000.67067611,000.73513222,000.81872737,000.27
Tournament (k=3),Arithmetic,Gaussian,0.50670,0.30000,000.00351715,000.07414021,000.08431625,000.19409813,000.42
Tournament (k=3),Arithmetic,Gaussian,0.62318,0.06226,000.00001144,000.00211782,000.00219345,000.01239012,000.27
Tournament (k=3),Arithmetic,Gaussian,0.45020,0.30000,000.00537872,000.09846859,000.11457443,000.24714181,000.34
Tournament (k=2),Blend,Uniform,0.97087,0.03095,000.00000000,000.07100081,000.00002289,000.50994790,000.25
Tournament (k=2),Blend,Uniform,0.70139,0.04390,000.00000000,000.00000739,000.00000000,000.19531749,000.22
Tournament (k=3),Arithmetic,Gaussian,0.41200,0.13667,000.00000000,000.00022793,000.00022507,000.00118040,000.27
Tournament (k=2),Blend,Uniform,0.49195,0.30000,000.06323242,002.61328554,003.11330986,001.35513723,000.34
Tournament (k=3),Arithmetic,Gaussian,0.53756,0.04023,000.00002289,000.00439358,000.00484085,000.01791602,000.21
Tournament (k=3),Arithmetic,Gaussian,0.55369,0.17762,000.00000000,000.00040574,000.00046158,000.00204846,000.31
Tournament (k=3),Arithmetic,Gaussian,0.42436,0.27490,000.00051498,000.05668650,000.06722260,000.13025266,000.33
Tournament (k=2),Blend,Uniform,0.81310,0.08830,000.01612854,000.42504993,000.40550613,000.75136167,000.27
Tournament (k=3),Arithmetic,Gaussian,0.46371,0.16276,000.00000000,000.00020976,000.00017166,000.00084600,000.41
Tournament (k=3),Arithmetic,Gaussian,0.47762,0.03686,000.00000000,000.00589299,000.00618362,000.04687778,000.24
Tournament (k=3),Arithmetic,Gaussian,0.57030,0.03686,000.00000000,000.00725203,000.00844955,000.02804619,000.23
Tournament (k=3),Arithmetic,Gaussian,0.62318,0.19383,000.00001526,000.00142326,000.00145340,000.00589327,000.38
Tournament (k=2),Blend,Uniform,0.76642,0.10516,000.04251099,000.89162540,001.20183182,000.75216919,000.27
Tournament (k=3),Arithmetic,Gaussian,0.49195,0.06226,000.00000000,000.00233316,000.00262260,000.00721763,000.27
Tournament (k=2),Blend,Uniform,0.88849,0.19383,000.84493256,003.11067724,003.61550903,001.26150692,000.35
Tournament (k=3),Arithmetic,Gaussian,0.58741,0.02000,000.00000000,000.03709631,000.03627014,000.22021669,000.18
Tournament (k=3),Arithmetic,Gaussian,0.46371,0.05705,000.00000000,000.00289187,000.00281525,000.01185043,000.21
Tournament (k=3),Arithmetic,Gaussian,0.64187,0.03686,000.00000763,000.00805573,000.00717545,000.02630013,000.21
Tournament (k=2),Blend,Uniform,0.86261,0.09637,000.04899597,001.02614367,001.22448349,000.88502693,000.29
Tournament (k=2),Blend,Uniform,0.60503,0.19383,000.11701965,002.16986084,002.42778969,001.01622784,000.34
Tournament (k=2),Blend,Uniform,0.78941,0.14915,000.26173401,002.19403267,002.61286163,001.01701248,000.31
Tournament (k=3),Arithmetic,Gaussian,0.53756,0.04390,000.00000000,000.00477257,000.00507545,000.02803753,000.24
Tournament (k=3),Arithmetic,Gaussian,0.45020,0.03686,000.00000000,000.00667887,000.00726891,000.02240657,000.20
Tournament (k=2),Blend,Uniform,0.81310,0.27490,001.10174179,003.61604881,003.97953415,001.58828521,000.35
Tournament (k=3),Arithmetic,Gaussian,0.52190,0.16276,000.00000000,000.00016007,000.00016594,000.00054481,000.36
Tournament (k=3),Arithmetic,Gaussian,0.43709,0.17762,000.00000763,000.00040264,000.00043869,000.00151169,000.30
Tournament (k=2),Blend,Uniform,0.72243,0.03095,000.00000000,000.00014129,000.00000000,000.34760532,000.23
Tournament (k=3),Arithmetic,Gaussian,0.42436,0.03095,000.00000000,000.00834007,000.00551987,000.04267644,000.23
Tournament (k=2),Blend,Uniform,0.78941,0.02000,000.00000000,000.08897567,000.00000000,000.49302176,000.23
Tournament (k=2),Blend,Uniform,0.58741,0.09637,000.00096893,000.09394164,000.08316231,000.44229582,000.26
Tournament (k=3),Arithmetic,Gaussian,0.58741,0.02183,000.00000000,000.01626277,000.01618004,000.16726474,000.19
Tournament (k=3),Arithmetic,Gaussian,0.58741,0.06226,000.00000381,000.00215039,000.00240326,000.01228084,000.24
Tournament (k=3),Arithmetic,Gaussian,0.46371,0.06226,000.00000000,000.00291262,000.00344467,000.00990175,000.23
Tournament (k=3),Arithmetic,Gaussian,0.47762,0.30000,000.00228119,000.11330347,000.13092804,000.23534042,000.44
Tournament (k=3),Arithmetic,Gaussian,0.64187,0.04023,000.00000000,000.00553589,000.00580025,000.02540876,000.22
Tournament (k=3),Arithmetic,Gaussian,0.45020,0.09637,000.00000000,000.00070357,000.00068665,000.00262580,000.30
Tournament (k=2),Blend,Uniform,0.68096,0.25191,000.51590729,003.02039719,003.37319756,001.34551227,000.36
Tournament (k=2),Blend,Uniform,0.91514,0.02599,000.00000000,000.00141697,000.00001144,000.56409764,000.21
Tournament (k=3),Arithmetic,Gaussian,0.40000,0.02837,000.00000000,000.01129608,000.01191902,000.07814217,000.18
Tournament (k=3),Arithmetic,Gaussian,0.58741,0.19383,000.00003052,000.00193381,000.00197983,000.01404310,000.37
Tournament (k=2),Blend,Uniform,0.88849,0.07415,000.00001526,000.33111954,000.27424240,000.69783926,000.27
Tournament (k=2),Blend,Uniform,1.00000,0.05228,000.00000000,000.00821710,000.00125885,000.34574133,000.26
Tournament (k=2),Blend,Uniform,0.86261,0.10516,000.02460480,001.37728596,001.66524124,000.95105445,000.29
Tournament (k=2),Blend,Uniform,0.94259,0.06226,000.00000000,000.04530682,000.01363754,000.39951003,000.23
Tournament (k=3),Arithmetic,Gaussian,0.64187,0.11476,000.00000000,000.00026684,000.00025177,000.00163549,000.27
Tournament (k=2),Blend,Uniform,0.74410,0.04791,000.00000000,000.00034790,000.00000000,000.28809911,000.23
Tournament (k=2),Blend,Uniform,0.78941,0.05228,000.00000000,000.00056591,000.00000763,000.31424186,000.23
Tournament (k=2),Blend,Uniform,0.60503,0.21153,000.40265274,002.50289464,003.01842499,001.20827711,000.36
Tournament (k=3),Arithmetic,Gaussian,0.41200,0.04390,000.00000000,000.00569773,000.00456238,000.01502157,000.24
Tournament (k=3),Arithmetic,Gaussian,0.57030,0.11476,000.00000000,000.00031681,000.00031090,000.00256098,000.32
Tournament (k=3),Arithmetic,Gaussian,0.52190,0.17762,000.00000000,000.00056043,000.00056267,000.00192936,000.36
Tournament (k=3),Arithmetic,Gaussian,0.40000,0.09637,000.00000000,000.00080285,000.00062943,000.00400903,000.28
Tournament (k=2),Blend,Uniform,0.81310,0.30000,000.39538574,003.73394251,004.41454697,001.74101400,000.37
Tournament (k=3),Arithmetic,Gaussian,0.60503,0.03686,000.00000000,000.00686646,000.00647736,000.03128066,000.21
Tournament (k=2),Blend,Uniform,0.76642,0.02837,000.00000000,000.00026183,000.00000000,000.40182871,000.20
Tournament (k=2),Blend,Uniform,0.83749,0.12524,000.25685501,001.80015969,001.99807358,000.90333897,000.30
Tournament (k=2),Blend,Uniform,0.86261,0.02837,000.00000000,000.00188284,000.00001144,000.40161595,000.23
Tournament (k=2),Blend,Uniform,0.70139,0.16276,000.19482803,001.90532565,002.29830551,001.11509573,000.31
Tournament (k=2),Blend,Uniform,0.91514,0.08830,000.02509689,000.88368636,001.18615150,000.84124064,000.25
Tournament (k=3),Arithmetic,Gaussian,0.66113,0.02183,000.00000381,000.02404342,000.02649117,000.18728663,000.18
Tournament (k=2),Blend,Uniform,0.97087,0.30000,001.32257080,004.46335506,005.02956772,001.56763697,000.34
Tournament (k=2),Blend,Uniform,0.94259,0.06795,000.00011063,000.16132589,000.14118195,000.64695704,000.26
Tournament (k=2),Blend,Uniform,0.74410,0.05228,000.00000000,000.00009608,000.00000000,000.30202883,000.24
Tournament (k=3),Arithmetic,Gaussian,0.50670,0.10516,000.00000000,000.00054836,000.00057983,000.00216998,000.30
Tournament (k=3),Arithmetic,Gaussian,0.62318,0.02183,000.00000000,000.01996336,000.01963615,000.17070766,000.18
Tournament (k=3),Arithmetic,Gaussian,0.60503,0.11476,000.00000000,000.00019283,000.00016785,000.00210267,000.31
Tournament (k=3),Arithmetic,Gaussian,0.42436,0.10516,000.00000000,000.00062370,000.00056648,000.00293130,000.25
Tournament (k=3),Arithmetic,Gaussian,0.64187,0.12524,000.00000000,000.00011606,000.00007820,000.00093460,000.30
Tournament (k=2),Blend,Uniform,0.91514,0.27490,000.43727112,004.04572678,004.65330505,001.62003553,000.36
Tournament (k=2),Blend,Uniform,0.57030,0.02000,000.00000000,000.07097521,000.00048256,000.57602870,000.21
Tournament (k=2),Blend,Uniform,0.76642,0.03095,000.00000000,000.00149412,000.00000000,000.40057042,000.23
Tournament (k=3),Arithmetic,Gaussian,0.52190,0.06226,000.00000000,000.00223589,000.00184059,000.01192919,000.26
Tournament (k=2),Blend,Uniform,0.52190,0.10516,000.00075531,000.21167174,000.21105194,000.53575820,000.24
Tournament (k=3),Arithmetic,Gaussian,0.53756,0.10516,000.00000000,000.00028944,000.00027466,000.00160789,000.30
Tournament (k=2),Blend,Uniform,0.60503,0.23084,000.18283463,002.37358284,002.86014748,001.31603408,000.34
Tournament (k=2),Blend,Uniform,0.72243,0.27490,000.62511826,003.12088132,003.60599136,001.64434838,000.32
Tournament (k=3),Arithmetic,Gaussian,0.55369,0.06226,000.00000381,000.00210528,000.00174713,000.00896341,000.22
Tournament (k=2),Blend,Uniform,0.97087,0.09637,000.18156052,001.25842690,001.48951721,000.90972990,000.28
Tournament (k=2),Blend,Uniform,0.83749,0.05705,000.00000000,000.00268879,000.00021553,000.31227443,000.23
Tournament (k=3),Arithmetic,Gaussian,0.46371,0.02000,000.00000000,000.02510133,000.02948761,000.17571710,000.17
Tournament (k=2),Blend,Uniform,0.83749,0.13667,000.28544617,002.10414672,002.43684196,001.11845767,000.32
Tournament (k=3),Arithmetic,Gaussian,0.66113,0.06795,000.00000000,000.00153193,000.00131226,000.00934522,000.22
Tournament (k=3),Arithmetic,Gaussian,0.52190,0.02000,000.00000000,000.03167272,000.03424072,000.21863623,000.21
Tournament (k=2),Blend,Uniform,0.70139,0.04791,000.00000000,000.00003610,000.00000000,000.23636770,000.22
Tournament (k=2),Blend,Uniform,0.97087,0.03378,000.00000000,000.08410096,000.00187111,000.46537152,000.24
Tournament (k=2),Blend,Uniform,0.57030,0.02183,000.00000000,000.06766615,000.00026321,000.52407640,000.19
Tournament (k=3),Arithmetic,Gaussian,0.50670,0.11476,000.00000000,000.00038772,000.00040436,000.00127693,000.29
Tournament (k=2),Blend,Uniform,0.76642,0.03378,000.00000000,000.00011191,000.00000000,000.34885514,000.22
Tournament (k=3),Arithmetic,Gaussian,0.47762,0.04023,000.00001144,000.00792089,000.00740433,000.02498857,000.24
Tournament (k=3),Arithmetic,Gaussian,0.40000,0.30000,000.00420380,000.11307206,000.13178062,000.24491417,000.41
Tournament (k=3),Arithmetic,Gaussian,0.41200,0.14915,000.00000000,000.00026903,000.00029373,000.00085515,000.33
Tournament (k=2),Blend,Uniform,0.81310,0.09637,000.02930450,000.72914094,000.89289093,000.78229409,000.28
Tournament (k=3),Arithmetic,Gaussian,0.68096,0.04023,000.00000763,000.00540457,000.00619698,000.01793581,000.24
Tournament (k=3),Arithmetic,Gaussian,0.66113,0.07415,000.00000000,000.00121598,000.00095367,000.00524733,000.23
Tournament (k=3),Arithmetic,Gaussian,0.66113,0.21153,000.00006866,000.00710087,000.00730896,000.01580364,000.38
Tournament (k=3),Arithmetic,Gaussian,0.52190,0.02183,000.00000763,000.02262340,000.02728271,000.12121239,000.23
Tournament (k=3),Arithmetic,Gaussian,0.42436,0.30000,000.00766754,000.10242791,000.12242508,000.25152466,000.35
Tournament (k=3),Arithmetic,Gaussian,0.49195,0.06795,000.00000000,000.00124722,000.00137329,000.00493235,000.27
Tournament (k=3),Arithmetic,Gaussian,0.45020,0.04023,000.00000000,000.00579596,000.00499916,000.02738332,000.20
Tournament (k=3),Arithmetic,Gaussian,0.46371,0.17762,000.00000763,000.00050468,000.00050735,000.00230838,000.36
Tournament (k=3),Arithmetic,Gaussian,0.53756,0.04791,000.00000000,000.00309019,000.00303650,000.01146650,000.21
Tournament (k=2),Blend,Uniform,0.70139,0.05228,000.00000000,000.00006375,000.00000763,000.31842291,000.23
Tournament (k=3),Arithmetic,Gaussian,0.70139,0.02382,000.00000000,000.01184502,000.00966644,000.06974980,000.19
Tournament (k=2),Blend,Uniform,0.72243,0.30000,000.50347137,003.83669424,004.33703232,001.64822030,000.35
Tournament (k=2),Blend,Uniform,0.83749,0.14915,000.17790985,002.33151126,002.63615036,001.05947256,000.34
Tournament (k=2),Blend,Uniform,0.88849,0.21153,000.37285614,003.27172661,003.73024368,001.39150918,000.35
Tournament (k=3),Arithmetic,Gaussian,0.62318,0.21153,000.00005341,000.00566449,000.00590706,000.02534584,000.39
Tournament (k=3),Arithmetic,Gaussian,0.42436,0.03378,000.00000000,000.01123991,000.01236153,000.10128970,000.22
Tournament (k=3),Arithmetic,Gaussian,0.70139,0.07415,000.00000000,000.00119305,000.00119209,000.00709672,000.28
Tournament (k=3),Arithmetic,Gaussian,0.68096,0.04390,000.00000000,000.00332913,000.00323296,000.01544417,000.23
Tournament (k=3),Arithmetic,Gaussian,0.43709,0.02000,000.00000000,000.02975750,000.02041245,000.28218916,000.22
Tournament (k=3),Arithmetic,Gaussian,0.43709,0.19383,000.00003052,000.00162115,000.00171661,000.00675268,000.32
Tournament (k=3),Arithmetic,Gaussian,0.46371,0.06795,000.00000381,000.00205622,000.00211906,000.00892353,000.21
Tournament (k=3),Arithmetic,Gaussian,0.64187,0.04390,000.00000000,000.00346365,000.00310516,000.03982024,000.21
Tournament (k=3),Arithmetic,Gaussian,0.49195,0.02000,000.00000000,000.02376170,000.02308083,000.21069072,000.22
Tournament (k=3),Arithmetic,Gaussian,0.68096,0.12524,000.00000000,000.00011506,000.00009727,000.00083780,000.39
Tournament (k=3),Arithmetic,Gaussian,0.40000,0.03095,000.00000000,000.01109118,000.00998116,000.06424696,000.18
Tournament (k=3),Arithmetic,Gaussian,0.58741,0.06795,000.00000000,000.00138502,000.00119781,000.00688333,000.26
Tournament (k=2),Blend,Uniform,0.58741,0.10516,000.00184250,000.43603164,000.40946579,000.70058030,000.27
Tournament (k=2),Blend,Uniform,0.91514,0.02837,000.00000000,000.05351524,000.00011253,000.46683159,000.21
Tournament (k=2),Blend,Uniform,0.86261,0.27490,000.33917999,003.60565948,004.09360313,001.66301036,000.37
Tournament (k=3),Arithmetic,Gaussian,0.66113,0.08092,000.00000000,000.00057416,000.00067329,000.00345566,000.32
Tournament (k=3),Arithmetic,Gaussian,0.45020,0.10516,000.00000000,000.00043707,000.00043106,000.00289153,000.30
Tournament (k=3),Arithmetic,Gaussian,0.72243,0.04390,000.00000000,000.00437870,000.00509644,000.02076095,000.24
Tournament (k=2),Blend,Uniform,1.00000,0.05705,000.00000000,000.04664326,000.00699425,000.38252148,000.26
Tournament (k=3),Arithmetic,Gaussian,0.70139,0.23084,000.00011063,000.01798801,000.02063942,000.05075868,000.38
Tournament (k=2),Blend,Uniform,0.68096,0.27490,000.64871979,003.05253553,003.45468140,001.37540483,000.34
Tournament (k=3),Arithmetic,Gaussian,0.58741,0.21153,000.00025177,000.00638781,000.00722122,000.01849936,000.31
Tournament (k=2),Blend,Uniform,0.86261,0.11476,000.03962708,001.58648133,001.87491226,001.01130044,000.28
Tournament (k=3),Arithmetic,Gaussian,0.41200,0.04791,000.00000000,000.00422516,000.00395393,000.02305920,000.20
Tournament (k=2),Blend,Uniform,0.78941,0.05705,000.00000000,000.00100374,000.00007439,000.33133915,000.22
Tournament (k=3),Arithmetic,Gaussian,0.40000,0.03378,000.00000000,000.00861311,000.00980949,000.05033962,000.19
Tournament (k=3),Arithmetic,Gaussian,0.49195,0.02183,000.00000000,000.01778717,000.01528168,000.20618230,000.23
Tournament (k=3),Arithmetic,Gaussian,0.43709,0.05705,000.00000000,000.00315099,000.00295067,000.01664250,000.25
Tournament (k=2),Blend,Uniform,0.94259,0.16276,001.03154755,002.70905948,003.15568161,001.15907228,000.31
Tournament (k=3),Arithmetic,Gaussian,0.70139,0.08092,000.00000000,000.00070381,000.00071907,000.00297206,000.29
Tournament (k=3),Arithmetic,Gaussian,0.40000,0.10516,000.00000000,000.00051661,000.00049782,000.00472910,000.27
Tournament (k=3),Arithmetic,Gaussian,0.58741,0.07415,000.00000000,000.00137911,000.00168991,000.00481110,000.29
Tournament (k=3),Arithmetic,Gaussian,0.49195,0.19383,000.00006104,000.00190187,000.00204659,000.00502144,000.34
Tournament (k=3),Arithmetic,Gaussian,0.68096,0.13667,000.00000000,000.00009365,000.00008392,000.00124959,000.34
Tournament (k=3),Arithmetic,Gaussian,0.60503,0.04023,000.00000000,000.00562210,000.00550079,000.02512184,000.24
Tournament (k=3),Arithmetic,Gaussian,0.66113,0.08830,000.00000000,000.00066733,000.00056458,000.00327760,000.29
Tournament (k=3),Arithmetic,Gaussian,0.66113,0.02382,000.00000000,000.01185322,000.01047516,000.06652116,000.18
Tournament (k=2),Blend,Uniform,0.86261,0.03095,000.00000000,000.01925883,000.00001907,000.50631791,000.23
Tournament (k=2),Blend,Uniform,1.00000,0.02000,000.00000000,000.20588899,000.00133896,000.54153347,000.20
Tournament (k=3),Arithmetic,Gaussian,0.52190,0.19383,000.00001526,000.00107923,000.00107956,000.00747575,000.37
Tournament (k=3),Arithmetic,Gaussian,0.47762,0.10516,000.00000000,000.00053453,000.00053596,000.00362187,000.27
Tournament (k=3),Arithmetic,Gaussian,0.62318,0.02382,000.00000000,000.01846676,000.01922417,000.15485366,000.18
Tournament (k=2),Blend,Uniform,0.91514,0.09637,000.01336670,001.05604482,001.25687027,000.81296098,000.26
Tournament (k=2),Blend,Uniform,0.74410,0.05705,000.00000000,000.00061574,000.00001907,000.27918085,000.25
Tournament (k=3),Arithmetic,Gaussian,0.62318,0.06795,000.00000000,000.00188050,000.00202942,000.00446453,000.27
Tournament (k=3),Arithmetic,Gaussian,0.72243,0.13667,000.00000000,000.00006452,000.00004959,000.00211740,000.33
Tournament (k=2),Blend,Uniform,0.86261,0.12524,000.04421234,001.77782702,002.15436745,001.08851767,000.31
Tournament (k=3),Arithmetic,Gaussian,0.42436,0.11476,000.00000000,000.00042725,000.00029755,000.00193068,000.25
Tournament (k=2),Blend,Uniform,0.81310,0.03095,000.00000000,000.00083103,000.00000763,000.42314276,000.21
Tournament (k=3),Arithmetic,Gaussian,0.64187,0.13667,000.00000000,000.00011940,000.00011826,000.00077276,000.28
Tournament (k=3),Arithmetic,Gaussian,0.60503,0.12524,000.00000000,000.00013814,000.00013351,000.00079723,000.32
Tournament (k=3),Arithmetic,Gaussian,0.57030,0.04023,000.00000000,000.00488944,000.00491714,000.05786282,000.20
Tournament (k=3),Arithmetic,Gaussian,0.60503,0.04390,000.00000000,000.00687060,000.00660515,000.08619518,000.23
Tournament (k=3),Arithmetic,Gaussian,0.74410,0.02599,000.00000381,000.01064496,000.01023293,000.14211734,000.22
Tournament (k=3),Arithmetic,Gaussian,0.62318,0.02599,000.00003052,000.01643114,000.01508331,000.12508009,000.19
Tournament (k=2),Blend,Uniform,1.00000,0.02183,000.00000000,000.13440189,000.00059319,000.60093325,000.21
Tournament (k=3),Arithmetic,Gaussian,0.52190,0.06795,000.00000000,000.00174899,000.00166130,000.00778633,000.27
Tournament (k=2),Blend,Uniform,0.91514,0.30000,001.72821045,004.28977299,005.05496216,001.68783331,000.36
Tournament (k=3),Arithmetic,Gaussian,0.53756,0.11476,000.00000000,000.00040398,000.00043488,000.00127213,000.31
Tournament (k=3),Arithmetic,Gaussian,0.47762,0.11476,000.00000000,000.00037746,000.00033569,000.00238187,000.26
Tournament (k=2),Blend,Uniform,0.97087,0.10516,000.22273254,001.68040061,001.89118767,000.91033566,000.29
Tournament (k=3),Arithmetic,Gaussian,0.49195,0.21153,000.00008011,000.00630913,000.00739479,000.01400870,000.37
Tournament (k=2),Blend,Uniform,0.97087,0.03686,000.00000000,000.01288342,000.00050354,000.42906055,000.24
Tournament (k=3),Arithmetic,Gaussian,0.55369,0.02000,000.00000000,000.02711253,000.02520561,000.20199272,000.22
Tournament (k=2),Blend,Uniform,0.81310,0.03378,000.00000000,000.02409196,000.00017166,000.49101883,000.22
Tournament (k=3),Arithmetic,Gaussian,0.47762,0.04390,000.00000000,000.00399208,000.00411987,000.01762585,000.24
Tournament (k=2),Blend,Uniform,1.00000,0.17762,000.72248459,003.07093859,003.36590958,001.35139489,000.35
Tournament (k=3),Arithmetic,Gaussian,0.58741,0.02382,000.00000000,000.02002163,000.01965904,000.09561034,000.19
Tournament (k=2),Blend,Uniform,0.78941,0.16276,000.17915726,002.44744635,002.65791893,001.07363415,000.33
Tournament (k=3),Arithmetic,Gaussian,0.52190,0.02382,000.00000000,000.01423101,000.01695442,000.05636363,000.22
Tournament (k=3),Arithmetic,Gaussian,0.57030,0.04390,000.00000000,000.00466042,000.00493622,000.01885502,000.23
Tournament (k=3),Arithmetic,Gaussian,0.62318,0.02837,000.00000000,000.01227617,000.01107216,000.03665195,000.21
Tournament (k=3),Arithmetic,Gaussian,0.50670,0.12524,000.00000000,000.00021152,000.00022697,000.00079025,000.33
Tournament (k=2),Blend,Uniform,1.00000,0.02382,000.00000000,000.06786809,000.00112152,000.48370153,000.23
Tournament (k=3),Arithmetic,Gaussian,0.45020,0.04390,000.00001907,000.00539451,000.00616455,000.01733047,000.21
Tournament (k=3),Arithmetic,Gaussian,0.41200,0.16276,000.00000000,000.00027862,000.00031662,000.00111373,000.32
Tournament (k=3),Arithmetic,Gaussian,0.60503,0.13667,000.00000000,000.00015769,000.00014496,000.00088814,000.32
Tournament (k=3),Arithmetic,Gaussian,0.52190,0.07415,000.00000000,000.00115480,000.00143242,000.00708433,000.29
Tournament (k=3),Arithmetic,Gaussian,0.70139,0.02599,000.00000000,000.01589646,000.00816917,000.18985736,000.19
Tournament (k=3),Arithmetic,Gaussian,0.53756,0.05228,000.00001144,000.00360699,000.00308990,000.02106267,000.22
Tournament (k=3),Arithmetic,Gaussian,0.74410,0.08092,000.00000000,000.00053797,000.00056458,000.00330710,000.24
Tournament (k=3),Arithmetic,Gaussian,0.47762,0.12524,000.00000000,000.00023108,000.00021744,000.00100266,000.32
Tournament (k=3),Arithmetic,Gaussian,0.43709,0.02183,000.00000000,000.02250838,000.02194214,000.22490880,000.19
Tournament (k=3),Arithmetic,Gaussian,0.53756,0.12524,000.00000381,000.00036855,000.00033951,000.00204794,000.33
Tournament (k=3),Arithmetic,Gaussian,0.50670,0.04390,000.00000000,000.00581455,000.00652695,000.01553566,000.21
Tournament (k=3),Arithmetic,Gaussian,0.42436,0.03686,000.00000000,000.00655231,000.00678444,000.03666491,000.23
Tournament (k=3),Arithmetic,Gaussian,0.68096,0.04791,000.00000000,000.00517406,000.00507736,000.02858646,000.23
Tournament (k=3),Arithmetic,Gaussian,0.64187,0.04791,000.00000000,000.00499640,000.00453568,000.02877424,000.22
Tournament (k=3),Arithmetic,Gaussian,0.46371,0.19383,000.00001144,000.00148320,000.00162315,000.00348558,000.37
Tournament (k=2),Blend,Uniform,0.83749,0.16276,000.56726074,002.71456385,003.17152405,001.12771726,000.32
Tournament (k=2),Blend,Uniform,1.00000,0.02599,000.00000000,000.00707455,000.00028419,000.42430130,000.24
Tournament (k=2),Blend,Uniform,0.88849,0.23084,001.44256973,003.48591495,003.96781921,001.37878990,000.34
Tournament (k=3),Arithmetic,Gaussian,0.45020,0.04791,000.00000000,000.00413971,000.00344467,000.01625116,000.24
Tournament (k=3),Arithmetic,Gaussian,0.43709,0.21153,000.00006104,000.00523176,000.00619316,000.01640487,000.32
Tournament (k=3),Arithmetic,Gaussian,0.74410,0.25191,000.00495148,000.04094777,000.04659081,000.11951605,000.40
Tournament (k=2),Blend,Uniform,0.83749,0.02000,000.00000000,000.11798611,000.00007629,000.59245223,000.23
Tournament (k=3),Arithmetic,Gaussian,0.57030,0.12524,000.00000000,000.00012379,000.00010872,000.00054050,000.33
Tournament (k=3),Arithmetic,Gaussian,0.52190,0.08092,000.00000381,000.00137119,000.00132370,000.00685154,000.26
Tournament (k=3),Arithmetic,Gaussian,0.62318,0.23084,000.00046921,000.01745877,000.01763344,000.03511623,000.43
Tournament (k=3),Arithmetic,Gaussian,0.50670,0.04791,000.00000000,000.00358090,000.00419998,000.02937731,000.22
Tournament (k=3),Arithmetic,Gaussian,0.72243,0.04791,000.00002289,000.00304646,000.00297928,000.01661283,000.25
Tournament (k=2),Blend,Uniform,1.00000,0.06226,000.00001144,000.11666675,000.11128807,000.51845729,000.27
Tournament (k=3),Arithmetic,Gaussian,0.40000,0.03686,000.00000000,000.00606632,000.00584984,000.04972284,000.20
Tournament (k=3),Arithmetic,Gaussian,0.41200,0.05228,000.00000000,000.00351472,000.00302315,000.01606824,000.22
Tournament (k=3),Arithmetic,Gaussian,0.76642,0.04791,000.00000000,000.00352407,000.00358963,000.01332505,000.26
Tournament (k=3),Arithmetic,Gaussian,0.45020,0.11476,000.00000000,000.00039916,000.00036812,000.00288070,000.32
Tournament (k=2),Blend,Uniform,0.94259,0.07415,000.00019073,000.33672476,000.31657600,000.61238986,000.26
Tournament (k=2),Blend,Uniform,0.86261,0.30000,001.15754318,003.62703061,004.09447289,001.54710555,000.37
Tournament (k=2),Blend,Uniform,0.78941,0.06226,000.00000000,000.00138798,000.00014114,000.21351869,000.24
Tournament (k=3),Arithmetic,Gaussian,0.49195,0.02382,000.00000000,000.01672282,000.01811409,000.12544326,000.22
Tournament (k=3),Arithmetic,Gaussian,0.53756,0.13667,000.00000000,000.00012908,000.00014877,000.00122803,000.35
Tournament (k=3),Arithmetic,Gaussian,0.78941,0.02837,000.00000000,000.01363983,000.01457977,000.11431172,000.24
Tournament (k=3),Arithmetic,Gaussian,0.58741,0.23084,000.00055313,000.01939306,000.02138901,000.07315705,000.33
Tournament (k=3),Arithmetic,Gaussian,0.76642,0.14915,000.00000000,000.00009303,000.00009537,000.00106734,000.33
Tournament (k=3),Arithmetic,Gaussian,0.52190,0.08830,000.00000000,000.00068450,000.00076866,000.00306324,000.28
Tournament (k=3),Arithmetic,Gaussian,0.70139,0.08830,000.00000000,000.00079317,000.00069809,000.00320997,000.29
Tournament (k=3),Arithmetic,Gaussian,0.40000,0.11476,000.00000000,000.00064225,000.00063705,000.00224952,000.31
Tournament (k=3),Arithmetic,Gaussian,0.46371,0.02183,000.00000000,000.01596117,000.01738548,000.19628978,000.18
Tournament (k=3),Arithmetic,Gaussian,0.78941,0.08830,000.00000000,000.00076051,000.00062561,000.00394296,000.23
Tournament (k=2),Blend,Uniform,0.94259,0.17762,000.23169708,002.91095018,003.47751427,001.41503406,000.34
Tournament (k=2),Blend,Uniform,0.86261,0.03378,000.00000000,000.00076180,000.00000000,000.48207632,000.23
Tournament (k=3),Arithmetic,Gaussian,0.68096,0.14915,000.00000000,000.00008435,000.00006866,000.00083806,000.29
Tournament (k=3),Arithmetic,Gaussian,0.40000,0.04023,000.00000000,000.00696106,000.00735283,000.05498815,000.25
Tournament (k=3),Arithmetic,Gaussian,0.55369,0.19383,000.00001907,000.00167699,000.00169945,000.00452504,000.31
Tournament (k=2),Blend,Uniform,0.83749,0.06226,000.00000000,000.02442103,000.00613785,000.35647985,000.23
Tournament (k=3),Arithmetic,Gaussian,0.41200,0.05705,000.00002289,000.00299377,000.00313187,000.01248812,000.25
Tournament (k=2),Blend,Uniform,1.00000,0.06795,000.00000763,000.32142416,000.31760979,000.70931417,000.27
Tournament (k=2),Blend,Uniform,0.88849,0.02000,000.00000000,000.13390508,000.00093079,000.50027591,000.23
Tournament (k=3),Arithmetic,Gaussian,0.81310,0.05228,000.00000000,000.00241976,000.00231934,000.01111924,000.24
Tournament (k=3),Arithmetic,Gaussian,0.42436,0.12524,000.00000000,000.00033879,000.00034332,000.00251748,000.26
Tournament (k=3),Arithmetic,Gaussian,0.52190,0.21153,000.00007248,000.00603714,000.00653076,000.02215793,000.37
Tournament (k=3),Arithmetic,Gaussian,0.41200,0.02000,000.00002289,000.03094039,000.02775574,000.20700851,000.21
Tournament (k=3),Arithmetic,Gaussian,0.72243,0.14915,000.00000000,000.00005217,000.00004959,000.00063468,000.31
Tournament (k=3),Arithmetic,Gaussian,0.81310,0.16276,000.00000381,000.00027752,000.00022507,000.00311801,000.35
Tournament (k=3),Arithmetic,Gaussian,0.78941,0.27490,000.00184631,000.08392958,000.09401703,000.33628029,000.42
Tournament (k=3),Arithmetic,Gaussian,0.49195,0.07415,000.00001907,000.00164218,000.00164223,000.00872069,000.23
Tournament (k=3),Arithmetic,Gaussian,0.64187,0.14915,000.00000000,000.00008779,000.00008392,000.00132313,000.28
Tournament (k=2),Blend,Uniform,0.94259,0.02000,000.00000000,000.13459817,000.00064659,000.65921384,000.22
Tournament (k=3),Arithmetic,Gaussian,0.78941,0.09637,000.00000000,000.00037704,000.00043297,000.00210705,000.26
Tournament (k=3),Arithmetic,Gaussian,0.55369,0.02183,000.00000000,000.01446075,000.01594734,000.20078921,000.22
Tournament (k=2),Blend,Uniform,0.81310,0.03686,000.00000000,000.00022440,000.00000000,000.28081644,000.21
Tournament (k=2),Blend,Uniform,0.81310,0.10516,000.06695175,001.24107361,001.58621979,000.91040975,000.28
Tournament (k=2),Blend,Uniform,0.97087,0.04023,000.00000000,000.00450411,000.00061798,000.35869026,000.24
Tournament (k=3),Arithmetic,Gaussian,0.58741,0.02599,000.00000000,000.01189489,000.01075554,000.14849658,000.19
Tournament (k=2),Blend,Uniform,0.97087,0.11476,000.08029556,001.91758132,002.29265785,000.93693548,000.29
Tournament (k=2),Blend,Uniform,0.94259,0.19383,000.46091461,003.21118093,003.72125053,001.25695932,000.34
Tournament (k=2),Blend,Uniform,0.88849,0.02183,000.00000000,000.06580567,000.00005150,000.52611554,000.27
Tournament (k=3),Arithmetic,Gaussian,0.49195,0.23084,000.00009918,000.01548862,000.01727295,000.14600104,000.31
Tournament (k=3),Arithmetic,Gaussian,0.66113,0.23084,000.00174332,000.01649337,000.01940155,000.04148713,000.38
Tournament (k=3),Arithmetic,Gaussian,0.52190,0.02599,000.00000000,000.01355085,000.01248360,000.04735255,000.22
Tournament (k=3),Arithmetic,Gaussian,0.62318,0.03095,000.00000000,000.00965247,000.00883865,000.05085280,000.19
Tournament (k=2),Blend,Uniform,1.00000,0.19383,001.03405762,003.16508293,003.40652466,001.12344444,000.33
Tournament (k=3),Arithmetic,Gaussian,0.57030,0.04791,000.00000381,000.00421610,000.00440025,000.01569041,000.21
Tournament (k=3),Arithmetic,Gaussian,0.42436,0.13667,000.00000000,000.00035515,000.00034904,000.00223167,000.32
Tournament (k=3),Arithmetic,Gaussian,0.43709,0.02382,000.00000000,000.01993608,000.02156830,000.10497824,000.18
Tournament (k=3),Arithmetic,Gaussian,0.83749,0.03095,000.00000763,000.01361227,000.01449776,000.06411815,000.24
Tournament (k=2),Blend,Uniform,0.58741,0.11476,000.00230408,000.63356245,000.75344086,000.75852621,000.26
Tournament (k=2),Blend,Uniform,0.97087,0.04390,000.00000000,000.00139985,000.00014114,000.27808160,000.25
Tournament (k=3),Arithmetic,Gaussian,0.41200,0.17762,000.00000763,000.00049429,000.00056839,000.00165195,000.29
Tournament (k=2),Blend,Uniform,0.81310,0.11476,000.03979492,001.59581685,001.96623802,000.93767911,000.30
Tournament (k=3),Arithmetic,Gaussian,0.74410,0.08830,000.00000000,000.00048995,000.00050545,000.00295880,000.25
Tournament (k=3),Arithmetic,Gaussian,0.52190,0.23084,000.00003815,000.01397553,000.01504898,000.08411060,000.40
Tournament (k=3),Arithmetic,Gaussian,0.42436,0.04023,000.00000000,000.00609512,000.00663948,000.03019182,000.23
Tournament (k=3),Arithmetic,Gaussian,0.68096,0.05228,000.00000000,000.00320039,000.00395775,000.01091835,000.21
Tournament (k=3),Arithmetic,Gaussian,0.50670,0.13667,000.00000000,000.00019050,000.00017166,000.00110889,000.34
Tournament (k=3),Arithmetic,Gaussian,0.64187,0.16276,000.00000000,000.00014086,000.00013924,000.00144664,000.35
Tournament (k=3),Arithmetic,Gaussian,0.60503,0.14915,000.00000000,000.00006871,000.00005722,000.00088191,000.37
Tournament (k=3),Arithmetic,Gaussian,0.64187,0.05228,000.00000381,000.00296412,000.00318146,000.00722605,000.22
Tournament (k=3),Arithmetic,Gaussian,0.47762,0.13667,000.00000000,000.00018363,000.00019073,000.00114422,000.34
Tournament (k=3),Arithmetic,Gaussian,0.45020,0.05228,000.00000000,000.00441537,000.00487518,000.01698820,000.20
Tournament (k=2),Blend,Uniform,1.00000,0.02837,000.00000000,000.00110273,000.00000381,000.39421692,000.24
Tournament (k=3),Arithmetic,Gaussian,0.43709,0.06226,000.00000000,000.00429277,000.00362587,000.03277319,000.22
Tournament (k=3),Arithmetic,Gaussian,0.46371,0.21153,000.00045776,000.00482731,000.00524902,000.01034648,000.31
Tournament (k=3),Arithmetic,Gaussian,0.70139,0.25191,000.00280762,000.04193030,000.04673004,000.23486738,000.39
Tournament (k=2),Blend,Uniform,0.83749,0.02183,000.00000000,000.09992962,000.00005531,000.52461582,000.22
Tournament (k=2),Blend,Uniform,0.83749,0.17762,000.63179016,002.83668566,003.20660400,001.21815693,000.32
Tournament (k=3),Arithmetic,Gaussian,0.66113,0.02599,000.00000000,000.00826464,000.00764465,000.15333468,000.19
Tournament (k=3),Arithmetic,Gaussian,0.72243,0.05228,000.00000000,000.00317965,000.00344849,000.02112329,000.25
Tournament (k=3),Arithmetic,Gaussian,0.66113,0.09637,000.00000000,000.00050802,000.00048256,000.00403062,000.25
Tournament (k=3),Arithmetic,Gaussian,0.68096,0.05705,000.00000000,000.00179067,000.00185013,000.01072585,000.26
Tournament (k=3),Arithmetic,Gaussian,0.83749,0.09637,000.00000000,000.00045223,000.00032806,000.00192226,000.28
Tournament (k=3),Arithmetic,Gaussian,0.74410,0.27490,000.00149536,000.07923479,000.09550285,000.23654406,000.35
Tournament (k=3),Arithmetic,Gaussian,0.57030,0.13667,000.00000000,000.00010228,000.00011253,000.00128098,000.34
Tournament (k=3),Arithmetic,Gaussian,0.76642,0.05228,000.00000000,000.00207195,000.00220299,000.01309608,000.25
Tournament (k=3),Arithmetic,Gaussian,0.43709,0.23084,000.00010681,000.01286392,000.01405334,000.04511693,000.39
Tournament (k=3),Arithmetic,Gaussian,0.45020,0.12524,000.00000000,000.00042291,000.00035858,000.00217492,000.28
Tournament (k=3),Arithmetic,Gaussian,0.45020,0.05705,000.00000000,000.00292573,000.00308228,000.00926495,000.24
Tournament (k=3),Arithmetic,Gaussian,0.49195,0.02599,000.00000000,000.01685901,000.01346970,000.13287339,000.23
Tournament (k=2),Blend,Uniform,0.94259,0.08092,000.03237915,000.64750636,000.80476379,000.77768046,000.26
Tournament (k=3),Arithmetic,Gaussian,0.52190,0.25191,000.00088501,000.03755989,000.04052544,000.12942341,000.39
Tournament (k=3),Arithmetic,Gaussian,0.62318,0.25191,000.00211334,000.04093175,000.04426193,000.11614417,000.40
Tournament (k=3),Arithmetic,Gaussian,0.66113,0.02837,000.00003433,000.01181445,000.01364899,000.12098747,000.21
Tournament (k=3),Arithmetic,Gaussian,0.43709,0.06795,000.00000000,000.00192213,000.00231552,000.00907419,000.25
Tournament (k=3),Arithmetic,Gaussian,0.46371,0.02382,000.00000000,000.01970463,000.01978493,000.15430585,000.19
Tournament (k=3),Arithmetic,Gaussian,0.53756,0.14915,000.00000000,000.00014448,000.00011826,000.00120470,000.32
Tournament (k=3),Arithmetic,Gaussian,0.40000,0.04390,000.00000000,000.00535440,000.00604630,000.01873157,000.20
Tournament (k=3),Arithmetic,Gaussian,0.58741,0.25191,000.00181961,000.04006185,000.04956627,000.18840055,000.33
Tournament (k=3),Arithmetic,Gaussian,0.72243,0.05705,000.00000381,000.00180159,000.00170135,000.00734515,000.27
Tournament (k=3),Arithmetic,Gaussian,0.74410,0.02837,000.00000000,000.01109695,000.01222038,000.04567877,000.23
Tournament (k=3),Arithmetic,Gaussian,0.40000,0.12524,000.00000381,000.00043545,000.00042343,000.00273042,000.27
Tournament (k=3),Arithmetic,Gaussian,0.60503,0.04791,000.00000000,000.00485616,000.00483322,000.02070928,000.25
Tournament (k=2),Blend,Uniform,0.86261,0.03686,000.00000000,000.00370426,000.00001335,000.47747737,000.25
Tournament (k=3),Arithmetic,Gaussian,0.76642,0.16276,000.00000381,000.00020356,000.00021553,000.00249945,000.37
Tournament (k=3),Arithmetic,Gaussian,0.70139,0.27490,000.00793457,000.08461676,000.08906174,000.27816698,000.42
Tournament (k=3),Arithmetic,Gaussian,0.68096,0.16276,000.00000000,000.00014319,000.00014877,000.00292488,000.30
Tournament (k=3),Arithmetic,Gaussian,0.41200,0.06226,000.00000000,000.00273833,000.00256538,000.01200143,000.26
Tournament (k=3),Arithmetic,Gaussian,0.66113,0.03095,000.00000000,000.00903950,000.00990295,000.16203950,000.23
Tournament (k=3),Arithmetic,Gaussian,0.81310,0.05705,000.00001526,000.00278244,000.00248337,000.03248816,000.21
Tournament (k=3),Arithmetic,Gaussian,0.45020,0.13667,000.00000000,000.00017729,000.00018311,000.00061310,000.31
Tournament (k=3),Arithmetic,Gaussian,0.55369,0.21153,000.00010681,000.00617619,000.00637054,000.01834316,000.38
Tournament (k=3),Arithmetic,Gaussian,0.43709,0.07415,000.00000000,000.00156283,000.00178146,000.00783077,000.32
Tournament (k=3),Arithmetic,Gaussian,0.40000,0.04791,000.00000000,000.00531836,000.00650787,000.01509163,000.22
Tournament (k=3),Arithmetic,Gaussian,0.53756,0.16276,000.00000000,000.00015125,000.00014114,000.00091199,000.29
Tournament (k=3),Arithmetic,Gaussian,0.46371,0.07415,000.00000381,000.00164714,000.00191498,000.00440342,000.22
Tournament (k=3),Arithmetic,Gaussian,0.72243,0.06226,000.00000000,000.00172167,000.00182915,000.01016708,000.26
Tournament (k=2),Blend,Uniform,0.78941,0.17762,000.35829163,002.53522062,002.83932686,001.25548661,000.32
Tournament (k=3),Arithmetic,Gaussian,0.83749,0.30000,000.01094818,000.25844771,000.23326683,000.44892487,000.42
Tournament (k=3),Arithmetic,Gaussian,0.62318,0.27490,000.00227356,000.06369805,000.06628418,000.21870659,000.41
Tournament (k=3),Arithmetic,Gaussian,0.52190,0.27490,000.01217651,000.07461925,000.08638763,000.20151414,000.42
Tournament (k=2),Blend,Uniform,0.94259,0.02183,000.00000000,000.08772345,000.00017166,000.46355611,000.23
Tournament (k=3),Arithmetic,Gaussian,0.49195,0.08092,000.00000000,000.00123730,000.00093842,000.00534522,000.28
Tournament (k=3),Arithmetic,Gaussian,0.70139,0.02837,000.00000000,000.01066065,000.00912094,000.05398709,000.19
Tournament (k=2),Blend,Uniform,0.91514,0.03095,000.00000000,000.00096898,000.00000000,000.46782231,000.21
Tournament (k=3),Arithmetic,Gaussian,0.55369,0.02382,000.00000000,000.01796994,000.01559258,000.18550256,000.22
Tournament (k=3),Arithmetic,Gaussian,0.78941,0.10516,000.00000000,000.00027990,000.00028419,000.00353908,000.25
Tournament (k=3),Arithmetic,Gaussian,0.53756,0.05705,000.00000763,000.00226870,000.00206757,000.01436699,000.22
Tournament (k=3),Arithmetic,Gaussian,0.58741,0.27490,000.00606537,000.07756834,000.07947159,000.22402748,000.36
Tournament (k=3),Arithmetic,Gaussian,0.81310,0.17762,000.00000763,000.00091734,000.00107384,000.00411781,000.36
Tournament (k=3),Arithmetic,Gaussian,0.58741,0.02837,000.00000000,000.01103091,000.00997734,000.05981006,000.19
Tournament (k=3),Arithmetic,Gaussian,0.78941,0.30000,000.00271606,000.16897826,000.17382622,000.39422345,000.42
Tournament (k=3),Arithmetic,Gaussian,0.62318,0.03378,000.00000000,000.00973206,000.00955009,000.02937519,000.19
Tournament (k=2),Blend,Uniform,0.88849,0.02382,000.00000000,000.15775475,000.00024414,000.58615959,000.23
Tournament (k=3),Arithmetic,Gaussian,0.57030,0.05228,000.00000000,000.00429835,000.00446320,000.01017753,000.21
Tournament (k=3),Arithmetic,Gaussian,0.52190,0.02837,000.00000000,000.01186519,000.01391220,000.05190649,000.23
Tournament (k=3),Arithmetic,Gaussian,0.70139,0.03095,000.00000000,000.00798087,000.00693703,000.02075499,000.20
Tournament (k=2),Blend,Uniform,0.97087,0.12524,000.11890030,002.19867277,002.42080307,001.09667146,000.31
Tournament (k=2),Blend,Uniform,0.94259,0.02382,000.00000000,000.17272778,000.00052261,000.54161453,000.24
Tournament (k=2),Blend,Uniform,0.91514,0.03378,000.00000000,000.00092120,000.00000000,000.41910794,000.23
Tournament (k=2),Blend,Uniform,0.94259,0.21153,000.40348434,003.48008084,004.03456306,001.43981123,000.35
Tournament (k=2),Blend,Uniform,0.97087,0.04791,000.00000000,000.00274100,000.00011444,000.29522315,000.25
Tournament (k=3),Arithmetic,Gaussian,0.50670,0.05228,000.00000000,000.00265880,000.00325203,000.01026048,000.21
Tournament (k=3),Arithmetic,Gaussian,0.58741,0.03095,000.00000000,000.01201072,000.01377487,000.03699833,000.21
Tournament (k=3),Arithmetic,Gaussian,0.49195,0.25191,000.00140381,000.03312397,000.03709602,000.06487845,000.33
Tournament (k=3),Arithmetic,Gaussian,0.58741,0.08092,000.00000381,000.00126157,000.00095367,000.00754825,000.28
Tournament (k=3),Arithmetic,Gaussian,0.49195,0.08830,000.00000000,000.00092592,000.00097084,000.00390200,000.32
Tournament (k=3),Arithmetic,Gaussian,0.41200,0.19383,000.00005341,000.00159421,000.00179100,000.00452451,000.30
Tournament (k=3),Arithmetic,Gaussian,0.74410,0.09637,000.00000000,000.00035138,000.00036049,000.00283122,000.30
Tournament (k=3),Arithmetic,Gaussian,0.66113,0.25191,000.00189972,000.04381480,000.04951477,000.24176317,000.40
Tournament (k=3),Arithmetic,Gaussian,0.55369,0.06795,000.00000000,000.00179286,000.00188065,000.00743475,000.22
Tournament (k=3),Arithmetic,Gaussian,0.62318,0.30000,000.00554657,000.16102819,000.16193581,000.36130264,000.41
Tournament (k=3),Arithmetic,Gaussian,0.42436,0.04390,000.00000000,000.00487275,000.00448227,000.02679241,000.24
Tournament (k=3),Arithmetic,Gaussian,0.64187,0.05705,000.00000000,000.00222025,000.00255203,000.01168228,000.21
Tournament (k=3),Arithmetic,Gaussian,0.52190,0.03095,000.00000381,000.00950313,000.01117325,000.03956040,000.24
Tournament (k=3),Arithmetic,Gaussian,0.86261,0.05705,000.00000000,000.00287161,000.00267982,000.01527102,000.21
Tournament (k=3),Arithmetic,Gaussian,0.64187,0.17762,000.00000381,000.00047903,000.00044060,000.00778509,000.30
Tournament (k=3),Arithmetic,Gaussian,0.78941,0.03095,000.00001907,000.01601138,000.01605225,000.06901387,000.23
Tournament (k=2),Blend,Uniform,0.91514,0.10516,000.20589066,001.58652997,001.92104530,000.94653952,000.27
Tournament (k=3),Arithmetic,Gaussian,0.50670,0.14915,000.00000000,000.00020185,000.00020218,000.00115814,000.35
Tournament (k=2),Blend,Uniform,0.97087,0.13667,000.27652359,002.32930064,002.71207428,001.15813911,000.32
Tournament (k=3),Arithmetic,Gaussian,0.62318,0.07415,000.00000763,000.00118356,000.00144958,000.00371278,000.27
Tournament (k=3),Arithmetic,Gaussian,0.66113,0.10516,000.00000000,000.00028291,000.00030136,000.00117032,000.25
Tournament (k=3),Arithmetic,Gaussian,0.47762,0.14915,000.00000000,000.00014796,000.00014687,000.00045556,000.34
Tournament (k=3),Arithmetic,Gaussian,0.68096,0.06226,000.00000000,000.00132446,000.00144577,000.00509993,000.26
Tournament (k=3),Arithmetic,Gaussian,0.52190,0.09637,000.00000000,000.00030522,000.00029373,000.00222209,000.30
Tournament (k=2),Blend,Uniform,0.83749,0.19383,000.18296432,002.94700313,003.40769196,001.32014680,000.33
Tournament (k=3),Arithmetic,Gaussian,0.42436,0.04791,000.00000000,000.00605330,000.00592995,000.02416109,000.22
Tournament (k=3),Arithmetic,Gaussian,0.86261,0.17762,000.00003052,000.00127888,000.00129128,000.01396361,000.35
Tournament (k=3),Arithmetic,Gaussian,0.46371,0.23084,000.00050354,000.01468568,000.01600838,000.10411858,000.38
Tournament (k=3),Arithmetic,Gaussian,0.83749,0.10516,000.00000000,000.00020838,000.00023270,000.00261409,000.30
Tournament (k=3),Arithmetic,Gaussian,0.57030,0.14915,000.00000000,000.00012970,000.00012207,000.00089962,000.28
Tournament (k=3),Arithmetic,Gaussian,0.41200,0.21153,000.00009918,000.00423126,000.00380325,000.00928431,000.35
Tournament (k=2),Blend,Uniform,0.83749,0.06795,000.00000763,000.05796142,000.01842499,000.51385540,000.24
Tournament (k=3),Arithmetic,Gaussian,0.45020,0.06226,000.00000000,000.00287104,000.00325775,000.01178143,000.21
Tournament (k=3),Arithmetic,Gaussian,0.46371,0.02599,000.00000000,000.01623697,000.01610565,000.07007133,000.18
Tournament (k=3),Arithmetic,Gaussian,0.49195,0.02837,000.00000381,000.01660256,000.01769447,000.06577804,000.23
Tournament (k=3),Arithmetic,Gaussian,0.43709,0.25191,000.00059128,000.03372440,000.04208755,000.07510217,000.32
Tournament (k=3),Arithmetic,Gaussian,0.47762,0.04791,000.00000000,000.00513191,000.00449371,000.02349537,000.24
Tournament (k=2),Blend,Uniform,1.00000,0.07415,000.00844574,000.56642616,000.63253021,000.69051182,000.27
Tournament (k=3),Arithmetic,Gaussian,0.41200,0.02183,000.00003433,000.02590747,000.02299118,000.21083482,000.21
Tournament (k=3),Arithmetic,Gaussian,0.74410,0.30000,000.00548553,000.14353828,000.15609741,000.32349283,000.42
Tournament (k=3),Arithmetic,Gaussian,0.62318,0.08092,000.00000000,000.00073586,000.00071335,000.00565935,000.30
Tournament (k=2),Blend,Uniform,0.86261,0.04023,000.00000000,000.00525684,000.00003815,000.42571759,000.22
Tournament (k=3),Arithmetic,Gaussian,0.60503,0.05228,000.00000000,000.00332971,000.00308609,000.01341591,000.25
Tournament (k=3),Arithmetic,Gaussian,0.40000,0.13667,000.00000000,000.00027986,000.00029945,000.00121938,000.27
Tournament (k=3),Arithmetic,Gaussian,0.66113,0.03378,000.00002670,000.00722785,000.00657654,000.03797097,000.21
Tournament (k=3),Arithmetic,Gaussian,0.81310,0.06226,000.00000763,000.00224099,000.00225830,000.00974729,000.22
Tournament (k=3),Arithmetic,Gaussian,0.68096,0.06795,000.00000381,000.00186167,000.00167465,000.00770710,000.32
Tournament (k=3),Arithmetic,Gaussian,0.46371,0.02837,000.00000000,000.01090679,000.00963593,000.05468994,000.21
Tournament (k=3),Arithmetic,Gaussian,0.41200,0.06795,000.00000000,000.00193939,000.00203323,000.00727539,000.26
Tournament (k=3),Arithmetic,Gaussian,0.68096,0.17762,000.00000763,000.00049472,000.00045776,000.00214472,000.30
Tournament (k=3),Arithmetic,Gaussian,0.40000,0.05228,000.00000000,000.00461125,000.00379372,000.01784232,000.20
Tournament (k=3),Arithmetic,Gaussian,0.47762,0.16276,000.00000381,000.00024242,000.00023651,000.00108100,000.41
Tournament (k=3),Arithmetic,Gaussian,0.43709,0.08092,000.00000000,000.00119882,000.00130463,000.00787308,000.27
Tournament (k=3),Arithmetic,Gaussian,0.76642,0.17762,000.00001526,000.00099258,000.00107574,000.00474893,000.37
Tournament (k=3),Arithmetic,Gaussian,0.46371,0.08092,000.00000381,000.00135417,000.00143433,000.00480827,000.23
Tournament (k=3),Arithmetic,Gaussian,0.47762,0.05228,000.00000000,000.00459986,000.00426674,000.01909072,000.25
Tournament (k=3),Arithmetic,Gaussian,0.86261,0.02000,000.00014114,000.04675770,000.04002953,000.27717310,000.18
Tournament (k=3),Arithmetic,Gaussian,0.43709,0.02599,000.00000000,000.01229649,000.01104546,000.08606867,000.18
Tournament (k=3),Arithmetic,Gaussian,0.45020,0.14915,000.00000000,000.00022421,000.00025558,000.00195798,000.34
Tournament (k=3),Arithmetic,Gaussian,0.72243,0.06795,000.00000000,000.00158644,000.00154305,000.00826081,000.27
Tournament (k=3),Arithmetic,Gaussian,0.70139,0.30000,000.00362396,000.16662788,000.18317413,000.40168077,000.46
Tournament (k=2),Blend,Uniform,0.78941,0.19383,000.69511795,002.73368955,003.06188965,001.36666000,000.32
Tournament (k=3),Arithmetic,Gaussian,0.42436,0.14915,000.00000000,000.00021706,000.00022507,000.00249633,000.28
Tournament (k=3),Arithmetic,Gaussian,0.55369,0.02599,000.00000000,000.01724286,000.01758575,000.09363990,000.22
Tournament (k=3),Arithmetic,Gaussian,0.60503,0.05705,000.00000000,000.00289693,000.00284195,000.01337745,000.26
Tournament (k=3),Arithmetic,Gaussian,0.78941,0.11476,000.00000000,000.00011587,000.00008965,000.00095539,000.26
Tournament (k=3),Arithmetic,Gaussian,0.88849,0.03378,000.00019073,000.01256466,000.01328278,000.12085412,000.24
Tournament (k=2),Blend,Uniform,1.00000,0.21153,001.32618713,003.60153961,004.08671761,001.26699281,000.34
Tournament (k=3),Arithmetic,Gaussian,0.62318,0.03686,000.00000000,000.00784578,000.00754547,000.01814971,000.20
Tournament (k=2),Blend,Uniform,0.58741,0.12524,000.05375290,001.11711669,001.33665657,000.74338818,000.28
Tournament (k=3),Arithmetic,Gaussian,0.81310,0.02000,000.00000381,000.02601099,000.03487015,000.17080310,000.21
Tournament (k=3),Arithmetic,Gaussian,0.43709,0.02837,000.00000000,000.01331067,000.01331139,000.04959617,000.19
Tournament (k=3),Arithmetic,Gaussian,0.88849,0.10516,000.00000000,000.00019121,000.00014114,000.00259093,000.25
Tournament (k=2),Blend,Uniform,0.94259,0.02599,000.00000000,000.09263758,000.00067139,000.55733430,000.23
Tournament (k=3),Arithmetic,Gaussian,0.52190,0.30000,000.00042725,000.12542482,000.14279747,000.29973736,000.43
Tournament (k=3),Arithmetic,Gaussian,0.47762,0.05705,000.00000000,000.00265064,000.00331116,000.01102678,000.25
Tournament (k=3),Arithmetic,Gaussian,0.46371,0.08830,000.00000000,000.00091763,000.00093651,000.00460891,000.29
Tournament (k=3),Arithmetic,Gaussian,0.81310,0.19383,000.00006104,000.00250921,000.00247765,000.02149969,000.30
Tournament (k=3),Arithmetic,Gaussian,0.68096,0.19383,000.00006485,000.00276790,000.00295258,000.00805993,000.38
Tournament (k=3),Arithmetic,Gaussian,0.58741,0.03378,000.00000000,000.00611348,000.00578308,000.04113541,000.19
Tournament (k=3),Arithmetic,Gaussian,0.91514,0.02000,000.00000000,000.04311667,000.03678322,000.27968493,000.21
Tournament (k=3),Arithmetic,Gaussian,0.50670,0.05705,000.00000000,000.00319877,000.00263977,000.01451321,000.22
Tournament (k=3),Arithmetic,Gaussian,0.72243,0.07415,000.00000000,000.00122814,000.00133133,000.00911983,000.30
Tournament (k=3),Arithmetic,Gaussian,0.58741,0.08830,000.00000000,000.00060935,000.00061607,000.00481953,000.24
Tournament (k=3),Arithmetic,Gaussian,0.64187,0.02000,000.00000000,000.02548537,000.02006340,000.13586359,000.18
Tournament (k=2),Blend,Uniform,0.94259,0.23084,001.30525970,003.59620905,003.98975754,001.39572644,000.34
Tournament (k=3),Arithmetic,Gaussian,0.55369,0.07415,000.00000000,000.00147276,000.00111580,000.00750321,000.23
Tournament (k=3),Arithmetic,Gaussian,0.91514,0.06226,000.00000381,000.00322104,000.00302505,000.02935424,000.26
Tournament (k=3),Arithmetic,Gaussian,0.64187,0.06226,000.00000381,000.00244689,000.00229454,000.01125844,000.22
Tournament (k=3),Arithmetic,Gaussian,0.70139,0.09637,000.00000000,000.00025053,000.00024414,000.00418944,000.29
Tournament (k=3),Arithmetic,Gaussian,0.49195,0.09637,000.00000000,000.00068398,000.00049973,000.00380310,000.30
Tournament (k=3),Arithmetic,Gaussian,0.53756,0.02000,000.00000000,000.02464142,000.01383591,000.26374653,000.21
Tournament (k=3),Arithmetic,Gaussian,0.52190,0.03378,000.00000000,000.01070094,000.00974655,000.13343844,000.23
Tournament (k=3),Arithmetic,Gaussian,0.49195,0.27490,000.00513840,000.06312194,000.07024002,000.09955531,000.38
Tournament (k=3),Arithmetic,Gaussian,0.76642,0.05705,000.00000381,000.00357213,000.00339508,000.02117321,000.25
Tournament (k=3),Arithmetic,Gaussian,0.78941,0.03378,000.00000381,000.01012154,000.01179504,000.09065166,000.23
Tournament (k=3),Arithmetic,Gaussian,0.91514,0.02183,000.00000000,000.02693114,000.02770424,000.22684360,000.20
Tournament (k=2),Blend,Uniform,0.91514,0.11476,000.23013306,001.77846527,002.10168457,000.96918041,000.27
Tournament (k=3),Arithmetic,Gaussian,0.74410,0.03095,000.00000381,000.01019430,000.01254654,000.10531645,000.23
Tournament (k=3),Arithmetic,Gaussian,0.64187,0.19383,000.00003052,000.00163074,000.00206566,000.01671476,000.31
Tournament (k=3),Arithmetic,Gaussian,0.66113,0.11476,000.00000000,000.00026784,000.00026894,000.00198237,000.26
Tournament (k=3),Arithmetic,Gaussian,0.66113,0.27490,000.00466919,000.07784114,000.08738327,000.27585801,000.40
Tournament (k=3),Arithmetic,Gaussian,0.64187,0.02183,000.00000763,000.02489452,000.03010559,000.18078455,000.19
Tournament (k=3),Arithmetic,Gaussian,0.42436,0.05228,000.00000000,000.00413527,000.00407600,000.01749559,000.22
Tournament (k=3),Arithmetic,Gaussian,0.50670,0.16276,000.00000000,000.00017095,000.00017357,000.00345234,000.35
Tournament (k=3),Arithmetic,Gaussian,0.64187,0.06795,000.00000000,000.00131750,000.00110626,000.00905310,000.23
Tournament (k=3),Arithmetic,Gaussian,0.91514,0.06795,000.00001526,000.00292702,000.00273895,000.01116443,000.26
Tournament (k=3),Arithmetic,Gaussian,0.52190,0.03686,000.00000000,000.00722809,000.00748634,000.05253965,000.22
Tournament (k=3),Arithmetic,Gaussian,0.94259,0.03686,000.00000000,000.01173763,000.01279068,000.19990653,000.20
Tournament (k=3),Arithmetic,Gaussian,0.91514,0.02382,000.00001907,000.02634912,000.02782440,000.15928808,000.21
Tournament (k=3),Arithmetic,Gaussian,0.72243,0.16276,000.00000763,000.00027709,000.00028229,000.00221329,000.35
Tournament (k=2),Blend,Uniform,0.83749,0.21153,000.67046356,003.25068355,003.77883339,001.38990533,000.34
Tournament (k=3),Arithmetic,Gaussian,0.70139,0.10516,000.00000000,000.00029030,000.00030327,000.00152566,000.31
Tournament (k=3),Arithmetic,Gaussian,0.49195,0.10516,000.00000000,000.00064201,000.00071335,000.00328295,000.32
Tournament (k=3),Arithmetic,Gaussian,0.41200,0.02382,000.00000000,000.01898479,000.01796722,000.10168927,000.19
Tournament (k=3),Arithmetic,Gaussian,0.49195,0.03095,000.00000000,000.01523170,000.01668358,000.05212548,000.23
Tournament (k=3),Arithmetic,Gaussian,0.83749,0.11476,000.00000000,000.00015764,000.00016212,000.00638513,000.31
Tournament (k=3),Arithmetic,Gaussian,0.91514,0.19383,000.00002289,000.00272603,000.00245667,000.01779034,000.29
Tournament (k=3),Arithmetic,Gaussian,0.41200,0.23084,000.00044250,000.01418648,000.01622200,000.02548907,000.31
Tournament (k=3),Arithmetic,Gaussian,0.76642,0.02000,000.00000000,000.02728839,000.02635193,000.15416059,000.22
Tournament (k=2),Blend,Uniform,1.00000,0.08092,000.00983810,000.83346045,001.15217209,000.79205877,000.27
Tournament (k=3),Arithmetic,Gaussian,0.43709,0.27490,000.00334930,000.07464290,000.08232307,000.19401787,000.34
Tournament (k=3),Arithmetic,Gaussian,0.66113,0.03686,000.00000000,000.00590940,000.00616646,000.02001629,000.19
Tournament (k=3),Arithmetic,Gaussian,0.83749,0.03378,000.00000381,000.00722823,000.00825691,000.04100082,000.22
Tournament (k=3),Arithmetic,Gaussian,0.94259,0.04023,000.00000000,000.00723228,000.00632668,000.34274128,000.21
Tournament (k=3),Arithmetic,Gaussian,0.46371,0.03095,000.00001144,000.00867329,000.00808907,000.08120283,000.19
Tournament (k=3),Arithmetic,Gaussian,0.62318,0.08830,000.00000000,000.00064449,000.00063896,000.00309612,000.29
Tournament (k=3),Arithmetic,Gaussian,0.53756,0.17762,000.00000000,000.00042124,000.00041771,000.00516671,000.36
Tournament (k=3),Arithmetic,Gaussian,0.40000,0.14915,000.00000000,000.00025353,000.00021362,000.00102203,000.28
Tournament (k=3),Arithmetic,Gaussian,0.68096,0.07415,000.00000000,000.00106897,000.00114059,000.00482438,000.27
Tournament (k=3),Arithmetic,Gaussian,0.50670,0.17762,000.00002670,000.00042181,000.00043869,000.00220837,000.35
Tournament (k=3),Arithmetic,Gaussian,0.57030,0.05705,000.00000381,000.00234103,000.00256348,000.00659648,000.22
Tournament (k=3),Arithmetic,Gaussian,0.41200,0.07415,000.00000000,000.00143790,000.00146866,000.00596353,000.27
Tournament (k=3),Arithmetic,Gaussian,0.49195,0.03378,000.00000000,000.00795507,000.00763130,000.04375450,000.24
Tournament (k=3),Arithmetic,Gaussian,0.70139,0.03378,000.00000000,000.01054263,000.00992012,000.07092291,000.19
Tournament (k=3),Arithmetic,Gaussian,0.70139,0.11476,000.00000000,000.00009785,000.00008774,000.00055984,000.30
Tournament (k=2),Blend,Uniform,0.91514,0.03686,000.00000000,000.00189781,000.00004768,000.34210476,000.21
Tournament (k=3),Arithmetic,Gaussian,0.49195,0.11476,000.00000000,000.00041428,000.00032234,000.00242115,000.33
Tournament (k=3),Arithmetic,Gaussian,0.72243,0.02000,000.00000381,000.02464890,000.02457237,000.22794548,000.22
Tournament (k=3),Arithmetic,Gaussian,0.91514,0.21153,000.00048447,000.00990519,000.01058006,000.05422935,000.34
Tournament (k=3),Arithmetic,Gaussian,0.47762,0.17762,000.00000000,000.00039668,000.00040054,000.00124465,000.36
Tournament (k=3),Arithmetic,Gaussian,0.76642,0.19383,000.00005341,000.00300508,000.00288963,000.00946125,000.37
Tournament (k=3),Arithmetic,Gaussian,0.55369,0.02837,000.00000000,000.00923595,000.01022720,000.06762321,000.23
Tournament (k=3),Arithmetic,Gaussian,0.60503,0.16276,000.00000000,000.00013337,000.00012589,000.00050808,000.35
Tournament (k=3),Arithmetic,Gaussian,0.88849,0.03686,000.00000000,000.01102800,000.01416397,000.10776636,000.19
Tournament (k=3),Arithmetic,Gaussian,0.94259,0.11476,000.00000000,000.00023727,000.00017929,000.01089057,000.27
Tournament (k=3),Arithmetic,Gaussian,0.60503,0.06226,000.00000000,000.00213599,000.00184822,000.01075962,000.26
Tournament (k=3),Arithmetic,Gaussian,0.62318,0.04023,000.00000000,000.00481215,000.00503540,000.02308071,000.20
Tournament (k=3),Arithmetic,Gaussian,0.42436,0.16276,000.00000000,000.00035510,000.00041008,000.00104028,000.29
Tournament (k=3),Arithmetic,Gaussian,0.78941,0.12524,000.00000000,000.00010858,000.00010490,000.00103725,000.26
Tournament (k=3),Arithmetic,Gaussian,0.81310,0.02183,000.00000000,000.02920303,000.02521896,000.20175518,000.21
Tournament (k=3),Arithmetic,Gaussian,0.45020,0.16276,000.00000000,000.00019965,000.00017548,000.00131075,000.35
Tournament (k=3),Arithmetic,Gaussian,0.74410,0.10516,000.00000000,000.00027752,000.00023651,000.00159858,000.25
Tournament (k=3),Arithmetic,Gaussian,0.70139,0.03686,000.00000000,000.00502987,000.00351715,000.02226140,000.20
Tournament (k=3),Arithmetic,Gaussian,0.97087,0.02183,000.00001526,000.04534254,000.04357338,000.29568684,000.22
Tournament (k=3),Arithmetic,Gaussian,0.88849,0.11476,000.00000000,000.00011983,000.00011635,000.11207467,000.27
Tournament (k=2),Blend,Uniform,1.00000,0.23084,001.21522522,003.77133799,004.42670631,001.42409730,000.35
Tournament (k=3),Arithmetic,Gaussian,0.55369,0.03095,000.00000000,000.00971813,000.01092720,000.03580374,000.21
Tournament (k=3),Arithmetic,Gaussian,0.47762,0.06226,000.00000000,000.00254707,000.00198174,000.01538578,000.26
Tournament (k=3),Arithmetic,Gaussian,0.86261,0.06226,000.00000000,000.00250549,000.00229263,000.01424200,000.25
Tournament (k=3),Arithmetic,Gaussian,0.88849,0.04023,000.00000763,000.00841618,000.00774002,000.03310204,000.25
Tournament (k=3),Arithmetic,Gaussian,0.53756,0.02183,000.00000000,000.01820092,000.01243210,000.15713227,000.18
Tournament (k=3),Arithmetic,Gaussian,0.55369,0.08092,000.00000000,000.00095482,000.00079346,000.00530804,000.24
Tournament (k=3),Arithmetic,Gaussian,0.72243,0.08092,000.00000000,000.00083170,000.00079727,000.00557964,000.29
Tournament (k=3),Arithmetic,Gaussian,0.52190,0.10516,000.00000000,000.00040226,000.00039864,000.00196126,000.25
Tournament (k=3),Arithmetic,Gaussian,0.68096,0.21153,000.00016403,000.00831413,000.00966644,000.01771157,000.32
Tournament (k=3),Arithmetic,Gaussian,0.60503,0.06795,000.00000000,000.00188122,000.00159454,000.00811321,000.27
Tournament (k=3),Arithmetic,Gaussian,0.91514,0.23084,000.00021362,000.02180033,000.02449608,000.09190369,000.35
Tournament (k=2),Blend,Uniform,0.97087,0.14915,000.25453949,002.55343485,002.92500305,001.22707498,000.32
Tournament (k=3),Arithmetic,Gaussian,0.81310,0.21153,000.00088882,000.00857821,000.01044655,000.05017781,000.39
Tournament (k=3),Arithmetic,Gaussian,0.57030,0.16276,000.00000381,000.00014462,000.00014877,000.00145061,000.31
Tournament (k=2),Blend,Uniform,0.94259,0.25191,001.51326752,003.93829966,004.32215118,001.42756212,000.37
Tournament (k=3),Arithmetic,Gaussian,0.78941,0.03686,000.00000000,000.00608516,000.00679016,000.02683919,000.23
Tournament (k=3),Arithmetic,Gaussian,0.86261,0.19383,000.00010300,000.00342083,000.00334167,000.01602490,000.37
Tournament (k=3),Arithmetic,Gaussian,0.74410,0.03378,000.00000000,000.00706396,000.00773621,000.04836772,000.23
Tournament (k=3),Arithmetic,Gaussian,0.76642,0.06226,000.00001144,000.00174537,000.00191498,000.01190912,000.27
Tournament (k=3),Arithmetic,Gaussian,0.46371,0.25191,000.00176239,000.03073444,000.03578758,000.05931688,000.41
Tournament (k=2),Blend,Uniform,0.91514,0.12524,000.13014221,002.02364206,002.35206604,000.98973745,000.28
Tournament (k=3),Arithmetic,Gaussian,0.64187,0.02382,000.00000000,000.01390343,000.01189232,000.08950557,000.22
Tournament (k=3),Arithmetic,Gaussian,0.97087,0.06795,000.00000000,000.00446529,000.00352097,000.34045127,000.22
Tournament (k=3),Arithmetic,Gaussian,0.91514,0.07415,000.00000000,000.00136890,000.00127983,000.10141966,000.22
Tournament (k=3),Arithmetic,Gaussian,0.42436,0.05705,000.00000000,000.00381942,000.00438690,000.01369633,000.25
Tournament (k=3),Arithmetic,Gaussian,0.66113,0.12524,000.00000000,000.00011497,000.00009727,000.00096057,000.27
Tournament (k=3),Arithmetic,Gaussian,0.64187,0.07415,000.00000381,000.00109806,000.00085068,000.00510711,000.27
Tournament (k=3),Arithmetic,Gaussian,0.64187,0.21153,000.00034714,000.00772810,000.00937080,000.02888392,000.31
Tournament (k=3),Arithmetic,Gaussian,0.55369,0.23084,000.00104523,000.01490250,000.01467514,000.05063828,000.39
Tournament (k=3),Arithmetic,Gaussian,0.81310,0.06795,000.00000000,000.00151849,000.00148392,000.01331762,000.22
Tournament (k=3),Arithmetic,Gaussian,0.49195,0.30000,000.00488281,000.11672859,000.13253784,000.23210552,000.44
Tournament (k=3),Arithmetic,Gaussian,0.53756,0.06226,000.00000000,000.00191197,000.00195885,000.00727078,000.21
Tournament (k=3),Arithmetic,Gaussian,0.78941,0.04023,000.00000000,000.00991364,000.00963211,000.10578942,000.23
Tournament (k=3),Arithmetic,Gaussian,0.97087,0.21153,000.00054932,000.00911765,000.00948715,000.10392592,000.35
Tournament (k=3),Arithmetic,Gaussian,0.41200,0.02599,000.00000000,000.01398969,000.01475906,000.20351264,000.21
Tournament (k=3),Arithmetic,Gaussian,0.86261,0.02183,000.00000763,000.02687936,000.03096199,000.19278456,000.18
Tournament (k=3),Arithmetic,Gaussian,0.66113,0.30000,000.00421524,000.13312212,000.15442467,000.38986963,000.41
Tournament (k=3),Arithmetic,Gaussian,0.76642,0.06795,000.00000000,000.00169640,000.00183487,000.00830904,000.27
Tournament (k=3),Arithmetic,Gaussian,0.72243,0.17762,000.00002289,000.00056014,000.00048828,000.00175085,000.29
Tournament (k=3),Arithmetic,Gaussian,0.43709,0.08830,000.00000000,000.00111632,000.00120354,000.00484247,000.28
Tournament (k=3),Arithmetic,Gaussian,0.57030,0.17762,000.00000763,000.00066519,000.00083923,000.00204808,000.35
Tournament (k=3),Arithmetic,Gaussian,0.91514,0.08092,000.00000000,000.00132566,000.00124931,000.16909280,000.24
Tournament (k=3),Arithmetic,Gaussian,1.00000,0.04023,000.00001526,000.03347092,000.01956367,000.57747108,000.23
Tournament (k=3),Arithmetic,Gaussian,0.66113,0.04023,000.00000000,000.00594215,000.00667763,000.01853519,000.20
Tournament (k=3),Arithmetic,Gaussian,0.86261,0.21153,000.00043488,000.00812240,000.00751114,000.11837722,000.37
Tournament (k=3),Arithmetic,Gaussian,0.83749,0.12524,000.00000000,000.00006385,000.00004959,000.00219180,000.30
Tournament (k=3),Arithmetic,Gaussian,0.83749,0.03686,000.00002289,000.00783615,000.00800323,000.02890698,000.23
Tournament (k=3),Arithmetic,Gaussian,0.94259,0.04390,000.00000000,000.01094651,000.00934410,000.21489890,000.23
Tournament (k=3),Arithmetic,Gaussian,0.46371,0.03378,000.00000000,000.00740771,000.00894165,000.03742316,000.18
Tournament (k=2),Blend,Uniform,1.00000,0.08830,000.03062820,001.23215377,001.46291542,000.95093524,000.26
Tournament (k=3),Arithmetic,Gaussian,0.41200,0.25191,000.00048065,000.03273068,000.03689003,000.12519263,000.32
Tournament (k=3),Arithmetic,Gaussian,0.43709,0.30000,000.00127029,000.11817680,000.13416481,000.29873434,000.34
Tournament (k=3),Arithmetic,Gaussian,0.57030,0.06226,000.00000000,000.00230117,000.00238419,000.01549235,000.22
Tournament (k=3),Arithmetic,Gaussian,0.43709,0.03095,000.00000763,000.01121707,000.01158905,000.03307258,000.18
Tournament (k=3),Arithmetic,Gaussian,0.62318,0.09637,000.00000000,000.00040779,000.00031853,000.00187990,000.30
Tournament (k=3),Arithmetic,Gaussian,0.68096,0.08092,000.00000000,000.00059924,000.00059509,000.00313545,000.28
Tournament (k=3),Arithmetic,Gaussian,0.49195,0.03686,000.00000000,000.00675197,000.00630760,000.04303861,000.23
Tournament (k=3),Arithmetic,Gaussian,0.41200,0.08092,000.00000000,000.00168571,000.00166512,000.00852687,000.27
Tournament (k=3),Arithmetic,Gaussian,0.66113,0.04390,000.00000000,000.00343528,000.00341988,000.02859118,000.21
Tournament (k=3),Arithmetic,Gaussian,0.83749,0.04023,000.00000000,000.00662298,000.00685692,000.07707922,000.20
Tournament (k=3),Arithmetic,Gaussian,0.40000,0.16276,000.00000381,000.00031271,000.00038147,000.00207089,000.34
Tournament (k=3),Arithmetic,Gaussian,1.00000,0.04390,000.00000000,000.02763925,000.01391983,000.48695543,000.25
Tournament (k=3),Arithmetic,Gaussian,0.72243,0.02183,000.00001526,000.02375641,000.02558517,000.13378178,000.23
Tournament (k=3),Arithmetic,Gaussian,0.53756,0.19383,000.00000763,000.00139513,000.00122070,000.00492282,000.36
Tournament (k=3),Arithmetic,Gaussian,0.46371,0.03686,000.00000381,000.00810900,000.00809669,000.14288528,000.21
Tournament (k=3),Arithmetic,Gaussian,0.50670,0.19383,000.00001907,000.00165887,000.00167847,000.00548272,000.35
Tournament (k=3),Arithmetic,Gaussian,0.70139,0.12524,000.00000000,000.00008283,000.00006104,000.00065484,000.32
Tournament (k=3),Arithmetic,Gaussian,0.45020,0.02000,000.00000763,000.02771082,000.02855492,000.20565867,000.20
Tournament (k=3),Arithmetic,Gaussian,1.00000,0.12524,000.00000000,000.00014529,000.00007629,000.11080681,000.28
Tournament (k=3),Arithmetic,Gaussian,0.43709,0.03378,000.00001526,000.00976028,000.00930405,000.10427576,000.19
Tournament (k=3),Arithmetic,Gaussian,0.57030,0.06795,000.00000000,000.00156693,000.00157356,000.00735825,000.25
Tournament (k=3),Arithmetic,Gaussian,0.47762,0.19383,000.00004578,000.00158868,000.00183487,000.01865668,000.37
Tournament (k=3),Arithmetic,Gaussian,0.86261,0.23084,000.00085068,000.02308049,000.02194977,000.12260680,000.39
Tournament (k=3),Arithmetic,Gaussian,0.50670,0.06226,000.00000000,000.00231218,000.00249481,000.01052268,000.22
Tournament (k=3),Arithmetic,Gaussian,0.62318,0.04390,000.00000381,000.00543218,000.00486755,000.03044903,000.20
Tournament (k=3),Arithmetic,Gaussian,0.41200,0.27490,000.00424957,000.06231985,000.06867409,000.13051036,000.38
Tournament (k=3),Arithmetic,Gaussian,0.70139,0.04023,000.00000000,000.00569615,000.00521278,000.07120734,000.20
Tournament (k=3),Arithmetic,Gaussian,0.58741,0.09637,000.00000000,000.00049205,000.00057220,000.00612692,000.25
Tournament (k=3),Arithmetic,Gaussian,0.81310,0.02382,000.00000000,000.02041063,000.02229500,000.22463971,000.22
Tournament (k=3),Arithmetic,Uniform,0.40000,0.02382,000.00000000,000.20746903,000.22765923,000.42240310,000.20
Tournament (k=3),Arithmetic,Gaussian,0.62318,0.10516,000.00000381,000.00038052,000.00037766,000.00258661,000.31
Tournament (k=3),Arithmetic,Gaussian,0.74410,0.11476,000.00000000,000.00015588,000.00012970,000.00187479,000.25
Tournament (k=3),Arithmetic,Gaussian,0.42436,0.17762,000.00000763,000.00055161,000.00051498,000.00177941,000.29
Tournament (k=3),Arithmetic,Gaussian,0.94259,0.12524,000.00000000,000.00009360,000.00005722,000.04727833,000.32
Tournament (k=3),Arithmetic,Gaussian,0.78941,0.13667,000.00000000,000.00004544,000.00004196,000.00059545,000.30
Tournament (k=3),Arithmetic,Gaussian,0.55369,0.03378,000.00000000,000.00798039,000.00662041,000.04910643,000.22
Tournament (k=3),Arithmetic,Gaussian,0.45020,0.17762,000.00000381,000.00049214,000.00045586,000.00199439,000.36
Tournament (k=3),Arithmetic,Gaussian,0.53756,0.02382,000.00000000,000.01579270,000.01742363,000.13770869,000.20
Tournament (k=3),Arithmetic,Gaussian,0.47762,0.06795,000.00000000,000.00221744,000.00230408,000.00663441,000.26
Tournament (k=3),Arithmetic,Gaussian,0.88849,0.04390,000.00000000,000.00581231,000.00688934,000.02505948,000.21
Tournament (k=3),Arithmetic,Gaussian,0.88849,0.12524,000.00000000,000.00010371,000.00007629,000.00938268,000.32
Tournament (k=3),Arithmetic,Gaussian,0.50670,0.06795,000.00000000,000.00237555,000.00236511,000.00675299,000.25
Tournament (k=3),Arithmetic,Gaussian,0.86261,0.06795,000.00000000,000.00235476,000.00289917,000.01225447,000.26
Tournament (k=3),Arithmetic,Gaussian,0.72243,0.08830,000.00000000,000.00054865,000.00052261,000.00310218,000.24
Tournament (k=2),Blend,Uniform,1.00000,0.25191,000.69728470,003.93588591,004.47761726,001.55437922,000.35
Tournament (k=3),Arithmetic,Uniform,0.40000,0.07415,000.00000000,000.01463766,000.01555443,000.06402454,000.20
Tournament (k=3),Arithmetic,Gaussian,0.60503,0.07415,000.00000000,000.00135412,000.00124931,000.00526225,000.27
Tournament (k=3),Arithmetic,Gaussian,0.52190,0.04023,000.00000000,000.00643063,000.00717735,000.03388938,000.26
Tournament (k=3),Arithmetic,Gaussian,0.91514,0.02599,000.00002670,000.03280682,000.03149605,000.16537733,000.22
Tournament (k=3),Arithmetic,Gaussian,0.68096,0.23084,000.00047684,000.02221017,000.02359772,000.09272441,000.32
Tournament (k=3),Arithmetic,Gaussian,0.55369,0.03686,000.00000000,000.00635920,000.00637817,000.04641886,000.24
Tournament (k=3),Arithmetic,Gaussian,0.74410,0.03686,000.00000000,000.00589619,000.00580215,000.03710129,000.20
Tournament (k=3),Arithmetic,Uniform,0.40000,0.23084,000.00291443,000.14627509,000.14529228,000.40551889,000.29
Tournament (k=3),Arithmetic,Gaussian,0.41200,0.30000,000.00427246,000.09155107,000.10389709,000.17325424,000.40
Tournament (k=3),Arithmetic,Gaussian,0.64187,0.02599,000.00000000,000.01166134,000.01267242,000.15742800,000.22
Tournament (k=3),Arithmetic,Gaussian,0.91514,0.25191,000.00278091,000.04055257,000.04187012,000.20637140,000.39
Tournament (k=3),Arithmetic,Gaussian,0.78941,0.14915,000.00000000,000.00012417,000.00010109,000.00136715,000.33
Tournament (k=3),Arithmetic,Gaussian,0.81310,0.23084,000.00109863,000.02081222,000.02565765,000.14413036,000.38
Tournament (k=2),Blend,Uniform,0.91514,0.13667,000.20866013,002.33745766,002.70678520,000.99153543,000.28
Tournament (k=3),Arithmetic,Gaussian,0.64187,0.08092,000.00000763,000.00078177,000.00074196,000.00428649,000.23
Tournament (k=3),Arithmetic,Gaussian,0.86261,0.07415,000.00000763,000.00109663,000.00097656,000.16895151,000.24
Tournament (k=3),Arithmetic,Uniform,0.40000,0.08092,000.00000381,000.01946964,000.01978302,000.05482026,000.20
Tournament (k=3),Arithmetic,Gaussian,0.97087,0.07415,000.00000000,000.00224676,000.00187302,000.23805584,000.27
Tournament (k=3),Arithmetic,Gaussian,0.50670,0.02000,000.00000000,000.02382193,000.02939034,000.22247212,000.21
Tournament (k=3),Arithmetic,Gaussian,0.53756,0.06795,000.00000000,000.00206437,000.00214005,000.00526619,000.22
Tournament (k=3),Arithmetic,Gaussian,0.81310,0.07415,000.00000381,000.00140986,000.00121880,000.00694340,000.23
Tournament (k=3),Arithmetic,Gaussian,0.66113,0.13667,000.00000000,000.00009828,000.00009727,000.00045219,000.32
Tournament (k=3),Arithmetic,Gaussian,0.58741,0.30000,000.00636292,000.12287883,000.13048553,000.33156729,000.39
Tournament (k=3),Arithmetic,Gaussian,0.46371,0.27490,000.00196838,000.05836072,000.06671143,000.16123866,000.40
Tournament (k=3),Arithmetic,Gaussian,0.41200,0.02837,000.00000000,000.01395249,000.01332474,000.15290630,000.21
Tournament (k=3),Arithmetic,Gaussian,0.78941,0.04390,000.00001526,000.00531626,000.00575447,000.01361926,000.24
Tournament (k=3),Arithmetic,Gaussian,0.86261,0.02382,000.00000000,000.01909876,000.01740265,000.15018953,000.18
Tournament (k=3),Arithmetic,Gaussian,0.55369,0.25191,000.00404358,000.03829260,000.04531479,000.07684518,000.32
Tournament (k=3),Arithmetic,Gaussian,0.68096,0.02000,000.00000381,000.02154837,000.02122688,000.23725235,000.20
Tournament (k=3),Arithmetic,Uniform,0.41200,0.04390,000.00011444,000.07844720,000.07712364,000.27936131,000.23
Tournament (k=3),Arithmetic,Gaussian,0.76642,0.07415,000.00000000,000.00113845,000.00134277,000.00704119,000.27
Tournament (k=2),Blend,Uniform,0.91514,0.04023,000.00000000,000.00354819,000.00000572,000.35643905,000.21
Tournament (k=3),Arithmetic,Uniform,0.40000,0.08830,000.00000000,000.01427498,000.01295662,000.05480339,000.23
Tournament (k=3),Arithmetic,Gaussian,0.91514,0.08830,000.00000000,000.00151768,000.00111771,000.10657918,000.23
Tournament (k=3),Arithmetic,Gaussian,0.64187,0.08830,000.00000000,000.00067434,000.00062180,000.00451233,000.25
Tournament (k=3),Arithmetic,Gaussian,0.86261,0.08092,000.00000000,000.00099030,000.00094414,000.16039747,000.25
Tournament (k=3),Arithmetic,Gaussian,0.97087,0.23084,000.00124359,000.02578478,000.02898979,000.12059332,000.38
Tournament (k=3),Arithmetic,Gaussian,0.94259,0.04791,000.00002289,000.00687132,000.00726128,000.29752046,000.20
Tournament (k=3),Arithmetic,Gaussian,0.58741,0.03686,000.00000000,000.00672588,000.00710297,000.02969635,000.19
Tournament (k=3),Arithmetic,Gaussian,0.46371,0.09637,000.00000000,000.00078950,000.00079918,000.00297053,000.24
Tournament (k=3),Arithmetic,Gaussian,0.72243,0.19383,000.00003815,000.00248775,000.00253677,000.04647649,000.36
Tournament (k=3),Arithmetic,Gaussian,0.81310,0.25191,000.00399017,000.05063295,000.05569077,000.25644454,000.37
Tournament (k=3),Arithmetic,Gaussian,0.49195,0.04023,000.00000000,000.00542517,000.00631332,000.02423581,000.23
Tournament (k=3),Arithmetic,Gaussian,0.49195,0.12524,000.00000000,000.00022197,000.00016785,000.00135904,000.32
Tournament (k=3),Arithmetic,Gaussian,0.83749,0.13667,000.00000000,000.00004845,000.00003052,000.00061587,000.33
Tournament (k=3),Arithmetic,Gaussian,0.68096,0.08830,000.00000000,000.00063086,000.00061989,000.00287458,000.28
Tournament (k=3),Arithmetic,Gaussian,0.66113,0.04791,000.00000000,000.00409832,000.00310135,000.01601858,000.20
Tournament (k=3),Arithmetic,Gaussian,0.41200,0.08830,000.00000381,000.00082302,000.00074768,000.00803985,000.27
Tournament (k=3),Arithmetic,Gaussian,0.83749,0.04390,000.00000763,000.00541878,000.00589371,000.01954862,000.20
Tournament (k=2),Blend,Uniform,0.91514,0.04390,000.00000000,000.00078225,000.00000381,000.27875379,000.23
Tournament (k=3),Arithmetic,Gaussian,0.72243,0.02382,000.00000000,000.02048950,000.02198029,000.08514993,000.22
Tournament (k=3),Arithmetic,Gaussian,0.76642,0.21153,000.00064850,000.00968404,000.01239204,000.02906722,000.37
Tournament (k=3),Arithmetic,Gaussian,0.60503,0.17762,000.00000381,000.00037451,000.00035858,000.00112926,000.36
Tournament (k=3),Arithmetic,Gaussian,1.00000,0.04791,000.00001526,000.01803036,000.01403427,000.39153397,000.24
Tournament (k=3),Arithmetic,Gaussian,0.86261,0.08830,000.00000000,000.00082603,000.00076485,000.00417736,000.25
Tournament (k=3),Arithmetic,Gaussian,0.94259,0.05228,000.00001907,000.00575147,000.00556564,000.15294044,000.23
Tournament (k=3),Arithmetic,Uniform,0.42436,0.02599,000.00001907,000.22005439,000.18238831,000.46991518,000.17
Tournament (k=3),Arithmetic,Uniform,0.41200,0.13667,000.00001526,000.00393205,000.00409508,000.01513186,000.24
Tournament (k=3),Arithmetic,Gaussian,0.57030,0.07415,000.00000000,000.00175500,000.00149345,000.00598217,000.23
Tournament (k=3),Arithmetic,Gaussian,0.46371,0.10516,000.00000000,000.00062118,000.00056076,000.00626654,000.29
Tournament (k=3),Arithmetic,Gaussian,0.53756,0.21153,000.00012207,000.00605636,000.00643158,000.01592077,000.37
Tournament (k=3),Arithmetic,Gaussian,0.70139,0.04390,000.00000000,000.00361104,000.00347710,000.01321077,000.20
Tournament (k=3),Arithmetic,Uniform,0.40000,0.02599,000.00003052,000.22780776,000.21435547,000.54800493,000.17
Tournament (k=3),Arithmetic,Gaussian,0.55369,0.08830,000.00002289,000.00079870,000.00075912,000.00358047,000.24
Tournament (k=3),Arithmetic,Gaussian,0.62318,0.04791,000.00000381,000.00324697,000.00364494,000.02387671,000.24
Tournament (k=3),Arithmetic,Gaussian,0.50670,0.21153,000.00003815,000.00496964,000.00559425,000.03090536,000.38
Tournament (k=3),Arithmetic,Gaussian,0.52190,0.11476,000.00000000,000.00029411,000.00028419,000.00154136,000.26
Tournament (k=3),Arithmetic,Gaussian,0.81310,0.02599,000.00000000,000.01233478,000.01154327,000.03999641,000.22
Tournament (k=3),Arithmetic,Gaussian,0.72243,0.21153,000.00009918,000.00855932,000.00893593,000.06832170,000.36
Tournament (k=3),Arithmetic,Uniform,0.42436,0.02837,000.00000000,000.18573375,000.22819138,000.36521614,000.17
Tournament (k=3),Arithmetic,Gaussian,0.58741,0.10516,000.00000000,000.00031962,000.00034904,000.00134214,000.26
Tournament (k=3),Arithmetic,Gaussian,0.47762,0.21153,000.00016022,000.00504861,000.00552177,000.01270833,000.37
Tournament (k=3),Arithmetic,Gaussian,1.00000,0.05228,000.00000763,000.01715798,000.01060295,000.43637469,000.26
Tournament (k=3),Arithmetic,Gaussian,0.53756,0.02599,000.00000000,000.01243362,000.01277542,000.10979319,000.20
Tournament (k=3),Arithmetic,Uniform,0.42436,0.08092,000.00000000,000.01087785,000.01170349,000.09439626,000.24
Tournament (k=3),Arithmetic,Gaussian,0.86261,0.25191,000.00397873,000.05464535,000.06364441,000.22048657,000.39
Tournament (k=3),Arithmetic,Gaussian,0.62318,0.11476,000.00000000,000.00020900,000.00019455,000.00095478,000.31
Tournament (k=3),Arithmetic,Gaussian,0.88849,0.04791,000.00000000,000.00546446,000.00536919,000.04132272,000.21
Tournament (k=3),Arithmetic,Gaussian,0.94259,0.13667,000.00000000,000.00005913,000.00004578,000.00320135,000.32
Tournament (k=3),Arithmetic,Gaussian,0.76642,0.02183,000.00000000,000.02388663,000.02609825,000.17689727,000.21
Tournament (k=3),Arithmetic,Gaussian,0.50670,0.07415,000.00000000,000.00163274,000.00121307,000.00537465,000.22
Tournament (k=3),Arithmetic,Gaussian,0.62318,0.05228,000.00000000,000.00261273,000.00216484,000.01337031,000.23
Tournament (k=3),Arithmetic,Uniform,0.42436,0.25191,000.00525665,000.44326812,000.50916481,000.49774328,000.31
Tournament (k=3),Arithmetic,Gaussian,0.91514,0.02837,000.00000763,000.01476593,000.01607895,000.24930082,000.22
Tournament (k=3),Arithmetic,Gaussian,0.60503,0.08092,000.00000000,000.00112453,000.00115776,000.00323205,000.24
Tournament (k=3),Arithmetic,Gaussian,0.52190,0.04390,000.00000000,000.00287848,000.00330734,000.01366297,000.24
Tournament (k=3),Arithmetic,Gaussian,0.72243,0.09637,000.00000000,000.00062060,000.00065231,000.00294631,000.29
Tournament (k=3),Arithmetic,Gaussian,0.88849,0.13667,000.00000000,000.00006719,000.00006866,000.00282459,000.33
Tournament (k=3),Arithmetic,Gaussian,0.64187,0.23084,000.00131989,000.01855617,000.02025986,000.05036098,000.31
Tournament (k=3),Arithmetic,Gaussian,0.55369,0.04023,000.00000000,000.00678616,000.00650024,000.06515845,000.23
Tournament (k=3),Arithmetic,Gaussian,0.74410,0.04023,000.00000000,000.00712767,000.00624847,000.05582759,000.23
Tournament (k=3),Arithmetic,Gaussian,0.64187,0.02837,000.00000000,000.01081972,000.01157379,000.12996869,000.22
Tournament (k=3),Arithmetic,Gaussian,0.68096,0.25191,000.00043106,000.04415293,000.04920578,000.13357283,000.32
Tournament (k=3),Arithmetic,Uniform,0.40000,0.25191,000.00506973,000.34301251,000.37071228,000.52407438,000.27
Tournament (k=3),Arithmetic,Gaussian,0.88849,0.05228,000.00000000,000.00408788,000.00411606,000.02964380,000.23
Tournament (k=3),Arithmetic,Uniform,0.42436,0.08830,000.00007629,000.01624308,000.01557541,000.04310182,000.31
Tournament (k=3),Arithmetic,Gaussian,0.76642,0.02382,000.00000000,000.02008343,000.01824188,000.13503867,000.22
Tournament (k=3),Arithmetic,Uniform,0.43709,0.04791,000.00000000,000.05045552,000.05517197,000.24564020,000.21
Tournament (k=3),Arithmetic,Gaussian,0.78941,0.16276,000.00000000,000.00021100,000.00024986,000.00163921,000.29
Tournament (k=3),Arithmetic,Gaussian,0.43709,0.09637,000.00000000,000.00068083,000.00058937,000.00379542,000.29
Tournament (k=3),Arithmetic,Gaussian,0.91514,0.27490,000.00947571,000.13218132,000.14407921,000.32605454,000.35
Tournament (k=3),Arithmetic,Gaussian,0.62318,0.05705,000.00000000,000.00246935,000.00233650,000.01135959,000.25
Tournament (k=3),Arithmetic,Gaussian,0.81310,0.08092,000.00000381,000.00093021,000.00090790,000.00281665,000.24
Tournament (k=3),Arithmetic,Gaussian,0.86261,0.02599,000.00001526,000.02134895,000.02169037,000.20110512,000.18
Tournament (k=3),Arithmetic,Gaussian,0.41200,0.03095,000.00000000,000.01133223,000.01233482,000.04263916,000.22
Tournament (k=3),Arithmetic,Gaussian,0.68096,0.02183,000.00000000,000.02314753,000.02225876,000.18385449,000.20
Tournament (k=3),Arithmetic,Gaussian,0.57030,0.19383,000.00004196,000.00191293,000.00205612,000.00587514,000.36
Tournament (k=3),Arithmetic,Gaussian,0.78941,0.04791,000.00000000,000.00477633,000.00501823,000.01684140,000.24
Tournament (k=3),Arithmetic,Gaussian,0.66113,0.14915,000.00000000,000.00008335,000.00008392,000.00049075,000.29
Tournament (k=3),Arithmetic,Uniform,0.45020,0.02837,000.00001907,000.14587307,000.10511398,000.39426431,000.21
Tournament (k=3),Arithmetic,Uniform,0.43709,0.14915,000.00005341,000.00190434,000.00130844,000.00863234,000.32
Tournament (k=3),Arithmetic,Gaussian,0.64187,0.03095,000.00001144,000.00718651,000.00679016,000.03682179,000.25
Tournament (k=3),Arithmetic,Gaussian,0.76642,0.08092,000.00000000,000.00079837,000.00083923,000.00574194,000.27
Tournament (k=3),Arithmetic,Gaussian,0.97087,0.02382,000.00000000,000.08334384,000.06614876,000.48154566,000.21
Tournament (k=3),Arithmetic,Gaussian,0.91514,0.09637,000.00000381,000.00068007,000.00057030,000.06526970,000.24
Tournament (k=3),Arithmetic,Gaussian,0.55369,0.27490,000.00131226,000.07871661,000.08527565,000.17764334,000.33
Tournament (k=3),Arithmetic,Uniform,0.40000,0.09637,000.00000000,000.00890632,000.00968552,000.03996261,000.25
Tournament (k=3),Arithmetic,Gaussian,0.58741,0.04023,000.00000000,000.00609183,000.00642586,000.02141166,000.19
Tournament (k=3),Arithmetic,Gaussian,0.46371,0.30000,000.00310135,000.10378947,000.11732101,000.18668857,000.41
Tournament (k=3),Arithmetic,Gaussian,0.64187,0.09637,000.00000000,000.00055881,000.00051117,000.00307153,000.28
Tournament (k=3),Arithmetic,Gaussian,0.68096,0.02382,000.00000763,000.01626315,000.01423264,000.14439574,000.22
Tournament (k=3),Arithmetic,Gaussian,0.81310,0.08830,000.00000000,000.00049038,000.00047112,000.00346067,000.26
Tournament (k=3),Arithmetic,Gaussian,0.66113,0.05228,000.00000000,000.00333185,000.00368309,000.01857068,000.21
Tournament (k=3),Arithmetic,Uniform,0.45020,0.08830,000.00000000,000.00675154,000.00576019,000.03224164,000.25
Tournament (k=3),Arithmetic,Gaussian,0.68096,0.09637,000.00000000,000.00033545,000.00035095,000.00198921,000.24
Tournament (k=3),Arithmetic,Gaussian,0.97087,0.25191,000.00185013,000.05822177,000.06062126,000.26230663,000.32
Tournament (k=3),Arithmetic,Gaussian,0.70139,0.13667,000.00000000,000.00007586,000.00008011,000.00119301,000.33
Tournament (k=3),Arithmetic,Gaussian,0.83749,0.04791,000.00001526,000.00383554,000.00441933,000.10195613,000.23
Tournament (k=3),Arithmetic,Gaussian,0.78941,0.05228,000.00000000,000.00364480,000.00449371,000.01303900,000.25
Tournament (k=3),Arithmetic,Gaussian,0.72243,0.02599,000.00001526,000.01174278,000.01464653,000.05894272,000.22
Tournament (k=3),Arithmetic,Gaussian,0.83749,0.14915,000.00000000,000.00010571,000.00009918,000.00163859,000.33
Tournament (k=3),Arithmetic,Gaussian,0.58741,0.04390,000.00000000,000.00447221,000.00528336,000.02339782,000.20
Tournament (k=3),Arithmetic,Uniform,0.45020,0.27490,000.02184296,000.64907897,000.80873871,000.63249284,000.27
Tournament (k=3),Arithmetic,Uniform,0.40000,0.10516,000.00000000,000.00658822,000.00570488,000.02995334,000.24
Tournament (k=3),Arithmetic,Gaussian,0.81310,0.27490,000.00350189,000.10158210,000.11551476,000.21639431,000.40
Tournament (k=3),Arithmetic,Gaussian,0.74410,0.12524,000.00000000,000.00008268,000.00007248,000.00067835,000.26
Tournament (k=3),Arithmetic,Gaussian,0.91514,0.10516,000.00000000,000.00032554,000.00024414,000.11899105,000.29
Tournament (k=3),Arithmetic,Gaussian,0.70139,0.04791,000.00000000,000.00304961,000.00305176,000.01153030,000.21
Tournament (k=3),Arithmetic,Gaussian,0.57030,0.08092,000.00000000,000.00093284,000.00097275,000.00469276,000.24
Tournament (k=3),Arithmetic,Gaussian,0.46371,0.11476,000.00000000,000.00032563,000.00029755,000.00371201,000.26
Tournament (k=3),Arithmetic,Gaussian,0.64187,0.10516,000.00000000,000.00031061,000.00028992,000.00237509,000.32
Tournament (k=3),Arithmetic,Gaussian,0.55369,0.09637,000.00000000,000.00068626,000.00074768,000.00291015,000.25
Tournament (k=3),Arithmetic,Gaussian,0.76642,0.23084,000.00138092,000.02071271,000.02046013,000.12331966,000.41
Tournament (k=3),Arithmetic,Uniform,0.42436,0.03095,000.00000000,000.11023073,000.08274460,000.31649885,000.18
Tournament (k=3),Arithmetic,Gaussian,0.81310,0.02837,000.00000000,000.01360183,000.01249313,000.10689366,000.23
Tournament (k=3),Arithmetic,Gaussian,0.45020,0.19383,000.00001526,000.00166788,000.00187111,000.00427572,000.43
Tournament (k=3),Arithmetic,Gaussian,0.68096,0.10516,000.00000000,000.00032783,000.00032425,000.00120717,000.34
Tournament (k=3),Arithmetic,Gaussian,0.52190,0.12524,000.00000000,000.00037212,000.00036621,000.00143770,000.28
Tournament (k=3),Arithmetic,Uniform,0.47762,0.03095,000.00000381,000.10311608,000.10809898,000.28532860,000.18
Tournament (k=3),Arithmetic,Uniform,0.46371,0.05228,000.00000763,000.04752173,000.04479408,000.22111565,000.23
Tournament (k=3),Arithmetic,Gaussian,1.00000,0.05705,000.00000000,000.01685080,000.00881577,000.55769342,000.25
Tournament (k=2),Blend,Uniform,1.00000,0.27490,000.58426666,004.03234768,004.56012917,001.44645751,000.36
Tournament (k=3),Arithmetic,Gaussian,0.53756,0.23084,000.00041199,000.01185694,000.01374245,000.14222597,000.42
Tournament (k=3),Arithmetic,Gaussian,0.50670,0.23084,000.00023651,000.01345611,000.01601601,000.02577669,000.36
Tournament (k=3),Arithmetic,Gaussian,0.58741,0.11476,000.00000000,000.00020022,000.00017166,000.00209573,000.31
Tournament (k=3),Arithmetic,Uniform,0.46371,0.16276,000.00000000,000.00258203,000.00195312,000.03034061,000.30
Tournament (k=3),Arithmetic,Uniform,0.47762,0.09637,000.00000763,000.00679560,000.00553703,000.02668756,000.24
Tournament (k=3),Arithmetic,Gaussian,0.57030,0.08830,000.00000000,000.00075622,000.00055504,000.00395270,000.28
Tournament (k=3),Arithmetic,Gaussian,0.97087,0.08092,000.00000000,000.00217915,000.00166702,000.19030657,000.23
Tournament (k=3),Arithmetic,Uniform,0.42436,0.03378,000.00000000,000.13307600,000.12670517,000.38508460,000.18
Tournament (k=3),Arithmetic,Gaussian,0.60503,0.02000,000.00003815,000.02802744,000.03133583,000.20248197,000.18
Tournament (k=3),Arithmetic,Gaussian,0.62318,0.12524,000.00000000,000.00012622,000.00010490,000.00075085,000.34
Tournament (k=3),Arithmetic,Gaussian,0.55369,0.10516,000.00000000,000.00045323,000.00047302,000.00275309,000.32
Tournament (k=3),Arithmetic,Gaussian,0.91514,0.03095,000.00000000,000.01313434,000.01401520,000.11094145,000.23
Tournament (k=3),Arithmetic,Gaussian,0.60503,0.08830,000.00000000,000.00055199,000.00050735,000.00334415,000.25
Tournament (k=3),Arithmetic,Gaussian,0.94259,0.14915,000.00000000,000.00014119,000.00013161,000.00544042,000.37
Tournament (k=3),Arithmetic,Gaussian,0.72243,0.23084,000.00003815,000.01648827,000.01626396,000.16862133,000.52
Tournament (k=3),Arithmetic,Uniform,0.41200,0.04791,000.00001526,000.04386086,000.03799629,000.26413366,000.20
Tournament (k=3),Arithmetic,Gaussian,0.86261,0.27490,000.00560379,000.10569139,000.11822319,000.40420687,000.46
Tournament (k=3),Arithmetic,Gaussian,0.88849,0.05705,000.00000381,000.00391426,000.00375366,000.10498159,000.21
Tournament (k=3),Arithmetic,Gaussian,0.72243,0.10516,000.00000000,000.00029221,000.00026131,000.00148605,000.31
Tournament (k=3),Arithmetic,Gaussian,0.55369,0.04390,000.00000381,000.00367193,000.00357056,000.02372360,000.25
Tournament (k=3),Arithmetic,Uniform,0.43709,0.05228,000.00000000,000.05300889,000.06563759,000.16911705,000.19
Tournament (k=3),Arithmetic,Gaussian,0.74410,0.04390,000.00000000,000.00566587,000.00595284,000.01465661,000.25
Tournament (k=3),Arithmetic,Gaussian,0.76642,0.02599,000.00000000,000.01379314,000.01172829,000.14036706,000.22
Tournament (k=3),Arithmetic,Gaussian,0.88849,0.14915,000.00000000,000.00010023,000.00008774,000.00242478,000.34
Tournament (k=3),Arithmetic,Uniform,0.42436,0.09637,000.00000000,000.01039324,000.01090813,000.02598490,000.26
Tournament (k=3),Arithmetic,Gaussian,0.64187,0.25191,000.00283813,000.04048819,000.04386520,000.17188351,000.34
Tournament (k=3),Arithmetic,Gaussian,0.76642,0.25191,000.00056076,000.04002748,000.04444504,000.22886226,000.51
Tournament (k=3),Arithmetic,Gaussian,0.68096,0.27490,000.00019455,000.08757047,000.10499382,000.24141997,000.35
Tournament (k=3),Arithmetic,Gaussian,0.78941,0.17762,000.00000763,000.00063081,000.00068283,000.00304125,000.29
Tournament (k=3),Arithmetic,Uniform,0.46371,0.17762,000.00004578,000.00661607,000.00575066,000.04442910,000.37
Tournament (k=3),Arithmetic,Gaussian,0.43709,0.10516,000.00000000,000.00082111,000.00092506,000.00211963,000.28
Tournament (k=3),Arithmetic,Gaussian,0.86261,0.02837,000.00000763,000.01473317,000.01146317,000.08484749,000.21
Tournament (k=3),Arithmetic,Uniform,0.47762,0.30000,000.08956909,000.95462954,001.19342613,000.78320098,000.28
Tournament (k=3),Arithmetic,Uniform,0.41200,0.05228,000.00000381,000.03520651,000.03517914,000.19374809,000.20
Tournament (k=3),Arithmetic,Uniform,0.49195,0.05705,000.00000000,000.02580471,000.02923584,000.14680089,000.23
Tournament (k=3),Arithmetic,Gaussian,0.88849,0.06226,000.00000000,000.00262613,000.00240135,000.01272087,000.23
Tournament (k=3),Arithmetic,Uniform,0.49195,0.17762,000.00001526,000.00774918,000.00604820,000.08261827,000.28
Tournament (k=3),Arithmetic,Gaussian,0.55369,0.11476,000.00000000,000.00025892,000.00022125,000.00213325,000.32
Tournament (k=3),Arithmetic,Uniform,0.43709,0.05705,000.00000000,000.03076429,000.02675819,000.20511504,000.24
Tournament (k=3),Arithmetic,Uniform,0.45020,0.03095,000.00090790,000.08865643,000.09313202,000.30159327,000.19
Tournament (k=3),Arithmetic,Gaussian,0.55369,0.04791,000.00000000,000.00493889,000.00514793,000.02260633,000.26
Tournament (k=3),Arithmetic,Gaussian,1.00000,0.13667,000.00000000,000.00005302,000.00004005,000.04940253,000.33
Tournament (k=3),Arithmetic,Gaussian,0.66113,0.16276,000.00000000,000.00017776,000.00018501,000.00058688,000.29
Tournament (k=3),Arithmetic,Gaussian,0.64187,0.03378,000.00000000,000.00631919,000.00644684,000.02483447,000.23
Tournament (k=3),Arithmetic,Gaussian,0.72243,0.11476,000.00000000,000.00018902,000.00018120,000.00253730,000.32
Tournament (k=3),Arithmetic,Gaussian,0.97087,0.02599,000.00008774,000.03425875,000.03470421,000.34839576,000.21
Tournament (k=3),Arithmetic,Uniform,0.43709,0.16276,000.00001526,000.00277696,000.00256348,000.01433048,000.27
Tournament (k=3),Arithmetic,Gaussian,0.47762,0.02000,000.00000000,000.03282051,000.02072144,000.32357597,000.21
Tournament (k=3),Arithmetic,Gaussian,0.86261,0.09637,000.00000000,000.00055442,000.00048065,000.00438250,000.24
Tournament (k=3),Arithmetic,Gaussian,0.76642,0.08830,000.00000000,000.00039415,000.00034523,000.00217990,000.28
Tournament (k=3),Arithmetic,Gaussian,0.68096,0.02599,000.00000381,000.01691523,000.01523018,000.05079736,000.22
Tournament (k=3),Arithmetic,Uniform,0.40000,0.02837,000.00000763,000.15632486,000.17284393,000.38752872,000.17
Tournament (k=3),Arithmetic,Uniform,0.41200,0.14915,000.00001144,000.00228353,000.00251198,000.00984534,000.24
Tournament (k=3),Arithmetic,Uniform,0.46371,0.19383,000.00048828,000.02654619,000.03293037,000.16341555,000.31
Tournament (k=3),Arithmetic,Uniform,0.50670,0.03378,000.00000000,000.10262056,000.11800766,000.34333235,000.20
Tournament (k=3),Arithmetic,Gaussian,0.81310,0.09637,000.00000000,000.00040855,000.00039673,000.03029898,000.28
Tournament (k=3),Arithmetic,Gaussian,0.60503,0.19383,000.00003815,000.00170746,000.00178909,000.00781535,000.36
Tournament (k=3),Arithmetic,Gaussian,0.55369,0.30000,000.00183105,000.12422147,000.14152718,000.27663806,000.35
Tournament (k=3),Arithmetic,Uniform,0.45020,0.09637,000.00001526,000.00935707,000.01020622,000.02158124,000.26
Tournament (k=3),Arithmetic,Gaussian,0.78941,0.05705,000.00000000,000.00375271,000.00466537,000.01871143,000.25
Tournament (k=3),Arithmetic,Gaussian,0.58741,0.04791,000.00000000,000.00363727,000.00405884,000.01822240,000.21
Tournament (k=3),Arithmetic,Gaussian,0.88849,0.06795,000.00000000,000.00196948,000.00182152,000.09887543,000.31
Tournament (k=3),Arithmetic,Uniform,0.40000,0.03095,000.00000381,000.15127201,000.14887619,000.49536347,000.17
Tournament (k=3),Arithmetic,Uniform,0.45020,0.30000,000.05945969,000.79398310,001.03962517,000.64834017,000.28
Tournament (k=3),Arithmetic,Gaussian,0.70139,0.05228,000.00000381,000.00260553,000.00252151,000.01617385,000.21
Tournament (k=3),Arithmetic,Uniform,0.40000,0.11476,000.00000000,000.00511169,000.00405121,000.02742370,000.27
Tournament (k=3),Arithmetic,Gaussian,1.00000,0.14915,000.00000000,000.00015578,000.00015068,000.00743222,000.35
Tournament (k=3),Arithmetic,Gaussian,0.66113,0.17762,000.00000381,000.00054035,000.00058556,000.00232877,000.35
Tournament (k=3),Arithmetic,Gaussian,0.97087,0.27490,000.00636673,000.09446239,000.10704803,000.30473572,000.41
Tournament (k=3),Arithmetic,Gaussian,0.91514,0.11476,000.00000000,000.00025210,000.00020218,000.00834138,000.26
Tournament (k=3),Arithmetic,Gaussian,0.83749,0.16276,000.00000000,000.00032716,000.00031853,000.00182356,000.36
Tournament (k=3),Arithmetic,Gaussian,0.74410,0.13667,000.00000000,000.00006943,000.00006104,000.00200664,000.29
Tournament (k=3),Arithmetic,Uniform,0.41200,0.16276,000.00001907,000.00545115,000.00598526,000.01678194,000.27
Tournament (k=3),Arithmetic,Gaussian,0.81310,0.03095,000.00000000,000.00940499,000.00976562,000.10465683,000.24
Tournament (k=3),Arithmetic,Uniform,0.47762,0.03378,000.00000000,000.09558573,000.09152603,000.36941656,000.19
Tournament (k=3),Arithmetic,Uniform,0.50670,0.10516,000.00000381,000.00512519,000.00486374,000.03146337,000.25
Tournament (k=3),Arithmetic,Uniform,0.46371,0.05705,000.00012589,000.03556738,000.03867340,000.15023071,000.24
Tournament (k=3),Arithmetic,Uniform,0.45020,0.10516,000.00000000,000.00551896,000.00453758,000.05509182,000.29
Tournament (k=3),Arithmetic,Uniform,0.46371,0.21153,000.00017548,000.06689034,000.07254219,000.23766090,000.34
Tournament (k=3),Arithmetic,Gaussian,0.81310,0.30000,000.00307083,000.16261487,000.17379761,000.45068386,000.42
Tournament (k=3),Arithmetic,Uniform,0.42436,0.27490,000.01944733,000.54444695,000.54522896,000.72183955,000.34
Tournament (k=3),Arithmetic,Uniform,0.52190,0.02000,000.00007629,000.27466148,000.27778244,000.45871183,000.22
Tournament (k=3),Arithmetic,Gaussian,0.70139,0.05705,000.00001526,000.00267577,000.00291061,000.00889503,000.23
Tournament (k=3),Arithmetic,Gaussian,0.52190,0.13667,000.00000000,000.00018497,000.00018501,000.00098586,000.35
Tournament (k=3),Arithmetic,Gaussian,1.00000,0.06226,000.00000000,000.01142225,000.01002884,000.41139421,000.27
Tournament (k=3),Arithmetic,Uniform,0.42436,0.03686,000.00000381,000.09569879,000.09769630,000.34232602,000.19
Tournament (k=3),Arithmetic,Uniform,0.52190,0.06226,000.00001907,000.02556682,000.02647591,000.15776320,000.25
Tournament (k=3),Arithmetic,Gaussian,0.60503,0.02183,000.00000381,000.02687426,000.02933884,000.14818232,000.20
Tournament (k=3),Arithmetic,Uniform,0.47762,0.10516,000.00000000,000.00717797,000.00684547,000.02018619,000.24
Tournament (k=3),Arithmetic,Uniform,0.47762,0.03686,000.00003052,000.06665178,000.06952286,000.29754236,000.19
Tournament (k=3),Arithmetic,Uniform,0.40000,0.27490,000.00978851,000.48560590,000.54056931,000.60185707,000.29
Tournament (k=3),Arithmetic,Uniform,0.52190,0.19383,000.00034332,000.03024449,000.03500175,000.14747129,000.28
Tournament (k=3),Arithmetic,Gaussian,0.97087,0.08830,000.00000000,000.00170288,000.00125504,000.37544465,000.31
Tournament (k=3),Arithmetic,Gaussian,0.58741,0.12524,000.00000000,000.00017014,000.00016403,000.00152506,000.34
Tournament (k=3),Arithmetic,Uniform,0.50670,0.11476,000.00000381,000.00238576,000.00260162,000.01711108,000.26
Tournament (k=3),Arithmetic,Uniform,0.46371,0.06226,000.00000000,000.02988572,000.02917290,000.10791054,000.23
Tournament (k=3),Arithmetic,Uniform,0.45020,0.11476,000.00000381,000.00584860,000.00532341,000.03429788,000.27
Tournament (k=3),Arithmetic,Gaussian,0.62318,0.13667,000.00000000,000.00008025,000.00006485,000.00140687,000.35
Tournament (k=3),Arithmetic,Uniform,0.53756,0.03686,000.00000000,000.06827950,000.06540108,000.33985001,000.24
Tournament (k=3),Arithmetic,Gaussian,0.70139,0.06226,000.00000000,000.00152655,000.00127411,000.00880223,000.25
Tournament (k=3),Arithmetic,Gaussian,0.41200,0.09637,000.00000000,000.00073071,000.00086021,000.00353895,000.30
Tournament (k=3),Arithmetic,Gaussian,1.00000,0.06795,000.00000763,000.00531011,000.00333786,000.33884281,000.28
Tournament (k=3),Arithmetic,Uniform,0.42436,0.10516,000.00000000,000.00515885,000.00474739,000.02105777,000.26
Tournament (k=3),Arithmetic,Uniform,0.49195,0.02000,000.00000000,000.32921028,000.35349464,000.48118278,000.17
Tournament (k=3),Arithmetic,Uniform,0.42436,0.30000,000.06575775,000.71515894,000.89781952,000.78880167,000.36
Tournament (k=3),Arithmetic,Gaussian,0.86261,0.03095,000.00000000,000.01488204,000.01477814,000.18360898,000.19
Tournament (k=3),Arithmetic,Gaussian,0.72243,0.25191,000.00299072,000.05049057,000.06324387,000.16464287,000.41
Tournament (k=3),Arithmetic,Uniform,0.41200,0.05705,000.00001526,000.04086008,000.04619980,000.18295957,000.19
Tournament (k=3),Arithmetic,Gaussian,0.94259,0.05705,000.00003815,000.00350027,000.00288582,000.08402018,000.23
Tournament (k=3),Arithmetic,Gaussian,0.88849,0.16276,000.00000000,000.00031962,000.00029182,000.00255455,000.35
Tournament (k=3),Arithmetic,Uniform,0.53756,0.11476,000.00000000,000.00255022,000.00257111,000.02192383,000.28
Tournament (k=3),Arithmetic,Gaussian,0.86261,0.30000,000.02413940,000.17185469,000.18964005,000.35668066,000.44
Tournament (k=3),Arithmetic,Gaussian,0.64187,0.27490,000.01091385,000.08508787,000.09948730,000.26119664,000.35
Tournament (k=3),Arithmetic,Gaussian,0.78941,0.19383,000.00007629,000.00311713,000.00309563,000.01064448,000.30
Tournament (k=3),Arithmetic,Gaussian,0.68096,0.30000,000.01013947,000.15949664,000.16910934,000.33894739,000.35
Tournament (k=3),Arithmetic,Uniform,0.49195,0.06226,000.00000000,000.03033447,000.03153229,000.17238131,000.23
Tournament (k=3),Arithmetic,Gaussian,0.76642,0.27490,000.00314713,000.08882046,000.09912491,000.25731653,000.41
Tournament (k=3),Arithmetic,Uniform,0.53756,0.04023,000.00004578,000.08266473,000.09276199,000.33895329,000.22
Tournament (k=3),Arithmetic,Uniform,0.43709,0.06226,000.00000000,000.01969876,000.01748466,000.14764737,000.20
Tournament (k=3),Arithmetic,Uniform,0.45020,0.03378,000.00000000,000.08615832,000.09133911,000.28776208,000.22
Tournament (k=3),Arithmetic,Uniform,0.49195,0.19383,000.00041962,000.02550540,000.02418518,000.12606588,000.30
Tournament (k=3),Arithmetic,Gaussian,0.83749,0.05228,000.00000000,000.00325208,000.00302124,000.01918455,000.21
Tournament (k=3),Arithmetic,Gaussian,0.86261,0.03378,000.00000000,000.01153722,000.01081848,000.03687814,000.20
Tournament (k=3),Arithmetic,Gaussian,0.72243,0.02837,000.00000763,000.01406741,000.01201057,000.07748730,000.22
Tournament (k=3),Arithmetic,Gaussian,0.70139,0.06795,000.00000000,000.00115843,000.00105858,000.00481813,000.30
Tournament (k=3),Arithmetic,Gaussian,0.97087,0.02837,000.00000000,000.02567515,000.02157211,000.36022258,000.19
Tournament (k=3),Arithmetic,Gaussian,0.47762,0.02183,000.00000000,000.02008634,000.01846504,000.20773557,000.17
Tournament (k=3),Arithmetic,Gaussian,0.70139,0.02000,000.00000000,000.02134304,000.01390266,000.17511229,000.21
Tournament (k=3),Arithmetic,Gaussian,0.86261,0.10516,000.00000000,000.00033822,000.00023651,000.00395624,000.24
Tournament (k=3),Arithmetic,Gaussian,0.94259,0.06226,000.00000763,000.00359559,000.00249672,000.15629336,000.25
Tournament (k=3),Arithmetic,Gaussian,0.70139,0.14915,000.00000000,000.00008831,000.00008774,000.00126449,000.34
Tournament (k=3),Arithmetic,Uniform,0.55369,0.02183,000.00068665,000.26674134,000.25825500,000.56844586,000.17
Tournament (k=3),Arithmetic,Gaussian,0.50670,0.02183,000.00000000,000.01695199,000.01543999,000.16370569,000.18
Tournament (k=3),Arithmetic,Gaussian,0.72243,0.12524,000.00000000,000.00010705,000.00011063,000.00274788,000.32
Tournament (k=3),Arithmetic,Uniform,0.49195,0.06795,000.00000000,000.02290921,000.02455139,000.09563705,000.23
Tournament (k=3),Arithmetic,Uniform,0.43709,0.17762,000.00006866,000.00655408,000.00710297,000.01744794,000.30
Tournament (k=3),Arithmetic,Gaussian,0.68096,0.02837,000.00001144,000.00754566,000.00742912,000.11094831,000.22
Tournament (k=3),Arithmetic,Uniform,0.50670,0.03686,000.00000763,000.08077936,000.07922173,000.31316838,000.20
Tournament (k=3),Arithmetic,Gaussian,0.53756,0.07415,000.00000000,000.00132756,000.00121498,000.00577435,000.22
Tournament (k=3),Arithmetic,Uniform,0.55369,0.06795,000.00000000,000.01797857,000.01841736,000.06742898,000.20
Tournament (k=3),Arithmetic,Gaussian,0.78941,0.21153,000.00043106,000.00991163,000.01185608,000.07366521,000.37
Tournament (k=3),Arithmetic,Gaussian,0.72243,0.03095,000.00000000,000.01015596,000.01149940,000.04741216,000.23
Tournament (k=3),Arithmetic,Gaussian,0.81310,0.10516,000.00000000,000.00032277,000.00026512,000.00231586,000.25
Tournament (k=3),Arithmetic,Uniform,0.46371,0.02000,000.00000000,000.35591197,000.38418961,000.53839391,000.17
Tournament (k=3),Arithmetic,Gaussian,0.64187,0.30000,000.00515747,000.18250218,000.21134377,000.40743780,000.41
Tournament (k=3),Arithmetic,Gaussian,0.58741,0.05228,000.00000000,000.00410256,000.00479889,000.01484291,000.21
Tournament (k=3),Arithmetic,Gaussian,0.88849,0.07415,000.00000000,000.00136585,000.00121880,000.03487652,000.22
Tournament (k=3),Arithmetic,Gaussian,0.68096,0.11476,000.00000000,000.00019364,000.00018883,000.00111561,000.31
Tournament (k=3),Arithmetic,Gaussian,0.76642,0.30000,000.00992584,000.16794267,000.17051697,000.36922067,000.41
Tournament (k=3),Arithmetic,Gaussian,0.60503,0.21153,000.00061798,000.00700860,000.00761986,000.01197720,000.37
Tournament (k=3),Arithmetic,Gaussian,0.94259,0.06795,000.00000000,000.00267320,000.00228691,000.26314464,000.27
Tournament (k=3),Arithmetic,Gaussian,0.68096,0.03095,000.00000381,000.01025600,000.00957680,000.08434395,000.20
Tournament (k=3),Arithmetic,Uniform,0.40000,0.12524,000.00000000,000.00361385,000.00328445,000.02556094,000.27
Tournament (k=3),Arithmetic,Gaussian,1.00000,0.16276,000.00000000,000.00033364,000.00035477,000.00473276,000.28
Tournament (k=3),Arithmetic,Uniform,0.43709,0.19383,000.00004578,000.02246275,000.02475739,000.05683419,000.32
Tournament (k=3),Arithmetic,Gaussian,0.91514,0.03378,000.00009155,000.00743942,000.00698090,000.14103948,000.20
Tournament (k=3),Arithmetic,Gaussian,0.81310,0.03378,000.00000000,000.00833588,000.00872421,000.06099720,000.23
Tournament (k=3),Arithmetic,Gaussian,0.53756,0.25191,000.00233841,000.04124961,000.04833984,000.14267278,000.37
Tournament (k=3),Arithmetic,Gaussian,0.74410,0.14915,000.00000000,000.00009241,000.00008965,000.00107219,000.28
Tournament (k=3),Arithmetic,Gaussian,0.66113,0.19383,000.00008011,000.00216308,000.00238609,000.00617067,000.38
Tournament (k=3),Arithmetic,Gaussian,0.83749,0.02000,000.00000000,000.02948847,000.02417374,000.28981945,000.21
Tournament (k=3),Arithmetic,Gaussian,0.60503,0.09637,000.00000000,000.00072026,000.00076103,000.00162499,000.29
Tournament (k=3),Arithmetic,Gaussian,0.97087,0.30000,000.00786209,000.15749450,000.17789650,000.45205209,000.44
Tournament (k=3),Arithmetic,Uniform,0.42436,0.04023,000.00000000,000.05443730,000.06389236,000.30343315,000.18
Tournament (k=3),Arithmetic,Gaussian,0.74410,0.04791,000.00000000,000.00245399,000.00215912,000.01647056,000.21
Tournament (k=3),Arithmetic,Uniform,0.52190,0.02183,000.00000000,000.21586928,000.20945740,000.54159772,000.22
Tournament (k=3),Arithmetic,Uniform,0.55369,0.21153,000.00161362,000.11902766,000.09909630,000.37704679,000.30
Tournament (k=3),Arithmetic,Gaussian,0.83749,0.17762,000.00001144,000.00105691,000.00117683,000.00487034,000.38
Tournament (k=3),Arithmetic,Uniform,0.46371,0.23084,000.00415039,000.17754945,000.18213844,000.43245003,000.32
Tournament (k=3),Arithmetic,Gaussian,0.91514,0.30000,000.00952530,000.21751037,000.21897888,000.44313940,000.38
Tournament (k=3),Arithmetic,Gaussian,0.60503,0.02382,000.00000000,000.01547298,000.02097130,000.15261593,000.18
Tournament (k=3),Arithmetic,Uniform,0.47762,0.04023,000.00004959,000.05928535,000.06244278,000.23234665,000.18
Tournament (k=3),Arithmetic,Gaussian,0.78941,0.23084,000.00160217,000.02257161,000.02432442,000.12724863,000.41
Tournament (k=3),Arithmetic,Uniform,0.52190,0.06795,000.00000381,000.01363301,000.01423645,000.09147726,000.24
Tournament (k=3),Arithmetic,Gaussian,0.68096,0.03378,000.00000000,000.00924449,000.00912666,000.03269156,000.28
Tournament (k=3),Arithmetic,Uniform,0.47762,0.11476,000.00000763,000.00353670,000.00347900,000.02422976,000.23
Tournament (k=3),Arithmetic,Gaussian,0.57030,0.21153,000.00012207,000.00620914,000.00683403,000.01810335,000.38
Tournament (k=3),Arithmetic,Uniform,0.46371,0.06795,000.00001526,000.01634374,000.01608849,000.15423082,000.20
Tournament (k=3),Arithmetic,Uniform,0.52190,0.21153,000.00182343,000.09511004,000.08634186,000.39286822,000.30
Tournament (k=3),Arithmetic,Gaussian,0.66113,0.05705,000.00000000,000.00210161,000.00210953,000.04533945,000.22
Tournament (k=3),Arithmetic,Gaussian,0.97087,0.09637,000.00000000,000.00110116,000.00057793,000.20004576,000.29
Tournament (k=3),Arithmetic,Uniform,0.40000,0.30000,000.09663391,000.78259337,001.00348473,000.61874449,000.34
Tournament (k=3),Arithmetic,Uniform,0.49195,0.02183,000.00028610,000.21325631,000.22017670,000.44046128,000.17
Tournament (k=3),Arithmetic,Uniform,0.45020,0.12524,000.00000000,000.00257392,000.00296211,000.01860666,000.25
Tournament (k=3),Arithmetic,Uniform,0.57030,0.04023,000.00000000,000.08438192,000.09350395,000.24082837,000.22
Tournament (k=3),Arithmetic,Uniform,0.50670,0.12524,000.00000381,000.00218773,000.00190163,000.00852480,000.28
Tournament (k=3),Arithmetic,Uniform,0.47762,0.04390,000.00000000,000.05158229,000.05088997,000.21166198,000.20
Tournament (k=3),Arithmetic,Uniform,0.43709,0.02000,000.00006866,000.36262488,000.37825775,000.56826621,000.20
Tournament (k=3),Arithmetic,Gaussian,1.00000,0.07415,000.00000763,000.00413699,000.00350571,000.33941311,000.25
Tournament (k=3),Arithmetic,Gaussian,0.58741,0.13667,000.00000000,000.00008984,000.00008392,000.00083143,000.34
Tournament (k=3),Arithmetic,Uniform,0.41200,0.06226,000.00000000,000.02964444,000.02708626,000.14573401,000.19
Tournament (k=3),Arithmetic,Gaussian,0.55369,0.12524,000.00000000,000.00015583,000.00016975,000.00092118,000.31
Tournament (k=3),Arithmetic,Gaussian,0.94259,0.02000,000.00001526,000.03336702,000.03099060,000.34848917,000.29
Tournament (k=3),Arithmetic,Gaussian,0.62318,0.14915,000.00000000,000.00008941,000.00009346,000.00055819,000.34
Tournament (k=3),Arithmetic,Uniform,0.57030,0.12524,000.00000000,000.00170012,000.00159073,000.01191954,000.28
Tournament (k=3),Arithmetic,Uniform,0.47762,0.12524,000.00000000,000.00270638,000.00288582,000.01153956,000.25
Tournament (k=3),Arithmetic,Uniform,0.43709,0.06795,000.00000000,000.03210087,000.03704262,000.10420576,000.20
Tournament (k=3),Arithmetic,Gaussian,0.78941,0.25191,000.00196075,000.05540490,000.05646324,000.26092044,000.37
Tournament (k=3),Arithmetic,Uniform,0.46371,0.07415,000.00000000,000.01993074,000.01714706,000.07909333,000.22
Tournament (k=3),Arithmetic,Gaussian,0.88849,0.02000,000.00016022,000.03842340,000.03755760,000.29463106,000.22
Tournament (k=3),Arithmetic,Uniform,0.41200,0.02000,000.00000763,000.32276607,000.32507515,000.55736923,000.22
Tournament (k=3),Arithmetic,Uniform,0.45020,0.03686,000.00000763,000.06719156,000.05958176,000.32881567,000.22
Tournament (k=3),Arithmetic,Gaussian,0.57030,0.02000,000.00001144,000.02201176,000.01871681,000.23590745,000.18
Tournament (k=3),Arithmetic,Gaussian,0.86261,0.03686,000.00000000,000.00705628,000.00680161,000.10578696,000.20
Tournament (k=3),Arithmetic,Gaussian,0.83749,0.05705,000.00000381,000.00255032,000.00264931,000.01058593,000.21
Tournament (k=3),Arithmetic,Uniform,0.43709,0.02183,000.00000381,000.28683352,000.25331879,000.56838250,000.20
Tournament (k=3),Arithmetic,Gaussian,0.88849,0.17762,000.00002670,000.00136828,000.00128365,000.00622241,000.38
Tournament (k=3),Arithmetic,Uniform,0.41200,0.06795,000.00000000,000.03397226,000.03238297,000.15175624,000.20
Tournament (k=3),Arithmetic,Gaussian,0.76642,0.09637,000.00000000,000.00042553,000.00037384,000.00383681,000.29
Tournament (k=3),Arithmetic,Gaussian,0.97087,0.03095,000.00000000,000.02012935,000.02500725,000.37298408,000.22
Tournament (k=3),Arithmetic,Gaussian,0.70139,0.02183,000.00000000,000.01707072,000.01802635,000.20241576,000.19
Tournament (k=3),Arithmetic,Uniform,0.40000,0.03378,000.00027847,000.10812521,000.10868263,000.25476038,000.17
Tournament (k=3),Arithmetic,Uniform,0.49195,0.21153,000.00131226,000.07416677,000.08149338,000.22142637,000.31
Tournament (k=3),Arithmetic,Gaussian,0.78941,0.06226,000.00000000,000.00193615,000.00225830,000.00660644,000.26
Tournament (k=3),Arithmetic,Uniform,0.55369,0.02382,000.00004578,000.19266920,000.18848801,000.47617039,000.17
Tournament (k=3),Arithmetic,Gaussian,0.86261,0.11476,000.00000000,000.00008626,000.00007629,000.00947155,000.28
Tournament (k=3),Arithmetic,Uniform,0.58741,0.02382,000.00000000,000.26631361,000.29126358,000.55187827,000.21
Tournament (k=3),Arithmetic,Gaussian,0.55369,0.13667,000.00000000,000.00015831,000.00015640,000.00192994,000.34
Tournament (k=3),Arithmetic,Gaussian,0.86261,0.04023,000.00001526,000.00646610,000.00715637,000.02889228,000.21
Tournament (k=3),Arithmetic,Uniform,0.46371,0.08092,000.00000000,000.01583567,000.01517296,000.04751604,000.25
Tournament (k=3),Arithmetic,Uniform,0.45020,0.04023,000.00017929,000.08131061,000.08964539,000.28653714,000.23
Tournament (k=3),Arithmetic,Uniform,0.49195,0.07415,000.00000000,000.02441812,000.02429962,000.14813630,000.24
Tournament (k=3),Arithmetic,Gaussian,0.83749,0.06226,000.00000763,000.00201316,000.00240517,000.00885371,000.23
Tournament (k=3),Arithmetic,Gaussian,0.91514,0.12524,000.00000000,000.00010104,000.00007439,000.00676510,000.26
Tournament (k=3),Arithmetic,Uniform,0.43709,0.02382,000.00001526,000.21565256,000.18268967,000.52650404,000.21
Tournament (k=3),Arithmetic,Uniform,0.40000,0.03686,000.00000000,000.07198024,000.08008194,000.34251651,000.18
Tournament (k=3),Arithmetic,Gaussian,0.53756,0.08092,000.00000000,000.00108562,000.00117302,000.00346779,000.27
Tournament (k=3),Arithmetic,Uniform,0.58741,0.07415,000.00001907,000.01570177,000.01807594,000.08635274,000.21
Tournament (k=3),Arithmetic,Gaussian,0.70139,0.16276,000.00000000,000.00019550,000.00018311,000.00190234,000.32
Tournament (k=3),Arithmetic,Gaussian,0.97087,0.03378,000.00000000,000.01613436,000.01115036,000.21456140,000.23
Tournament (k=3),Arithmetic,Uniform,0.41200,0.17762,000.00004578,000.00919457,000.00955391,000.05028805,000.26
Tournament (k=3),Arithmetic,Gaussian,0.76642,0.10516,000.00000000,000.00019455,000.00014305,000.00159734,000.31
Tournament (k=3),Arithmetic,Gaussian,0.88849,0.08092,000.00000381,000.00105457,000.00079918,000.10066794,000.23
Tournament (k=3),Arithmetic,Gaussian,0.78941,0.02000,000.00000000,000.02000718,000.02029991,000.16838951,000.22
Tournament (k=3),Arithmetic,Gaussian,0.76642,0.02837,000.00000000,000.01717253,000.01698494,000.14791478,000.23
Tournament (k=3),Arithmetic,Uniform,0.43709,0.02599,000.00000000,000.16366692,000.15611458,000.42414534,000.20
Tournament (k=3),Arithmetic,Uniform,0.60503,0.04390,000.00000000,000.03880863,000.04467964,000.14992978,000.19
Tournament (k=3),Arithmetic,Uniform,0.58741,0.23084,000.00466919,000.22998539,000.20742798,000.52226752,000.32
Tournament (k=3),Arithmetic,Gaussian,0.83749,0.02183,000.00000000,000.02527080,000.02776909,000.16890030,000.18
Tournament (k=3),Arithmetic,Gaussian,0.94259,0.16276,000.00000381,000.00035210,000.00032043,000.00278648,000.35
Tournament (k=3),Arithmetic,Gaussian,0.91514,0.03686,000.00000000,000.01229830,000.01230621,000.18326630,000.23
Tournament (k=3),Arithmetic,Gaussian,0.81310,0.03686,000.00000000,000.00712748,000.00786781,000.11705029,000.23
Tournament (k=3),Arithmetic,Uniform,0.42436,0.04390,000.00000381,000.07136931,000.07676315,000.22892922,000.18
Tournament (k=3),Arithmetic,Uniform,0.40000,0.13667,000.00009155,000.00313339,000.00288963,000.02271665,000.28
Tournament (k=3),Arithmetic,Gaussian,0.55369,0.14915,000.00000000,000.00014629,000.00014877,000.00102066,000.32
Tournament (k=3),Arithmetic,Gaussian,1.00000,0.02000,000.00024033,000.07539015,000.05960274,000.51560646,000.21
Tournament (k=3),Arithmetic,Gaussian,0.60503,0.23084,000.00045013,000.01638479,000.01856041,000.04483594,000.33
Tournament (k=3),Arithmetic,Uniform,0.43709,0.21153,000.00190735,000.06840958,000.07172585,000.25574794,000.31
Tournament (k=3),Arithmetic,Gaussian,0.74410,0.16276,000.00000000,000.00016518,000.00015068,000.00326594,000.30
Tournament (k=3),Arithmetic,Gaussian,0.74410,0.05228,000.00000000,000.00296092,000.00280571,000.02039961,000.21
Tournament (k=3),Arithmetic,Uniform,0.52190,0.02382,000.00001144,000.10017767,000.09243774,000.54824930,000.22
Tournament (k=3),Arithmetic,Gaussian,1.00000,0.17762,000.00003052,000.00135255,000.00173187,000.01263861,000.36
Tournament (k=3),Arithmetic,Uniform,0.55369,0.23084,000.00535965,000.24610443,000.23040771,000.47468543,000.27
Tournament (k=3),Arithmetic,Gaussian,0.60503,0.02599,000.00000000,000.02015615,000.01865959,000.14901112,000.18
Tournament (k=3),Arithmetic,Gaussian,0.83749,0.02382,000.00001526,000.02357120,000.02385139,000.12758829,000.19
Tournament (k=3),Arithmetic,Gaussian,0.70139,0.17762,000.00000381,000.00070958,000.00070763,000.00168828,000.38
Tournament (k=3),Arithmetic,Gaussian,0.68096,0.03686,000.00000000,000.00584683,000.00522423,000.02640066,000.21
Tournament (k=3),Arithmetic,Gaussian,0.81310,0.04023,000.00000381,000.00632944,000.00633430,000.04083146,000.24
Tournament (k=3),Arithmetic,Gaussian,0.66113,0.06226,000.00000763,000.00152898,000.00177383,000.00455308,000.22
Tournament (k=3),Arithmetic,Uniform,0.42436,0.11476,000.00000000,000.00502830,000.00466919,000.03214848,000.27
Tournament (k=3),Arithmetic,Uniform,0.49195,0.02382,000.00000000,000.15911718,000.17099380,000.40374699,000.20
Tournament (k=3),Arithmetic,Uniform,0.46371,0.25191,000.03248596,000.41709095,000.47336960,000.58007503,000.31
Tournament (k=3),Arithmetic,Uniform,0.52190,0.23084,000.00470734,000.23138618,000.22594833,000.53772861,000.27
Tournament (k=3),Arithmetic,Uniform,0.47762,0.04791,000.00000000,000.05136347,000.05502510,000.18556254,000.19
Tournament (k=3),Arithmetic,Uniform,0.57030,0.04390,000.00000000,000.05622554,000.06599045,000.25831273,000.22
Tournament (k=3),Arithmetic,Gaussian,0.83749,0.19383,000.00006866,000.00298510,000.00308037,000.01980633,000.37
Tournament (k=3),Arithmetic,Gaussian,0.97087,0.10516,000.00000000,000.00054989,000.00047684,000.19176006,000.30
Tournament (k=3),Arithmetic,Uniform,0.40000,0.14915,000.00001907,000.00303669,000.00334549,000.01390367,000.32
Tournament (k=3),Arithmetic,Uniform,0.45020,0.13667,000.00001526,000.00276103,000.00270844,000.01558682,000.25
Tournament (k=3),Arithmetic,Gaussian,0.91514,0.04023,000.00000000,000.00837512,000.00613785,000.18046479,000.36
Tournament (k=3),Arithmetic,Gaussian,0.60503,0.02837,000.00000000,000.01095672,000.01263046,000.04096808,000.19
Tournament (k=3),Arithmetic,Uniform,0.50670,0.13667,000.00000000,000.00178375,000.00176048,000.00983586,000.29
Tournament (k=3),Arithmetic,Gaussian,0.94259,0.02183,000.00004196,000.03021607,000.03191757,000.30742612,000.19
Tournament (k=3),Arithmetic,Gaussian,0.83749,0.02599,000.00000381,000.02000112,000.02094269,000.15406300,000.21
Tournament (k=3),Arithmetic,Gaussian,1.00000,0.08092,000.00000000,000.00371046,000.00200462,000.37522063,000.23
Tournament (k=3),Arithmetic,Gaussian,0.74410,0.05705,000.00000000,000.00271363,000.00282097,000.01542823,000.29
Tournament (k=3),Arithmetic,Gaussian,0.60503,0.25191,000.00195312,000.04266620,000.05562401,000.22970763,000.42
Tournament (k=3),Arithmetic,Uniform,0.43709,0.07415,000.00000000,000.02399974,000.02465820,000.08803470,000.21
Tournament (k=3),Arithmetic,Uniform,0.49195,0.02599,000.00000000,000.20311518,000.25235939,000.39793414,000.22
Tournament (k=3),Arithmetic,Uniform,0.47762,0.13667,000.00001907,000.00236292,000.00245476,000.01695014,000.25
Tournament (k=3),Arithmetic,Gaussian,0.88849,0.02183,000.00000000,000.02030530,000.02190590,000.18037218,000.22
Tournament (k=3),Arithmetic,Uniform,0.41200,0.02183,000.00000000,000.24930683,000.26196098,000.48950705,000.19
Tournament (k=3),Arithmetic,Gaussian,0.57030,0.02183,000.00000000,000.01814079,000.02045250,000.17631905,000.18
Tournament (k=3),Arithmetic,Uniform,0.57030,0.13667,000.00000000,000.00119195,000.00105476,000.01118390,000.29
Tournament (k=3),Arithmetic,Uniform,0.50670,0.04023,000.00000000,000.09593201,000.08848190,000.28167930,000.22
Tournament (k=3),Arithmetic,Uniform,0.41200,0.07415,000.00000000,000.02298713,000.02189636,000.07278011,000.20
Tournament (k=3),Arithmetic,Gaussian,0.62318,0.16276,000.00000000,000.00014119,000.00014114,000.00230760,000.36
Tournament (k=3),Arithmetic,Gaussian,0.60503,0.03095,000.00000000,000.00917749,000.00976372,000.06057072,000.21
Tournament (k=3),Arithmetic,Gaussian,0.94259,0.02382,000.00030518,000.04130797,000.03733063,000.37632811,000.19
Tournament (k=3),Arithmetic,Uniform,0.55369,0.07415,000.00001526,000.01340199,000.01261330,000.06433585,000.25
Tournament (k=3),Arithmetic,Uniform,0.52190,0.25191,000.00314331,000.30028909,000.34553146,000.47460473,000.31
Tournament (k=3),Arithmetic,Gaussian,0.83749,0.02837,000.00000000,000.01510248,000.01733589,000.10322878,000.21
Tournament (k=3),Arithmetic,Uniform,0.45020,0.14915,000.00001526,000.00223308,000.00185013,000.00810668,000.27
Tournament (k=3),Arithmetic,Gaussian,0.74410,0.06226,000.00000763,000.00301995,000.00346565,000.00926667,000.26
Tournament (k=3),Arithmetic,Uniform,0.46371,0.02183,000.00000000,000.27666134,000.35221291,000.41158459,000.17
Tournament (k=3),Arithmetic,Uniform,0.50670,0.14915,000.00000763,000.00177021,000.00175858,000.01067638,000.30
Tournament (k=3),Arithmetic,Gaussian,1.00000,0.08830,000.00000381,000.00381522,000.00138092,000.36729813,000.28
Tournament (k=3),Arithmetic,Gaussian,0.72243,0.03378,000.00000000,000.01007199,000.01010704,000.03535725,000.23
Tournament (k=3),Arithmetic,Gaussian,0.66113,0.02000,000.00000000,000.02663379,000.02238274,000.21566014,000.18
Tournament (k=3),Arithmetic,Gaussian,0.57030,0.02382,000.00000381,000.01630797,000.01787949,000.11554383,000.19
Tournament (k=3),Arithmetic,Gaussian,0.81310,0.11476,000.00000000,000.00018110,000.00020790,000.00453035,000.26
Tournament (k=3),Arithmetic,Gaussian,0.88849,0.02382,000.00003433,000.02432508,000.02322769,000.34122750,000.22
Tournament (k=3),Arithmetic,Uniform,0.55369,0.02599,000.00048828,000.15999766,000.16176605,000.37048635,000.18
Tournament (k=3),Arithmetic,Uniform,0.47762,0.14915,000.00000000,000.00179162,000.00171852,000.01252992,000.27
Tournament (k=3),Arithmetic,Uniform,0.58741,0.02599,000.00001144,000.18489285,000.16489792,000.39458030,000.21
Tournament (k=3),Arithmetic,Gaussian,0.78941,0.06795,000.00000381,000.00110807,000.00091553,000.00827158,000.25
Tournament (k=3),Arithmetic,Gaussian,0.94259,0.07415,000.00000000,000.00233688,000.00170135,000.28224388,000.22
Tournament (k=3),Arithmetic,Uniform,0.41200,0.08092,000.00001144,000.01497006,000.01618004,000.09970078,000.24
Tournament (k=3),Arithmetic,Uniform,0.45020,0.04390,000.00000000,000.04370446,000.03749657,000.25621560,000.22
Tournament (k=3),Arithmetic,Gaussian,0.83749,0.06795,000.00000000,000.00165014,000.00192833,000.04058773,000.22
Tournament (k=3),Arithmetic,Uniform,0.46371,0.08830,000.00000000,000.00752082,000.00623703,000.05122079,000.25
Tournament (k=3),Arithmetic,Gaussian,0.94259,0.02599,000.00000000,000.03475227,000.04164886,000.36847058,000.27
Tournament (k=3),Arithmetic,Uniform,0.40000,0.04023,000.00003815,000.09085484,000.07114983,000.32992941,000.17
Tournament (k=3),Arithmetic,Uniform,0.62318,0.02599,000.00002670,000.18468213,000.17738724,000.44254279,000.18
Tournament (k=3),Arithmetic,Uniform,0.49195,0.08092,000.00000000,000.01302061,000.01305771,000.08137299,000.25
Tournament (k=3),Arithmetic,Gaussian,0.91514,0.13667,000.00000000,000.00006809,000.00007820,000.00204196,000.28
Tournament (k=3),Arithmetic,Uniform,0.62318,0.08092,000.00000000,000.00955110,000.00777245,000.03661901,000.25
Tournament (k=3),Arithmetic,Gaussian,0.97087,0.03686,000.00000381,000.01509595,000.01352310,000.26945430,000.23
Tournament (k=3),Arithmetic,Uniform,0.43709,0.02837,000.00000000,000.11701379,000.10406494,000.44221339,000.17
Tournament (k=3),Arithmetic,Uniform,0.60503,0.13667,000.00000000,000.00099745,000.00103378,000.00970458,000.29
Tournament (k=3),Arithmetic,Uniform,0.41200,0.19383,000.00075531,000.01773276,000.01757050,000.10151941,000.26
Tournament (k=3),Arithmetic,Gaussian,0.78941,0.02183,000.00000763,000.01998577,000.02278900,000.12334822,000.21
Tournament (k=3),Arithmetic,Gaussian,1.00000,0.09637,000.00000000,000.00133462,000.00080872,000.28917670,000.30
Tournament (k=3),Arithmetic,Gaussian,0.76642,0.03095,000.00000000,000.01037259,000.01086235,000.11394318,000.22
Tournament (k=3),Arithmetic,Uniform,0.41200,0.08830,000.00000000,000.01593165,000.01878548,000.10397222,000.23
Tournament (k=3),Arithmetic,Gaussian,0.88849,0.08830,000.00000000,000.00079293,000.00083923,000.00418588,000.28
Tournament (k=3),Arithmetic,Uniform,0.40000,0.04390,000.00008011,000.07055350,000.08486176,000.32908967,000.19
Tournament (k=3),Arithmetic,Uniform,0.45020,0.04791,000.00002289,000.04433036,000.04235649,000.24795517,000.22
Tournament (k=3),Arithmetic,Gaussian,0.76642,0.11476,000.00000000,000.00015564,000.00013351,000.00259485,000.31
Tournament (k=3),Arithmetic,Uniform,0.62318,0.02837,000.00003052,000.14861956,000.14809418,000.40165704,000.19
Tournament (k=3),Arithmetic,Gaussian,0.78941,0.07415,000.00001144,000.00138040,000.00145721,000.00686778,000.25
Tournament (k=3),Arithmetic,Gaussian,0.94259,0.02837,000.00001907,000.01921086,000.01749420,000.23485491,000.21
Tournament (k=3),Arithmetic,Uniform,0.42436,0.04791,000.00001144,000.04841161,000.04985046,000.17064664,000.19
Tournament (k=3),Arithmetic,Uniform,0.52190,0.07415,000.00000000,000.01353498,000.01485825,000.09984910,000.24
Tournament (k=3),Arithmetic,Uniform,0.46371,0.09637,000.00000381,000.00880194,000.00826836,000.04694859,000.26
Tournament (k=3),Arithmetic,Gaussian,1.00000,0.02183,000.00001144,000.05165663,000.04908943,000.42297274,000.19
Tournament (k=3),Arithmetic,Uniform,0.49195,0.08830,000.00000000,000.01131315,000.01031876,000.06375226,000.29
Tournament (k=3),Arithmetic,Uniform,0.64187,0.04791,000.00000763,000.03855424,000.03031540,000.28266391,000.19
Tournament (k=3),Arithmetic,Uniform,0.53756,0.04390,000.00000000,000.06393552,000.06635094,000.23695001,000.22
Tournament (k=3),Arithmetic,Uniform,0.52190,0.02599,000.00022125,000.20325437,000.26199341,000.47777301,000.21
Tournament (k=3),Arithmetic,Uniform,0.53756,0.12524,000.00000381,000.00290165,000.00315666,000.01605011,000.28
Tournament (k=3),Arithmetic,Uniform,0.62318,0.25191,000.02182770,000.47277647,000.47501755,000.60539430,000.27
Tournament (k=3),Arithmetic,Uniform,0.66113,0.02837,000.00025558,000.13891473,000.10135269,000.43716067,000.20
Tournament (k=3),Arithmetic,Uniform,0.42436,0.05228,000.00000381,000.04646845,000.03700066,000.12649591,000.20
Tournament (k=3),Arithmetic,Gaussian,0.74410,0.17762,000.00001526,000.00069456,000.00071335,000.00225456,000.30
Tournament (k=3),Arithmetic,Gaussian,0.81310,0.04390,000.00000000,000.00674062,000.00631142,000.02516733,000.24
Tournament (k=3),Arithmetic,Uniform,0.43709,0.23084,000.01251221,000.14968152,000.16472244,000.37290981,000.31
Tournament (k=3),Arithmetic,Uniform,0.55369,0.25191,000.00268555,000.55910504,000.63731766,000.55962145,000.27
Tournament (k=3),Arithmetic,Uniform,0.66113,0.08830,000.00000000,000.00423112,000.00386047,000.03300141,000.26
Tournament (k=3),Arithmetic,Uniform,0.42436,0.12524,000.00000000,000.00355821,000.00292587,000.01690625,000.26
Tournament (k=3),Arithmetic,Uniform,0.64187,0.14915,000.00000000,000.00092773,000.00096703,000.00978292,000.29
Tournament (k=3),Arithmetic,Uniform,0.52190,0.08092,000.00000000,000.01324348,000.01147079,000.06497076,000.26
Tournament (k=3),Arithmetic,Uniform,0.47762,0.05228,000.00000381,000.02803931,000.02460861,000.15316543,000.19
Tournament (k=3),Arithmetic,Gaussian,0.58741,0.14915,000.00000000,000.00007982,000.00009346,000.00129987,000.34
Tournament (k=3),Arithmetic,Uniform,0.64187,0.05228,000.00011826,000.03049879,000.02801323,000.23250486,000.20
Tournament (k=3),Arithmetic,Gaussian,0.70139,0.19383,000.00006485,000.00219903,000.00221825,000.00734181,000.37
Tournament (k=3),Arithmetic,Uniform,0.46371,0.10516,000.00000000,000.00575776,000.00588989,000.02087803,000.27
Tournament (k=3),Arithmetic,Uniform,0.53756,0.04791,000.00000000,000.05766358,000.04850960,000.25236723,000.22
Tournament (k=3),Arithmetic,Gaussian,1.00000,0.19383,000.00009918,000.00429363,000.00468254,000.01711600,000.39
Tournament (k=3),Arithmetic,Uniform,0.52190,0.02837,000.00000000,000.08429728,000.08582687,000.37676379,000.20
Tournament (k=3),Arithmetic,Uniform,0.66113,0.03095,000.00003052,000.13684873,000.12072563,000.33736092,000.21
Tournament (k=3),Arithmetic,Gaussian,0.91514,0.04390,000.00002289,000.00587716,000.00503540,000.11348673,000.21
Tournament (k=3),Arithmetic,Uniform,0.41200,0.02382,000.00006485,000.25150514,000.24956131,000.47790858,000.17
Tournament (k=3),Arithmetic,Gaussian,0.97087,0.11476,000.00000000,000.00034771,000.00011063,000.08079630,000.27
Tournament (k=3),Arithmetic,Uniform,0.43709,0.08092,000.00000763,000.01159315,000.01022339,000.04294076,000.21
Tournament (k=3),Arithmetic,Uniform,0.53756,0.13667,000.00000000,000.00166135,000.00138474,000.00879915,000.29
Tournament (k=3),Arithmetic,Uniform,0.52190,0.08830,000.00001907,000.00768485,000.00821877,000.02824683,000.26
Tournament (k=3),Arithmetic,Uniform,0.49195,0.23084,000.00502777,000.20757332,000.21793175,000.48713449,000.29
Tournament (k=3),Arithmetic,Uniform,0.55369,0.27490,000.04181671,000.69635677,000.86208534,000.65417206,000.32
Tournament (k=3),Arithmetic,Gaussian,0.86261,0.12524,000.00000000,000.00008631,000.00006104,000.00168345,000.27
Tournament (k=3),Arithmetic,Uniform,0.57030,0.14915,000.00002289,000.00179720,000.00172997,000.00958452,000.30
Tournament (k=3),Arithmetic,Uniform,0.68096,0.05228,000.00000763,000.03689680,000.04322433,000.18787381,000.23
Tournament (k=3),Arithmetic,Gaussian,0.86261,0.04390,000.00000000,000.00570564,000.00545311,000.03357447,000.24
Tournament (k=3),Arithmetic,Gaussian,0.88849,0.19383,000.00004196,000.00385299,000.00415421,000.01867932,000.39
Tournament (k=3),Arithmetic,Uniform,0.55369,0.08092,000.00000763,000.01023078,000.01203728,000.05155174,000.26
Tournament (k=3),Arithmetic,Uniform,0.66113,0.27490,000.00728226,000.85044193,001.14478493,000.67132455,000.29
Tournament (k=3),Arithmetic,Gaussian,0.60503,0.27490,000.00552750,000.06889524,000.08255959,000.19354355,000.41
Tournament (k=3),Arithmetic,Gaussian,0.57030,0.02599,000.00000381,000.01346054,000.00851631,000.06806649,000.19
Tournament (k=3),Arithmetic,Uniform,0.52190,0.27490,000.02204895,000.62008530,000.76497269,000.63493788,000.30
Tournament (k=3),Arithmetic,Uniform,0.45020,0.16276,000.00005341,000.00238056,000.00242233,000.00927026,000.30
Tournament (k=3),Arithmetic,Gaussian,0.74410,0.06795,000.00000000,000.00219703,000.00241089,000.00758440,000.27
Tournament (k=3),Arithmetic,Uniform,0.43709,0.08830,000.00000381,000.00919514,000.00834274,000.06723316,000.23
Tournament (k=3),Arithmetic,Gaussian,0.91514,0.04791,000.00002670,000.00671167,000.00591469,000.02405275,000.24
Tournament (k=3),Arithmetic,Gaussian,0.62318,0.17762,000.00000381,000.00047698,000.00051880,000.00206415,000.36
Tournament (k=3),Arithmetic,Uniform,0.68096,0.16276,000.00000000,000.00236821,000.00274086,000.02810502,000.26
Tournament (k=3),Arithmetic,Uniform,0.50670,0.16276,000.00003052,000.00274086,000.00268364,000.01123349,000.30
Tournament (k=3),Arithmetic,Uniform,0.55369,0.02837,000.00004959,000.14137134,000.12813377,000.44424024,000.18
Tournament (k=3),Arithmetic,Gaussian,0.72243,0.03686,000.00000381,000.00735912,000.00638008,000.03768427,000.31
Tournament (k=3),Arithmetic,Uniform,0.60503,0.04791,000.00000000,000.05073061,000.05789375,000.25613940,000.20
Tournament (k=3),Arithmetic,Uniform,0.58741,0.02837,000.00002289,000.12595825,000.14164352,000.34273538,000.21
Tournament (k=3),Arithmetic,Gaussian,0.81310,0.12524,000.00000000,000.00007963,000.00004768,000.00166588,000.27
Tournament (k=3),Arithmetic,Uniform,0.52190,0.09637,000.00000000,000.00401616,000.00433540,000.02226322,000.27
Tournament (k=3),Arithmetic,Uniform,0.47762,0.16276,000.00002289,000.00291395,000.00219154,000.01294294,000.26
Tournament (k=3),Arithmetic,Uniform,0.43709,0.03095,000.00000763,000.12460461,000.13161850,000.35666022,000.21
Tournament (k=3),Arithmetic,Uniform,0.70139,0.03095,000.00000000,000.13962379,000.10309219,000.39779320,000.22
Tournament (k=3),Arithmetic,Uniform,0.58741,0.25191,000.01422882,000.48209387,000.53423691,000.63511139,000.30
Tournament (k=3),Arithmetic,Uniform,0.66113,0.30000,000.09061050,001.14297974,001.37385750,000.80659705,000.30
Tournament (k=3),Arithmetic,Gaussian,0.74410,0.07415,000.00000381,000.00114126,000.00092316,000.00461068,000.25
Tournament (k=3),Arithmetic,Gaussian,0.91514,0.14915,000.00000000,000.00014310,000.00011444,000.00608603,000.28
Tournament (k=3),Arithmetic,Uniform,0.43709,0.09637,000.00001907,000.00811830,000.00955391,000.03712252,000.27
Tournament (k=3),Arithmetic,Gaussian,0.78941,0.02382,000.00001144,000.01755071,000.01593399,000.22528554,000.22
Tournament (k=3),Arithmetic,Gaussian,0.88849,0.21153,000.00075531,000.00941896,000.00996399,000.06407975,000.38
Tournament (k=3),Arithmetic,Gaussian,0.94259,0.17762,000.00001144,000.00122838,000.00113106,000.00450963,000.36
Tournament (k=3),Arithmetic,Uniform,0.68096,0.17762,000.00001144,000.01138849,000.01248741,000.05721470,000.29
Tournament (k=3),Arithmetic,Uniform,0.40000,0.04791,000.00006485,000.05959134,000.05859947,000.26805687,000.18
Tournament (k=3),Arithmetic,Uniform,0.41200,0.21153,000.00298309,000.05243082,000.05763817,000.26042011,000.27
Tournament (k=3),Arithmetic,Gaussian,0.57030,0.23084,000.00009155,000.01487589,000.01699829,000.04987304,000.38
Tournament (k=3),Arithmetic,Uniform,0.41200,0.09637,000.00001526,000.01004505,000.01052284,000.02786082,000.21
Tournament (k=3),Arithmetic,Gaussian,0.76642,0.03378,000.00000000,000.00979857,000.01094627,000.03996886,000.23
Tournament (k=3),Arithmetic,Gaussian,0.72243,0.27490,000.00213623,000.09272189,000.09963226,000.32472518,000.42
Tournament (k=3),Arithmetic,Gaussian,0.88849,0.09637,000.00000000,000.00048618,000.00047874,000.03510963,000.24
Tournament (k=3),Arithmetic,Uniform,0.45020,0.05228,000.00000000,000.04098845,000.04107857,000.17677186,000.23
Tournament (k=3),Arithmetic,Gaussian,1.00000,0.10516,000.00000000,000.00112371,000.00046158,000.19293426,000.30
Tournament (k=3),Arithmetic,Gaussian,0.50670,0.02382,000.00000000,000.01668067,000.01675415,000.13984567,000.18
Tournament (k=3),Arithmetic,Uniform,0.62318,0.03095,000.00000381,000.08679871,000.06844711,000.37157428,000.19
Tournament (k=3),Arithmetic,Gaussian,1.00000,0.02382,000.00000000,000.06619807,000.05447578,000.41804078,000.19
Tournament (k=3),Arithmetic,Gaussian,0.94259,0.03095,000.00004196,000.02196684,000.01946068,000.30019301,000.20
Tournament (k=3),Arithmetic,Gaussian,0.78941,0.08092,000.00000000,000.00094004,000.00082207,000.00599540,000.28
Tournament (k=3),Arithmetic,Uniform,0.70139,0.09637,000.00001144,000.00399365,000.00321007,000.02377339,000.28
Tournament (k=3),Arithmetic,Gaussian,0.76642,0.12524,000.00000000,000.00007882,000.00006104,000.00117515,000.32
Tournament (k=3),Arithmetic,Uniform,0.49195,0.09637,000.00003052,000.00644002,000.00724983,000.03778279,000.26
Tournament (k=3),Arithmetic,Uniform,0.57030,0.04791,000.00000763,000.04623127,000.04273224,000.23400651,000.23
Tournament (k=3),Arithmetic,Uniform,0.42436,0.05705,000.00009155,000.03924017,000.03668213,000.12845816,000.20
Tournament (k=3),Arithmetic,Gaussian,0.81310,0.04791,000.00000000,000.00355902,000.00377655,000.02472777,000.25
Tournament (k=3),Arithmetic,Uniform,0.62318,0.27490,000.03377533,000.80321944,001.06769943,000.62437719,000.29
Tournament (k=3),Arithmetic,Uniform,0.66113,0.09637,000.00000000,000.00363398,000.00265121,000.10160508,000.22
Tournament (k=3),Arithmetic,Uniform,0.47762,0.05705,000.00000000,000.03157816,000.03836250,000.12952931,000.19
Tournament (k=3),Arithmetic,Uniform,0.40000,0.16276,000.00000381,000.00379658,000.00373650,000.01137488,000.30
Tournament (k=3),Arithmetic,Uniform,0.42436,0.13667,000.00001144,000.00334148,000.00382805,000.01963613,000.25
Tournament (k=3),Arithmetic,Uniform,0.50670,0.04390,000.00002289,000.07034893,000.07340622,000.22298171,000.23
Tournament (k=3),Arithmetic,Uniform,0.43709,0.25191,000.00402451,000.42293534,000.45305634,000.46570095,000.32
Tournament (k=3),Arithmetic,Uniform,0.64187,0.16276,000.00003815,000.00236697,000.00218964,000.01640635,000.28
Tournament (k=3),Arithmetic,Gaussian,0.74410,0.19383,000.00003052,000.00265985,000.00225830,000.01164681,000.33
Tournament (k=3),Arithmetic,Gaussian,0.94259,0.19383,000.00019836,000.00399570,000.00433159,000.01402236,000.38
Tournament (k=3),Arithmetic,Gaussian,1.00000,0.02599,000.00015259,000.04479914,000.03727341,000.44069138,000.27
Tournament (k=3),Arithmetic,Gaussian,0.94259,0.03378,000.00004959,000.01137223,000.01222420,000.15520103,000.21
Tournament (k=3),Arithmetic,Uniform,0.46371,0.02382,000.00008774,000.23513989,000.25697327,000.50259012,000.17
Tournament (k=3),Arithmetic,Uniform,0.66113,0.03378,000.00002670,000.13077922,000.16014671,000.33586052,000.18
Tournament (k=3),Arithmetic,Uniform,0.52190,0.03095,000.00000000,000.14109993,000.11948967,000.46118513,000.19
Tournament (k=3),Arithmetic,Uniform,0.53756,0.05228,000.00001144,000.04989348,000.05582428,000.18065029,000.24
Tournament (k=3),Arithmetic,Gaussian,0.58741,0.16276,000.00000000,000.00014019,000.00013542,000.00091391,000.35
Tournament (k=3),Arithmetic,Uniform,0.46371,0.11476,000.00000381,000.00315247,000.00286102,000.01437633,000.27
Tournament (k=3),Arithmetic,Gaussian,0.72243,0.30000,000.01536560,000.11825323,000.14255524,000.32821131,000.42
Tournament (k=3),Arithmetic,Uniform,0.58741,0.08092,000.00002289,000.00806808,000.00779915,000.03890948,000.21
Tournament (k=3),Arithmetic,Gaussian,0.88849,0.02599,000.00000000,000.01679215,000.01446724,000.17809099,000.22
Tournament (k=3),Arithmetic,Uniform,0.50670,0.04791,000.00000763,000.04724207,000.04705429,000.17892148,000.23
Tournament (k=3),Arithmetic,Uniform,0.53756,0.14915,000.00000000,000.00105648,000.00113869,000.00382419,000.26
Tournament (k=3),Arithmetic,Gaussian,1.00000,0.21153,000.00026703,000.01033263,000.01173592,000.13677685,000.38
Tournament (k=3),Arithmetic,Uniform,0.70139,0.30000,000.06290436,001.11335111,001.37166595,000.82965100,000.32
Tournament (k=3),Arithmetic,Gaussian,0.97087,0.12524,000.00000000,000.00013628,000.00005341,000.01523642,000.32
Tournament (k=3),Arithmetic,Uniform,0.68096,0.05705,000.00000763,000.02137694,000.02039719,000.08972393,000.23
Tournament (k=3),Arithmetic,Uniform,0.52190,0.03378,000.00000381,000.06667586,000.03991318,000.30317199,000.20
Tournament (k=3),Arithmetic,Gaussian,0.86261,0.04791,000.00000000,000.00408444,000.00403404,000.03075248,000.24
Tournament (k=3),Arithmetic,Gaussian,0.57030,0.02837,000.00000000,000.01059561,000.01141739,000.08259506,000.19
Tournament (k=3),Arithmetic,Gaussian,0.86261,0.13667,000.00000000,000.00005422,000.00004387,000.00069284,000.28
Tournament (k=3),Arithmetic,Gaussian,0.83749,0.07415,000.00000000,000.00103540,000.00117111,000.00665925,000.23
Tournament (k=3),Arithmetic,Uniform,0.55369,0.30000,000.06652832,000.96744215,001.22033501,000.76866174,000.29
Tournament (k=3),Arithmetic,Uniform,0.72243,0.05705,000.00000763,000.02931948,000.03060532,000.10408389,000.25
Tournament (k=3),Arithmetic,Uniform,0.55369,0.08830,000.00000000,000.00749888,000.00644684,000.11532381,000.26
Tournament (k=3),Arithmetic,Uniform,0.57030,0.16276,000.00000381,000.00151725,000.00162315,000.02002095,000.30
Tournament (k=3),Arithmetic,Uniform,0.52190,0.30000,000.08432007,000.91118318,001.16335678,000.69386446,000.29
Tournament (k=3),Arithmetic,Gaussian,0.97087,0.04023,000.00000763,000.01426105,000.01286888,000.27767152,000.23
Tournament (k=3),Arithmetic,Uniform,0.62318,0.08830,000.00000381,000.00767426,000.00805092,000.10060420,000.26
Tournament (k=3),Arithmetic,Uniform,0.50670,0.05228,000.00000381,000.03201985,000.03352165,000.16696887,000.21
Tournament (k=3),Arithmetic,Uniform,0.55369,0.03095,000.00003052,000.07956209,000.08403015,000.30189389,000.18
Tournament (k=3),Arithmetic,Uniform,0.45020,0.17762,000.00000763,000.00481515,000.00476074,000.04182041,000.30
Tournament (k=3),Arithmetic,Gaussian,0.91514,0.05228,000.00000763,000.00503435,000.00541687,000.17349707,000.25
Tournament (k=3),Arithmetic,Uniform,0.57030,0.02000,000.00002670,000.29154548,000.27458763,000.58474851,000.18
Tournament (k=3),Arithmetic,Uniform,0.58741,0.03095,000.00000000,000.11713915,000.12924004,000.47620916,000.22
Tournament (k=3),Arithmetic,Gaussian,0.72243,0.04023,000.00000000,000.00458226,000.00449371,000.01846043,000.24
Tournament (k=3),Arithmetic,Uniform,0.43709,0.03378,000.00020981,000.11286559,000.13714790,000.31345049,000.22
Tournament (k=3),Arithmetic,Uniform,0.72243,0.06226,000.00000381,000.01551871,000.01150513,000.18179262,000.22
Tournament (k=3),Arithmetic,Gaussian,0.81310,0.13667,000.00000000,000.00006595,000.00005150,000.00040824,000.27
Tournament (k=3),Arithmetic,Uniform,0.53756,0.16276,000.00000763,000.00222559,000.00215149,000.10079997,000.31
Tournament (k=3),Arithmetic,Uniform,0.52190,0.10516,000.00000000,000.00358896,000.00323296,000.04503274,000.27
Tournament (k=3),Arithmetic,Gaussian,0.83749,0.08092,000.00000000,000.00100312,000.00090218,000.00474038,000.26
Tournament (k=3),Arithmetic,Uniform,0.47762,0.17762,000.00019073,000.00652037,000.00551987,000.01959771,000.27
Tournament (k=3),Arithmetic,Uniform,0.68096,0.02000,000.00004959,000.31211209,000.29450035,000.49665707,000.18
Tournament (k=3),Arithmetic,Gaussian,0.97087,0.13667,000.00000000,000.00010467,000.00005722,000.00680856,000.34
Tournament (k=3),Arithmetic,Uniform,0.55369,0.09637,000.00002670,000.00402336,000.00343132,000.02586221,000.30
Tournament (k=3),Arithmetic,Uniform,0.58741,0.27490,000.00976944,000.87547749,001.21935463,000.74414521,000.33
Tournament (k=3),Arithmetic,Uniform,0.43709,0.10516,000.00009918,000.00658379,000.00572014,000.10620417,000.22
Tournament (k=3),Arithmetic,Gaussian,0.78941,0.02599,000.00000381,000.01996737,000.02055740,000.19824769,000.22
Tournament (k=3),Arithmetic,Uniform,0.40000,0.05228,000.00000000,000.03604355,000.03410912,000.20480993,000.18
Tournament (k=3),Arithmetic,Gaussian,0.91514,0.16276,000.00000381,000.00029588,000.00031281,000.00445874,000.29
Tournament (k=3),Arithmetic,Uniform,0.46371,0.27490,000.01544952,000.65620506,000.87096596,000.68167174,000.32
Tournament (k=3),Arithmetic,Uniform,0.45020,0.19383,000.00027466,000.02343178,000.02243423,000.09582157,000.30
Tournament (k=3),Arithmetic,Uniform,0.68096,0.19383,000.00091553,000.05063634,000.05727196,000.29826951,000.27
Tournament (k=3),Arithmetic,Uniform,0.41200,0.23084,000.00804901,000.12456870,000.12752151,000.33313748,000.26
Tournament (k=3),Arithmetic,Uniform,0.74410,0.03378,000.00000000,000.10824356,000.09536362,000.33784220,000.19
Tournament (k=3),Arithmetic,Uniform,0.41200,0.10516,000.00000000,000.00687938,000.00565147,000.03975327,000.23
Tournament (k=3),Arithmetic,Gaussian,0.76642,0.03686,000.00000000,000.00997524,000.00970078,000.04010898,000.24
Tournament (k=3),Arithmetic,Uniform,0.45020,0.05705,000.00000000,000.03132548,000.03083992,000.18931815,000.24
Tournament (k=3),Arithmetic,Uniform,0.72243,0.17762,000.00006866,000.01338015,000.01169205,000.14699242,000.26
Tournament (k=3),Arithmetic,Uniform,0.52190,0.11476,000.00000000,000.00240126,000.00226402,000.02422407,000.26
Tournament (k=3),Arithmetic,Gaussian,0.83749,0.21153,000.00057220,000.01074071,000.01017761,000.03043790,000.38
Tournament (k=3),Arithmetic,Gaussian,1.00000,0.11476,000.00000000,000.00027800,000.00018311,000.16347960,000.31
Tournament (k=3),Arithmetic,Uniform,0.41200,0.02599,000.00018692,000.19201818,000.18768692,000.51126361,000.16
Tournament (k=3),Arithmetic,Uniform,0.55369,0.10516,000.00000000,000.00573215,000.00502968,000.02155609,000.30
Tournament (k=3),Arithmetic,Uniform,0.74410,0.10516,000.00000381,000.00168972,000.00169182,000.01612398,000.27
Tournament (k=3),Arithmetic,Gaussian,0.97087,0.14915,000.00000000,000.00011997,000.00011635,000.00214843,000.32
Tournament (k=3),Arithmetic,Uniform,0.70139,0.10516,000.00001144,000.00195312,000.00207710,000.00663423,000.27
Tournament (k=3),Arithmetic,Uniform,0.42436,0.06226,000.00023651,000.03010306,000.02712631,000.16466527,000.19
Tournament (k=3),Arithmetic,Gaussian,0.57030,0.25191,000.00055695,000.03794680,000.04513359,000.12462032,000.43
Tournament (k=3),Arithmetic,Uniform,0.49195,0.10516,000.00000763,000.00464368,000.00381851,000.02436396,000.26
Tournament (k=3),Arithmetic,Uniform,0.47762,0.06226,000.00000000,000.02631888,000.02175522,000.21301702,000.20
Tournament (k=3),Arithmetic,Uniform,0.66113,0.10516,000.00000000,000.00177965,000.00160599,000.01521389,000.23
Tournament (k=3),Arithmetic,Gaussian,0.76642,0.13667,000.00000000,000.00004950,000.00005341,000.00089135,000.33
Tournament (k=3),Arithmetic,Uniform,0.62318,0.30000,000.04135895,001.05704665,001.30643272,000.79069608,000.28
Tournament (k=3),Arithmetic,Gaussian,0.70139,0.21153,000.00005341,000.00781760,000.00923157,000.10382929,000.38
Tournament (k=3),Arithmetic,Uniform,0.40000,0.17762,000.00007629,000.01026378,000.01198959,000.03995954,000.29
Tournament (k=3),Arithmetic,Uniform,0.42436,0.14915,000.00001526,000.00248942,000.00264740,000.01162939,000.29
Tournament (k=3),Arithmetic,Uniform,0.46371,0.02599,000.00071716,000.17316441,000.18839073,000.36088946,000.17
Tournament (k=3),Arithmetic,Uniform,0.46371,0.30000,000.03305054,000.82979631,001.08273506,000.70130551,000.38
Tournament (k=3),Arithmetic,Uniform,0.66113,0.03686,000.00000000,000.08683582,000.07070541,000.31036490,000.18
Tournament (k=3),Arithmetic,Uniform,0.49195,0.25191,000.00936890,000.38805240,000.38639832,000.60681945,000.32
Tournament (k=3),Arithmetic,Uniform,0.43709,0.27490,000.05699921,000.61459166,000.70524788,000.58332777,000.32
Tournament (k=3),Arithmetic,Gaussian,1.00000,0.02837,000.00000763,000.03515291,000.03276634,000.58861881,000.23
Tournament (k=3),Arithmetic,Uniform,0.76642,0.02000,000.00025177,000.24437737,000.21828651,000.52332580,000.21
Tournament (k=3),Arithmetic,Gaussian,0.74410,0.21153,000.00020218,000.01067743,000.01214027,000.02541711,000.32
Tournament (k=3),Arithmetic,Uniform,0.53756,0.05705,000.00000000,000.02586994,000.02349281,000.11972953,000.24
Tournament (k=3),Arithmetic,Uniform,0.46371,0.12524,000.00000000,000.00427346,000.00384140,000.02451084,000.24
Tournament (k=3),Arithmetic,Gaussian,0.94259,0.08092,000.00000000,000.00200109,000.00152206,000.26921350,000.27
Tournament (k=3),Arithmetic,Uniform,0.58741,0.08830,000.00000381,000.00638042,000.00603104,000.04400576,000.22
Tournament (k=3),Arithmetic,Uniform,0.70139,0.11476,000.00000763,000.00132060,000.00088692,000.09908317,000.29
Tournament (k=3),Arithmetic,Gaussian,0.83749,0.23084,000.00101471,000.02512679,000.02723503,000.14901939,000.39
Tournament (k=3),Arithmetic,Gaussian,0.88849,0.02837,000.00000000,000.01247215,000.01058006,000.15560196,000.22
Tournament (k=3),Arithmetic,Gaussian,0.94259,0.21153,000.00043106,000.01331224,000.01484299,000.05211190,000.38
Tournament (k=3),Arithmetic,Uniform,0.60503,0.05228,000.00002289,000.03144245,000.02835655,000.21516839,000.19
Tournament (k=3),Arithmetic,Uniform,0.66113,0.04023,000.00000381,000.06105032,000.06875229,000.29103774,000.19
Tournament (k=3),Arithmetic,Uniform,0.49195,0.11476,000.00000000,000.00344677,000.00288963,000.01663254,000.33
Tournament (k=3),Arithmetic,Uniform,0.60503,0.14915,000.00000000,000.00096092,000.00072861,000.00516288,000.30
Tournament (k=3),Arithmetic,Uniform,0.50670,0.17762,000.00009918,000.00672846,000.00629997,000.03272659,000.31
Tournament (k=3),Arithmetic,Uniform,0.76642,0.06226,000.00000763,000.01612716,000.01815224,000.12669504,000.19
Tournament (k=3),Arithmetic,Gaussian,0.86261,0.05228,000.00001526,000.00435586,000.00426102,000.02651046,000.21
Tournament (k=3),Arithmetic,Uniform,0.52190,0.03686,000.00005341,000.10651050,000.13192368,000.38303432,000.22
Tournament (k=3),Arithmetic,Uniform,0.53756,0.02000,000.00000763,000.32584539,000.33417892,000.56040555,000.18
Tournament (k=3),Arithmetic,Uniform,0.68096,0.06226,000.00000000,000.02832661,000.02416801,000.12177187,000.24
Tournament (k=3),Arithmetic,Uniform,0.70139,0.03378,000.00000763,000.09864006,000.08279037,000.38180646,000.22
Tournament (k=3),Arithmetic,Uniform,0.42436,0.16276,000.00000763,000.00370226,000.00430870,000.01786328,000.30
Tournament (k=3),Arithmetic,Gaussian,0.97087,0.04390,000.00000763,000.00884404,000.00961304,000.26327798,000.22
Tournament (k=3),Arithmetic,Gaussian,0.86261,0.14915,000.00000000,000.00012598,000.00011826,000.00198834,000.27
Tournament (k=3),Arithmetic,Uniform,0.55369,0.03378,000.00000000,000.09292789,000.08448410,000.30635464,000.18
Tournament (k=3),Arithmetic,Gaussian,1.00000,0.23084,000.00120163,000.02739706,000.02798080,000.22455940,000.39
Tournament (k=3),Arithmetic,Uniform,0.57030,0.02183,000.00000381,000.30370197,000.22632217,000.57370496,000.17
Tournament (k=3),Arithmetic,Uniform,0.50670,0.05705,000.00009537,000.02146659,000.02613640,000.12103047,000.23
Tournament (k=3),Arithmetic,Uniform,0.62318,0.09637,000.00000763,000.00545540,000.00555801,000.01925372,000.26
Tournament (k=3),Arithmetic,Uniform,0.57030,0.17762,000.00003815,000.00926781,000.01124573,000.04153185,000.31
Tournament (k=3),Arithmetic,Uniform,0.58741,0.03378,000.00000000,000.06430717,000.05683517,000.26690257,000.22
Tournament (k=3),Arithmetic,Gaussian,0.91514,0.05705,000.00000763,000.00401149,000.00416946,000.14097966,000.25
Tournament (k=3),Arithmetic,Uniform,0.53756,0.02183,000.00020218,000.31223249,000.28126526,000.50257677,000.20
Tournament (k=3),Arithmetic,Uniform,0.72243,0.06795,000.00000000,000.01302814,000.01513290,000.11141482,000.24
Tournament (k=3),Arithmetic,Uniform,0.62318,0.03378,000.00000000,000.14445138,000.15758133,000.36211094,000.19
Tournament (k=3),Arithmetic,Gaussian,0.88849,0.23084,000.00139236,000.02072349,000.02410316,000.10669952,000.31
Tournament (k=3),Arithmetic,Uniform,0.68096,0.06795,000.00003815,000.01556916,000.01764488,000.16722412,000.26
Tournament (k=3),Arithmetic,Uniform,0.76642,0.19383,000.00097656,000.07788434,000.07758331,000.30858418,000.29
Tournament (k=3),Arithmetic,Uniform,0.47762,0.19383,000.00040436,000.02727604,000.02866364,000.07804777,000.27
Tournament (k=3),Arithmetic,Uniform,0.43709,0.11476,000.00000000,000.00572567,000.00565529,000.01309958,000.23
Tournament (k=3),Arithmetic,Uniform,0.53756,0.17762,000.00012207,000.00673885,000.00723457,000.03106564,000.31
Tournament (k=3),Arithmetic,Gaussian,0.97087,0.04791,000.00006485,000.00733628,000.00668144,000.34218436,000.25
Tournament (k=3),Arithmetic,Uniform,0.40000,0.05705,000.00003433,000.03757114,000.03591156,000.18199369,000.21
Tournament (k=3),Arithmetic,Uniform,0.60503,0.16276,000.00001526,000.00245795,000.00230217,000.10077226,000.36
Tournament (k=3),Arithmetic,Uniform,0.78941,0.03686,000.00000000,000.07884292,000.06210327,000.30199689,000.22
Tournament (k=3),Arithmetic,Uniform,0.50670,0.19383,000.00061035,000.03274913,000.03430939,000.18669833,000.35
Tournament (k=3),Arithmetic,Uniform,0.42436,0.17762,000.00027466,000.00541520,000.00609589,000.02727876,000.31
Tournament (k=3),Arithmetic,Uniform,0.58741,0.30000,000.07836914,001.10474026,001.33524895,000.82495296,000.28
Tournament (k=3),Arithmetic,Uniform,0.57030,0.05228,000.00001526,000.03408446,000.03586006,000.09976636,000.24
Tournament (k=3),Arithmetic,Uniform,0.74410,0.03686,000.00002670,000.09048452,000.11189842,000.35414261,000.19
Tournament (k=3),Arithmetic,Gaussian,0.91514,0.17762,000.00001526,000.00101094,000.00105667,000.00485776,000.30
Tournament (k=3),Arithmetic,Uniform,0.53756,0.02382,000.00001526,000.21064667,000.14703751,000.51144898,000.21
Tournament (k=3),Arithmetic,Uniform,0.72243,0.07415,000.00000381,000.00995188,000.01099205,000.06512778,000.22
Tournament (k=3),Arithmetic,Uniform,0.68096,0.21153,000.00489044,000.15803938,000.14712524,000.44446555,000.27
Tournament (k=3),Arithmetic,Uniform,0.45020,0.21153,000.00202179,000.07302995,000.08528519,000.19625363,000.32
Tournament (k=3),Arithmetic,Uniform,0.41200,0.02837,000.00000381,000.16941471,000.15251541,000.49022356,000.17
Tournament (k=3),Arithmetic,Gaussian,0.76642,0.04023,000.00000000,000.00378337,000.00373077,000.02433077,000.24
Tournament (k=3),Arithmetic,Uniform,0.45020,0.06226,000.00001526,000.02470055,000.02352905,000.09640469,000.23
Tournament (k=3),Arithmetic,Uniform,0.72243,0.19383,000.00048447,000.05722537,000.05852699,000.28650069,000.26
Tournament (k=3),Arithmetic,Uniform,0.42436,0.06795,000.00000000,000.01945553,000.01945686,000.12271468,000.20
Tournament (k=3),Arithmetic,Uniform,0.52190,0.12524,000.00000000,000.00186009,000.00181580,000.01247601,000.28
Tournament (k=3),Arithmetic,Uniform,0.78941,0.11476,000.00000000,000.00126843,000.00115776,000.09948372,000.27
Tournament (k=3),Arithmetic,Uniform,0.55369,0.11476,000.00000000,000.00288134,000.00208473,000.01573028,000.27
Tournament (k=3),Arithmetic,Uniform,0.74410,0.11476,000.00000000,000.00158510,000.00190353,000.00631471,000.27
Tournament (k=3),Arithmetic,Uniform,0.57030,0.05705,000.00000000,000.02656469,000.02703667,000.19542718,000.23
Tournament (k=3),Arithmetic,Uniform,0.47762,0.06795,000.00000000,000.02682576,000.02896118,000.15014002,000.21
Tournament (k=3),Arithmetic,Uniform,0.64187,0.17762,000.00020218,000.01059470,000.01014709,000.12061622,000.31
Tournament (k=3),Arithmetic,Uniform,0.53756,0.02599,000.00001907,000.12642860,000.10662651,000.42161730,000.21
Tournament (k=3),Arithmetic,Uniform,0.64187,0.02000,000.00015259,000.31689650,000.26759911,000.56314188,000.17
Tournament (k=3),Arithmetic,Uniform,0.72243,0.08092,000.00000381,000.00750232,000.00983810,000.03547815,000.22
Tournament (k=3),Arithmetic,Uniform,0.81310,0.02183,000.00008011,000.32009619,000.32177162,000.63812280,000.17
Tournament (k=3),Arithmetic,Uniform,0.66113,0.11476,000.00000000,000.00167575,000.00127983,000.00843966,000.24
Tournament (k=3),Arithmetic,Gaussian,0.97087,0.16276,000.00000000,000.00029588,000.00034332,000.00186575,000.36
Tournament (k=3),Arithmetic,Uniform,0.46371,0.02837,000.00001526,000.15464035,000.14346123,000.47597504,000.17
Tournament (k=3),Arithmetic,Uniform,0.68096,0.23084,000.02034760,000.35531616,000.35305405,000.57099193,000.28
Tournament (k=3),Arithmetic,Uniform,0.72243,0.02000,000.00000000,000.30248395,000.38282013,000.52407116,000.20
Tournament (k=3),Arithmetic,Gaussian,0.60503,0.30000,000.00660706,000.15842132,000.14902687,000.35875598,000.42
Tournament (k=3),Arithmetic,Gaussian,0.57030,0.27490,000.00765610,000.07746639,000.08971596,000.23149386,000.41
Tournament (k=3),Arithmetic,Uniform,0.47762,0.02000,000.00000000,000.35548908,000.34310532,000.52786970,000.20
Tournament (k=3),Arithmetic,Uniform,0.45020,0.23084,000.00430298,000.23289433,000.23980331,000.46471173,000.31
Tournament (k=3),Arithmetic,Uniform,0.40000,0.19383,000.00117493,000.02082419,000.02247620,000.09066951,000.30
Tournament (k=3),Arithmetic,Uniform,0.76642,0.02183,000.00000381,000.14909382,000.16048813,000.49181181,000.21
Tournament (k=3),Arithmetic,Uniform,0.53756,0.06226,000.00000000,000.01952043,000.01361656,000.22041669,000.23
Tournament (k=3),Arithmetic,Uniform,0.55369,0.12524,000.00000763,000.00175419,000.00138474,000.01241938,000.29
Tournament (k=3),Arithmetic,Uniform,0.58741,0.09637,000.00000763,000.00580077,000.00442123,000.04070254,000.23
Tournament (k=3),Arithmetic,Uniform,0.74410,0.12524,000.00000000,000.00085845,000.00073433,000.13116111,000.31
Tournament (k=3),Arithmetic,Gaussian,0.94259,0.08830,000.00000763,000.00122232,000.00089264,000.01033987,000.25
Tournament (k=3),Arithmetic,Uniform,0.46371,0.13667,000.00001526,000.00188909,000.00207710,000.01509040,000.26
Tournament (k=3),Arithmetic,Uniform,0.49195,0.27490,000.05588150,000.68752140,001.05730629,000.69478434,000.33
Tournament (k=3),Arithmetic,Uniform,0.70139,0.12524,000.00000381,000.00086155,000.00056458,000.00712455,000.26
Tournament (k=3),Arithmetic,Uniform,0.64187,0.19383,000.00115967,000.04955926,000.05204010,000.22844478,000.31
Tournament (k=3),Arithmetic,Gaussian,0.74410,0.23084,000.00050735,000.02214942,000.02533913,000.12654248,000.32
Tournament (k=3),Arithmetic,Uniform,0.60503,0.05705,000.00000763,000.03299584,000.02829552,000.16325608,000.20
Tournament (k=3),Arithmetic,Gaussian,0.88849,0.03095,000.00000763,000.01458144,000.01379776,000.10885984,000.23
Tournament (k=3),Arithmetic,Uniform,0.66113,0.04390,000.00000000,000.04017568,000.03317451,000.21017234,000.21
Tournament (k=3),Arithmetic,Uniform,0.43709,0.03686,000.00000763,000.06444564,000.06258774,000.30529276,000.22
Tournament (k=3),Arithmetic,Gaussian,0.83749,0.25191,000.00104523,000.04629416,000.04646683,000.16559446,000.36
Tournament (k=3),Arithmetic,Uniform,0.49195,0.12524,000.00000000,000.00280151,000.00282097,000.01108499,000.26
Tournament (k=3),Arithmetic,Uniform,0.81310,0.06795,000.00004578,000.01652303,000.01709557,000.04462176,000.25
Tournament (k=3),Arithmetic,Uniform,0.76642,0.02382,000.00000000,000.15694824,000.14188004,000.37810144,000.22
Tournament (k=3),Arithmetic,Uniform,0.52190,0.04023,000.00000381,000.04603519,000.04356003,000.20312113,000.19
Tournament (k=3),Arithmetic,Uniform,0.68096,0.02183,000.00000000,000.15643883,000.15733337,000.42787147,000.19
Tournament (k=3),Arithmetic,Uniform,0.55369,0.03686,000.00000000,000.05774102,000.04176140,000.32217669,000.19
Tournament (k=3),Arithmetic,Uniform,0.49195,0.02837,000.00000381,000.15713415,000.16518784,000.42033321,000.22
Tournament (k=3),Arithmetic,Gaussian,0.94259,0.23084,000.00077820,000.03005829,000.03321075,000.14465392,000.40
Tournament (k=3),Arithmetic,Uniform,0.53756,0.06795,000.00001526,000.01519909,000.01443100,000.08906149,000.25
Tournament (k=3),Arithmetic,Uniform,0.70139,0.03686,000.00000381,000.07535162,000.07247734,000.25569317,000.23
Tournament (k=3),Arithmetic,Uniform,0.40000,0.21153,000.00118256,000.05408082,000.05319023,000.19236182,000.35
Tournament (k=3),Arithmetic,Uniform,0.66113,0.04791,000.00000763,000.04585781,000.03950119,000.20682196,000.22
Tournament (k=3),Arithmetic,Uniform,0.50670,0.06226,000.00000000,000.02056637,000.01774788,000.13568512,000.25
Tournament (k=3),Arithmetic,Gaussian,0.86261,0.16276,000.00000000,000.00019054,000.00019836,000.00211890,000.30
Tournament (k=3),Arithmetic,Gaussian,0.81310,0.14915,000.00000000,000.00007119,000.00005913,000.00068735,000.35
Tournament (k=3),Arithmetic,Uniform,0.64187,0.21153,000.00337219,000.13606992,000.11288834,000.35230953,000.35
Tournament (k=3),Arithmetic,Uniform,0.62318,0.10516,000.00000000,000.00295501,000.00285912,000.02785424,000.28
Tournament (k=3),Arithmetic,Uniform,0.41200,0.25191,000.03449249,000.34702516,000.37291145,000.47579223,000.29
Tournament (k=3),Arithmetic,Uniform,0.62318,0.03686,000.00001144,000.06624971,000.06686211,000.30135930,000.22
Tournament (k=3),Arithmetic,Uniform,0.41200,0.11476,000.00000763,000.00551071,000.00506783,000.04429371,000.24
Tournament (k=3),Arithmetic,Uniform,0.57030,0.19383,000.00038910,000.03343330,000.03632545,000.20532897,000.33
Tournament (k=3),Arithmetic,Gaussian,1.00000,0.25191,000.00222778,000.05260172,000.06808090,000.26637378,000.41
Tournament (k=3),Arithmetic,Uniform,0.46371,0.14915,000.00000763,000.00178041,000.00140953,000.01041991,000.47
Tournament (k=3),Arithmetic,Uniform,0.40000,0.06226,000.00000763,000.02157927,000.02176094,000.07721134,000.20
Tournament (k=3),Arithmetic,Uniform,0.68096,0.07415,000.00000000,000.01161275,000.01330566,000.04387589,000.26
Tournament (k=3),Arithmetic,Uniform,0.81310,0.07415,000.00000763,000.01030965,000.01149368,000.10509410,000.36
Tournament (k=3),Arithmetic,Uniform,0.81310,0.21153,000.00329590,000.15120903,000.14492989,000.43080497,000.36
Tournament (k=3),Arithmetic,Uniform,0.43709,0.12524,000.00001526,000.00330353,000.00388908,000.01800689,000.25
Tournament (k=3),Arithmetic,Uniform,0.76642,0.21153,000.00138855,000.20653868,000.20679283,000.55277079,000.28
Tournament (k=3),Arithmetic,Uniform,0.47762,0.21153,000.00371933,000.07688594,000.09395981,000.32372424,000.28
Tournament (k=3),Arithmetic,Gaussian,0.97087,0.05228,000.00000000,000.00931015,000.00821686,000.36625209,000.27
Tournament (k=3),Arithmetic,Uniform,0.83749,0.04023,000.00000381,000.03796630,000.04043388,000.22786051,000.24
Tournament (k=3),Arithmetic,Uniform,0.50670,0.06795,000.00000763,000.01950054,000.01420975,000.14555992,000.27
Tournament (k=3),Arithmetic,Uniform,0.53756,0.19383,000.00032043,000.02515693,000.02317810,000.20001523,000.33
Tournament (k=3),Arithmetic,Gaussian,0.74410,0.02000,000.00000000,000.01579018,000.01334572,000.17486235,000.19
Tournament (k=3),Arithmetic,Uniform,0.86261,0.02382,000.00041580,000.23306593,000.19501305,000.47945851,000.18
Tournament (k=3),Arithmetic,Uniform,0.60503,0.17762,000.00035858,000.01080780,000.01174736,000.05421782,000.33
Tournament (k=3),Arithmetic,Uniform,0.74410,0.04023,000.00002289,000.06451301,000.05164337,000.30197135,000.20
Tournament (k=3),Arithmetic,Uniform,0.60503,0.02000,000.00000000,000.31786388,000.33687782,000.66131389,000.22
Tournament (k=3),Arithmetic,Uniform,0.83749,0.12524,000.00000000,000.00082302,000.00071144,000.01035048,000.29
Tournament (k=3),Arithmetic,Gaussian,0.88849,0.25191,000.00083923,000.04098277,000.04362106,000.22712499,000.43
Tournament (k=3),Arithmetic,Uniform,0.41200,0.03095,000.00022888,000.11020169,000.11630249,000.34500256,000.19
Tournament (k=3),Arithmetic,Uniform,0.86261,0.07415,000.00000000,000.01014991,000.00741005,000.03730425,000.22
Tournament (k=3),Arithmetic,Uniform,0.42436,0.07415,000.00000000,000.01543603,000.01274109,000.08780821,000.21
Tournament (k=3),Arithmetic,Gaussian,0.76642,0.04390,000.00000000,000.00469294,000.00523949,000.02841138,000.25
Tournament (k=3),Arithmetic,Uniform,0.72243,0.21153,000.00500488,000.13948107,000.14081001,000.42325902,000.27
Tournament (k=3),Arithmetic,Uniform,0.81310,0.08092,000.00001907,000.00713611,000.00769997,000.03631315,000.28
Tournament (k=3),Arithmetic,Uniform,0.64187,0.02183,000.00014496,000.32222122,000.33395767,000.47852197,000.18
Tournament (k=3),Arithmetic,Uniform,0.64187,0.23084,000.02561188,000.40256271,000.40880013,000.56822973,000.34
Tournament (k=3),Arithmetic,Gaussian,1.00000,0.03095,000.00013351,000.02822905,000.02777672,000.42617303,000.23
Tournament (k=3),Arithmetic,Uniform,0.52190,0.13667,000.00000000,000.00209861,000.00208664,000.01204871,000.30
Tournament (k=3),Arithmetic,Uniform,0.78941,0.12524,000.00000000,000.00074606,000.00076294,000.01630952,000.29
Tournament (k=3),Arithmetic,Uniform,0.57030,0.06226,000.00000000,000.02326493,000.02521133,000.14218257,000.23
Tournament (k=3),Arithmetic,Uniform,0.47762,0.07415,000.00000000,000.01257057,000.01459885,000.05659788,000.22
Tournament (k=3),Arithmetic,Uniform,0.81310,0.02382,000.00025177,000.23165441,000.23616028,000.48731771,000.21
Tournament (k=3),Arithmetic,Uniform,0.43709,0.30000,000.01071167,000.79864466,000.97755432,000.63896608,000.32
Tournament (k=3),Arithmetic,Gaussian,0.74410,0.02183,000.00000763,000.02107959,000.01893616,000.14864898,000.24
Tournament (k=3),Arithmetic,Uniform,0.41200,0.03378,000.00000000,000.16067262,000.16746902,000.36648518,000.20
Tournament (k=3),Arithmetic,Uniform,0.66113,0.12524,000.00000000,000.00114555,000.00099373,000.00608783,000.25
Tournament (k=3),Arithmetic,Uniform,0.72243,0.02183,000.00039673,000.34252793,000.36546326,000.56765991,000.22
Tournament (k=3),Arithmetic,Uniform,0.47762,0.02183,000.00000381,000.24162737,000.24734116,000.50162488,000.21
Tournament (k=3),Arithmetic,Uniform,0.88849,0.04390,000.00031281,000.06412616,000.05954552,000.30799451,000.23
Tournament (k=3),Arithmetic,Gaussian,0.97087,0.17762,000.00003815,000.00117569,000.00127220,000.00679416,000.33
Tournament (k=3),Arithmetic,Uniform,0.60503,0.19383,000.00092316,000.04023967,000.03820801,000.25313422,000.37
Tournament (k=3),Arithmetic,Uniform,0.76642,0.06795,000.00002670,000.01723828,000.01470947,000.13350727,000.22
Tournament (k=3),Arithmetic,Uniform,0.47762,0.08092,000.00000000,000.01188445,000.01044273,000.06468643,000.24
Tournament (k=3),Arithmetic,Gaussian,0.94259,0.09637,000.00000000,000.00085626,000.00062561,000.15341057,000.27
Tournament (k=3),Arithmetic,Gaussian,0.83749,0.08830,000.00000000,000.00055737,000.00046349,000.00307450,000.27
Tournament (k=3),Arithmetic,Uniform,0.41200,0.03686,000.00000381,000.08675709,000.08301926,000.32386348,000.20
Tournament (k=3),Arithmetic,Uniform,0.58741,0.10516,000.00000763,000.00422502,000.00323296,000.02816304,000.29
Tournament (k=3),Arithmetic,Uniform,0.55369,0.13667,000.00000763,000.00122156,000.00124168,000.01438258,000.31
Tournament (k=3),Arithmetic,Uniform,0.64187,0.05705,000.00000000,000.03351598,000.04216194,000.13755751,000.26
Tournament (k=3),Arithmetic,Uniform,0.88849,0.13667,000.00000000,000.00031347,000.00024986,000.00614259,000.26
Tournament (k=3),Arithmetic,Uniform,0.91514,0.02599,000.00199127,000.20297876,000.20818710,000.53360176,000.23
Tournament (k=3),Arithmetic,Uniform,0.43709,0.04023,000.00000000,000.06234961,000.05696106,000.26725805,000.23
Tournament (k=3),Arithmetic,Uniform,0.86261,0.23084,000.01175690,000.39940301,000.36316872,000.69888532,000.44
Tournament (k=3),Arithmetic,Uniform,0.72243,0.23084,000.00538635,000.43526477,000.35713959,000.60634488,000.39
Tournament (k=3),Arithmetic,Uniform,0.70139,0.13667,000.00000000,000.00088177,000.00063515,000.00456541,000.31
Tournament (k=3),Arithmetic,Uniform,0.72243,0.02382,000.00034332,000.34751448,000.30500793,000.58596748,000.27
Tournament (k=3),Arithmetic,Gaussian,0.88849,0.27490,000.00889587,000.11411133,000.10572815,000.38291720,000.53
Tournament (k=3),Arithmetic,Uniform,0.76642,0.02599,000.00000000,000.17850681,000.18409348,000.50553465,000.19
Tournament (k=3),Arithmetic,Uniform,0.49195,0.30000,000.08307266,000.87758237,001.12780380,000.64116699,000.36
Tournament (k=3),Arithmetic,Uniform,0.52190,0.14915,000.00000000,000.00124307,000.00101280,000.01876706,000.43
Tournament (k=3),Arithmetic,Uniform,0.47762,0.02382,000.00000763,000.18198594,000.18780327,000.49898472,000.29
Tournament (k=3),Arithmetic,Uniform,0.68096,0.02382,000.00004578,000.21331449,000.22554398,000.41832998,000.18
Tournament (k=3),Arithmetic,Uniform,0.88849,0.04791,000.00021362,000.04177718,000.04246521,000.28770185,000.26
Tournament (k=3),Arithmetic,Uniform,0.55369,0.04023,000.00000000,000.07737198,000.06734467,000.30838737,000.19
Tournament (k=3),Arithmetic,Uniform,0.49195,0.03095,000.00000000,000.10839200,000.10684776,000.33411986,000.18
Tournament (k=3),Arithmetic,Uniform,0.58741,0.03686,000.00000000,000.07270990,000.06567574,000.29934442,000.23
Tournament (k=3),Arithmetic,Uniform,0.66113,0.05228,000.00004959,000.03238111,000.03159523,000.17866245,000.19
Tournament (k=3),Arithmetic,Uniform,0.70139,0.04023,000.00000000,000.07699361,000.08850479,000.26119253,000.22
Tournament (k=3),Arithmetic,Gaussian,0.83749,0.27490,000.00186539,000.08768902,000.09497833,000.39460641,000.42
Tournament (k=3),Arithmetic,Uniform,0.53756,0.07415,000.00000763,000.01314425,000.01366806,000.06875359,000.25
Tournament (k=3),Arithmetic,Uniform,0.64187,0.06226,000.00000763,000.01753840,000.01865387,000.08264923,000.24
Tournament (k=3),Arithmetic,Uniform,0.62318,0.04023,000.00002670,000.07010098,000.05551910,000.32327428,000.20
Tournament (k=3),Arithmetic,Uniform,0.58741,0.11476,000.00000763,000.00206409,000.00185204,000.01175610,000.31
Tournament (k=3),Arithmetic,Uniform,0.72243,0.02599,000.00000000,000.26158747,000.22692680,000.53035551,000.25
Tournament (k=3),Arithmetic,Uniform,0.40000,0.06795,000.00004196,000.02549100,000.02771378,000.17529488,000.20
Tournament (k=3),Arithmetic,Uniform,0.41200,0.12524,000.00000000,000.00289898,000.00260353,000.02767811,000.24
Tournament (k=3),Arithmetic,Uniform,0.41200,0.27490,000.03765106,000.66296625,000.74775887,000.72806466,000.28
Tournament (k=3),Arithmetic,Uniform,0.50670,0.21153,000.00247192,000.09004135,000.09398079,000.27180159,000.32
Tournament (k=3),Arithmetic,Gaussian,0.94259,0.25191,000.00385284,000.05681553,000.06945419,000.20583583,000.40
Tournament (k=3),Arithmetic,Uniform,0.45020,0.06795,000.00000000,000.01756129,000.02145386,000.08273479,000.22
Tournament (k=3),Arithmetic,Uniform,0.42436,0.19383,000.00004578,000.01963782,000.02286720,000.12476189,000.32
Tournament (k=3),Arithmetic,Uniform,0.91514,0.08092,000.00000000,000.00658479,000.00636673,000.17526691,000.25
Tournament (k=3),Arithmetic,Uniform,0.68096,0.08092,000.00000763,000.01079059,000.00852013,000.04899254,000.25
Tournament (k=3),Arithmetic,Uniform,0.43709,0.13667,000.00001526,000.00255408,000.00252914,000.01124913,000.24
Tournament (k=3),Arithmetic,Uniform,0.57030,0.21153,000.00131226,000.08864193,000.08792496,000.33617210,000.31
Tournament (k=3),Arithmetic,Gaussian,0.97087,0.05705,000.00000000,000.00602169,000.00662804,000.32907432,000.25
Tournament (k=3),Arithmetic,Uniform,0.76642,0.23084,000.00522232,000.38973302,000.42366028,000.64711976,000.26
Tournament (k=3),Arithmetic,Uniform,0.53756,0.02837,000.00012970,000.11874390,000.11067581,000.40529892,000.18
Tournament (k=3),Arithmetic,Uniform,0.86261,0.02599,000.00000763,000.28429446,000.27566910,000.47369885,000.18
Tournament (k=3),Arithmetic,Uniform,0.81310,0.23084,000.01371765,000.48274961,000.57857895,000.66174877,000.32
Tournament (k=3),Arithmetic,Uniform,0.53756,0.08092,000.00001144,000.00925889,000.00870132,000.04373296,000.26
Tournament (k=3),Arithmetic,Uniform,0.47762,0.23084,000.00154495,000.15734625,000.18282127,000.38008752,000.31
Tournament (k=3),Arithmetic,Uniform,0.72243,0.02837,000.00049210,000.14348774,000.15353584,000.39630008,000.21
Tournament (k=3),Arithmetic,Uniform,0.50670,0.07415,000.00000000,000.01744394,000.02035713,000.10644881,000.25
Tournament (k=3),Arithmetic,Gaussian,1.00000,0.27490,000.00142670,000.10159864,000.10460091,000.29726109,000.41
Tournament (k=3),Arithmetic,Uniform,0.46371,0.03095,000.00000000,000.13668728,000.14201355,000.38841909,000.18
Tournament (k=3),Arithmetic,Uniform,0.94259,0.04791,000.00003052,000.12018228,000.11031151,000.44038895,000.19
Tournament (k=3),Arithmetic,Uniform,0.83749,0.13667,000.00000381,000.00045342,000.00044441,000.02853079,000.24
Tournament (k=3),Arithmetic,Uniform,0.64187,0.02382,000.00005341,000.21845722,000.15521622,000.40892717,000.18
Tournament (k=3),Arithmetic,Uniform,0.86261,0.08092,000.00000000,000.00600514,000.00579453,000.17436895,000.25
Tournament (k=3),Arithmetic,Uniform,0.50670,0.23084,000.00355911,000.20445056,000.21556664,000.40859836,000.29
Tournament (k=3),Arithmetic,Uniform,0.58741,0.12524,000.00000000,000.00126553,000.00100517,000.00782681,000.33
Tournament (k=3),Arithmetic,Uniform,0.81310,0.08830,000.00000763,000.00568171,000.00484848,000.06261571,000.26
Tournament (k=3),Arithmetic,Uniform,0.68096,0.25191,000.03466797,000.69521433,000.96916199,000.64519703,000.32
Tournament (k=3),Arithmetic,Uniform,0.94259,0.14915,000.00000381,000.00214057,000.00206757,000.00905929,000.30
Tournament (k=3),Arithmetic,Gaussian,1.00000,0.03378,000.00000763,000.08484383,000.03850937,000.61213833,000.24
Tournament (k=3),Arithmetic,Uniform,0.81310,0.02599,000.00018311,000.18003945,000.18389893,000.41527683,000.21
Tournament (k=3),Arithmetic,Uniform,0.57030,0.06795,000.00000000,000.01394911,000.01542282,000.07132126,000.21
Tournament (k=3),Arithmetic,Uniform,0.45020,0.02000,000.00012970,000.39303890,000.45195770,000.52938020,000.21
Tournament (k=3),Arithmetic,Uniform,0.60503,0.06226,000.00000381,000.02023306,000.02121925,000.10169773,000.20
Tournament (k=3),Arithmetic,Uniform,0.64187,0.25191,000.00326157,000.57052422,000.66105080,000.61131322,000.29
Tournament (k=3),Arithmetic,Uniform,0.45020,0.25191,000.02855682,000.42102265,000.41713715,000.57011217,000.31
Tournament (k=3),Arithmetic,Uniform,0.57030,0.02382,000.00000000,000.16301480,000.15309906,000.50278741,000.18
Tournament (k=3),Arithmetic,Gaussian,0.74410,0.02382,000.00000000,000.01580086,000.02067947,000.04729265,000.22
Tournament (k=3),Arithmetic,Uniform,0.91514,0.25191,000.02024460,000.77908134,001.04050636,000.74327856,000.41
Tournament (k=3),Arithmetic,Uniform,0.78941,0.13667,000.00000000,000.00043864,000.00031853,000.00755518,000.28
Tournament (k=3),Arithmetic,Uniform,0.53756,0.08830,000.00000763,000.00769439,000.00598145,000.08295385,000.29
Tournament (k=3),Arithmetic,Uniform,0.66113,0.13667,000.00000000,000.00058465,000.00046730,000.00319319,000.25
Tournament (k=3),Arithmetic,Uniform,0.49195,0.13667,000.00000000,000.00195727,000.00177956,000.01486521,000.29
Tournament (k=3),Arithmetic,Uniform,0.97087,0.02837,000.00025177,000.25016776,000.27018356,000.56158322,000.18
Tournament (k=3),Arithmetic,Uniform,0.86261,0.08830,000.00000000,000.00566311,000.00488281,000.10525865,000.29
Tournament (k=3),Arithmetic,Uniform,0.76642,0.07415,000.00003433,000.00766520,000.00685310,000.05218673,000.22
Tournament (k=3),Arithmetic,Uniform,0.60503,0.21153,000.00383377,000.11012001,000.10866356,000.38364834,000.30
Tournament (k=3),Arithmetic,Uniform,0.47762,0.08830,000.00000000,000.00844908,000.00621605,000.05327272,000.23
Tournament (k=3),Arithmetic,Uniform,0.41200,0.04023,000.00004578,000.06798162,000.08473396,000.26912519,000.21
Tournament (k=3),Arithmetic,Gaussian,0.97087,0.19383,000.00012970,000.00303273,000.00321007,000.11436195,000.31
Tournament (k=3),Arithmetic,Uniform,0.78941,0.04023,000.00000000,000.07096505,000.05368805,000.27586329,000.20
Tournament (k=3),Arithmetic,Uniform,0.91514,0.02837,000.00109100,000.24700847,000.20373726,000.54570246,000.21
Tournament (k=3),Arithmetic,Uniform,0.43709,0.04390,000.00007248,000.07367559,000.08513832,000.28141385,000.22
Tournament (k=3),Arithmetic,Uniform,0.97087,0.08830,000.00000763,000.00650840,000.00752831,000.20387082,000.25
Tournament (k=3),Arithmetic,Uniform,0.55369,0.14915,000.00000000,000.00129113,000.00117683,000.00773185,000.27
Tournament (k=3),Arithmetic,Gaussian,0.94259,0.10516,000.00000000,000.00022554,000.00016022,000.15706025,000.29
Tournament (k=3),Arithmetic,Uniform,0.88849,0.14915,000.00000763,000.00197897,000.00181580,000.10230174,000.25
Tournament (k=3),Arithmetic,Uniform,0.72243,0.25191,000.00376892,000.60772222,000.71880913,000.64210075,000.27
Tournament (k=3),Arithmetic,Uniform,0.62318,0.11476,000.00000000,000.00226521,000.00214577,000.01783350,000.27
Tournament (k=3),Arithmetic,Uniform,0.70139,0.14915,000.00000000,000.00067925,000.00064278,000.01539727,000.29
Tournament (k=3),Arithmetic,Uniform,0.50670,0.02000,000.00000000,000.30583733,000.25260544,000.56750274,000.17
Tournament (k=3),Arithmetic,Uniform,0.86261,0.25191,000.03939056,000.68031812,001.01622581,000.76763630,000.33
Tournament (k=3),Arithmetic,Uniform,0.47762,0.02599,000.00024414,000.15938529,000.14185143,000.45961690,000.20
Tournament (k=3),Arithmetic,Uniform,0.49195,0.03378,000.00001144,000.09215178,000.10901642,000.33130741,000.19
Tournament (k=3),Arithmetic,Uniform,0.55369,0.04390,000.00000381,000.06149263,000.04772377,000.21643303,000.19
Tournament (k=3),Arithmetic,Uniform,0.88849,0.05228,000.00010300,000.05445065,000.04410172,000.27452859,000.23
Tournament (k=3),Arithmetic,Uniform,0.58741,0.04023,000.00000000,000.07474475,000.06388283,000.23488751,000.22
Tournament (k=3),Arithmetic,Uniform,0.52190,0.16276,000.00001907,000.00253072,000.00249481,000.00931882,000.27
Tournament (k=3),Arithmetic,Uniform,0.66113,0.05705,000.00000000,000.02012939,000.02201653,000.15302935,000.21
Tournament (k=3),Arithmetic,Uniform,0.62318,0.04390,000.00000381,000.04003157,000.04391289,000.21010874,000.19
Tournament (k=3),Arithmetic,Gaussian,0.88849,0.30000,000.00165939,000.14605136,000.15329742,000.34174460,000.42
Tournament (k=3),Arithmetic,Uniform,0.74410,0.04390,000.00000763,000.04666948,000.04334641,000.26896432,000.19
Tournament (k=3),Arithmetic,Uniform,0.64187,0.06795,000.00002670,000.01562905,000.01664162,000.13199407,000.25
Tournament (k=3),Arithmetic,Uniform,0.60503,0.23084,000.00238037,000.30434170,000.31768799,000.59193105,000.33
Tournament (k=3),Arithmetic,Uniform,0.72243,0.08830,000.00001526,000.00604405,000.00593185,000.04012926,000.23
Tournament (k=3),Arithmetic,Uniform,0.97087,0.27490,000.07593536,001.02408218,001.19602966,000.87420714,000.30
Tournament (k=3),Arithmetic,Uniform,0.49195,0.14915,000.00000000,000.00155520,000.00143623,000.01404069,000.39
Tournament (k=3),Arithmetic,Uniform,0.97087,0.09637,000.00000000,000.00277109,000.00248146,000.25147030,000.33
Tournament (k=3),Arithmetic,Uniform,0.55369,0.16276,000.00000381,000.00253391,000.00188065,000.09586090,000.32
Tournament (k=3),Arithmetic,Uniform,0.60503,0.02183,000.00015259,000.24512534,000.26834679,000.46461657,000.21
Tournament (k=3),Arithmetic,Uniform,0.53756,0.21153,000.00489044,000.08920779,000.08511162,000.28149140,000.32
Tournament (k=3),Arithmetic,Uniform,0.45020,0.07415,000.00000000,000.01320333,000.00975418,000.05162948,000.24
Tournament (k=3),Arithmetic,Uniform,0.62318,0.12524,000.00000000,000.00072351,000.00078011,000.00632040,000.30
Tournament (k=3),Arithmetic,Uniform,1.00000,0.05228,000.00001144,000.20650072,000.13649368,000.61232907,000.19
Tournament (k=3),Arithmetic,Uniform,0.66113,0.06226,000.00000000,000.01495242,000.01334000,000.12740137,000.22
Tournament (k=3),Arithmetic,Uniform,0.68096,0.08830,000.00005341,000.00547390,000.00453568,000.03745735,000.21
Tournament (k=3),Arithmetic,Uniform,0.41200,0.30000,000.02200699,000.74580252,001.02441788,000.71796012,000.31
Tournament (k=3),Arithmetic,Uniform,0.91514,0.08830,000.00001907,000.00624442,000.00447273,000.33852622,000.25
Tournament (k=3),Arithmetic,Uniform,0.42436,0.21153,000.00181580,000.05143671,000.05710793,000.22417532,000.27
Tournament (k=3),Arithmetic,Uniform,0.86261,0.02837,000.00002670,000.18907651,000.19771767,000.44974905,000.18
Tournament (k=3),Arithmetic,Uniform,0.53756,0.03095,000.00009918,000.12213550,000.14028931,000.35592479,000.20
Tournament (k=3),Arithmetic,Gaussian,0.97087,0.06226,000.00000381,000.00367098,000.00226402,000.25582653,000.25
Tournament (k=3),Arithmetic,Uniform,0.76642,0.25191,000.04917908,000.76544935,001.12076569,000.82484996,000.26
Tournament (k=3),Arithmetic,Gaussian,0.94259,0.27490,000.00593185,000.08529034,000.09845161,000.21462817,000.40
Tournament (k=3),Arithmetic,Uniform,0.57030,0.23084,000.00623322,000.30019456,000.27024078,000.51953638,000.32
Tournament (k=3),Arithmetic,Uniform,0.72243,0.03095,000.00000381,000.11493425,000.11420250,000.39734012,000.21
Tournament (k=3),Arithmetic,Uniform,0.47762,0.25191,000.00825500,000.41275913,000.43570328,000.56027108,000.27
Tournament (k=3),Arithmetic,Uniform,1.00000,0.05705,000.00006866,000.07967134,000.06626892,000.50116295,000.20
Tournament (k=3),Arithmetic,Uniform,0.74410,0.13667,000.00000000,000.00059295,000.00056076,000.00979584,000.29
Tournament (k=3),Arithmetic,Uniform,0.46371,0.03378,000.00005341,000.10051923,000.10495567,000.33463505,000.21
Tournament (k=3),Arithmetic,Uniform,0.50670,0.08092,000.00001526,000.01153798,000.01241684,000.04607462,000.25
Tournament (k=3),Arithmetic,Uniform,0.81310,0.25191,000.03045654,000.69013345,000.90175629,000.66482556,000.32
Tournament (k=3),Arithmetic,Uniform,0.52190,0.04390,000.00021362,000.04765692,000.06097794,000.18851513,000.22
Tournament (k=3),Arithmetic,Uniform,0.83749,0.14915,000.00000000,000.00153947,000.00129318,000.08078750,000.24
Tournament (k=3),Arithmetic,Uniform,0.66113,0.06795,000.00000000,000.01912813,000.02285004,000.09215429,000.24
Tournament (k=3),Arithmetic,Uniform,0.42436,0.02000,000.00002670,000.30809170,000.29817009,000.56849444,000.24
Tournament (k=3),Arithmetic,Uniform,0.58741,0.13667,000.00000381,000.00097222,000.00108337,000.00981783,000.25
Tournament (k=3),Arithmetic,Uniform,0.68096,0.27490,000.02436066,001.01883185,001.25244904,000.79672390,000.28
Tournament (k=3),Arithmetic,Uniform,0.81310,0.02837,000.00000000,000.12642708,000.13883972,000.41814750,000.19
Tournament (k=3),Arithmetic,Uniform,0.45020,0.02183,000.00000000,000.21793628,000.16823387,000.54146254,000.18
Tournament (k=3),Arithmetic,Uniform,0.72243,0.03378,000.00000763,000.10265956,000.11449051,000.27801737,000.21
Tournament (k=3),Arithmetic,Uniform,0.42436,0.23084,000.00920868,000.15298662,000.16199493,000.37069497,000.30
Tournament (k=3),Arithmetic,Uniform,0.94259,0.16276,000.00008011,000.00595622,000.00662804,000.10523861,000.30
Tournament (k=3),Arithmetic,Uniform,0.60503,0.06795,000.00000000,000.02170553,000.02305603,000.11381941,000.21
Tournament (k=3),Arithmetic,Uniform,1.00000,0.16276,000.00021744,000.01084633,000.01123619,000.04640274,000.30
Tournament (k=3),Blend,Gaussian,0.40000,0.03095,000.00000000,000.00139203,000.00095749,000.01918577,000.23
Tournament (k=3),Arithmetic,Gaussian,1.00000,0.30000,000.00918579,000.20634632,000.20322800,000.41520873,000.46
Tournament (k=3),Arithmetic,Uniform,0.76642,0.27490,000.04987717,000.87610930,001.12877083,000.84356201,000.31
Tournament (k=3),Arithmetic,Uniform,0.50670,0.08830,000.00000000,000.00657601,000.00704002,000.03346033,000.26
Tournament (k=3),Arithmetic,Uniform,0.64187,0.27490,000.05024338,000.76676577,001.07703590,000.79476011,000.28
Tournament (k=3),Arithmetic,Uniform,0.76642,0.02837,000.00002670,000.10589743,000.10056877,000.32732901,000.21
Tournament (k=3),Arithmetic,Uniform,0.74410,0.14915,000.00000000,000.00103254,000.00109863,000.01284148,000.29
Tournament (k=3),Arithmetic,Uniform,0.53756,0.09637,000.00000000,000.00580068,000.00595093,000.06166642,000.26
Tournament (k=3),Arithmetic,Uniform,0.97087,0.03095,000.00090027,000.19356914,000.14514732,000.57264215,000.18
Tournament (k=3),Arithmetic,Uniform,0.66113,0.14915,000.00000000,000.00089831,000.00090218,000.02727263,000.24
Tournament (k=3),Arithmetic,Uniform,0.68096,0.02599,000.00000000,000.19163561,000.23802567,000.49768710,000.17
Tournament (k=3),Arithmetic,Uniform,0.78941,0.14915,000.00001526,000.00124636,000.00125122,000.00563485,000.29
Tournament (k=3),Arithmetic,Uniform,0.91514,0.27490,000.02323151,001.03981447,001.34072495,000.90698647,000.33
Tournament (k=3),Arithmetic,Uniform,0.76642,0.08092,000.00000000,000.00687428,000.00777626,000.03304580,000.21
Tournament (k=3),Arithmetic,Uniform,0.86261,0.09637,000.00000000,000.00315676,000.00234032,000.04845410,000.26
Tournament (k=3),Arithmetic,Uniform,0.78941,0.04390,000.00009918,000.04231763,000.04353142,000.25295773,000.22
Tournament (k=3),Arithmetic,Uniform,0.91514,0.03095,000.00001526,000.14748640,000.14137840,000.39707080,000.21
Tournament (k=3),Blend,Gaussian,0.41200,0.05705,000.00000000,000.00058360,000.00033188,000.00779542,000.26
Tournament (k=3),Arithmetic,Uniform,0.70139,0.04390,000.00000000,000.04180593,000.04239655,000.17466615,000.22
Tournament (k=3),Blend,Gaussian,0.40000,0.09637,000.00000000,000.00016670,000.00014114,000.00137350,000.32
Tournament (k=3),Arithmetic,Uniform,0.83749,0.04390,000.00006104,000.04607330,000.03895760,000.23766407,000.21
Tournament (k=3),Blend,Gaussian,0.42436,0.03378,000.00000000,000.00093193,000.00068474,000.00882579,000.23
Tournament (k=3),Arithmetic,Uniform,0.55369,0.04791,000.00000000,000.04012322,000.03632164,000.20219849,000.19
Tournament (k=3),Arithmetic,Uniform,0.50670,0.02183,000.00004578,000.26522198,000.23304939,000.52043390,000.21
Tournament (k=3),Blend,Gaussian,0.40000,0.30000,000.01137161,000.17348322,000.20571136,000.24042229,000.39
Tournament (k=3),Arithmetic,Uniform,0.72243,0.27490,000.05410004,000.90457475,001.13953590,000.86978203,000.28
Tournament (k=3),Blend,Gaussian,0.42436,0.10516,000.00000000,000.00005264,000.00003624,000.00081193,000.27
Tournament (k=3),Arithmetic,Uniform,0.70139,0.16276,000.00002670,000.00314350,000.00325394,000.03008976,000.30
Tournament (k=3),Blend,Gaussian,0.41200,0.17762,000.00000000,000.00040717,000.00038719,000.00176978,000.39
Tournament (k=3),Arithmetic,Uniform,0.86261,0.27490,000.03674698,001.08031642,001.30306816,000.85895765,000.31
Tournament (k=3),Arithmetic,Uniform,0.88849,0.05705,000.00006104,000.02281823,000.02621651,000.20115694,000.23
Tournament (k=3),Arithmetic,Uniform,0.58741,0.04390,000.00000000,000.05199141,000.05620384,000.20279071,000.23
Tournament (k=3),Arithmetic,Uniform,0.74410,0.04791,000.00000000,000.03366542,000.03186607,000.21181516,000.19
Tournament (k=3),Arithmetic,Uniform,0.78941,0.16276,000.00006866,000.00430961,000.00369453,000.03668759,000.34
Tournament (k=3),Arithmetic,Uniform,0.62318,0.04791,000.00000000,000.03424773,000.03412056,000.11962567,000.22
Tournament (k=3),Arithmetic,Uniform,0.64187,0.07415,000.00000381,000.00947318,000.00941467,000.03718619,000.21
Tournament (k=3),Arithmetic,Uniform,0.70139,0.04791,000.00003815,000.04048366,000.05146408,000.25903869,000.23
Tournament (k=3),Arithmetic,Uniform,0.91514,0.30000,000.04814911,001.36962867,001.54824638,000.86739892,000.38
Tournament (k=3),Arithmetic,Uniform,0.64187,0.30000,000.01753616,001.18028390,001.42188644,000.80642760,000.43
Tournament (k=3),Arithmetic,Uniform,0.52190,0.17762,000.00022125,000.00670648,000.00703812,000.02851655,000.31
Tournament (k=3),Arithmetic,Uniform,0.72243,0.09637,000.00000000,000.00505452,000.00598717,000.02696913,000.24
Tournament (k=3),Arithmetic,Uniform,0.97087,0.10516,000.00000763,000.00179663,000.00152397,000.05793487,000.23
Tournament (k=3),Arithmetic,Uniform,0.60503,0.02382,000.00000000,000.20962033,000.20356750,000.41966417,000.21
Tournament (k=3),Arithmetic,Uniform,0.60503,0.25191,000.00560760,000.48691672,000.48618889,000.64920664,000.32
Tournament (k=3),Arithmetic,Uniform,0.74410,0.05228,000.00001144,000.02313571,000.02474976,000.10335932,000.20
Tournament (k=3),Arithmetic,Uniform,0.49195,0.16276,000.00000763,000.00250988,000.00298119,000.01917010,000.30
Tournament (k=3),Arithmetic,Uniform,0.97087,0.30000,000.15183258,001.55250800,001.90857124,000.83010918,000.33
Tournament (k=3),Arithmetic,Uniform,0.45020,0.08092,000.00001144,000.01275330,000.01227188,000.05951401,000.24
Tournament (k=3),Arithmetic,Uniform,0.62318,0.05228,000.00001144,000.03298879,000.03586960,000.17690247,000.22
Tournament (k=3),Arithmetic,Uniform,0.64187,0.08092,000.00002670,000.00762539,000.00664902,000.05497930,000.21
Tournament (k=3),Arithmetic,Uniform,0.53756,0.23084,000.00526428,000.22245994,000.19486237,000.55004972,000.27
Tournament (k=3),Arithmetic,Uniform,0.55369,0.17762,000.00013733,000.00683990,000.00777245,000.10779412,000.30
Tournament (k=3),Arithmetic,Uniform,0.94259,0.02000,000.00090408,000.39145160,000.36100960,000.57364309,000.21
Tournament (k=3),Arithmetic,Uniform,0.70139,0.05228,000.00002289,000.03816543,000.03833961,000.14224081,000.23
Tournament (k=3),Arithmetic,Uniform,0.68096,0.09637,000.00000000,000.00457807,000.00348854,000.04388626,000.25
Tournament (k=3),Arithmetic,Uniform,0.62318,0.13667,000.00000000,000.00057116,000.00063896,000.01112812,000.28
Tournament (k=3),Arithmetic,Uniform,0.91514,0.09637,000.00000381,000.00498939,000.00408173,000.12118393,000.26
Tournament (k=3),Arithmetic,Uniform,0.53756,0.03378,000.00000000,000.07908706,000.07139206,000.34719774,000.18
Tournament (k=3),Arithmetic,Uniform,0.81310,0.09637,000.00000763,000.00424819,000.00405502,000.09903935,000.26
Tournament (k=3),Arithmetic,Uniform,0.50670,0.25191,000.01109314,000.42241350,000.42146683,000.54443401,000.27
Tournament (k=3),Arithmetic,Uniform,0.72243,0.10516,000.00000381,000.00260882,000.00357246,000.09919547,000.26
Tournament (k=3),Arithmetic,Uniform,1.00000,0.06226,000.00005341,000.03516664,000.02945900,000.51075143,000.20
Tournament (k=3),Arithmetic,Gaussian,1.00000,0.03686,000.00002289,000.04106450,000.02553177,000.54336095,000.23
Tournament (k=3),Arithmetic,Uniform,0.57030,0.07415,000.00000000,000.01814375,000.01522827,000.11597344,000.21
Tournament (k=3),Arithmetic,Uniform,0.46371,0.03686,000.00000381,000.07158566,000.06288147,000.25133690,000.22
Tournament (k=3),Arithmetic,Uniform,0.52190,0.04791,000.00000000,000.02369237,000.02243805,000.12232327,000.23
Tournament (k=3),Arithmetic,Uniform,0.62318,0.05705,000.00000000,000.01742411,000.01887894,000.08093255,000.26
Tournament (k=3),Arithmetic,Uniform,0.47762,0.27490,000.02496719,000.56267446,000.63949013,000.61510748,000.27
Tournament (k=3),Arithmetic,Uniform,0.66113,0.07415,000.00000381,000.01709595,000.01545334,000.04026993,000.25
Tournament (k=3),Arithmetic,Uniform,0.83749,0.16276,000.00001144,000.00849962,000.00932693,000.10707113,000.26
Tournament (k=3),Arithmetic,Uniform,0.57030,0.25191,000.01345062,000.62395680,000.76771736,000.68857479,000.32
Tournament (k=3),Blend,Gaussian,0.43709,0.02000,000.00000000,000.00272331,000.00142670,000.15515010,000.21
Tournament (k=3),Arithmetic,Uniform,0.81310,0.27490,000.01390839,000.85436952,001.16593361,000.76827800,000.33
Tournament (k=3),Arithmetic,Uniform,0.45020,0.02382,000.00001144,000.22797337,000.20532608,000.47285545,000.22
Tournament (k=3),Arithmetic,Uniform,0.62318,0.14915,000.00000000,000.00100999,000.00091362,000.01195411,000.29
Tournament (k=3),Arithmetic,Uniform,0.53756,0.25191,000.00455093,000.40001979,000.43704605,000.59513634,000.37
Tournament (k=3),Arithmetic,Uniform,0.72243,0.03686,000.00000381,000.07559619,000.08312988,000.30283606,000.20
Tournament (k=3),Arithmetic,Gaussian,0.94259,0.30000,000.01856232,000.21850204,000.21746063,000.44970486,000.43
Tournament (k=3),Arithmetic,Uniform,0.60503,0.07415,000.00000381,000.01125541,000.01228142,000.03706671,000.21
Tournament (k=3),Arithmetic,Uniform,0.81310,0.10516,000.00000000,000.00184860,000.00157738,000.02795544,000.28
Tournament (k=3),Arithmetic,Uniform,0.46371,0.04023,000.00000000,000.10067539,000.10163879,000.28177801,000.20
Tournament (k=3),Blend,Gaussian,0.43709,0.06226,000.00000000,000.00035410,000.00019646,000.00297692,000.24
Tournament (k=3),Arithmetic,Uniform,0.68096,0.30000,000.04216003,001.26820660,001.62818527,000.93705094,000.32
Tournament (k=3),Arithmetic,Uniform,0.57030,0.08092,000.00000381,000.00803070,000.00677109,000.11825988,000.24
Tournament (k=3),Arithmetic,Uniform,0.40000,0.02000,000.00095367,000.37809747,000.47989273,000.54083776,000.20
Tournament (k=3),Arithmetic,Uniform,0.50670,0.09637,000.00000763,000.00743036,000.00794983,000.03128368,000.23
Tournament (k=3),Arithmetic,Uniform,0.76642,0.03095,000.00019455,000.09693809,000.09081078,000.28669143,000.22
Tournament (k=3),Arithmetic,Uniform,0.94259,0.17762,000.00024796,000.03253746,000.03437424,000.33462188,000.31
Tournament (k=3),Arithmetic,Uniform,0.97087,0.03378,000.00030899,000.16648865,000.12481499,000.46263546,000.19
Tournament (k=3),Arithmetic,Uniform,0.76642,0.30000,000.02249527,001.48035979,001.66163635,000.97417831,000.28
Tournament (k=3),Arithmetic,Uniform,0.49195,0.03686,000.00000000,000.06479645,000.07050514,000.25312573,000.18
Tournament (k=3),Arithmetic,Uniform,0.68096,0.02837,000.00006866,000.14047380,000.13025665,000.40090299,000.19
Tournament (k=3),Arithmetic,Uniform,0.88849,0.16276,000.00012207,000.00579720,000.00526428,000.18495892,000.30
Tournament (k=3),Arithmetic,Uniform,0.53756,0.10516,000.00000000,000.00573478,000.00678062,000.02184297,000.27
Tournament (k=3),Arithmetic,Uniform,0.47762,0.02837,000.00000000,000.13262844,000.12384987,000.37618932,000.21
Tournament (k=3),Arithmetic,Uniform,0.74410,0.16276,000.00001526,000.00399289,000.00377274,000.03857497,000.30
Tournament (k=3),Arithmetic,Gaussian,0.97087,0.02000,000.00000000,000.07363415,000.06346512,000.55166924,000.22
Tournament (k=3),Arithmetic,Uniform,0.66113,0.16276,000.00001526,000.00284114,000.00243187,000.10070854,000.26
Tournament (k=3),Arithmetic,Uniform,0.83749,0.04791,000.00038528,000.05259275,000.06201744,000.18743388,000.18
Tournament (k=3),Arithmetic,Uniform,0.46371,0.04390,000.00000000,000.05957904,000.04783821,000.27152470,000.24
Tournament (k=3),Blend,Gaussian,0.42436,0.03686,000.00000000,000.00134363,000.00084686,000.01449252,000.21
Tournament (k=3),Arithmetic,Uniform,0.86261,0.10516,000.00000381,000.00127563,000.00107002,000.01256774,000.27
Tournament (k=3),Arithmetic,Uniform,0.81310,0.11476,000.00000000,000.00080886,000.00062561,000.01956598,000.28
Tournament (k=3),Blend,Gaussian,0.41200,0.06226,000.00000000,000.00046887,000.00026321,000.00626188,000.27
Tournament (k=3),Blend,Gaussian,0.41200,0.02000,000.00000000,000.00719409,000.00438499,000.12428472,000.19
Tournament (k=3),Blend,Gaussian,0.40000,0.10516,000.00000000,000.00007396,000.00007629,000.00173587,000.31
Tournament (k=3),Blend,Gaussian,0.45020,0.03686,000.00000000,000.00165672,000.00104904,000.09885162,000.26
Tournament (k=3),Arithmetic,Uniform,0.88849,0.06226,000.00003052,000.02213287,000.01967049,000.17908458,000.20
Tournament (k=3),Arithmetic,Uniform,0.94259,0.05228,000.00002289,000.04054175,000.03174019,000.35326600,000.19
Tournament (k=3),Arithmetic,Uniform,0.72243,0.30000,000.04756927,001.10381794,001.38496590,000.91204959,000.28
Tournament (k=3),Arithmetic,Uniform,0.64187,0.02599,000.00000000,000.12237139,000.11627769,000.44784895,000.18
Tournament (k=3),Arithmetic,Uniform,0.58741,0.04791,000.00001526,000.04544382,000.04531288,000.21777289,000.20
Tournament (k=3),Blend,Gaussian,0.43709,0.19383,000.00010681,000.00364819,000.00440025,000.00752330,000.39
Tournament (k=3),Blend,Gaussian,0.42436,0.11476,000.00000000,000.00003695,000.00001526,000.00044791,000.29
Tournament (k=3),Arithmetic,Uniform,0.70139,0.17762,000.00023651,000.01285958,000.01252174,000.10326614,000.31
Tournament (k=3),Arithmetic,Uniform,0.94259,0.19383,000.00084305,000.07592230,000.08217239,000.28433251,000.36
Tournament (k=3),Arithmetic,Uniform,0.66113,0.02000,000.00000000,000.28345165,000.27611542,000.53341764,000.21
Tournament (k=3),Arithmetic,Uniform,0.86261,0.03095,000.00000000,000.14651942,000.13031006,000.40309682,000.21
Tournament (k=3),Blend,Gaussian,0.41200,0.02183,000.00000000,000.00849209,000.00744629,000.23150408,000.21
Tournament (k=3),Arithmetic,Uniform,0.60503,0.02599,000.00139236,000.15595064,000.14541245,000.43693909,000.18
Tournament (k=3),Blend,Gaussian,0.46371,0.02183,000.00000000,000.00223789,000.00094986,000.11058461,000.24
Tournament (k=3),Arithmetic,Uniform,0.78941,0.17762,000.00043488,000.02297669,000.01989174,000.16575739,000.30
Tournament (k=3),Blend,Gaussian,0.45020,0.11476,000.00000000,000.00002766,000.00002289,000.00092482,000.33
Tournament (k=3),Blend,Gaussian,0.41200,0.19383,000.00002670,000.00230203,000.00254822,000.00988351,000.38
Tournament (k=3),Blend,Gaussian,0.41200,0.06795,000.00000000,000.00050983,000.00030327,000.00545102,000.27
Tournament (k=3),Blend,Gaussian,0.45020,0.04023,000.00000000,000.00088749,000.00049782,000.00626675,000.26
Tournament (k=3),Arithmetic,Uniform,0.57030,0.02599,000.00025940,000.19894719,000.19396973,000.50227463,000.20
Tournament (k=3),Arithmetic,Uniform,0.94259,0.05705,000.00003815,000.03998375,000.03023338,000.28020170,000.23
Tournament (k=3),Arithmetic,Uniform,0.94259,0.02183,000.00289917,000.34756103,000.34658813,000.51263446,000.18
Tournament (k=3),Blend,Gaussian,0.47762,0.04023,000.00000000,000.00078311,000.00040817,000.00976573,000.23
Tournament (k=3),Arithmetic,Uniform,0.58741,0.05228,000.00000000,000.02983603,000.02882385,000.12677132,000.23
Tournament (k=3),Blend,Gaussian,0.46371,0.06795,000.00000000,000.00037627,000.00023460,000.00343966,000.26
Tournament (k=3),Blend,Gaussian,0.40000,0.11476,000.00000000,000.00006094,000.00003815,000.00141261,000.33
Tournament (k=3),Arithmetic,Uniform,0.70139,0.05705,000.00001144,000.01590705,000.01425934,000.08188476,000.23
Tournament (k=3),Arithmetic,Uniform,0.81310,0.03095,000.00082779,000.17142487,000.18110275,000.38210312,000.18
Tournament (k=3),Arithmetic,Uniform,0.55369,0.19383,000.00144196,000.03381310,000.04224968,000.20183884,000.28
Tournament (k=3),Arithmetic,Uniform,0.42436,0.02183,000.00083160,000.23961334,000.23542595,000.46158594,000.20
Tournament (k=3),Arithmetic,Uniform,1.00000,0.06795,000.00003815,000.05015421,000.03971100,000.47891304,000.20
Tournament (k=3),Arithmetic,Uniform,0.68096,0.10516,000.00000763,000.00223622,000.00198174,000.01805864,000.27
Tournament (k=3),Arithmetic,Uniform,0.72243,0.11476,000.00000000,000.00139756,000.00132942,000.02658117,000.24
Tournament (k=3),Arithmetic,Uniform,0.58741,0.14915,000.00000381,000.00080781,000.00074577,000.01032487,000.25
Tournament (k=3),Arithmetic,Uniform,0.91514,0.10516,000.00000763,000.00156527,000.00131226,000.01813605,000.27
Tournament (k=3),Blend,Gaussian,0.46371,0.21153,000.00090408,000.01214213,000.01398468,000.02948068,000.40
Tournament (k=3),Arithmetic,Uniform,0.94259,0.02382,000.00012207,000.20271616,000.23249435,000.55710149,000.18
Tournament (k=3),Arithmetic,Uniform,0.50670,0.27490,000.03515244,000.67265874,000.85102081,000.72829199,000.33
Tournament (k=3),Blend,Gaussian,0.40000,0.03378,000.00000000,000.00258875,000.00220680,000.01956749,000.23
Tournament (k=3),Arithmetic,Uniform,0.66113,0.08092,000.00000000,000.00674267,000.00566864,000.04439208,000.21
Tournament (k=3),Arithmetic,Uniform,0.52190,0.05228,000.00000000,000.03342957,000.03094101,000.10784806,000.24
Tournament (k=3),Arithmetic,Uniform,1.00000,0.17762,000.00025177,000.02885165,000.03015709,000.25038639,000.28
Tournament (k=3),Blend,Gaussian,0.43709,0.02183,000.00000000,000.00350146,000.00263214,000.14222579,000.20
Tournament (k=3),Blend,Gaussian,0.47762,0.04390,000.00000000,000.00090947,000.00057602,000.01448211,000.27
Tournament (k=3),Arithmetic,Uniform,0.45020,0.02599,000.00000000,000.18958959,000.19268036,000.46923032,000.21
Tournament (k=3),Blend,Gaussian,0.47762,0.12524,000.00000000,000.00001574,000.00000763,000.00103708,000.35
Tournament (k=3),Blend,Gaussian,0.46371,0.07415,000.00000000,000.00022049,000.00013733,000.00236261,000.29
Tournament (k=3),Arithmetic,Uniform,1.00000,0.07415,000.00004196,000.02672572,000.02070999,000.49162209,000.21
Tournament (k=3),Arithmetic,Uniform,0.81310,0.30000,000.08096313,001.18296087,001.45639992,000.92794997,000.28
Tournament (k=3),Arithmetic,Uniform,0.72243,0.04023,000.00003052,000.09722433,000.09588432,000.39492247,000.22
Tournament (k=3),Arithmetic,Uniform,0.76642,0.08830,000.00001144,000.00595675,000.00586319,000.02825936,000.22
Tournament (k=3),Arithmetic,Uniform,0.78941,0.04791,000.00002670,000.04193563,000.04048729,000.24679184,000.21
Tournament (k=3),Arithmetic,Uniform,0.62318,0.16276,000.00004959,000.00181227,000.00167084,000.07176328,000.30
Tournament (k=3),Blend,Gaussian,0.40000,0.12524,000.00000000,000.00005994,000.00003242,000.00050799,000.36
Tournament (k=3),Arithmetic,Uniform,0.91514,0.03378,000.00014877,000.12854734,000.11867523,000.38928205,000.21
Tournament (k=3),Arithmetic,Uniform,0.91514,0.11476,000.00000000,000.00060329,000.00044823,000.01358660,000.28
Tournament (k=3),Arithmetic,Uniform,0.55369,0.05228,000.00009918,000.03696423,000.03219986,000.11012675,000.19
Tournament (k=3),Arithmetic,Uniform,0.40000,0.02183,000.00000000,000.22620630,000.23025894,000.43336388,000.20
Tournament (k=3),Blend,Gaussian,0.43709,0.06795,000.00000000,000.00019803,000.00016403,000.00293567,000.25
Tournament (k=3),Blend,Gaussian,0.40000,0.03686,000.00000000,000.00172157,000.00086594,000.02489132,000.25
Tournament (k=3),Arithmetic,Uniform,0.78941,0.02000,000.00044632,000.31462091,000.30469131,000.61827344,000.18
Tournament (k=3),Arithmetic,Uniform,0.50670,0.02382,000.00000000,000.18779936,000.16121674,000.49821317,000.21
Tournament (k=3),Arithmetic,Uniform,0.97087,0.03686,000.00001526,000.08292232,000.07805061,000.38812900,000.19
Tournament (k=3),Arithmetic,Uniform,0.76642,0.03378,000.00012970,000.12684159,000.12597656,000.46685672,000.22
Tournament (k=3),Arithmetic,Uniform,0.57030,0.08830,000.00000763,000.00692854,000.00640297,000.05745170,000.26
Tournament (k=3),Arithmetic,Uniform,0.68096,0.03095,000.00000000,000.10518060,000.09980392,000.34707913,000.18
Tournament (k=3),Arithmetic,Uniform,0.49195,0.04023,000.00070953,000.06292152,000.05330658,000.26919436,000.22
Tournament (k=3),Blend,Gaussian,0.49195,0.02382,000.00000000,000.00226212,000.00163078,000.10782553,000.21
Tournament (k=3),Arithmetic,Uniform,0.74410,0.17762,000.00073242,000.02004199,000.01959801,000.16291763,000.26
Tournament (k=3),Arithmetic,Uniform,0.91514,0.03686,000.00000381,000.12785010,000.14413261,000.31793082,000.21
Tournament (k=3),Arithmetic,Uniform,1.00000,0.08092,000.00000381,000.01922464,000.01610374,000.38347325,000.29
Tournament (k=3),Arithmetic,Uniform,0.74410,0.02000,000.00000000,000.33578786,000.31916428,000.54805237,000.18
Tournament (k=3),Blend,Gaussian,0.49195,0.07415,000.00000000,000.00016508,000.00003815,000.00305029,000.29
Tournament (k=3),Arithmetic,Uniform,0.74410,0.05705,000.00003052,000.02970624,000.03421974,000.20242327,000.20
Tournament (k=3),Arithmetic,Uniform,0.66113,0.17762,000.00003815,000.01288695,000.01430130,000.22966388,000.28
Tournament (k=3),Arithmetic,Uniform,1.00000,0.02000,000.00917435,000.55825430,000.75528526,000.70457673,000.20
Tournament (k=3),Arithmetic,Uniform,0.86261,0.30000,000.07282257,001.35670447,001.51310730,000.84458548,000.34
Tournament (k=3),Arithmetic,Uniform,0.97087,0.04023,000.00001526,000.15494648,000.11683273,000.41173917,000.21
Tournament (k=3),Arithmetic,Uniform,0.97087,0.11476,000.00000000,000.00061255,000.00058746,000.01042591,000.23
Tournament (k=3),Arithmetic,Uniform,0.88849,0.06795,000.00000381,000.02372403,000.02243805,000.20456691,000.24
Tournament (k=3),Arithmetic,Uniform,0.86261,0.11476,000.00000000,000.00059242,000.00051498,000.00903817,000.28
Tournament (k=3),Arithmetic,Uniform,0.81310,0.12524,000.00000000,000.00053239,000.00043106,000.00525766,000.28
Tournament (k=3),Arithmetic,Uniform,0.76642,0.03686,000.00001526,000.07798896,000.07997704,000.35265493,000.28
Tournament (k=3),Blend,Gaussian,0.42436,0.12524,000.00000000,000.00002174,000.00002098,000.00040053,000.29
Tournament (k=3),Arithmetic,Uniform,0.60503,0.27490,000.00675964,000.76733160,001.05820465,000.67088646,000.32
Tournament (k=3),Arithmetic,Uniform,0.60503,0.02837,000.00000000,000.15097380,000.13039207,000.41447967,000.18
Tournament (k=3),Arithmetic,Uniform,0.66113,0.02183,000.00000763,000.29267973,000.35428238,000.43409944,000.21
Tournament (k=3),Arithmetic,Uniform,0.74410,0.02183,000.00000000,000.24373703,000.20451736,000.54182941,000.17
Tournament (k=3),Arithmetic,Uniform,0.86261,0.03378,000.00003815,000.06788292,000.06676865,000.35822260,000.22
Tournament (k=3),Arithmetic,Uniform,0.94259,0.21153,000.00621033,000.30974454,000.23367691,000.52394527,000.26
Tournament (k=3),Blend,Gaussian,0.43709,0.21153,000.00049210,000.00986142,000.01027489,000.02139247,000.35
Tournament (k=3),Blend,Gaussian,0.41200,0.02382,000.00000000,000.00424237,000.00408554,000.16024707,000.23
Tournament (k=3),Blend,Gaussian,0.40000,0.13667,000.00000000,000.00003982,000.00003815,000.00024996,000.46
Tournament (k=3),Arithmetic,Uniform,0.70139,0.19383,000.00044250,000.04858427,000.05216026,000.25685659,000.31
Tournament (k=3),Arithmetic,Uniform,0.91514,0.12524,000.00000000,000.00028801,000.00025749,000.00215399,000.46
Tournament (k=3),Arithmetic,Uniform,0.57030,0.02837,000.00000000,000.14299527,000.13049316,000.46432292,000.18
Tournament (k=3),Blend,Gaussian,0.45020,0.04390,000.00000000,000.00069594,000.00037193,000.04388946,000.24
Tournament (k=3),Blend,Gaussian,0.49195,0.08092,000.00000000,000.00003181,000.00003052,000.00221973,000.30
Tournament (k=3),Blend,Gaussian,0.41200,0.07415,000.00000000,000.00019531,000.00012970,000.00224101,000.28
Tournament (k=3),Arithmetic,Uniform,0.62318,0.06226,000.00000763,000.02091403,000.01989555,000.12016542,000.21
Tournament (k=3),Arithmetic,Uniform,0.78941,0.19383,000.00019073,000.06050167,000.06485748,000.22897573,000.32
Tournament (k=3),Arithmetic,Uniform,0.97087,0.12524,000.00000000,000.00032105,000.00022507,000.00854229,000.30
Tournament (k=3),Blend,Gaussian,0.45020,0.12524,000.00000000,000.00001578,000.00001526,000.00018863,000.31
Tournament (k=3),Arithmetic,Uniform,0.76642,0.04023,000.00009537,000.08666587,000.09417534,000.28242385,000.23
Tournament (k=3),Arithmetic,Uniform,0.42436,0.02382,000.00000000,000.25329202,000.23409081,000.50680774,000.17
Tournament (k=3),Arithmetic,Uniform,0.58741,0.05705,000.00000000,000.02245140,000.01771927,000.15957248,000.23
Tournament (k=3),Arithmetic,Uniform,0.81310,0.03378,000.00045395,000.10908890,000.10524750,000.32154191,000.21
Tournament (k=3),Arithmetic,Uniform,0.70139,0.06226,000.00001907,000.02814970,000.03207779,000.11554688,000.23
Tournament (k=3),Arithmetic,Uniform,0.83749,0.17762,000.00032043,000.02123127,000.02110100,000.24844795,000.25
Tournament (k=3),Blend,Gaussian,0.50670,0.04390,000.00000000,000.00050559,000.00024223,000.00986533,000.23
Tournament (k=3),Arithmetic,Uniform,0.57030,0.03095,000.00000000,000.15108085,000.13441849,000.38537011,000.19
Tournament (k=3),Arithmetic,Uniform,0.60503,0.08092,000.00000763,000.01077671,000.01264572,000.04961066,000.22
Tournament (k=3),Arithmetic,Uniform,0.68096,0.11476,000.00000381,000.00146680,000.00137520,000.01183936,000.27
Tournament (k=3),Blend,Gaussian,0.49195,0.23084,000.00116730,000.04363098,000.04657364,000.12755749,000.36
Tournament (k=3),Arithmetic,Uniform,0.57030,0.27490,000.00581741,000.70482665,001.01609039,000.67674845,000.33
Tournament (k=3),Arithmetic,Uniform,0.91514,0.13667,000.00000000,000.00060492,000.00054932,000.00547229,000.30
Tournament (k=3),Arithmetic,Uniform,0.94259,0.02599,000.00033569,000.24325939,000.22493935,000.51738727,000.18
Tournament (k=3),Arithmetic,Uniform,0.70139,0.02000,000.00005341,000.33064923,000.32222366,000.58008492,000.18
Tournament (k=3),Arithmetic,Uniform,0.53756,0.27490,000.01948547,000.64870185,000.80575943,000.66823202,000.33
Tournament (k=3),Blend,Gaussian,0.52190,0.02599,000.00000000,000.00126052,000.00055122,000.01999434,000.24
Tournament (k=3),Blend,Gaussian,0.47762,0.04791,000.00000000,000.00034552,000.00013542,000.01141873,000.24
Tournament (k=3),Arithmetic,Uniform,0.57030,0.03378,000.00000000,000.09227991,000.08657455,000.31155938,000.21
Tournament (k=3),Arithmetic,Uniform,1.00000,0.19383,000.00132751,000.11826982,000.09112930,000.48632631,000.31
Tournament (k=3),Arithmetic,Uniform,0.50670,0.30000,000.06842804,000.95681542,001.17587662,000.75230730,000.34
Tournament (k=3),Arithmetic,Uniform,0.88849,0.17762,000.00070190,000.03384547,000.03445244,000.22248659,000.26
Tournament (k=3),Blend,Gaussian,0.50670,0.13667,000.00000000,000.00000529,000.00000763,000.00014302,000.36
Tournament (k=3),Arithmetic,Uniform,0.70139,0.02183,000.00000763,000.17837444,000.19813728,000.50601339,000.19
Tournament (k=3),Blend,Gaussian,0.52190,0.08092,000.00000000,000.00003200,000.00001526,000.00193584,000.31
Tournament (k=3),Arithmetic,Uniform,0.78941,0.05228,000.00004578,000.03076267,000.03013611,000.14264938,000.20
Tournament (k=3),Blend,Gaussian,0.45020,0.13667,000.00000000,000.00001631,000.00001144,000.00025369,000.37
Tournament (k=3),Arithmetic,Uniform,0.60503,0.08830,000.00000000,000.00681643,000.00621986,000.07889466,000.24
Tournament (k=3),Arithmetic,Uniform,0.72243,0.04390,000.00000000,000.05779304,000.04536438,000.25002825,000.23
Tournament (k=3),Blend,Gaussian,0.46371,0.08092,000.00000000,000.00014443,000.00008392,000.00363013,000.30
Tournament (k=3),Arithmetic,Uniform,0.76642,0.09637,000.00001144,000.00286589,000.00242233,000.01740598,000.23
Tournament (k=3),Arithmetic,Uniform,0.46371,0.04791,000.00003052,000.04061389,000.04454422,000.13596787,000.19
Tournament (k=3),Blend,Gaussian,0.46371,0.23084,000.00227356,000.02944078,000.03407669,000.12224900,000.41
Tournament (k=3),Arithmetic,Uniform,0.68096,0.12524,000.00000381,000.00085955,000.00067902,000.01214001,000.29
Tournament (k=3),Arithmetic,Uniform,0.62318,0.17762,000.00019836,000.01077151,000.00993538,000.07222799,000.26
Tournament (k=3),Blend,Gaussian,0.47762,0.13667,000.00000000,000.00002503,000.00001907,000.00025759,000.41
Tournament (k=3),Arithmetic,Uniform,0.55369,0.05705,000.00000000,000.03006563,000.02706909,000.13353935,000.20
Tournament (k=3),Arithmetic,Uniform,0.78941,0.02183,000.00000000,000.23222800,000.20624542,000.48224112,000.20
Tournament (k=3),Arithmetic,Uniform,0.64187,0.02837,000.00000000,000.10340285,000.08513641,000.34947199,000.18
Tournament (k=3),Arithmetic,Uniform,0.68096,0.03378,000.00000381,000.09755568,000.11857033,000.34687182,000.19
Tournament (k=3),Arithmetic,Uniform,0.49195,0.04390,000.00000000,000.07713175,000.08367920,000.22740947,000.19
Tournament (k=3),Arithmetic,Uniform,0.50670,0.02599,000.00023651,000.15346675,000.15416336,000.45821515,000.22
Tournament (k=3),Blend,Gaussian,0.40000,0.04023,000.00000000,000.00127091,000.00097656,000.01702066,000.25
Tournament (k=3),Blend,Gaussian,0.43709,0.07415,000.00000000,000.00021577,000.00017357,000.00168675,000.26
Tournament (k=3),Arithmetic,Uniform,0.72243,0.04791,000.00000381,000.04218340,000.04307175,000.25650451,000.23
Tournament (k=3),Arithmetic,Uniform,0.53756,0.30000,000.08243561,001.08066916,001.38437271,000.79097295,000.34
Tournament (k=3),Arithmetic,Uniform,0.76642,0.10516,000.00000000,000.00201607,000.00190735,000.03076157,000.24
Tournament (k=3),Blend,Gaussian,0.46371,0.02382,000.00000000,000.00247264,000.00210571,000.14607219,000.24
Tournament (k=3),Blend,Gaussian,0.53756,0.04791,000.00000000,000.00057168,000.00023270,000.00797356,000.26
Tournament (k=3),Arithmetic,Uniform,0.88849,0.02000,000.00040054,000.30659598,000.25250053,000.57001531,000.18
Tournament (k=3),Blend,Gaussian,0.46371,0.08830,000.00000000,000.00008302,000.00003242,000.00191285,000.29
Tournament (k=3),Blend,Gaussian,0.52190,0.08830,000.00000000,000.00006051,000.00002098,000.00154939,000.32
Tournament (k=3),Arithmetic,Uniform,1.00000,0.02183,000.00232697,000.49590284,000.57993317,000.65248793,000.21
Tournament (k=3),Arithmetic,Uniform,0.97087,0.04390,000.00009155,000.06870737,000.07442284,000.36647454,000.19
Tournament (k=3),Blend,Gaussian,0.45020,0.14915,000.00000000,000.00001769,000.00001335,000.00027435,000.35
Tournament (k=3),Arithmetic,Uniform,0.68096,0.13667,000.00000000,000.00054355,000.00061035,000.00425234,000.30
Tournament (k=3),Blend,Gaussian,0.52190,0.25191,000.00649261,000.09666252,000.10802460,000.16928592,000.46
Tournament (k=3),Arithmetic,Uniform,0.94259,0.06226,000.00003433,000.02575655,000.02254677,000.48924446,000.20
Tournament (k=3),Arithmetic,Uniform,0.88849,0.07415,000.00000763,000.01638579,000.01500320,000.12086316,000.25
Tournament (k=3),Arithmetic,Uniform,0.74410,0.02382,000.00005722,000.17991233,000.20189285,000.44354016,000.17
Tournament (k=3),Arithmetic,Uniform,0.60503,0.03095,000.00002289,000.08410840,000.09586525,000.28678039,000.22
Tournament (k=3),Arithmetic,Uniform,0.66113,0.02382,000.00000000,000.22351651,000.21269226,000.46605191,000.21
Tournament (k=3),Arithmetic,Uniform,0.86261,0.03686,000.00038528,000.10470653,000.09939957,000.35014606,000.19
Tournament (k=3),Arithmetic,Uniform,0.86261,0.12524,000.00000000,000.00037265,000.00026894,000.01549670,000.28
Tournament (k=3),Arithmetic,Uniform,0.81310,0.13667,000.00000000,000.00048356,000.00040817,000.02879693,000.29
Tournament (k=3),Blend,Gaussian,0.41200,0.02599,000.00000000,000.00548420,000.00456429,000.08078569,000.20
Tournament (k=3),Blend,Gaussian,0.46371,0.25191,000.00241089,000.06566606,000.08094025,000.14325038,000.48
Tournament (k=3),Blend,Gaussian,0.42436,0.13667,000.00000000,000.00002036,000.00001907,000.00023787,000.31
Tournament (k=3),Arithmetic,Uniform,0.88849,0.02183,000.00016022,000.28296614,000.28834152,000.49215975,000.23
Tournament (k=3),Arithmetic,Uniform,1.00000,0.02382,000.00062561,000.36877894,000.34602737,000.67133808,000.22
Tournament (k=3),Arithmetic,Uniform,0.60503,0.30000,000.03204346,001.02253568,001.30923843,000.81115264,000.34
Tournament (k=3),Blend,Gaussian,0.41200,0.21153,000.00072479,000.01115794,000.01091003,000.02446752,000.39
Tournament (k=3),Arithmetic,Uniform,0.72243,0.12524,000.00000000,000.00084057,000.00089264,000.00887325,000.24
Tournament (k=3),Arithmetic,Uniform,0.94259,0.23084,000.00254822,000.49248514,000.52216339,000.65774953,000.26
Tournament (k=3),Arithmetic,Uniform,0.58741,0.16276,000.00003052,000.00211363,000.00224113,000.01708797,000.26
Tournament (k=3),Arithmetic,Uniform,0.62318,0.06795,000.00000000,000.01351647,000.01320076,000.14193089,000.21
Tournament (k=3),Arithmetic,Uniform,0.88849,0.08092,000.00000000,000.00881457,000.00609398,000.16551064,000.24
Tournament (k=3),Blend,Gaussian,0.45020,0.04791,000.00000000,000.00040541,000.00035477,000.00708629,000.26
Tournament (k=3),Arithmetic,Uniform,0.86261,0.04023,000.00031281,000.04863539,000.05253792,000.30253699,000.19
Tournament (k=3),Arithmetic,Uniform,0.74410,0.02599,000.00003815,000.15626411,000.16267395,000.40740094,000.20
Tournament (k=3),Arithmetic,Uniform,0.52190,0.05705,000.00000000,000.02719617,000.02770424,000.12239143,000.24
Tournament (k=3),Blend,Gaussian,0.41200,0.02837,000.00000000,000.00200233,000.00127792,000.10307816,000.20
Tournament (k=3),Blend,Gaussian,0.52190,0.09637,000.00000000,000.00002899,000.00002289,000.00274271,000.40
Tournament (k=3),Blend,Gaussian,0.43709,0.23084,000.00033569,000.02788200,000.02877808,000.07508648,000.42
Tournament (k=3),Arithmetic,Uniform,1.00000,0.02599,000.00000000,000.36120182,000.28872681,000.59134305,000.19
Tournament (k=3),Arithmetic,Uniform,0.97087,0.04791,000.00045776,000.06689925,000.07205391,000.50245959,000.20
Tournament (k=3),Blend,Gaussian,0.41200,0.08092,000.00000000,000.00035067,000.00026703,000.00620841,000.29
Tournament (k=3),Arithmetic,Uniform,0.97087,0.13667,000.00000000,000.00052915,000.00044250,000.01130348,000.29
Tournament (k=3),Arithmetic,Uniform,0.78941,0.21153,000.00417328,000.28097329,000.29587555,000.53339177,000.31
Tournament (k=3),Arithmetic,Uniform,0.76642,0.11476,000.00000381,000.00142493,000.00122643,000.01073048,000.24
Tournament (k=3),Blend,Gaussian,0.46371,0.02599,000.00000000,000.00146894,000.00066566,000.01160432,000.25
Tournament (k=3),Blend,Gaussian,0.43709,0.08092,000.00000000,000.00016017,000.00009346,000.00165624,000.26
Tournament (k=3),Arithmetic,Uniform,0.68096,0.03686,000.00014496,000.06241674,000.05609131,000.23868710,000.19
Tournament (k=3),Arithmetic,Uniform,0.78941,0.02382,000.00000000,000.14244504,000.14902306,000.39368474,000.17
Tournament (k=3),Arithmetic,Uniform,0.49195,0.04791,000.00001526,000.04296350,000.03349304,000.17670929,000.20
Tournament (k=3),Arithmetic,Uniform,0.50670,0.02837,000.00000000,000.17311664,000.14416122,000.47010240,000.21
Tournament (k=3),Arithmetic,Uniform,0.55369,0.06226,000.00000381,000.02374382,000.02189636,000.18862134,000.20
Tournament (k=3),Arithmetic,Uniform,0.64187,0.03095,000.00000000,000.13723293,000.14767075,000.41191399,000.21
Tournament (k=3),Arithmetic,Uniform,0.94259,0.25191,000.02992630,000.69537252,000.88616180,000.75010645,000.33
Tournament (k=3),Blend,Gaussian,0.45020,0.16276,000.00000000,000.00006504,000.00005341,000.00072116,000.37
Tournament (k=3),Arithmetic,Uniform,1.00000,0.08830,000.00000763,000.00831280,000.00655746,000.32383788,000.22
Tournament (k=3),Arithmetic,Uniform,0.91514,0.04023,000.00000763,000.05309763,000.05659103,000.24136037,000.22
Tournament (k=3),Blend,Gaussian,0.52190,0.27490,000.00552368,000.14136687,000.15141487,000.36063811,000.45
Tournament (k=3),Arithmetic,Uniform,0.66113,0.19383,000.00100708,000.04590187,000.04845238,000.17860438,000.26
Tournament (k=3),Arithmetic,Uniform,0.60503,0.09637,000.00000000,000.00411072,000.00427628,000.08577672,000.24
Tournament (k=3),Arithmetic,Uniform,0.78941,0.05705,000.00005722,000.02474661,000.02032471,000.17997850,000.22
Tournament (k=3),Arithmetic,Uniform,0.78941,0.02599,000.00000000,000.13928184,000.13868904,000.43711686,000.18
Tournament (k=3),Arithmetic,Uniform,0.74410,0.19383,000.00140381,000.05586829,000.06273842,000.27674243,000.31
Tournament (k=3),Arithmetic,Uniform,0.49195,0.05228,000.00000000,000.03680287,000.04858780,000.13939133,000.20
Tournament (k=3),Arithmetic,Uniform,0.76642,0.12524,000.00000000,000.00058680,000.00038910,000.00557056,000.27
Tournament (k=3),Arithmetic,Uniform,0.78941,0.23084,000.01636887,000.41649881,000.43233109,000.62027538,000.32
Tournament (k=3),Arithmetic,Uniform,0.68096,0.04023,000.00011444,000.05494156,000.05412865,000.24551992,000.23
Tournament (k=3),Arithmetic,Uniform,0.94259,0.02837,000.00068665,000.14233394,000.12170982,000.47611439,000.19
Tournament (k=3),Blend,Gaussian,0.43709,0.25191,000.00226212,000.06850147,000.07606506,000.12677312,000.42
Tournament (k=3),Blend,Gaussian,0.42436,0.04023,000.00000000,000.00167689,000.00176239,000.01054353,000.27
Tournament (k=3),Blend,Gaussian,0.43709,0.08830,000.00000000,000.00017204,000.00005341,000.00208026,000.31
Tournament (k=3),Blend,Gaussian,0.47762,0.05228,000.00000000,000.00056129,000.00029945,000.00660536,000.30
Tournament (k=3),Blend,Gaussian,0.47762,0.14915,000.00000000,000.00002098,000.00001526,000.00022688,000.50
Tournament (k=3),Arithmetic,Uniform,0.94259,0.27490,000.06988525,001.10788572,001.34438705,000.80014330,000.31
Tournament (k=3),Blend,Gaussian,0.50670,0.04791,000.00000000,000.00036116,000.00018311,000.00467644,000.25
Tournament (k=3),Arithmetic,Uniform,0.81310,0.03686,000.00001526,000.04059611,000.03656387,000.22759321,000.24
Tournament (k=3),Blend,Gaussian,0.43709,0.02382,000.00000000,000.00306330,000.00282288,000.10974981,000.21
Tournament (k=3),Arithmetic,Uniform,0.70139,0.06795,000.00000000,000.01122813,000.01236916,000.06117605,000.25
Tournament (k=3),Arithmetic,Uniform,0.83749,0.19383,000.00265884,000.07269659,000.08970642,000.40995103,000.27
Tournament (k=3),Blend,Gaussian,0.53756,0.14915,000.00000000,000.00000920,000.00000763,000.00022870,000.36
Tournament (k=3),Arithmetic,Uniform,0.66113,0.02599,000.00000000,000.15481243,000.13594818,000.40910771,000.22
Tournament (k=3),Arithmetic,Uniform,0.57030,0.30000,000.07020950,001.09469724,001.38557243,000.80462670,000.35
Tournament (k=3),Arithmetic,Uniform,0.60503,0.03378,000.00000000,000.12118196,000.11203003,000.34596103,000.23
Tournament (k=3),Arithmetic,Uniform,0.86261,0.13667,000.00000381,000.00044923,000.00041962,000.02063817,000.31
Tournament (k=3),Blend,Gaussian,0.49195,0.25191,000.00639343,000.07096429,000.07155037,000.20085128,000.39
Tournament (k=3),Arithmetic,Uniform,0.74410,0.21153,000.00390625,000.21262303,000.19117928,000.44901103,000.34
Tournament (k=3),Arithmetic,Uniform,0.55369,0.02000,000.00001526,000.34673533,000.36815643,000.44838312,000.22
Tournament (k=3),Blend,Gaussian,0.49195,0.08830,000.00000000,000.00007291,000.00004578,000.00140214,000.33
Tournament (k=3),Blend,Gaussian,0.42436,0.04390,000.00000000,000.00115676,000.00065804,000.02279033,000.28
Tournament (k=3),Arithmetic,Uniform,0.68096,0.14915,000.00001144,000.00115156,000.00102234,000.05345922,000.32
Tournament (k=3),Arithmetic,Uniform,0.70139,0.21153,000.00392914,000.17238316,000.17245865,000.46149909,000.33
Tournament (k=3),Blend,Gaussian,0.55369,0.02837,000.00000000,000.00062032,000.00029755,000.01149911,000.23
Tournament (k=3),Arithmetic,Uniform,0.57030,0.09637,000.00000000,000.00467181,000.00488091,000.01575867,000.24
Tournament (k=3),Blend,Gaussian,0.43709,0.02599,000.00000000,000.00285411,000.00167847,000.10320563,000.27
Tournament (k=3),Blend,Gaussian,0.43709,0.09637,000.00000000,000.00005317,000.00001526,000.00101269,000.33
Tournament (k=3),Blend,Gaussian,0.47762,0.05705,000.00000000,000.00029111,000.00017929,000.00238418,000.32
Tournament (k=3),Arithmetic,Uniform,0.76642,0.04390,000.00000381,000.04057221,000.04515266,000.25917318,000.20
Tournament (k=3),Arithmetic,Uniform,0.62318,0.19383,000.00133514,000.04090214,000.04172897,000.22053321,000.29
Tournament (k=3),Arithmetic,Uniform,0.83749,0.02000,000.00003052,000.30577093,000.31117058,000.50568116,000.22
Tournament (k=3),Arithmetic,Uniform,1.00000,0.21153,000.00617981,000.24466386,000.21932793,000.63144350,000.26
Tournament (k=3),Arithmetic,Uniform,0.94259,0.06795,000.00000000,000.02568803,000.02311897,000.28430781,000.21
Tournament (k=3),Arithmetic,Uniform,0.94259,0.30000,000.10494232,001.31367493,001.47760010,000.87361407,000.36
Tournament (k=3),Blend,Gaussian,0.55369,0.08830,000.00000000,000.00002532,000.00000763,000.00125028,000.33
Tournament (k=3),Arithmetic,Uniform,0.88849,0.02382,000.00116730,000.25130051,000.19045067,000.56189305,000.21
Tournament (k=3),Arithmetic,Uniform,0.81310,0.14915,000.00000763,000.00119061,000.00115967,000.00969508,000.30
Tournament (k=3),Arithmetic,Uniform,0.62318,0.02000,000.00081635,000.27939931,000.29649925,000.44024166,000.21
Tournament (k=3),Blend,Gaussian,0.53756,0.05228,000.00000000,000.00032396,000.00016975,000.00344000,000.24
Tournament (k=3),Blend,Gaussian,0.53756,0.16276,000.00000000,000.00004096,000.00003815,000.00021675,000.41
Tournament (k=3),Arithmetic,Uniform,0.86261,0.04390,000.00009918,000.05782695,000.06157494,000.25391501,000.19
Tournament (k=3),Arithmetic,Uniform,0.72243,0.05228,000.00000381,000.03444600,000.02969170,000.16641118,000.23
Tournament (k=3),Arithmetic,Uniform,0.72243,0.13667,000.00000000,000.00042639,000.00037384,000.00356798,000.25
Tournament (k=3),Blend,Gaussian,0.43709,0.02837,000.00000000,000.00168085,000.00127029,000.10081320,000.24
Tournament (k=3),Blend,Gaussian,0.42436,0.14915,000.00000000,000.00002584,000.00001526,000.00041841,000.31
Tournament (k=3),Arithmetic,Uniform,0.74410,0.02837,000.00007629,000.09622288,000.08474350,000.36337367,000.21
Tournament (k=3),Arithmetic,Uniform,0.88849,0.08830,000.00000763,000.00603991,000.00637817,000.11948745,000.25
Tournament (k=3),Blend,Gaussian,0.41200,0.03095,000.00000000,000.00154881,000.00127411,000.10024094,000.21
Tournament (k=3),Blend,Gaussian,0.45020,0.05228,000.00000000,000.00053630,000.00030708,000.00660734,000.27
Tournament (k=3),Blend,Gaussian,0.43709,0.10516,000.00000000,000.00004559,000.00004768,000.00070619,000.33
Tournament (k=3),Arithmetic,Uniform,0.74410,0.06226,000.00001526,000.01512432,000.01099586,000.08725492,000.20
Tournament (k=3),Blend,Gaussian,0.46371,0.27490,000.00304413,000.13178268,000.15689278,000.21397707,000.42
Tournament (k=3),Arithmetic,Uniform,1.00000,0.02837,000.00094986,000.20504121,000.16065407,000.62413692,000.21
Tournament (k=3),Arithmetic,Uniform,0.97087,0.05228,000.00000000,000.06813550,000.05356216,000.44913560,000.21
Tournament (k=3),Blend,Gaussian,0.41200,0.23084,000.00175476,000.02885995,000.03112793,000.07113829,000.41
Tournament (k=3),Arithmetic,Uniform,0.64187,0.08830,000.00003052,000.00760241,000.00627136,000.03608357,000.22
Tournament (k=3),Arithmetic,Uniform,0.70139,0.02382,000.00000000,000.12062697,000.12586021,000.41011375,000.19
Tournament (k=3),Blend,Gaussian,0.52190,0.10516,000.00000000,000.00001254,000.00000763,000.00046857,000.34
Tournament (k=3),Arithmetic,Uniform,0.57030,0.03686,000.00000000,000.05941906,000.04496956,000.26259735,000.19
Tournament (k=3),Blend,Gaussian,0.41200,0.08830,000.00000000,000.00013852,000.00010490,000.00333211,000.28
Tournament (k=3),Blend,Gaussian,0.46371,0.02837,000.00000000,000.00205293,000.00165558,000.02422934,000.24
Tournament (k=3),Blend,Gaussian,0.49195,0.02599,000.00000000,000.00173016,000.00080490,000.04676880,000.26
Tournament (k=3),Arithmetic,Uniform,0.50670,0.03095,000.00000000,000.10181136,000.08762169,000.33024842,000.22
Tournament (k=3),Arithmetic,Uniform,0.97087,0.14915,000.00001144,000.00290785,000.00266266,000.03156680,000.30
Tournament (k=3),Arithmetic,Uniform,0.64187,0.03378,000.00000381,000.09254780,000.09699249,000.35298020,000.23
Tournament (k=3),Blend,Gaussian,0.43709,0.03095,000.00000000,000.00217485,000.00122643,000.01282822,000.25
Tournament (k=3),Blend,Gaussian,0.52190,0.02837,000.00000000,000.00135136,000.00087547,000.09945245,000.22
Tournament (k=3),Arithmetic,Uniform,0.83749,0.05228,000.00012207,000.03259268,000.03158379,000.21176669,000.20
Tournament (k=3),Blend,Gaussian,0.55369,0.27490,000.00305939,000.21438637,000.22269058,000.37753880,000.50
Tournament (k=3),Arithmetic,Uniform,1.00000,0.03095,000.00027084,000.27632770,000.19560623,000.72355866,000.22
Tournament (k=3),Arithmetic,Uniform,0.91514,0.04390,000.00003815,000.05665531,000.06117630,000.34894747,000.23
Tournament (k=3),Blend,Gaussian,0.50670,0.14915,000.00000000,000.00001373,000.00000763,000.00012386,000.37
Tournament (k=3),Arithmetic,Uniform,0.78941,0.02837,000.00009155,000.12635894,000.11961365,000.37480885,000.18
Tournament (k=3),Arithmetic,Uniform,0.64187,0.09637,000.00000381,000.00629911,000.00658226,000.02491562,000.22
Tournament (k=3),Arithmetic,Uniform,0.66113,0.21153,000.00418091,000.10060926,000.10829735,000.34229177,000.27
Tournament (k=3),Arithmetic,Uniform,0.78941,0.06226,000.00000381,000.01525812,000.01526642,000.17295213,000.24
Tournament (k=3),Arithmetic,Uniform,0.64187,0.03686,000.00031662,000.08441043,000.07142830,000.28557906,000.19
Tournament (k=3),Blend,Gaussian,0.57030,0.05228,000.00000000,000.00016785,000.00005341,000.00456633,000.25
Tournament (k=3),Arithmetic,Uniform,0.76642,0.13667,000.00000000,000.00035067,000.00036621,000.00901213,000.24
Tournament (k=3),Blend,Gaussian,0.45020,0.17762,000.00000381,000.00045781,000.00047493,000.00213553,000.38
Tournament (k=3),Blend,Gaussian,0.41200,0.09637,000.00000000,000.00012846,000.00009918,000.00187446,000.29
Tournament (k=3),Blend,Gaussian,0.46371,0.30000,000.00363541,000.19388303,000.23161316,000.27508628,000.45
Tournament (k=3),Arithmetic,Uniform,0.97087,0.16276,000.00008011,000.00957365,000.01170158,000.06830931,000.31
Tournament (k=3),Blend,Gaussian,0.40000,0.04390,000.00000000,000.00126295,000.00086975,000.00980014,000.22
Tournament (k=3),Arithmetic,Uniform,0.78941,0.25191,000.04534149,000.69204545,000.99160576,000.75041324,000.32
Tournament (k=3),Arithmetic,Uniform,0.78941,0.03095,000.00000381,000.12995343,000.11560059,000.41528133,000.18
Tournament (k=3),Blend,Gaussian,0.52190,0.30000,000.00720978,000.22944255,000.26235580,000.37116754,000.44
Tournament (k=3),Blend,Gaussian,0.46371,0.09637,000.00000000,000.00003705,000.00001907,000.00251652,000.28
Tournament (k=3),Arithmetic,Uniform,0.91514,0.04791,000.00006104,000.05447178,000.05450439,000.32001069,000.23
Tournament (k=3),Blend,Gaussian,0.40000,0.14915,000.00000000,000.00004840,000.00004578,000.00028312,000.38
Tournament (k=3),Arithmetic,Uniform,0.58741,0.02000,000.00033188,000.22160502,000.26418495,000.43923369,000.21
Tournament (k=3),Arithmetic,Uniform,0.60503,0.03686,000.00000000,000.08365288,000.07198143,000.27980849,000.22
Tournament (k=3),Arithmetic,Uniform,0.83749,0.21153,000.00211716,000.24031182,000.19140244,000.56615311,000.26
Tournament (k=3),Blend,Gaussian,0.47762,0.16276,000.00000000,000.00006862,000.00005722,000.00044868,000.37
Tournament (k=3),Blend,Gaussian,0.43709,0.27490,000.00514984,000.10182261,000.11190605,000.21708606,000.43
Tournament (k=3),Arithmetic,Uniform,0.91514,0.14915,000.00001144,000.00136266,000.00142860,000.01531406,000.30
Tournament (k=3),Arithmetic,Uniform,0.86261,0.14915,000.00000763,000.00156388,000.00147820,000.02185107,000.29
Tournament (k=3),Arithmetic,Uniform,0.78941,0.03378,000.00001144,000.13331684,000.13689995,000.36363095,000.21
Tournament (k=3),Blend,Gaussian,0.55369,0.30000,000.00824356,000.27737021,000.32593155,000.34798890,000.45
Tournament (k=3),Blend,Gaussian,0.42436,0.04791,000.00000000,000.00092149,000.00054741,000.01085187,000.23
Tournament (k=3),Arithmetic,Uniform,0.62318,0.07415,000.00000000,000.01046009,000.00908279,000.05511243,000.21
Tournament (k=3),Blend,Gaussian,0.40000,0.04791,000.00000000,000.00088463,000.00077629,000.05633257,000.23
Tournament (k=3),Arithmetic,Uniform,0.74410,0.23084,000.00720978,000.36208668,000.32717323,000.59013224,000.31
Tournament (k=3),Blend,Gaussian,0.55369,0.03095,000.00000000,000.00100517,000.00060081,000.09961754,000.26
Tournament (k=3),Arithmetic,Uniform,0.58741,0.17762,000.00030518,000.01141253,000.01359367,000.13262644,000.26
Tournament (k=3),Blend,Gaussian,0.49195,0.27490,000.00323868,000.12410984,000.14313889,000.26614609,000.37
Tournament (k=3),Blend,Gaussian,0.49195,0.09637,000.00000000,000.00004096,000.00002098,000.00056464,000.32
Tournament (k=3),Arithmetic,Uniform,0.78941,0.27490,000.04517365,000.97257137,001.21013069,000.85077047,000.29
Tournament (k=3),Arithmetic,Uniform,0.76642,0.04791,000.00000381,000.03979535,000.04075050,000.16371956,000.23
Tournament (k=3),Blend,Gaussian,0.57030,0.16276,000.00000000,000.00006318,000.00006485,000.00148089,000.38
Tournament (k=3),Arithmetic,Uniform,0.60503,0.04023,000.00000000,000.05812173,000.06347847,000.23440312,000.22
Tournament (k=3),Blend,Gaussian,0.47762,0.06226,000.00000000,000.00046558,000.00018692,000.00945510,000.28
Tournament (k=3),Arithmetic,Uniform,0.83749,0.23084,000.01628876,000.44873175,000.47186661,000.53687537,000.29
Tournament (k=3),Arithmetic,Uniform,0.94259,0.07415,000.00000763,000.01899986,000.01705551,000.31145340,000.20
Tournament (k=3),Arithmetic,Uniform,0.97087,0.02000,000.00006104,000.37931007,000.41075897,000.69312155,000.21
Tournament (k=3),Arithmetic,Uniform,0.88849,0.02599,000.00000381,000.18509583,000.14849091,000.46426380,000.21
Tournament (k=3),Arithmetic,Uniform,0.91514,0.16276,000.00027466,000.00657201,000.00753021,000.12689289,000.29
Tournament (k=3),Arithmetic,Uniform,0.86261,0.04791,000.00000000,000.04617076,000.04487610,000.25461248,000.19
Tournament (k=3),Blend,Gaussian,0.53756,0.05705,000.00000000,000.00032573,000.00017357,000.00487500,000.26
Tournament (k=3),Arithmetic,Uniform,0.74410,0.03095,000.00000000,000.10722566,000.10361099,000.37754333,000.18
Tournament (k=3),Blend,Gaussian,0.47762,0.17762,000.00000381,000.00057378,000.00045395,000.00409786,000.40
Tournament (k=3),Blend,Gaussian,0.40000,0.05228,000.00000000,000.00054407,000.00040817,000.01116448,000.28
Tournament (k=3),Arithmetic,Uniform,0.81310,0.16276,000.00000381,000.00443697,000.00419998,000.03401436,000.30
Tournament (k=3),Blend,Gaussian,0.58741,0.03095,000.00000000,000.00062652,000.00025177,000.00830691,000.26
Tournament (k=3),Arithmetic,Uniform,0.72243,0.14915,000.00000763,000.00100861,000.00106430,000.01020749,000.26
Tournament (k=3),Arithmetic,Uniform,0.88849,0.19383,000.00774002,000.13094321,000.11507034,000.36388394,000.26
Tournament (k=3),Blend,Gaussian,0.43709,0.30000,000.01049423,000.18966623,000.20680237,000.26393077,000.45
Tournament (k=3),Arithmetic,Uniform,0.88849,0.09637,000.00000763,000.00300674,000.00252914,000.02746717,000.26
Tournament (k=3),Blend,Gaussian,0.55369,0.09637,000.00000000,000.00001321,000.00000763,000.00071346,000.39
Tournament (k=3),Arithmetic,Uniform,0.94259,0.08092,000.00007248,000.01220298,000.01203537,000.32793522,000.22
Tournament (k=3),Blend,Gaussian,0.53756,0.17762,000.00000763,000.00064526,000.00072098,000.00363666,000.36
Tournament (k=3),Arithmetic,Uniform,0.97087,0.02183,000.00107574,000.41180772,000.50781631,000.59597522,000.21
Tournament (k=3),Blend,Gaussian,0.42436,0.16276,000.00000000,000.00007339,000.00008392,000.00063380,000.33
Tournament (k=3),Arithmetic,Uniform,0.88849,0.02837,000.00001907,000.19720940,000.18572235,000.46060491,000.22
Tournament (k=3),Blend,Gaussian,0.45020,0.05705,000.00000000,000.00040431,000.00028038,000.00296892,000.27
Tournament (k=3),Blend,Gaussian,0.47762,0.06795,000.00000000,000.00016465,000.00010490,000.00266959,000.29
Tournament (k=3),Arithmetic,Uniform,0.70139,0.02599,000.00000000,000.14904818,000.18366814,000.37762761,000.18
Tournament (k=3),Arithmetic,Uniform,0.60503,0.10516,000.00001526,000.00358477,000.00302505,000.03113961,000.23
Tournament (k=3),Arithmetic,Uniform,0.91514,0.17762,000.00139236,000.02725377,000.03111649,000.09801263,000.31
Tournament (k=3),Arithmetic,Uniform,0.68096,0.04390,000.00000000,000.04822259,000.04579163,000.21022046,000.19
Tournament (k=3),Arithmetic,Uniform,0.94259,0.03095,000.00001526,000.19813943,000.16061592,000.53454423,000.18
Tournament (k=3),Arithmetic,Uniform,0.58741,0.06226,000.00000000,000.02194118,000.01957321,000.15661897,000.24
Tournament (k=3),Blend,Gaussian,0.46371,0.03095,000.00000000,000.00145464,000.00087357,000.10018456,000.26
Tournament (k=3),Blend,Gaussian,0.58741,0.09637,000.00000000,000.00000710,000.00000000,000.00133868,000.29
Tournament (k=3),Blend,Gaussian,0.49195,0.02837,000.00000000,000.00145178,000.00057983,000.10262105,000.25
Tournament (k=3),Blend,Gaussian,0.52190,0.03095,000.00000000,000.00090451,000.00045967,000.01706055,000.22
Tournament (k=3),Arithmetic,Uniform,1.00000,0.03378,000.00016785,000.32714778,000.24489594,000.64210075,000.22
Tournament (k=3),Blend,Gaussian,0.52190,0.11476,000.00000000,000.00000672,000.00000381,000.00045417,000.34
Tournament (k=3),Arithmetic,Uniform,0.70139,0.02837,000.00006104,000.13096805,000.11551285,000.41809940,000.18
Tournament (k=3),Blend,Gaussian,0.43709,0.03378,000.00000000,000.00077558,000.00053024,000.07691779,000.25
Tournament (k=3),Arithmetic,Uniform,0.88849,0.03095,000.00002289,000.10175185,000.11124039,000.42773831,000.21
Tournament (k=3),Blend,Gaussian,0.41200,0.25191,000.00405884,000.05907192,000.06765366,000.18376033,000.41
Tournament (k=3),Arithmetic,Uniform,0.81310,0.04023,000.00006866,000.06228452,000.06636620,000.29318491,000.22
Tournament (k=3),Arithmetic,Uniform,0.60503,0.11476,000.00001526,000.00222254,000.00172234,000.01470176,000.25
Tournament (k=3),Arithmetic,Uniform,0.64187,0.10516,000.00000763,000.00329151,000.00286484,000.01296497,000.23
Tournament (k=3),Blend,Gaussian,0.50670,0.16276,000.00000000,000.00007010,000.00006485,000.00041440,000.34
Tournament (k=3),Arithmetic,Uniform,0.64187,0.04023,000.00001526,000.06296997,000.06652451,000.22204234,000.22
Tournament (k=3),Arithmetic,Uniform,0.58741,0.06795,000.00000000,000.01528072,000.01478386,000.06199234,000.25
Tournament (k=3),Blend,Gaussian,0.58741,0.30000,000.00400162,000.37557197,000.45494843,000.39738709,000.47
Tournament (k=3),Arithmetic,Uniform,0.66113,0.23084,000.00312042,000.44382533,000.50332832,000.59107643,000.27
Tournament (k=3),Blend,Gaussian,0.53756,0.19383,000.00004196,000.00420814,000.00437737,000.01560431,000.42
Tournament (k=3),Arithmetic,Uniform,0.76642,0.14915,000.00000763,000.00107870,000.00100517,000.01195835,000.25
Tournament (k=3),Blend,Gaussian,0.57030,0.05705,000.00000000,000.00014501,000.00007820,000.00986735,000.26
Tournament (k=3),Blend,Gaussian,0.47762,0.02000,000.00000000,000.00488396,000.00278091,000.15543890,000.23
Tournament (k=3),Blend,Gaussian,0.41200,0.10516,000.00000000,000.00004683,000.00002861,000.00147474,000.29
Tournament (k=3),Blend,Gaussian,0.53756,0.02000,000.00000000,000.00303860,000.00086594,000.22347662,000.25
Tournament (k=3),Arithmetic,Uniform,0.57030,0.10516,000.00000381,000.00368600,000.00356483,000.01737014,000.26
Tournament (k=3),Arithmetic,Uniform,0.91514,0.19383,000.00136948,000.08501520,000.08683395,000.44219452,000.39
Tournament (k=3),Blend,Gaussian,0.60503,0.05705,000.00000000,000.00012059,000.00003433,000.00524185,000.29
Tournament (k=3),Blend,Gaussian,0.42436,0.17762,000.00000763,000.00042753,000.00044823,000.00400368,000.52
Tournament (k=3),Blend,Gaussian,0.49195,0.03095,000.00000000,000.00102968,000.00079346,000.01862791,000.32
Tournament (k=3),Arithmetic,Uniform,0.97087,0.17762,000.00164032,000.02861810,000.02974701,000.16315597,000.32
Tournament (k=3),Arithmetic,Uniform,0.70139,0.23084,000.02058792,000.32072273,000.28034019,000.57166356,000.31
Tournament (k=3),Arithmetic,Uniform,0.91514,0.05228,000.00000000,000.03466287,000.03737640,000.28233692,000.23
Tournament (k=3),Arithmetic,Uniform,0.58741,0.02183,000.00033951,000.31862703,000.38503838,000.55799395,000.22
Tournament (k=3),Arithmetic,Uniform,0.62318,0.02183,000.00000000,000.30714169,000.34754944,000.54177290,000.18
Tournament (k=3),Blend,Gaussian,0.42436,0.05228,000.00000000,000.00091248,000.00058365,000.00625752,000.24
Tournament (k=3),Blend,Gaussian,0.57030,0.02000,000.00000000,000.00200968,000.00033379,000.16111059,000.24
Tournament (k=3),Blend,Gaussian,0.46371,0.10516,000.00000000,000.00004706,000.00003624,000.00054737,000.33
Tournament (k=3),Blend,Gaussian,0.47762,0.02183,000.00000000,000.00444489,000.00172997,000.12365584,000.25
Tournament (k=3),Blend,Gaussian,0.57030,0.06226,000.00000000,000.00006261,000.00002289,000.00097951,000.29
Tournament (k=3),Arithmetic,Uniform,0.66113,0.25191,000.01943588,000.60427964,000.72425842,000.68365824,000.31
Tournament (k=3),Arithmetic,Uniform,0.86261,0.16276,000.00012207,000.00667973,000.00646400,000.10790055,000.31
Tournament (k=3),Arithmetic,Uniform,0.62318,0.21153,000.00042343,000.12998247,000.14593506,000.36341792,000.32
Tournament (k=3),Arithmetic,Uniform,1.00000,0.23084,000.01018906,000.54979420,000.68824768,000.72395670,000.33
Tournament (k=3),Blend,Gaussian,0.40000,0.16276,000.00000000,000.00007234,000.00007629,000.00054709,000.37
Tournament (k=3),Blend,Gaussian,0.60503,0.17762,000.00003815,000.00114183,000.00102043,000.00483791,000.36
Tournament (k=3),Blend,Gaussian,0.49195,0.03378,000.00000000,000.00110183,000.00050735,000.01212934,000.26
Tournament (k=3),Arithmetic,Uniform,0.58741,0.19383,000.00023651,000.02474618,000.02646828,000.19617167,000.27
Tournament (k=3),Arithmetic,Uniform,0.62318,0.02382,000.00000000,000.21096535,000.18097305,000.50367832,000.18
Tournament (k=3),Blend,Gaussian,0.41200,0.11476,000.00000000,000.00006089,000.00003815,000.00159671,000.32
Tournament (k=3),Arithmetic,Uniform,0.97087,0.19383,000.00229645,000.09174385,000.09214973,000.37164927,000.31
Tournament (k=3),Blend,Gaussian,0.42436,0.05705,000.00000000,000.00047798,000.00024986,000.00658193,000.25
Tournament (k=3),Blend,Gaussian,0.42436,0.19383,000.00003815,000.00237808,000.00242615,000.01109472,000.39
Tournament (k=3),Blend,Gaussian,0.41200,0.03378,000.00000000,000.00167398,000.00110626,000.10207587,000.21
Tournament (k=3),Blend,Gaussian,0.49195,0.10516,000.00000000,000.00003057,000.00001335,000.00029624,000.33
Tournament (k=3),Arithmetic,Uniform,0.97087,0.05705,000.00004578,000.05373330,000.05276108,000.46952507,000.20
Tournament (k=3),Arithmetic,Uniform,0.78941,0.30000,000.08580399,001.17194176,001.44946289,000.88122094,000.33
Tournament (k=3),Blend,Gaussian,0.49195,0.30000,000.02386475,000.27260327,000.29443359,000.43363261,000.39
Tournament (k=3),Arithmetic,Uniform,0.83749,0.25191,000.03287506,000.66670531,000.85806847,000.81331235,000.27
Tournament (k=3),Blend,Gaussian,0.43709,0.11476,000.00000000,000.00005946,000.00003052,000.00048956,000.28
Tournament (k=3),Blend,Gaussian,0.46371,0.11476,000.00000000,000.00003424,000.00002098,000.00029703,000.34
Tournament (k=3),Blend,Gaussian,0.62318,0.03378,000.00000000,000.00031686,000.00016594,000.00633382,000.23
Tournament (k=3),Arithmetic,Uniform,0.86261,0.17762,000.00051880,000.02362447,000.02368736,000.24369505,000.31
Tournament (k=3),Blend,Gaussian,0.53756,0.06226,000.00000000,000.00013199,000.00006294,000.00244171,000.25
Tournament (k=3),Arithmetic,Uniform,0.62318,0.23084,000.00784302,000.33477178,000.33308601,000.56668478,000.31
Tournament (k=3),Blend,Gaussian,0.57030,0.17762,000.00000763,000.00096045,000.00098801,000.00480157,000.39
Tournament (k=3),Arithmetic,Uniform,1.00000,0.25191,000.03400421,000.94746256,001.14709282,000.77802283,000.31
Tournament (k=3),Blend,Gaussian,0.40000,0.05705,000.00000000,000.00048752,000.00036049,000.00497775,000.27
Tournament (k=3),Blend,Gaussian,0.58741,0.03378,000.00000000,000.00025115,000.00010681,000.01835776,000.26
Tournament (k=3),Blend,Gaussian,0.45020,0.02000,000.00000000,000.00474839,000.00406647,000.15292451,000.23
Tournament (k=3),Arithmetic,Uniform,0.81310,0.17762,000.00033951,000.02835231,000.03056908,000.18498817,000.31
Tournament (k=3),Arithmetic,Uniform,0.94259,0.08830,000.00000000,000.00533180,000.00483322,000.41009319,000.21
Tournament (k=3),Arithmetic,Uniform,0.72243,0.16276,000.00003815,000.00301776,000.00296974,000.02610133,000.26
Tournament (k=3),Arithmetic,Uniform,0.88849,0.21153,000.00346756,000.19421463,000.18124008,000.51278555,000.27
Tournament (k=3),Arithmetic,Uniform,0.88849,0.10516,000.00000000,000.00123506,000.00096703,000.05575467,000.27
Tournament (k=3),Blend,Gaussian,0.47762,0.19383,000.00001144,000.00365458,000.00350189,000.01066166,000.37
Tournament (k=3),Blend,Gaussian,0.50670,0.02000,000.00000000,000.00249495,000.00137901,000.18663624,000.22
Tournament (k=3),Arithmetic,Uniform,0.97087,0.02382,000.00157547,000.37167048,000.37708092,000.55262101,000.21
Tournament (k=3),Arithmetic,Uniform,0.94259,0.03378,000.00047302,000.13902597,000.13848495,000.45402381,000.18
Tournament (k=3),Arithmetic,Uniform,0.68096,0.04791,000.00000381,000.04727874,000.05030823,000.22776814,000.19
Tournament (k=3),Blend,Gaussian,0.55369,0.10516,000.00000000,000.00001011,000.00000763,000.00018384,000.33
Tournament (k=3),Blend,Gaussian,0.50670,0.05228,000.00000000,000.00066304,000.00043488,000.01084388,000.26
Tournament (k=3),Arithmetic,Uniform,0.70139,0.07415,000.00000381,000.01212144,000.01080322,000.04850424,000.25
Tournament (k=3),Arithmetic,Uniform,0.78941,0.06795,000.00005341,000.01602173,000.01632118,000.05229280,000.24
Tournament (k=3),Blend,Gaussian,0.45020,0.06226,000.00000000,000.00033889,000.00023270,000.01106209,000.28
Tournament (k=3),Arithmetic,Uniform,0.86261,0.19383,000.00211334,000.08117771,000.08538246,000.36025378,000.31
Tournament (k=3),Arithmetic,Uniform,1.00000,0.03686,000.00037384,000.20035085,000.16464996,000.62333590,000.22
Tournament (k=3),Blend,Gaussian,0.52190,0.03378,000.00000000,000.00087833,000.00057220,000.01142859,000.23
Tournament (k=3),Arithmetic,Uniform,0.81310,0.04390,000.00001144,000.05082216,000.05088806,000.22122347,000.19
Tournament (k=3),Blend,Gaussian,0.58741,0.03686,000.00000000,000.00068917,000.00022888,000.00512034,000.27
Tournament (k=3),Arithmetic,Uniform,1.00000,0.27490,000.04631042,001.03866172,001.28265381,000.91113675,000.33
Tournament (k=3),Blend,Gaussian,0.43709,0.03686,000.00000000,000.00108233,000.00054169,000.00796377,000.22
Tournament (k=3),Blend,Gaussian,0.58741,0.10516,000.00000000,000.00000300,000.00000000,000.00015759,000.30
Tournament (k=3),Arithmetic,Uniform,0.97087,0.02599,000.00067520,000.26453686,000.20100975,000.53307921,000.21
Tournament (k=3),Arithmetic,Uniform,0.94259,0.03686,000.00019455,000.10329628,000.10604095,000.40796724,000.22
Tournament (k=3),Blend,Gaussian,0.64187,0.02000,000.00000000,000.00124035,000.00027275,000.19461668,000.23
Tournament (k=3),Blend,Gaussian,0.62318,0.10516,000.00000000,000.00000129,000.00000000,000.00016467,000.30
Tournament (k=3),Blend,Gaussian,0.52190,0.12524,000.00000000,000.00000615,000.00000381,000.00007887,000.33
Tournament (k=3),Arithmetic,Uniform,0.88849,0.11476,000.00000381,000.00072823,000.00075531,000.14107446,000.32
Tournament (k=3),Arithmetic,Uniform,0.83749,0.02183,000.00045013,000.26939535,000.18535042,000.51487827,000.21
Tournament (k=3),Blend,Gaussian,0.60503,0.02000,000.00000000,000.00053663,000.00015640,000.09994493,000.23
Tournament (k=3),Blend,Gaussian,0.64187,0.05705,000.00000000,000.00011535,000.00003624,000.00218954,000.29
Tournament (k=3),Blend,Gaussian,0.41200,0.27490,000.00159454,000.11614637,000.12722397,000.24241239,000.40
Tournament (k=3),Blend,Gaussian,0.53756,0.02183,000.00000000,000.00223498,000.00121880,000.24754584,000.25
Tournament (k=3),Arithmetic,Uniform,0.91514,0.05705,000.00003815,000.03992553,000.04155731,000.15120915,000.23
Tournament (k=3),Blend,Gaussian,0.55369,0.11476,000.00000000,000.00000448,000.00000381,000.00087867,000.38
Tournament (k=3),Blend,Gaussian,0.55369,0.03378,000.00000000,000.00051465,000.00033569,000.01037288,000.26
Tournament (k=3),Arithmetic,Uniform,0.57030,0.11476,000.00001907,000.00240130,000.00226974,000.00815469,000.27
Tournament (k=3),Arithmetic,Uniform,0.91514,0.21153,000.00374222,000.30580792,000.24526215,000.57864708,000.26
Tournament (k=3),Arithmetic,Uniform,0.76642,0.05228,000.00004196,000.04110494,000.04033470,000.21110737,000.19
Tournament (k=3),Arithmetic,Uniform,0.86261,0.21153,000.00401306,000.23418593,000.21579933,000.57750738,000.33
Tournament (k=3),Blend,Gaussian,0.66113,0.02837,000.00000000,000.00034814,000.00014496,000.00821157,000.26
Tournament (k=3),Blend,Gaussian,0.60503,0.06226,000.00000000,000.00004811,000.00001526,000.00330365,000.30
Tournament (k=3),Arithmetic,Uniform,0.74410,0.25191,000.02525330,000.63427109,000.83572578,000.65853065,000.32
Tournament (k=3),Blend,Gaussian,0.53756,0.21153,000.00099564,000.01855540,000.01952362,000.06543389,000.41
Tournament (k=3),Blend,Gaussian,0.57030,0.02183,000.00000000,000.00091281,000.00042152,000.13981649,000.22
Tournament (k=3),Arithmetic,Uniform,0.83749,0.02382,000.00356293,000.21910247,000.21668053,000.52023107,000.21
Tournament (k=3),Blend,Gaussian,0.64187,0.16276,000.00000381,000.00010791,000.00010872,000.00090398,000.35
Tournament (k=3),Arithmetic,Uniform,0.70139,0.25191,000.00220871,000.63592154,000.69409752,000.69933403,000.33
Tournament (k=3),Blend,Gaussian,0.60503,0.02183,000.00000000,000.00096741,000.00042343,000.21424010,000.27
Tournament (k=3),Blend,Gaussian,0.66113,0.08092,000.00000000,000.00001020,000.00000000,000.00063325,000.31
Tournament (k=3),Arithmetic,Uniform,0.74410,0.06795,000.00000000,000.01234593,000.01010704,000.06466983,000.22
Tournament (k=3),Blend,Gaussian,0.57030,0.06795,000.00000000,000.00011907,000.00004196,000.00343254,000.26
Tournament (k=3),Arithmetic,Uniform,1.00000,0.09637,000.00000000,000.00346251,000.00294304,000.18899256,000.21
Tournament (k=3),Blend,Gaussian,0.53756,0.02382,000.00000000,000.00174336,000.00097084,000.17131230,000.24
Tournament (k=3),Blend,Gaussian,0.49195,0.03686,000.00000000,000.00112991,000.00034714,000.01003947,000.26
Tournament (k=3),Blend,Gaussian,0.68096,0.04023,000.00000000,000.00023694,000.00009155,000.00675745,000.25
Tournament (k=3),Arithmetic,Uniform,0.58741,0.21153,000.00399017,000.10164575,000.09787369,000.35126144,000.27
Tournament (k=3),Arithmetic,Uniform,0.81310,0.02000,000.00000381,000.22738519,000.17377663,000.58392876,000.21
Tournament (k=3),Blend,Gaussian,0.57030,0.02382,000.00000000,000.00121255,000.00053596,000.14021930,000.26
Tournament (k=3),Blend,Gaussian,0.66113,0.23084,000.00595474,000.09189387,000.11249733,000.21628061,000.40
Tournament (k=3),Blend,Gaussian,0.42436,0.06226,000.00000000,000.00029902,000.00019455,000.00601154,000.28
Tournament (k=3),Arithmetic,Uniform,0.83749,0.05705,000.00000763,000.02453279,000.02555084,000.17636380,000.19
Tournament (k=3),Arithmetic,Uniform,0.97087,0.21153,000.00665283,000.30017233,000.21703720,000.62236404,000.32
Tournament (k=3),Blend,Gaussian,0.41200,0.12524,000.00000000,000.00004730,000.00003242,000.00056336,000.33
Tournament (k=3),Arithmetic,Uniform,0.74410,0.07415,000.00000000,000.01591291,000.01529121,000.07717541,000.21
Tournament (k=3),Blend,Gaussian,0.40000,0.17762,000.00000763,000.00034771,000.00038719,000.00273091,000.39
Tournament (k=3),Blend,Gaussian,0.49195,0.11476,000.00000000,000.00001192,000.00000763,000.00046174,000.34
Tournament (k=3),Blend,Gaussian,0.60503,0.19383,000.00016785,000.00860867,000.00798225,000.02793501,000.40
Tournament (k=3),Arithmetic,Uniform,0.83749,0.27490,000.09589386,000.92175210,001.24044228,000.83553600,000.28
Tournament (k=3),Arithmetic,Uniform,1.00000,0.10516,000.00000763,000.00111403,000.00120544,000.10794014,000.25
Tournament (k=3),Blend,Gaussian,0.42436,0.21153,000.00021744,000.01058955,000.01036835,000.02263050,000.40
Tournament (k=3),Blend,Gaussian,0.57030,0.07415,000.00000000,000.00008631,000.00002670,000.00195002,000.28
Tournament (k=3),Blend,Gaussian,0.64187,0.17762,000.00003433,000.00199051,000.00189781,000.00837546,000.40
Tournament (k=3),Blend,Gaussian,0.53756,0.02599,000.00000000,000.00196991,000.00037575,000.19503623,000.26
Tournament (k=3),Blend,Gaussian,0.62318,0.03686,000.00000000,000.00022392,000.00006866,000.01637968,000.23
Tournament (k=3),Blend,Gaussian,0.49195,0.04023,000.00000000,000.00102997,000.00053406,000.01530057,000.26
Tournament (k=3),Blend,Gaussian,0.68096,0.04390,000.00000000,000.00015264,000.00001907,000.00207122,000.26
Tournament (k=3),Blend,Gaussian,0.53756,0.06795,000.00000000,000.00012565,000.00005722,000.00843201,000.28
Tournament (k=3),Blend,Gaussian,0.47762,0.07415,000.00000000,000.00013633,000.00005913,000.00363425,000.29
Tournament (k=3),Blend,Gaussian,0.46371,0.03378,000.00000000,000.00224290,000.00159264,000.10148700,000.25
Tournament (k=3),Blend,Gaussian,0.42436,0.06795,000.00000000,000.00042381,000.00024033,000.00315203,000.27
Tournament (k=3),Arithmetic,Uniform,0.94259,0.09637,000.00000000,000.00511875,000.00463104,000.32166651,000.22
Tournament (k=3),Blend,Gaussian,0.45020,0.02183,000.00000000,000.00317602,000.00168037,000.14033854,000.24
Tournament (k=3),Blend,Gaussian,0.70139,0.02000,000.00000000,000.00025654,000.00001717,000.09945580,000.22
Tournament (k=3),Blend,Gaussian,0.40000,0.06226,000.00000000,000.00033135,000.00021172,000.00616805,000.27
Tournament (k=3),Blend,Gaussian,0.68096,0.11476,000.00000000,000.00000005,000.00000000,000.00007611,000.32
Tournament (k=3),Arithmetic,Uniform,0.88849,0.03378,000.00000000,000.08994646,000.10047913,000.34477374,000.23
Tournament (k=3),Blend,Gaussian,0.50670,0.02183,000.00000000,000.00247502,000.00109100,000.11274825,000.21
Tournament (k=3),Arithmetic,Uniform,0.88849,0.23084,000.01823807,000.48365444,000.49054718,000.67384189,000.27
Tournament (k=3),Arithmetic,Uniform,0.81310,0.19383,000.00474548,000.05446057,000.06243515,000.25893515,000.31
Tournament (k=3),Arithmetic,Uniform,0.60503,0.12524,000.00000763,000.00247402,000.00222397,000.01402805,000.29
Tournament (k=3),Blend,Gaussian,0.45020,0.19383,000.00004578,000.00283608,000.00311661,000.00841791,000.40
Tournament (k=3),Blend,Gaussian,0.49195,0.04390,000.00000000,000.00047588,000.00031853,000.00990638,000.25
Tournament (k=3),Blend,Gaussian,0.62318,0.04023,000.00000000,000.00028105,000.00003815,000.10009262,000.27
Tournament (k=3),Blend,Gaussian,0.68096,0.04791,000.00000000,000.00009580,000.00001526,000.00199805,000.29
Tournament (k=3),Arithmetic,Uniform,1.00000,0.04023,000.00041199,000.13272604,000.09158516,000.56536704,000.21
Tournament (k=3),Blend,Gaussian,0.53756,0.02837,000.00000000,000.00134768,000.00073051,000.02474633,000.35
Tournament (k=3),Arithmetic,Uniform,0.78941,0.07415,000.00000763,000.00768948,000.00754738,000.11190683,000.25
Tournament (k=3),Blend,Gaussian,0.52190,0.03686,000.00000000,000.00092392,000.00024414,000.00837121,000.23
Tournament (k=3),Blend,Gaussian,0.50670,0.17762,000.00000381,000.00048952,000.00045586,000.00184394,000.36
Tournament (k=3),Blend,Gaussian,0.42436,0.23084,000.00037003,000.02439737,000.02938461,000.07707539,000.42
Tournament (k=3),Arithmetic,Uniform,0.81310,0.04791,000.00001526,000.04921188,000.04641533,000.15095872,000.22
Tournament (k=3),Arithmetic,Uniform,0.94259,0.10516,000.00000000,000.00113740,000.00125885,000.06626640,000.25
Tournament (k=3),Arithmetic,Uniform,0.76642,0.16276,000.00000000,000.00345278,000.00324440,000.10670274,000.25
Tournament (k=3),Blend,Gaussian,0.53756,0.07415,000.00000000,000.00006366,000.00003242,000.00094809,000.29
Tournament (k=3),Blend,Gaussian,0.43709,0.04023,000.00000000,000.00110831,000.00080872,000.01168567,000.22
Tournament (k=3),Blend,Gaussian,0.58741,0.04023,000.00000000,000.00069299,000.00057983,000.01118748,000.26
Tournament (k=3),Blend,Gaussian,0.47762,0.08092,000.00000000,000.00011830,000.00004768,000.00145168,000.31
Tournament (k=3),Arithmetic,Uniform,0.94259,0.04023,000.00078583,000.12169456,000.12637520,000.42045802,000.22
Tournament (k=3),Arithmetic,Uniform,1.00000,0.30000,000.01886368,001.26069319,001.54547310,000.88885826,000.35
Tournament (k=3),Blend,Gaussian,0.64187,0.02183,000.00000000,000.00048542,000.00007629,000.14994325,000.22
Tournament (k=3),Blend,Gaussian,0.58741,0.11476,000.00000000,000.00000138,000.00000000,000.00072578,000.31
Tournament (k=3),Blend,Gaussian,0.70139,0.05705,000.00000000,000.00001216,000.00000000,000.00120329,000.29
Tournament (k=3),Blend,Gaussian,0.47762,0.02382,000.00000000,000.00349154,000.00263596,000.22187534,000.21
Tournament (k=3),Arithmetic,Uniform,0.86261,0.05228,000.00002289,000.03316145,000.03701782,000.21651660,000.22
Tournament (k=3),Arithmetic,Uniform,0.91514,0.06226,000.00000000,000.02246695,000.02673531,000.13364448,000.24
Tournament (k=3),Arithmetic,Uniform,0.88849,0.12524,000.00000000,000.00047541,000.00037956,000.00732541,000.28
Tournament (k=3),Blend,Gaussian,0.55369,0.03686,000.00000000,000.00057936,000.00017548,000.01221625,000.26
Tournament (k=3),Blend,Gaussian,0.52190,0.13667,000.00000000,000.00000410,000.00000000,000.00011992,000.33
Tournament (k=3),Arithmetic,Uniform,0.76642,0.05705,000.00000000,000.02383394,000.01580048,000.23224914,000.23
Tournament (k=3),Blend,Gaussian,0.64187,0.06226,000.00000000,000.00001574,000.00000000,000.00153466,000.29
Tournament (k=3),Blend,Gaussian,0.72243,0.02837,000.00000000,000.00007677,000.00000381,000.01417578,000.23
Tournament (k=3),Blend,Gaussian,0.62318,0.04390,000.00000000,000.00013762,000.00002861,000.01379612,000.36
Tournament (k=3),Blend,Gaussian,0.66113,0.03095,000.00000000,000.00040202,000.00013733,000.01344680,000.23
Tournament (k=3),Blend,Gaussian,0.43709,0.04390,000.00000000,000.00106583,000.00039482,000.01582223,000.27
Tournament (k=3),Blend,Gaussian,0.60503,0.06795,000.00000000,000.00006757,000.00000763,000.00203046,000.27
Tournament (k=3),Blend,Gaussian,0.55369,0.12524,000.00000000,000.00000172,000.00000000,000.00014074,000.35
Tournament (k=3),Blend,Gaussian,0.41200,0.30000,000.00525665,000.20464078,000.23874092,000.33411437,000.38
Tournament (k=3),Blend,Gaussian,0.64187,0.02382,000.00000000,000.00026622,000.00011253,000.13993840,000.24
Tournament (k=3),Arithmetic,Uniform,0.97087,0.06226,000.00013733,000.04427028,000.02873993,000.48192167,000.19
Tournament (k=3),Blend,Gaussian,0.70139,0.16276,000.00000000,000.00034175,000.00028419,000.00284011,000.38
Tournament (k=3),Arithmetic,Uniform,0.74410,0.27490,000.06077576,001.06729817,001.34769440,000.71839690,000.33
Tournament (k=3),Blend,Gaussian,0.60503,0.02382,000.00000000,000.00214233,000.00078964,000.17656644,000.23
Tournament (k=3),Blend,Gaussian,0.70139,0.06226,000.00000000,000.00000319,000.00000000,000.00183116,000.29
Tournament (k=3),Blend,Gaussian,0.58741,0.12524,000.00000000,000.00000062,000.00000000,000.00005935,000.35
Tournament (k=3),Arithmetic,Uniform,0.83749,0.06226,000.00000381,000.01783581,000.01875305,000.11433461,000.20
Tournament (k=3),Blend,Gaussian,0.57030,0.02599,000.00000000,000.00089135,000.00049782,000.03062561,000.26
Tournament (k=3),Arithmetic,Uniform,0.70139,0.27490,000.04228210,000.91440928,001.17387009,000.85454494,000.33
Tournament (k=3),Blend,Gaussian,0.72243,0.08092,000.00000000,000.00000062,000.00000000,000.00020104,000.32
Tournament (k=3),Blend,Gaussian,0.43709,0.12524,000.00000000,000.00002227,000.00001526,000.00080565,000.30
Tournament (k=3),Arithmetic,Uniform,0.74410,0.08092,000.00000000,000.00843282,000.00779533,000.03001208,000.21
Tournament (k=3),Blend,Gaussian,0.46371,0.12524,000.00000000,000.00002327,000.00002289,000.00040325,000.34
Tournament (k=3),Blend,Gaussian,0.64187,0.06795,000.00000000,000.00002003,000.00000191,000.00072167,000.36
Tournament (k=3),Arithmetic,Uniform,0.97087,0.23084,000.02214050,000.55110794,000.61284637,000.72980410,000.30
Tournament (k=3),Blend,Gaussian,0.72243,0.23084,000.01588821,000.10322194,000.10556602,000.30323499,000.39
Tournament (k=3),Blend,Gaussian,0.66113,0.25191,000.01035690,000.18031578,000.18651390,000.32417467,000.39
Tournament (k=3),Blend,Gaussian,0.41200,0.13667,000.00000000,000.00004010,000.00003242,000.00039794,000.36
Tournament (k=3),Arithmetic,Uniform,1.00000,0.11476,000.00000000,000.00035763,000.00025177,000.02019654,000.27
Tournament (k=3),Arithmetic,Uniform,0.83749,0.06795,000.00003815,000.01236305,000.01374054,000.16472457,000.20
Tournament (k=3),Blend,Gaussian,0.57030,0.19383,000.00057220,000.00589347,000.00638771,000.02587964,000.44
Tournament (k=3),Blend,Gaussian,0.40000,0.19383,000.00003052,000.00218887,000.00198746,000.01042722,000.39
Tournament (k=3),Blend,Gaussian,0.45020,0.02382,000.00000000,000.00169621,000.00166702,000.13921319,000.21
Tournament (k=3),Blend,Gaussian,0.46371,0.03686,000.00000000,000.00139771,000.00083733,000.01518099,000.25
Tournament (k=3),Arithmetic,Uniform,0.70139,0.08092,000.00000000,000.00761890,000.00628281,000.03045628,000.25
Tournament (k=3),Arithmetic,Uniform,0.74410,0.08830,000.00000000,000.00597491,000.00655365,000.10717566,000.22
Tournament (k=3),Blend,Gaussian,0.60503,0.21153,000.00102234,000.02571073,000.03038216,000.05225475,000.41
Tournament (k=3),Arithmetic,Uniform,0.97087,0.06795,000.00017548,000.02076225,000.01918793,000.50749397,000.43
Tournament (k=3),Blend,Gaussian,0.50670,0.05705,000.00000000,000.00024414,000.00013351,000.00654220,000.28
Tournament (k=3),Blend,Gaussian,0.42436,0.07415,000.00000000,000.00020909,000.00009346,000.00697479,000.28
Tournament (k=3),Blend,Gaussian,0.47762,0.21153,000.00034332,000.01523528,000.01861572,000.06604449,000.37
Tournament (k=3),Blend,Gaussian,0.45020,0.06795,000.00000000,000.00037026,000.00020218,000.00439079,000.28
Tournament (k=3),Arithmetic,Uniform,0.74410,0.30000,000.07231903,001.30348420,001.52398109,000.80058050,000.42
Tournament (k=3),Blend,Gaussian,0.64187,0.19383,000.00018311,000.01373763,000.01622200,000.16236205,000.37
Tournament (k=3),Blend,Gaussian,0.50670,0.02382,000.00000000,000.00453081,000.00377846,000.14547770,000.21
Tournament (k=3),Arithmetic,Uniform,0.88849,0.03686,000.00007248,000.10000329,000.10110092,000.33794138,000.22
Tournament (k=3),Blend,Gaussian,0.40000,0.06795,000.00000000,000.00048051,000.00025368,000.00429149,000.27
Tournament (k=3),Blend,Gaussian,0.58741,0.13667,000.00000000,000.00000196,000.00000000,000.00010280,000.46
Tournament (k=3),Blend,Gaussian,0.57030,0.02837,000.00000000,000.00122418,000.00042343,000.06022417,000.43
Tournament (k=3),Blend,Gaussian,0.68096,0.12524,000.00000000,000.00000000,000.00000000,000.00097343,000.36
Tournament (k=3),Arithmetic,Uniform,0.88849,0.25191,000.04973984,000.64251053,000.72861099,000.74115843,000.27
Tournament (k=3),Blend,Gaussian,0.45020,0.02599,000.00000000,000.00150547,000.00098038,000.09999620,000.22
Tournament (k=3),Arithmetic,Uniform,1.00000,0.04390,000.00006866,000.21747036,000.11232948,000.51258147,000.23
Tournament (k=3),Blend,Gaussian,0.74410,0.04023,000.00000000,000.00002408,000.00000000,000.00239037,000.28
Tournament (k=3),Blend,Gaussian,0.46371,0.04023,000.00000000,000.00096550,000.00069427,000.01288152,000.26
Tournament (k=3),Blend,Gaussian,0.52190,0.04023,000.00000000,000.00052676,000.00029755,000.01184618,000.23
Tournament (k=3),Blend,Gaussian,0.53756,0.03095,000.00000000,000.00075674,000.00043488,000.01565463,000.26
Tournament (k=3),Arithmetic,Uniform,0.78941,0.08092,000.00000000,000.00690622,000.00718689,000.10434583,000.25
Tournament (k=3),Blend,Gaussian,0.74410,0.11476,000.00000000,000.00000000,000.00000000,000.00005829,000.33
Tournament (k=3),Arithmetic,Uniform,0.81310,0.05228,000.00000763,000.02949514,000.02696991,000.13095282,000.23
Tournament (k=3),Blend,Gaussian,0.62318,0.11476,000.00000000,000.00000062,000.00000000,000.00004061,000.32
Tournament (k=3),Blend,Gaussian,0.50670,0.02599,000.00000000,000.00191708,000.00144958,000.03124020,000.24
Tournament (k=3),Blend,Gaussian,0.40000,0.07415,000.00000000,000.00014710,000.00010681,000.00262203,000.29
Tournament (k=3),Arithmetic,Uniform,0.88849,0.04023,000.00006485,000.06624889,000.07378197,000.34802240,000.30
Tournament (k=3),Arithmetic,Uniform,0.94259,0.04390,000.00087738,000.13054867,000.12458801,000.36474797,000.20
Tournament (k=3),Blend,Gaussian,0.50670,0.19383,000.00006104,000.00364552,000.00345802,000.02481221,000.36
Tournament (k=3),Arithmetic,Uniform,0.91514,0.23084,000.00651550,000.47335544,000.56274796,000.68373078,000.27
Tournament (k=3),Blend,Gaussian,0.40000,0.02000,000.00000000,000.00514565,000.00340462,000.15005413,000.23
Tournament (k=3),Blend,Gaussian,0.60503,0.23084,000.00374603,000.06253906,000.06901169,000.22735301,000.45
Tournament (k=3),Blend,Gaussian,0.58741,0.04390,000.00000000,000.00026350,000.00020790,000.00623328,000.28
Tournament (k=3),Arithmetic,Uniform,0.86261,0.05705,000.00041962,000.02779732,000.03066444,000.27047792,000.20
Tournament (k=3),Blend,Gaussian,0.42436,0.25191,000.00191498,000.05873900,000.05427170,000.11030616,000.39
Tournament (k=3),Arithmetic,Uniform,0.83749,0.02599,000.00007629,000.19379058,000.23571968,000.42195821,000.21
Tournament (k=3),Blend,Gaussian,0.47762,0.08830,000.00000000,000.00005112,000.00001526,000.00723907,000.31
Tournament (k=3),Arithmetic,Uniform,1.00000,0.04791,000.00016022,000.08222122,000.07255936,000.47873631,000.26
Tournament (k=3),Blend,Gaussian,0.47762,0.02599,000.00000000,000.00095119,000.00067139,000.10546502,000.25
Tournament (k=3),Arithmetic,Uniform,0.91514,0.06795,000.00000763,000.01851716,000.01974106,000.28505346,000.24
Tournament (k=3),Blend,Gaussian,0.55369,0.04023,000.00000000,000.00042529,000.00030708,000.00542260,000.26
Tournament (k=3),Blend,Gaussian,0.76642,0.02000,000.00000000,000.00003176,000.00000000,000.13921115,000.25
Tournament (k=3),Blend,Gaussian,0.53756,0.23084,000.00125122,000.04934530,000.05224991,000.10864080,000.37
Tournament (k=3),Blend,Gaussian,0.72243,0.03095,000.00000000,000.00006323,000.00000763,000.02514054,000.23
Tournament (k=3),Blend,Gaussian,0.66113,0.08830,000.00000000,000.00000286,000.00000000,000.00049135,000.32
Tournament (k=3),Blend,Gaussian,0.40000,0.02183,000.00000000,000.00463595,000.00383186,000.10834817,000.21
Tournament (k=3),Blend,Gaussian,0.62318,0.04791,000.00000000,000.00037389,000.00011063,000.00452570,000.25
Tournament (k=3),Blend,Gaussian,0.66113,0.03378,000.00000000,000.00023823,000.00005722,000.01717043,000.25
Tournament (k=3),Blend,Gaussian,0.76642,0.05705,000.00000000,000.00000744,000.00000000,000.00297505,000.29
Tournament (k=3),Blend,Gaussian,0.52190,0.14915,000.00000000,000.00001101,000.00000763,000.00037912,000.33
Tournament (k=3),Blend,Gaussian,0.43709,0.04791,000.00000000,000.00125813,000.00130081,000.01053671,000.26
Tournament (k=3),Arithmetic,Uniform,0.83749,0.02837,000.00014877,000.13910756,000.14760208,000.38303074,000.21
Tournament (k=3),Blend,Gaussian,0.64187,0.02599,000.00000000,000.00096965,000.00032997,000.02863505,000.22
Tournament (k=3),Blend,Gaussian,0.58741,0.04791,000.00000000,000.00020781,000.00007820,000.00477751,000.28
Tournament (k=3),Blend,Gaussian,0.60503,0.02599,000.00000000,000.00072436,000.00039291,000.09899637,000.25
Tournament (k=3),Arithmetic,Uniform,0.91514,0.07415,000.00000000,000.01461902,000.01831627,000.17143825,000.25
Tournament (k=3),Blend,Gaussian,0.47762,0.02837,000.00000000,000.00216565,000.00152206,000.10381435,000.26
Tournament (k=3),Arithmetic,Uniform,0.64187,0.04390,000.00000000,000.03197932,000.03876114,000.28527915,000.19
Tournament (k=3),Blend,Gaussian,0.49195,0.12524,000.00000000,000.00001359,000.00000763,000.00031432,000.35
Tournament (k=3),Arithmetic,Uniform,0.64187,0.11476,000.00000000,000.00180202,000.00165176,000.00821922,000.23
Tournament (k=3),Blend,Gaussian,0.55369,0.04390,000.00000000,000.00050435,000.00027084,000.00743659,000.26
Tournament (k=3),Arithmetic,Uniform,0.83749,0.30000,000.05442810,001.28035617,001.47141838,000.95079851,000.36
Tournament (k=3),Blend,Gaussian,0.57030,0.08092,000.00000000,000.00003076,000.00000763,000.00178964,000.28
Tournament (k=3),Blend,Gaussian,0.60503,0.25191,000.00730133,000.14656949,000.15517044,000.34152487,000.43
Tournament (k=3),Blend,Gaussian,0.62318,0.05228,000.00000000,000.00020871,000.00007248,000.00403537,000.27
Tournament (k=3),Blend,Gaussian,0.43709,0.13667,000.00000000,000.00002437,000.00001526,000.00036612,000.30
Tournament (k=3),Blend,Gaussian,0.72243,0.08830,000.00000000,000.00000029,000.00000000,000.00007119,000.32
Tournament (k=3),Blend,Gaussian,0.64187,0.07415,000.00000000,000.00000653,000.00000000,000.00044896,000.30
Tournament (k=3),Arithmetic,Uniform,0.83749,0.07415,000.00003815,000.00870109,000.00761986,000.10299558,000.21
Tournament (k=3),Arithmetic,Uniform,0.97087,0.25191,000.03654099,001.00309849,001.24446678,000.86477876,000.31
Tournament (k=3),Arithmetic,Uniform,1.00000,0.12524,000.00000000,000.00044112,000.00037384,000.00597322,000.24
Tournament (k=3),Blend,Gaussian,0.46371,0.13667,000.00000000,000.00001702,000.00000954,000.00033692,000.35
Tournament (k=3),Blend,Gaussian,0.76642,0.16276,000.00001526,000.00051455,000.00061417,000.00784898,000.39
Tournament (k=3),Blend,Gaussian,0.47762,0.03095,000.00000000,000.00249610,000.00202560,000.10049395,000.26
Tournament (k=3),Arithmetic,Uniform,0.74410,0.09637,000.00000000,000.00335579,000.00352669,000.01803546,000.22
Tournament (k=3),Blend,Gaussian,0.66113,0.27490,000.00485992,000.21403007,000.24309540,000.40248653,000.40
Tournament (k=3),Blend,Gaussian,0.49195,0.04791,000.00000000,000.00049911,000.00038147,000.00716521,000.27
Tournament (k=3),Blend,Gaussian,0.72243,0.25191,000.00392151,000.18626757,000.20475578,000.43421221,000.41
Tournament (k=3),Blend,Gaussian,0.41200,0.14915,000.00000000,000.00004992,000.00004578,000.00039790,000.36
Tournament (k=3),Arithmetic,Uniform,0.70139,0.08830,000.00000000,000.00527835,000.00456619,000.03010852,000.25
Tournament (k=3),Arithmetic,Uniform,0.97087,0.07415,000.00000763,000.01532259,000.01377296,000.27843696,000.24
Tournament (k=3),Blend,Gaussian,0.49195,0.13667,000.00000000,000.00000873,000.00000763,000.00015515,000.36
Tournament (k=3),Blend,Gaussian,0.57030,0.21153,000.00040817,000.02407336,000.02947998,000.18183461,000.41
Tournament (k=3),Blend,Gaussian,0.42436,0.08092,000.00000000,000.00022273,000.00012970,000.00189620,000.25
Tournament (k=3),Blend,Gaussian,0.45020,0.21153,000.00039673,000.00995269,000.00928307,000.02401107,000.40
Tournament (k=3),Arithmetic,Uniform,0.94259,0.11476,000.00000000,000.00051908,000.00040436,000.00848665,000.23
Tournament (k=3),Blend,Gaussian,0.50670,0.06226,000.00000000,000.00023389,000.00014687,000.00377202,000.29
Tournament (k=3),Blend,Gaussian,0.78941,0.02837,000.00000000,000.00000167,000.00000000,000.09920344,000.27
Tournament (k=3),Blend,Gaussian,0.45020,0.07415,000.00000000,000.00024776,000.00014877,000.00376535,000.29
Tournament (k=3),Arithmetic,Uniform,0.76642,0.17762,000.00007629,000.01836224,000.02075195,000.23550841,000.26
Tournament (k=3),Blend,Gaussian,0.60503,0.27490,000.01688004,000.19896713,000.20325279,000.42779431,000.44
Tournament (k=3),Blend,Gaussian,0.49195,0.05228,000.00000000,000.00030293,000.00021935,000.00694467,000.27
Tournament (k=3),Blend,Gaussian,0.45020,0.02837,000.00000000,000.00334868,000.00159264,000.04319693,000.25
Tournament (k=3),Blend,Gaussian,0.64187,0.21153,000.00087738,000.04084015,000.04415321,000.13388009,000.37
Tournament (k=3),Arithmetic,Uniform,0.88849,0.27490,000.04911041,001.27906227,001.48067856,000.81631446,000.27
Tournament (k=3),Blend,Gaussian,0.41200,0.03686,000.00000000,000.00160561,000.00076675,000.01338324,000.21
Tournament (k=3),Blend,Gaussian,0.47762,0.23084,000.00419617,000.04472070,000.05016518,000.13303156,000.41
Tournament (k=3),Blend,Gaussian,0.58741,0.14915,000.00000000,000.00000720,000.00000763,000.00012412,000.37
Tournament (k=3),Blend,Gaussian,0.76642,0.17762,000.00027847,000.00707769,000.00736046,000.04611282,000.43
Tournament (k=3),Blend,Gaussian,0.52190,0.04390,000.00000000,000.00045257,000.00031662,000.01314720,000.24
Tournament (k=3),Blend,Gaussian,0.74410,0.04390,000.00000000,000.00003152,000.00000381,000.00386882,000.29
Tournament (k=3),Arithmetic,Uniform,0.78941,0.08830,000.00000000,000.00408378,000.00334167,000.03124465,000.26
Tournament (k=3),Blend,Gaussian,0.68096,0.13667,000.00000000,000.00000114,000.00000000,000.00005945,000.42
Tournament (k=3),Blend,Gaussian,0.50670,0.06795,000.00000000,000.00006943,000.00004005,000.00216615,000.31
Tournament (k=3),Blend,Gaussian,0.78941,0.03095,000.00000000,000.00002322,000.00000000,000.13923560,000.29
Tournament (k=3),Blend,Gaussian,0.66113,0.30000,000.00699615,000.41215080,000.41173172,000.55810302,000.48
Tournament (k=3),Blend,Gaussian,0.74410,0.12524,000.00000000,000.00000005,000.00000000,000.00011293,000.35
Tournament (k=3),Blend,Gaussian,0.62318,0.12524,000.00000000,000.00000100,000.00000000,000.00014646,000.33
Tournament (k=3),Blend,Gaussian,0.40000,0.08092,000.00000000,000.00027394,000.00015259,000.00224382,000.30
Tournament (k=3),Blend,Gaussian,0.78941,0.08092,000.00000000,000.00000000,000.00000000,000.00013712,000.35
Tournament (k=3),Blend,Gaussian,0.81310,0.04023,000.00000000,000.00000334,000.00000000,000.00126786,000.26
Tournament (k=3),Blend,Gaussian,0.42436,0.02000,000.00000000,000.00608754,000.00417519,000.21916163,000.23
Tournament (k=3),Blend,Gaussian,0.57030,0.23084,000.00403976,000.05830817,000.07165527,000.15503567,000.44
Tournament (k=3),Blend,Gaussian,0.60503,0.07415,000.00000000,000.00002360,000.00000763,000.00126310,000.28
Tournament (k=3),Arithmetic,Uniform,0.86261,0.06226,000.00002289,000.01642170,000.01634598,000.23426607,000.20
Tournament (k=3),Blend,Gaussian,0.52190,0.04791,000.00000000,000.00028510,000.00016785,000.00532759,000.25
Tournament (k=3),Blend,Gaussian,0.81310,0.11476,000.00000000,000.00000000,000.00000000,000.00003272,000.36
Tournament (k=3),Blend,Gaussian,0.50670,0.21153,000.00044250,000.01376853,000.01639748,000.08357994,000.37
Tournament (k=3),Blend,Gaussian,0.83749,0.02000,000.00000000,000.00000014,000.00000000,000.13942978,000.22
Tournament (k=3),Blend,Gaussian,0.55369,0.13667,000.00000000,000.00000415,000.00000381,000.00004342,000.37
Tournament (k=3),Blend,Gaussian,0.78941,0.23084,000.00279236,000.14919834,000.15333939,000.39434692,000.44
Tournament (k=3),Blend,Gaussian,0.47762,0.09637,000.00000000,000.00005107,000.00001907,000.00121643,000.31
Tournament (k=3),Blend,Gaussian,0.78941,0.03378,000.00000000,000.00000458,000.00000000,000.00243438,000.28
Tournament (k=3),Blend,Gaussian,0.70139,0.02183,000.00000000,000.00037599,000.00004387,000.17132314,000.22
Tournament (k=3),Blend,Gaussian,0.70139,0.06795,000.00000000,000.00000672,000.00000000,000.00192190,000.30
Tournament (k=3),Blend,Gaussian,0.72243,0.03378,000.00000000,000.00006785,000.00000000,000.01064011,000.27
Tournament (k=3),Blend,Gaussian,0.66113,0.03686,000.00000000,000.00009732,000.00004196,000.01666563,000.24
Tournament (k=3),Blend,Gaussian,0.70139,0.17762,000.00000381,000.00293102,000.00294685,000.08529333,000.40
Tournament (k=3),Arithmetic,Uniform,0.83749,0.03095,000.00039673,000.09600220,000.10823250,000.31851077,000.21
Tournament (k=3),Blend,Gaussian,0.43709,0.05228,000.00000000,000.00034285,000.00026131,000.00647353,000.24
Tournament (k=3),Blend,Gaussian,0.76642,0.06226,000.00000000,000.00000510,000.00000000,000.00023175,000.31
Tournament (k=3),Blend,Gaussian,0.64187,0.02837,000.00000000,000.00053005,000.00015068,000.02350505,000.23
Tournament (k=3),Blend,Gaussian,0.53756,0.25191,000.00620651,000.10993256,000.11449432,000.26500875,000.38
Tournament (k=3),Blend,Gaussian,0.40000,0.08830,000.00000000,000.00016766,000.00010872,000.00238223,000.37
Tournament (k=3),Blend,Gaussian,0.62318,0.13667,000.00000000,000.00000138,000.00000000,000.00006646,000.40
Tournament (k=3),Arithmetic,Uniform,0.86261,0.02000,000.00038147,000.42776650,000.47076416,000.64605945,000.19
Tournament (k=3),Blend,Gaussian,0.58741,0.05228,000.00000000,000.00025620,000.00007629,000.00568111,000.29
Tournament (k=3),Blend,Gaussian,0.52190,0.16276,000.00000000,000.00005555,000.00005341,000.00052546,000.40
Tournament (k=3),Blend,Gaussian,0.83749,0.05705,000.00000000,000.00000000,000.00000000,000.00041009,000.30
Tournament (k=3),Arithmetic,Uniform,0.64187,0.12524,000.00000000,000.00090570,000.00088882,000.00492777,000.29
Tournament (k=3),Arithmetic,Uniform,0.83749,0.08092,000.00001907,000.00654931,000.00620651,000.02118717,000.22
Tournament (k=3),Blend,Gaussian,0.62318,0.05705,000.00000000,000.00011077,000.00007629,000.00199282,000.27
Tournament (k=3),Blend,Gaussian,0.55369,0.04791,000.00000000,000.00040879,000.00020599,000.00804656,000.29
Tournament (k=3),Blend,Gaussian,0.83749,0.16276,000.00001144,000.00219269,000.00188828,000.02951007,000.38
Tournament (k=3),Blend,Gaussian,0.57030,0.08830,000.00000000,000.00001926,000.00000381,000.00162612,000.29
Tournament (k=3),Blend,Gaussian,0.68096,0.05228,000.00000000,000.00003543,000.00000381,000.00263721,000.30
Tournament (k=3),Blend,Gaussian,0.66113,0.04023,000.00000000,000.00009542,000.00001526,000.00414806,000.30
Tournament (k=3),Blend,Gaussian,0.50670,0.23084,000.00376511,000.04704947,000.05221748,000.16631620,000.44
Tournament (k=3),Blend,Gaussian,0.86261,0.02837,000.00000000,000.00000000,000.00000000,000.13928369,000.24
Tournament (k=3),Arithmetic,Uniform,1.00000,0.13667,000.00000381,000.00063405,000.00046539,000.00755389,000.24
Tournament (k=3),Blend,Gaussian,0.72243,0.09637,000.00000000,000.00000000,000.00000000,000.00006264,000.32
Tournament (k=3),Blend,Gaussian,0.40000,0.21153,000.00046158,000.00948763,000.00907516,000.01689801,000.41
Tournament (k=3),Blend,Gaussian,0.64187,0.08092,000.00000000,000.00000548,000.00000000,000.00076565,000.33
Tournament (k=3),Blend,Gaussian,0.47762,0.03378,000.00000000,000.00153956,000.00160599,000.02239066,000.25
Tournament (k=3),Blend,Gaussian,0.53756,0.08092,000.00000000,000.00004554,000.00001335,000.00048256,000.29
Tournament (k=3),Blend,Gaussian,0.57030,0.03095,000.00000000,000.00072279,000.00037575,000.01170567,000.26
Tournament (k=3),Arithmetic,Uniform,0.97087,0.08092,000.00001144,000.01425767,000.00970650,000.40150777,000.22
Tournament (k=3),Blend,Gaussian,0.86261,0.08092,000.00000000,000.00000000,000.00000000,000.01403667,000.32
Tournament (k=3),Blend,Gaussian,0.83749,0.06226,000.00000000,000.00000000,000.00000000,000.00056633,000.32
Tournament (k=3),Blend,Gaussian,0.46371,0.04390,000.00000000,000.00075183,000.00057220,000.00664354,000.26
Tournament (k=3),Blend,Gaussian,0.46371,0.14915,000.00000000,000.00002928,000.00001526,000.00025973,000.41
Tournament (k=3),Blend,Gaussian,0.50670,0.02837,000.00000000,000.00095963,000.00047302,000.05282289,000.22
Tournament (k=3),Blend,Gaussian,0.86261,0.03095,000.00000000,000.00000005,000.00000000,000.00186712,000.26
Tournament (k=3),Arithmetic,Uniform,1.00000,0.14915,000.00000763,000.00256500,000.00275612,000.19980092,000.26
Tournament (k=3),Blend,Gaussian,0.42436,0.08830,000.00000000,000.00010471,000.00006294,000.00084320,000.30
Tournament (k=3),Blend,Gaussian,0.41200,0.16276,000.00000000,000.00009542,000.00007057,000.00094119,000.36
Tournament (k=3),Blend,Gaussian,0.72243,0.27490,000.02788544,000.40961161,000.43105698,000.45990399,000.41
Tournament (k=3),Blend,Gaussian,0.49195,0.14915,000.00000000,000.00001655,000.00001526,000.00006614,000.41
Tournament (k=3),Blend,Gaussian,0.49195,0.05705,000.00000000,000.00025921,000.00017166,000.00316211,000.27
Tournament (k=3),Blend,Gaussian,0.86261,0.23084,000.00662994,000.25079781,000.29092789,000.41288567,000.45
Tournament (k=3),Blend,Gaussian,0.72243,0.10516,000.00000000,000.00000000,000.00000000,000.00001153,000.38
Tournament (k=3),Blend,Gaussian,0.45020,0.23084,000.00065231,000.02739096,000.03344345,000.07882268,000.42
Tournament (k=3),Blend,Gaussian,0.57030,0.03378,000.00000000,000.00075822,000.00049782,000.01507402,000.28
Tournament (k=3),Blend,Gaussian,0.50670,0.25191,000.00458145,000.09159689,000.10297394,000.19780079,000.43
Tournament (k=3),Blend,Gaussian,0.41200,0.04023,000.00000000,000.00122809,000.00131035,000.01076638,000.22
Tournament (k=3),Blend,Gaussian,0.40000,0.23084,000.00189972,000.02114530,000.02335930,000.04100458,000.41
Tournament (k=3),Arithmetic,Uniform,0.88849,0.30000,000.12240601,001.37681806,001.51340294,000.93227875,000.28
Tournament (k=3),Blend,Gaussian,0.74410,0.04791,000.00000000,000.00000415,000.00000000,000.00355836,000.26
Tournament (k=3),Blend,Gaussian,0.60503,0.30000,000.01422119,000.28691664,000.32820320,000.38405809,000.45
Tournament (k=3),Arithmetic,Uniform,0.78941,0.09637,000.00000381,000.00413952,000.00380325,000.10083832,000.27
Tournament (k=3),Blend,Gaussian,0.64187,0.23084,000.00188065,000.07147188,000.08344078,000.21815757,000.40
Tournament (k=3),Blend,Gaussian,0.50670,0.07415,000.00000000,000.00007777,000.00003624,000.00194873,000.28
Tournament (k=3),Blend,Gaussian,0.68096,0.02000,000.00000000,000.00040522,000.00003815,000.16955467,000.22
Tournament (k=3),Blend,Gaussian,0.46371,0.16276,000.00000000,000.00006719,000.00007820,000.00268444,000.39
Tournament (k=3),Blend,Gaussian,0.76642,0.02183,000.00000000,000.00004821,000.00000763,000.13917929,000.25
Tournament (k=3),Blend,Gaussian,0.47762,0.25191,000.00545502,000.08742461,000.09899712,000.20253769,000.40
Tournament (k=3),Arithmetic,Uniform,0.91514,0.02000,000.00001526,000.32324538,000.26847267,000.58332109,000.18
Tournament (k=3),Blend,Gaussian,0.40000,0.02382,000.00000000,000.00848093,000.00848579,000.10876054,000.23
Tournament (k=3),Blend,Gaussian,0.42436,0.27490,000.00809479,000.11010494,000.12934875,000.22431137,000.39
Tournament (k=3),Blend,Gaussian,0.76642,0.19383,000.00093460,000.02489490,000.02622795,000.15413295,000.41
Tournament (k=3),Blend,Gaussian,0.42436,0.02183,000.00000000,000.00402355,000.00302124,000.17631392,000.23
Tournament (k=3),Blend,Gaussian,0.68096,0.14915,000.00000000,000.00001111,000.00000763,000.00089913,000.38
Tournament (k=3),Blend,Gaussian,0.57030,0.03686,000.00000000,000.00047011,000.00021744,000.01494893,000.28
Tournament (k=3),Blend,Gaussian,0.66113,0.09637,000.00000000,000.00000358,000.00000000,000.00093318,000.33
Tournament (k=3),Blend,Gaussian,0.74410,0.13667,000.00000000,000.00000091,000.00000000,000.00005445,000.35
Tournament (k=3),Arithmetic,Uniform,0.86261,0.06795,000.00002289,000.01287246,000.01348686,000.12958707,000.21
Tournament (k=3),Blend,Gaussian,0.62318,0.02000,000.00000000,000.00037298,000.00009155,000.18822148,000.24
Tournament (k=3),Blend,Gaussian,0.52190,0.05228,000.00000000,000.00032916,000.00014687,000.00541552,000.24
Tournament (k=3),Blend,Gaussian,0.74410,0.05228,000.00000000,000.00001464,000.00000381,000.00089507,000.29
Tournament (k=3),Blend,Gaussian,0.40000,0.25191,000.00049210,000.05232115,000.05172729,000.08811614,000.42
Tournament (k=3),Blend,Gaussian,0.60503,0.02837,000.00000000,000.00060916,000.00032425,000.11100795,000.26
Tournament (k=3),Blend,Gaussian,0.70139,0.02382,000.00000000,000.00008459,000.00002289,000.13947125,000.23
Tournament (k=3),Blend,Gaussian,0.50670,0.27490,000.00468445,000.13198113,000.13715744,000.27498031,000.47
Tournament (k=3),Blend,Gaussian,0.78941,0.03686,000.00000000,000.00000272,000.00000000,000.09897926,000.27
Tournament (k=3),Blend,Gaussian,0.47762,0.10516,000.00000000,000.00003266,000.00001907,000.00059916,000.30
Tournament (k=3),Arithmetic,Uniform,0.83749,0.03378,000.00000763,000.12130146,000.10914040,000.37228864,000.22
Tournament (k=3),Blend,Gaussian,0.72243,0.03686,000.00000000,000.00005436,000.00000954,000.00917576,000.27
Tournament (k=3),Blend,Gaussian,0.81310,0.12524,000.00000000,000.00000000,000.00000000,000.00004026,000.37
Tournament (k=3),Blend,Gaussian,0.70139,0.07415,000.00000000,000.00000129,000.00000000,000.00057175,000.32
Tournament (k=3),Blend,Gaussian,0.43709,0.05705,000.00000000,000.00037289,000.00024414,000.00698551,000.25
Tournament (k=3),Blend,Gaussian,0.55369,0.14915,000.00000000,000.00000954,000.00000763,000.00007298,000.38
Tournament (k=3),Blend,Gaussian,0.43709,0.14915,000.00000000,000.00002236,000.00001717,000.00040422,000.32
Tournament (k=3),Blend,Gaussian,0.46371,0.17762,000.00000381,000.00049820,000.00048637,000.00240335,000.40
Tournament (k=3),Blend,Gaussian,0.64187,0.03095,000.00000000,000.00030770,000.00005150,000.00907178,000.24
Tournament (k=3),Arithmetic,Uniform,0.86261,0.02183,000.00061798,000.32916111,000.39781761,000.54426795,000.18
Tournament (k=3),Blend,Gaussian,0.76642,0.06795,000.00000000,000.00000205,000.00000000,000.00031594,000.31
Tournament (k=3),Blend,Gaussian,0.78941,0.25191,000.01854706,000.26877075,000.30273247,000.39042503,000.45
Tournament (k=3),Blend,Gaussian,0.70139,0.19383,000.00046158,000.01627998,000.01948738,000.05369302,000.42
Tournament (k=3),Blend,Gaussian,0.74410,0.05705,000.00000000,000.00000315,000.00000000,000.00344386,000.30
Tournament (k=3),Arithmetic,Uniform,0.83749,0.08830,000.00000000,000.00508418,000.00477600,000.18633106,000.22
Tournament (k=3),Blend,Gaussian,0.58741,0.05705,000.00000000,000.00014606,000.00010490,000.00263044,000.30
Tournament (k=3),Blend,Gaussian,0.62318,0.06226,000.00000000,000.00005441,000.00002289,000.00299480,000.26
Tournament (k=3),Arithmetic,Uniform,0.94259,0.12524,000.00000000,000.00026603,000.00023270,000.00585786,000.23
Tournament (k=3),Blend,Gaussian,0.55369,0.05228,000.00000000,000.00016756,000.00012779,000.00443139,000.28
Tournament (k=3),Arithmetic,Uniform,0.64187,0.13667,000.00000000,000.00093493,000.00096512,000.00495697,000.30
Tournament (k=3),Arithmetic,Uniform,0.81310,0.05705,000.00005341,000.02718592,000.02835655,000.12869053,000.24
Tournament (k=3),Blend,Gaussian,0.62318,0.14915,000.00000000,000.00000973,000.00000763,000.00023173,000.42
Tournament (k=3),Blend,Gaussian,0.53756,0.03378,000.00000000,000.00101900,000.00098610,000.02057822,000.26
Tournament (k=3),Blend,Gaussian,0.66113,0.04390,000.00000000,000.00008855,000.00003052,000.00653998,000.28
Tournament (k=3),Blend,Gaussian,0.68096,0.05705,000.00000000,000.00002365,000.00000000,000.00296992,000.29
Tournament (k=3),Blend,Gaussian,0.45020,0.08092,000.00000000,000.00009384,000.00006104,000.00178899,000.27
Tournament (k=3),Blend,Gaussian,0.53756,0.27490,000.00704956,000.17484351,000.20966721,000.28302395,000.48
Tournament (k=3),Blend,Gaussian,0.70139,0.08092,000.00000000,000.00000081,000.00000000,000.00025306,000.32
Tournament (k=3),Blend,Gaussian,0.52190,0.17762,000.00001144,000.00045485,000.00045013,000.00373668,000.40
Tournament (k=3),Blend,Gaussian,0.81310,0.13667,000.00000000,000.00000267,000.00000000,000.00008307,000.39
Tournament (k=3),Blend,Gaussian,0.76642,0.07415,000.00000000,000.00000043,000.00000000,000.00089036,000.32
Tournament (k=3),Blend,Gaussian,0.53756,0.08830,000.00000000,000.00004830,000.00002861,000.00288272,000.29
Tournament (k=3),Blend,Gaussian,0.88849,0.04023,000.00000000,000.00000000,000.00000000,000.00110231,000.28
Tournament (k=3),Blend,Gaussian,0.74410,0.06226,000.00000000,000.00000138,000.00000000,000.00052075,000.32
Tournament (k=3),Blend,Gaussian,0.50670,0.03095,000.00000000,000.00149403,000.00076294,000.13948031,000.23
Tournament (k=3),Blend,Gaussian,0.86261,0.08830,000.00000000,000.00000000,000.00000000,000.00007945,000.31
Tournament (k=3),Arithmetic,Uniform,0.83749,0.09637,000.00000763,000.00331488,000.00321388,000.02516622,000.31
Tournament (k=3),Blend,Gaussian,0.58741,0.06226,000.00000000,000.00004182,000.00003052,000.00371855,000.32
Tournament (k=3),Blend,Gaussian,0.53756,0.03686,000.00000000,000.00063744,000.00026894,000.01586834,000.26
Tournament (k=3),Blend,Gaussian,0.86261,0.03378,000.00000000,000.00000014,000.00000000,000.09956171,000.28
Tournament (k=3),Blend,Gaussian,0.62318,0.06795,000.00000000,000.00003486,000.00000381,000.00358166,000.31
Tournament (k=3),Blend,Gaussian,0.42436,0.09637,000.00000000,000.00008531,000.00006104,000.00318483,000.29
Tournament (k=3),Blend,Gaussian,0.58741,0.16276,000.00000000,000.00006609,000.00006485,000.01791202,000.35
Tournament (k=3),Blend,Gaussian,0.49195,0.06226,000.00000000,000.00015855,000.00011253,000.00409866,000.28
Tournament (k=3),Blend,Gaussian,0.41200,0.04390,000.00000000,000.00062256,000.00037575,000.10106154,000.22
Tournament (k=3),Blend,Gaussian,0.78941,0.27490,000.02393341,000.55750763,000.64446640,000.55698448,000.54
Tournament (k=3),Blend,Gaussian,0.45020,0.08830,000.00000000,000.00008063,000.00005341,000.00187557,000.33
Tournament (k=3),Blend,Gaussian,0.88849,0.11476,000.00000000,000.00000000,000.00000000,000.00488532,000.36
Tournament (k=3),Blend,Gaussian,0.81310,0.04390,000.00000000,000.00000091,000.00000000,000.00358792,000.25
Tournament (k=3),Blend,Gaussian,0.49195,0.16276,000.00000000,000.00004916,000.00003433,000.00371213,000.38
Tournament (k=3),Blend,Gaussian,0.78941,0.08830,000.00000000,000.00000000,000.00000000,000.00049931,000.30
Tournament (k=3),Blend,Gaussian,0.72243,0.11476,000.00000000,000.00000000,000.00000000,000.00004345,000.36
Tournament (k=3),Arithmetic,Uniform,0.78941,0.10516,000.00000381,000.00208097,000.00230980,000.01175524,000.26
Tournament (k=3),Blend,Gaussian,0.60503,0.08092,000.00000000,000.00001960,000.00000191,000.00078028,000.28
Tournament (k=3),Blend,Gaussian,0.68096,0.02183,000.00000000,000.00041089,000.00005341,000.13974011,000.22
Tournament (k=3),Arithmetic,Uniform,0.91514,0.02183,000.00000000,000.28459349,000.30156517,000.51893848,000.18
Tournament (k=3),Blend,Gaussian,0.45020,0.25191,000.00205231,000.07042551,000.07977295,000.13081583,000.42
Tournament (k=3),Blend,Gaussian,0.86261,0.25191,000.00735474,000.45838761,000.48319054,000.63394934,000.48
Tournament (k=3),Blend,Gaussian,0.83749,0.02183,000.00000000,000.00001578,000.00000000,000.19482288,000.26
Tournament (k=3),Blend,Gaussian,0.76642,0.02382,000.00000000,000.00003424,000.00000000,000.16961893,000.26
Tournament (k=3),Blend,Gaussian,0.50670,0.08092,000.00000000,000.00009956,000.00003052,000.00199429,000.30
Tournament (k=3),Blend,Gaussian,0.40000,0.02599,000.00000000,000.00473695,000.00357056,000.10775189,000.24
Tournament (k=3),Blend,Gaussian,0.57030,0.25191,000.00172806,000.10804868,000.12097740,000.30734164,000.44
Tournament (k=3),Blend,Gaussian,0.64187,0.25191,000.00560379,000.12850718,000.13908386,000.28181481,000.42
Tournament (k=3),Blend,Gaussian,0.81310,0.04791,000.00000000,000.00000038,000.00000000,000.09898732,000.27
Tournament (k=3),Arithmetic,Uniform,0.91514,0.02382,000.00019073,000.20791964,000.17980003,000.51900440,000.19
Tournament (k=3),Blend,Gaussian,0.57030,0.04023,000.00000000,000.00028400,000.00025558,000.01065786,000.28
Tournament (k=3),Blend,Gaussian,0.62318,0.02183,000.00000000,000.00081973,000.00027084,000.21646123,000.22
Tournament (k=3),Blend,Gaussian,0.91514,0.02000,000.00000000,000.00000000,000.00000000,000.21677664,000.24
Tournament (k=3),Blend,Gaussian,0.52190,0.05705,000.00000000,000.00022416,000.00011444,000.00505179,000.25
Tournament (k=3),Blend,Gaussian,0.47762,0.27490,000.00914001,000.13422422,000.15755653,000.21711716,000.44
Tournament (k=3),Blend,Gaussian,0.42436,0.30000,000.00299072,000.21372433,000.22251129,000.32396513,000.40
Tournament (k=3),Blend,Gaussian,0.88849,0.12524,000.00000000,000.00000024,000.00000000,000.00302566,000.39
Tournament (k=3),Blend,Gaussian,0.70139,0.02599,000.00000000,000.00008206,000.00001907,000.17074949,000.23
Tournament (k=3),Blend,Gaussian,0.76642,0.21153,000.00260925,000.07664137,000.08555603,000.28595859,000.43
Tournament (k=3),Blend,Gaussian,0.68096,0.16276,000.00000000,000.00031452,000.00019646,000.00166897,000.40
Tournament (k=3),Blend,Gaussian,0.72243,0.12524,000.00000000,000.00000000,000.00000000,000.00003597,000.37
Tournament (k=3),Blend,Gaussian,0.60503,0.03095,000.00000000,000.00068798,000.00028038,000.01512145,000.28
Tournament (k=3),Blend,Gaussian,0.74410,0.14915,000.00000000,000.00002780,000.00001907,000.00372595,000.36
Tournament (k=3),Arithmetic,Uniform,0.83749,0.03686,000.00000000,000.08579097,000.09290886,000.29475772,000.22
Tournament (k=3),Blend,Gaussian,0.78941,0.04023,000.00000000,000.00000234,000.00000000,000.00084353,000.28
Tournament (k=3),Blend,Gaussian,0.45020,0.27490,000.00433350,000.12260775,000.14886284,000.25547212,000.43
Tournament (k=3),Blend,Gaussian,0.91514,0.02183,000.00000000,000.00000000,000.00000000,000.16966900,000.24
Tournament (k=3),Blend,Gaussian,0.40000,0.27490,000.00701141,000.10743003,000.11873055,000.21708356,000.43
Tournament (k=3),Blend,Gaussian,0.47762,0.11476,000.00000000,000.00001059,000.00000763,000.00029607,000.31
Tournament (k=3),Blend,Gaussian,0.50670,0.30000,000.01184082,000.29383954,000.33246994,000.41890204,000.41
Tournament (k=3),Blend,Gaussian,0.72243,0.04023,000.00000000,000.00001864,000.00000000,000.00274232,000.29
Tournament (k=3),Blend,Gaussian,0.57030,0.09637,000.00000000,000.00001655,000.00000763,000.00052926,000.29
Tournament (k=3),Blend,Gaussian,0.70139,0.02837,000.00000000,000.00007467,000.00000763,000.09947365,000.24
Tournament (k=3),Blend,Gaussian,0.47762,0.03686,000.00000000,000.00145121,000.00086212,000.01168391,000.24
Tournament (k=3),Blend,Gaussian,0.45020,0.03095,000.00000000,000.00153689,000.00146866,000.02916759,000.25
Tournament (k=3),Blend,Gaussian,0.43709,0.16276,000.00000000,000.00006042,000.00006104,000.00057451,000.33
Tournament (k=3),Blend,Gaussian,0.83749,0.17762,000.00024796,000.01251197,000.01321220,000.11730342,000.40
Tournament (k=3),Blend,Gaussian,0.64187,0.08830,000.00000000,000.00000448,000.00000000,000.00033980,000.32
Tournament (k=3),Blend,Gaussian,0.55369,0.16276,000.00000000,000.00006428,000.00005722,000.00053756,000.38
Tournament (k=3),Blend,Gaussian,0.83749,0.06795,000.00000000,000.00000000,000.00000000,000.00043278,000.31
Tournament (k=3),Blend,Gaussian,0.88849,0.13667,000.00000000,000.00000920,000.00000763,000.00039621,000.39
Tournament (k=3),Blend,Gaussian,0.46371,0.19383,000.00010681,000.00371037,000.00362015,000.00977477,000.39
Tournament (k=3),Arithmetic,Uniform,0.94259,0.13667,000.00000000,000.00044384,000.00038338,000.00668587,000.25
Tournament (k=3),Arithmetic,Uniform,0.81310,0.06226,000.00000000,000.01768842,000.01959419,000.13947293,000.20
Tournament (k=3),Blend,Gaussian,0.91514,0.05705,000.00000000,000.00000000,000.00000000,000.00502227,000.30
Tournament (k=3),Blend,Gaussian,0.55369,0.05705,000.00000000,000.00011740,000.00009346,000.00267393,000.28
Tournament (k=3),Blend,Gaussian,0.70139,0.21153,000.00302505,000.04623938,000.05063820,000.24387093,000.42
Tournament (k=3),Blend,Gaussian,0.72243,0.04390,000.00000000,000.00002341,000.00000000,000.00124506,000.28
Tournament (k=3),Blend,Gaussian,0.66113,0.04791,000.00000000,000.00010319,000.00003815,000.00250998,000.29
Tournament (k=3),Blend,Gaussian,0.68096,0.06226,000.00000000,000.00000834,000.00000000,000.00109203,000.28
Tournament (k=3),Blend,Gaussian,0.62318,0.16276,000.00000000,000.00008426,000.00008202,000.00276098,000.34
Tournament (k=3),Blend,Gaussian,0.91514,0.16276,000.00016403,000.00500493,000.00479507,000.02582104,000.37
Tournament (k=3),Arithmetic,Uniform,0.83749,0.10516,000.00000000,000.00269995,000.00224495,000.01407106,000.23
Tournament (k=3),Blend,Gaussian,0.70139,0.08830,000.00000000,000.00000091,000.00000000,000.00043945,000.32
Tournament (k=3),Blend,Gaussian,0.53756,0.09637,000.00000000,000.00002151,000.00001144,000.00067218,000.29
Tournament (k=3),Blend,Gaussian,0.94259,0.02837,000.00000000,000.00000000,000.00000000,000.19987731,000.28
Tournament (k=3),Blend,Gaussian,0.76642,0.08092,000.00000000,000.00000029,000.00000000,000.00097693,000.32
Tournament (k=3),Blend,Gaussian,0.53756,0.30000,000.01976013,000.28918347,000.30466080,000.42828518,000.41
Tournament (k=3),Blend,Gaussian,0.72243,0.30000,000.07629013,000.45996076,000.51765060,000.51821244,000.42
Tournament (k=3),Blend,Gaussian,0.83749,0.07415,000.00000000,000.00000000,000.00000000,000.00024829,000.32
Tournament (k=3),Blend,Gaussian,0.94259,0.08092,000.00000000,000.00000000,000.00000000,000.14348975,000.30
Tournament (k=3),Blend,Gaussian,0.81310,0.14915,000.00000000,000.00007997,000.00006104,000.00183865,000.38
Tournament (k=3),Blend,Gaussian,0.52190,0.19383,000.00019836,000.00483232,000.00565910,000.01766866,000.40
Tournament (k=3),Blend,Gaussian,0.58741,0.06795,000.00000000,000.00005217,000.00003242,000.00218571,000.29
Tournament (k=3),Blend,Gaussian,0.74410,0.06795,000.00000000,000.00000029,000.00000000,000.00073424,000.35
Tournament (k=3),Blend,Gaussian,0.53756,0.04023,000.00000000,000.00044637,000.00014496,000.00634941,000.27
Tournament (k=3),Blend,Gaussian,0.86261,0.03686,000.00000000,000.00000000,000.00000000,000.09898188,000.27
Tournament (k=3),Blend,Gaussian,0.41200,0.04791,000.00000000,000.00102215,000.00094032,000.01423965,000.23
Tournament (k=3),Blend,Gaussian,0.62318,0.07415,000.00000000,000.00003624,000.00000763,000.00112085,000.31
Tournament (k=3),Blend,Gaussian,0.49195,0.06795,000.00000000,000.00013056,000.00006866,000.00254243,000.28
Tournament (k=3),Blend,Gaussian,0.58741,0.17762,000.00002289,000.00123534,000.00144577,000.01010179,000.34
Tournament (k=3),Arithmetic,Uniform,0.83749,0.11476,000.00000763,000.00070062,000.00058937,000.00822399,000.22
Tournament (k=3),Blend,Gaussian,0.42436,0.02382,000.00000000,000.00450587,000.00168228,000.14140260,000.24
Tournament (k=3),Blend,Gaussian,0.94259,0.03095,000.00000000,000.00000000,000.00000000,000.18653797,000.26
Tournament (k=3),Blend,Gaussian,0.68096,0.02382,000.00000000,000.00009456,000.00002098,000.09896864,000.22
Tournament (k=3),Blend,Gaussian,0.94259,0.23084,000.01129913,000.30633822,000.30914688,000.51495641,000.45
Tournament (k=3),Blend,Gaussian,0.70139,0.09637,000.00000000,000.00000072,000.00000000,000.00101141,000.33
Tournament (k=3),Blend,Gaussian,0.97087,0.04023,000.00000000,000.00000000,000.00000000,000.08231103,000.28
Tournament (k=3),Blend,Gaussian,0.78941,0.09637,000.00000000,000.00000000,000.00000000,000.00016070,000.30
Tournament (k=3),Blend,Gaussian,0.60503,0.08830,000.00000000,000.00001483,000.00000572,000.00109336,000.31
Tournament (k=3),Blend,Gaussian,0.76642,0.02599,000.00000000,000.00004110,000.00000000,000.09923876,000.23
Tournament (k=3),Blend,Gaussian,0.66113,0.10516,000.00000000,000.00000019,000.00000000,000.00011984,000.33
Tournament (k=3),Blend,Gaussian,0.53756,0.04390,000.00000000,000.00053477,000.00032234,000.00406652,000.29
Tournament (k=3),Blend,Gaussian,0.49195,0.17762,000.00000000,000.00040736,000.00045586,000.00353547,000.38
Tournament (k=3),Blend,Gaussian,0.86261,0.04023,000.00000000,000.00000000,000.00000000,000.00024134,000.28
Tournament (k=3),Blend,Gaussian,0.97087,0.11476,000.00000000,000.00000000,000.00000000,000.00626501,000.36
Tournament (k=3),Blend,Gaussian,0.50670,0.08830,000.00000000,000.00004811,000.00003052,000.00619437,000.28
Tournament (k=3),Blend,Gaussian,0.40000,0.02837,000.00000000,000.00349574,000.00191879,000.13142319,000.24
Tournament (k=3),Blend,Gaussian,0.78941,0.30000,000.01948929,000.72031820,000.94789124,000.56369162,000.46
Tournament (k=3),Blend,Gaussian,1.00000,0.02000,000.00000000,000.00005188,000.00000000,000.44366595,000.30
Tournament (k=3),Blend,Gaussian,0.81310,0.05228,000.00000000,000.00000305,000.00000000,000.00151193,000.25
Tournament (k=3),Blend,Gaussian,0.86261,0.27490,000.02638245,000.59408778,000.69524193,000.56108916,000.46
Tournament (k=3),Blend,Gaussian,1.00000,0.05705,000.00000000,000.00000029,000.00000000,000.24874404,000.27
Tournament (k=3),Blend,Uniform,0.40000,0.02837,000.00000381,000.07676697,000.06726456,000.32818174,000.20
Tournament (k=3),Blend,Gaussian,0.57030,0.04390,000.00000000,000.00039477,000.00017548,000.00650496,000.27
Tournament (k=3),Blend,Gaussian,0.57030,0.27490,000.01247406,000.21676087,000.25578880,000.37990257,000.39
Tournament (k=3),Blend,Gaussian,0.64187,0.03378,000.00000000,000.00034976,000.00017166,000.01509007,000.23
Tournament (k=3),Blend,Gaussian,0.97087,0.04390,000.00000000,000.00000000,000.00000000,000.28926754,000.29
Tournament (k=3),Blend,Gaussian,0.64187,0.27490,000.01343536,000.23052426,000.27403069,000.38486788,000.39
Tournament (k=3),Blend,Gaussian,0.70139,0.10516,000.00000000,000.00000029,000.00000000,000.00054779,000.34
Tournament (k=3),Blend,Gaussian,0.78941,0.10516,000.00000000,000.00000000,000.00000000,000.00021102,000.34
Tournament (k=3),Blend,Gaussian,0.60503,0.03378,000.00000000,000.00027413,000.00017357,000.00786907,000.26
Tournament (k=3),Blend,Gaussian,0.46371,0.04791,000.00000000,000.00036545,000.00022125,000.00915711,000.26
Tournament (k=3),Blend,Gaussian,0.78941,0.04390,000.00000000,000.00000143,000.00000000,000.00112125,000.28
Tournament (k=3),Blend,Uniform,0.40000,0.03095,000.00000000,000.04207277,000.03332138,000.38107315,000.20
Tournament (k=3),Blend,Gaussian,0.91514,0.02382,000.00000000,000.00000000,000.00000000,000.00196185,000.24
Tournament (k=3),Blend,Gaussian,0.72243,0.13667,000.00000000,000.00000124,000.00000000,000.00053349,000.37
Tournament (k=3),Blend,Gaussian,1.00000,0.16276,000.00020981,000.01275802,000.01307869,000.09428873,000.43
Tournament (k=3),Blend,Gaussian,0.74410,0.16276,000.00000000,000.00055599,000.00048828,000.00260126,000.37
Tournament (k=3),Blend,Gaussian,0.52190,0.02000,000.00000000,000.00203094,000.00124168,000.19726363,000.21
Tournament (k=3),Blend,Gaussian,0.68096,0.17762,000.00001526,000.00319452,000.00272179,000.01251485,000.39
Tournament (k=3),Blend,Gaussian,0.76642,0.23084,000.01079178,000.17729349,000.21211243,000.30018923,000.43
Tournament (k=3),Blend,Uniform,0.40000,0.08092,000.00000000,000.00163603,000.00112724,000.02393928,000.27
Tournament (k=3),Blend,Gaussian,0.47762,0.30000,000.00659180,000.24152537,000.26046753,000.37954399,000.47
Tournament (k=3),Blend,Gaussian,0.70139,0.03095,000.00000000,000.00011258,000.00001717,000.01050333,000.23
Tournament (k=3),Blend,Uniform,0.41200,0.04023,000.00000000,000.02483106,000.02363968,000.23689073,000.24
Tournament (k=3),Blend,Uniform,0.40000,0.23084,000.01861572,000.42513093,000.44623184,000.47421354,000.29
Tournament (k=3),Blend,Gaussian,0.57030,0.10516,000.00000000,000.00001054,000.00000763,000.00026912,000.30
Tournament (k=3),Blend,Gaussian,0.45020,0.30000,000.01484680,000.17223278,000.21355820,000.27920443,000.49
Tournament (k=3),Blend,Gaussian,0.50670,0.03378,000.00000000,000.00072799,000.00047112,000.01944876,000.22
Tournament (k=3),Blend,Gaussian,0.43709,0.17762,000.00000000,000.00037990,000.00040054,000.00200104,000.34
Tournament (k=3),Blend,Gaussian,0.64187,0.09637,000.00000000,000.00000720,000.00000000,000.00053865,000.33
Tournament (k=3),Blend,Gaussian,0.57030,0.04791,000.00000000,000.00014768,000.00006485,000.00853201,000.47
Tournament (k=3),Blend,Gaussian,0.88849,0.04390,000.00000000,000.00000000,000.00000000,000.00011123,000.27
Tournament (k=3),Blend,Gaussian,0.78941,0.11476,000.00000000,000.00000000,000.00000000,000.00003285,000.38
Tournament (k=3),Blend,Uniform,0.41200,0.11476,000.00000000,000.00060048,000.00046158,000.03318518,000.28
Tournament (k=3),Blend,Gaussian,0.55369,0.06226,000.00000000,000.00014248,000.00004387,000.00293588,000.29
Tournament (k=3),Blend,Gaussian,0.60503,0.03686,000.00000000,000.00020328,000.00008011,000.00985532,000.42
Tournament (k=3),Blend,Gaussian,0.91514,0.06226,000.00000000,000.00000000,000.00000000,000.12843657,000.30
Tournament (k=3),Blend,Gaussian,0.72243,0.04791,000.00000000,000.00001516,000.00000000,000.00154606,000.28
Tournament (k=3),Blend,Gaussian,0.66113,0.05228,000.00000000,000.00002842,000.00000000,000.00196864,000.28
Tournament (k=3),Blend,Gaussian,0.68096,0.06795,000.00000000,000.00001192,000.00000381,000.00074264,000.30
Tournament (k=3),Blend,Gaussian,0.88849,0.14915,000.00000381,000.00034060,000.00033379,000.00572367,000.37
Tournament (k=3),Blend,Gaussian,0.53756,0.10516,000.00000000,000.00001664,000.00001526,000.00037274,000.29
Tournament (k=3),Blend,Gaussian,0.55369,0.17762,000.00000000,000.00083256,000.00103760,000.00479437,000.39
Tournament (k=3),Blend,Gaussian,0.62318,0.17762,000.00000763,000.00157795,000.00142479,000.00561141,000.36
Tournament (k=3),Blend,Gaussian,0.45020,0.09637,000.00000000,000.00004864,000.00003815,000.00264616,000.32
Tournament (k=3),Blend,Gaussian,0.91514,0.17762,000.00084305,000.02563968,000.02679443,000.10355116,000.37
Tournament (k=3),Blend,Gaussian,1.00000,0.17762,000.00244141,000.04342341,000.04106712,000.26771525,000.44
Tournament (k=3),Blend,Gaussian,0.55369,0.02000,000.00000000,000.00315390,000.00210571,000.17068364,000.21
Tournament (k=3),Blend,Gaussian,0.70139,0.23084,000.00933838,000.12038026,000.12994003,000.32508519,000.43
Tournament (k=3),Blend,Gaussian,0.74410,0.02000,000.00000000,000.00005426,000.00000381,000.17779812,000.22
Tournament (k=3),Blend,Gaussian,0.76642,0.08830,000.00000000,000.00000000,000.00000000,000.00062633,000.30
Tournament (k=3),Blend,Gaussian,0.41200,0.05228,000.00000000,000.00061779,000.00044441,000.00749491,000.23
Tournament (k=3),Blend,Gaussian,0.83749,0.08092,000.00000000,000.00000000,000.00000000,000.00067390,000.32
Tournament (k=3),Blend,Gaussian,0.94259,0.08830,000.00000000,000.00000000,000.00000000,000.10056402,000.30
Tournament (k=3),Blend,Gaussian,0.83749,0.02382,000.00000000,000.00000839,000.00000000,000.00793960,000.26
Tournament (k=3),Blend,Gaussian,0.42436,0.02599,000.00000000,000.00435925,000.00329399,000.10485179,000.24
Tournament (k=3),Blend,Gaussian,0.58741,0.07415,000.00000000,000.00001745,000.00000191,000.00244207,000.30
Tournament (k=3),Blend,Gaussian,0.68096,0.02599,000.00000000,000.00028014,000.00011826,000.09903622,000.23
Tournament (k=3),Blend,Gaussian,0.94259,0.03378,000.00000000,000.00000000,000.00000000,000.09899019,000.28
Tournament (k=3),Blend,Gaussian,0.91514,0.06795,000.00000000,000.00000000,000.00000000,000.10824620,000.32
Tournament (k=3),Blend,Gaussian,0.62318,0.02382,000.00000000,000.00051599,000.00040817,000.10168066,000.22
Tournament (k=3),Blend,Gaussian,0.55369,0.02183,000.00000000,000.00188742,000.00096512,000.19576830,000.22
Tournament (k=3),Blend,Gaussian,0.53756,0.11476,000.00000000,000.00001040,000.00000572,000.00048731,000.34
Tournament (k=3),Blend,Gaussian,0.81310,0.16276,000.00000763,000.00091114,000.00098228,000.00783988,000.39
Tournament (k=3),Blend,Gaussian,0.68096,0.07415,000.00000000,000.00000706,000.00000000,000.00179102,000.36
Tournament (k=3),Blend,Gaussian,0.52190,0.21153,000.00032806,000.01650872,000.01795006,000.04690873,000.41
Tournament (k=3),Blend,Gaussian,0.88849,0.16276,000.00003052,000.00233312,000.00201416,000.04020960,000.39
Tournament (k=3),Blend,Uniform,0.42436,0.02000,000.00000000,000.12914319,000.08340263,000.43477875,000.20
Tournament (k=3),Blend,Gaussian,0.76642,0.02837,000.00000000,000.00002050,000.00000000,000.16960973,000.26
Tournament (k=3),Blend,Gaussian,0.60503,0.09637,000.00000000,000.00000477,000.00000000,000.00047157,000.33
Tournament (k=3),Blend,Uniform,0.42436,0.05705,000.00000000,000.01223283,000.00939560,000.13712427,000.25
Tournament (k=3),Blend,Gaussian,0.42436,0.02837,000.00000000,000.00171809,000.00096130,000.10496847,000.24
Tournament (k=3),Blend,Gaussian,0.83749,0.02599,000.00000000,000.00000052,000.00000000,000.14103442,000.26
Tournament (k=3),Blend,Gaussian,0.94259,0.25191,000.03351593,000.51212233,000.57355499,000.61848027,000.43
Tournament (k=3),Blend,Gaussian,0.70139,0.25191,000.00523376,000.17753592,000.19694519,000.42188641,000.44
Tournament (k=3),Blend,Uniform,0.43709,0.02837,000.00000000,000.03348022,000.01199913,000.40653688,000.20
Tournament (k=3),Blend,Gaussian,0.81310,0.02000,000.00000000,000.00006166,000.00000000,000.19492115,000.26
Tournament (k=3),Blend,Gaussian,1.00000,0.02183,000.00000000,000.00000105,000.00000000,000.27356273,000.27
Tournament (k=3),Blend,Gaussian,0.81310,0.05705,000.00000000,000.00000000,000.00000000,000.00042585,000.27
Tournament (k=3),Blend,Gaussian,0.50670,0.09637,000.00000000,000.00003514,000.00003052,000.00134218,000.32
Tournament (k=3),Blend,Uniform,0.42436,0.16276,000.00000763,000.00104446,000.00080299,000.08946890,000.32
Tournament (k=3),Blend,Gaussian,0.64187,0.03686,000.00000000,000.00032644,000.00008011,000.00812049,000.24
Tournament (k=3),Blend,Gaussian,1.00000,0.06226,000.00000000,000.00000000,000.00000000,000.17615733,000.28
Tournament (k=3),Blend,Gaussian,0.49195,0.19383,000.00000763,000.00315557,000.00372124,000.01674770,000.40
Tournament (k=3),Blend,Gaussian,0.97087,0.04791,000.00000000,000.00000000,000.00000000,000.36379170,000.29
Tournament (k=3),Blend,Uniform,0.42436,0.06226,000.00000000,000.00654531,000.00430679,000.12915030,000.26
Tournament (k=3),Blend,Uniform,0.40000,0.03378,000.00000000,000.02975836,000.02112198,000.25789723,000.19
Tournament (k=3),Blend,Uniform,0.43709,0.03095,000.00000000,000.03136339,000.02809715,000.33441347,000.20
Tournament (k=3),Blend,Gaussian,0.57030,0.30000,000.01388931,000.32526413,000.33326721,000.45953777,000.41
Tournament (k=3),Blend,Gaussian,0.83749,0.02837,000.00000000,000.00000043,000.00000000,000.00724792,000.26
Tournament (k=3),Blend,Gaussian,0.60503,0.10516,000.00000000,000.00000329,000.00000000,000.00009019,000.34
Tournament (k=3),Blend,Gaussian,0.70139,0.11476,000.00000000,000.00000000,000.00000000,000.00044690,000.35
Tournament (k=3),Blend,Gaussian,0.86261,0.30000,000.04221344,000.82564926,001.12875557,000.70146656,000.47
Tournament (k=3),Blend,Gaussian,1.00000,0.02382,000.00000000,000.00000000,000.00000000,000.21703596,000.27
Tournament (k=3),Blend,Gaussian,0.64187,0.30000,000.02702332,000.42442423,000.45465279,000.53100526,000.43
Tournament (k=3),Blend,Gaussian,0.64187,0.04023,000.00000000,000.00017653,000.00007248,000.00369594,000.24
Tournament (k=3),Blend,Gaussian,0.83749,0.19383,000.00282288,000.04113460,000.05093002,000.23173116,000.38
Tournament (k=3),Blend,Uniform,0.42436,0.17762,000.00006104,000.00812221,000.00702858,000.14573583,000.31
Tournament (k=3),Blend,Uniform,0.40000,0.08830,000.00000000,000.00454397,000.00349998,000.03935985,000.27
Tournament (k=3),Blend,Gaussian,0.49195,0.02000,000.00000000,000.00302110,000.00220490,000.18542986,000.24
Tournament (k=3),Blend,Gaussian,0.74410,0.17762,000.00015640,000.00402570,000.00444221,000.01913293,000.37
Tournament (k=3),Blend,Gaussian,0.72243,0.14915,000.00000000,000.00002017,000.00001335,000.00048131,000.39
Tournament (k=3),Blend,Gaussian,0.70139,0.03378,000.00000000,000.00010886,000.00001907,000.10118982,000.24
Tournament (k=3),Blend,Gaussian,0.94259,0.27490,000.02276993,000.70747942,000.86720085,000.62976915,000.48
Tournament (k=3),Blend,Uniform,0.41200,0.04390,000.00000000,000.02156305,000.01893997,000.25652435,000.24
Tournament (k=3),Blend,Gaussian,0.50670,0.03686,000.00000000,000.00061765,000.00037575,000.00890569,000.23
Tournament (k=3),Blend,Gaussian,0.46371,0.02000,000.00000000,000.01114621,000.00557709,000.21719417,000.24
Tournament (k=3),Blend,Gaussian,0.68096,0.19383,000.00051880,000.01643958,000.01707458,000.07771438,000.41
Tournament (k=3),Blend,Uniform,0.43709,0.08092,000.00000000,000.00206542,000.00108147,000.10069010,000.24
Tournament (k=3),Blend,Uniform,0.40000,0.25191,000.04909515,000.62730676,000.74830627,000.61818928,000.31
Tournament (k=3),Blend,Gaussian,0.76642,0.25191,000.01742935,000.32200050,000.34247589,000.46700758,000.44
Tournament (k=3),Blend,Gaussian,0.57030,0.11476,000.00000000,000.00000429,000.00000191,000.00034072,000.31
Tournament (k=3),Blend,Gaussian,0.70139,0.27490,000.01352692,000.30778259,000.35102081,000.41140786,000.56
Tournament (k=3),Blend,Gaussian,0.88849,0.04791,000.00000000,000.00000000,000.00000000,000.00282186,000.30
Tournament (k=3),Blend,Gaussian,0.64187,0.10516,000.00000000,000.00000072,000.00000000,000.00016213,000.35
Tournament (k=3),Blend,Gaussian,0.49195,0.02183,000.00000000,000.00353217,000.00216484,000.04912233,000.26
Tournament (k=3),Blend,Uniform,0.41200,0.12524,000.00000000,000.00060482,000.00046349,000.00605716,000.28
Tournament (k=3),Blend,Uniform,0.43709,0.23084,000.01725006,000.34636474,000.31773949,000.57331347,000.35
Tournament (k=3),Blend,Gaussian,0.78941,0.12524,000.00000000,000.00000000,000.00000000,000.00012388,000.34
Tournament (k=3),Blend,Gaussian,0.55369,0.06795,000.00000000,000.00007319,000.00002670,000.00105927,000.32
Tournament (k=3),Blend,Uniform,0.41200,0.04791,000.00000000,000.01265774,000.00561905,000.18660264,000.25
Tournament (k=3),Blend,Gaussian,0.72243,0.05228,000.00000000,000.00002203,000.00000000,000.00142146,000.30
Tournament (k=3),Blend,Gaussian,0.62318,0.08092,000.00000000,000.00001473,000.00000572,000.00074211,000.29
Tournament (k=3),Blend,Gaussian,0.70139,0.03686,000.00000000,000.00003619,000.00000191,000.00288880,000.30
Tournament (k=3),Blend,Gaussian,0.50670,0.04023,000.00000000,000.00094700,000.00070190,000.00820092,000.26
Tournament (k=3),Blend,Uniform,0.45020,0.04023,000.00000000,000.03158145,000.01517487,000.26946974,000.22
Tournament (k=3),Blend,Uniform,0.43709,0.08830,000.00000000,000.00134516,000.00094986,000.02753457,000.31
Tournament (k=3),Blend,Gaussian,0.52190,0.06226,000.00000000,000.00019479,000.00017166,000.00263040,000.26
Tournament (k=3),Blend,Gaussian,0.45020,0.10516,000.00000000,000.00005112,000.00004387,000.00127867,000.33
Tournament (k=3),Blend,Gaussian,0.74410,0.19383,000.00069427,000.02839165,000.03095245,000.08594280,000.43
Tournament (k=3),Blend,Gaussian,0.57030,0.12524,000.00000000,000.00000210,000.00000000,000.00019224,000.37
Tournament (k=3),Blend,Gaussian,0.55369,0.19383,000.00014877,000.00409951,000.00383186,000.01343453,000.42
Tournament (k=3),Blend,Gaussian,0.68096,0.21153,000.00182343,000.04784851,000.05170059,000.19406576,000.43
Tournament (k=3),Blend,Gaussian,0.91514,0.19383,000.00063705,000.07460175,000.07957649,000.28849289,000.41
Tournament (k=3),Blend,Gaussian,0.68096,0.02837,000.00000000,000.00034490,000.00012398,000.09914532,000.23
Tournament (k=3),Blend,Gaussian,0.62318,0.02599,000.00000000,000.00036812,000.00011063,000.16964810,000.23
Tournament (k=3),Blend,Gaussian,0.86261,0.04390,000.00000000,000.00000010,000.00000000,000.09902287,000.29
Tournament (k=3),Blend,Gaussian,0.83749,0.08830,000.00000000,000.00000000,000.00000000,000.00001629,000.33
Tournament (k=3),Blend,Gaussian,0.94259,0.09637,000.00000000,000.00000000,000.00000000,000.00094046,000.32
Tournament (k=3),Blend,Gaussian,0.76642,0.09637,000.00000000,000.00000000,000.00000000,000.00004873,000.34
Tournament (k=3),Blend,Gaussian,0.66113,0.11476,000.00000000,000.00000038,000.00000000,000.00008416,000.35
Tournament (k=3),Blend,Gaussian,0.94259,0.03686,000.00000000,000.00000000,000.00000000,000.18978691,000.28
Tournament (k=3),Blend,Gaussian,0.55369,0.02382,000.00000000,000.00109491,000.00049210,000.17054002,000.22
Tournament (k=3),Blend,Uniform,0.45020,0.11476,000.00000000,000.00041523,000.00028801,000.01477161,000.30
Tournament (k=3),Blend,Gaussian,0.58741,0.08092,000.00000000,000.00002260,000.00000381,000.00231111,000.31
Tournament (k=3),Blend,Gaussian,0.97087,0.12524,000.00000000,000.00000300,000.00000000,000.10087214,000.38
Tournament (k=3),Blend,Gaussian,0.70139,0.30000,000.01866150,000.42230052,000.48932838,000.53607500,000.46
Tournament (k=3),Blend,Uniform,0.42436,0.02183,000.00000000,000.14941883,000.07686234,000.54083478,000.19
Tournament (k=3),Blend,Gaussian,0.53756,0.12524,000.00000000,000.00000296,000.00000000,000.00055037,000.31
Tournament (k=3),Blend,Gaussian,0.81310,0.17762,000.00028992,000.00991855,000.01026917,000.11445174,000.37
Tournament (k=3),Blend,Gaussian,0.81310,0.02183,000.00000000,000.00000153,000.00000000,000.09906454,000.23
Tournament (k=3),Blend,Gaussian,0.42436,0.03095,000.00000000,000.00190125,000.00091743,000.03369317,000.24
Tournament (k=3),Blend,Gaussian,0.45020,0.03378,000.00000000,000.00120602,000.00101852,000.01133727,000.25
Tournament (k=3),Blend,Gaussian,0.91514,0.02599,000.00000000,000.00000000,000.00000000,000.09899495,000.24
Tournament (k=3),Blend,Gaussian,0.52190,0.02183,000.00000000,000.00144777,000.00081635,000.14138955,000.21
Tournament (k=3),Blend,Gaussian,0.46371,0.05228,000.00000000,000.00036540,000.00018120,000.00600845,000.27
Tournament (k=3),Blend,Gaussian,0.78941,0.04791,000.00000000,000.00000544,000.00000000,000.09897852,000.28
Tournament (k=3),Blend,Gaussian,0.81310,0.06226,000.00000000,000.00000000,000.00000000,000.00072714,000.27
Tournament (k=3),Blend,Gaussian,0.74410,0.21153,000.00373459,000.05560560,000.05665970,000.23630323,000.43
Tournament (k=3),Blend,Gaussian,0.88849,0.17762,000.00037003,000.01763124,000.01790619,000.08057256,000.41
Tournament (k=3),Blend,Gaussian,0.52190,0.23084,000.00333405,000.04813523,000.05420494,000.06821206,000.44
Tournament (k=3),Blend,Uniform,0.40000,0.03686,000.00000000,000.01993833,000.01843262,000.27585346,000.20
Tournament (k=3),Blend,Gaussian,0.50670,0.10516,000.00000000,000.00001392,000.00000763,000.00066674,000.34
Tournament (k=3),Blend,Gaussian,0.72243,0.02000,000.00000000,000.00006127,000.00000763,000.09992765,000.26
Tournament (k=3),Blend,Gaussian,0.86261,0.09637,000.00000000,000.00000000,000.00000000,000.00054194,000.36
Tournament (k=3),Blend,Gaussian,0.97087,0.05228,000.00000000,000.00000000,000.00000000,000.14309630,000.30
Tournament (k=3),Blend,Gaussian,0.58741,0.08830,000.00000000,000.00001101,000.00000381,000.00057782,000.38
Tournament (k=3),Blend,Gaussian,0.68096,0.23084,000.00607300,000.10394573,000.12765884,000.23920405,000.46
Tournament (k=3),Blend,Gaussian,0.58741,0.02000,000.00000000,000.00139356,000.00023460,000.12185740,000.25
Tournament (k=3),Blend,Gaussian,0.83749,0.03095,000.00000000,000.00000210,000.00000000,000.00251573,000.27
Tournament (k=3),Blend,Gaussian,0.49195,0.21153,000.00035858,000.01691999,000.01913452,000.04369402,000.41
Tournament (k=3),Blend,Gaussian,0.66113,0.02000,000.00000000,000.00027041,000.00007057,000.10096791,000.22
Tournament (k=3),Blend,Gaussian,0.88849,0.02000,000.00000000,000.00000200,000.00000000,000.25370935,000.26
Tournament (k=3),Blend,Gaussian,0.64187,0.04390,000.00000000,000.00010271,000.00002098,000.02988130,000.24
Tournament (k=3),Blend,Gaussian,1.00000,0.02599,000.00000000,000.00000010,000.00000000,000.28693491,000.28
Tournament (k=3),Blend,Uniform,0.40000,0.09637,000.00000000,000.00168910,000.00184631,000.10090055,000.24
Tournament (k=3),Blend,Gaussian,0.60503,0.11476,000.00000000,000.00000110,000.00000000,000.00009388,000.34
Tournament (k=3),Blend,Gaussian,0.70139,0.12524,000.00000000,000.00000000,000.00000000,000.00006012,000.33
Tournament (k=3),Blend,Gaussian,0.60503,0.04023,000.00000000,000.00058618,000.00010109,000.01956831,000.27
Tournament (k=3),Blend,Uniform,0.42436,0.19383,000.00064087,000.05069222,000.04920959,000.21240629,000.33
Tournament (k=3),Blend,Uniform,0.46371,0.02000,000.00000000,000.15440202,000.07688141,000.45695573,000.23
Tournament (k=3),Blend,Gaussian,0.81310,0.19383,000.00017548,000.03658319,000.04110146,000.19191219,000.43
Tournament (k=3),Blend,Gaussian,0.83749,0.21153,000.00217438,000.10155992,000.11029816,000.36483115,000.38
Tournament (k=3),Blend,Gaussian,0.66113,0.05705,000.00000000,000.00005388,000.00002289,000.00283179,000.29
Tournament (k=3),Blend,Uniform,0.46371,0.05705,000.00000000,000.00430045,000.00428200,000.12019093,000.22
Tournament (k=3),Blend,Gaussian,0.74410,0.07415,000.00000000,000.00000248,000.00000000,000.00083030,000.33
Tournament (k=3),Blend,Gaussian,0.66113,0.02183,000.00000000,000.00031271,000.00004196,000.09155895,000.22
Tournament (k=3),Blend,Gaussian,0.72243,0.16276,000.00000763,000.00046086,000.00052452,000.00430397,000.39
Tournament (k=3),Blend,Gaussian,0.64187,0.04791,000.00000000,000.00009894,000.00003242,000.00579605,000.26
Tournament (k=3),Blend,Gaussian,0.83749,0.03378,000.00000000,000.00000019,000.00000000,000.00091440,000.29
Tournament (k=3),Blend,Uniform,0.46371,0.16276,000.00000763,000.00108805,000.00108147,000.02250195,000.31
Tournament (k=3),Blend,Gaussian,0.58741,0.19383,000.00015259,000.00718899,000.00819969,000.03175294,000.39
Tournament (k=3),Blend,Gaussian,0.88849,0.05228,000.00000000,000.00000000,000.00000000,000.09901236,000.27
Tournament (k=3),Blend,Gaussian,1.00000,0.02837,000.00000000,000.00000000,000.00000000,000.17540717,000.27
Tournament (k=3),Blend,Gaussian,0.94259,0.30000,000.14937592,000.92265242,001.15955544,000.63515550,000.45
Tournament (k=3),Blend,Uniform,0.41200,0.05228,000.00000000,000.01255174,000.00946045,000.15135196,000.25
Tournament (k=3),Blend,Gaussian,0.64187,0.11476,000.00000000,000.00000024,000.00000000,000.00016523,000.35
Tournament (k=3),Blend,Gaussian,0.76642,0.27490,000.03302765,000.40185252,000.45362854,000.50879520,000.41
Tournament (k=3),Blend,Uniform,0.41200,0.13667,000.00000000,000.00058765,000.00047302,000.00617507,000.31
Tournament (k=3),Blend,Gaussian,0.70139,0.13667,000.00000000,000.00000157,000.00000000,000.00010709,000.38
Tournament (k=3),Blend,Gaussian,0.55369,0.07415,000.00000000,000.00004535,000.00003242,000.00242329,000.31
Tournament (k=3),Blend,Uniform,0.45020,0.04390,000.00000000,000.01097074,000.00404358,000.25685000,000.22
Tournament (k=3),Blend,Gaussian,0.66113,0.06226,000.00000000,000.00004387,000.00001144,000.00091063,000.31
Tournament (k=3),Blend,Uniform,0.43709,0.25191,000.01525116,000.52786493,000.58011246,000.56117833,000.34
Tournament (k=3),Blend,Gaussian,0.62318,0.08830,000.00000000,000.00001326,000.00000000,000.00065801,000.29
Tournament (k=3),Blend,Gaussian,0.78941,0.13667,000.00000000,000.00000238,000.00000000,000.00110487,000.36
Tournament (k=3),Blend,Gaussian,0.74410,0.08092,000.00000000,000.00000086,000.00000000,000.00052196,000.33
Tournament (k=3),Blend,Gaussian,0.91514,0.07415,000.00000000,000.00000000,000.00000000,000.00192155,000.33
Tournament (k=3),Blend,Uniform,0.47762,0.02837,000.00000000,000.06373100,000.04759026,000.37711304,000.24
Tournament (k=3),Blend,Gaussian,0.52190,0.06795,000.00000000,000.00011892,000.00005341,000.00279878,000.26
Tournament (k=3),Blend,Uniform,0.43709,0.09637,000.00000000,000.00146604,000.00137329,000.07382313,000.28
Tournament (k=3),Blend,Gaussian,0.76642,0.03095,000.00000000,000.00003123,000.00000000,000.00692192,000.27
Tournament (k=3),Blend,Gaussian,0.68096,0.08092,000.00000000,000.00000143,000.00000000,000.00056667,000.33
Tournament (k=3),Blend,Gaussian,0.68096,0.03095,000.00000000,000.00009313,000.00001144,000.00675133,000.23
Tournament (k=3),Blend,Gaussian,0.57030,0.13667,000.00000000,000.00000553,000.00000381,000.00012424,000.33
Tournament (k=3),Blend,Gaussian,0.86261,0.04791,000.00000000,000.00000019,000.00000000,000.00028733,000.30
Tournament (k=3),Blend,Gaussian,0.55369,0.02599,000.00000000,000.00121388,000.00088501,000.03436751,000.23
Tournament (k=3),Blend,Uniform,0.42436,0.02382,000.00000000,000.04731898,000.04257965,000.27648720,000.19
Tournament (k=3),Blend,Gaussian,0.55369,0.21153,000.00061798,000.02070646,000.02235794,000.10872404,000.42
Tournament (k=3),Blend,Gaussian,0.83749,0.09637,000.00000000,000.00000000,000.00000000,000.00031111,000.32
Tournament (k=3),Blend,Uniform,0.45020,0.12524,000.00000000,000.00049005,000.00055695,000.01217714,000.27
Tournament (k=3),Blend,Gaussian,0.66113,0.06795,000.00000000,000.00001869,000.00000000,000.00186051,000.31
Tournament (k=3),Blend,Gaussian,0.94259,0.10516,000.00000000,000.00000000,000.00000000,000.00015982,000.36
Tournament (k=3),Blend,Uniform,0.42436,0.06795,000.00000000,000.00470762,000.00287056,000.04291692,000.26
Tournament (k=3),Blend,Uniform,0.43709,0.27490,000.08936691,000.99171245,001.16046524,000.84411788,000.36
Tournament (k=3),Blend,Gaussian,0.91514,0.21153,000.00496674,000.20120463,000.22231483,000.33812794,000.44
Tournament (k=3),Blend,Gaussian,0.55369,0.08092,000.00000000,000.00007000,000.00002289,000.00130028,000.38
Tournament (k=3),Blend,Gaussian,0.62318,0.09637,000.00000000,000.00001168,000.00000763,000.00037404,000.37
Tournament (k=3),Blend,Uniform,0.43709,0.03378,000.00000000,000.02990026,000.01795006,000.31398672,000.21
Tournament (k=3),Blend,Gaussian,0.74410,0.08830,000.00000000,000.00000000,000.00000000,000.00003970,000.33
Tournament (k=3),Blend,Gaussian,0.81310,0.02382,000.00000000,000.00000086,000.00000000,000.09922230,000.27
Tournament (k=3),Blend,Uniform,0.47762,0.08092,000.00000000,000.00089159,000.00078011,000.01041541,000.28
Tournament (k=3),Blend,Gaussian,0.53756,0.13667,000.00000000,000.00000396,000.00000381,000.00012146,000.33
Tournament (k=3),Blend,Gaussian,0.97087,0.13667,000.00000000,000.00002575,000.00001907,000.01114911,000.40
Tournament (k=3),Blend,Gaussian,0.76642,0.30000,000.03697968,000.55281729,000.58192444,000.60643965,000.49
Tournament (k=3),Blend,Gaussian,0.52190,0.02382,000.00000000,000.00122924,000.00081444,000.01180732,000.22
Tournament (k=3),Blend,Gaussian,0.91514,0.02837,000.00000000,000.00000000,000.00000000,000.09897953,000.25
Tournament (k=3),Blend,Uniform,0.47762,0.23084,000.01954651,000.48405418,000.60635376,000.63333893,000.36
Tournament (k=3),Blend,Gaussian,0.46371,0.05705,000.00000000,000.00028791,000.00009537,000.00509409,000.30
Tournament (k=3),Blend,Uniform,0.40000,0.04023,000.00000000,000.01885309,000.01347160,000.21918111,000.20
Tournament (k=3),Blend,Gaussian,0.78941,0.05228,000.00000000,000.00000219,000.00000000,000.00191985,000.30
Tournament (k=3),Blend,Gaussian,0.81310,0.06795,000.00000000,000.00000014,000.00000000,000.00025003,000.28
Tournament (k=3),Blend,Uniform,0.49195,0.04023,000.00000000,000.00835347,000.00341797,000.12877497,000.26
Tournament (k=3),Blend,Uniform,0.43709,0.03686,000.00000000,000.01840777,000.01226044,000.21965542,000.24
Tournament (k=3),Blend,Gaussian,0.72243,0.02183,000.00000000,000.00017200,000.00001526,000.14084662,000.26
Tournament (k=3),Blend,Gaussian,0.86261,0.10516,000.00000000,000.00000000,000.00000000,000.00008748,000.32
Tournament (k=3),Blend,Gaussian,0.74410,0.23084,000.00237274,000.12502165,000.13976097,000.37317085,000.40
Tournament (k=3),Blend,Gaussian,0.78941,0.02000,000.00000000,000.00002623,000.00000000,000.17744228,000.24
Tournament (k=3),Blend,Gaussian,0.58741,0.02183,000.00000000,000.00170059,000.00103188,000.19454169,000.26
Tournament (k=3),Blend,Gaussian,0.50670,0.11476,000.00000000,000.00000610,000.00000381,000.00039061,000.36
Tournament (k=3),Blend,Gaussian,0.74410,0.09637,000.00000000,000.00000000,000.00000000,000.00005441,000.35
Tournament (k=3),Blend,Gaussian,0.88849,0.19383,000.00165558,000.05804839,000.06337547,000.28011477,000.43
Tournament (k=3),Blend,Uniform,0.49195,0.11476,000.00000000,000.00031114,000.00020790,000.00878156,000.28
Tournament (k=3),Blend,Uniform,0.40000,0.27490,000.02099991,000.80226022,000.98160172,000.65741509,000.30
Tournament (k=3),Blend,Gaussian,0.74410,0.02183,000.00000000,000.00005102,000.00000381,000.10085383,000.23
Tournament (k=3),Blend,Uniform,0.40000,0.10516,000.00000000,000.00113969,000.00076294,000.01297265,000.28
Tournament (k=3),Blend,Uniform,0.50670,0.02000,000.00000000,000.19966368,000.05796432,000.55585575,000.23
Tournament (k=3),Blend,Uniform,0.46371,0.02183,000.00000000,000.15046009,000.06809425,000.54599082,000.23
Tournament (k=3),Blend,Gaussian,0.60503,0.04390,000.00000000,000.00021381,000.00012207,000.00603481,000.27
Tournament (k=3),Blend,Gaussian,0.68096,0.25191,000.00802612,000.17134976,000.19432640,000.31254256,000.44
Tournament (k=3),Blend,Gaussian,0.62318,0.19383,000.00047684,000.00714288,000.00868416,000.03863135,000.41
Tournament (k=3),Blend,Uniform,0.43709,0.04023,000.00000000,000.01422453,000.01207161,000.20005618,000.25
Tournament (k=3),Blend,Gaussian,0.81310,0.07415,000.00000000,000.00000000,000.00000000,000.00008245,000.30
Tournament (k=3),Blend,Gaussian,0.72243,0.02382,000.00000000,000.00009470,000.00000000,000.16946408,000.26
Tournament (k=3),Blend,Gaussian,0.60503,0.12524,000.00000000,000.00000067,000.00000000,000.00003993,000.35
Tournament (k=3),Blend,Uniform,0.46371,0.06226,000.00000000,000.00446763,000.00304794,000.15092210,000.23
Tournament (k=3),Blend,Gaussian,0.66113,0.02382,000.00000000,000.00028071,000.00006485,000.10101753,000.22
Tournament (k=3),Blend,Gaussian,0.70139,0.04023,000.00000000,000.00003533,000.00000572,000.00356808,000.24
Tournament (k=3),Blend,Gaussian,0.72243,0.05705,000.00000000,000.00002279,000.00000000,000.02477084,000.29
Tournament (k=3),Blend,Gaussian,0.64187,0.05228,000.00000000,000.00003672,000.00001335,000.00193072,000.25
Tournament (k=3),Blend,Gaussian,0.83749,0.03686,000.00000000,000.00000038,000.00000000,000.00116320,000.28
Tournament (k=3),Blend,Gaussian,0.88849,0.05705,000.00000000,000.00000000,000.00000000,000.05742960,000.27
Tournament (k=3),Blend,Gaussian,0.97087,0.02000,000.00000000,000.00000014,000.00000000,000.26434341,000.23
Tournament (k=3),Blend,Gaussian,1.00000,0.03095,000.00000000,000.00000000,000.00000000,000.22230613,000.28
Tournament (k=3),Blend,Uniform,0.46371,0.17762,000.00009918,000.01280489,000.01363754,000.16664881,000.34
Tournament (k=3),Blend,Gaussian,0.83749,0.23084,000.00826645,000.20265770,000.25421143,000.38888434,000.42
Tournament (k=3),Blend,Uniform,0.41200,0.05705,000.00000000,000.01566410,000.00831032,000.12288570,000.26
Tournament (k=3),Blend,Gaussian,0.72243,0.17762,000.00002289,000.00404224,000.00395393,000.02751756,000.42
Tournament (k=3),Blend,Gaussian,0.58741,0.21153,000.00004578,000.02781138,000.03129196,000.18248428,000.38
Tournament (k=3),Blend,Uniform,0.46371,0.06795,000.00000000,000.00237765,000.00156021,000.10643353,000.24
Tournament (k=3),Blend,Uniform,0.41200,0.14915,000.00000000,000.00045290,000.00046349,000.00741940,000.31
Tournament (k=3),Blend,Gaussian,0.70139,0.04390,000.00000000,000.00003786,000.00001335,000.00216476,000.27
Tournament (k=3),Blend,Gaussian,0.64187,0.12524,000.00000000,000.00000029,000.00000000,000.00003230,000.37
Tournament (k=3),Blend,Gaussian,0.76642,0.10516,000.00000000,000.00000000,000.00000000,000.00001605,000.36
Tournament (k=3),Blend,Uniform,0.50670,0.05705,000.00000000,000.00589080,000.00267601,000.15113367,000.26
Tournament (k=3),Blend,Gaussian,0.70139,0.14915,000.00000000,000.00001359,000.00001526,000.00016365,000.40
Tournament (k=3),Blend,Uniform,0.47762,0.03095,000.00000000,000.05066218,000.02283287,000.53257799,000.25
Tournament (k=3),Blend,Gaussian,0.60503,0.13667,000.00000000,000.00000114,000.00000000,000.00002391,000.40
Tournament (k=3),Blend,Gaussian,0.62318,0.21153,000.00196838,000.03802962,000.04270363,000.11760781,000.45
Tournament (k=3),Blend,Gaussian,0.66113,0.12524,000.00000000,000.00000072,000.00000000,000.00001630,000.38
Tournament (k=3),Blend,Gaussian,0.52190,0.07415,000.00000000,000.00005040,000.00001335,000.00134005,000.28
Tournament (k=3),Blend,Gaussian,0.83749,0.04023,000.00000000,000.00000019,000.00000000,000.09934942,000.30
Tournament (k=3),Blend,Uniform,0.43709,0.10516,000.00000000,000.00136027,000.00096512,000.01867460,000.27
Tournament (k=3),Blend,Gaussian,0.68096,0.03378,000.00000000,000.00007100,000.00000763,000.00474313,000.25
Tournament (k=3),Blend,Gaussian,0.76642,0.03378,000.00000000,000.00001488,000.00000000,000.00195694,000.28
Tournament (k=3),Blend,Gaussian,0.78941,0.14915,000.00000000,000.00005908,000.00004578,000.00191840,000.42
Tournament (k=3),Blend,Uniform,0.42436,0.02599,000.00000000,000.14605451,000.09257507,000.47958288,000.21
Tournament (k=3),Blend,Gaussian,0.68096,0.08830,000.00000000,000.00000558,000.00000000,000.00042097,000.34
Tournament (k=3),Blend,Gaussian,0.86261,0.05228,000.00000000,000.00000000,000.00000000,000.00024479,000.32
Tournament (k=3),Blend,Uniform,0.50670,0.16276,000.00000000,000.00142417,000.00150299,000.01621397,000.31
Tournament (k=3),Blend,Gaussian,0.57030,0.14915,000.00000000,000.00000849,000.00000763,000.00009269,000.39
Tournament (k=3),Blend,Uniform,0.45020,0.13667,000.00000000,000.00037794,000.00035477,000.01164659,000.30
Tournament (k=3),Blend,Gaussian,0.66113,0.07415,000.00000000,000.00000610,000.00000000,000.00122324,000.32
Tournament (k=3),Blend,Uniform,0.53756,0.04023,000.00000000,000.01011558,000.00427628,000.22873722,000.23
Tournament (k=3),Blend,Uniform,0.52190,0.02837,000.00000000,000.01843615,000.01378250,000.36671117,000.30
Tournament (k=3),Blend,Uniform,0.42436,0.07415,000.00000000,000.00270090,000.00171280,000.01651864,000.28
Tournament (k=3),Blend,Uniform,0.52190,0.08092,000.00000000,000.00089478,000.00035858,000.01487567,000.30
Tournament (k=3),Blend,Gaussian,0.81310,0.02599,000.00000000,000.00000162,000.00000000,000.09898575,000.24
Tournament (k=3),Blend,Gaussian,0.83749,0.10516,000.00000000,000.00000000,000.00000000,000.00001235,000.42
Tournament (k=3),Blend,Uniform,0.52190,0.23084,000.03665161,000.54347122,000.61780548,000.50823176,000.33
Tournament (k=3),Blend,Gaussian,0.68096,0.03686,000.00000000,000.00015874,000.00002289,000.00498960,000.30
Tournament (k=3),Blend,Gaussian,0.97087,0.05705,000.00000000,000.00000000,000.00000000,000.11526235,000.32
Tournament (k=3),Blend,Uniform,0.47762,0.03378,000.00000000,000.02379303,000.01629639,000.34731764,000.38
Tournament (k=3),Blend,Uniform,0.43709,0.30000,000.12829208,001.16320586,001.37462997,000.87577790,000.38
Tournament (k=3),Blend,Uniform,0.47762,0.08830,000.00000000,000.00145512,000.00091934,000.02644009,000.29
Tournament (k=3),Blend,Gaussian,0.55369,0.23084,000.00245285,000.05835633,000.06016731,000.23693404,000.49
Tournament (k=3),Blend,Uniform,0.53756,0.11476,000.00000000,000.00012131,000.00005722,000.00692712,000.28
Tournament (k=3),Blend,Uniform,0.40000,0.04390,000.00000000,000.01602526,000.00821495,000.22820845,000.21
Tournament (k=3),Blend,Gaussian,0.88849,0.02183,000.00000000,000.00000000,000.00000000,000.21724828,000.27
Tournament (k=3),Blend,Uniform,0.55369,0.02000,000.00000000,000.19098926,000.03660774,000.54384619,000.27
Tournament (k=3),Blend,Gaussian,0.91514,0.23084,000.00648499,000.26959857,000.28549957,000.42795986,000.54
Tournament (k=3),Blend,Gaussian,0.46371,0.06226,000.00000000,000.00042186,000.00035095,000.00720092,000.34
Tournament (k=3),Blend,Gaussian,0.78941,0.02183,000.00000000,000.00000429,000.00000000,000.00309019,000.23
Tournament (k=3),Blend,Uniform,0.47762,0.25191,000.07208252,000.75847626,001.02808571,000.66743195,000.36
Tournament (k=3),Blend,Gaussian,1.00000,0.19383,000.00860596,000.10767021,000.10966301,000.35124561,000.42
Tournament (k=3),Blend,Uniform,0.42436,0.21153,000.00723648,000.15396643,000.15307236,000.46632957,000.36
Tournament (k=3),Blend,Uniform,0.42436,0.08092,000.00000000,000.00216107,000.00141525,000.04079014,000.29
Tournament (k=3),Blend,Gaussian,0.58741,0.02382,000.00000000,000.00054216,000.00013733,000.10415780,000.26
Tournament (k=3),Blend,Gaussian,0.97087,0.14915,000.00000763,000.00090370,000.00076103,000.07120584,000.47
Tournament (k=3),Blend,Gaussian,0.86261,0.11476,000.00000000,000.00000000,000.00000000,000.00013715,000.34
Tournament (k=3),Blend,Uniform,0.49195,0.12524,000.00000000,000.00016341,000.00012779,000.00594222,000.29
Tournament (k=3),Blend,Uniform,0.50670,0.02183,000.00000000,000.09505534,000.02989197,000.52560574,000.25
Tournament (k=3),Blend,Uniform,0.50670,0.17762,000.00012970,000.01941895,000.01955032,000.18097514,000.52
Tournament (k=3),Blend,Uniform,0.40000,0.30000,000.06360626,001.03757441,001.25240707,000.75810564,000.31
Tournament (k=3),Blend,Uniform,0.53756,0.12524,000.00000000,000.00011716,000.00006676,000.00275605,000.34
Tournament (k=3),Blend,Gaussian,0.50670,0.12524,000.00000000,000.00000496,000.00000381,000.00078934,000.36
Tournament (k=3),Blend,Gaussian,0.81310,0.21153,000.00865936,000.09412422,000.10466766,000.27383879,000.41
Tournament (k=3),Blend,Gaussian,0.74410,0.10516,000.00000000,000.00000000,000.00000000,000.00003430,000.36
Tournament (k=3),Blend,Uniform,0.40000,0.11476,000.00000000,000.00087147,000.00063705,000.02261974,000.32
Tournament (k=3),Blend,Gaussian,0.74410,0.25191,000.00794983,000.19635125,000.19188499,000.46894550,000.43
Tournament (k=3),Blend,Gaussian,0.62318,0.02837,000.00000000,000.00024867,000.00005722,000.01143161,000.23
Tournament (k=3),Blend,Gaussian,0.60503,0.04791,000.00000000,000.00014477,000.00002861,000.00635422,000.27
Tournament (k=3),Blend,Gaussian,0.88849,0.02382,000.00000000,000.00000114,000.00000000,000.13960572,000.29
Tournament (k=3),Blend,Gaussian,0.88849,0.21153,000.00297928,000.12761250,000.13254547,000.36087903,000.48
Tournament (k=3),Blend,Uniform,0.43709,0.04390,000.00000000,000.01002708,000.00949478,000.12755080,000.24
Tournament (k=3),Blend,Gaussian,0.72243,0.02599,000.00000000,000.00007868,000.00001526,000.13938108,000.23
Tournament (k=3),Blend,Uniform,0.45020,0.04791,000.00000000,000.00943065,000.00628662,000.13801813,000.22
Tournament (k=3),Blend,Gaussian,0.66113,0.02599,000.00000000,000.00017300,000.00001907,000.10050605,000.23
Tournament (k=3),Blend,Gaussian,0.81310,0.08092,000.00000000,000.00000000,000.00000000,000.00060168,000.29
Tournament (k=3),Blend,Gaussian,0.94259,0.04023,000.00000000,000.00000000,000.00000000,000.11921901,000.28
Tournament (k=3),Blend,Gaussian,1.00000,0.06795,000.00000000,000.00000005,000.00000000,000.21209444,000.28
Tournament (k=3),Blend,Gaussian,0.72243,0.06226,000.00000000,000.00000367,000.00000000,000.00364125,000.30
Tournament (k=3),Blend,Gaussian,0.88849,0.06226,000.00000000,000.00000000,000.00000000,000.01773799,000.28
Tournament (k=3),Blend,Uniform,0.55369,0.05705,000.00000000,000.00105186,000.00052452,000.14842720,000.27
Tournament (k=3),Blend,Uniform,0.41200,0.06226,000.00000000,000.00863810,000.00620270,000.16791856,000.25
Tournament (k=3),Blend,Gaussian,0.91514,0.08092,000.00000000,000.00000000,000.00000000,000.14176269,000.33
Tournament (k=3),Blend,Gaussian,0.68096,0.27490,000.00868225,000.31334272,000.36527252,000.38165992,000.46
Tournament (k=3),Blend,Uniform,0.40000,0.12524,000.00000000,000.00066085,000.00039864,000.00637741,000.31
Tournament (k=3),Blend,Uniform,0.46371,0.19383,000.00051117,000.05456290,000.05432892,000.20302995,000.33
Tournament (k=3),Blend,Uniform,0.46371,0.07415,000.00000000,000.00294490,000.00196266,000.06319794,000.23
Tournament (k=3),Blend,Uniform,0.43709,0.04791,000.00000000,000.01387796,000.00742531,000.15790711,000.25
Tournament (k=3),Blend,Uniform,0.57030,0.02837,000.00000000,000.00824451,000.00509644,000.31250453,000.23
Tournament (k=3),Blend,Uniform,0.50670,0.06226,000.00000000,000.00380950,000.00155830,000.10500736,000.23
Tournament (k=3),Blend,Uniform,0.41200,0.16276,000.00000763,000.00240164,000.00225067,000.09903938,000.32
Tournament (k=3),Blend,Gaussian,0.81310,0.23084,000.00966263,000.21757241,000.24040222,000.40954778,000.44
Tournament (k=3),Blend,Gaussian,0.58741,0.23084,000.00212479,000.05826125,000.05904007,000.22927117,000.39
Tournament (k=3),Blend,Gaussian,0.72243,0.19383,000.00078201,000.01727853,000.01679993,000.10261825,000.41
Tournament (k=3),Blend,Uniform,0.55369,0.16276,000.00001144,000.00309191,000.00276566,000.03359617,000.37
Tournament (k=3),Blend,Gaussian,0.64187,0.13667,000.00000000,000.00000043,000.00000000,000.00005243,000.37
Tournament (k=3),Blend,Uniform,0.57030,0.08092,000.00000000,000.00043235,000.00013161,000.10125659,000.25
Tournament (k=3),Blend,Gaussian,0.94259,0.11476,000.00000000,000.00000000,000.00000000,000.00647605,000.35
Tournament (k=3),Blend,Gaussian,0.83749,0.04390,000.00000000,000.00000019,000.00000000,000.00123249,000.29
Tournament (k=3),Blend,Uniform,0.43709,0.11476,000.00000000,000.00040898,000.00040054,000.00433207,000.31
Tournament (k=3),Blend,Gaussian,0.76642,0.03686,000.00000000,000.00001955,000.00000000,000.00427853,000.28
Tournament (k=3),Blend,Uniform,0.43709,0.05228,000.00000000,000.00746121,000.00635529,000.19935735,000.26
Tournament (k=3),Blend,Gaussian,0.62318,0.23084,000.00603104,000.07853393,000.08263397,000.24783722,000.38
Tournament (k=3),Blend,Gaussian,0.60503,0.14915,000.00000000,000.00000854,000.00000763,000.00011380,000.39
Tournament (k=3),Blend,Uniform,0.57030,0.03095,000.00000000,000.01084485,000.00470161,000.28293315,000.24
Tournament (k=3),Blend,Gaussian,0.66113,0.13667,000.00000000,000.00000081,000.00000000,000.00007479,000.39
Tournament (k=3),Blend,Uniform,0.46371,0.21153,000.00395203,000.13705000,000.12438774,000.43679360,000.34
Tournament (k=3),Blend,Gaussian,0.91514,0.03095,000.00000000,000.00000000,000.00000000,000.27805266,000.24
Tournament (k=3),Blend,Uniform,0.50670,0.06795,000.00000000,000.00132308,000.00097275,000.10030393,000.28
Tournament (k=3),Blend,Uniform,0.46371,0.08092,000.00000000,000.00213041,000.00059700,000.02925579,000.35
Tournament (k=3),Blend,Gaussian,0.78941,0.16276,000.00000381,000.00080252,000.00083733,000.01202817,000.39
Tournament (k=3),Blend,Uniform,0.57030,0.23084,000.02411652,000.68924391,000.98722458,000.64835709,000.32
Tournament (k=3),Blend,Uniform,0.53756,0.04390,000.00000000,000.00597630,000.00149155,000.18502702,000.26
Tournament (k=3),Blend,Gaussian,0.68096,0.09637,000.00000000,000.00000095,000.00000000,000.00016139,000.34
Tournament (k=3),Blend,Uniform,0.45020,0.14915,000.00000000,000.00033016,000.00024796,000.00295962,000.29
Tournament (k=3),Blend,Uniform,0.57030,0.08830,000.00000000,000.00033789,000.00010872,000.10903165,000.28
Tournament (k=3),Blend,Uniform,0.52190,0.03095,000.00000000,000.01741900,000.01155472,000.29302412,000.25
Tournament (k=3),Blend,Gaussian,0.78941,0.05705,000.00000000,000.00000091,000.00000000,000.00106411,000.32
Tournament (k=3),Blend,Uniform,0.49195,0.04390,000.00000000,000.00766845,000.00526237,000.20153724,000.26
Tournament (k=3),Blend,Uniform,0.58741,0.04023,000.00000000,000.00554643,000.00141907,000.21980304,000.24
Tournament (k=3),Blend,Gaussian,0.76642,0.04023,000.00000000,000.00000830,000.00000000,000.00250060,000.30
Tournament (k=3),Blend,Uniform,0.45020,0.02000,000.00000000,000.18701878,000.11055756,000.48709413,000.21
Tournament (k=3),Blend,Gaussian,0.81310,0.02837,000.00000000,000.00000143,000.00000000,000.00790399,000.27
Tournament (k=3),Blend,Uniform,0.47762,0.03686,000.00000000,000.02335143,000.00777435,000.36641583,000.22
Tournament (k=3),Blend,Uniform,0.50670,0.07415,000.00000000,000.00187254,000.00110626,000.13938332,000.27
Tournament (k=3),Blend,Uniform,0.46371,0.08830,000.00000000,000.00123372,000.00051308,000.04355001,000.29
Tournament (k=3),Blend,Uniform,0.40000,0.04791,000.00000000,000.02585754,000.02480125,000.23493916,000.21
Tournament (k=3),Blend,Gaussian,0.97087,0.06226,000.00000000,000.00000000,000.00000000,000.14821346,000.31
Tournament (k=3),Blend,Gaussian,0.83749,0.11476,000.00000000,000.00000000,000.00000000,000.00005340,000.37
Tournament (k=3),Blend,Uniform,0.47762,0.09637,000.00000000,000.00058327,000.00037193,000.09906531,000.29
Tournament (k=3),Blend,Gaussian,0.74410,0.02382,000.00000000,000.00004420,000.00000000,000.13932826,000.23
Tournament (k=3),Blend,Uniform,0.55369,0.02183,000.00000000,000.08093963,000.02068329,000.48449677,000.21
Tournament (k=3),Blend,Gaussian,0.81310,0.25191,000.00878143,000.27941456,000.29469681,000.44166878,000.57
Tournament (k=3),Blend,Uniform,0.46371,0.02382,000.00000000,000.09746341,000.07088470,000.38843173,000.23
Tournament (k=3),Blend,Gaussian,0.60503,0.16276,000.00000000,000.00012479,000.00014114,000.00087136,000.40
Tournament (k=3),Blend,Gaussian,0.78941,0.02382,000.00000000,000.00001349,000.00000000,000.13935095,000.23
Tournament (k=3),Blend,Gaussian,0.58741,0.02599,000.00000000,000.00116177,000.00044250,000.00967895,000.25
Tournament (k=3),Blend,Gaussian,0.78941,0.06226,000.00000000,000.00000033,000.00000000,000.00066176,000.32
Tournament (k=3),Blend,Uniform,0.42436,0.08830,000.00000000,000.00294604,000.00235367,000.10329566,000.27
Tournament (k=3),Blend,Gaussian,0.55369,0.25191,000.00521469,000.09811392,000.10007477,000.28962874,000.43
Tournament (k=3),Blend,Uniform,0.47762,0.27490,000.01599121,000.95584565,001.21695709,000.84239113,000.35
Tournament (k=3),Blend,Uniform,0.50670,0.02382,000.00000000,000.08914886,000.04539871,000.49694228,000.23
Tournament (k=3),Blend,Uniform,0.42436,0.23084,000.00593567,000.29112560,000.30676651,000.54861450,000.34
Tournament (k=3),Blend,Gaussian,0.97087,0.02183,000.00000000,000.00000000,000.00000000,000.19497401,000.23
Tournament (k=3),Blend,Gaussian,0.91514,0.25191,000.04529572,000.49607572,000.51062775,000.45851916,000.42
Tournament (k=3),Blend,Uniform,0.55369,0.02382,000.00000000,000.03450346,000.00899887,000.44366252,000.25
Tournament (k=3),Blend,Uniform,0.49195,0.13667,000.00000000,000.00024343,000.00014114,000.00524580,000.28
Tournament (k=3),Blend,Uniform,0.50670,0.19383,000.00069809,000.07332812,000.07629967,000.28556269,000.30
Tournament (k=3),Blend,Gaussian,1.00000,0.03378,000.00000000,000.00000000,000.00000000,000.17330554,000.27
Tournament (k=3),Blend,Gaussian,1.00000,0.21153,000.00146866,000.20781279,000.24056053,000.36584899,000.41
Tournament (k=3),Blend,Uniform,0.47762,0.10516,000.00000000,000.00059838,000.00030899,000.05010490,000.30
Tournament (k=3),Blend,Gaussian,0.86261,0.12524,000.00000000,000.00000000,000.00000000,000.00002565,000.34
Tournament (k=3),Blend,Gaussian,0.97087,0.16276,000.00013733,000.00855112,000.00768471,000.10560626,000.40
Tournament (k=3),Blend,Gaussian,0.78941,0.02599,000.00000000,000.00000515,000.00000000,000.00466970,000.28
Tournament (k=3),Blend,Gaussian,0.62318,0.03095,000.00000000,000.00017953,000.00004578,000.09899157,000.24
Tournament (k=3),Blend,Gaussian,0.88849,0.02599,000.00000000,000.00000000,000.00000000,000.09316461,000.27
Tournament (k=3),Blend,Gaussian,0.60503,0.05228,000.00000000,000.00013103,000.00004005,000.00935150,000.28
Tournament (k=3),Blend,Uniform,0.45020,0.05228,000.00000000,000.00647335,000.00552940,000.16558209,000.22
Tournament (k=3),Blend,Gaussian,0.83749,0.25191,000.02931976,000.37144202,000.39161491,000.48685685,000.43
Tournament (k=3),Blend,Gaussian,0.70139,0.04791,000.00000000,000.00003419,000.00000000,000.00369652,000.25
Tournament (k=3),Blend,Gaussian,0.81310,0.27490,000.02594757,000.57988298,000.68485260,000.55870461,000.50
Tournament (k=3),Blend,Gaussian,0.94259,0.04390,000.00000000,000.00000000,000.00000000,000.14024490,000.28
Tournament (k=3),Blend,Gaussian,0.81310,0.08830,000.00000000,000.00000000,000.00000000,000.00050325,000.30
Tournament (k=3),Blend,Gaussian,1.00000,0.07415,000.00000000,000.00000000,000.00000000,000.18678780,000.29
Tournament (k=3),Blend,Gaussian,0.72243,0.06795,000.00000000,000.00000572,000.00000000,000.00073020,000.29
Tournament (k=3),Blend,Uniform,0.55369,0.06226,000.00000000,000.00215788,000.00094032,000.10286552,000.26
Tournament (k=3),Blend,Uniform,0.41200,0.06795,000.00000000,000.00656953,000.00439835,000.11313415,000.26
Tournament (k=3),Blend,Gaussian,0.76642,0.11476,000.00000000,000.00000000,000.00000000,000.00013683,000.36
Tournament (k=3),Blend,Uniform,0.42436,0.02837,000.00000000,000.05836787,000.03422356,000.33751056,000.19
Tournament (k=3),Blend,Gaussian,0.88849,0.23084,000.01839447,000.29460487,000.29002762,000.46708032,000.41
Tournament (k=3),Blend,Uniform,0.49195,0.14915,000.00000000,000.00018029,000.00014305,000.00204300,000.34
Tournament (k=3),Blend,Uniform,0.40000,0.13667,000.00000381,000.00079584,000.00060654,000.02861485,000.30
Tournament (k=3),Blend,Gaussian,0.91514,0.08830,000.00000000,000.00000000,000.00000000,000.02744194,000.35
Tournament (k=3),Blend,Uniform,0.45020,0.05705,000.00000000,000.00348368,000.00410652,000.05018751,000.24
Tournament (k=3),Blend,Gaussian,0.86261,0.05705,000.00000000,000.00000000,000.00000000,000.00020826,000.30
Tournament (k=3),Blend,Uniform,0.41200,0.17762,000.00004578,000.01048594,000.01034164,000.11027357,000.32
Tournament (k=3),Blend,Gaussian,0.83749,0.04791,000.00000000,000.00000000,000.00000000,000.00136702,000.25
Tournament (k=3),Blend,Uniform,0.43709,0.12524,000.00000000,000.00044770,000.00035858,000.00900987,000.27
Tournament (k=3),Blend,Uniform,0.55369,0.17762,000.00004578,000.01993842,000.01840782,000.27097404,000.31
Tournament (k=3),Blend,Uniform,0.57030,0.03378,000.00000000,000.01180491,000.00431252,000.28571457,000.21
Tournament (k=3),Blend,Uniform,0.43709,0.05705,000.00000000,000.00751367,000.00418854,000.09039230,000.26
Tournament (k=3),Blend,Gaussian,0.68096,0.30000,000.07723236,000.40421066,000.39142227,000.52089965,000.50
Tournament (k=3),Blend,Uniform,0.52190,0.08830,000.00000000,000.00036716,000.00020218,000.01516430,000.28
Tournament (k=3),Blend,Gaussian,0.94259,0.12524,000.00000000,000.00000091,000.00000000,000.10284597,000.36
Tournament (k=3),Blend,Gaussian,0.91514,0.03378,000.00000000,000.00000000,000.00000000,000.04747997,000.24
Tournament (k=3),Blend,Uniform,0.52190,0.25191,000.05849075,000.77854043,001.02158928,000.70855337,000.31
Tournament (k=3),Blend,Gaussian,0.83749,0.27490,000.02417755,000.48681077,000.52156830,000.55220294,000.50
Tournament (k=3),Blend,Uniform,0.46371,0.23084,000.01216125,000.42102736,000.49230766,000.57276213,000.34
Tournament (k=3),Blend,Gaussian,0.62318,0.25191,000.00782013,000.15759158,000.18288612,000.33350238,000.40
Tournament (k=3),Blend,Gaussian,0.66113,0.14915,000.00000000,000.00001435,000.00000763,000.00016154,000.38
Tournament (k=3),Blend,Uniform,0.53756,0.04791,000.00000000,000.00453029,000.00171661,000.21262456,000.26
Tournament (k=3),Blend,Uniform,0.52190,0.03378,000.00000000,000.01733017,000.00719261,000.27311698,000.22
Tournament (k=3),Blend,Uniform,0.45020,0.16276,000.00000381,000.00184221,000.00169754,000.01012697,000.29
Tournament (k=3),Blend,Uniform,0.58741,0.04390,000.00000000,000.00310407,000.00103378,000.17843002,000.23
Tournament (k=3),Blend,Gaussian,0.58741,0.25191,000.00237274,000.11249690,000.12420654,000.25219065,000.64
Tournament (k=3),Blend,Uniform,0.45020,0.02183,000.00000000,000.06611810,000.04118538,000.51822931,000.24
Tournament (k=3),Blend,Uniform,0.49195,0.04791,000.00000000,000.00571437,000.00527191,000.17747222,000.26
Tournament (k=3),Blend,Gaussian,0.83749,0.05228,000.00000000,000.00000005,000.00000000,000.00011612,000.29
Tournament (k=3),Blend,Gaussian,0.68096,0.10516,000.00000000,000.00000000,000.00000000,000.00018933,000.34
Tournament (k=3),Blend,Uniform,0.47762,0.04023,000.00000000,000.01023955,000.00497055,000.25156578,000.22
Tournament (k=3),Blend,Gaussian,0.76642,0.04390,000.00000000,000.00000763,000.00000000,000.00079496,000.27
Tournament (k=3),Blend,Gaussian,0.64187,0.14915,000.00000000,000.00001068,000.00000763,000.00020080,000.60
Tournament (k=3),Blend,Uniform,0.58741,0.11476,000.00000000,000.00003142,000.00000763,000.00344831,000.32
Tournament (k=3),Blend,Uniform,0.50670,0.08092,000.00000000,000.00118451,000.00053406,000.01843015,000.25
Tournament (k=3),Blend,Uniform,0.46371,0.09637,000.00000000,000.00143714,000.00114250,000.01168151,000.26
Tournament (k=3),Blend,Gaussian,0.81310,0.03095,000.00000000,000.00000415,000.00000000,000.00899855,000.27
Tournament (k=3),Blend,Uniform,0.45020,0.06226,000.00000000,000.00386858,000.00238228,000.04214530,000.43
Tournament (k=3),Blend,Gaussian,0.78941,0.17762,000.00015640,000.00543985,000.00530624,000.03672280,000.51
Tournament (k=3),Blend,Uniform,0.41200,0.02000,000.00000000,000.13847680,000.07004929,000.57646501,000.19
Tournament (k=3),Blend,Gaussian,0.74410,0.02599,000.00000000,000.00001583,000.00000000,000.13925731,000.24
Tournament (k=3),Blend,Uniform,0.52190,0.27490,000.02383041,001.22562301,001.49219704,000.73936981,000.36
Tournament (k=3),Blend,Uniform,0.60503,0.02000,000.00000000,000.07821397,000.01933289,000.48620886,000.21
Tournament (k=3),Blend,Uniform,0.52190,0.03686,000.00000000,000.01124587,000.00566673,000.25069153,000.24
Tournament (k=3),Blend,Uniform,0.46371,0.02599,000.00000000,000.05159674,000.03683472,000.46142402,000.21
Tournament (k=3),Blend,Uniform,0.60503,0.05705,000.00000000,000.00134168,000.00030518,000.10563508,000.23
Tournament (k=3),Blend,Gaussian,0.58741,0.02837,000.00000000,000.00069704,000.00040245,000.02594111,000.26
Tournament (k=3),Blend,Uniform,0.50670,0.02599,000.00000000,000.02847104,000.02113724,000.41128826,000.23
Tournament (k=3),Blend,Gaussian,0.83749,0.12524,000.00000000,000.00000000,000.00000000,000.00007495,000.40
Tournament (k=3),Blend,Uniform,0.42436,0.09637,000.00000000,000.00165291,000.00083351,000.02347169,000.28
Tournament (k=3),Blend,Uniform,0.55369,0.02599,000.00000000,000.03887324,000.01896286,000.42946029,000.24
Tournament (k=3),Blend,Uniform,0.45020,0.06795,000.00000000,000.00421996,000.00225449,000.04419024,000.26
Tournament (k=3),Blend,Gaussian,0.78941,0.06795,000.00000000,000.00000033,000.00000000,000.00073116,000.32
Tournament (k=3),Blend,Gaussian,0.83749,0.30000,000.03302002,000.80393332,001.01195908,000.64001286,000.48
Tournament (k=3),Blend,Uniform,0.60503,0.16276,000.00000763,000.00491624,000.00505638,000.05885724,000.33
Tournament (k=3),Blend,Uniform,0.60503,0.02183,000.00000000,000.18204808,000.04788208,000.53000653,000.23
Tournament (k=3),Blend,Uniform,0.42436,0.25191,000.04141235,000.55315197,000.57245445,000.66316277,000.34
Tournament (k=3),Blend,Uniform,0.47762,0.30000,000.03170776,001.30486202,001.51629829,000.76223528,000.37
Tournament (k=3),Blend,Gaussian,0.88849,0.06795,000.00000000,000.00000000,000.00000000,000.00658546,000.28
Tournament (k=3),Blend,Gaussian,0.74410,0.27490,000.02527618,000.43822369,000.46359634,000.50632197,000.43
Tournament (k=3),Blend,Uniform,0.50670,0.21153,000.00141144,000.22041240,000.18541145,000.44825742,000.31
Tournament (k=3),Blend,Uniform,0.47762,0.11476,000.00000000,000.00060654,000.00033569,000.00565244,000.30
Tournament (k=3),Blend,Gaussian,0.91514,0.27490,000.03646469,000.61784929,000.75189400,000.68426299,000.47
Tournament (k=3),Blend,Uniform,0.62318,0.02837,000.00000000,000.02185063,000.00793457,000.35559350,000.25
Tournament (k=3),Blend,Uniform,0.62318,0.08092,000.00000000,000.00026722,000.00012207,000.10134004,000.25
Tournament (k=3),Blend,Gaussian,0.88849,0.02837,000.00000000,000.00000000,000.00000000,000.09898804,000.27
Tournament (k=3),Blend,Gaussian,0.70139,0.05228,000.00000000,000.00003219,000.00000381,000.00482416,000.26
Tournament (k=3),Blend,Gaussian,0.86261,0.02000,000.00000000,000.00000010,000.00000000,000.13929904,000.26
Tournament (k=3),Blend,Gaussian,1.00000,0.23084,000.00972748,000.44273424,000.47373962,000.62944955,000.43
Tournament (k=3),Blend,Uniform,0.55369,0.06795,000.00000000,000.00181851,000.00143623,000.05272489,000.25
Tournament (k=3),Blend,Uniform,0.42436,0.03095,000.00000000,000.03520322,000.01845360,000.42647102,000.20
Tournament (k=3),Blend,Uniform,0.62318,0.23084,000.01792908,000.74381083,001.02954674,000.79317838,000.36
Tournament (k=3),Blend,Gaussian,0.86261,0.13667,000.00000000,000.00000625,000.00000381,000.00025445,000.43
Tournament (k=3),Blend,Gaussian,1.00000,0.08092,000.00000000,000.00000000,000.00000000,000.03077219,000.30
Tournament (k=3),Blend,Gaussian,0.81310,0.09637,000.00000000,000.00000000,000.00000000,000.00002179,000.32
Tournament (k=3),Blend,Gaussian,0.97087,0.17762,000.00112534,000.03590293,000.03168297,000.24334572,000.42
Tournament (k=3),Blend,Gaussian,0.72243,0.07415,000.00000000,000.00000281,000.00000000,000.00041545,000.32
Tournament (k=3),Blend,Gaussian,0.88849,0.07415,000.00000000,000.00000000,000.00000000,000.03593867,000.31
Tournament (k=3),Blend,Gaussian,0.72243,0.21153,000.00167847,000.07033543,000.07142258,000.22124611,000.43
Tournament (k=3),Blend,Uniform,0.62318,0.03095,000.00000000,000.00287251,000.00122070,000.29747912,000.25
Tournament (k=3),Blend,Gaussian,0.76642,0.12524,000.00000000,000.00000000,000.00000000,000.00002240,000.37
Tournament (k=3),Blend,Uniform,0.49195,0.16276,000.00001526,000.00188341,000.00189018,000.01964099,000.29
Tournament (k=3),Blend,Gaussian,0.81310,0.30000,000.03645325,000.75440466,000.90656853,000.56416988,000.48
Tournament (k=3),Blend,Uniform,0.47762,0.12524,000.00000000,000.00037770,000.00025749,000.00291382,000.34
Tournament (k=3),Blend,Uniform,0.57030,0.25191,000.05065918,000.85401881,001.12957573,000.72226650,000.32
Tournament (k=3),Blend,Uniform,0.57030,0.09637,000.00000000,000.00024633,000.00015068,000.07241507,000.26
Tournament (k=3),Blend,Gaussian,0.91514,0.09637,000.00000000,000.00000000,000.00000000,000.10309462,000.34
Tournament (k=3),Blend,Uniform,0.57030,0.03686,000.00000000,000.01107078,000.00347137,000.20986784,000.22
Tournament (k=3),Blend,Gaussian,0.86261,0.06226,000.00000000,000.00000000,000.00000000,000.20346744,000.30
Tournament (k=3),Blend,Uniform,0.41200,0.19383,000.00062943,000.04198723,000.03955460,000.25480118,000.30
Tournament (k=3),Blend,Uniform,0.43709,0.13667,000.00000000,000.00056229,000.00039482,000.01238664,000.28
Tournament (k=3),Blend,Uniform,0.43709,0.06226,000.00000000,000.00643010,000.00327492,000.14863761,000.25
Tournament (k=3),Blend,Uniform,0.64187,0.04023,000.00000000,000.00144129,000.00018883,000.19715030,000.25
Tournament (k=3),Blend,Uniform,0.52190,0.09637,000.00000000,000.00030012,000.00022888,000.01022014,000.29
Tournament (k=3),Blend,Uniform,0.55369,0.19383,000.00237274,000.09818578,000.10254669,000.34302062,000.33
Tournament (k=3),Blend,Uniform,0.64187,0.11476,000.00000000,000.00001097,000.00000191,000.00158117,000.30
Tournament (k=3),Blend,Gaussian,0.94259,0.13667,000.00000000,000.00001893,000.00001526,000.08684444,000.34
Tournament (k=3),Blend,Gaussian,0.88849,0.08092,000.00000000,000.00000000,000.00000000,000.00005558,000.31
Tournament (k=3),Blend,Gaussian,0.97087,0.06795,000.00000000,000.00000000,000.00000000,000.22664022,000.31
Tournament (k=3),Blend,Uniform,0.53756,0.05228,000.00000000,000.00431285,000.00186539,000.06649885,000.26
Tournament (k=3),Blend,Uniform,0.58741,0.04791,000.00000000,000.00165701,000.00131226,000.10326693,000.23
Tournament (k=3),Blend,Uniform,0.46371,0.25191,000.02149200,000.63589567,000.72851372,000.63749599,000.35
Tournament (k=3),Blend,Uniform,0.53756,0.13667,000.00000000,000.00005655,000.00005341,000.00244233,000.28
Tournament (k=3),Blend,Uniform,0.45020,0.02382,000.00000000,000.06576743,000.04560089,000.46129987,000.23
Tournament (k=3),Blend,Uniform,0.66113,0.02000,000.00000000,000.09880428,000.00998688,000.52527314,000.24
Tournament (k=3),Blend,Uniform,0.49195,0.05228,000.00000000,000.00325713,000.00138664,000.13926859,000.26
Tournament (k=3),Blend,Uniform,0.66113,0.05705,000.00000000,000.00043607,000.00009537,000.10307329,000.27
Tournament (k=3),Blend,Uniform,0.43709,0.06795,000.00000000,000.00494137,000.00442696,000.02315085,000.25
Tournament (k=3),Blend,Uniform,0.64187,0.04390,000.00000000,000.00294495,000.00120735,000.25402585,000.26
Tournament (k=3),Blend,Gaussian,0.66113,0.16276,000.00000000,000.00019808,000.00016022,000.00316259,000.39
Tournament (k=3),Blend,Uniform,0.57030,0.27490,000.07816696,001.22681415,001.49011612,000.78517109,000.35
Tournament (k=3),Blend,Gaussian,0.62318,0.27490,000.00972748,000.24673495,000.31322098,000.35160697,000.45
Tournament (k=3),Blend,Uniform,0.52190,0.10516,000.00000000,000.00045609,000.00014114,000.01067209,000.30
Tournament (k=3),Blend,Gaussian,0.58741,0.27490,000.00679016,000.17531362,000.20131111,000.27709177,000.40
Tournament (k=3),Blend,Uniform,0.41200,0.02183,000.00000000,000.11170359,000.05620193,000.43412578,000.19
Tournament (k=3),Blend,Uniform,0.50670,0.08830,000.00000000,000.00078802,000.00026512,000.01070296,000.26
Tournament (k=3),Blend,Uniform,0.46371,0.10516,000.00000000,000.00052228,000.00017929,000.01576390,000.27
Tournament (k=3),Blend,Gaussian,0.97087,0.02382,000.00000000,000.00000000,000.00000000,000.19387083,000.24
Tournament (k=3),Blend,Uniform,0.66113,0.16276,000.00022888,000.00751119,000.00814819,000.16390966,000.34
Tournament (k=3),Blend,Uniform,0.64187,0.12524,000.00000000,000.00000663,000.00000381,000.00305455,000.33
Tournament (k=3),Blend,Gaussian,0.74410,0.02837,000.00000000,000.00004234,000.00000763,000.09895024,000.24
Tournament (k=3),Blend,Uniform,0.52190,0.04023,000.00000000,000.00463033,000.00101852,000.17065020,000.27
Tournament (k=3),Blend,Uniform,0.46371,0.02837,000.00000000,000.03732729,000.02100372,000.32857379,000.25
Tournament (k=3),Blend,Gaussian,1.00000,0.03686,000.00000000,000.00000000,000.00000000,000.32326671,000.31
Tournament (k=3),Blend,Uniform,0.50670,0.02837,000.00000000,000.05376802,000.01680946,000.41812572,000.25
Tournament (k=3),Blend,Uniform,0.68096,0.02837,000.00000000,000.00244350,000.00019264,000.33187205,000.27
Tournament (k=3),Blend,Uniform,0.52190,0.30000,000.06269455,001.34232450,001.55740166,000.82224000,000.34
Tournament (k=3),Blend,Uniform,0.60503,0.06226,000.00000000,000.00098133,000.00047684,000.10139193,000.29
Tournament (k=3),Blend,Gaussian,0.78941,0.19383,000.00067902,000.02874303,000.03137589,000.15984873,000.40
Tournament (k=3),Blend,Uniform,0.41200,0.02382,000.00000000,000.12464146,000.09433365,000.45844397,000.21
Tournament (k=3),Blend,Gaussian,0.88849,0.08830,000.00000000,000.00000000,000.00000000,000.00441382,000.46
Tournament (k=3),Blend,Uniform,0.45020,0.07415,000.00000000,000.00402117,000.00374031,000.07301281,000.25
Tournament (k=3),Blend,Uniform,0.42436,0.10516,000.00000000,000.00096836,000.00072098,000.03171261,000.30
Tournament (k=3),Blend,Uniform,0.60503,0.02382,000.00000000,000.07924328,000.01013565,000.48950970,000.22
Tournament (k=3),Blend,Uniform,0.49195,0.02000,000.00000000,000.10888262,000.02626610,000.48416215,000.21
Tournament (k=3),Blend,Uniform,0.50670,0.09637,000.00000000,000.00129809,000.00045776,000.01622674,000.29
Tournament (k=3),Blend,Gaussian,0.83749,0.13667,000.00000000,000.00000458,000.00000000,000.00022491,000.39
Tournament (k=3),Blend,Gaussian,0.94259,0.04791,000.00000000,000.00000000,000.00000000,000.29087648,000.30
Tournament (k=3),Blend,Gaussian,0.74410,0.03095,000.00000000,000.00000916,000.00000000,000.00241750,000.26
Tournament (k=3),Blend,Gaussian,0.78941,0.07415,000.00000000,000.00000000,000.00000000,000.00067151,000.32
Tournament (k=3),Blend,Uniform,0.60503,0.17762,000.00053024,000.03955526,000.04196548,000.39630380,000.36
Tournament (k=3),Blend,Uniform,0.42436,0.27490,000.03035355,000.79115963,000.95727348,000.67741710,000.35
Tournament (k=3),Blend,Uniform,0.52190,0.11476,000.00000000,000.00007768,000.00006676,000.00636203,000.44
Tournament (k=3),Blend,Uniform,0.52190,0.04390,000.00000000,000.00550876,000.00336647,000.15883480,000.26
Tournament (k=3),Blend,Uniform,0.41200,0.02599,000.00000000,000.09326329,000.04814148,000.40109509,000.22
Tournament (k=3),Blend,Uniform,0.50670,0.23084,000.02069855,000.38147530,000.42395782,000.54517984,000.31
Tournament (k=3),Blend,Uniform,0.68096,0.08092,000.00000000,000.00006781,000.00000763,000.01200359,000.26
Tournament (k=3),Blend,Gaussian,0.88849,0.03095,000.00000000,000.00000000,000.00000000,000.00065863,000.27
Tournament (k=3),Blend,Uniform,0.40000,0.14915,000.00000000,000.00051417,000.00049591,000.00627695,000.32
Tournament (k=3),Blend,Gaussian,0.86261,0.02183,000.00000000,000.00000000,000.00000000,000.16981398,000.26
Tournament (k=3),Blend,Uniform,0.42436,0.03378,000.00000000,000.03412332,000.02229881,000.38982549,000.23
Tournament (k=3),Blend,Uniform,0.55369,0.07415,000.00000000,000.00054278,000.00022888,000.01235872,000.28
Tournament (k=3),Blend,Gaussian,0.88849,0.25191,000.03492355,000.41540939,000.42900276,000.48791140,000.42
Tournament (k=3),Blend,Gaussian,0.74410,0.03378,000.00000000,000.00002966,000.00000000,000.00361566,000.29
Tournament (k=3),Blend,Gaussian,0.74410,0.30000,000.03404999,000.59359723,000.66221237,000.58948612,000.46
Tournament (k=3),Blend,Gaussian,0.91514,0.30000,000.05668640,001.00369525,001.24409866,000.64500207,000.45
Tournament (k=3),Blend,Gaussian,0.81310,0.10516,000.00000000,000.00000000,000.00000000,000.00000564,000.32
Tournament (k=3),Blend,Uniform,0.62318,0.03378,000.00000000,000.00391169,000.00041580,000.34684020,000.25
Tournament (k=3),Blend,Uniform,0.62318,0.25191,000.06850052,001.07340956,001.25736427,000.90276176,000.38
Tournament (k=3),Blend,Gaussian,1.00000,0.25191,000.02405930,000.66826272,000.81545830,000.64677954,000.44
Tournament (k=3),Blend,Gaussian,0.86261,0.14915,000.00000000,000.00022187,000.00015640,000.01550147,000.38
Tournament (k=3),Blend,Uniform,0.70139,0.04023,000.00000000,000.00097570,000.00012779,000.28999287,000.26
Tournament (k=3),Blend,Uniform,0.52190,0.04791,000.00000000,000.00303965,000.00172615,000.14786088,000.35
Tournament (k=3),Blend,Uniform,0.49195,0.17762,000.00002670,000.01021357,000.01008034,000.20767860,000.30
Tournament (k=3),Blend,Uniform,0.57030,0.10516,000.00000000,000.00019598,000.00006485,000.00920111,000.28
Tournament (k=3),Blend,Uniform,0.45020,0.17762,000.00003815,000.00627837,000.00520706,000.11087986,000.30
Tournament (k=3),Blend,Uniform,0.68096,0.23084,000.00624084,000.91464245,001.20998001,000.82594687,000.38
Tournament (k=3),Blend,Uniform,0.42436,0.30000,000.04610443,001.14541769,001.44523811,000.89785284,000.41
Tournament (k=3),Blend,Uniform,0.57030,0.04023,000.00000000,000.00262160,000.00120926,000.22377110,000.23
Tournament (k=3),Blend,Uniform,0.47762,0.13667,000.00000000,000.00020390,000.00016594,000.01879966,000.32
Tournament (k=3),Blend,Gaussian,0.97087,0.19383,000.00225830,000.08438768,000.09669685,000.30852818,000.44
Tournament (k=3),Blend,Gaussian,0.76642,0.13667,000.00000000,000.00000081,000.00000000,000.00011448,000.38
Tournament (k=3),Blend,Uniform,0.47762,0.04390,000.00000000,000.00638785,000.00376892,000.17798269,000.25
Tournament (k=3),Blend,Gaussian,0.94259,0.02000,000.00000000,000.00000000,000.00000000,000.24449866,000.27
Tournament (k=3),Blend,Uniform,0.43709,0.14915,000.00000000,000.00079365,000.00055504,000.00512568,000.30
Tournament (k=3),Blend,Uniform,0.55369,0.08092,000.00000000,000.00077696,000.00040627,000.04158830,000.39
Tournament (k=3),Blend,Gaussian,0.86261,0.06795,000.00000000,000.00000000,000.00000000,000.00017781,000.34
Tournament (k=3),Blend,Uniform,0.62318,0.03686,000.00000000,000.00549664,000.00149727,000.27819034,000.26
Tournament (k=3),Blend,Uniform,0.41200,0.21153,000.00181580,000.14061499,000.14458275,000.39810520,000.34
Tournament (k=3),Blend,Uniform,0.70139,0.11476,000.00000000,000.00000958,000.00000000,000.00091752,000.31
Tournament (k=3),Blend,Uniform,0.55369,0.21153,000.01029968,000.36398521,000.34675217,000.58278763,000.32
Tournament (k=3),Blend,Uniform,0.58741,0.05228,000.00000000,000.00126953,000.00112915,000.08888422,000.24
Tournament (k=3),Blend,Gaussian,0.81310,0.03378,000.00000000,000.00000119,000.00000000,000.00566149,000.27
Tournament (k=3),Blend,Gaussian,0.86261,0.16276,000.00000763,000.00227346,000.00221252,000.02212252,000.37
Tournament (k=3),Blend,Uniform,0.45020,0.02599,000.00000000,000.04269209,000.03099251,000.44275054,000.25
Tournament (k=3),Blend,Uniform,0.53756,0.05705,000.00000000,000.00246158,000.00096893,000.11263070,000.27
Tournament (k=3),Blend,Uniform,0.66113,0.02183,000.00000000,000.03983984,000.00156593,000.48345178,000.25
Tournament (k=3),Blend,Gaussian,0.94259,0.14915,000.00000000,000.00041981,000.00033379,000.01108382,000.37
Tournament (k=3),Blend,Uniform,0.47762,0.14915,000.00000381,000.00027218,000.00024414,000.00442859,000.34
Tournament (k=3),Blend,Uniform,0.66113,0.06226,000.00000000,000.00046659,000.00010490,000.13910346,000.28
Tournament (k=3),Blend,Uniform,0.46371,0.27490,000.07212067,000.88358295,001.13436699,000.86096215,000.36
Tournament (k=3),Blend,Gaussian,0.97087,0.07415,000.00000000,000.00000000,000.00000000,000.17762570,000.40
Tournament (k=3),Blend,Uniform,0.47762,0.04791,000.00000000,000.00882783,000.00584412,000.20012294,000.31
Tournament (k=3),Blend,Uniform,0.64187,0.04791,000.00000000,000.00121346,000.00051308,000.23625237,000.26
Tournament (k=3),Blend,Uniform,0.55369,0.08830,000.00000000,000.00059409,000.00027275,000.10049855,000.29
Tournament (k=3),Blend,Uniform,0.43709,0.16276,000.00001144,000.00130124,000.00088882,000.05977412,000.32
Tournament (k=3),Blend,Uniform,0.72243,0.02000,000.00000000,000.05681677,000.00051689,000.49946523,000.21
Tournament (k=3),Blend,Gaussian,0.76642,0.14915,000.00000000,000.00003471,000.00002480,000.01789850,000.39
Tournament (k=3),Blend,Uniform,0.55369,0.02837,000.00000000,000.01726766,000.00428581,000.34473920,000.25
Tournament (k=3),Blend,Uniform,0.57030,0.30000,000.23150635,001.35072076,001.59760284,001.02395356,000.33
Tournament (k=3),Blend,Gaussian,0.97087,0.02599,000.00000000,000.00000000,000.00000000,000.14077017,000.24
Tournament (k=3),Blend,Uniform,0.46371,0.11476,000.00000000,000.00047154,000.00027847,000.01020249,000.27
Tournament (k=3),Blend,Uniform,0.46371,0.03095,000.00000000,000.03695369,000.02503014,000.26771367,000.23
Tournament (k=3),Blend,Gaussian,0.66113,0.17762,000.00003052,000.00214410,000.00225830,000.01734518,000.40
Tournament (k=3),Blend,Uniform,0.41200,0.07415,000.00000000,000.00384679,000.00177765,000.02029328,000.26
Tournament (k=3),Blend,Gaussian,0.62318,0.30000,000.00373840,000.32122922,000.37837601,000.44937345,000.42
Tournament (k=3),Blend,Uniform,0.53756,0.02000,000.00000000,000.14684992,000.03621483,000.59290123,000.20
Tournament (k=3),Blend,Uniform,0.64187,0.13667,000.00000000,000.00007324,000.00004387,000.00087197,000.33
Tournament (k=3),Blend,Uniform,0.68096,0.03095,000.00000000,000.00426121,000.00026321,000.36120477,000.23
Tournament (k=3),Blend,Uniform,0.66113,0.17762,000.00093842,000.07028198,000.07701111,000.43763113,000.34
Tournament (k=3),Blend,Gaussian,1.00000,0.04023,000.00000000,000.00000000,000.00000000,000.30384317,000.29
Tournament (k=3),Blend,Uniform,0.72243,0.02183,000.00000000,000.02566600,000.00026321,000.42310691,000.24
Tournament (k=3),Blend,Uniform,0.60503,0.06795,000.00000000,000.00018229,000.00005531,000.01413797,000.27
Tournament (k=3),Blend,Uniform,0.47762,0.16276,000.00000763,000.00109429,000.00088310,000.01405009,000.33
Tournament (k=3),Blend,Uniform,0.58741,0.02000,000.00000000,000.09553356,000.00914764,000.46166921,000.21
Tournament (k=3),Blend,Uniform,0.72243,0.05705,000.00000000,000.00010567,000.00000000,000.17083073,000.26
Tournament (k=3),Blend,Uniform,0.55369,0.03095,000.00000000,000.00836101,000.00313568,000.29217094,000.25
Tournament (k=3),Blend,Uniform,0.62318,0.08830,000.00000000,000.00017157,000.00007820,000.00586476,000.29
Tournament (k=3),Blend,Gaussian,0.97087,0.02837,000.00000000,000.00000000,000.00000000,000.21694729,000.25
Tournament (k=3),Blend,Gaussian,0.88849,0.09637,000.00000000,000.00000000,000.00000000,000.00261346,000.34
Tournament (k=3),Blend,Uniform,0.46371,0.03378,000.00000000,000.04374862,000.02195930,000.37951079,000.24
Tournament (k=3),Blend,Gaussian,0.78941,0.21153,000.00522614,000.08626485,000.09232521,000.29335812,000.38
Tournament (k=3),Blend,Uniform,0.50670,0.10516,000.00000000,000.00061398,000.00027847,000.01280728,000.27
Tournament (k=3),Blend,Uniform,0.46371,0.12524,000.00000000,000.00026927,000.00017166,000.00812722,000.29
Tournament (k=3),Blend,Gaussian,0.91514,0.03686,000.00000000,000.00000000,000.00000000,000.13685913,000.25
Tournament (k=3),Blend,Gaussian,0.94259,0.05228,000.00000000,000.00000000,000.00000000,000.15261385,000.29
Tournament (k=3),Blend,Uniform,0.41200,0.02837,000.00000000,000.05964751,000.05401802,000.34919909,000.19
Tournament (k=3),Blend,Gaussian,1.00000,0.08830,000.00000000,000.00000000,000.00000000,000.09325471,000.31
Tournament (k=3),Blend,Uniform,0.40000,0.05228,000.00000000,000.01044159,000.00871277,000.14561275,000.21
Tournament (k=3),Blend,Uniform,0.72243,0.16276,000.00010300,000.02127905,000.01707649,000.20797761,000.34
Tournament (k=3),Blend,Gaussian,0.83749,0.14915,000.00000000,000.00010123,000.00008011,000.01803561,000.39
Tournament (k=3),Blend,Uniform,0.42436,0.03686,000.00000000,000.02956209,000.01333809,000.29015777,000.20
Tournament (k=3),Blend,Uniform,0.52190,0.12524,000.00000000,000.00014882,000.00006294,000.00557612,000.31
Tournament (k=3),Blend,Uniform,0.60503,0.19383,000.00183105,000.17615370,000.13162613,000.44311422,000.36
Tournament (k=3),Blend,Gaussian,0.88849,0.03378,000.00000000,000.00000000,000.00000000,000.00178514,000.27
Tournament (k=3),Blend,Uniform,0.68096,0.08830,000.00000000,000.00005455,000.00001526,000.01365460,000.30
Tournament (k=3),Blend,Uniform,0.50670,0.25191,000.01022339,000.82715547,001.08777618,000.73932624,000.32
Tournament (k=3),Blend,Uniform,0.62318,0.09637,000.00000000,000.00011907,000.00003242,000.09908906,000.31
Tournament (k=3),Blend,Uniform,0.40000,0.16276,000.00001907,000.00147829,000.00116920,000.01085408,000.32
Tournament (k=3),Blend,Gaussian,0.97087,0.03095,000.00000000,000.00000000,000.00000000,000.21397634,000.29
Tournament (k=3),Blend,Gaussian,0.74410,0.03686,000.00000000,000.00003247,000.00000000,000.02490767,000.26
Tournament (k=3),Blend,Uniform,0.50670,0.11476,000.00000000,000.00021033,000.00014687,000.00339197,000.30
Tournament (k=3),Blend,Uniform,0.40000,0.05705,000.00000000,000.00754313,000.00454521,000.11570798,000.22
Tournament (k=3),Blend,Uniform,0.46371,0.13667,000.00000000,000.00023217,000.00015068,000.00432399,000.32
Tournament (k=3),Blend,Uniform,0.70139,0.04390,000.00000000,000.00033789,000.00002670,000.17936946,000.27
Tournament (k=3),Blend,Uniform,0.43709,0.02000,000.00000000,000.23467955,000.11217499,000.58106124,000.23
Tournament (k=3),Blend,Uniform,0.58741,0.12524,000.00000000,000.00003552,000.00002289,000.00675584,000.32
Tournament (k=3),Blend,Uniform,0.57030,0.04390,000.00000000,000.00409584,000.00300789,000.21182124,000.23
Tournament (k=3),Blend,Uniform,0.57030,0.11476,000.00000000,000.00005035,000.00001526,000.00240543,000.27
Tournament (k=3),Blend,Uniform,0.62318,0.27490,000.09838104,001.31991220,001.58088684,000.86067456,000.37
Tournament (k=3),Blend,Uniform,0.49195,0.19383,000.00046539,000.04831390,000.05511475,000.27367330,000.30
Tournament (k=3),Blend,Uniform,0.45020,0.19383,000.00061417,000.04490786,000.05011940,000.17301472,000.30
Tournament (k=3),Blend,Gaussian,0.88849,0.27490,000.04107666,000.59340483,000.69231224,000.62014335,000.51
Tournament (k=3),Blend,Gaussian,0.94259,0.02183,000.00000000,000.00000000,000.00000000,000.13926522,000.23
Tournament (k=3),Blend,Uniform,0.49195,0.05705,000.00000000,000.00340695,000.00247383,000.11061686,000.26
Tournament (k=3),Blend,Uniform,0.68096,0.09637,000.00000000,000.00002022,000.00000381,000.00348695,000.30
Tournament (k=3),Blend,Gaussian,1.00000,0.27490,000.04142761,000.90746993,001.20927238,000.67230529,000.44
Tournament (k=3),Blend,Uniform,0.68096,0.25191,000.17168808,001.26178825,001.57381058,000.77713722,000.37
Tournament (k=3),Blend,Uniform,0.43709,0.07415,000.00000000,000.00211139,000.00088882,000.03532750,000.26
Tournament (k=3),Blend,Uniform,0.62318,0.10516,000.00000000,000.00010810,000.00004005,000.00642327,000.32
Tournament (k=3),Blend,Uniform,0.50670,0.27490,000.07173920,001.00962877,001.27163887,000.82647407,000.34
Tournament (k=3),Blend,Uniform,0.40000,0.06226,000.00000000,000.00787635,000.00676155,000.15717889,000.23
Tournament (k=3),Blend,Uniform,0.62318,0.04023,000.00000000,000.00160213,000.00073624,000.27586681,000.25
Tournament (k=3),Blend,Gaussian,0.86261,0.07415,000.00000000,000.00000000,000.00000000,000.00378619,000.31
Tournament (k=3),Blend,Uniform,0.58741,0.05705,000.00000000,000.00091939,000.00035667,000.12782176,000.24
Tournament (k=3),Blend,Uniform,0.41200,0.23084,000.01902008,000.39687514,000.45113182,000.56970441,000.34
Tournament (k=3),Blend,Uniform,0.45020,0.02837,000.00000000,000.06998296,000.04654503,000.45203111,000.23
Tournament (k=3),Blend,Gaussian,0.81310,0.03686,000.00000000,000.00000052,000.00000000,000.00120133,000.28
Tournament (k=3),Blend,Uniform,0.66113,0.02382,000.00000000,000.01328340,000.00313377,000.39449778,000.24
Tournament (k=3),Blend,Uniform,0.55369,0.23084,000.03361130,000.69509596,000.93344879,000.65182769,000.31
Tournament (k=3),Blend,Uniform,0.53756,0.06226,000.00000000,000.00282459,000.00159073,000.04563320,000.27
Tournament (k=3),Blend,Gaussian,0.94259,0.02382,000.00000000,000.00000000,000.00000000,000.24430268,000.24
Tournament (k=3),Blend,Uniform,0.49195,0.06226,000.00000000,000.00288553,000.00160789,000.11313366,000.27
Tournament (k=3),Blend,Uniform,0.66113,0.06795,000.00000000,000.00017748,000.00003052,000.10169667,000.28
Tournament (k=3),Blend,Uniform,0.40000,0.06795,000.00000000,000.00675611,000.00366974,000.13981879,000.24
Tournament (k=3),Blend,Uniform,0.47762,0.05228,000.00000000,000.00523891,000.00230026,000.17209846,000.26
Tournament (k=3),Blend,Gaussian,0.86261,0.17762,000.00004578,000.01722970,000.01907921,000.17684926,000.40
Tournament (k=3),Blend,Uniform,0.62318,0.04390,000.00000000,000.00217528,000.00131226,000.10750872,000.26
Tournament (k=3),Blend,Uniform,0.62318,0.11476,000.00000000,000.00003028,000.00001335,000.00611143,000.31
Tournament (k=3),Blend,Gaussian,0.97087,0.08092,000.00000000,000.00000000,000.00000000,000.14894298,000.34
Tournament (k=3),Blend,Gaussian,0.94259,0.16276,000.00010681,000.00544291,000.00607872,000.08363831,000.39
Tournament (k=3),Blend,Uniform,0.50670,0.30000,000.10145187,001.29028785,001.48991394,000.82504839,000.33
Tournament (k=3),Blend,Uniform,0.46371,0.30000,000.17069244,001.07342100,001.25761604,000.75155759,000.36
Tournament (k=3),Blend,Uniform,0.45020,0.08092,000.00000000,000.00177016,000.00115967,000.01313516,000.25
Tournament (k=3),Blend,Uniform,0.60503,0.02599,000.00000000,000.02362299,000.00768471,000.40234423,000.22
Tournament (k=3),Blend,Uniform,0.55369,0.09637,000.00000000,000.00057759,000.00030327,000.00770017,000.29
Tournament (k=3),Blend,Uniform,0.43709,0.17762,000.00003815,000.01075568,000.01105309,000.11513882,000.29
Tournament (k=3),Blend,Uniform,0.49195,0.02183,000.00000000,000.03245502,000.01227570,000.37660375,000.24
Tournament (k=3),Blend,Uniform,0.74410,0.02837,000.00000000,000.00223045,000.00004005,000.43883622,000.22
Tournament (k=3),Blend,Uniform,0.53756,0.02183,000.00000000,000.06272464,000.02249336,000.43933189,000.21
Tournament (k=3),Blend,Uniform,0.42436,0.11476,000.00000000,000.00081863,000.00066376,000.00853457,000.30
Tournament (k=3),Blend,Uniform,0.41200,0.08092,000.00000000,000.00321360,000.00297737,000.14784053,000.27
Tournament (k=3),Blend,Uniform,0.68096,0.03378,000.00000000,000.00268412,000.00057411,000.29415634,000.25
Tournament (k=3),Blend,Uniform,0.72243,0.02382,000.00000000,000.01543789,000.00045204,000.41123125,000.21
Tournament (k=3),Blend,Uniform,0.58741,0.02183,000.00000000,000.07469454,000.00854492,000.46615538,000.21
Tournament (k=3),Blend,Uniform,0.66113,0.19383,000.00529099,000.28405493,000.25284195,000.60259950,000.32
Tournament (k=3),Blend,Uniform,0.62318,0.04791,000.00000000,000.00058417,000.00008392,000.11284290,000.27
Tournament (k=3),Blend,Uniform,0.64187,0.14915,000.00000000,000.00028563,000.00017166,000.02132013,000.34
Tournament (k=3),Blend,Uniform,0.55369,0.03378,000.00000000,000.01375480,000.00643158,000.36518189,000.23
Tournament (k=3),Blend,Gaussian,0.66113,0.19383,000.00006104,000.01032386,000.01131439,000.10979053,000.43
Tournament (k=3),Blend,Uniform,0.60503,0.07415,000.00000000,000.00048380,000.00035095,000.00694471,000.28
Tournament (k=3),Blend,Uniform,0.72243,0.06226,000.00000000,000.00007257,000.00001717,000.09963901,000.27
Tournament (k=3),Blend,Gaussian,0.86261,0.02382,000.00000000,000.00000153,000.00000000,000.12133641,000.24
Tournament (k=3),Blend,Uniform,0.46371,0.03686,000.00000000,000.01009970,000.00571823,000.23242365,000.24
Tournament (k=3),Blend,Uniform,0.47762,0.17762,000.00001907,000.00857525,000.01035118,000.16125008,000.32
Tournament (k=3),Blend,Uniform,0.74410,0.08092,000.00000000,000.00002961,000.00000763,000.09897071,000.26
Tournament (k=3),Blend,Uniform,0.41200,0.08830,000.00000000,000.00255628,000.00235367,000.04464725,000.28
Tournament (k=3),Blend,Gaussian,0.86261,0.19383,000.00215530,000.04661236,000.04927254,000.22003961,000.43
Tournament (k=3),Blend,Gaussian,0.88849,0.10516,000.00000000,000.00000000,000.00000000,000.00505360,000.33
Tournament (k=3),Blend,Gaussian,0.91514,0.10516,000.00000000,000.00000000,000.00000000,000.00261273,000.35
Tournament (k=3),Blend,Uniform,0.74410,0.23084,000.08477020,001.18193281,001.35329819,000.75455225,000.32
Tournament (k=3),Blend,Uniform,0.42436,0.12524,000.00000000,000.00034242,000.00031662,000.00450622,000.31
Tournament (k=3),Blend,Uniform,0.41200,0.03095,000.00000000,000.05441623,000.02388954,000.40295392,000.19
Tournament (k=3),Blend,Gaussian,0.76642,0.04791,000.00000000,000.00001693,000.00000000,000.00271038,000.28
Tournament (k=3),Blend,Uniform,0.72243,0.02599,000.00000000,000.00208273,000.00010681,000.36584443,000.25
Tournament (k=3),Blend,Uniform,0.42436,0.04023,000.00000000,000.01989980,000.02027893,000.26920465,000.21
Tournament (k=3),Blend,Uniform,0.62318,0.05228,000.00000000,000.00137920,000.00047684,000.14123999,000.26
Tournament (k=3),Blend,Gaussian,0.94259,0.05705,000.00000000,000.00000000,000.00000000,000.00431162,000.31
Tournament (k=3),Blend,Gaussian,1.00000,0.09637,000.00000000,000.00000000,000.00000000,000.17796785,000.32
Tournament (k=3),Blend,Gaussian,0.88849,0.03686,000.00000000,000.00000000,000.00000000,000.12725562,000.28
Tournament (k=3),Blend,Uniform,0.52190,0.13667,000.00000000,000.00018606,000.00007248,000.00802654,000.32
Tournament (k=3),Blend,Uniform,0.72243,0.17762,000.00574493,000.14982772,000.15142250,000.42269534,000.35
Tournament (k=3),Blend,Uniform,0.53756,0.14915,000.00000000,000.00026202,000.00020027,000.01045508,000.30
Tournament (k=3),Blend,Uniform,0.76642,0.04023,000.00000000,000.00014830,000.00000000,000.19466336,000.24
Tournament (k=3),Blend,Gaussian,0.97087,0.03378,000.00000000,000.00000000,000.00000000,000.18471089,000.26
Tournament (k=3),Blend,Uniform,0.74410,0.08830,000.00000000,000.00000329,000.00000000,000.09900924,000.31
Tournament (k=3),Blend,Uniform,0.60503,0.21153,000.00790405,000.43731371,000.46380997,000.58419585,000.37
Tournament (k=3),Blend,Uniform,0.41200,0.03378,000.00000000,000.02728128,000.01979446,000.30507922,000.24
Tournament (k=3),Blend,Gaussian,0.66113,0.21153,000.00078583,000.03511906,000.03398705,000.16129683,000.43
Tournament (k=3),Blend,Uniform,0.46371,0.14915,000.00000000,000.00044894,000.00046349,000.00494810,000.29
Tournament (k=3),Blend,Uniform,0.70139,0.12524,000.00000000,000.00000844,000.00000191,000.09897865,000.30
Tournament (k=3),Blend,Uniform,0.72243,0.02837,000.00000000,000.00272193,000.00024414,000.36140636,000.26
Tournament (k=3),Blend,Gaussian,0.76642,0.05228,000.00000000,000.00001903,000.00000000,000.00093692,000.30
Tournament (k=3),Blend,Gaussian,0.91514,0.11476,000.00000000,000.00000000,000.00000000,000.00068079,000.39
Tournament (k=3),Blend,Uniform,0.57030,0.04791,000.00000000,000.00428281,000.00331879,000.11973516,000.27
Tournament (k=3),Blend,Gaussian,0.97087,0.21153,000.00358200,000.29236943,000.30220032,000.50958663,000.45
Tournament (k=3),Blend,Uniform,0.57030,0.12524,000.00000000,000.00004139,000.00001907,000.00402092,000.28
Tournament (k=3),Blend,Uniform,0.58741,0.13667,000.00000000,000.00010562,000.00004196,000.01836732,000.33
Tournament (k=3),Blend,Uniform,0.50670,0.03095,000.00000000,000.01861649,000.01493835,000.31194004,000.25
Tournament (k=3),Blend,Uniform,0.45020,0.21153,000.01125336,000.17844796,000.15869713,000.44314906,000.30
Tournament (k=3),Blend,Uniform,0.49195,0.21153,000.01145172,000.23868474,000.22218513,000.45258626,000.31
Tournament (k=3),Blend,Gaussian,0.86261,0.21153,000.00223160,000.13790050,000.15986252,000.43536997,000.54
Tournament (k=3),Blend,Uniform,0.68096,0.10516,000.00000000,000.00000458,000.00000000,000.00197856,000.28
Tournament (k=3),Blend,Uniform,0.58741,0.06226,000.00000000,000.00155301,000.00059128,000.10713036,000.24
Tournament (k=3),Blend,Uniform,0.78941,0.02000,000.00000000,000.16898975,000.00031281,000.53403598,000.25
Tournament (k=3),Blend,Uniform,0.64187,0.05228,000.00000000,000.00044522,000.00014114,000.11063916,000.27
Tournament (k=3),Blend,Uniform,0.62318,0.30000,000.09951782,001.56001818,001.81485176,000.85176820,000.38
Tournament (k=3),Blend,Uniform,0.76642,0.11476,000.00000000,000.00000029,000.00000000,000.03508973,000.33
Tournament (k=3),Blend,Uniform,0.45020,0.03095,000.00000000,000.05004440,000.03329468,000.35769871,000.24
Tournament (k=3),Blend,Uniform,0.68096,0.27490,000.07718277,001.43298018,001.68407249,000.92880136,000.38
Tournament (k=3),Blend,Uniform,0.66113,0.02599,000.00000000,000.01990552,000.00203514,000.38199559,000.25
Tournament (k=3),Blend,Gaussian,0.88849,0.30000,000.09578705,000.84445953,001.11680412,000.70862085,000.45
Tournament (k=3),Blend,Gaussian,0.94259,0.02599,000.00000000,000.00000000,000.00000000,000.03180193,000.24
Tournament (k=3),Blend,Uniform,0.41200,0.25191,000.02247620,000.62356532,000.80690765,000.60443175,000.36
Tournament (k=3),Blend,Uniform,0.53756,0.06795,000.00000000,000.00139298,000.00088120,000.04468962,000.28
Tournament (k=3),Blend,Uniform,0.50670,0.03378,000.00000000,000.00892878,000.00214386,000.29765239,000.24
Tournament (k=3),Blend,Gaussian,1.00000,0.30000,000.02812576,001.05347121,001.35581970,000.78081328,000.49
Tournament (k=3),Blend,Uniform,0.40000,0.07415,000.00000000,000.00588956,000.00424385,000.11546441,000.23
Tournament (k=3),Blend,Uniform,0.52190,0.02000,000.00000000,000.09141798,000.01675797,000.58975828,000.20
Tournament (k=3),Blend,Uniform,0.47762,0.05705,000.00000000,000.00702686,000.00568390,000.12335005,000.26
Tournament (k=3),Blend,Uniform,0.55369,0.25191,000.04227448,000.77803648,001.07450104,000.71295267,000.36
Tournament (k=3),Blend,Gaussian,0.91514,0.12524,000.00000000,000.00000010,000.00000000,000.00158196,000.40
Tournament (k=3),Blend,Uniform,0.66113,0.07415,000.00000000,000.00014892,000.00006485,000.00352794,000.28
Tournament (k=3),Blend,Uniform,0.78941,0.05705,000.00000000,000.00000196,000.00000000,000.22184628,000.28
Tournament (k=3),Blend,Uniform,0.58741,0.06795,000.00000000,000.00060120,000.00013733,000.02095884,000.28
Tournament (k=3),Blend,Uniform,0.47762,0.02000,000.00000000,000.14422092,000.05676460,000.53762704,000.24
Tournament (k=3),Blend,Uniform,0.62318,0.12524,000.00000000,000.00001011,000.00000381,000.00093126,000.29
Tournament (k=3),Blend,Uniform,0.45020,0.08830,000.00000000,000.00158563,000.00114822,000.01795905,000.26
Tournament (k=3),Blend,Uniform,0.60503,0.02837,000.00000000,000.00820246,000.00164795,000.29141462,000.23
Tournament (k=3),Blend,Gaussian,0.97087,0.08830,000.00000000,000.00000000,000.00000000,000.30177659,000.34
Tournament (k=3),Blend,Uniform,0.49195,0.02382,000.00000000,000.03809381,000.02753067,000.44394973,000.23
Tournament (k=3),Blend,Uniform,0.74410,0.03095,000.00000000,000.00089822,000.00000572,000.37443101,000.23
Tournament (k=3),Blend,Uniform,0.43709,0.19383,000.00101089,000.04084210,000.03668976,000.20345560,000.30
Tournament (k=3),Blend,Uniform,0.55369,0.10516,000.00000000,000.00019803,000.00006866,000.09942695,000.31
Tournament (k=3),Blend,Uniform,0.50670,0.03686,000.00000000,000.00650845,000.00219345,000.25908056,000.26
Tournament (k=3),Blend,Gaussian,0.94259,0.17762,000.00116348,000.02905340,000.03406143,000.10821798,000.42
Tournament (k=3),Blend,Uniform,0.58741,0.02382,000.00000000,000.03055983,000.00616837,000.36437827,000.21
Tournament (k=3),Blend,Uniform,0.68096,0.03686,000.00000000,000.00216999,000.00056648,000.29947719,000.26
Tournament (k=3),Blend,Gaussian,0.91514,0.04023,000.00000000,000.00000000,000.00000000,000.09899371,000.27
Tournament (k=3),Blend,Uniform,0.55369,0.03686,000.00000000,000.00705566,000.00206757,000.32253459,000.25
Tournament (k=3),Blend,Uniform,0.52190,0.05228,000.00000000,000.00532494,000.00254440,000.18481320,000.26
Tournament (k=3),Blend,Uniform,0.72243,0.06795,000.00000000,000.00007644,000.00000381,000.13920178,000.28
Tournament (k=3),Blend,Uniform,0.60503,0.08092,000.00000000,000.00012903,000.00004768,000.00637584,000.29
Tournament (k=3),Blend,Uniform,0.46371,0.04023,000.00000000,000.01228452,000.00455856,000.24218300,000.25
Tournament (k=3),Blend,Uniform,0.64187,0.16276,000.00003052,000.00563097,000.00524902,000.12798403,000.35
Tournament (k=3),Blend,Uniform,0.78941,0.16276,000.00023651,000.13209963,000.07348633,000.44211668,000.35
Tournament (k=3),Blend,Uniform,0.66113,0.21153,000.00111008,000.72163367,001.04633331,000.66016263,000.36
Tournament (k=3),Blend,Uniform,0.62318,0.13667,000.00000000,000.00001812,000.00001144,000.00107108,000.33
Tournament (k=3),Blend,Uniform,0.81310,0.02837,000.00000000,000.00092731,000.00000000,000.34257233,000.25
Tournament (k=3),Blend,Uniform,0.47762,0.19383,000.00190353,000.05763917,000.05777740,000.24067925,000.31
Tournament (k=3),Blend,Uniform,0.42436,0.04390,000.00000000,000.01285043,000.01151085,000.16726366,000.22
Tournament (k=3),Blend,Uniform,0.43709,0.02183,000.00000000,000.17059675,000.06317711,000.53997415,000.24
Tournament (k=3),Blend,Uniform,0.70139,0.04791,000.00000000,000.00083032,000.00007820,000.15739179,000.27
Tournament (k=3),Blend,Uniform,0.50670,0.12524,000.00000000,000.00019522,000.00008965,000.00483435,000.29
Tournament (k=3),Blend,Gaussian,0.97087,0.09637,000.00000000,000.00000000,000.00000000,000.02547686,000.36
Tournament (k=3),Blend,Uniform,0.42436,0.13667,000.00000000,000.00023398,000.00021744,000.02476935,000.28
Tournament (k=3),Blend,Uniform,0.55369,0.04023,000.00000000,000.00661039,000.00225639,000.21896344,000.26
Tournament (k=3),Blend,Uniform,0.40000,0.17762,000.00004196,000.00902786,000.00976562,000.02990745,000.34
Tournament (k=3),Blend,Uniform,0.74410,0.25191,000.02811813,001.46815586,001.85071182,000.97501421,000.34
Tournament (k=3),Blend,Gaussian,0.91514,0.04390,000.00000000,000.00000000,000.00000000,000.00603643,000.32
Tournament (k=3),Blend,Uniform,0.52190,0.05705,000.00000000,000.00208364,000.00086403,000.09748638,000.29
Tournament (k=3),Blend,Gaussian,1.00000,0.10516,000.00000000,000.00000000,000.00000000,000.00711517,000.34
Tournament (k=3),Blend,Uniform,0.76642,0.04390,000.00000000,000.00002103,000.00000000,000.16998291,000.26
Tournament (k=3),Blend,Uniform,0.81310,0.08092,000.00000000,000.00000067,000.00000000,000.09905088,000.30
Tournament (k=3),Blend,Uniform,0.41200,0.03686,000.00000000,000.02532330,000.02079391,000.27554274,000.20
Tournament (k=3),Blend,Uniform,0.53756,0.16276,000.00001144,000.00203018,000.00199127,000.10171369,000.30
Tournament (k=3),Blend,Uniform,0.52190,0.14915,000.00000000,000.00031881,000.00023651,000.08274098,000.33
Tournament (k=3),Blend,Uniform,0.43709,0.02382,000.00000000,000.08765278,000.08500671,000.39449415,000.23
Tournament (k=3),Blend,Uniform,0.74410,0.09637,000.00000000,000.00000110,000.00000000,000.00062254,000.30
Tournament (k=3),Blend,Uniform,0.72243,0.03095,000.00000000,000.00309772,000.00006294,000.34150812,000.22
Tournament (k=3),Blend,Uniform,0.72243,0.19383,000.02308655,000.43350339,000.47428322,000.57812393,000.36
Tournament (k=3),Blend,Uniform,0.62318,0.14915,000.00000000,000.00022340,000.00012779,000.01952065,000.34
Tournament (k=3),Blend,Uniform,0.57030,0.05228,000.00000000,000.00293651,000.00065231,000.13769338,000.23
Tournament (k=3),Blend,Uniform,0.70139,0.13667,000.00000000,000.00004587,000.00001907,000.00824245,000.30
Tournament (k=3),Blend,Uniform,0.60503,0.23084,000.02084732,000.81065750,001.09476471,000.79170227,000.36
Tournament (k=3),Blend,Uniform,0.83749,0.04023,000.00000000,000.00005322,000.00000000,000.31107035,000.26
Tournament (k=3),Blend,Uniform,0.57030,0.13667,000.00000000,000.00009818,000.00002670,000.00196760,000.30
Tournament (k=3),Blend,Uniform,0.83749,0.11476,000.00000000,000.00000033,000.00000000,000.10851115,000.33
Tournament (k=3),Blend,Uniform,0.49195,0.06795,000.00000000,000.00225797,000.00187302,000.04601854,000.28
Tournament (k=3),Blend,Uniform,0.58741,0.14915,000.00000000,000.00044556,000.00036049,000.04983968,000.33
Tournament (k=3),Blend,Uniform,0.78941,0.02183,000.00000000,000.03974652,000.00004768,000.46676520,000.25
Tournament (k=3),Blend,Uniform,0.45020,0.03378,000.00000000,000.02435069,000.01771355,000.28864619,000.21
Tournament (k=3),Blend,Uniform,0.81310,0.23084,000.22322083,001.56804609,001.83192444,000.94923019,000.47
Tournament (k=3),Blend,Uniform,0.45020,0.23084,000.01242065,000.39953360,000.39284515,000.52287513,000.30
Tournament (k=3),Blend,Uniform,0.86261,0.02000,000.00000000,000.08907733,000.00000191,000.48737949,000.30
Tournament (k=3),Blend,Uniform,0.64187,0.05705,000.00000000,000.00061660,000.00015259,000.11310282,000.26
Tournament (k=3),Blend,Gaussian,1.00000,0.04390,000.00000000,000.00000010,000.00000000,000.21861754,000.29
Tournament (k=3),Blend,Uniform,0.49195,0.23084,000.01393127,000.38078460,000.41736984,000.46375784,000.34
Tournament (k=3),Blend,Uniform,0.40000,0.02000,000.00000000,000.19319730,000.09701920,000.54258889,000.19
Tournament (k=3),Blend,Uniform,0.53756,0.02382,000.00000000,000.06235199,000.01950073,000.40449253,000.21
Tournament (k=3),Blend,Uniform,0.66113,0.02837,000.00000000,000.00637007,000.00065994,000.34843650,000.25
Tournament (k=3),Blend,Uniform,0.86261,0.05705,000.00000000,000.00000000,000.00000000,000.00813325,000.25
Tournament (k=3),Blend,Uniform,0.76642,0.12524,000.00000000,000.00000634,000.00000000,000.01130772,000.32
Tournament (k=3),Blend,Gaussian,0.97087,0.23084,000.02088928,000.35241088,000.35240555,000.54655373,000.49
Tournament (k=3),Blend,Uniform,0.53756,0.07415,000.00000000,000.00100274,000.00063515,000.10146020,000.25
Tournament (k=3),Blend,Uniform,0.52190,0.02183,000.00000000,000.11145210,000.02375793,000.59352553,000.21
Tournament (k=3),Blend,Uniform,0.74410,0.10516,000.00000000,000.00000253,000.00000000,000.00195521,000.37
Tournament (k=3),Blend,Uniform,0.83749,0.04390,000.00000000,000.00007663,000.00000000,000.19470872,000.28
Tournament (k=3),Blend,Uniform,0.47762,0.06226,000.00000000,000.00240402,000.00196075,000.06342244,000.26
Tournament (k=3),Blend,Uniform,0.68096,0.30000,000.06689453,001.73958039,002.10850525,001.07725537,000.37
Tournament (k=3),Blend,Uniform,0.86261,0.16276,000.00024796,000.10470243,000.08741379,000.41858795,000.32
Tournament (k=3),Blend,Uniform,0.40000,0.02183,000.00000000,000.08510451,000.06016922,000.51632619,000.19
Tournament (k=3),Blend,Uniform,0.47762,0.02183,000.00000381,000.05617161,000.03944969,000.39779714,000.23
Tournament (k=3),Blend,Uniform,0.58741,0.07415,000.00000000,000.00054140,000.00020790,000.09952874,000.25
Tournament (k=3),Blend,Uniform,0.78941,0.06226,000.00000000,000.00002117,000.00000000,000.09903749,000.26
Tournament (k=3),Blend,Uniform,0.66113,0.08092,000.00000000,000.00007744,000.00001526,000.13928764,000.28
Tournament (k=3),Blend,Uniform,0.70139,0.14915,000.00000000,000.00103455,000.00068665,000.10361963,000.45
Tournament (k=3),Blend,Uniform,0.53756,0.02599,000.00000000,000.02481246,000.01451683,000.37424928,000.23
Tournament (k=3),Blend,Uniform,0.60503,0.03095,000.00000000,000.00978379,000.00244141,000.32556492,000.25
Tournament (k=3),Blend,Uniform,0.74410,0.03378,000.00000000,000.00057034,000.00004578,000.24270280,000.23
Tournament (k=3),Blend,Uniform,0.50670,0.04023,000.00000000,000.00888185,000.00289917,000.26499376,000.21
Tournament (k=3),Blend,Uniform,0.41200,0.09637,000.00000000,000.00233865,000.00103188,000.02955644,000.27
Tournament (k=3),Blend,Uniform,0.45020,0.25191,000.01962662,000.73680526,000.87942123,000.59989172,000.36
Tournament (k=3),Blend,Uniform,0.58741,0.02599,000.00000000,000.03458653,000.01078224,000.39293036,000.21
Tournament (k=3),Blend,Uniform,0.53756,0.08092,000.00000000,000.00088949,000.00041580,000.02667321,000.30
Tournament (k=3),Blend,Uniform,0.83749,0.04791,000.00000000,000.00000491,000.00000000,000.19722499,000.28
Tournament (k=3),Blend,Uniform,0.55369,0.11476,000.00000000,000.00006986,000.00002670,000.00564564,000.30
Tournament (k=3),Blend,Uniform,0.68096,0.04023,000.00000000,000.00200934,000.00055695,000.25771162,000.26
Tournament (k=3),Blend,Uniform,0.55369,0.27490,000.06814575,000.97661036,001.15969467,000.83209783,000.48
Tournament (k=3),Blend,Uniform,0.62318,0.05705,000.00000000,000.00069499,000.00016022,000.13971727,000.27
Tournament (k=3),Blend,Uniform,0.46371,0.04390,000.00000000,000.01184678,000.01063347,000.18210298,000.25
Tournament (k=3),Blend,Uniform,0.81310,0.03095,000.00000000,000.00057273,000.00000000,000.33550048,000.23
Tournament (k=3),Blend,Uniform,0.72243,0.07415,000.00000000,000.00004773,000.00000000,000.09942456,000.28
Tournament (k=3),Blend,Uniform,0.42436,0.04791,000.00000000,000.01065307,000.00654411,000.16626082,000.21
Tournament (k=3),Blend,Gaussian,0.94259,0.06226,000.00000000,000.00000000,000.00000000,000.12845027,000.31
Tournament (k=3),Blend,Uniform,0.76642,0.13667,000.00000000,000.00011654,000.00007629,000.10067297,000.47
Tournament (k=3),Blend,Uniform,0.60503,0.08830,000.00000000,000.00012426,000.00005722,000.01669388,000.29
Tournament (k=3),Blend,Gaussian,0.97087,0.03686,000.00000000,000.00000000,000.00000000,000.28423265,000.25
Tournament (k=3),Blend,Uniform,0.74410,0.03686,000.00000000,000.00144668,000.00001526,000.28924263,000.25
Tournament (k=3),Blend,Uniform,0.66113,0.08830,000.00000000,000.00012031,000.00003815,000.09895880,000.29
Tournament (k=3),Blend,Uniform,0.58741,0.02837,000.00000000,000.01703234,000.00248337,000.33471021,000.23
Tournament (k=3),Blend,Uniform,0.41200,0.10516,000.00000000,000.00214348,000.00163460,000.02259053,000.30
Tournament (k=3),Blend,Uniform,0.66113,0.23084,000.01892471,000.83251345,001.17727661,000.79609835,000.36
Tournament (k=3),Blend,Uniform,0.64187,0.17762,000.00015259,000.06703701,000.06105232,000.31526271,000.38
Tournament (k=3),Blend,Uniform,0.47762,0.21153,000.00701523,000.19275971,000.23911858,000.43426552,000.35
Tournament (k=3),Blend,Uniform,0.83749,0.05228,000.00000000,000.00000196,000.00000000,000.21867579,000.29
Tournament (k=3),Blend,Uniform,0.53756,0.08830,000.00000000,000.00048571,000.00021553,000.01868648,000.30
Tournament (k=3),Blend,Uniform,0.45020,0.27490,000.08475876,000.89189446,001.12609482,000.66822326,000.35
Tournament (k=3),Blend,Uniform,0.50670,0.13667,000.00000000,000.00013824,000.00011444,000.00124160,000.30
Tournament (k=3),Blend,Uniform,0.55369,0.04390,000.00000000,000.00339832,000.00124741,000.18107821,000.25
Tournament (k=3),Blend,Uniform,0.55369,0.12524,000.00000000,000.00003929,000.00002670,000.00075868,000.32
Tournament (k=3),Blend,Gaussian,0.91514,0.04791,000.00000000,000.00000000,000.00000000,000.13088752,000.27
Tournament (k=3),Blend,Uniform,0.52190,0.06226,000.00000000,000.00182066,000.00083733,000.01481080,000.27
Tournament (k=3),Blend,Gaussian,0.97087,0.10516,000.00000000,000.00000000,000.00000000,000.01647819,000.36
Tournament (k=3),Blend,Uniform,0.42436,0.14915,000.00000000,000.00041499,000.00022888,000.00819324,000.32
Tournament (k=3),Blend,Uniform,0.81310,0.08830,000.00000000,000.00000286,000.00000000,000.02704794,000.30
Tournament (k=3),Blend,Uniform,0.68096,0.11476,000.00000000,000.00001049,000.00000763,000.00217057,000.29
Tournament (k=3),Blend,Uniform,0.40000,0.19383,000.00029755,000.02768168,000.02974701,000.11902010,000.33
Tournament (k=3),Blend,Uniform,0.43709,0.02599,000.00000000,000.04575248,000.02573586,000.34759828,000.23
Tournament (k=3),Blend,Uniform,0.74410,0.27490,000.08784485,001.72845626,002.09790802,000.98891312,000.34
Tournament (k=3),Blend,Uniform,0.64187,0.02000,000.00000000,000.01687713,000.00148392,000.45203361,000.22
Tournament (k=3),Blend,Uniform,0.74410,0.04023,000.00000000,000.00014372,000.00000763,000.23819259,000.34
Tournament (k=3),Blend,Uniform,0.72243,0.03378,000.00000000,000.00118837,000.00023651,000.27165645,000.22
Tournament (k=3),Blend,Gaussian,1.00000,0.11476,000.00000000,000.00000000,000.00000000,000.00032012,000.35
Tournament (k=3),Blend,Uniform,0.53756,0.17762,000.00020599,000.01700249,000.01230621,000.07055277,000.31
Tournament (k=3),Blend,Uniform,0.57030,0.05705,000.00000000,000.00223799,000.00125504,000.14047545,000.27
Tournament (k=3),Blend,Uniform,0.52190,0.16276,000.00001526,000.00164657,000.00131226,000.05133568,000.33
Tournament (k=3),Blend,Uniform,0.88849,0.02837,000.00000000,000.01141410,000.00000000,000.45150951,000.25
Tournament (k=3),Blend,Uniform,0.72243,0.21153,000.03310394,000.81269056,001.10469437,000.68420225,000.36
Tournament (k=3),Blend,Uniform,0.45020,0.30000,000.06044769,001.04759228,001.22399139,000.78584677,000.38
Tournament (k=3),Blend,Uniform,0.86261,0.02183,000.00000000,000.03952961,000.00000000,000.46138984,000.22
Tournament (k=3),Blend,Uniform,0.57030,0.14915,000.00000000,000.00039301,000.00024796,000.00844566,000.30
Tournament (k=3),Blend,Uniform,0.78941,0.02382,000.00000000,000.00227990,000.00000191,000.39498788,000.25
Tournament (k=3),Blend,Uniform,0.45020,0.03686,000.00000000,000.02573109,000.02062798,000.20712714,000.25
Tournament (k=3),Blend,Uniform,0.49195,0.07415,000.00000000,000.00231662,000.00149727,000.10752733,000.27
Tournament (k=3),Blend,Uniform,0.64187,0.06226,000.00000000,000.00057330,000.00016022,000.14040436,000.25
Tournament (k=3),Blend,Uniform,0.83749,0.12524,000.00000000,000.00001078,000.00000000,000.04682050,000.30
Tournament (k=3),Blend,Uniform,0.41200,0.27490,000.08599091,000.88961381,001.17319489,000.72022468,000.35
Tournament (k=3),Blend,Uniform,0.60503,0.25191,000.06166077,000.97849065,001.23099899,000.69879919,000.36
Tournament (k=3),Blend,Uniform,0.81310,0.09637,000.00000000,000.00000029,000.00000000,000.00518904,000.31
Tournament (k=3),Blend,Gaussian,0.86261,0.02599,000.00000000,000.00000010,000.00000000,000.00270904,000.27
Tournament (k=3),Blend,Gaussian,1.00000,0.04791,000.00000000,000.00000000,000.00000000,000.23749261,000.30
Tournament (k=3),Blend,Uniform,0.81310,0.25191,000.10542679,001.73825574,002.03941917,000.91580093,000.33
Tournament (k=3),Blend,Uniform,0.49195,0.25191,000.03224945,000.66550243,000.80241585,000.80581993,000.31
Tournament (k=3),Blend,Uniform,0.57030,0.06226,000.00000000,000.00127711,000.00044632,000.10092786,000.29
Tournament (k=3),Blend,Gaussian,0.91514,0.13667,000.00000000,000.00001931,000.00001144,000.00110175,000.43
Tournament (k=3),Blend,Uniform,0.86261,0.06226,000.00000000,000.00000234,000.00000000,000.16967347,000.28
Tournament (k=3),Blend,Uniform,0.52190,0.02382,000.00000000,000.05837526,000.02229500,000.42100117,000.21
Tournament (k=3),Blend,Uniform,0.52190,0.17762,000.00005341,000.01918068,000.01781273,000.21455288,000.36
Tournament (k=3),Blend,Uniform,0.40000,0.02382,000.00000000,000.12510324,000.08617020,000.51011670,000.20
Tournament (k=3),Blend,Uniform,0.78941,0.02599,000.00000000,000.00063314,000.00000000,000.43517557,000.25
Tournament (k=3),Blend,Uniform,0.70139,0.02000,000.00000000,000.17699651,000.01623535,000.58764684,000.25
Tournament (k=3),Blend,Uniform,0.43709,0.21153,000.00313950,000.15645714,000.16639519,000.38822064,000.30
Tournament (k=3),Blend,Uniform,0.47762,0.02382,000.00000000,000.11022973,000.07359314,000.45072639,000.25
Tournament (k=3),Blend,Uniform,0.72243,0.23084,000.03537369,001.03260493,001.30590057,000.84937245,000.38
Tournament (k=3),Blend,Uniform,0.53756,0.02837,000.00000000,000.02214813,000.01119804,000.28204155,000.22
Tournament (k=3),Blend,Uniform,0.58741,0.08092,000.00000000,000.00014520,000.00005913,000.00544050,000.27
Tournament (k=3),Blend,Uniform,0.88849,0.08092,000.00000000,000.00000014,000.00000000,000.16305046,000.32
Tournament (k=3),Blend,Uniform,0.60503,0.03378,000.00000000,000.00652380,000.00352287,000.27433133,000.26
Tournament (k=3),Blend,Uniform,0.57030,0.16276,000.00003052,000.00353875,000.00313950,000.10121449,000.36
Tournament (k=3),Blend,Uniform,0.86261,0.17762,000.01689148,000.45113486,000.39395905,000.62260413,000.33
Tournament (k=3),Blend,Uniform,0.70139,0.16276,000.00009155,000.01297221,000.01230812,000.15700431,000.31
Tournament (k=3),Blend,Uniform,0.78941,0.17762,000.00556183,000.38131809,000.41964531,000.59201783,000.35
Tournament (k=3),Blend,Gaussian,0.97087,0.25191,000.03398895,000.59588730,000.72421265,000.60228622,000.48
Tournament (k=3),Blend,Uniform,0.88849,0.23084,000.11050415,001.71796453,002.07148170,001.01199913,000.39
Tournament (k=3),Blend,Uniform,0.50670,0.04390,000.00000000,000.01067395,000.00736809,000.15215862,000.28
Tournament (k=3),Blend,Uniform,0.91514,0.04023,000.00000000,000.00000081,000.00000000,000.28813875,000.28
Tournament (k=3),Blend,Uniform,0.70139,0.05228,000.00000000,000.00012207,000.00001526,000.16975923,000.27
Tournament (k=3),Blend,Uniform,0.68096,0.04390,000.00000000,000.00084791,000.00030327,000.17102151,000.26
Tournament (k=3),Blend,Uniform,0.62318,0.06226,000.00000000,000.00081582,000.00018692,000.07847136,000.25
Tournament (k=3),Blend,Uniform,0.42436,0.05228,000.00000000,000.00693526,000.00558090,000.15354881,000.22
Tournament (k=3),Blend,Uniform,0.78941,0.02837,000.00000000,000.00077605,000.00000000,000.34437883,000.27
Tournament (k=3),Blend,Uniform,0.81310,0.03378,000.00000000,000.00000648,000.00000000,000.29882213,000.23
Tournament (k=3),Blend,Uniform,0.46371,0.04791,000.00000000,000.00923438,000.00572968,000.14030384,000.25
Tournament (k=3),Blend,Uniform,0.72243,0.08092,000.00000000,000.00003176,000.00000191,000.09994491,000.29
Tournament (k=3),Blend,Uniform,0.76642,0.04791,000.00000000,000.00002060,000.00000000,000.13949953,000.27
Tournament (k=3),Blend,Gaussian,0.94259,0.06795,000.00000000,000.00000000,000.00000000,000.22111332,000.32
Tournament (k=3),Blend,Uniform,0.60503,0.09637,000.00000000,000.00009437,000.00005150,000.00275559,000.30
Tournament (k=3),Blend,Uniform,0.91514,0.11476,000.00000000,000.00000014,000.00000000,000.00844390,000.29
Tournament (k=3),Blend,Uniform,0.58741,0.03095,000.00000000,000.01455183,000.00199318,000.40850413,000.22
Tournament (k=3),Blend,Uniform,0.76642,0.14915,000.00000000,000.00249810,000.00214195,000.10797077,000.36
Tournament (k=3),Blend,Uniform,0.86261,0.19383,000.00716019,000.78825355,001.04417038,000.78165293,000.33
Tournament (k=3),Blend,Uniform,0.94259,0.02000,000.00000000,000.08353162,000.00000000,000.50683212,000.26
Tournament (k=3),Blend,Uniform,0.70139,0.17762,000.00139618,000.13007431,000.10940361,000.42470703,000.33
Tournament (k=3),Blend,Uniform,0.78941,0.19383,000.02251816,000.56450045,000.61997414,000.65979970,000.34
Tournament (k=3),Blend,Uniform,0.53756,0.09637,000.00000000,000.00051756,000.00034714,000.01724344,000.26
Tournament (k=3),Blend,Uniform,0.94259,0.05705,000.00000000,000.00000119,000.00000000,000.22735424,000.28
Tournament (k=3),Blend,Uniform,0.83749,0.05705,000.00000000,000.00000057,000.00000000,000.01080045,000.27
Tournament (k=3),Blend,Uniform,0.46371,0.05228,000.00000000,000.00837493,000.00545883,000.16316973,000.26
Tournament (k=3),Blend,Uniform,0.50670,0.14915,000.00000000,000.00019588,000.00016212,000.00368324,000.30
Tournament (k=3),Blend,Uniform,0.62318,0.16276,000.00003433,000.00595932,000.00397873,000.18220264,000.31
Tournament (k=3),Blend,Uniform,0.64187,0.19383,000.00679016,000.20452437,000.18998146,000.51991582,000.35
Tournament (k=3),Blend,Uniform,0.66113,0.25191,000.04409409,001.10090280,001.29195595,000.87916857,000.37
Tournament (k=3),Blend,Uniform,0.72243,0.08830,000.00000000,000.00001402,000.00000000,000.00207835,000.30
Tournament (k=3),Blend,Gaussian,0.91514,0.05228,000.00000000,000.00000000,000.00000000,000.00123148,000.27
Tournament (k=3),Blend,Uniform,0.97087,0.02837,000.00000000,000.01602716,000.00000000,000.40093842,000.27
Tournament (k=3),Blend,Uniform,0.60503,0.10516,000.00000000,000.00008183,000.00003433,000.00203347,000.31
Tournament (k=3),Blend,Uniform,0.68096,0.12524,000.00000000,000.00000577,000.00000000,000.01818926,000.29
Tournament (k=3),Blend,Uniform,0.94259,0.16276,000.00818634,000.42198676,000.34996223,000.70966029,000.37
Tournament (k=3),Blend,Gaussian,0.97087,0.27490,000.07532501,000.92351139,001.19741058,000.69260859,000.58
Tournament (k=3),Blend,Uniform,0.58741,0.16276,000.00002289,000.00884643,000.00575638,000.21218187,000.34
Tournament (k=3),Blend,Uniform,0.72243,0.03686,000.00000000,000.00036640,000.00000763,000.28127852,000.23
Tournament (k=3),Blend,Uniform,0.74410,0.04390,000.00000000,000.00058956,000.00000763,000.21730015,000.24
Tournament (k=3),Blend,Uniform,0.64187,0.02183,000.00000000,000.08334418,000.00892067,000.44134462,000.25
Tournament (k=3),Blend,Uniform,0.97087,0.08092,000.00000000,000.00000000,000.00000000,000.09918974,000.30
Tournament (k=3),Blend,Uniform,0.40000,0.21153,000.00525284,000.14498572,000.13464165,000.41212088,000.34
Tournament (k=3),Blend,Uniform,0.66113,0.03095,000.00000000,000.00342679,000.00039673,000.20694597,000.25
Tournament (k=3),Blend,Uniform,0.83749,0.06226,000.00000000,000.00000024,000.00000000,000.13927867,000.29
Tournament (k=3),Blend,Uniform,0.74410,0.30000,000.31092072,002.14001727,002.46841431,001.03497338,000.35
Tournament (k=3),Blend,Uniform,0.49195,0.02599,000.00000000,000.03200202,000.01812363,000.34587902,000.25
Tournament (k=3),Blend,Uniform,0.88849,0.03095,000.00000000,000.00000148,000.00000000,000.30226964,000.26
Tournament (k=3),Blend,Uniform,0.86261,0.02382,000.00000000,000.00620694,000.00000000,000.46072364,000.22
Tournament (k=3),Blend,Uniform,1.00000,0.04023,000.00000000,000.00000334,000.00000000,000.31994295,000.24
Tournament (k=3),Blend,Uniform,0.53756,0.19383,000.00169754,000.11026330,000.11107826,000.34532094,000.32
Tournament (k=3),Blend,Uniform,0.74410,0.11476,000.00000000,000.00000129,000.00000000,000.00230165,000.29
Tournament (k=3),Blend,Uniform,0.97087,0.23084,000.10394669,001.83077276,002.09508514,001.05810547,000.37
Tournament (k=3),Blend,Uniform,0.47762,0.06795,000.00000000,000.00228219,000.00222015,000.09435248,000.26
Tournament (k=3),Blend,Uniform,0.49195,0.08092,000.00000000,000.00168810,000.00085449,000.03481906,000.27
Tournament (k=3),Blend,Uniform,0.97087,0.03095,000.00000000,000.00000052,000.00000000,000.44178385,000.31
Tournament (k=3),Blend,Uniform,0.64187,0.02382,000.00000000,000.02000451,000.00121117,000.41678065,000.25
Tournament (k=3),Blend,Uniform,0.74410,0.04791,000.00000000,000.00007772,000.00000000,000.19522052,000.26
Tournament (k=3),Blend,Uniform,0.78941,0.06795,000.00000000,000.00000062,000.00000000,000.00469391,000.26
Tournament (k=3),Blend,Uniform,0.64187,0.06795,000.00000000,000.00046887,000.00008011,000.04789784,000.28
Tournament (k=3),Blend,Uniform,0.40000,0.02599,000.00000000,000.07711015,000.06734467,000.41797450,000.19
Tournament (k=3),Blend,Uniform,0.52190,0.02599,000.00000000,000.04193535,000.01113510,000.37001538,000.21
Tournament (k=3),Blend,Uniform,0.83749,0.13667,000.00000000,000.00028391,000.00023079,000.03864353,000.34
Tournament (k=3),Blend,Uniform,0.86261,0.06795,000.00000000,000.00000024,000.00000000,000.10206371,000.27
Tournament (k=3),Blend,Uniform,0.41200,0.30000,000.03310394,001.05249441,001.33292961,000.89770311,000.36
Tournament (k=3),Blend,Uniform,1.00000,0.11476,000.00000000,000.00002394,000.00000000,000.10102370,000.35
Tournament (k=3),Blend,Uniform,0.49195,0.27490,000.04650497,001.05216920,001.24723244,000.83570999,000.32
Tournament (k=3),Blend,Uniform,0.76642,0.02000,000.00000000,000.08008213,000.00004578,000.51475674,000.32
Tournament (k=3),Blend,Uniform,0.81310,0.27490,000.33560944,002.01120305,002.40751266,001.11043549,000.35
Tournament (k=3),Blend,Uniform,0.53756,0.03095,000.00000000,000.01866112,000.00777435,000.34348950,000.22
Tournament (k=3),Blend,Uniform,0.70139,0.02183,000.00000000,000.09314551,000.00237465,000.50759745,000.25
Tournament (k=3),Blend,Uniform,0.47762,0.02599,000.00000000,000.05892968,000.04339600,000.38873759,000.23
Tournament (k=3),Blend,Uniform,0.52190,0.19383,000.00270844,000.08468242,000.08715439,000.38571748,000.34
Tournament (k=3),Blend,Gaussian,0.91514,0.14915,000.00000000,000.00050530,000.00038910,000.00668232,000.40
Tournament (k=3),Blend,Uniform,0.60503,0.03686,000.00000000,000.00270448,000.00072861,000.22554311,000.25
Tournament (k=3),Blend,Uniform,0.58741,0.08830,000.00000000,000.00038676,000.00016022,000.00464729,000.28
Tournament (k=3),Blend,Uniform,0.55369,0.30000,000.06283188,001.48496926,001.70837021,000.98735529,000.37
Tournament (k=3),Blend,Uniform,0.50670,0.04791,000.00000000,000.00406089,000.00255203,000.14137551,000.26
Tournament (k=3),Blend,Uniform,0.72243,0.25191,000.13293076,001.33703256,001.57557106,000.89068174,000.37
Tournament (k=3),Blend,Uniform,0.88849,0.08830,000.00000000,000.00000010,000.00000000,000.00049559,000.31
Tournament (k=3),Blend,Uniform,0.57030,0.17762,000.00004959,000.02625537,000.01897430,000.34891620,000.31
Tournament (k=3),Blend,Uniform,0.66113,0.09637,000.00000000,000.00002489,000.00001144,000.00692606,000.30
Tournament (k=3),Blend,Uniform,0.70139,0.05705,000.00000000,000.00017252,000.00001144,000.11718747,000.26
Tournament (k=3),Blend,Uniform,0.88849,0.25191,000.52827835,001.84026206,002.03221130,000.94227493,000.34
Tournament (k=3),Blend,Uniform,0.78941,0.03095,000.00000000,000.00060039,000.00000000,000.32574183,000.23
Tournament (k=3),Blend,Uniform,0.76642,0.02183,000.00000000,000.06377997,000.00033951,000.45087788,000.26
Tournament (k=3),Blend,Uniform,0.81310,0.03686,000.00000000,000.00025530,000.00000000,000.26877940,000.23
Tournament (k=3),Blend,Uniform,0.62318,0.06795,000.00000000,000.00035977,000.00013351,000.10903983,000.25
Tournament (k=3),Blend,Uniform,0.55369,0.04791,000.00000000,000.00200758,000.00061226,000.02479600,000.26
Tournament (k=3),Blend,Uniform,1.00000,0.12524,000.00000000,000.00156641,000.00010681,000.20317854,000.33
Tournament (k=3),Blend,Uniform,0.83749,0.14915,000.00002289,000.01000590,000.00818062,000.20367290,000.35
Tournament (k=3),Blend,Uniform,0.76642,0.05228,000.00000000,000.00003514,000.00000191,000.11238556,000.26
Tournament (k=3),Blend,Uniform,0.58741,0.03378,000.00000000,000.01008387,000.00515175,000.33486342,000.22
Tournament (k=3),Blend,Uniform,0.55369,0.13667,000.00000000,000.00007467,000.00006866,000.00137530,000.33
Tournament (k=3),Blend,Uniform,0.49195,0.30000,000.00206375,001.29145539,001.57036018,000.80269396,000.40
Tournament (k=3),Blend,Uniform,0.52190,0.06795,000.00000000,000.00117812,000.00031281,000.10774334,000.28
Tournament (k=3),Blend,Uniform,0.94259,0.02183,000.00000000,000.03782310,000.00000000,000.51912993,000.24
Tournament (k=3),Blend,Gaussian,0.94259,0.07415,000.00000000,000.00000000,000.00000000,000.19133107,000.32
Tournament (k=3),Blend,Uniform,0.91514,0.12524,000.00000000,000.00014501,000.00002861,000.03415646,000.32
Tournament (k=3),Blend,Uniform,0.76642,0.16276,000.00026703,000.04168906,000.04784775,000.44885147,000.32
Tournament (k=3),Blend,Uniform,0.88849,0.09637,000.00000000,000.00000024,000.00000000,000.11356461,000.33
Tournament (k=3),Blend,Uniform,0.53756,0.10516,000.00000000,000.00019503,000.00006294,000.00301517,000.27
Tournament (k=3),Blend,Uniform,0.45020,0.09637,000.00000000,000.00078068,000.00056076,000.01567269,000.25
Tournament (k=3),Blend,Uniform,0.70139,0.19383,000.01254272,000.35125250,000.39771080,000.57529002,000.31
Tournament (k=3),Blend,Uniform,0.94259,0.06226,000.00000000,000.00000000,000.00000000,000.16964848,000.28
Tournament (k=3),Blend,Uniform,0.62318,0.07415,000.00000000,000.00032015,000.00006866,000.09936333,000.28
Tournament (k=3),Blend,Uniform,0.78941,0.21153,000.10095215,001.03118455,001.28565216,000.82687545,000.34
Tournament (k=3),Blend,Uniform,0.58741,0.03686,000.00000000,000.00475721,000.00136948,000.21270046,000.22
Tournament (k=3),Blend,Uniform,0.72243,0.09637,000.00000000,000.00000596,000.00000000,000.00043806,000.29
Tournament (k=3),Blend,Gaussian,1.00000,0.12524,000.00000000,000.00000148,000.00000000,000.02977913,000.38
Tournament (k=3),Blend,Uniform,0.64187,0.21153,000.01434708,000.48678860,000.53851700,000.70676583,000.38
Tournament (k=3),Blend,Uniform,0.60503,0.11476,000.00000000,000.00002918,000.00001717,000.00461531,000.31
Tournament (k=3),Blend,Uniform,0.66113,0.27490,000.04931259,001.46609867,001.70297050,000.97491711,000.37
Tournament (k=3),Blend,Uniform,0.72243,0.04023,000.00000000,000.00059452,000.00006104,000.19607989,000.23
Tournament (k=3),Blend,Uniform,0.55369,0.14915,000.00000000,000.00024619,000.00021744,000.00323276,000.31
Tournament (k=3),Blend,Uniform,0.57030,0.06795,000.00000000,000.00174389,000.00078964,000.02295088,000.24
Tournament (k=3),Blend,Uniform,0.66113,0.03378,000.00000000,000.00520506,000.00076675,000.36290285,000.26
Tournament (k=3),Blend,Uniform,0.49195,0.02837,000.00000000,000.03748669,000.02515984,000.34427404,000.21
Tournament (k=3),Blend,Uniform,0.58741,0.17762,000.00043488,000.03174901,000.02687073,000.23161893,000.35
Tournament (k=3),Blend,Uniform,0.45020,0.10516,000.00000000,000.00088019,000.00064850,000.01295555,000.29
Tournament (k=3),Blend,Gaussian,0.94259,0.19383,000.00440216,000.08009768,000.07405090,000.36414227,000.45
Tournament (k=3),Blend,Uniform,0.97087,0.08830,000.00000000,000.00000010,000.00000000,000.21702400,000.31
Tournament (k=3),Blend,Uniform,0.81310,0.10516,000.00000000,000.00000043,000.00000000,000.00842180,000.32
Tournament (k=3),Blend,Uniform,0.86261,0.02599,000.00000000,000.00124855,000.00000000,000.38287136,000.22
Tournament (k=3),Blend,Uniform,0.94259,0.06795,000.00000000,000.00000000,000.00000000,000.24422292,000.29
Tournament (k=3),Blend,Uniform,0.88849,0.03378,000.00000000,000.00014219,000.00000000,000.28926644,000.27
Tournament (k=3),Blend,Uniform,0.60503,0.27490,000.06729507,001.22221398,001.39530945,000.77879220,000.39
Tournament (k=3),Blend,Uniform,1.00000,0.04390,000.00000000,000.00000410,000.00000000,000.39732778,000.26
Tournament (k=3),Blend,Gaussian,0.97087,0.30000,000.01141357,000.94972646,001.17728996,000.69021702,000.50
Tournament (k=3),Blend,Uniform,0.53756,0.21153,000.01755524,000.23913464,000.26477623,000.44747773,000.32
Tournament (k=3),Blend,Uniform,0.47762,0.07415,000.00000000,000.00176630,000.00126266,000.02079104,000.28
Tournament (k=3),Blend,Uniform,0.74410,0.12524,000.00000000,000.00000505,000.00000000,000.00445277,000.30
Tournament (k=3),Blend,Uniform,0.97087,0.03378,000.00000000,000.00002337,000.00000000,000.38175625,000.28
Tournament (k=3),Blend,Uniform,0.49195,0.08830,000.00000000,000.00116677,000.00056267,000.03076016,000.29
Tournament (k=3),Blend,Uniform,0.74410,0.05228,000.00000000,000.00007749,000.00000000,000.17029257,000.25
Tournament (k=3),Blend,Uniform,0.64187,0.02599,000.00000000,000.02913566,000.00169754,000.49932840,000.25
Tournament (k=3),Blend,Uniform,0.78941,0.07415,000.00000000,000.00001988,000.00000000,000.00561104,000.26
Tournament (k=3),Blend,Uniform,0.97087,0.25191,000.80377960,002.28573680,002.59053040,001.10716581,000.37
Tournament (k=3),Blend,Uniform,0.86261,0.02837,000.00000000,000.00002313,000.00000000,000.32299459,000.25
Tournament (k=3),Blend,Uniform,0.70139,0.02382,000.00000000,000.02278867,000.00137138,000.50266165,000.23
Tournament (k=3),Blend,Uniform,0.64187,0.07415,000.00000000,000.00056090,000.00010681,000.01399259,000.28
Tournament (k=3),Blend,Uniform,0.91514,0.04390,000.00000000,000.00000877,000.00000000,000.30321115,000.27
Tournament (k=3),Blend,Uniform,0.68096,0.04791,000.00000000,000.00044212,000.00010681,000.17610833,000.27
Tournament (k=3),Blend,Uniform,0.86261,0.07415,000.00000000,000.00000000,000.00000000,000.03958927,000.29
Tournament (k=3),Blend,Uniform,0.88849,0.03686,000.00000000,000.00003986,000.00000000,000.28398240,000.26
Tournament (k=3),Blend,Uniform,1.00000,0.04791,000.00000000,000.00003362,000.00000000,000.38268507,000.26
Tournament (k=3),Blend,Uniform,0.81310,0.11476,000.00000000,000.00000200,000.00000000,000.00187654,000.34
Tournament (k=3),Blend,Uniform,0.60503,0.04023,000.00000000,000.00229068,000.00073624,000.21923395,000.25
Tournament (k=3),Blend,Uniform,0.57030,0.02000,000.00000000,000.20521417,000.09120560,000.55349523,000.24
Tournament (k=3),Blend,Uniform,0.50670,0.05228,000.00000000,000.00604405,000.00280762,000.17069693,000.25
Tournament (k=3),Blend,Uniform,0.60503,0.30000,000.30146408,001.74391687,002.09824562,000.86698216,000.37
Tournament (k=3),Blend,Uniform,0.58741,0.09637,000.00000000,000.00020947,000.00013924,000.00683794,000.27
Tournament (k=3),Blend,Uniform,0.76642,0.02382,000.00000000,000.00339704,000.00006485,000.39415964,000.21
Tournament (k=3),Blend,Uniform,0.81310,0.04023,000.00000000,000.00000868,000.00000000,000.25375310,000.23
Tournament (k=3),Blend,Uniform,0.57030,0.19383,000.00145721,000.16682696,000.15395164,000.39909238,000.30
Tournament (k=3),Blend,Uniform,0.78941,0.08092,000.00000000,000.00000505,000.00000000,000.09915992,000.28
Tournament (k=3),Blend,Uniform,0.66113,0.10516,000.00000000,000.00001602,000.00000763,000.00215175,000.30
Tournament (k=3),Blend,Uniform,0.86261,0.03095,000.00000000,000.00003357,000.00000000,000.32522073,000.25
Tournament (k=3),Blend,Uniform,0.86261,0.21153,000.10737610,001.17916369,001.39603996,000.90340370,000.34
Tournament (k=3),Blend,Uniform,0.55369,0.05228,000.00000000,000.00209794,000.00104141,000.14200686,000.25
Tournament (k=3),Blend,Uniform,0.72243,0.27490,000.17575836,001.79906785,002.18398857,001.12740433,000.36
Tournament (k=3),Blend,Uniform,0.76642,0.05705,000.00000000,000.00005212,000.00000000,000.24136876,000.27
Tournament (k=3),Blend,Uniform,0.62318,0.17762,000.00022125,000.04844751,000.05105591,000.24080658,000.31
Tournament (k=3),Blend,Uniform,0.88849,0.27490,000.35006714,002.19717932,002.49870491,001.15118790,000.38
Tournament (k=3),Blend,Uniform,1.00000,0.13667,000.00000763,000.03860626,000.01598740,000.41103959,000.34
Tournament (k=3),Blend,Uniform,0.83749,0.16276,000.00163269,000.18119964,000.14622688,000.58438921,000.34
Tournament (k=3),Blend,Uniform,0.52190,0.07415,000.00000000,000.00263505,000.00159454,000.03571009,000.26
Tournament (k=3),Blend,Uniform,0.81310,0.12524,000.00000000,000.00000877,000.00000000,000.00504129,000.35
Tournament (k=3),Blend,Uniform,0.76642,0.02599,000.00000000,000.00169034,000.00003052,000.39040217,000.23
Tournament (k=3),Blend,Uniform,0.91514,0.13667,000.00000000,000.00563788,000.00249481,000.28751522,000.31
Tournament (k=3),Blend,Uniform,0.94259,0.17762,000.03212357,000.70725912,001.02046394,000.86204147,000.37
Tournament (k=3),Blend,Uniform,0.88849,0.10516,000.00000000,000.00000000,000.00000000,000.01843783,000.32
Tournament (k=3),Blend,Uniform,0.76642,0.17762,000.00248337,000.23888364,000.23379898,000.54586834,000.35
Tournament (k=3),Blend,Uniform,0.83749,0.06795,000.00000000,000.00000038,000.00000000,000.00118983,000.29
Tournament (k=3),Blend,Uniform,0.72243,0.04390,000.00000000,000.00018954,000.00001526,000.17918670,000.24
Tournament (k=3),Blend,Uniform,0.72243,0.10516,000.00000000,000.00000567,000.00000000,000.00971734,000.29
Tournament (k=3),Blend,Uniform,0.70139,0.21153,000.02062988,000.70409513,000.93440437,000.70097947,000.33
Tournament (k=3),Blend,Uniform,0.60503,0.12524,000.00000000,000.00002451,000.00002480,000.00920635,000.32
Tournament (k=3),Blend,Uniform,0.76642,0.06226,000.00000000,000.00013008,000.00001144,000.13933073,000.28
Tournament (k=3),Blend,Uniform,0.78941,0.23084,000.05573273,001.31234074,001.63620186,000.87899137,000.37
Tournament (k=3),Blend,Gaussian,1.00000,0.13667,000.00000000,000.00009260,000.00006104,000.04238369,000.36
Tournament (k=3),Blend,Uniform,0.49195,0.03095,000.00000000,000.01592360,000.00698662,000.28852028,000.24
Tournament (k=3),Blend,Uniform,0.66113,0.03686,000.00000000,000.00085111,000.00011063,000.23545143,000.26
Tournament (k=3),Blend,Uniform,0.57030,0.07415,000.00000000,000.00068116,000.00037766,000.17148139,000.28
Tournament (k=3),Blend,Uniform,0.72243,0.30000,000.25271225,001.99417186,002.26999092,001.10025573,000.39
Tournament (k=3),Blend,Uniform,0.86261,0.23084,000.07841492,001.63405132,002.02946854,001.03224730,000.42
Tournament (k=3),Blend,Uniform,0.53756,0.03378,000.00000000,000.01406851,000.00388336,000.30409741,000.22
Tournament (k=3),Blend,Uniform,0.58741,0.19383,000.00440979,000.15237793,000.13251114,000.45688224,000.35
Tournament (k=3),Blend,Uniform,0.97087,0.09637,000.00000000,000.00000000,000.00000000,000.14067201,000.31
Tournament (k=3),Blend,Uniform,0.72243,0.04791,000.00000000,000.00018454,000.00004387,000.11820441,000.26
Tournament (k=3),Blend,Uniform,0.94259,0.07415,000.00000000,000.00000000,000.00000000,000.02947903,000.30
Tournament (k=3),Blend,Uniform,0.81310,0.30000,000.42890167,002.31795430,002.66381454,001.04437518,000.36
Tournament (k=3),Blend,Uniform,0.53756,0.23084,000.02060699,000.58540565,000.69664955,000.57932711,000.31
Tournament (k=3),Blend,Gaussian,0.94259,0.21153,000.01184082,000.21568851,000.22244453,000.43650660,000.41
Tournament (k=3),Blend,Uniform,0.74410,0.05705,000.00000000,000.00006113,000.00000763,000.01321773,000.25
Tournament (k=3),Blend,Uniform,0.97087,0.03686,000.00000000,000.00002432,000.00000000,000.40775383,000.27
Tournament (k=3),Blend,Uniform,0.64187,0.02837,000.00000000,000.01870913,000.00745964,000.28743395,000.25
Tournament (k=3),Blend,Uniform,0.74410,0.13667,000.00000000,000.00006423,000.00002861,000.00402446,000.30
Tournament (k=3),Blend,Uniform,0.52190,0.21153,000.00314331,000.25640965,000.28616714,000.41431826,000.35
Tournament (k=3),Blend,Uniform,0.49195,0.09637,000.00000000,000.00145469,000.00042725,000.01988909,000.29
Tournament (k=3),Blend,Uniform,0.78941,0.03378,000.00000000,000.00004582,000.00000000,000.19480833,000.26
Tournament (k=3),Blend,Uniform,0.70139,0.06226,000.00000000,000.00012255,000.00000763,000.17052206,000.28
Tournament (k=3),Blend,Uniform,0.76642,0.19383,000.01055145,000.58470261,000.61035347,000.72033155,000.38
Tournament (k=3),Blend,Uniform,0.70139,0.02599,000.00000000,000.01973119,000.00037384,000.42884171,000.24
Tournament (k=3),Blend,Uniform,0.53756,0.03686,000.00000000,000.01290998,000.00843048,000.23705180,000.26
Tournament (k=3),Blend,Uniform,0.97087,0.27490,000.44968033,002.38514590,002.69248581,001.10981119,000.37
Tournament (k=3),Blend,Uniform,0.86261,0.25191,000.29455948,001.97316420,002.37342072,000.87048286,000.37
Tournament (k=3),Blend,Uniform,0.88849,0.04023,000.00000000,000.00000000,000.00000000,000.10239058,000.24
Tournament (k=3),Blend,Uniform,0.86261,0.08092,000.00000000,000.00000000,000.00000000,000.00308660,000.28
Tournament (k=3),Blend,Uniform,0.97087,0.10516,000.00000000,000.00000005,000.00000000,000.01283819,000.34
Tournament (k=3),Blend,Uniform,0.57030,0.02183,000.00000000,000.17211513,000.02537727,000.46862775,000.25
Tournament (k=3),Blend,Uniform,0.62318,0.02000,000.00000000,000.14615230,000.02212524,000.50585949,000.25
Tournament (k=3),Blend,Uniform,0.60503,0.04390,000.00000000,000.00386252,000.00105858,000.19957098,000.26
Tournament (k=3),Blend,Uniform,1.00000,0.05228,000.00000000,000.00000105,000.00000000,000.26537895,000.28
Tournament (k=3),Blend,Uniform,0.94259,0.02382,000.00000000,000.07232575,000.00000000,000.49022338,000.27
Tournament (k=3),Blend,Uniform,0.58741,0.10516,000.00000000,000.00007229,000.00002670,000.00148688,000.27
Tournament (k=3),Blend,Uniform,0.81310,0.04390,000.00000000,000.00019178,000.00000000,000.23749496,000.25
Tournament (k=3),Blend,Uniform,0.58741,0.21153,000.00620270,000.41503590,000.42460442,000.58965337,000.40
Tournament (k=3),Blend,Uniform,0.68096,0.13667,000.00000000,000.00004807,000.00002480,000.00253089,000.30
Tournament (k=3),Blend,Gaussian,1.00000,0.05228,000.00000000,000.00000000,000.00000000,000.21298744,000.31
Tournament (k=3),Blend,Uniform,0.57030,0.21153,000.00512695,000.41424918,000.38208771,000.61189568,000.31
Tournament (k=3),Blend,Uniform,0.66113,0.11476,000.00000000,000.00001435,000.00000381,000.00212656,000.32
Tournament (k=3),Blend,Uniform,0.78941,0.03686,000.00000000,000.00038595,000.00000000,000.25317878,000.33
Tournament (k=3),Blend,Uniform,0.64187,0.23084,000.02182007,000.72018683,000.88782501,000.75307178,000.36
Tournament (k=3),Blend,Uniform,0.76642,0.02837,000.00000000,000.00065079,000.00001335,000.36213428,000.22
Tournament (k=3),Blend,Uniform,0.66113,0.30000,000.10440445,001.88622224,002.25856018,001.05520928,000.37
Tournament (k=3),Blend,Uniform,0.76642,0.21153,000.06620789,000.85976303,001.06287766,000.91224653,000.48
Tournament (k=3),Blend,Uniform,0.62318,0.19383,000.00251770,000.18709984,000.20125580,000.39511052,000.36
Tournament (k=3),Blend,Uniform,0.83749,0.07415,000.00000000,000.00000043,000.00000000,000.16038091,000.29
Tournament (k=3),Blend,Uniform,0.72243,0.11476,000.00000000,000.00000257,000.00000000,000.09899252,000.28
Tournament (k=3),Blend,Uniform,0.88849,0.30000,000.51900101,002.70385218,003.11135483,001.14776671,000.35
Tournament (k=3),Blend,Uniform,0.81310,0.13667,000.00000000,000.00021629,000.00010490,000.04752085,000.33
Tournament (k=3),Blend,Uniform,1.00000,0.14915,000.00033951,000.17366771,000.17731476,000.65719980,000.35
Tournament (k=3),Blend,Uniform,0.91514,0.14915,000.00094986,000.05820274,000.05359840,000.37630829,000.32
Tournament (k=3),Blend,Uniform,0.88849,0.11476,000.00000000,000.00000033,000.00000000,000.00692912,000.31
Tournament (k=3),Blend,Uniform,0.83749,0.17762,000.00241852,000.44227511,000.48456383,000.70033735,000.37
Tournament (k=3),Blend,Uniform,0.70139,0.23084,000.01699829,001.01156175,001.33794212,000.86279011,000.32
Tournament (k=3),Blend,Uniform,0.49195,0.03378,000.00000000,000.02501979,000.00806427,000.27685240,000.25
Tournament (k=3),Blend,Uniform,0.60503,0.13667,000.00000000,000.00006404,000.00003052,000.00118269,000.34
Tournament (k=3),Blend,Uniform,0.94259,0.19383,000.03510284,001.03679907,001.31113815,000.81813842,000.36
Tournament (k=3),Blend,Uniform,0.66113,0.04023,000.00000000,000.00076575,000.00015450,000.17309724,000.25
Tournament (k=3),Blend,Uniform,0.68096,0.14915,000.00000000,000.00065246,000.00047112,000.01114335,000.36
Tournament (k=3),Blend,Uniform,0.74410,0.02000,000.00000000,000.06871323,000.00048828,000.46277627,000.25
Tournament (k=3),Blend,Gaussian,1.00000,0.14915,000.00000763,000.00089345,000.00073051,000.01156427,000.39
Tournament (k=3),Blend,Uniform,0.68096,0.02000,000.00000000,000.10233335,000.00496101,000.44896895,000.25
Tournament (k=3),Blend,Uniform,0.64187,0.08092,000.00000000,000.00015740,000.00006866,000.01108309,000.29
Tournament (k=3),Blend,Uniform,0.83749,0.02000,000.00000000,000.16565427,000.00012779,000.53013307,000.22
Tournament (k=3),Blend,Uniform,0.72243,0.05228,000.00000000,000.00017128,000.00000572,000.21842296,000.23
Tournament (k=3),Blend,Uniform,0.68096,0.05228,000.00000000,000.00029745,000.00001717,000.10791483,000.27
Tournament (k=3),Blend,Uniform,0.64187,0.03095,000.00000000,000.00961647,000.00181580,000.35884950,000.25
Tournament (k=3),Blend,Uniform,0.94259,0.08092,000.00000000,000.00000014,000.00000000,000.15513533,000.30
Tournament (k=3),Blend,Uniform,0.49195,0.10516,000.00000000,000.00064769,000.00031281,000.09890699,000.26
Tournament (k=3),Blend,Uniform,0.86261,0.03378,000.00000000,000.00187778,000.00000000,000.38045990,000.25
Tournament (k=3),Blend,Uniform,0.74410,0.06226,000.00000000,000.00011525,000.00000381,000.13977952,000.30
Tournament (k=3),Blend,Uniform,0.70139,0.02837,000.00000000,000.00412064,000.00113678,000.38621220,000.25
Tournament (k=3),Blend,Uniform,0.78941,0.08830,000.00000000,000.00000048,000.00000000,000.00277788,000.28
Tournament (k=3),Blend,Uniform,0.53756,0.25191,000.05646515,000.82433927,001.13879776,000.70226574,000.32
Tournament (k=3),Blend,Uniform,0.74410,0.14915,000.00000000,000.00240412,000.00142479,000.13936947,000.31
Tournament (k=3),Blend,Uniform,0.70139,0.06795,000.00000000,000.00017295,000.00003815,000.09975088,000.28
Tournament (k=3),Blend,Uniform,1.00000,0.16276,000.02344513,000.45031887,000.52110672,000.67517394,000.37
Tournament (k=3),Blend,Uniform,0.88849,0.04390,000.00000000,000.00000396,000.00000000,000.28442627,000.24
Tournament (k=3),Blend,Uniform,0.68096,0.02183,000.00000000,000.04954195,000.00233650,000.54532069,000.24
Tournament (k=3),Blend,Uniform,0.68096,0.16276,000.00011063,000.02165732,000.01585388,000.23921855,000.35
Tournament (k=3),Blend,Uniform,0.97087,0.30000,000.41497040,002.97311664,003.37061882,001.10042667,000.39
Tournament (k=3),Blend,Uniform,0.60503,0.04791,000.00000000,000.00103354,000.00043106,000.10463367,000.26
Tournament (k=3),Blend,Uniform,0.64187,0.08830,000.00000000,000.00017629,000.00003242,000.12081879,000.28
Tournament (k=3),Blend,Uniform,0.94259,0.02599,000.00000000,000.00005593,000.00000000,000.31233793,000.26
Tournament (k=3),Blend,Uniform,1.00000,0.05705,000.00000000,000.00005956,000.00000000,000.33688277,000.29
Tournament (k=3),Blend,Uniform,0.97087,0.11476,000.00000000,000.00000234,000.00000000,000.10339717,000.33
Tournament (k=3),Blend,Uniform,0.81310,0.04791,000.00000000,000.00000467,000.00000000,000.17528588,000.25
Tournament (k=3),Blend,Uniform,0.76642,0.03095,000.00000000,000.00138965,000.00000191,000.37360555,000.23
Tournament (k=3),Blend,Uniform,0.76642,0.06795,000.00000000,000.00001607,000.00000000,000.13923800,000.26
Tournament (k=3),Blend,Uniform,0.74410,0.06795,000.00000000,000.00002441,000.00000000,000.00133414,000.28
Tournament (k=3),Blend,Uniform,0.78941,0.04023,000.00000000,000.00011778,000.00000000,000.21692522,000.27
Tournament (k=3),Blend,Uniform,0.91514,0.04791,000.00000000,000.00000029,000.00000000,000.21931648,000.28
Tournament (k=3),Blend,Uniform,0.58741,0.23084,000.01627731,000.72012806,000.91064644,000.65810061,000.34
Tournament (k=3),Blend,Uniform,0.66113,0.12524,000.00000000,000.00000987,000.00000763,000.09917521,000.33
Tournament (k=3),Blend,Uniform,0.91514,0.02000,000.00000000,000.10551681,000.00000000,000.44487309,000.23
Tournament (k=3),Blend,Uniform,0.78941,0.25191,000.24340820,001.88783073,002.23129272,000.92226452,000.40
Tournament (k=3),Blend,Uniform,0.62318,0.21153,000.02957535,000.49990565,000.53664207,000.61912626,000.33
Tournament (k=3),Blend,Uniform,0.72243,0.12524,000.00000000,000.00000257,000.00000000,000.09898880,000.31
Tournament (k=3),Blend,Uniform,0.83749,0.08092,000.00000000,000.00000062,000.00000000,000.00408619,000.32
Tournament (k=3),Blend,Uniform,0.64187,0.25191,000.07868958,001.14583838,001.37720108,000.89827871,000.44
Tournament (k=3),Blend,Uniform,0.81310,0.05228,000.00000000,000.00004001,000.00000000,000.13927370,000.27
Tournament (k=3),Blend,Uniform,0.64187,0.09637,000.00000000,000.00007472,000.00000954,000.01362592,000.32
Tournament (k=3),Blend,Uniform,0.49195,0.03686,000.00000000,000.02167125,000.01301575,000.27419645,000.25
Tournament (k=3),Blend,Uniform,1.00000,0.17762,000.03742981,000.96810091,001.34093475,000.84179568,000.45
Tournament (k=3),Blend,Uniform,0.91514,0.16276,000.00681305,000.39769283,000.42574120,000.67677432,000.35
Tournament (k=3),Blend,Uniform,0.81310,0.14915,000.00000381,000.01440868,000.00919151,000.20767123,000.37
Tournament (k=3),Blend,Uniform,0.88849,0.12524,000.00000000,000.00005174,000.00000763,000.01095224,000.36
Tournament (k=3),Blend,Uniform,0.83749,0.19383,000.00942612,000.81274593,001.13560295,000.71846443,000.37
Tournament (k=3),Blend,Uniform,0.66113,0.04390,000.00000000,000.00130343,000.00020599,000.23539437,000.28
Tournament (k=3),Blend,Uniform,0.74410,0.02183,000.00000000,000.02495031,000.00075531,000.48565328,000.27
Tournament (k=3),Blend,Uniform,0.57030,0.02382,000.00000000,000.06051078,000.01895142,000.42698672,000.27
Tournament (k=3),Blend,Uniform,0.62318,0.02183,000.00000000,000.08769870,000.00850296,000.48866394,000.28
Tournament (k=3),Blend,Uniform,0.60503,0.14915,000.00000000,000.00027966,000.00020599,000.01361502,000.36
Tournament (k=3),Blend,Uniform,0.83749,0.02183,000.00000000,000.06548071,000.00000000,000.53250349,000.25
Tournament (k=3),Blend,Uniform,0.86261,0.08830,000.00000000,000.00000010,000.00000000,000.01167927,000.30
Tournament (k=3),Blend,Uniform,0.94259,0.21153,000.05751038,001.59651053,002.05683899,001.14544272,000.40
Tournament (k=3),Blend,Uniform,0.86261,0.27490,000.26341248,002.33251405,002.56627464,001.03281927,000.37
Tournament (k=3),Blend,Uniform,0.68096,0.05705,000.00000000,000.00025134,000.00007248,000.13973887,000.29
Tournament (k=3),Blend,Uniform,0.64187,0.03378,000.00000000,000.00743480,000.00290871,000.29853711,000.28
Tournament (k=3),Blend,Uniform,0.86261,0.03686,000.00000000,000.00026083,000.00000000,000.32284993,000.25
Tournament (k=3),Blend,Uniform,0.70139,0.03095,000.00000000,000.00586271,000.00009537,000.36470008,000.27
Tournament (k=3),Blend,Uniform,0.94259,0.08830,000.00000000,000.00000000,000.00000000,000.10263570,000.33
Tournament (k=3),Blend,Uniform,0.81310,0.05705,000.00000000,000.00000744,000.00000000,000.25366011,000.30
Tournament (k=3),Blend,Uniform,0.78941,0.09637,000.00000000,000.00000062,000.00000000,000.09900507,000.30
Tournament (k=3),Blend,Uniform,0.68096,0.02382,000.00000000,000.10869451,000.00144196,000.49871165,000.23
Tournament (k=3),Blend,Uniform,0.74410,0.16276,000.00025177,000.03482814,000.03290749,000.28765863,000.32
Tournament (k=3),Blend,Uniform,0.60503,0.05228,000.00000000,000.00234127,000.00078964,000.19481187,000.23
Tournament (k=3),Blend,Uniform,0.66113,0.04791,000.00000000,000.00236726,000.00036430,000.18856809,000.28
Tournament (k=3),Blend,Uniform,0.53756,0.27490,000.02047729,001.07434881,001.36851311,000.85148585,000.34
Tournament (k=3),Blend,Uniform,0.62318,0.02382,000.00000000,000.07661238,000.00455284,000.54478586,000.26
Tournament (k=3),Blend,Uniform,0.97087,0.04023,000.00000000,000.00000415,000.00000000,000.23327528,000.28
Tournament (k=3),Blend,Uniform,0.81310,0.16276,000.00171661,000.11871471,000.10112381,000.45838931,000.37
Tournament (k=3),Blend,Uniform,1.00000,0.06226,000.00000000,000.00000267,000.00000000,000.27156734,000.29
Tournament (k=3),Blend,Uniform,0.68096,0.17762,000.00100708,000.11585198,000.11531639,000.39750376,000.33
Tournament (k=3),Blend,Uniform,0.76642,0.23084,000.08054352,001.19680893,001.43852615,000.83301485,000.38
Tournament (k=3),Blend,Uniform,0.86261,0.09637,000.00000000,000.00000000,000.00000000,000.02455586,000.33
Tournament (k=3),Blend,Uniform,0.68096,0.06226,000.00000000,000.00036459,000.00004196,000.10833009,000.26
Tournament (k=3),Blend,Uniform,0.76642,0.03378,000.00000000,000.00176287,000.00004959,000.30202588,000.23
Tournament (k=3),Blend,Uniform,0.97087,0.12524,000.00000000,000.00025063,000.00006485,000.01594916,000.34
Tournament (k=3),Blend,Uniform,0.76642,0.07415,000.00000000,000.00001082,000.00000000,000.13924873,000.26
Tournament (k=3),Blend,Uniform,0.78941,0.04390,000.00000000,000.00007329,000.00000000,000.14097352,000.27
Tournament (k=3),Blend,Uniform,0.91514,0.02183,000.00000000,000.02901807,000.00000000,000.45499083,000.22
Tournament (k=3),Blend,Uniform,0.91514,0.05228,000.00000000,000.00000000,000.00000000,000.16970474,000.28
Tournament (k=3),Blend,Uniform,0.70139,0.03378,000.00000000,000.00303984,000.00019646,000.31117797,000.38
Tournament (k=3),Blend,Uniform,0.83749,0.08830,000.00000000,000.00000010,000.00000000,000.00470849,000.30
Tournament (k=3),Blend,Uniform,0.66113,0.13667,000.00000000,000.00003705,000.00001717,000.01126863,000.33
Tournament (k=3),Blend,Uniform,0.72243,0.13667,000.00000000,000.00011611,000.00004959,000.14068468,000.31
Tournament (k=3),Blend,Uniform,0.58741,0.25191,000.09672546,000.93747985,001.16742706,000.74367744,000.36
Tournament (k=3),Blend,Uniform,0.74410,0.02382,000.00000000,000.06186114,000.00047112,000.47718140,000.23
Tournament (k=3),Blend,Uniform,0.88849,0.04791,000.00000000,000.00000005,000.00000000,000.21770468,000.25
Tournament (k=3),Blend,Uniform,1.00000,0.02000,000.00000000,000.07419381,000.00000000,000.49143603,000.22
Tournament (k=3),Blend,Uniform,0.57030,0.02599,000.00000000,000.03876815,000.00983810,000.39382786,000.25
Tournament (k=3),Blend,Uniform,0.78941,0.27490,000.37293625,001.82212329,002.17865562,000.97929710,000.38
Tournament (k=3),Blend,Uniform,0.83749,0.02382,000.00000000,000.00754738,000.00000000,000.46821913,000.22
Tournament (k=3),Blend,Uniform,0.64187,0.27490,000.08874512,001.53162515,001.63606834,000.82998174,000.37
Tournament (k=3),Blend,Uniform,0.91514,0.17762,000.03443909,000.63628644,000.71180344,000.81396908,000.33
Tournament (k=3),Blend,Uniform,0.88849,0.13667,000.00000000,000.00199246,000.00098991,000.24650471,000.35
Tournament (k=3),Blend,Uniform,0.83749,0.21153,000.06646729,001.08738101,001.30230713,000.94948900,000.37
Tournament (k=3),Blend,Uniform,0.97087,0.04390,000.00000000,000.00000172,000.00000000,000.34722221,000.42
Tournament (k=3),Blend,Uniform,0.81310,0.17762,000.00721741,000.37969947,000.39363098,000.55853111,000.40
Tournament (k=3),Blend,Uniform,0.94259,0.02837,000.00000000,000.00057192,000.00000000,000.40044981,000.26
Tournament (k=3),Blend,Uniform,0.68096,0.19383,000.00820541,000.37015519,000.39109039,000.57884514,000.43
Tournament (k=3),Blend,Uniform,0.86261,0.04023,000.00000000,000.00000477,000.00000000,000.22765456,000.24
Tournament (k=3),Blend,Uniform,0.64187,0.03686,000.00000000,000.00379696,000.00185585,000.32060239,000.26
Tournament (k=3),Blend,Uniform,0.81310,0.06226,000.00000000,000.00000391,000.00000000,000.09896823,000.25
Tournament (k=3),Blend,Uniform,0.74410,0.02599,000.00000000,000.00937347,000.00038147,000.40535611,000.26
Tournament (k=3),Blend,Uniform,0.68096,0.02599,000.00000000,000.00477700,000.00016403,000.37724051,000.24
Tournament (k=3),Blend,Uniform,0.94259,0.23084,000.22732162,001.80035901,002.22306442,001.02671528,000.37
Tournament (k=3),Blend,Uniform,0.94259,0.09637,000.00000000,000.00000000,000.00000000,000.09935068,000.29
Tournament (k=3),Blend,Uniform,0.83749,0.09637,000.00000000,000.00000000,000.00000000,000.09899474,000.33
Tournament (k=3),Blend,Uniform,0.78941,0.10516,000.00000000,000.00000052,000.00000000,000.00083166,000.29
Tournament (k=3),Blend,Uniform,0.62318,0.02599,000.00000000,000.02832956,000.00447655,000.44303450,000.25
Tournament (k=3),Blend,Uniform,0.66113,0.05228,000.00000000,000.00057101,000.00020981,000.14026166,000.26
Tournament (k=3),Blend,Uniform,0.86261,0.30000,000.04497147,002.44739103,002.82003784,001.21038389,000.37
Tournament (k=3),Blend,Uniform,0.64187,0.10516,000.00000000,000.00003643,000.00000763,000.00103869,000.31
Tournament (k=3),Blend,Uniform,0.74410,0.17762,000.00219345,000.20367002,000.18770409,000.60363746,000.35
Tournament (k=3),Blend,Uniform,1.00000,0.19383,000.08018494,001.34910321,001.59083939,000.99369800,000.33
Tournament (k=3),Blend,Uniform,0.97087,0.04791,000.00000000,000.00000057,000.00000000,000.31387696,000.29
Tournament (k=3),Blend,Uniform,0.53756,0.30000,000.17835236,001.47824335,001.77330780,000.90285963,000.35
Tournament (k=3),Blend,Uniform,0.94259,0.03095,000.00000000,000.00000134,000.00000000,000.28797507,000.29
Tournament (k=3),Blend,Uniform,0.76642,0.03686,000.00000000,000.00007858,000.00000000,000.25424156,000.23
Tournament (k=3),Blend,Uniform,0.81310,0.19383,000.00631714,000.74009073,001.05597496,000.79243469,000.37
Tournament (k=3),Blend,Uniform,0.88849,0.14915,000.00022888,000.03474526,000.02566528,000.43162030,000.39
Tournament (k=3),Blend,Uniform,0.68096,0.06795,000.00000000,000.00011811,000.00001526,000.00598642,000.28
Tournament (k=3),Blend,Uniform,0.86261,0.10516,000.00000000,000.00000000,000.00000000,000.00127329,000.29
Tournament (k=3),Blend,Uniform,0.91514,0.02382,000.00000000,000.08264141,000.00000000,000.45423201,000.23
Tournament (k=3),Blend,Uniform,0.78941,0.04791,000.00000000,000.00003104,000.00000000,000.19494949,000.25
Tournament (k=3),Blend,Uniform,0.76642,0.25191,000.11788177,001.52133083,001.76980019,000.97675693,000.35
Tournament (k=3),Blend,Uniform,0.91514,0.05705,000.00000000,000.00000076,000.00000000,000.19525996,000.26
Tournament (k=3),Blend,Uniform,0.94259,0.10516,000.00000000,000.00000000,000.00000000,000.14014599,000.33
Tournament (k=3),Blend,Uniform,0.88849,0.05228,000.00000000,000.00000043,000.00000000,000.19815712,000.25
Tournament (k=3),Blend,Uniform,0.97087,0.13667,000.00000000,000.01149673,000.00751495,000.24544701,000.37
Tournament (k=3),Blend,Uniform,0.83749,0.02599,000.00000000,000.03488045,000.00000000,000.44367915,000.24
Tournament (k=3),Blend,Uniform,0.72243,0.14915,000.00000000,000.00128322,000.00104904,000.16450255,000.34
Tournament (k=3),Blend,Uniform,0.70139,0.25191,000.30260468,001.41376650,001.63426781,000.92474848,000.37
Tournament (k=3),Blend,Uniform,0.58741,0.27490,000.08684540,001.39146399,001.60445976,000.85247374,000.41
Tournament (k=3),Blend,Uniform,0.94259,0.03378,000.00000000,000.00001569,000.00000000,000.32495192,000.28
Tournament (k=3),Blend,Uniform,0.74410,0.19383,000.01149750,000.56147289,000.59949303,000.61635333,000.36
Tournament (k=3),Blend,Uniform,1.00000,0.06795,000.00000000,000.00000682,000.00000000,000.38324791,000.27
Tournament (k=3),Blend,Uniform,0.64187,0.30000,000.06016159,001.78799975,002.11374283,000.99328083,000.38
Tournament (k=3),Blend,Uniform,0.78941,0.30000,000.28139877,002.26388288,002.49960518,001.02893603,000.39
Tournament (k=3),Blend,Uniform,0.81310,0.06795,000.00000000,000.00000081,000.00000000,000.09898936,000.26
Tournament (k=3),Blend,Uniform,0.68096,0.07415,000.00000000,000.00009880,000.00003624,000.01183340,000.29
Tournament (k=3),Blend,Uniform,0.70139,0.07415,000.00000000,000.00007639,000.00001526,000.01142151,000.31
Tournament (k=3),Blend,Uniform,0.86261,0.11476,000.00000000,000.00000000,000.00000000,000.03995142,000.31
Tournament (k=3),Blend,Uniform,0.76642,0.08092,000.00000000,000.00000277,000.00000000,000.00131449,000.27
Tournament (k=3),Blend,Uniform,0.83749,0.23084,000.09700012,001.48733294,001.79440308,000.92277724,000.37
Tournament (k=3),Blend,Uniform,0.70139,0.03686,000.00000000,000.00150733,000.00018501,000.21766528,000.26
Tournament (k=3),Blend,Uniform,0.83749,0.02837,000.00000000,000.00010304,000.00000000,000.42670271,000.25
Tournament (k=3),Blend,Uniform,0.83749,0.10516,000.00000000,000.00000000,000.00000000,000.00011629,000.33
Tournament (k=3),Blend,Uniform,0.74410,0.07415,000.00000000,000.00002017,000.00000000,000.00757653,000.26
Tournament (k=3),Blend,Uniform,1.00000,0.02183,000.00000000,000.05880661,000.00000000,000.52065635,000.23
Tournament (k=3),Blend,Uniform,0.78941,0.11476,000.00000000,000.00000024,000.00000000,000.09898938,000.33
Tournament (k=3),Blend,Uniform,0.94259,0.25191,000.09466934,002.07510138,002.44870186,001.12612832,000.38
Tournament (k=3),Blend,Uniform,0.66113,0.14915,000.00000000,000.00074806,000.00056267,000.00980431,000.33
Tournament (k=3),Blend,Uniform,0.97087,0.05228,000.00000000,000.00000782,000.00000000,000.39655778,000.28
Tournament (k=3),Blend,Uniform,0.91514,0.02599,000.00000000,000.00000830,000.00000000,000.33806786,000.22
Tournament (k=3),Blend,Uniform,0.86261,0.04390,000.00000000,000.00000834,000.00000000,000.28441966,000.24
Tournament (k=3),Blend,Uniform,0.78941,0.05228,000.00000000,000.00004144,000.00000000,000.10261499,000.25
Tournament (k=3),Blend,Uniform,0.91514,0.19383,000.08478546,000.96739995,001.21588516,000.75426936,000.35
Tournament (k=3),Blend,Uniform,1.00000,0.21153,000.16257858,001.71270823,001.92669678,000.92450601,000.37
Tournament (k=3),Blend,Uniform,0.91514,0.06226,000.00000000,000.00000000,000.00000000,000.24068627,000.28
Tournament (k=3),Blend,Uniform,0.68096,0.21153,000.00566483,000.60716617,000.68222427,000.68028188,000.32
Tournament (k=3),Blend,Uniform,0.88849,0.02000,000.00000000,000.05215674,000.00000763,000.44519231,000.23
Tournament (k=3),Blend,Uniform,0.81310,0.21153,000.06748581,001.10283613,001.25832748,000.79898709,000.36
Tournament (k=3),Blend,Uniform,0.88849,0.16276,000.00059509,000.19017982,000.18466759,000.49820980,000.36
Tournament (k=3),Blend,Uniform,0.88849,0.05705,000.00000000,000.00000000,000.00000000,000.17091927,000.30
Tournament (k=3),Blend,Uniform,0.94259,0.11476,000.00000000,000.00000539,000.00000000,000.12234675,000.33
Tournament (k=3),Blend,Uniform,0.76642,0.27490,000.13165665,001.98541951,002.28627777,001.00934947,000.38
Tournament (k=3),Blend,Uniform,0.94259,0.03686,000.00000000,000.00004287,000.00000000,000.41150463,000.27
Tournament (k=3),Blend,Uniform,1.00000,0.07415,000.00000000,000.00000005,000.00000000,000.09902941,000.27
Tournament (k=3),Blend,Uniform,0.97087,0.14915,000.00270844,000.13173275,000.13618469,000.47091979,000.34
Tournament (k=3),Blend,Uniform,0.81310,0.02000,000.00000000,000.13391371,000.00020981,000.51568675,000.25
Tournament (k=3),Blend,Uniform,0.74410,0.21153,000.02715302,000.81600511,001.16429329,000.74699736,000.34
Tournament (k=3),Blend,Uniform,0.70139,0.27490,000.09509277,001.61848044,001.89419746,001.04917693,000.37
Tournament (k=3),Blend,Uniform,0.58741,0.30000,000.06622696,001.55510807,001.81876755,000.96911436,000.39
Tournament (k=3),Blend,Uniform,0.81310,0.07415,000.00000000,000.00000143,000.00000000,000.00026925,000.29
Tournament (k=3),Blend,Uniform,0.70139,0.08092,000.00000000,000.00003877,000.00000763,000.12342403,000.29
Tournament (k=3),Blend,Uniform,0.76642,0.08830,000.00000000,000.00000405,000.00000000,000.00136056,000.27
Tournament (k=3),Blend,Uniform,0.83749,0.03095,000.00000000,000.00095229,000.00000000,000.40341929,000.23
Tournament (k=3),Blend,Uniform,1.00000,0.02382,000.00000000,000.09619679,000.00000000,000.43942156,000.23
Tournament (k=3),Blend,Uniform,0.86261,0.12524,000.00000000,000.00005646,000.00000381,000.04174632,000.32
Tournament (k=3),Blend,Uniform,0.91514,0.02837,000.00000000,000.00077996,000.00000000,000.39948961,000.23
Tournament (k=3),Blend,Uniform,0.97087,0.05705,000.00000000,000.00000024,000.00000000,000.29952368,000.28
Tournament (k=3),Blend,Uniform,0.86261,0.04791,000.00000000,000.00000405,000.00000000,000.17006020,000.26
Tournament (k=3),Blend,Uniform,0.78941,0.12524,000.00000000,000.00000305,000.00000000,000.07908376,000.33
Tournament (k=3),Blend,Uniform,0.88849,0.06226,000.00000000,000.00000014,000.00000000,000.15828378,000.29
Tournament (k=3),Blend,Uniform,0.83749,0.25191,000.15734863,001.84104192,002.22012520,000.99672568,000.37
Tournament (k=3),Blend,Uniform,0.88849,0.02183,000.00000000,000.04226489,000.00000000,000.47064704,000.23
Tournament (k=3),Blend,Uniform,0.91514,0.06795,000.00000000,000.00000014,000.00000000,000.25516900,000.28
Tournament (k=3),Blend,Uniform,0.94259,0.27490,000.22697449,002.32126427,002.72111893,001.09232521,000.38
Tournament (k=3),Blend,Uniform,0.91514,0.21153,000.13079453,001.39171290,001.60576820,000.98419440,000.34
Tournament (k=3),Blend,Uniform,0.94259,0.04023,000.00000000,000.00002565,000.00000000,000.24484903,000.26
Tournament (k=3),Blend,Uniform,1.00000,0.23084,000.31498718,002.02229261,002.33350754,001.14045405,000.37
Tournament (k=3),Blend,Uniform,0.81310,0.02183,000.00000000,000.08177666,000.00000000,000.47212455,000.25
Tournament (k=3),Blend,Uniform,0.94259,0.12524,000.00000000,000.00039449,000.00006485,000.18301027,000.33
Tournament (k=3),Blend,Uniform,1.00000,0.08092,000.00000000,000.00000052,000.00000000,000.14374050,000.29
Tournament (k=3),Blend,Uniform,0.88849,0.17762,000.00901031,000.54897565,000.57672119,000.68786329,000.35
Tournament (k=3),Blend,Uniform,0.97087,0.16276,000.01743317,000.45303988,000.48888969,000.63974011,000.33
Tournament (k=3),Blend,Uniform,0.83749,0.03378,000.00000000,000.00028872,000.00000000,000.38240239,000.25
Tournament (k=3),Blend,Uniform,1.00000,0.02599,000.00000000,000.00509682,000.00000000,000.48602393,000.23
Tournament (k=3),Blend,Uniform,0.70139,0.08830,000.00000000,000.00003829,000.00000000,000.00841440,000.29
Tournament (k=3),Blend,Uniform,0.76642,0.30000,000.47382736,002.15826273,002.39362907,001.15474522,000.38
Tournament (k=3),Blend,Uniform,0.70139,0.30000,000.09542847,001.86862469,002.25546455,001.09472871,000.34
Tournament (k=3),Blend,Uniform,0.91514,0.03095,000.00000000,000.00002165,000.00000000,000.37199593,000.23
Tournament (k=3),Blend,Uniform,0.76642,0.09637,000.00000000,000.00000420,000.00000000,000.00866528,000.30
Tournament (k=3),Blend,Uniform,0.86261,0.05228,000.00000000,000.00000196,000.00000000,000.14225878,000.25
Tournament (k=3),Blend,Uniform,0.97087,0.06226,000.00000000,000.00000334,000.00000000,000.35960639,000.29
Tournament (k=3),Blend,Uniform,0.86261,0.13667,000.00000000,000.00057044,000.00040054,000.13734913,000.31
Tournament (k=3),Blend,Uniform,0.88849,0.02382,000.00000000,000.00088959,000.00000000,000.42670536,000.23
Tournament (k=3),Blend,Uniform,0.91514,0.07415,000.00000000,000.00000010,000.00000000,000.14032014,000.29
Tournament (k=3),Blend,Uniform,0.78941,0.13667,000.00000000,000.00018697,000.00007439,000.01287056,000.35
Tournament (k=3),Blend,Uniform,0.88849,0.06795,000.00000000,000.00000000,000.00000000,000.09927582,000.29
Tournament (k=3),Blend,Uniform,0.94259,0.04390,000.00000000,000.00000916,000.00000000,000.33732206,000.27
Tournament (k=3),Blend,Uniform,0.81310,0.02382,000.00000000,000.05491886,000.00026131,000.47039801,000.23
Tournament (k=3),Blend,Uniform,0.83749,0.27490,000.19045258,002.07288980,002.51155663,001.12342119,000.37
Tournament (k=3),Blend,Uniform,0.83749,0.03686,000.00000000,000.00001888,000.00000000,000.25434440,000.23
Tournament (k=3),Blend,Uniform,1.00000,0.02837,000.00000000,000.06971097,000.00000000,000.51856375,000.23
Tournament (k=3),Blend,Uniform,0.91514,0.23084,000.01138687,001.81239891,002.14046288,000.90830845,000.33
Tournament (k=3),Blend,Uniform,1.00000,0.08830,000.00000000,000.00000048,000.00000000,000.10356271,000.28
Tournament (k=3),Blend,Uniform,0.91514,0.03378,000.00000000,000.00000062,000.00000000,000.28850222,000.23
Tournament (k=3),Blend,Uniform,0.94259,0.30000,000.22905731,002.57513475,002.99267387,001.28982365,000.40
Tournament (k=3),Blend,Uniform,0.70139,0.09637,000.00000000,000.00000749,000.00000000,000.00475595,000.30
Tournament (k=3),Blend,Uniform,0.94259,0.13667,000.00000000,000.00358396,000.00189209,000.17864560,000.34
Tournament (k=3),Blend,Uniform,1.00000,0.25191,000.23824692,002.35561943,002.76028633,001.14703786,000.38
Tournament (k=3),Blend,Uniform,0.88849,0.02599,000.00000000,000.02975559,000.00000000,000.41008243,000.23
Tournament (k=3),Blend,Uniform,0.88849,0.19383,000.06201935,000.90404159,001.10932922,000.75651973,000.35
Tournament (k=3),Blend,Uniform,0.97087,0.17762,000.05957794,000.73860562,000.84072685,000.87391645,000.36
Tournament (k=3),Blend,Uniform,0.97087,0.06795,000.00000000,000.00000029,000.00000000,000.13689426,000.29
Tournament (k=3),Blend,Uniform,0.76642,0.10516,000.00000000,000.00000286,000.00000000,000.00086902,000.30
Tournament (k=3),Blend,Uniform,0.86261,0.14915,000.00002289,000.04409504,000.03590775,000.37145123,000.34
Tournament (k=3),Blend,Uniform,0.91514,0.08092,000.00000000,000.00000000,000.00000000,000.13572457,000.30
Tournament (k=3),Blend,Uniform,0.94259,0.04791,000.00000000,000.00000062,000.00000000,000.23887822,000.25
Tournament (k=3),Blend,Uniform,0.81310,0.02599,000.00000000,000.01405897,000.00000763,000.45564398,000.24
Tournament (k=3),Blend,Uniform,1.00000,0.03095,000.00000000,000.00338101,000.00000000,000.38575259,000.25
Tournament (k=3),Blend,Uniform,0.88849,0.07415,000.00000000,000.00000000,000.00000000,000.15452507,000.28
Tournament (k=3),Blend,Uniform,0.78941,0.14915,000.00000763,000.01211915,000.00848389,000.28669101,000.31
Tournament (k=3),Blend,Uniform,0.91514,0.03686,000.00000000,000.00000386,000.00000000,000.29177183,000.23
Tournament (k=3),Blend,Uniform,0.97087,0.02000,000.00000000,000.17885089,000.00000000,000.51595384,000.23
Tournament (k=3),Blend,Uniform,1.00000,0.09637,000.00000000,000.00000005,000.00000000,000.17042595,000.28
Tournament (k=3),Blend,Uniform,0.91514,0.25191,000.13549805,002.06234670,002.38346481,001.10804451,000.32
Tournament (k=3),Blend,Uniform,0.83749,0.30000,000.23439789,002.34228039,002.64789963,001.15331483,000.35
Tournament (k=3),Blend,Uniform,0.70139,0.10516,000.00000000,000.00000238,000.00000000,000.00097326,000.29
Tournament (k=3),Blend,Uniform,0.94259,0.14915,000.00009918,000.10790820,000.09234619,000.48497617,000.32
Tournament (k=3),Blend,Uniform,0.97087,0.07415,000.00000000,000.00000033,000.00000000,000.24162157,000.27
Tournament (k=3),Blend,Uniform,1.00000,0.27490,000.57214737,002.67971110,003.17088699,001.21367455,000.34
Tournament (k=3),Blend,Uniform,0.88849,0.21153,000.05362320,001.37026024,001.63247108,000.90317446,000.33
Tournament (k=3),Blend,Uniform,1.00000,0.03378,000.00000000,000.00455709,000.00000000,000.44377565,000.21
Tournament (k=3),Blend,Uniform,0.94259,0.05228,000.00000000,000.00001650,000.00000000,000.30589500,000.22
Tournament (k=3),Blend,Uniform,0.97087,0.19383,000.04943848,001.24091983,001.53491974,000.87973583,000.33
Tournament (k=3),Blend,Uniform,0.91514,0.08830,000.00000000,000.00000000,000.00000000,000.00649208,000.27
Tournament (k=3),Blend,Uniform,0.97087,0.02183,000.00000000,000.04109512,000.00000000,000.45925489,000.20
Tournament (k=3),Blend,Uniform,1.00000,0.10516,000.00000000,000.00000000,000.00000000,000.04508080,000.25
Tournament (k=3),Blend,Uniform,0.91514,0.27490,000.18284607,002.54197550,003.05466270,001.17269361,000.28
Tournament (k=3),Blend,Uniform,1.00000,0.03686,000.00000000,000.00000610,000.00000000,000.31184602,000.19
Tournament (k=3),Blend,Uniform,0.97087,0.02382,000.00000000,000.08056655,000.00000000,000.52167338,000.18
Tournament (k=3),Blend,Uniform,0.91514,0.09637,000.00000000,000.00000033,000.00000000,000.09924088,000.23
Tournament (k=3),Blend,Uniform,1.00000,0.30000,000.55033112,003.00751972,003.31929779,001.26697183,000.29
Tournament (k=3),Blend,Uniform,0.97087,0.21153,000.07666779,001.58032715,002.00624847,000.95049149,000.27
Tournament (k=3),Blend,Uniform,0.97087,0.02599,000.00000000,000.00031476,000.00000000,000.45139158,000.18
Tournament (k=3),Blend,Uniform,0.91514,0.30000,000.84780121,002.59385443,002.77932739,001.13143730,000.28
Tournament (k=3),Blend,Uniform,0.91514,0.10516,000.00000000,000.00000000,000.00000000,000.07479927,000.23
