objective,dimensionality,population_size,num_iterations
rastrigin,4,64,128
selection,crossover,mutation,crossover_prob,mutation_prob,best_value,average_value_top_80,median_value,stddev_value,average_time_ms
Tournament (k=2),Arithmetic,Gaussian,0.40000,0.02000,000.00016785,000.04962416,000.05021286,000.29332113,000.17
Tournament (k=2),Arithmetic,Gaussian,0.42436,0.02183,000.00000000,000.02748737,000.02913094,000.21345098,000.17
Tournament (k=2),Arithmetic,Gaussian,0.41200,0.03686,000.00002289,000.00521269,000.00477409,000.10650105,000.21
Tournament (k=2),Arithmetic,Gaussian,0.40000,0.06226,000.00001526,000.00226111,000.00226021,000.00706111,000.23
Tournament (k=2),Arithmetic,Gaussian,0.47762,0.02599,000.00001526,000.01437993,000.01394653,000.20109965,000.19
Tournament (k=2),Arithmetic,Gaussian,0.45020,0.02382,000.00000381,000.02062378,000.02048302,000.21076418,000.24
Tournament (k=2),Arithmetic,Gaussian,0.41200,0.11476,000.00003815,000.00324593,000.00293922,000.01633923,000.27
Tournament (k=2),Arithmetic,Gaussian,0.40000,0.19383,000.00667953,000.12818685,000.15782166,000.36196652,000.28
Tournament (k=2),Arithmetic,Gaussian,0.43709,0.04023,000.00000000,000.00721316,000.00801659,000.02425943,000.29
Tournament (k=2),Arithmetic,Gaussian,0.42436,0.06795,000.00000000,000.00106974,000.00116158,000.00557350,000.30
Tournament (k=2),Arithmetic,Gaussian,0.46371,0.04390,000.00001907,000.00356336,000.00368881,000.02638205,000.28
Tournament (k=2),Arithmetic,Gaussian,0.40000,0.02183,000.00001526,000.02191949,000.02781105,000.15766388,000.15
Tournament (k=2),Arithmetic,Gaussian,0.45020,0.07415,000.00000763,000.00075407,000.00090790,000.00402574,000.32
Tournament (k=2),Arithmetic,Gaussian,0.42436,0.02382,000.00000763,000.02044339,000.01999283,000.20176534,000.15
Tournament (k=2),Arithmetic,Gaussian,0.46371,0.13667,000.00082397,000.01789803,000.02083588,000.06725537,000.31
Tournament (k=2),Arithmetic,Gaussian,0.50670,0.02837,000.00004578,000.01167316,000.01107979,000.15288921,000.24
Tournament (k=2),Arithmetic,Gaussian,0.47762,0.08092,000.00000000,000.00096788,000.00088501,000.01143342,000.30
Tournament (k=2),Arithmetic,Gaussian,0.49195,0.04791,000.00000381,000.00186992,000.00171471,000.03072909,000.29
Tournament (k=2),Arithmetic,Gaussian,0.43709,0.12524,000.00026703,000.00774393,000.00903893,000.05123698,000.38
Tournament (k=2),Arithmetic,Gaussian,0.49195,0.14915,000.00198746,000.02571616,000.02911377,000.28292534,000.32
Tournament (k=2),Arithmetic,Gaussian,0.41200,0.04023,000.00000000,000.00493674,000.00474548,000.01794895,000.17
Tournament (k=2),Arithmetic,Gaussian,0.47762,0.02837,000.00000000,000.01047530,000.00986099,000.04414493,000.16
Tournament (k=2),Arithmetic,Gaussian,0.42436,0.21153,000.00496292,000.22308692,000.22000694,000.42735744,000.44
Tournament (k=2),Arithmetic,Gaussian,0.40000,0.06795,000.00000381,000.00128222,000.00141144,000.00500720,000.21
Tournament (k=2),Arithmetic,Gaussian,0.45020,0.02599,000.00000000,000.01748076,000.01987457,000.09058168,000.23
Tournament (k=2),Arithmetic,Gaussian,0.43709,0.04390,000.00000000,000.00324702,000.00263596,000.09962194,000.21
Tournament (k=2),Arithmetic,Gaussian,0.42436,0.02599,000.00000763,000.01262741,000.01253128,000.18030573,000.18
Tournament (k=2),Arithmetic,Gaussian,0.45020,0.23084,000.01012039,000.27245641,000.25774384,000.51566559,000.52
Tournament (k=2),Arithmetic,Gaussian,0.40000,0.02382,000.00003815,000.02024803,000.01829910,000.11108608,000.20
Tournament (k=2),Arithmetic,Gaussian,0.41200,0.12524,000.00025558,000.00749497,000.00804901,000.04185464,000.26
Tournament (k=2),Arithmetic,Gaussian,0.42436,0.07415,000.00000000,000.00127249,000.00104904,000.00776758,000.24
Tournament (k=2),Arithmetic,Gaussian,0.47762,0.25191,000.01394653,000.49004570,000.51919937,000.54724056,000.51
Tournament (k=2),Arithmetic,Gaussian,0.50670,0.03095,000.00002289,000.00751491,000.00893211,000.10229844,000.22
Tournament (k=2),Arithmetic,Gaussian,0.41200,0.04390,000.00003815,000.00428529,000.00454903,000.07239129,000.18
Tournament (k=2),Arithmetic,Gaussian,0.46371,0.04791,000.00004578,000.00222931,000.00218582,000.01083782,000.28
Tournament (k=2),Arithmetic,Gaussian,0.45020,0.08092,000.00000000,000.00087748,000.00072479,000.00398017,000.28
Tournament (k=2),Arithmetic,Gaussian,0.47762,0.03095,000.00000000,000.00921159,000.00830078,000.07781513,000.21
Tournament (k=2),Arithmetic,Gaussian,0.49195,0.05228,000.00000763,000.00233026,000.00251198,000.01482826,000.26
Tournament (k=2),Arithmetic,Gaussian,0.40000,0.21153,000.00328064,000.21196298,000.22186470,000.45455515,000.33
Tournament (k=2),Arithmetic,Gaussian,0.47762,0.08830,000.00000000,000.00102687,000.00098419,000.01228753,000.35
Tournament (k=2),Arithmetic,Gaussian,0.42436,0.02837,000.00006104,000.01355343,000.01212120,000.12679583,000.18
Tournament (k=2),Arithmetic,Gaussian,0.40000,0.07415,000.00000763,000.00153337,000.00127602,000.00877244,000.20
Tournament (k=2),Arithmetic,Gaussian,0.43709,0.13667,000.00035477,000.01450243,000.01628494,000.12179904,000.37
Tournament (k=2),Arithmetic,Gaussian,0.46371,0.14915,000.00078583,000.03576045,000.03718758,000.18256688,000.37
Tournament (k=2),Arithmetic,Gaussian,0.40000,0.02599,000.00001144,000.01182327,000.01424980,000.15818490,000.19
Tournament (k=2),Arithmetic,Gaussian,0.45020,0.02837,000.00000000,000.01188965,000.01246262,000.16190538,000.27
Tournament (k=2),Arithmetic,Gaussian,0.49195,0.16276,000.00331116,000.05804930,000.06519508,000.21719129,000.40
Tournament (k=2),Arithmetic,Gaussian,0.43709,0.04791,000.00000000,000.00341258,000.00328636,000.01987809,000.27
Tournament (k=2),Arithmetic,Gaussian,0.50670,0.03378,000.00000381,000.00704761,000.00810242,000.03612623,000.19
Tournament (k=2),Arithmetic,Gaussian,0.42436,0.23084,000.01527405,000.25329566,000.27614975,000.44451594,000.40
Tournament (k=2),Arithmetic,Gaussian,0.41200,0.04791,000.00000000,000.00275526,000.00320816,000.02599234,000.22
Tournament (k=2),Arithmetic,Gaussian,0.50670,0.08830,000.00000000,000.00056009,000.00049019,000.10152031,000.35
Tournament (k=2),Arithmetic,Gaussian,0.41200,0.13667,000.00052643,000.01470223,000.01407242,000.19754606,000.29
Tournament (k=2),Arithmetic,Gaussian,0.47762,0.03378,000.00000763,000.00764093,000.00815964,000.10206661,000.19
Tournament (k=2),Arithmetic,Gaussian,0.46371,0.05228,000.00001144,000.00240784,000.00257111,000.01470130,000.29
Tournament (k=2),Arithmetic,Gaussian,0.47762,0.27490,000.08088684,000.49659044,000.53760147,000.52452236,000.33
Tournament (k=2),Arithmetic,Gaussian,0.42436,0.08092,000.00000000,000.00069799,000.00058937,000.00771094,000.34
Tournament (k=2),Arithmetic,Gaussian,0.45020,0.25191,000.02669907,000.38702503,000.38225365,000.47692803,000.43
Tournament (k=2),Arithmetic,Gaussian,0.49195,0.05705,000.00000000,000.00144782,000.00162888,000.00664750,000.27
Tournament (k=2),Arithmetic,Gaussian,0.47762,0.09637,000.00000763,000.00112395,000.00089455,000.00500463,000.26
Tournament (k=2),Arithmetic,Gaussian,0.40000,0.02837,000.00000000,000.01126461,000.01220512,000.05840778,000.18
Tournament (k=2),Arithmetic,Gaussian,0.42436,0.03095,000.00002289,000.00990958,000.01012421,000.12669693,000.26
Tournament (k=2),Arithmetic,Gaussian,0.45020,0.08830,000.00000000,000.00074015,000.00081635,000.01001539,000.34
Tournament (k=2),Arithmetic,Gaussian,0.50670,0.27490,000.03374481,000.54370749,000.60664749,000.49615380,000.54
Tournament (k=2),Arithmetic,Gaussian,0.45020,0.03095,000.00000000,000.01021223,000.01026154,000.11388793,000.22
Tournament (k=2),Arithmetic,Gaussian,0.40000,0.08092,000.00000381,000.00102057,000.00071144,000.01114343,000.31
Tournament (k=2),Arithmetic,Gaussian,0.41200,0.05228,000.00000000,000.00195522,000.00208473,000.01301659,000.20
Tournament (k=2),Arithmetic,Gaussian,0.43709,0.05228,000.00001526,000.00212221,000.00219727,000.01014102,000.25
Tournament (k=2),Arithmetic,Gaussian,0.43709,0.14915,000.00164032,000.03346343,000.03702927,000.18118393,000.33
Tournament (k=2),Arithmetic,Gaussian,0.40000,0.23084,000.01079559,000.26482004,000.24444580,000.51645613,000.40
Tournament (k=2),Arithmetic,Gaussian,0.47762,0.03686,000.00004578,000.00587506,000.00683022,000.14826261,000.19
Tournament (k=2),Arithmetic,Gaussian,0.50670,0.03686,000.00000000,000.00469756,000.00385666,000.04705271,000.31
Tournament (k=2),Arithmetic,Gaussian,0.46371,0.16276,000.00147629,000.04690924,000.05451965,000.17301947,000.42
Tournament (k=2),Arithmetic,Gaussian,0.41200,0.14915,000.00240326,000.03235726,000.03643799,000.22876075,000.32
Tournament (k=2),Arithmetic,Gaussian,0.42436,0.08830,000.00001907,000.00100913,000.00120544,000.00715713,000.25
Tournament (k=2),Arithmetic,Gaussian,0.42436,0.25191,000.00543976,000.35765305,000.35484123,000.48352185,000.41
Tournament (k=2),Arithmetic,Gaussian,0.40000,0.03095,000.00002670,000.01184406,000.01358604,000.06098644,000.20
Tournament (k=2),Arithmetic,Gaussian,0.52190,0.05228,000.00002289,000.00253510,000.00210381,000.00998461,000.32
Tournament (k=2),Arithmetic,Gaussian,0.46371,0.05705,000.00000763,000.00139065,000.00165558,000.01637622,000.35
Tournament (k=2),Arithmetic,Gaussian,0.50670,0.09637,000.00000763,000.00082383,000.00080490,000.01291239,000.42
Tournament (k=2),Arithmetic,Gaussian,0.42436,0.03378,000.00002289,000.00824995,000.00892830,000.05011936,000.21
Tournament (k=2),Arithmetic,Gaussian,0.49195,0.17762,000.00210571,000.08553572,000.08580017,000.28862694,000.53
Tournament (k=2),Arithmetic,Gaussian,0.41200,0.05705,000.00000763,000.00152907,000.00146675,000.01126512,000.24
Tournament (k=2),Arithmetic,Gaussian,0.47762,0.10516,000.00002289,000.00179892,000.00190735,000.00901739,000.29
Tournament (k=2),Arithmetic,Gaussian,0.45020,0.27490,000.02687073,000.50614494,000.55170059,000.58360839,000.34
Tournament (k=2),Arithmetic,Gaussian,0.53756,0.03095,000.00001526,000.01012826,000.00846100,000.10364866,000.35
Tournament (k=2),Arithmetic,Gaussian,0.49195,0.06226,000.00000000,000.00117145,000.00110817,000.09959329,000.37
Tournament (k=2),Arithmetic,Gaussian,0.43709,0.05705,000.00001144,000.00191245,000.00183678,000.01362771,000.32
Tournament (k=2),Arithmetic,Gaussian,0.40000,0.08830,000.00000381,000.00104451,000.00110245,000.00535212,000.35
Tournament (k=2),Arithmetic,Gaussian,0.50670,0.30000,000.04264069,000.59092444,000.73685074,000.70419419,000.35
Tournament (k=2),Arithmetic,Gaussian,0.52190,0.16276,000.00302887,000.05697231,000.06728363,000.25670591,000.47
Tournament (k=2),Arithmetic,Gaussian,0.47762,0.30000,000.02284241,000.63919795,000.78775024,000.66110331,000.51
Tournament (k=2),Arithmetic,Gaussian,0.45020,0.03378,000.00001144,000.00674267,000.00729179,000.04749879,000.38
Tournament (k=2),Arithmetic,Gaussian,0.47762,0.04023,000.00001526,000.00427332,000.00416946,000.06727678,000.23
Tournament (k=2),Arithmetic,Gaussian,0.45020,0.09637,000.00000763,000.00093455,000.00083160,000.00322783,000.42
Tournament (k=2),Arithmetic,Gaussian,0.40000,0.03378,000.00003052,000.00725703,000.00708771,000.10365973,000.19
Tournament (k=2),Arithmetic,Gaussian,0.53756,0.09637,000.00000381,000.00095377,000.00090408,000.00706901,000.47
Tournament (k=2),Arithmetic,Gaussian,0.40000,0.25191,000.01863861,000.42055687,000.47579765,000.52269614,000.35
Tournament (k=2),Arithmetic,Gaussian,0.41200,0.16276,000.00587845,000.05344596,000.05562592,000.19564475,000.31
Tournament (k=2),Arithmetic,Gaussian,0.46371,0.06226,000.00000381,000.00175276,000.00203323,000.01384277,000.24
Tournament (k=2),Arithmetic,Gaussian,0.46371,0.17762,000.00283813,000.11121273,000.11921883,000.30003759,000.33
Tournament (k=2),Arithmetic,Gaussian,0.43709,0.16276,000.00185013,000.03718228,000.04463959,000.15369928,000.39
Tournament (k=2),Arithmetic,Gaussian,0.50670,0.04023,000.00000763,000.00512733,000.00546837,000.09913675,000.34
Tournament (k=2),Arithmetic,Gaussian,0.42436,0.03686,000.00003052,000.00975013,000.01111603,000.03822944,000.19
Tournament (k=2),Arithmetic,Gaussian,0.52190,0.05705,000.00000381,000.00203385,000.00193787,000.02132181,000.27
Tournament (k=2),Arithmetic,Gaussian,0.42436,0.09637,000.00000763,000.00074124,000.00069237,000.00586251,000.34
Tournament (k=2),Arithmetic,Gaussian,0.41200,0.06226,000.00000000,000.00181584,000.00141716,000.00870148,000.23
Tournament (k=2),Arithmetic,Gaussian,0.47762,0.11476,000.00001907,000.00284514,000.00290871,000.04333472,000.25
Tournament (k=2),Arithmetic,Gaussian,0.49195,0.02000,000.00000000,000.03458309,000.02877808,000.19740801,000.26
Tournament (k=2),Arithmetic,Gaussian,0.53756,0.03378,000.00000000,000.00730205,000.00798798,000.12971476,000.25
Tournament (k=2),Arithmetic,Gaussian,0.52190,0.02000,000.00000381,000.03091688,000.03104019,000.25049844,000.18
Tournament (k=2),Arithmetic,Gaussian,0.50670,0.10516,000.00000763,000.00153112,000.00149345,000.04839870,000.36
Tournament (k=2),Arithmetic,Gaussian,0.49195,0.06795,000.00000763,000.00086417,000.00103569,000.00445985,000.30
Tournament (k=2),Arithmetic,Gaussian,0.43709,0.06226,000.00000381,000.00164814,000.00151443,000.00849454,000.27
Tournament (k=2),Arithmetic,Gaussian,0.42436,0.27490,000.00205612,000.44433123,000.43592072,000.55127543,000.45
Tournament (k=2),Arithmetic,Gaussian,0.40000,0.03686,000.00000000,000.00726919,000.00773048,000.03229404,000.19
Tournament (k=2),Arithmetic,Gaussian,0.40000,0.09637,000.00001526,000.00084524,000.00072098,000.00346013,000.29
Tournament (k=2),Arithmetic,Gaussian,0.49195,0.19383,000.01225281,000.15997343,000.16511726,000.33750644,000.38
Tournament (k=2),Arithmetic,Gaussian,0.45020,0.03686,000.00003433,000.00705051,000.00709343,000.15058167,000.26
Tournament (k=2),Arithmetic,Gaussian,0.47762,0.04390,000.00000381,000.00291338,000.00341034,000.02881840,000.25
Tournament (k=2),Arithmetic,Gaussian,0.52190,0.17762,000.01266479,000.08043985,000.08323669,000.28493163,000.37
Tournament (k=2),Arithmetic,Gaussian,0.50670,0.04390,000.00001144,000.00457807,000.00345993,000.03782997,000.21
Tournament (k=2),Arithmetic,Gaussian,0.53756,0.10516,000.00001526,000.00188446,000.00235367,000.01334511,000.35
Tournament (k=2),Arithmetic,Gaussian,0.41200,0.17762,000.00633240,000.10682259,000.11451721,000.30858791,000.28
Tournament (k=2),Arithmetic,Gaussian,0.49195,0.02183,000.00001144,000.02396235,000.02785301,000.11441059,000.18
Tournament (k=2),Arithmetic,Gaussian,0.46371,0.06795,000.00000000,000.00043821,000.00032806,000.00816034,000.28
Tournament (k=2),Arithmetic,Gaussian,0.45020,0.10516,000.00001144,000.00197082,000.00205612,000.09949024,000.39
Tournament (k=2),Arithmetic,Gaussian,0.52190,0.06226,000.00000000,000.00070758,000.00073433,000.02046053,000.23
Tournament (k=2),Arithmetic,Gaussian,0.41200,0.06795,000.00000000,000.00161095,000.00175095,000.01270747,000.22
Tournament (k=2),Arithmetic,Gaussian,0.45020,0.30000,000.03166962,000.67279756,000.81577110,000.59919661,000.45
Tournament (k=2),Arithmetic,Gaussian,0.52190,0.02183,000.00004959,000.01655173,000.01665306,000.12394032,000.21
Tournament (k=2),Arithmetic,Gaussian,0.42436,0.04023,000.00000000,000.00447068,000.00433540,000.01926039,000.26
Tournament (k=2),Arithmetic,Gaussian,0.53756,0.03686,000.00001526,000.00551052,000.00384521,000.03519689,000.23
Tournament (k=2),Arithmetic,Gaussian,0.46371,0.19383,000.01016235,000.13857169,000.13294220,000.32601568,000.37
Tournament (k=2),Arithmetic,Gaussian,0.40000,0.27490,000.00526047,000.54115409,000.55314064,000.59579998,000.41
Tournament (k=2),Arithmetic,Gaussian,0.43709,0.17762,000.00398254,000.07479548,000.08282661,000.20614402,000.39
Tournament (k=2),Arithmetic,Gaussian,0.42436,0.10516,000.00001526,000.00112443,000.00110054,000.01716522,000.33
Tournament (k=2),Arithmetic,Gaussian,0.47762,0.12524,000.00022125,000.00664239,000.00767517,000.03366531,000.37
Tournament (k=2),Arithmetic,Gaussian,0.49195,0.07415,000.00000000,000.00085578,000.00060272,000.01507450,000.26
Tournament (k=2),Arithmetic,Gaussian,0.43709,0.06795,000.00001907,000.00089159,000.00086212,000.01031596,000.25
Tournament (k=2),Arithmetic,Gaussian,0.47762,0.04791,000.00000763,000.00204973,000.00197983,000.01061289,000.19
Tournament (k=2),Arithmetic,Gaussian,0.40000,0.10516,000.00004578,000.00160904,000.00149918,000.00400892,000.24
Tournament (k=2),Arithmetic,Gaussian,0.50670,0.11476,000.00002289,000.00319386,000.00369453,000.01221414,000.39
Tournament (k=2),Arithmetic,Gaussian,0.49195,0.21153,000.01042175,000.21510835,000.20089722,000.40641227,000.29
Tournament (k=2),Arithmetic,Gaussian,0.50670,0.04791,000.00000381,000.00267901,000.00239372,000.02007813,000.26
Tournament (k=2),Arithmetic,Gaussian,0.52190,0.06795,000.00000381,000.00119700,000.00109100,000.02540433,000.21
Tournament (k=2),Arithmetic,Gaussian,0.49195,0.02382,000.00000000,000.02127814,000.02272034,000.20501707,000.27
Tournament (k=2),Arithmetic,Gaussian,0.53756,0.04023,000.00001526,000.00453653,000.00504684,000.01883377,000.27
Tournament (k=2),Arithmetic,Gaussian,0.52190,0.19383,000.00335693,000.13893843,000.11621475,000.39167422,000.33
Tournament (k=2),Arithmetic,Gaussian,0.45020,0.04023,000.00000000,000.00365181,000.00403595,000.02234377,000.34
Tournament (k=2),Arithmetic,Gaussian,0.52190,0.02382,000.00000000,000.02079225,000.02131844,000.16992609,000.18
Tournament (k=2),Arithmetic,Gaussian,0.40000,0.04023,000.00000000,000.00434852,000.00442314,000.01816504,000.17
Tournament (k=2),Arithmetic,Gaussian,0.42436,0.04390,000.00002670,000.00329370,000.00346947,000.01664620,000.19
Tournament (k=2),Arithmetic,Gaussian,0.46371,0.07415,000.00000381,000.00088592,000.00091171,000.00596327,000.30
Tournament (k=2),Arithmetic,Gaussian,0.41200,0.07415,000.00000000,000.00122600,000.00138474,000.00465177,000.29
Tournament (k=2),Arithmetic,Gaussian,0.53756,0.11476,000.00001526,000.00354128,000.00437164,000.12045234,000.38
Tournament (k=2),Arithmetic,Gaussian,0.41200,0.19383,000.00419235,000.11344948,000.10927582,000.39373711,000.45
Tournament (k=2),Arithmetic,Gaussian,0.45020,0.11476,000.00011444,000.00357194,000.00372505,000.02758849,000.36
Tournament (k=2),Arithmetic,Gaussian,0.42436,0.30000,000.01770020,000.58585012,000.66094208,000.59936011,000.54
Tournament (k=2),Arithmetic,Gaussian,0.46371,0.02000,000.00003815,000.03502293,000.03244781,000.21445969,000.33
Tournament (k=2),Arithmetic,Gaussian,0.40000,0.30000,000.02998734,000.58893830,000.58776855,000.65911138,000.35
Tournament (k=2),Arithmetic,Gaussian,0.49195,0.02599,000.00000000,000.01670585,000.01942062,000.15530504,000.19
Tournament (k=2),Arithmetic,Gaussian,0.42436,0.11476,000.00003815,000.00256214,000.00317001,000.00777776,000.33
Tournament (k=2),Arithmetic,Gaussian,0.47762,0.05228,000.00000000,000.00308366,000.00279236,000.01074997,000.28
Tournament (k=2),Arithmetic,Gaussian,0.47762,0.13667,000.00056839,000.01796188,000.01766396,000.15032645,000.30
Tournament (k=2),Arithmetic,Gaussian,0.43709,0.19383,000.01053238,000.18757334,000.21287537,000.39149979,000.41
Tournament (k=2),Arithmetic,Gaussian,0.43709,0.07415,000.00000381,000.00122542,000.00120163,000.00893838,000.30
Tournament (k=2),Arithmetic,Gaussian,0.52190,0.07415,000.00000763,000.00080876,000.00071144,000.00762824,000.28
Tournament (k=2),Arithmetic,Gaussian,0.49195,0.08092,000.00000763,000.00057106,000.00051308,000.00960226,000.33
Tournament (k=2),Arithmetic,Gaussian,0.46371,0.21153,000.01066208,000.20340642,000.21637344,000.48300892,000.47
Tournament (k=2),Arithmetic,Gaussian,0.52190,0.02599,000.00011826,000.01778450,000.01725006,000.17795298,000.17
Tournament (k=2),Arithmetic,Gaussian,0.40000,0.11476,000.00005722,000.00382986,000.00382614,000.02122912,000.32
Tournament (k=2),Arithmetic,Gaussian,0.53756,0.04390,000.00001144,000.00255327,000.00261688,000.15672088,000.31
Tournament (k=2),Arithmetic,Gaussian,0.42436,0.04791,000.00000000,000.00306053,000.00317574,000.01417743,000.19
Tournament (k=2),Arithmetic,Gaussian,0.50670,0.05228,000.00000381,000.00237575,000.00211906,000.01025284,000.38
Tournament (k=2),Arithmetic,Gaussian,0.45020,0.04390,000.00000381,000.00448017,000.00464249,000.01520449,000.25
Tournament (k=2),Arithmetic,Gaussian,0.52190,0.21153,000.02285004,000.21526709,000.23135185,000.42236695,000.37
Tournament (k=2),Arithmetic,Gaussian,0.40000,0.04390,000.00000763,000.00346270,000.00366592,000.02913670,000.23
Tournament (k=2),Arithmetic,Gaussian,0.43709,0.02000,000.00000000,000.02611160,000.01811218,000.22773406,000.18
Tournament (k=2),Arithmetic,Gaussian,0.41200,0.02000,000.00007629,000.02691021,000.02648926,000.19670935,000.17
Tournament (k=2),Arithmetic,Gaussian,0.49195,0.02837,000.00000763,000.01065187,000.00897217,000.12472412,000.18
Tournament (k=2),Arithmetic,Gaussian,0.49195,0.23084,000.00446320,000.31236142,000.30234909,000.49121591,000.50
Tournament (k=2),Arithmetic,Gaussian,0.41200,0.08092,000.00001526,000.00104775,000.00106812,000.01049297,000.29
Tournament (k=2),Arithmetic,Gaussian,0.46371,0.08092,000.00000000,000.00069695,000.00068665,000.00283555,000.34
Tournament (k=2),Arithmetic,Gaussian,0.41200,0.21153,000.00320816,000.17435798,000.18584824,000.41151279,000.31
Tournament (k=2),Arithmetic,Gaussian,0.47762,0.05705,000.00000000,000.00101790,000.00101852,000.00523921,000.20
Tournament (k=2),Arithmetic,Gaussian,0.46371,0.02183,000.00005341,000.02309561,000.02328300,000.24965331,000.32
Tournament (k=2),Arithmetic,Gaussian,0.55369,0.05705,000.00000381,000.00202651,000.00123215,000.08885136,000.30
Tournament (k=2),Arithmetic,Gaussian,0.50670,0.12524,000.00012207,000.00750074,000.00825310,000.06595471,000.64
Tournament (k=2),Arithmetic,Gaussian,0.45020,0.12524,000.00010300,000.00699286,000.00634384,000.04317532,000.38
Tournament (k=2),Arithmetic,Gaussian,0.45020,0.04791,000.00000000,000.00434575,000.00468826,000.02811861,000.26
Tournament (k=2),Arithmetic,Gaussian,0.52190,0.08092,000.00000381,000.00098724,000.00070572,000.01571764,000.25
Tournament (k=2),Arithmetic,Gaussian,0.43709,0.08092,000.00000000,000.00083179,000.00089455,000.01042590,000.25
Tournament (k=2),Arithmetic,Gaussian,0.53756,0.12524,000.00004196,000.00524344,000.00566101,000.03616606,000.43
Tournament (k=2),Arithmetic,Gaussian,0.40000,0.12524,000.00009537,000.00674982,000.00781631,000.03180861,000.39
Tournament (k=2),Arithmetic,Gaussian,0.52190,0.02837,000.00000381,000.01200113,000.01071930,000.18142782,000.25
Tournament (k=2),Arithmetic,Gaussian,0.57030,0.03378,000.00000763,000.00824113,000.00883484,000.07373764,000.34
Tournament (k=2),Arithmetic,Gaussian,0.53756,0.04791,000.00000000,000.00354137,000.00371933,000.10115414,000.26
Tournament (k=2),Arithmetic,Gaussian,0.46371,0.23084,000.02483749,000.32991973,000.31859970,000.41813228,000.31
Tournament (k=2),Arithmetic,Gaussian,0.40000,0.04791,000.00001526,000.00411167,000.00465775,000.03445760,000.19
Tournament (k=2),Arithmetic,Gaussian,0.41200,0.02183,000.00000000,000.02259321,000.02432251,000.19997695,000.17
Tournament (k=2),Arithmetic,Gaussian,0.49195,0.03095,000.00000763,000.00800839,000.00817871,000.05826677,000.18
Tournament (k=2),Arithmetic,Gaussian,0.43709,0.02183,000.00000000,000.02766819,000.03095245,000.15971988,000.19
Tournament (k=2),Arithmetic,Gaussian,0.47762,0.14915,000.00097656,000.03881822,000.04691315,000.13413562,000.52
Tournament (k=2),Arithmetic,Gaussian,0.52190,0.23084,000.00579071,000.27010354,000.32238770,000.42670345,000.34
Tournament (k=2),Arithmetic,Gaussian,0.42436,0.05228,000.00000763,000.00254717,000.00257492,000.02704416,000.35
Tournament (k=2),Arithmetic,Gaussian,0.53756,0.30000,000.03871155,000.67503077,000.80297279,000.69283545,000.63
Tournament (k=2),Arithmetic,Gaussian,0.50670,0.05705,000.00000381,000.00167794,000.00170898,000.01628175,000.35
Tournament (k=2),Arithmetic,Gaussian,0.55369,0.17762,000.00752640,000.10058121,000.11067772,000.33014509,000.57
Tournament (k=2),Arithmetic,Gaussian,0.41200,0.08830,000.00000763,000.00080361,000.00076485,000.02445039,000.25
Tournament (k=2),Arithmetic,Gaussian,0.49195,0.08830,000.00000000,000.00082283,000.00089455,000.00899668,000.55
Tournament (k=2),Arithmetic,Gaussian,0.52190,0.08830,000.00000000,000.00089741,000.00066566,000.14940913,000.23
Tournament (k=2),Arithmetic,Gaussian,0.47762,0.06226,000.00001526,000.00136356,000.00089645,000.00777149,000.25
Tournament (k=2),Arithmetic,Gaussian,0.42436,0.12524,000.00005341,000.00474057,000.00534058,000.02008537,000.55
Tournament (k=2),Arithmetic,Gaussian,0.52190,0.03095,000.00000000,000.01205506,000.01194191,000.08104450,000.18
Tournament (k=2),Arithmetic,Gaussian,0.53756,0.05228,000.00000000,000.00169020,000.00183868,000.09969242,000.37
Tournament (k=2),Arithmetic,Gaussian,0.45020,0.05228,000.00002289,000.00238957,000.00238991,000.01777208,000.34
Tournament (k=2),Arithmetic,Gaussian,0.43709,0.21153,000.00719452,000.23475972,000.24412346,000.39943269,000.56
Tournament (k=2),Arithmetic,Gaussian,0.43709,0.08830,000.00000763,000.00068955,000.00059509,000.00909066,000.36
Tournament (k=2),Arithmetic,Gaussian,0.46371,0.02382,000.00000381,000.01868954,000.01873207,000.12228952,000.37
Tournament (k=2),Arithmetic,Gaussian,0.50670,0.13667,000.00100708,000.02081709,000.02370834,000.16787264,000.37
Tournament (k=2),Arithmetic,Gaussian,0.46371,0.08830,000.00000381,000.00084147,000.00066948,000.01041669,000.42
Tournament (k=2),Arithmetic,Gaussian,0.49195,0.25191,000.01613998,000.36742789,000.37736511,000.49063462,000.48
Tournament (k=2),Arithmetic,Gaussian,0.55369,0.06226,000.00000763,000.00132275,000.00120354,000.01444042,000.41
Tournament (k=2),Arithmetic,Gaussian,0.40000,0.05228,000.00000381,000.00172720,000.00170708,000.00647536,000.28
Tournament (k=2),Arithmetic,Gaussian,0.49195,0.03378,000.00000381,000.00782237,000.00820351,000.12184261,000.18
Tournament (k=2),Arithmetic,Gaussian,0.43709,0.02382,000.00004578,000.01109314,000.01179504,000.13283038,000.19
Tournament (k=2),Arithmetic,Gaussian,0.46371,0.25191,000.01770020,000.36251479,000.37335396,000.50598133,000.31
Tournament (k=2),Arithmetic,Gaussian,0.41200,0.23084,000.01737213,000.25014812,000.27202797,000.35456949,000.36
Tournament (k=2),Arithmetic,Gaussian,0.57030,0.03686,000.00000381,000.00469427,000.00540733,000.06928121,000.37
Tournament (k=2),Arithmetic,Gaussian,0.53756,0.13667,000.00051117,000.01468263,000.01605988,000.07259994,000.38
Tournament (k=2),Arithmetic,Gaussian,0.41200,0.02382,000.00001144,000.01451588,000.01680756,000.13282596,000.17
Tournament (k=2),Arithmetic,Gaussian,0.40000,0.13667,000.00083923,000.01634369,000.01548195,000.08248950,000.38
Tournament (k=2),Arithmetic,Gaussian,0.45020,0.13667,000.00065994,000.01313090,000.01373291,000.04034588,000.55
Tournament (k=2),Arithmetic,Gaussian,0.42436,0.05705,000.00000763,000.00185323,000.00209427,000.01014675,000.20
Tournament (k=2),Arithmetic,Gaussian,0.41200,0.09637,000.00000381,000.00094314,000.00101471,000.01274638,000.23
Tournament (k=2),Arithmetic,Gaussian,0.52190,0.03378,000.00003052,000.00606146,000.00612831,000.02637864,000.20
Tournament (k=2),Arithmetic,Gaussian,0.53756,0.05705,000.00001144,000.00235848,000.00185776,000.01908846,000.20
Tournament (k=2),Arithmetic,Gaussian,0.50670,0.06226,000.00000000,000.00099144,000.00077248,000.00836665,000.29
Tournament (k=2),Arithmetic,Gaussian,0.47762,0.06795,000.00000763,000.00100927,000.00106239,000.00634725,000.25
Tournament (k=2),Arithmetic,Gaussian,0.52190,0.25191,000.01172256,000.55104470,000.55843735,000.57738543,000.52
Tournament (k=2),Arithmetic,Gaussian,0.42436,0.13667,000.00090790,000.01358047,000.01434517,000.06175011,000.26
Tournament (k=2),Arithmetic,Gaussian,0.46371,0.02599,000.00003433,000.01693058,000.01255608,000.19759409,000.25
Tournament (k=2),Arithmetic,Gaussian,0.40000,0.05705,000.00001907,000.00220809,000.00232887,000.01220441,000.20
Tournament (k=2),Arithmetic,Gaussian,0.49195,0.03686,000.00000763,000.00492640,000.00453568,000.01360796,000.20
Tournament (k=2),Arithmetic,Gaussian,0.55369,0.02000,000.00004959,000.02940192,000.03425789,000.22151761,000.24
Tournament (k=2),Arithmetic,Gaussian,0.52190,0.09637,000.00000000,000.00064611,000.00063324,000.00916016,000.39
Tournament (k=2),Arithmetic,Gaussian,0.47762,0.16276,000.00325394,000.07053027,000.06796837,000.30247313,000.58
Tournament (k=2),Arithmetic,Gaussian,0.45020,0.05705,000.00000381,000.00146847,000.00118637,000.00694108,000.39
Tournament (k=2),Arithmetic,Gaussian,0.43709,0.09637,000.00001526,000.00088038,000.00083923,000.01498067,000.39
Tournament (k=2),Arithmetic,Gaussian,0.55369,0.19383,000.00341797,000.20611568,000.17304611,000.43252981,000.49
Tournament (k=2),Arithmetic,Gaussian,0.42436,0.06226,000.00000000,000.00204573,000.00168419,000.02159413,000.20
Tournament (k=2),Arithmetic,Gaussian,0.41200,0.02599,000.00006485,000.01829796,000.02285767,000.16634391,000.25
Tournament (k=2),Arithmetic,Gaussian,0.50670,0.14915,000.00034332,000.03485432,000.03261757,000.17384420,000.54
Tournament (k=2),Arithmetic,Gaussian,0.49195,0.09637,000.00001526,000.00066504,000.00064659,000.02393198,000.52
Tournament (k=2),Arithmetic,Gaussian,0.43709,0.02599,000.00002289,000.01246829,000.01255608,000.17212017,000.34
Tournament (k=2),Arithmetic,Gaussian,0.43709,0.23084,000.02358246,000.26238233,000.29300308,000.44636399,000.52
Tournament (k=2),Arithmetic,Gaussian,0.52190,0.03686,000.00000000,000.00634694,000.00672531,000.04187218,000.18
Tournament (k=2),Arithmetic,Gaussian,0.46371,0.09637,000.00000381,000.00082808,000.00091743,000.00452486,000.42
Tournament (k=2),Arithmetic,Gaussian,0.57030,0.04023,000.00002289,000.00454926,000.00453949,000.02283362,000.34
Tournament (k=2),Arithmetic,Gaussian,0.53756,0.14915,000.00147247,000.03172646,000.03615761,000.17765515,000.38
Tournament (k=2),Arithmetic,Gaussian,0.55369,0.06795,000.00000381,000.00090275,000.00070763,000.10499664,000.45
Tournament (k=2),Arithmetic,Gaussian,0.53756,0.06226,000.00000000,000.00140271,000.00143051,000.01311933,000.25
Tournament (k=2),Arithmetic,Gaussian,0.46371,0.27490,000.01085663,000.53387904,000.59401321,000.55605567,000.42
Tournament (k=2),Arithmetic,Gaussian,0.41200,0.25191,000.01232147,000.29803377,000.33914375,000.48674199,000.45
Tournament (k=2),Arithmetic,Gaussian,0.40000,0.14915,000.00061417,000.02917271,000.02992821,000.20024869,000.40
Tournament (k=2),Arithmetic,Gaussian,0.49195,0.27490,000.02329254,000.57694805,000.60953331,000.57973325,000.55
Tournament (k=2),Arithmetic,Gaussian,0.47762,0.07415,000.00000000,000.00089579,000.00065422,000.00523028,000.21
Tournament (k=2),Arithmetic,Gaussian,0.41200,0.10516,000.00002670,000.00125098,000.00123787,000.00558972,000.36
Tournament (k=2),Arithmetic,Gaussian,0.45020,0.14915,000.00120544,000.03143339,000.03595734,000.07055476,000.50
Tournament (k=2),Arithmetic,Gaussian,0.57030,0.10516,000.00000763,000.00240712,000.00249481,000.01373783,000.26
Tournament (k=2),Arithmetic,Gaussian,0.58741,0.02000,000.00016022,000.02613563,000.02966309,000.25268036,000.18
Tournament (k=2),Arithmetic,Gaussian,0.52190,0.10516,000.00002289,000.00102682,000.00122261,000.01857423,000.24
Tournament (k=2),Arithmetic,Gaussian,0.47762,0.17762,000.00343704,000.09780078,000.10805702,000.26882875,000.26
Tournament (k=2),Arithmetic,Gaussian,0.50670,0.06795,000.00000763,000.00146236,000.00132179,000.01405285,000.38
Tournament (k=2),Arithmetic,Gaussian,0.55369,0.02183,000.00001526,000.03705549,000.03714752,000.28586611,000.31
Tournament (k=2),Arithmetic,Gaussian,0.49195,0.10516,000.00003052,000.00152450,000.00172424,000.01036588,000.39
Tournament (k=2),Arithmetic,Gaussian,0.49195,0.04023,000.00000763,000.00582890,000.00506592,000.09043204,000.36
Tournament (k=2),Arithmetic,Gaussian,0.43709,0.10516,000.00004578,000.00150065,000.00101089,000.00707144,000.30
Tournament (k=2),Arithmetic,Gaussian,0.46371,0.02837,000.00002670,000.01017022,000.01119232,000.10841959,000.40
Tournament (k=2),Arithmetic,Gaussian,0.52190,0.04023,000.00001526,000.00344200,000.00341034,000.10555521,000.20
Tournament (k=2),Arithmetic,Gaussian,0.45020,0.06226,000.00000763,000.00136399,000.00164604,000.00903939,000.39
Tournament (k=2),Arithmetic,Gaussian,0.43709,0.02837,000.00000381,000.01458316,000.01494789,000.09500713,000.25
Tournament (k=2),Arithmetic,Gaussian,0.57030,0.04390,000.00000000,000.00343642,000.00353622,000.01767628,000.25
Tournament (k=2),Arithmetic,Gaussian,0.41200,0.02837,000.00000000,000.01484795,000.01740265,000.11699864,000.18
Tournament (k=2),Arithmetic,Gaussian,0.46371,0.10516,000.00000000,000.00169954,000.00123215,000.02635133,000.30
Tournament (k=2),Arithmetic,Gaussian,0.50670,0.16276,000.00378418,000.06417517,000.07166290,000.26902366,000.41
Tournament (k=2),Arithmetic,Gaussian,0.52190,0.27490,000.03634644,000.57436377,000.66229439,000.58230889,000.62
Tournament (k=2),Arithmetic,Gaussian,0.42436,0.14915,000.00080872,000.03212023,000.03725052,000.24842526,000.42
Tournament (k=2),Arithmetic,Gaussian,0.43709,0.25191,000.01183701,000.34769839,000.36406326,000.45828658,000.38
Tournament (k=2),Arithmetic,Gaussian,0.53756,0.06795,000.00001144,000.00117636,000.00088501,000.01279767,000.29
Tournament (k=2),Arithmetic,Gaussian,0.55369,0.21153,000.00611877,000.24787565,000.24155045,000.52229840,000.55
Tournament (k=2),Arithmetic,Gaussian,0.55369,0.07415,000.00000000,000.00063133,000.00046349,000.00576717,000.32
Tournament (k=2),Arithmetic,Gaussian,0.53756,0.16276,000.00472260,000.05993109,000.05606651,000.25659543,000.40
Tournament (k=2),Arithmetic,Gaussian,0.60503,0.03686,000.00000000,000.00735817,000.00702858,000.07019714,000.21
Tournament (k=2),Arithmetic,Gaussian,0.41200,0.27490,000.01944351,000.47928792,000.47536850,000.51572514,000.37
Tournament (k=2),Arithmetic,Gaussian,0.58741,0.02183,000.00006866,000.02326856,000.02483368,000.23049963,000.46
Tournament (k=2),Arithmetic,Gaussian,0.52190,0.11476,000.00006866,000.00366936,000.00352859,000.01508498,000.49
Tournament (k=2),Arithmetic,Gaussian,0.40000,0.16276,000.00067139,000.06168900,000.06561661,000.21223307,000.32
Tournament (k=2),Arithmetic,Gaussian,0.58741,0.06226,000.00000763,000.00128326,000.00081825,000.14264010,000.34
Tournament (k=2),Arithmetic,Gaussian,0.58741,0.19383,000.00368118,000.16762157,000.17596626,000.45819458,000.33
Tournament (k=2),Arithmetic,Gaussian,0.57030,0.11476,000.00002289,000.00367579,000.00353241,000.01427710,000.27
Tournament (k=2),Arithmetic,Gaussian,0.46371,0.30000,000.01848602,000.58548534,000.74634743,000.59484404,000.75
Tournament (k=2),Arithmetic,Gaussian,0.49195,0.04390,000.00000763,000.00405278,000.00406837,000.02421597,000.22
Tournament (k=2),Arithmetic,Gaussian,0.50670,0.07415,000.00000000,000.00093074,000.00079918,000.00687399,000.30
Tournament (k=2),Arithmetic,Gaussian,0.46371,0.03095,000.00008392,000.00842938,000.00846291,000.12315983,000.22
Tournament (k=2),Arithmetic,Gaussian,0.55369,0.02382,000.00005341,000.01610150,000.01745796,000.22609855,000.28
Tournament (k=2),Arithmetic,Gaussian,0.47762,0.19383,000.01167679,000.17475343,000.18066216,000.36077350,000.34
Tournament (k=2),Arithmetic,Gaussian,0.49195,0.30000,000.02539062,000.59313935,000.68788528,000.52032751,000.46
Tournament (k=2),Arithmetic,Gaussian,0.62318,0.02183,000.00000000,000.01884952,000.01784134,000.23518975,000.31
Tournament (k=2),Arithmetic,Gaussian,0.60503,0.11476,000.00012970,000.00543270,000.00486374,000.06536347,000.40
Tournament (k=2),Arithmetic,Gaussian,0.43709,0.11476,000.00003052,000.00269241,000.00325394,000.03255116,000.31
Tournament (k=2),Arithmetic,Gaussian,0.45020,0.16276,000.00395966,000.05286651,000.05492973,000.14118236,000.42
Tournament (k=2),Arithmetic,Gaussian,0.52190,0.04390,000.00000763,000.00370932,000.00435257,000.01440199,000.23
Tournament (k=2),Arithmetic,Gaussian,0.43709,0.03095,000.00000381,000.00804543,000.00693893,000.04799125,000.18
Tournament (k=2),Arithmetic,Gaussian,0.62318,0.06795,000.00000000,000.00157113,000.00135994,000.12743387,000.37
Tournament (k=2),Arithmetic,Gaussian,0.49195,0.11476,000.00005341,000.00424662,000.00458908,000.03627643,000.40
Tournament (k=2),Arithmetic,Gaussian,0.45020,0.06795,000.00002289,000.00101357,000.00094604,000.01920090,000.23
Tournament (k=2),Arithmetic,Gaussian,0.41200,0.03095,000.00008011,000.00941443,000.00931168,000.04187707,000.18
Tournament (k=2),Arithmetic,Gaussian,0.57030,0.04791,000.00000763,000.00335536,000.00271416,000.08729856,000.27
Tournament (k=2),Arithmetic,Gaussian,0.68096,0.04390,000.00001144,000.00651965,000.00721169,000.20348309,000.23
Tournament (k=2),Arithmetic,Gaussian,0.64187,0.04023,000.00002289,000.00530572,000.00461197,000.06962223,000.41
Tournament (k=2),Arithmetic,Gaussian,0.66113,0.02382,000.00003052,000.02130275,000.02553749,000.24673271,000.31
Tournament (k=2),Arithmetic,Gaussian,0.46371,0.11476,000.00003052,000.00276198,000.00293350,000.02070878,000.28
Tournament (k=2),Arithmetic,Gaussian,0.60503,0.04023,000.00002670,000.00549932,000.00597763,000.06028543,000.20
Tournament (k=2),Arithmetic,Gaussian,0.58741,0.02382,000.00000000,000.02398348,000.02705574,000.24429645,000.19
Tournament (k=2),Arithmetic,Gaussian,0.42436,0.16276,000.00045013,000.05969305,000.06577682,000.22428890,000.32
Tournament (k=2),Arithmetic,Gaussian,0.53756,0.07415,000.00000000,000.00092311,000.00075531,000.00825506,000.31
Tournament (k=2),Arithmetic,Gaussian,0.62318,0.21153,000.01155472,000.20229658,000.21198082,000.43913907,000.59
Tournament (k=2),Arithmetic,Gaussian,0.55369,0.08092,000.00000000,000.00076995,000.00067329,000.01697051,000.34
Tournament (k=2),Arithmetic,Gaussian,0.43709,0.27490,000.03526306,000.52938265,000.58139420,000.55943722,000.38
Tournament (k=2),Arithmetic,Gaussian,0.50670,0.17762,000.00896454,000.10335889,000.10509300,000.33323616,000.42
Tournament (k=2),Arithmetic,Gaussian,0.66113,0.07415,000.00000000,000.00069370,000.00055504,000.05898549,000.47
Tournament (k=2),Arithmetic,Gaussian,0.52190,0.12524,000.00044632,000.00681810,000.00628281,000.03434883,000.31
Tournament (k=2),Arithmetic,Gaussian,0.64187,0.12524,000.00036621,000.01089592,000.01075554,000.20946538,000.60
Tournament (k=2),Arithmetic,Gaussian,0.55369,0.23084,000.00789642,000.31008965,000.24414635,000.60702664,000.45
Tournament (k=2),Arithmetic,Gaussian,0.53756,0.17762,000.00212479,000.07820759,000.08484268,000.28925741,000.45
Tournament (k=2),Arithmetic,Gaussian,0.41200,0.30000,000.02260208,000.45925528,000.53942490,000.60484660,000.48
Tournament (k=2),Arithmetic,Gaussian,0.57030,0.12524,000.00019836,000.00996304,000.01048470,000.04735519,000.28
Tournament (k=2),Arithmetic,Gaussian,0.58741,0.06795,000.00000763,000.00069866,000.00072479,000.04459767,000.30
Tournament (k=2),Arithmetic,Gaussian,0.40000,0.17762,000.00397491,000.08215246,000.08461380,000.23779689,000.33
Tournament (k=2),Arithmetic,Gaussian,0.46371,0.03378,000.00002670,000.00648646,000.00725555,000.03230948,000.17
Tournament (k=2),Arithmetic,Gaussian,0.58741,0.21153,000.02055359,000.28773087,000.26457977,000.48509762,000.39
Tournament (k=2),Arithmetic,Gaussian,0.50670,0.08092,000.00000381,000.00071921,000.00059128,000.00581175,000.25
Tournament (k=2),Arithmetic,Gaussian,0.70139,0.08092,000.00000000,000.00156965,000.00095749,000.11288553,000.37
Tournament (k=2),Arithmetic,Gaussian,0.66113,0.23084,000.01265335,000.34574041,000.30857849,000.57364655,000.72
Tournament (k=2),Arithmetic,Gaussian,0.70139,0.02599,000.00009155,000.03228574,000.03199005,000.36232015,000.44
Tournament (k=2),Arithmetic,Gaussian,0.50670,0.02000,000.00000763,000.01908464,000.01714516,000.23107690,000.24
Tournament (k=2),Arithmetic,Gaussian,0.55369,0.02599,000.00001526,000.01306214,000.01374245,000.19514345,000.25
Tournament (k=2),Arithmetic,Gaussian,0.62318,0.02382,000.00003815,000.03567796,000.03011131,000.34014228,000.25
Tournament (k=2),Arithmetic,Gaussian,0.72243,0.04791,000.00004578,000.00687270,000.00486374,000.33051544,000.34
Tournament (k=2),Arithmetic,Gaussian,0.70139,0.25191,000.04480362,000.58430326,000.62042809,000.61052734,000.39
Tournament (k=2),Arithmetic,Gaussian,0.57030,0.05228,000.00000000,000.00293279,000.00240707,000.02168957,000.30
Tournament (k=2),Arithmetic,Gaussian,0.52190,0.04791,000.00000381,000.00234761,000.00237656,000.01085411,000.23
Tournament (k=2),Arithmetic,Gaussian,0.42436,0.17762,000.00394058,000.08322658,000.09410667,000.24682023,000.43
Tournament (k=2),Arithmetic,Gaussian,0.68096,0.13667,000.00059509,000.02155013,000.02208138,000.11019969,000.54
Tournament (k=2),Arithmetic,Gaussian,0.72243,0.14915,000.00091934,000.03850541,000.04015732,000.17188416,000.41
Tournament (k=2),Arithmetic,Gaussian,0.43709,0.03378,000.00000381,000.00943461,000.00911903,000.02972019,000.20
Tournament (k=2),Arithmetic,Gaussian,0.60503,0.12524,000.00008392,000.01103988,000.01157188,000.17518082,000.38
Tournament (k=2),Arithmetic,Gaussian,0.41200,0.03378,000.00000381,000.00833960,000.00799370,000.04849961,000.17
Tournament (k=2),Arithmetic,Gaussian,0.52190,0.30000,000.03441238,000.72797340,000.91486740,000.65915340,000.43
Tournament (k=2),Arithmetic,Gaussian,0.64187,0.04390,000.00002289,000.00365801,000.00324059,000.03608380,000.19
Tournament (k=2),Arithmetic,Gaussian,0.58741,0.02599,000.00010681,000.01475539,000.01465225,000.11025762,000.19
Tournament (k=2),Arithmetic,Gaussian,0.60503,0.04390,000.00001526,000.00408688,000.00470734,000.03463276,000.21
Tournament (k=2),Arithmetic,Gaussian,0.76642,0.05228,000.00000763,000.00324273,000.00271606,000.30069199,000.29
Tournament (k=2),Arithmetic,Gaussian,0.62318,0.07415,000.00000000,000.00065389,000.00036621,000.03450311,000.31
Tournament (k=2),Arithmetic,Gaussian,0.49195,0.12524,000.00025558,000.00644608,000.00719261,000.02963223,000.36
Tournament (k=2),Arithmetic,Gaussian,0.47762,0.02000,000.00002289,000.02387672,000.02828598,000.18081205,000.18
Tournament (k=2),Arithmetic,Gaussian,0.53756,0.08092,000.00000000,000.00053234,000.00042725,000.09267152,000.25
Tournament (k=2),Arithmetic,Gaussian,0.68096,0.04791,000.00000763,000.00349793,000.00287628,000.14899303,000.29
Tournament (k=2),Arithmetic,Gaussian,0.47762,0.21153,000.00761414,000.24075755,000.27475929,000.41717139,000.30
Tournament (k=2),Arithmetic,Gaussian,0.66113,0.02599,000.00000381,000.02320175,000.02110291,000.28021583,000.25
Tournament (k=2),Arithmetic,Gaussian,0.45020,0.17762,000.00287247,000.10243230,000.11862564,000.28623331,000.53
Tournament (k=2),Arithmetic,Gaussian,0.62318,0.23084,000.03762054,000.31113186,000.29016495,000.51154768,000.30
Tournament (k=2),Arithmetic,Gaussian,0.42436,0.02000,000.00000000,000.02311769,000.02698708,000.18094097,000.18
Tournament (k=2),Arithmetic,Gaussian,0.55369,0.08830,000.00000763,000.00086350,000.00073242,000.01622418,000.33
Tournament (k=2),Arithmetic,Gaussian,0.64187,0.13667,000.00165558,000.02718186,000.02931786,000.27249950,000.27
Tournament (k=2),Arithmetic,Gaussian,0.74410,0.27490,000.01529694,000.67515302,000.85049438,000.76986271,000.55
Tournament (k=2),Arithmetic,Gaussian,0.57030,0.13667,000.00031662,000.02518454,000.02699471,000.11413348,000.28
Tournament (k=2),Arithmetic,Gaussian,0.70139,0.08830,000.00000763,000.00198722,000.00188446,000.08324641,000.24
Tournament (k=2),Arithmetic,Gaussian,0.46371,0.03686,000.00003052,000.00612097,000.00637627,000.04884563,000.27
Tournament (k=2),Arithmetic,Gaussian,0.70139,0.02837,000.00004196,000.02025380,000.01914787,000.37775978,000.18
Tournament (k=2),Arithmetic,Gaussian,0.58741,0.07415,000.00000000,000.00075841,000.00057411,000.14769047,000.31
Tournament (k=2),Arithmetic,Gaussian,0.58741,0.23084,000.00458527,000.39229488,000.40463638,000.48232755,000.31
Tournament (k=2),Arithmetic,Gaussian,0.78941,0.03095,000.00002289,000.04101634,000.02585793,000.54761142,000.30
Tournament (k=2),Arithmetic,Gaussian,0.78941,0.09637,000.00000000,000.00188875,000.00165749,000.10154843,000.25
Tournament (k=2),Arithmetic,Gaussian,0.43709,0.30000,000.00746918,000.59632623,000.66803551,000.56155622,000.48
Tournament (k=2),Arithmetic,Gaussian,0.55369,0.25191,000.01517487,000.44579142,000.50732613,000.58160865,000.49
Tournament (k=2),Arithmetic,Gaussian,0.72243,0.05228,000.00000000,000.00360146,000.00219345,000.32078043,000.21
Tournament (k=2),Arithmetic,Gaussian,0.74410,0.02837,000.00022125,000.02620087,000.02327347,000.42770854,000.94
Tournament (k=2),Arithmetic,Gaussian,0.46371,0.12524,000.00004196,000.00744033,000.00832558,000.02480048,000.78
Tournament (k=2),Arithmetic,Gaussian,0.52190,0.13667,000.00047302,000.02188826,000.02031136,000.18931068,000.59
Tournament (k=2),Arithmetic,Gaussian,0.50670,0.02183,000.00032043,000.02956338,000.03137207,000.19017701,000.25
Tournament (k=2),Arithmetic,Gaussian,0.62318,0.02599,000.00007629,000.02019129,000.02120590,000.24217646,000.27
Tournament (k=2),Arithmetic,Gaussian,0.55369,0.09637,000.00001526,000.00103087,000.00105858,000.00716587,000.33
Tournament (k=2),Arithmetic,Gaussian,0.81310,0.05705,000.00000000,000.01922755,000.00778961,000.43138847,000.22
Tournament (k=2),Arithmetic,Gaussian,0.53756,0.02000,000.00013733,000.03089614,000.03026772,000.25094402,000.18
Tournament (k=2),Arithmetic,Gaussian,0.76642,0.16276,000.00086212,000.05683269,000.04831505,000.29746345,000.56
Tournament (k=2),Arithmetic,Gaussian,0.72243,0.16276,000.00279999,000.07729793,000.08957863,000.26008552,000.29
Tournament (k=2),Arithmetic,Gaussian,0.50670,0.19383,000.00343323,000.16794820,000.14678574,000.40511626,000.67
Tournament (k=2),Arithmetic,Gaussian,0.66113,0.08092,000.00000000,000.00065117,000.00053215,000.02768393,000.67
Tournament (k=2),Arithmetic,Gaussian,0.64187,0.04791,000.00000381,000.00315442,000.00292778,000.10789371,000.20
Tournament (k=2),Arithmetic,Gaussian,0.70139,0.27490,000.01638794,000.51736945,000.52888298,000.64630860,000.33
Tournament (k=2),Arithmetic,Gaussian,0.66113,0.25191,000.01126480,000.50450593,000.58651352,000.53327602,000.52
Tournament (k=2),Arithmetic,Gaussian,0.57030,0.05705,000.00001144,000.00131421,000.00116348,000.10645395,000.35
Tournament (k=2),Arithmetic,Gaussian,0.53756,0.19383,000.01194000,000.14039126,000.14785767,000.44638780,000.69
Tournament (k=2),Arithmetic,Gaussian,0.49195,0.13667,000.00019073,000.01421628,000.01549721,000.11258979,000.65
Tournament (k=2),Arithmetic,Gaussian,0.58741,0.08092,000.00000381,000.00078154,000.00057983,000.02749322,000.34
Tournament (k=2),Arithmetic,Gaussian,0.74410,0.08830,000.00000000,000.00095096,000.00074768,000.04425203,001.04
Tournament (k=2),Arithmetic,Gaussian,0.74410,0.30000,000.00522995,000.74508274,000.98604584,000.71408200,000.49
Tournament (k=2),Arithmetic,Gaussian,0.78941,0.30000,000.02574539,000.73753083,000.88665199,000.69856805,000.43
Tournament (k=2),Arithmetic,Gaussian,0.42436,0.19383,000.00252914,000.11779986,000.13438225,000.25576073,000.43
Tournament (k=2),Arithmetic,Gaussian,0.68096,0.14915,000.00186920,000.04452457,000.04881287,000.24934343,000.43
Tournament (k=2),Arithmetic,Gaussian,0.47762,0.02183,000.00011444,000.02740617,000.02903748,000.21911751,000.18
Tournament (k=2),Arithmetic,Gaussian,0.60503,0.04791,000.00000763,000.00295749,000.00284004,000.02156013,000.20
Tournament (k=2),Arithmetic,Gaussian,0.62318,0.08092,000.00000000,000.00063572,000.00043488,000.01250059,000.24
Tournament (k=2),Arithmetic,Gaussian,0.53756,0.08830,000.00000000,000.00082788,000.00054359,000.01427264,000.23
Tournament (k=2),Arithmetic,Gaussian,0.76642,0.05705,000.00000381,000.00665464,000.00415039,000.48273414,000.30
Tournament (k=2),Arithmetic,Gaussian,0.70139,0.03095,000.00026321,000.01903858,000.01467514,000.39130804,000.19
Tournament (k=2),Arithmetic,Gaussian,0.47762,0.23084,000.00820160,000.28866166,000.33800316,000.39756224,000.30
Tournament (k=2),Arithmetic,Gaussian,0.66113,0.02837,000.00006866,000.02076106,000.02046394,000.28173548,000.30
Tournament (k=2),Arithmetic,Gaussian,0.45020,0.19383,000.01128387,000.12677065,000.12857437,000.34923881,000.29
Tournament (k=2),Arithmetic,Gaussian,0.55369,0.02837,000.00000763,000.01081920,000.01012802,000.05515352,000.28
Tournament (k=2),Arithmetic,Gaussian,0.60503,0.05228,000.00001144,000.00332451,000.00338173,000.14929622,000.22
Tournament (k=2),Arithmetic,Gaussian,0.78941,0.10516,000.00000381,000.00333653,000.00302505,000.03734787,000.25
Tournament (k=2),Arithmetic,Gaussian,0.46371,0.04023,000.00000381,000.00499530,000.00467110,000.02350121,000.28
Tournament (k=2),Arithmetic,Gaussian,0.60503,0.13667,000.00079727,000.02123337,000.02201462,000.17810713,000.67
Tournament (k=2),Arithmetic,Gaussian,0.72243,0.05705,000.00000763,000.00447211,000.00347328,000.27729437,000.21
Tournament (k=2),Arithmetic,Gaussian,0.43709,0.03686,000.00002670,000.00693703,000.00593948,000.05392549,000.27
Tournament (k=2),Arithmetic,Gaussian,0.78941,0.03378,000.00004959,000.04749370,000.03039360,000.43578398,000.28
Tournament (k=2),Arithmetic,Gaussian,0.58741,0.25191,000.00725174,000.38308397,000.38187408,000.55858016,000.32
Tournament (k=2),Arithmetic,Gaussian,0.74410,0.03095,000.00006485,000.07293005,000.04108429,000.43269813,000.29
Tournament (k=2),Arithmetic,Gaussian,0.57030,0.14915,000.00088501,000.05047970,000.05529976,000.31317022,000.42
Tournament (k=2),Arithmetic,Gaussian,0.45020,0.02000,000.00000000,000.04461990,000.04071045,000.30048043,000.56
Tournament (k=2),Arithmetic,Gaussian,0.81310,0.17762,000.00870514,000.10469136,000.09350777,000.38979262,000.47
Tournament (k=2),Arithmetic,Gaussian,0.70139,0.03378,000.00000763,000.01391039,000.01164246,000.28993547,000.21
Tournament (k=2),Arithmetic,Gaussian,0.83749,0.03378,000.00000000,000.12604800,000.04649734,000.47675508,000.21
Tournament (k=2),Arithmetic,Gaussian,0.52190,0.14915,000.00070572,000.02653689,000.02740860,000.17339911,000.29
Tournament (k=2),Arithmetic,Gaussian,0.53756,0.02183,000.00000000,000.02548413,000.02152824,000.26531103,000.18
Tournament (k=2),Arithmetic,Gaussian,0.81310,0.06226,000.00000000,000.01109896,000.00850677,000.25349993,000.22
Tournament (k=2),Arithmetic,Gaussian,0.64187,0.05228,000.00000381,000.00338793,000.00202179,000.11098763,000.20
Tournament (k=2),Arithmetic,Gaussian,0.62318,0.02837,000.00002289,000.01115913,000.01173401,000.04935988,000.28
Tournament (k=2),Arithmetic,Gaussian,0.72243,0.17762,000.00714874,000.12986155,000.11915970,000.39294648,000.28
Tournament (k=2),Arithmetic,Gaussian,0.68096,0.05228,000.00000763,000.00430016,000.00331116,000.29923061,000.29
Tournament (k=2),Arithmetic,Gaussian,0.86261,0.02000,000.00168610,000.35402608,000.19514275,000.70355988,000.18
Tournament (k=2),Arithmetic,Gaussian,0.64187,0.14915,000.00045013,000.03422041,000.04080009,000.23300444,000.68
Tournament (k=2),Arithmetic,Gaussian,0.53756,0.02382,000.00000763,000.01736565,000.02136230,000.13693359,000.18
Tournament (k=2),Arithmetic,Gaussian,0.70139,0.30000,000.00759888,000.77427548,000.95545769,000.77679014,000.32
Tournament (k=2),Arithmetic,Gaussian,0.70139,0.09637,000.00001526,000.00115356,000.00124741,000.01455935,000.24
Tournament (k=2),Arithmetic,Gaussian,0.76642,0.02000,000.00009155,000.16147551,000.08891487,000.59864056,000.26
Tournament (k=2),Arithmetic,Gaussian,0.81310,0.06795,000.00000000,000.00899262,000.00220490,000.23542197,000.20
Tournament (k=2),Arithmetic,Gaussian,0.64187,0.05705,000.00000381,000.00252838,000.00226021,000.16580081,000.19
Tournament (k=2),Arithmetic,Gaussian,0.62318,0.25191,000.00897980,000.40847665,000.39868546,000.50568956,000.76
Tournament (k=2),Arithmetic,Gaussian,0.57030,0.06226,000.00000763,000.00101247,000.00095940,000.00641012,000.29
Tournament (k=2),Arithmetic,Gaussian,0.58741,0.08830,000.00000381,000.00081310,000.00061035,000.06002901,000.31
Tournament (k=2),Arithmetic,Gaussian,0.76642,0.06226,000.00000000,000.01082692,000.00398636,000.47810954,000.59
Tournament (k=2),Arithmetic,Gaussian,0.55369,0.10516,000.00001144,000.00205626,000.00256729,000.03128621,000.51
Tournament (k=2),Arithmetic,Gaussian,0.47762,0.02382,000.00000000,000.01965885,000.02119064,000.18450741,000.17
Tournament (k=2),Arithmetic,Gaussian,0.58741,0.02837,000.00000763,000.01500568,000.01728249,000.08940417,000.18
Tournament (k=2),Arithmetic,Gaussian,0.72243,0.19383,000.00600433,000.25656110,000.22239494,000.49737787,000.29
Tournament (k=2),Arithmetic,Gaussian,0.62318,0.08830,000.00000000,000.00074506,000.00072861,000.01295642,000.24
Tournament (k=2),Arithmetic,Gaussian,0.64187,0.06226,000.00001144,000.00274124,000.00160599,000.12203000,000.20
Tournament (k=2),Arithmetic,Gaussian,0.81310,0.02000,000.00167847,000.26494041,000.11788559,000.75061226,000.91
Tournament (k=2),Arithmetic,Gaussian,0.81310,0.07415,000.00000000,000.00309186,000.00145721,000.21068829,000.24
Tournament (k=2),Arithmetic,Gaussian,0.66113,0.03095,000.00000763,000.01283674,000.01107979,000.19189763,000.69
Tournament (k=2),Arithmetic,Gaussian,0.86261,0.06226,000.00000000,000.02480440,000.00963974,000.45727751,000.31
Tournament (k=2),Arithmetic,Gaussian,0.88849,0.03686,000.00001144,000.28674227,000.07248306,000.71137613,000.28
Tournament (k=2),Arithmetic,Gaussian,0.86261,0.19383,000.01416016,000.16821389,000.15592766,000.51997447,000.28
Tournament (k=2),Arithmetic,Gaussian,0.50670,0.21153,000.01781082,000.23208347,000.26836395,000.40086833,001.09
Tournament (k=2),Arithmetic,Gaussian,0.66113,0.08830,000.00000000,000.00100017,000.00061035,000.04614030,000.67
Tournament (k=2),Arithmetic,Gaussian,0.55369,0.03095,000.00000381,000.01124744,000.01068878,000.15511990,000.72
Tournament (k=2),Arithmetic,Gaussian,0.83749,0.10516,000.00007629,000.00429692,000.00469208,000.10696590,000.58
Tournament (k=2),Arithmetic,Gaussian,0.60503,0.05705,000.00000763,000.00168529,000.00121689,000.08223943,000.20
Tournament (k=2),Arithmetic,Gaussian,0.74410,0.09637,000.00001144,000.00274167,000.00175285,000.17161143,000.59
Tournament (k=2),Arithmetic,Gaussian,0.76642,0.17762,000.00260162,000.10908937,000.11266327,000.36194438,000.76
Tournament (k=2),Arithmetic,Gaussian,0.78941,0.11476,000.00016785,000.00624986,000.00611496,000.17481655,000.25
Tournament (k=2),Arithmetic,Gaussian,0.53756,0.21153,000.00159454,000.29225820,000.26617813,000.43409407,000.67
Tournament (k=2),Arithmetic,Gaussian,0.72243,0.06226,000.00000381,000.00325260,000.00223351,000.14660546,000.22
Tournament (k=2),Arithmetic,Gaussian,0.62318,0.03095,000.00005722,000.01217976,000.01153946,000.06173517,000.58
Tournament (k=2),Arithmetic,Gaussian,0.68096,0.16276,000.00543213,000.08812161,000.07760620,000.28934294,000.48
Tournament (k=2),Arithmetic,Gaussian,0.70139,0.03686,000.00000381,000.01213298,000.01089096,000.29594323,000.19
Tournament (k=2),Arithmetic,Gaussian,0.55369,0.27490,000.07056427,000.54194701,000.59320831,000.57177508,001.03
Tournament (k=2),Arithmetic,Gaussian,0.86261,0.02183,000.00005722,000.26505724,000.12500000,000.64060593,000.19
Tournament (k=2),Arithmetic,Gaussian,0.62318,0.27490,000.01560211,000.57603061,000.59097862,000.64951485,000.44
Tournament (k=2),Arithmetic,Gaussian,0.83749,0.03686,000.00000763,000.14198899,000.05089760,000.58467710,000.20
Tournament (k=2),Arithmetic,Gaussian,0.91514,0.02183,000.00018311,000.50699699,000.99661636,000.71599543,000.27
Tournament (k=2),Arithmetic,Gaussian,0.66113,0.27490,000.06240845,000.55492598,000.62259102,000.56480414,000.75
Tournament (k=2),Arithmetic,Gaussian,0.78941,0.03686,000.00003815,000.05381236,000.03933144,000.47965643,000.28
Tournament (k=2),Arithmetic,Gaussian,0.74410,0.03378,000.00002289,000.05562000,000.02078629,000.47374174,000.26
Tournament (k=2),Arithmetic,Gaussian,0.45020,0.02183,000.00011826,000.02065239,000.02114677,000.18453683,000.24
Tournament (k=2),Arithmetic,Gaussian,0.57030,0.16276,000.00193787,000.06335668,000.06849289,000.24304530,000.28
Tournament (k=2),Arithmetic,Gaussian,0.58741,0.27490,000.01291275,000.58291137,000.68415642,000.54712570,000.34
Tournament (k=2),Arithmetic,Gaussian,0.88849,0.11476,000.00009918,000.00509191,000.00496483,000.16332503,000.38
Tournament (k=2),Arithmetic,Gaussian,0.53756,0.02599,000.00000000,000.01431694,000.01344109,000.18403032,000.19
Tournament (k=2),Arithmetic,Gaussian,0.72243,0.02000,000.00008392,000.06942568,000.05842018,000.39644977,000.18
Tournament (k=2),Arithmetic,Gaussian,0.60503,0.14915,000.00032806,000.04279661,000.04226303,000.29036677,000.42
Tournament (k=2),Arithmetic,Gaussian,0.45020,0.21153,000.00260544,000.18584876,000.17688942,000.33916324,000.51
Tournament (k=2),Arithmetic,Gaussian,0.68096,0.05705,000.00000000,000.00395894,000.00265503,000.15541044,000.75
Tournament (k=2),Arithmetic,Gaussian,0.70139,0.10516,000.00001907,000.00269709,000.00277519,000.02040066,000.26
Tournament (k=2),Arithmetic,Gaussian,0.76642,0.02183,000.00005341,000.07934614,000.03491592,000.53680944,000.68
Tournament (k=2),Arithmetic,Gaussian,0.81310,0.02183,000.00000000,000.21767521,000.12437248,000.67855024,000.19
Tournament (k=2),Arithmetic,Gaussian,0.50670,0.02382,000.00000000,000.01854329,000.02040863,000.20559265,000.24
Tournament (k=2),Arithmetic,Gaussian,0.76642,0.06795,000.00000000,000.00336108,000.00150681,000.21804896,000.25
Tournament (k=2),Arithmetic,Gaussian,0.64187,0.06795,000.00000763,000.00130305,000.00093269,000.18018928,000.23
Tournament (k=2),Arithmetic,Gaussian,0.58741,0.03095,000.00000763,000.00734720,000.00681114,000.17608552,000.25
Tournament (k=2),Arithmetic,Gaussian,0.62318,0.09637,000.00001144,000.00108886,000.00094604,000.09269355,000.26
Tournament (k=2),Arithmetic,Gaussian,0.91514,0.06795,000.00000000,000.02158651,000.01621246,000.45489615,000.29
Tournament (k=2),Arithmetic,Gaussian,0.57030,0.06795,000.00000000,000.00073333,000.00067329,000.01504565,000.66
Tournament (k=2),Arithmetic,Gaussian,0.58741,0.09637,000.00000763,000.00123205,000.00098991,000.01164084,000.33
Tournament (k=2),Arithmetic,Gaussian,0.81310,0.08092,000.00000763,000.00119834,000.00084114,000.23377506,000.23
Tournament (k=2),Arithmetic,Gaussian,0.50670,0.23084,000.01715088,000.27543584,000.26056290,000.42697793,000.45
Tournament (k=2),Arithmetic,Gaussian,0.72243,0.21153,000.00913239,000.29911819,000.31732941,000.43269926,000.35
Tournament (k=2),Arithmetic,Gaussian,0.78941,0.04023,000.00009537,000.02708869,000.01358414,000.43114343,000.36
Tournament (k=2),Arithmetic,Gaussian,0.81310,0.19383,000.01175690,000.12911868,000.15160942,000.43845046,000.64
Tournament (k=2),Arithmetic,Gaussian,0.60503,0.06226,000.00000000,000.00107217,000.00075150,000.08394903,000.21
Tournament (k=2),Arithmetic,Gaussian,0.66113,0.03378,000.00000381,000.01187968,000.01001740,000.29346707,000.25
Tournament (k=2),Arithmetic,Gaussian,0.55369,0.03378,000.00000763,000.00659995,000.00823593,000.12103434,000.28
Tournament (k=2),Arithmetic,Gaussian,0.88849,0.04023,000.00001907,000.14724918,000.03060150,000.65960002,000.29
Tournament (k=2),Arithmetic,Gaussian,0.86261,0.21153,000.00933838,000.23181634,000.22701645,000.50267267,000.30
Tournament (k=2),Arithmetic,Gaussian,0.94259,0.04023,000.00018692,000.26212525,000.05961227,000.71112621,000.31
Tournament (k=2),Arithmetic,Gaussian,0.86261,0.06795,000.00000000,000.00753694,000.00332642,000.31436262,000.31
Tournament (k=2),Arithmetic,Gaussian,0.94259,0.12524,000.00009155,000.01212487,000.01128006,000.28535566,000.28
Tournament (k=2),Arithmetic,Gaussian,0.66113,0.09637,000.00000763,000.00124378,000.00120544,000.01965675,000.34
Tournament (k=2),Arithmetic,Gaussian,0.57030,0.07415,000.00000000,000.00083222,000.00061417,000.07913276,000.25
Tournament (k=2),Arithmetic,Gaussian,0.83749,0.11476,000.00022125,000.00825815,000.00912476,000.14202853,000.36
Tournament (k=2),Arithmetic,Gaussian,0.72243,0.06795,000.00000000,000.00203466,000.00112343,000.12560540,000.23
Tournament (k=2),Arithmetic,Gaussian,0.50670,0.02599,000.00010681,000.01469417,000.01518822,000.32000688,000.30
Tournament (k=2),Arithmetic,Gaussian,0.81310,0.08830,000.00000000,000.00256400,000.00097275,000.13016984,000.27
Tournament (k=2),Arithmetic,Gaussian,0.78941,0.12524,000.00035858,000.01252279,000.01346207,000.12294982,000.26
Tournament (k=2),Arithmetic,Gaussian,0.86261,0.02382,000.00017929,000.34266335,000.20423508,000.73817730,000.17
Tournament (k=2),Arithmetic,Gaussian,0.70139,0.04023,000.00001526,000.01112666,000.00871658,000.26848531,000.18
Tournament (k=2),Arithmetic,Gaussian,0.62318,0.03378,000.00000000,000.00600958,000.00651741,000.15695725,000.27
Tournament (k=2),Arithmetic,Gaussian,0.83749,0.04023,000.00021744,000.09189930,000.03199196,000.58689344,000.20
Tournament (k=2),Arithmetic,Gaussian,0.78941,0.04390,000.00001526,000.00996060,000.00729561,000.48792505,000.36
Tournament (k=2),Arithmetic,Gaussian,0.91514,0.21153,000.01565552,000.31753135,000.25111771,000.56240666,000.60
Tournament (k=2),Arithmetic,Gaussian,0.91514,0.02382,000.00019073,000.33463469,000.18870544,000.78357452,000.25
Tournament (k=2),Arithmetic,Gaussian,0.74410,0.03686,000.00000381,000.02896872,000.01816940,000.55764461,000.23
Tournament (k=2),Arithmetic,Gaussian,0.53756,0.02837,000.00000000,000.01245427,000.01115799,000.17996813,000.20
Tournament (k=2),Arithmetic,Gaussian,0.53756,0.23084,000.00547028,000.32515603,000.31491470,000.49190632,000.46
Tournament (k=2),Arithmetic,Gaussian,0.62318,0.30000,000.05626678,000.79707640,001.08298111,000.69633949,000.33
Tournament (k=2),Arithmetic,Gaussian,0.97087,0.02382,000.00005341,000.27895713,000.14098740,000.74637878,000.28
Tournament (k=2),Arithmetic,Gaussian,0.50670,0.25191,000.01282501,000.29628810,000.28563309,000.57062715,000.50
Tournament (k=2),Arithmetic,Gaussian,0.70139,0.04390,000.00001907,000.00748091,000.00743866,000.26832929,000.24
Tournament (k=2),Arithmetic,Gaussian,0.57030,0.17762,000.00079346,000.12256012,000.13197708,000.38500586,000.29
Tournament (k=2),Arithmetic,Gaussian,0.83749,0.04390,000.00000381,000.05917273,000.02718353,000.50191963,000.21
Tournament (k=2),Arithmetic,Gaussian,0.55369,0.11476,000.00002670,000.00361195,000.00365829,000.08348490,000.37
Tournament (k=2),Arithmetic,Gaussian,0.78941,0.13667,000.00056839,000.01993375,000.02103424,000.19870915,000.36
Tournament (k=2),Arithmetic,Gaussian,0.81310,0.02382,000.00012207,000.12663499,000.06518936,000.55663222,000.18
Tournament (k=2),Arithmetic,Gaussian,0.88849,0.12524,000.00028229,000.01398525,000.01231384,000.24822880,000.38
Tournament (k=2),Arithmetic,Gaussian,0.58741,0.30000,000.01767349,000.73434764,000.96424866,000.62294918,000.41
Tournament (k=2),Arithmetic,Gaussian,0.97087,0.07415,000.00000000,000.00991435,000.00323296,000.35041568,000.32
Tournament (k=2),Arithmetic,Gaussian,0.70139,0.11476,000.00024033,000.00603352,000.00636864,000.16566698,000.25
Tournament (k=2),Arithmetic,Gaussian,0.60503,0.16276,000.00444794,000.07534256,000.07153702,000.29566985,000.42
Tournament (k=2),Arithmetic,Gaussian,0.66113,0.30000,000.00932312,000.71540034,001.03375244,000.69220275,000.49
Tournament (k=2),Arithmetic,Gaussian,0.68096,0.06226,000.00000000,000.00410953,000.00244522,000.18170702,000.29
Tournament (k=2),Arithmetic,Gaussian,0.76642,0.02382,000.00027466,000.13558158,000.04367447,000.45855767,000.26
Tournament (k=2),Arithmetic,Gaussian,0.58741,0.03378,000.00000381,000.00774560,000.00744247,000.15095402,000.20
Tournament (k=2),Arithmetic,Gaussian,0.55369,0.30000,000.05641174,000.63015664,000.65348816,000.72061920,000.62
Tournament (k=2),Arithmetic,Gaussian,0.64187,0.07415,000.00000000,000.00067787,000.00047493,000.17475925,000.23
Tournament (k=2),Arithmetic,Gaussian,0.64187,0.02000,000.00000381,000.03197293,000.03255653,000.27659944,000.26
Tournament (k=2),Arithmetic,Gaussian,0.91514,0.07415,000.00000000,000.00730262,000.00179482,000.37811905,000.22
Tournament (k=2),Arithmetic,Gaussian,0.62318,0.10516,000.00005341,000.00143223,000.00129700,000.01828764,000.25
Tournament (k=2),Arithmetic,Gaussian,0.64187,0.16276,000.00233459,000.09780355,000.10144234,000.34170583,000.28
Tournament (k=2),Arithmetic,Gaussian,0.97087,0.02599,000.00021744,000.31923795,000.13587761,000.71627927,000.31
Tournament (k=2),Arithmetic,Gaussian,0.58741,0.10516,000.00004196,000.00236626,000.00172043,000.02178592,000.26
Tournament (k=2),Arithmetic,Gaussian,0.88849,0.04390,000.00000763,000.10135369,000.02396202,000.58939224,000.21
Tournament (k=2),Arithmetic,Gaussian,0.72243,0.23084,000.01293182,000.34653744,000.34956741,000.53905880,000.30
Tournament (k=2),Arithmetic,Gaussian,0.76642,0.19383,000.00753021,000.19073406,000.18404198,000.48990113,000.31
Tournament (k=2),Arithmetic,Gaussian,0.60503,0.06795,000.00000000,000.00079112,000.00066566,000.14532731,000.28
Tournament (k=2),Arithmetic,Gaussian,0.97087,0.02837,000.00023651,000.36802810,000.29502296,000.66714513,000.20
Tournament (k=2),Arithmetic,Gaussian,0.53756,0.25191,000.01870728,000.47852641,000.50640106,000.59193325,000.58
Tournament (k=2),Arithmetic,Gaussian,0.55369,0.03686,000.00000000,000.00609851,000.00563431,000.06077879,000.28
Tournament (k=2),Arithmetic,Gaussian,0.66113,0.03686,000.00000000,000.00887651,000.00823402,000.17801467,000.29
Tournament (k=2),Arithmetic,Gaussian,0.62318,0.11476,000.00012970,000.00478101,000.00444031,000.06618773,000.27
Tournament (k=2),Arithmetic,Gaussian,0.94259,0.04390,000.00001526,000.23807231,000.06315422,000.60072178,000.30
Tournament (k=2),Arithmetic,Gaussian,0.86261,0.23084,000.02673340,000.36479679,000.36686134,000.44721904,000.30
Tournament (k=2),Arithmetic,Gaussian,0.97087,0.23084,000.01589966,000.35137454,000.35171318,000.50005609,000.64
Tournament (k=2),Arithmetic,Gaussian,0.64187,0.17762,000.00166702,000.09676079,000.10232925,000.37988847,000.32
Tournament (k=2),Arithmetic,Gaussian,0.57030,0.08092,000.00000763,000.00054164,000.00048828,000.10526672,000.29
Tournament (k=2),Arithmetic,Gaussian,0.86261,0.07415,000.00000000,000.00413799,000.00223541,000.30992246,000.33
Tournament (k=2),Arithmetic,Gaussian,0.72243,0.02183,000.00052643,000.05764003,000.05496407,000.52884161,000.18
Tournament (k=2),Arithmetic,Gaussian,0.74410,0.10516,000.00003815,000.00375237,000.00315094,000.05581631,000.53
Tournament (k=2),Arithmetic,Gaussian,0.94259,0.13667,000.00054932,000.01908832,000.02041817,000.20057055,000.34
Tournament (k=2),Arithmetic,Gaussian,0.72243,0.07415,000.00000000,000.00179238,000.00173569,000.15202981,000.22
Tournament (k=2),Arithmetic,Gaussian,0.86261,0.02599,000.00040817,000.34414497,000.19721985,000.65265828,000.18
Tournament (k=2),Arithmetic,Gaussian,0.81310,0.09637,000.00003052,000.00293751,000.00224304,000.16267242,000.24
Tournament (k=2),Arithmetic,Gaussian,0.68096,0.17762,000.00463867,000.11968751,000.13127518,000.46040583,000.53
Tournament (k=2),Arithmetic,Gaussian,0.70139,0.04791,000.00001526,000.00903807,000.00728989,000.27772072,000.19
Tournament (k=2),Arithmetic,Gaussian,0.60503,0.02000,000.00000763,000.03472285,000.02992058,000.30263913,000.17
Tournament (k=2),Arithmetic,Gaussian,0.62318,0.03686,000.00008392,000.00697761,000.00535202,000.19272286,000.26
Tournament (k=2),Arithmetic,Gaussian,0.91514,0.02599,000.00011444,000.35368991,000.17075539,000.75301325,000.26
Tournament (k=2),Arithmetic,Gaussian,0.74410,0.04023,000.00000000,000.01629391,000.01067543,000.35677245,000.27
Tournament (k=2),Arithmetic,Gaussian,0.78941,0.04791,000.00000000,000.02347016,000.01518440,000.41696015,000.29
Tournament (k=2),Arithmetic,Gaussian,0.86261,0.02837,000.00005341,000.25915751,000.09914589,000.73675197,000.18
Tournament (k=2),Arithmetic,Gaussian,1.00000,0.04390,000.00000381,000.21250463,000.05733871,000.63944083,000.29
Tournament (k=2),Arithmetic,Gaussian,0.57030,0.19383,000.00159454,000.16245575,000.16797256,000.36987072,000.29
Tournament (k=2),Arithmetic,Gaussian,0.76642,0.07415,000.00000381,000.00151415,000.00108337,000.21801044,000.31
Tournament (k=2),Arithmetic,Gaussian,0.78941,0.14915,000.00082779,000.04144087,000.04066086,000.26946065,000.26
Tournament (k=2),Arithmetic,Gaussian,0.72243,0.08092,000.00000000,000.00129952,000.00085068,000.10775959,000.23
Tournament (k=2),Arithmetic,Gaussian,0.70139,0.12524,000.00039291,000.00993185,000.01018524,000.10591533,000.26
Tournament (k=2),Arithmetic,Gaussian,0.81310,0.10516,000.00003052,000.00356235,000.00379753,000.11548986,000.24
Tournament (k=2),Arithmetic,Gaussian,0.60503,0.02183,000.00008011,000.02693420,000.02627182,000.31831315,000.18
Tournament (k=2),Arithmetic,Gaussian,0.68096,0.02000,000.00000000,000.04446578,000.04903984,000.44766545,000.26
Tournament (k=2),Arithmetic,Gaussian,0.58741,0.03686,000.00000763,000.00675364,000.00728035,000.09037308,000.19
Tournament (k=2),Arithmetic,Gaussian,0.86261,0.03095,000.00002289,000.14432916,000.04967690,000.67665541,000.19
Tournament (k=2),Arithmetic,Gaussian,0.64187,0.02183,000.00013733,000.01986070,000.01711273,000.32611185,000.19
Tournament (k=2),Arithmetic,Gaussian,0.88849,0.04791,000.00003815,000.19295350,000.03361702,000.69850510,000.64
Tournament (k=2),Arithmetic,Gaussian,0.64187,0.08092,000.00000000,000.00116076,000.00096703,000.02309383,000.24
Tournament (k=2),Arithmetic,Gaussian,0.62318,0.04023,000.00002670,000.00579400,000.00586319,000.15617166,000.30
Tournament (k=2),Arithmetic,Gaussian,0.91514,0.08092,000.00000000,000.00586448,000.00171852,000.34055188,000.23
Tournament (k=2),Arithmetic,Gaussian,0.60503,0.07415,000.00000381,000.00089202,000.00067711,000.10188862,000.23
Tournament (k=2),Arithmetic,Gaussian,0.81310,0.21153,000.00929260,000.23308988,000.24284363,000.41106755,000.99
Tournament (k=2),Arithmetic,Gaussian,0.62318,0.12524,000.00037384,000.00910387,000.00836182,000.05468727,000.27
Tournament (k=2),Arithmetic,Gaussian,0.55369,0.04023,000.00000763,000.00316782,000.00362015,000.06730244,000.29
Tournament (k=2),Arithmetic,Gaussian,0.66113,0.04023,000.00003815,000.00693340,000.00683022,000.31310892,000.29
Tournament (k=2),Arithmetic,Gaussian,0.97087,0.03095,000.00008392,000.31547880,000.13373947,000.75178671,000.30
Tournament (k=2),Arithmetic,Gaussian,0.64187,0.02382,000.00000381,000.02442937,000.02462959,000.36805490,000.19
Tournament (k=2),Arithmetic,Gaussian,0.81310,0.02599,000.00000763,000.28696734,000.08175850,000.73016059,000.18
Tournament (k=2),Arithmetic,Gaussian,0.83749,0.12524,000.00038910,000.01816449,000.01939774,000.18009952,000.84
Tournament (k=2),Arithmetic,Gaussian,0.66113,0.10516,000.00002289,000.00227976,000.00218010,000.11863159,000.98
Tournament (k=2),Arithmetic,Gaussian,0.94259,0.04791,000.00000381,000.18168244,000.05707359,000.69583547,000.32
Tournament (k=2),Arithmetic,Gaussian,0.86261,0.25191,000.04247665,000.56314546,000.62831688,000.62732244,000.33
Tournament (k=2),Arithmetic,Gaussian,0.64187,0.19383,000.00386810,000.16495132,000.17033577,000.41716546,000.30
Tournament (k=2),Arithmetic,Gaussian,0.70139,0.05228,000.00002289,000.00387902,000.00282288,000.28768569,000.20
Tournament (k=2),Arithmetic,Gaussian,0.64187,0.02599,000.00034332,000.02165914,000.01682854,000.19802383,000.21
Tournament (k=2),Arithmetic,Gaussian,0.86261,0.08092,000.00000000,000.00206332,000.00113678,000.13204624,000.83
Tournament (k=2),Arithmetic,Gaussian,0.97087,0.25191,000.01214600,000.47344369,000.41569901,000.62426358,000.43
Tournament (k=2),Arithmetic,Gaussian,0.91514,0.02837,000.00000763,000.40869087,000.25847435,000.75461531,000.69
Tournament (k=2),Arithmetic,Gaussian,0.62318,0.13667,000.00022888,000.02188020,000.02495575,000.18757805,000.30
Tournament (k=2),Arithmetic,Gaussian,0.60503,0.02382,000.00004959,000.01633425,000.01657867,000.14831603,000.18
Tournament (k=2),Arithmetic,Gaussian,0.74410,0.04390,000.00001526,000.01189818,000.00903511,000.33933544,000.71
Tournament (k=2),Arithmetic,Gaussian,0.57030,0.21153,000.01073456,000.25489765,000.19068527,000.47859108,000.31
Tournament (k=2),Arithmetic,Gaussian,0.68096,0.06795,000.00000000,000.00106964,000.00101089,000.14782833,000.32
Tournament (k=2),Arithmetic,Gaussian,0.72243,0.08830,000.00000381,000.00122271,000.00098228,000.03170171,000.24
Tournament (k=2),Arithmetic,Gaussian,1.00000,0.04791,000.00001526,000.11004281,000.03461266,000.61077386,000.70
Tournament (k=2),Arithmetic,Gaussian,0.76642,0.21153,000.00505829,000.17825899,000.17450523,000.49156499,000.66
Tournament (k=2),Arithmetic,Gaussian,0.55369,0.12524,000.00035858,000.00731077,000.00783920,000.04257894,000.96
Tournament (k=2),Arithmetic,Gaussian,0.78941,0.16276,000.00216675,000.05258951,000.05681229,000.25692326,000.28
Tournament (k=2),Arithmetic,Gaussian,0.70139,0.05705,000.00000000,000.00410414,000.00292397,000.18467736,000.25
Tournament (k=2),Arithmetic,Gaussian,1.00000,0.13667,000.00252151,000.02218981,000.02344131,000.26939172,000.67
Tournament (k=2),Arithmetic,Gaussian,0.70139,0.13667,000.00062561,000.01895113,000.02041245,000.17602435,000.27
Tournament (k=2),Arithmetic,Gaussian,0.91514,0.23084,000.00473785,000.38348690,000.35260582,000.50777012,001.08
Tournament (k=2),Arithmetic,Gaussian,0.78941,0.05228,000.00000763,000.01038775,000.00528336,000.37613222,000.81
Tournament (k=2),Arithmetic,Gaussian,0.57030,0.08830,000.00001526,000.00078669,000.00072098,000.01187419,001.05
Tournament (k=2),Arithmetic,Gaussian,0.58741,0.04023,000.00003052,000.00403905,000.00374603,000.04629178,000.20
Tournament (k=2),Arithmetic,Gaussian,0.97087,0.08092,000.00001144,000.01808557,000.00237465,000.33203441,000.52
Tournament (k=2),Arithmetic,Gaussian,0.76642,0.08092,000.00000763,000.00213904,000.00147438,000.15830371,000.38
Tournament (k=2),Arithmetic,Gaussian,0.88849,0.13667,000.00028992,000.02611356,000.02611542,000.29344544,001.08
Tournament (k=2),Arithmetic,Gaussian,0.60503,0.02599,000.00006866,000.01536341,000.01720428,000.19471906,000.19
Tournament (k=2),Arithmetic,Gaussian,0.68096,0.02183,000.00033188,000.05827827,000.05055237,000.38029847,000.28
Tournament (k=2),Arithmetic,Gaussian,0.53756,0.27490,000.03965378,000.63015139,000.73422241,000.64406151,000.80
Tournament (k=2),Arithmetic,Gaussian,0.72243,0.25191,000.04518127,000.53540719,000.59863853,000.57537264,001.30
Tournament (k=2),Arithmetic,Gaussian,0.86261,0.03378,000.00007629,000.23297682,000.10197067,000.61837935,000.23
Tournament (k=2),Arithmetic,Gaussian,0.83749,0.04791,000.00000381,000.08501468,000.01349258,000.49810088,000.25
Tournament (k=2),Arithmetic,Gaussian,0.91514,0.08830,000.00000763,000.00248690,000.00127220,000.24680030,000.24
Tournament (k=2),Arithmetic,Gaussian,0.81310,0.02837,000.00000763,000.13116670,000.05381393,000.46458411,000.19
Tournament (k=2),Arithmetic,Gaussian,0.58741,0.11476,000.00012207,000.00402622,000.00370789,000.04538987,000.90
Tournament (k=2),Arithmetic,Gaussian,0.81310,0.23084,000.00493240,000.42638350,000.38571739,000.55839461,000.63
Tournament (k=2),Arithmetic,Gaussian,0.60503,0.08092,000.00000000,000.00050864,000.00047493,000.01173986,000.24
Tournament (k=2),Arithmetic,Gaussian,0.62318,0.04390,000.00001526,000.00483489,000.00517654,000.12421379,000.29
Tournament (k=2),Arithmetic,Gaussian,0.94259,0.05228,000.00000000,000.09849787,000.02911949,000.48867908,000.56
Tournament (k=2),Arithmetic,Gaussian,0.55369,0.04390,000.00001907,000.00346923,000.00298500,000.02425095,000.64
Tournament (k=2),Arithmetic,Gaussian,0.76642,0.02599,000.00021362,000.15039197,000.06279755,000.56702882,000.29
Tournament (k=2),Arithmetic,Gaussian,0.57030,0.02000,000.00000381,000.03094010,000.03203964,000.21460535,000.28
Tournament (k=2),Arithmetic,Gaussian,0.60503,0.17762,000.00148773,000.09754233,000.11096001,000.29141697,000.76
Tournament (k=2),Arithmetic,Gaussian,0.97087,0.03378,000.00005341,000.21841678,000.04880905,000.61590874,000.71
Tournament (k=2),Arithmetic,Gaussian,0.64187,0.02837,000.00004196,000.01694865,000.01365280,000.28166634,000.23
Tournament (k=2),Arithmetic,Gaussian,0.81310,0.11476,000.00017166,000.00456491,000.00432205,000.04012714,000.26
Tournament (k=2),Arithmetic,Gaussian,0.94259,0.14915,000.00136185,000.05358868,000.05178452,000.30561402,000.81
Tournament (k=2),Arithmetic,Gaussian,0.86261,0.27490,000.01479340,000.67346203,000.90154266,000.70509493,000.34
Tournament (k=2),Arithmetic,Gaussian,0.74410,0.11476,000.00008392,000.00738678,000.00669670,000.12466797,001.36
Tournament (k=2),Arithmetic,Gaussian,0.88849,0.05228,000.00002289,000.02415442,000.01208305,000.58189201,000.91
Tournament (k=2),Arithmetic,Gaussian,0.64187,0.08830,000.00000763,000.00045009,000.00045013,000.02851577,000.24
Tournament (k=2),Arithmetic,Gaussian,0.66113,0.04390,000.00000000,000.00799198,000.00638962,000.22732098,000.81
Tournament (k=2),Arithmetic,Gaussian,0.62318,0.14915,000.00066757,000.02744431,000.02860451,000.23531133,000.29
Tournament (k=2),Arithmetic,Gaussian,0.97087,0.27490,000.03857422,000.68840224,000.90720177,000.68246502,000.33
Tournament (k=2),Arithmetic,Gaussian,0.68096,0.19383,000.00488281,000.18123722,000.16893959,000.42383984,001.36
Tournament (k=2),Arithmetic,Gaussian,0.57030,0.23084,000.02017212,000.29238853,000.29244995,000.46000800,000.31
Tournament (k=2),Arithmetic,Gaussian,0.83749,0.13667,000.00031281,000.01962533,000.02179718,000.17563450,000.56
Tournament (k=2),Arithmetic,Gaussian,0.91514,0.03095,000.00005341,000.38282523,000.18046761,000.74532801,000.39
Tournament (k=2),Arithmetic,Gaussian,0.72243,0.09637,000.00001144,000.00233269,000.00156021,000.14922054,000.24
Tournament (k=2),Arithmetic,Gaussian,0.66113,0.11476,000.00008774,000.00416565,000.00468445,000.13455682,000.59
Tournament (k=2),Arithmetic,Gaussian,0.70139,0.06226,000.00000000,000.00102444,000.00084877,000.08756251,000.21
Tournament (k=2),Arithmetic,Gaussian,0.86261,0.08830,000.00000000,000.00246892,000.00148773,000.12067647,000.49
Tournament (k=2),Arithmetic,Gaussian,0.58741,0.04390,000.00000381,000.00358062,000.00245285,000.09598652,000.19
Tournament (k=2),Arithmetic,Gaussian,1.00000,0.05228,000.00000000,000.17944460,000.04426193,000.59504968,000.30
Tournament (k=2),Arithmetic,Gaussian,0.68096,0.07415,000.00000000,000.00112600,000.00054550,000.14482366,000.32
Tournament (k=2),Arithmetic,Uniform,0.40000,0.02599,000.00181580,000.14807029,000.15858459,000.38146880,000.39
Tournament (k=2),Arithmetic,Gaussian,0.78941,0.17762,000.00694275,000.11060228,000.11234093,000.36489403,000.28
Tournament (k=2),Arithmetic,Gaussian,0.70139,0.14915,000.00119781,000.04261327,000.04396820,000.25124377,000.27
Tournament (k=2),Arithmetic,Gaussian,0.74410,0.04791,000.00005341,000.01020517,000.00852585,000.31984395,000.79
Tournament (k=2),Arithmetic,Gaussian,0.78941,0.05705,000.00000000,000.00374503,000.00241089,000.25471750,000.29
Tournament (k=2),Arithmetic,Gaussian,0.76642,0.23084,000.00809860,000.42948651,000.51815987,000.57028222,000.39
Tournament (k=2),Arithmetic,Gaussian,0.66113,0.04791,000.00000381,000.00456948,000.00477791,000.08871318,000.32
Tournament (k=2),Arithmetic,Gaussian,0.55369,0.13667,000.00007629,000.01547008,000.01658821,000.14404202,000.44
Tournament (k=2),Arithmetic,Gaussian,0.57030,0.09637,000.00000763,000.00136762,000.00152779,000.09479890,000.35
Tournament (k=2),Arithmetic,Gaussian,0.60503,0.08830,000.00000000,000.00069089,000.00053024,000.02573727,000.59
Tournament (k=2),Arithmetic,Gaussian,1.00000,0.14915,000.00071716,000.04526243,000.04118347,000.29390708,000.39
Tournament (k=2),Arithmetic,Gaussian,0.60503,0.02837,000.00000381,000.01323156,000.01062012,000.20405839,000.18
Tournament (k=2),Arithmetic,Gaussian,0.76642,0.08830,000.00000763,000.00129189,000.00101089,000.04442281,000.33
Tournament (k=2),Arithmetic,Gaussian,0.97087,0.08830,000.00000763,000.00176525,000.00170898,000.22217430,000.33
Tournament (k=2),Arithmetic,Gaussian,0.86261,0.03686,000.00003815,000.29860792,000.10112000,000.71941978,000.19
Tournament (k=2),Arithmetic,Gaussian,0.68096,0.21153,000.00462723,000.24172764,000.22164726,000.54149938,000.37
Tournament (k=2),Arithmetic,Gaussian,0.68096,0.02382,000.00009918,000.01960168,000.01616096,000.34279677,000.25
Tournament (k=2),Arithmetic,Uniform,0.40000,0.08092,000.00012207,000.00454330,000.00454712,000.10344942,000.27
Tournament (k=2),Arithmetic,Gaussian,0.83749,0.05228,000.00002289,000.07313418,000.01457405,000.56521708,000.25
Tournament (k=2),Arithmetic,Gaussian,0.81310,0.03095,000.00004578,000.20900139,000.06611061,000.65645427,000.19
Tournament (k=2),Arithmetic,Gaussian,0.91514,0.09637,000.00001907,000.00469046,000.00252533,000.19424118,000.24
Tournament (k=2),Arithmetic,Gaussian,0.72243,0.02382,000.00021362,000.04673576,000.04227829,000.45118970,000.18
Tournament (k=2),Arithmetic,Gaussian,0.72243,0.27490,000.02134323,000.62368226,000.77196503,000.65366495,000.32
Tournament (k=2),Arithmetic,Gaussian,0.88849,0.14915,000.00231934,000.04414296,000.04672241,000.36693397,000.38
Tournament (k=2),Arithmetic,Gaussian,0.55369,0.04791,000.00000000,000.00286613,000.00237274,000.01600671,000.20
Tournament (k=2),Arithmetic,Gaussian,0.58741,0.12524,000.00028992,000.01096301,000.01264381,000.05137906,000.26
Tournament (k=2),Arithmetic,Gaussian,0.86261,0.04023,000.00000381,000.09586386,000.03084373,000.51029003,000.20
Tournament (k=2),Arithmetic,Gaussian,0.57030,0.02183,000.00011063,000.02384887,000.02130318,000.21032554,000.25
Tournament (k=2),Arithmetic,Gaussian,0.91514,0.25191,000.03237915,000.60031950,000.74408722,000.63358325,001.00
Tournament (k=2),Arithmetic,Gaussian,0.76642,0.02837,000.00028992,000.06077218,000.03701019,000.49813092,000.27
Tournament (k=2),Arithmetic,Gaussian,0.62318,0.04791,000.00000763,000.00347443,000.00281143,000.10157776,000.28
Tournament (k=2),Arithmetic,Gaussian,0.94259,0.05705,000.00000000,000.11247993,000.02011490,000.52987826,000.30
Tournament (k=2),Arithmetic,Gaussian,0.57030,0.25191,000.02715683,000.48511609,000.47099876,000.57247734,000.61
Tournament (k=2),Arithmetic,Gaussian,0.81310,0.03378,000.00000000,000.04960842,000.02589798,000.49632025,000.20
Tournament (k=2),Arithmetic,Uniform,0.40000,0.08830,000.00000000,000.00514545,000.00514793,000.08409771,000.24
Tournament (k=2),Arithmetic,Gaussian,0.68096,0.02599,000.00058746,000.03303065,000.03274536,000.28362536,000.27
Tournament (k=2),Arithmetic,Gaussian,0.83749,0.05705,000.00000381,000.01270943,000.00742149,000.43878406,000.26
Tournament (k=2),Arithmetic,Gaussian,0.81310,0.25191,000.05602264,000.57752573,000.64740562,000.59584129,000.44
Tournament (k=2),Arithmetic,Gaussian,0.60503,0.19383,000.01135254,000.21246986,000.20618629,000.41835931,000.41
Tournament (k=2),Arithmetic,Gaussian,0.74410,0.12524,000.00022125,000.01197348,000.01494980,000.10151923,000.27
Tournament (k=2),Arithmetic,Gaussian,0.91514,0.10516,000.00003052,000.00409474,000.00419617,000.09740295,000.33
Tournament (k=2),Arithmetic,Gaussian,0.86261,0.30000,000.01284409,000.65474433,000.72262573,000.69877994,000.34
Tournament (k=2),Arithmetic,Gaussian,0.64187,0.09637,000.00000763,000.00121346,000.00086021,000.15277174,000.24
Tournament (k=2),Arithmetic,Gaussian,0.94259,0.16276,000.00145721,000.04997807,000.05541420,000.25279686,000.40
Tournament (k=2),Arithmetic,Gaussian,0.58741,0.04791,000.00002289,000.00310802,000.00301361,000.03947181,000.22
Tournament (k=2),Arithmetic,Gaussian,0.68096,0.23084,000.00910950,000.47714004,000.48618126,000.53725868,000.49
Tournament (k=2),Arithmetic,Gaussian,0.72243,0.10516,000.00003815,000.00221791,000.00245476,000.11072893,000.25
Tournament (k=2),Arithmetic,Gaussian,0.64187,0.21153,000.00535965,000.25108609,000.22058487,000.51160759,000.30
Tournament (k=2),Arithmetic,Gaussian,0.62318,0.16276,000.00331116,000.06857176,000.07474136,000.30211991,000.30
Tournament (k=2),Arithmetic,Gaussian,0.91514,0.03378,000.00000763,000.16746259,000.03745651,000.67615902,000.28
Tournament (k=2),Arithmetic,Uniform,0.40000,0.02837,000.00114441,000.16230588,000.14514732,000.41222960,000.17
Tournament (k=2),Arithmetic,Gaussian,0.70139,0.06795,000.00000000,000.00091062,000.00070000,000.04192284,000.31
Tournament (k=2),Arithmetic,Gaussian,0.86261,0.09637,000.00000000,000.00305438,000.00293732,000.10909996,000.35
Tournament (k=2),Arithmetic,Gaussian,0.88849,0.16276,000.00063705,000.07055540,000.06169128,000.29308587,000.41
Tournament (k=2),Arithmetic,Gaussian,0.83749,0.14915,000.00273895,000.04327202,000.04871559,000.20025697,000.40
Tournament (k=2),Arithmetic,Gaussian,0.66113,0.12524,000.00020599,000.01005535,000.01158714,000.13109928,000.37
Tournament (k=2),Arithmetic,Gaussian,1.00000,0.05705,000.00000000,000.11484103,000.01933861,000.50506908,000.32
Tournament (k=2),Arithmetic,Gaussian,0.74410,0.05228,000.00000000,000.00418854,000.00304413,000.37030306,000.25
Tournament (k=2),Arithmetic,Gaussian,0.78941,0.19383,000.01318741,000.15603065,000.16192245,000.44642776,000.30
Tournament (k=2),Arithmetic,Gaussian,0.68096,0.08092,000.00000381,000.00146708,000.00070763,000.10264298,000.34
Tournament (k=2),Arithmetic,Gaussian,0.97087,0.30000,000.04166412,000.70545781,000.89782333,000.64623266,000.48
Tournament (k=2),Arithmetic,Gaussian,0.60503,0.03095,000.00003433,000.00918941,000.00877762,000.21222965,000.19
Tournament (k=2),Arithmetic,Gaussian,0.58741,0.05228,000.00000000,000.00232897,000.00165749,000.05527280,000.27
Tournament (k=2),Arithmetic,Gaussian,0.78941,0.06226,000.00000763,000.00509629,000.00194168,000.25835463,000.31
Tournament (k=2),Arithmetic,Gaussian,0.60503,0.09637,000.00000763,000.00119171,000.00107765,000.02263193,000.28
Tournament (k=2),Arithmetic,Gaussian,0.70139,0.16276,000.00575256,000.07586084,000.07399940,000.29953229,000.40
Tournament (k=2),Arithmetic,Uniform,0.40000,0.25191,000.11148071,001.50904739,001.80728912,001.02134955,000.29
Tournament (k=2),Arithmetic,Gaussian,0.64187,0.03095,000.00003052,000.00942883,000.01007080,000.10706349,000.21
Tournament (k=2),Arithmetic,Gaussian,1.00000,0.16276,000.00229263,000.05774665,000.05147743,000.33393207,000.31
Tournament (k=2),Arithmetic,Gaussian,0.72243,0.02599,000.00003052,000.03047891,000.02841949,000.38453016,000.20
Tournament (k=2),Arithmetic,Gaussian,0.55369,0.05228,000.00008392,000.00271897,000.00279617,000.01789125,000.21
Tournament (k=2),Arithmetic,Gaussian,0.86261,0.04390,000.00003815,000.24435511,000.08607864,000.66115493,000.22
Tournament (k=2),Arithmetic,Gaussian,0.55369,0.14915,000.00105286,000.03375649,000.04320145,000.21531266,000.48
Tournament (k=2),Arithmetic,Gaussian,0.57030,0.02382,000.00002289,000.01827569,000.01948357,000.22321206,000.26
Tournament (k=2),Arithmetic,Gaussian,0.68096,0.25191,000.03093719,000.53492188,000.55747604,000.60450226,000.52
Tournament (k=2),Arithmetic,Gaussian,0.76642,0.09637,000.00002670,000.00181389,000.00175476,000.08140887,000.45
Tournament (k=2),Arithmetic,Gaussian,0.94259,0.17762,000.00484467,000.09077106,000.10215759,000.34542295,000.56
Tournament (k=2),Arithmetic,Gaussian,0.97087,0.09637,000.00001526,000.00412083,000.00299454,000.25505370,000.44
Tournament (k=2),Arithmetic,Gaussian,0.94259,0.06226,000.00001144,000.01954813,000.01202011,000.50272650,000.23
Tournament (k=2),Arithmetic,Gaussian,0.83749,0.06226,000.00000381,000.01323175,000.00615501,000.47003308,000.22
Tournament (k=2),Arithmetic,Gaussian,0.58741,0.13667,000.00014496,000.01530633,000.01644516,000.15452504,000.38
Tournament (k=2),Arithmetic,Gaussian,0.68096,0.02837,000.00000381,000.01725635,000.01569748,000.25716010,000.27
Tournament (k=2),Arithmetic,Gaussian,0.62318,0.05228,000.00001526,000.00213981,000.00218201,000.05954060,000.29
Tournament (k=2),Arithmetic,Gaussian,0.66113,0.13667,000.00046539,000.02781396,000.03064537,000.22833493,000.49
Tournament (k=2),Arithmetic,Uniform,0.40000,0.09637,000.00004959,000.00836501,000.00632668,000.03138017,000.27
Tournament (k=2),Arithmetic,Gaussian,0.58741,0.05705,000.00000381,000.00197530,000.00183487,000.09967977,000.38
Tournament (k=2),Arithmetic,Gaussian,0.64187,0.03378,000.00004196,000.01016941,000.00921822,000.20627731,000.29
Tournament (k=2),Arithmetic,Gaussian,0.88849,0.17762,000.00502014,000.10087576,000.10442352,000.36517748,000.52
Tournament (k=2),Arithmetic,Gaussian,0.78941,0.06795,000.00000381,000.01301022,000.00751114,000.39992031,000.35
Tournament (k=2),Arithmetic,Gaussian,0.72243,0.30000,000.08452606,000.79201162,001.04188538,000.74876404,000.46
Tournament (k=2),Arithmetic,Gaussian,0.70139,0.17762,000.01955414,000.10702314,000.12120056,000.35410458,000.42
Tournament (k=2),Arithmetic,Gaussian,0.88849,0.02000,000.00032043,000.43699747,000.38893700,000.74232888,000.18
Tournament (k=2),Arithmetic,Uniform,0.40000,0.27490,000.12407684,001.73140240,002.05484772,001.10465264,000.45
Tournament (k=2),Arithmetic,Gaussian,0.81310,0.27490,000.05150604,000.61706549,000.72214508,000.56629378,000.37
Tournament (k=2),Arithmetic,Gaussian,1.00000,0.17762,000.00277710,000.10024257,000.10682678,000.39943886,000.48
Tournament (k=2),Arithmetic,Uniform,0.41200,0.04791,000.00028229,000.02312832,000.01968765,000.14392571,000.31
Tournament (k=2),Arithmetic,Gaussian,0.64187,0.10516,000.00004578,000.00268726,000.00218010,000.08687926,000.32
Tournament (k=2),Arithmetic,Gaussian,0.91514,0.11476,000.00028992,000.00726891,000.00807190,000.21285769,000.32
Tournament (k=2),Arithmetic,Uniform,0.42436,0.02837,000.00001526,000.12681356,000.10430717,000.38919857,000.26
Tournament (k=2),Arithmetic,Gaussian,0.74410,0.13667,000.00070953,000.02600889,000.02940750,000.15607655,000.38
Tournament (k=2),Arithmetic,Uniform,0.41200,0.14915,000.00116730,000.42145142,000.41172600,000.64162844,000.31
Tournament (k=2),Arithmetic,Gaussian,0.66113,0.05228,000.00001526,000.00259705,000.00228500,000.19137356,000.30
Tournament (k=2),Arithmetic,Gaussian,0.60503,0.21153,000.02153397,000.21187353,000.21908569,000.41627243,000.43
Tournament (k=2),Arithmetic,Uniform,0.42436,0.08830,000.00000763,000.00441360,000.00405884,000.04836870,000.30
Tournament (k=2),Arithmetic,Gaussian,0.76642,0.25191,000.05030823,000.56809247,000.64749908,000.58790010,000.33
Tournament (k=2),Arithmetic,Gaussian,0.91514,0.03686,000.00013733,000.29145002,000.11217880,000.72127950,000.25
Tournament (k=2),Arithmetic,Gaussian,0.72243,0.11476,000.00013733,000.00632110,000.00659180,000.18448468,000.34
Tournament (k=2),Arithmetic,Uniform,0.40000,0.03095,000.00002670,000.08382859,000.08414650,000.29890803,000.22
Tournament (k=2),Arithmetic,Gaussian,0.62318,0.17762,000.01068878,000.09724641,000.09410858,000.35158512,000.40
Tournament (k=2),Arithmetic,Gaussian,0.64187,0.23084,000.02231979,000.30010009,000.29361153,000.48264331,000.43
Tournament (k=2),Arithmetic,Uniform,0.42436,0.27490,000.07381058,001.88829291,002.23639297,001.05051446,000.42
Tournament (k=2),Arithmetic,Gaussian,0.70139,0.07415,000.00000000,000.00211811,000.00093269,000.03488997,000.28
Tournament (k=2),Arithmetic,Uniform,0.41200,0.05228,000.00003815,000.01984835,000.01598930,000.18665172,000.28
Tournament (k=2),Arithmetic,Gaussian,0.97087,0.03686,000.00007629,000.26923442,000.07265091,000.78955621,000.23
Tournament (k=2),Arithmetic,Uniform,0.43709,0.05228,000.00001144,000.01333804,000.01321983,000.17642960,000.31
Tournament (k=2),Arithmetic,Uniform,0.45020,0.03095,000.00083160,000.08911566,000.09129715,000.33810994,000.25
Tournament (k=2),Arithmetic,Gaussian,0.81310,0.12524,000.00020599,000.01218820,000.01147842,000.15530726,000.26
Tournament (k=2),Arithmetic,Gaussian,1.00000,0.06226,000.00000763,000.16259699,000.03233719,000.65122288,000.28
Tournament (k=2),Arithmetic,Gaussian,0.74410,0.05705,000.00000763,000.00790071,000.00506401,000.25557595,000.28
Tournament (k=2),Arithmetic,Uniform,0.45020,0.09637,000.00001144,000.00782332,000.00751495,000.13203426,000.31
Tournament (k=2),Arithmetic,Uniform,0.46371,0.05705,000.00000000,000.01247773,000.00901604,000.07443585,000.27
Tournament (k=2),Arithmetic,Gaussian,0.64187,0.11476,000.00004196,000.00603952,000.00598335,000.04535207,000.38
Tournament (k=2),Arithmetic,Gaussian,1.00000,0.02000,000.00064850,000.43068710,000.42475510,000.78538615,000.20
Tournament (k=2),Arithmetic,Gaussian,0.68096,0.08830,000.00000000,000.00083818,000.00063515,000.23172446,000.25
Tournament (k=2),Arithmetic,Gaussian,0.83749,0.16276,000.00102997,000.07740478,000.07518387,000.35887304,000.35
Tournament (k=2),Arithmetic,Uniform,0.43709,0.16276,000.01761627,000.49085134,000.55154037,000.65317833,000.41
Tournament (k=2),Arithmetic,Gaussian,0.60503,0.03378,000.00009537,000.00623517,000.00615120,000.03407383,000.20
Tournament (k=2),Arithmetic,Gaussian,0.78941,0.21153,000.01669693,000.30808291,000.28635025,000.56691569,000.34
Tournament (k=2),Arithmetic,Uniform,0.46371,0.17762,000.04248047,000.93257779,001.16247749,000.81449527,000.34
Tournament (k=2),Arithmetic,Uniform,0.47762,0.03378,000.00029755,000.06802034,000.05979156,000.31711712,000.25
Tournament (k=2),Arithmetic,Uniform,0.45020,0.30000,000.29476166,002.02347732,002.31192017,001.05839813,000.38
Tournament (k=2),Arithmetic,Gaussian,0.60503,0.10516,000.00001526,000.00199289,000.00213623,000.03342732,000.27
Tournament (k=2),Arithmetic,Gaussian,0.76642,0.03095,000.00000763,000.03449035,000.02061272,000.50887990,000.22
Tournament (k=2),Arithmetic,Uniform,0.49195,0.02000,000.00027084,000.31617719,000.27940750,000.54832155,000.18
Tournament (k=2),Arithmetic,Uniform,0.47762,0.10516,000.00008011,000.02725720,000.03006744,000.18059541,000.30
Tournament (k=2),Arithmetic,Gaussian,0.88849,0.05705,000.00000000,000.02043247,000.01083374,000.42960405,000.33
Tournament (k=2),Arithmetic,Uniform,0.49195,0.06226,000.00000763,000.01091919,000.01191330,000.15204850,000.25
Tournament (k=2),Arithmetic,Gaussian,0.72243,0.02837,000.00005722,000.02009778,000.01731491,000.40918931,000.27
Tournament (k=2),Arithmetic,Gaussian,0.81310,0.03686,000.00000381,000.06861558,000.02540398,000.47688997,000.29
Tournament (k=2),Arithmetic,Gaussian,0.83749,0.06795,000.00000000,000.01076016,000.00762367,000.31021082,000.22
Tournament (k=2),Arithmetic,Uniform,0.47762,0.03686,000.00000000,000.05465593,000.05685806,000.24052308,000.26
Tournament (k=2),Arithmetic,Gaussian,0.57030,0.27490,000.01764679,000.60176957,000.65380478,000.64399332,000.34
Tournament (k=2),Arithmetic,Uniform,0.49195,0.19383,000.10548782,001.11847496,001.39388657,000.78998184,000.30
Tournament (k=2),Arithmetic,Uniform,0.49195,0.02183,000.00000381,000.22510080,000.18955994,000.47823462,000.18
Tournament (k=2),Arithmetic,Gaussian,0.76642,0.03378,000.00001907,000.07277179,000.02811432,000.48403016,000.20
Tournament (k=2),Arithmetic,Uniform,0.43709,0.17762,000.01573181,000.81773150,001.10033226,000.68605793,000.35
Tournament (k=2),Arithmetic,Gaussian,0.91514,0.27490,000.02497101,000.55617881,000.63036346,000.66062611,000.48
Tournament (k=2),Arithmetic,Gaussian,0.68096,0.09637,000.00002289,000.00239468,000.00205803,000.01797184,000.41
Tournament (k=2),Arithmetic,Gaussian,0.55369,0.16276,000.00140381,000.06811385,000.08071518,000.27178928,000.42
Tournament (k=2),Arithmetic,Gaussian,0.68096,0.27490,000.03864288,000.57877165,000.70402527,000.54037595,000.41
Tournament (k=2),Arithmetic,Uniform,0.46371,0.19383,000.00746918,001.15160263,001.36506271,000.86132050,000.36
Tournament (k=2),Arithmetic,Uniform,0.50670,0.03686,000.00000381,000.03534589,000.03092194,000.20782115,000.18
Tournament (k=2),Arithmetic,Gaussian,0.62318,0.05705,000.00002289,000.00158968,000.00143433,000.11550611,000.27
Tournament (k=2),Arithmetic,Gaussian,0.78941,0.23084,000.00606537,000.35947695,000.31118011,000.54953438,000.46
Tournament (k=2),Arithmetic,Gaussian,0.74410,0.02000,000.00022888,000.18104044,000.16146851,000.46900100,000.18
Tournament (k=2),Arithmetic,Uniform,0.40000,0.10516,000.00000763,000.01813865,000.01879120,000.17358500,000.27
Tournament (k=2),Arithmetic,Uniform,0.47762,0.11476,000.00065231,000.05359216,000.05902290,000.29940894,000.37
Tournament (k=2),Arithmetic,Gaussian,0.88849,0.02183,000.00014496,000.41448894,000.39818192,000.80170459,000.18
Tournament (k=2),Arithmetic,Gaussian,0.58741,0.14915,000.00092697,000.03861218,000.03468895,000.21383445,000.40
Tournament (k=2),Arithmetic,Gaussian,0.64187,0.03686,000.00000763,000.00716557,000.00705910,000.19232170,000.27
Tournament (k=2),Arithmetic,Gaussian,0.66113,0.14915,000.00068283,000.03152042,000.03417587,000.18630822,000.38
Tournament (k=2),Arithmetic,Uniform,0.52190,0.02183,000.00028610,000.18914971,000.19165611,000.46273887,000.25
Tournament (k=2),Arithmetic,Gaussian,0.88849,0.19383,000.00377655,000.22446255,000.17049789,000.59660649,000.31
Tournament (k=2),Arithmetic,Gaussian,0.78941,0.07415,000.00000000,000.00208936,000.00118446,000.20904614,000.33
Tournament (k=2),Arithmetic,Gaussian,0.70139,0.19383,000.01589966,000.20900312,000.18996429,000.49522692,000.33
Tournament (k=2),Arithmetic,Uniform,0.50670,0.11476,000.00144958,000.05647864,000.05702591,000.26785657,000.36
Tournament (k=2),Arithmetic,Uniform,0.42436,0.03095,000.00004578,000.06469274,000.06459999,000.39468440,000.20
Tournament (k=2),Arithmetic,Gaussian,0.74410,0.02183,000.00010300,000.04321165,000.03692055,000.38622567,000.20
Tournament (k=2),Arithmetic,Uniform,0.40000,0.30000,000.60444641,001.87090874,002.15268707,000.86183441,000.37
Tournament (k=2),Arithmetic,Uniform,0.42436,0.09637,000.00004196,000.01256456,000.01340866,000.05933030,000.24
Tournament (k=2),Arithmetic,Gaussian,0.74410,0.14915,000.00222015,000.02938886,000.03155327,000.27227372,000.28
Tournament (k=2),Arithmetic,Gaussian,0.91514,0.12524,000.00012970,000.01147304,000.01100731,000.21389762,000.39
Tournament (k=2),Arithmetic,Gaussian,0.86261,0.10516,000.00005341,000.00344625,000.00303841,000.05157715,000.37
Tournament (k=2),Arithmetic,Gaussian,0.91514,0.04023,000.00000763,000.19752106,000.05880356,000.62783247,000.29
Tournament (k=2),Arithmetic,Gaussian,1.00000,0.19383,000.00217056,000.11195068,000.12033463,000.48097837,000.45
Tournament (k=2),Arithmetic,Uniform,0.40000,0.03378,000.00000763,000.06678319,000.07319069,000.36312926,000.24
Tournament (k=2),Arithmetic,Gaussian,0.81310,0.30000,000.05031586,000.79769123,001.09172821,000.64383924,000.49
Tournament (k=2),Arithmetic,Uniform,0.52190,0.06795,000.00001144,000.00490518,000.00451279,000.03658265,000.20
Tournament (k=2),Arithmetic,Uniform,0.41200,0.05705,000.00001526,000.01345739,000.01258278,000.07741769,000.21
Tournament (k=2),Arithmetic,Gaussian,0.76642,0.27490,000.01472473,000.50853169,000.58282471,000.60172510,000.36
Tournament (k=2),Arithmetic,Uniform,0.47762,0.12524,000.00283432,000.19406457,000.13942146,000.49628857,000.42
Tournament (k=2),Arithmetic,Gaussian,0.60503,0.23084,000.02835083,000.26156086,000.31121635,000.43335772,000.44
Tournament (k=2),Arithmetic,Uniform,0.43709,0.05705,000.00000381,000.01160717,000.01295280,000.09649360,000.19
Tournament (k=2),Arithmetic,Gaussian,0.72243,0.12524,000.00020599,000.00911880,000.00826836,000.11049029,000.37
Tournament (k=2),Arithmetic,Gaussian,0.97087,0.04023,000.00004196,000.19182415,000.07799911,000.60877752,000.29
Tournament (k=2),Arithmetic,Uniform,0.45020,0.03378,000.00000000,000.06187367,000.06540680,000.34082577,000.23
Tournament (k=2),Arithmetic,Uniform,0.42436,0.30000,000.23012924,002.10855556,002.48156357,001.05027306,000.36
Tournament (k=2),Arithmetic,Gaussian,1.00000,0.06795,000.00000000,000.02505984,000.00535774,000.41076601,000.22
Tournament (k=2),Arithmetic,Gaussian,0.64187,0.25191,000.01755142,000.52880174,000.62125015,000.54325116,000.40
Tournament (k=2),Arithmetic,Gaussian,0.81310,0.13667,000.00029755,000.02280579,000.02174759,000.22854771,000.27
Tournament (k=2),Arithmetic,Gaussian,0.86261,0.04791,000.00001144,000.06349554,000.02161217,000.57152385,000.21
Tournament (k=2),Arithmetic,Gaussian,0.62318,0.19383,000.00294876,000.20875816,000.18695259,000.49264991,000.47
Tournament (k=2),Arithmetic,Gaussian,1.00000,0.02183,000.00014114,000.44066644,000.33931351,000.72073168,000.21
Tournament (k=2),Arithmetic,Gaussian,0.74410,0.06226,000.00000763,000.00273242,000.00188828,000.17875201,000.29
Tournament (k=2),Arithmetic,Uniform,0.46371,0.02000,000.00009155,000.26592383,000.30195808,000.50602275,000.17
Tournament (k=2),Arithmetic,Uniform,0.45020,0.10516,000.00032425,000.01774282,000.01866722,000.17988703,000.28
Tournament (k=2),Arithmetic,Gaussian,0.57030,0.02599,000.00001526,000.02019744,000.01763535,000.24940424,000.26
Tournament (k=2),Arithmetic,Gaussian,0.72243,0.03095,000.00003815,000.02439151,000.01641846,000.38506967,000.19
Tournament (k=2),Arithmetic,Uniform,0.49195,0.06795,000.00001526,000.00662446,000.00561333,000.04968427,000.20
Tournament (k=2),Arithmetic,Gaussian,0.68096,0.03095,000.00002670,000.01395397,000.01141548,000.35033485,000.27
Tournament (k=2),Arithmetic,Uniform,0.52190,0.21153,000.07082748,001.34426141,001.53757858,000.99674666,000.30
Tournament (k=2),Arithmetic,Gaussian,0.83749,0.07415,000.00000000,000.00200610,000.00080872,000.22238167,000.23
Tournament (k=2),Arithmetic,Gaussian,1.00000,0.21153,000.00273132,000.29584283,000.27910614,000.49515852,000.45
Tournament (k=2),Arithmetic,Gaussian,0.76642,0.10516,000.00006866,000.00345316,000.00331116,000.04967011,000.42
Tournament (k=2),Arithmetic,Gaussian,0.97087,0.10516,000.00006104,000.00474286,000.00355148,000.19279735,000.39
Tournament (k=2),Arithmetic,Uniform,0.47762,0.04023,000.00005341,000.02060199,000.01612854,000.21242897,000.24
Tournament (k=2),Arithmetic,Uniform,0.49195,0.02382,000.00003815,000.16260043,000.15419006,000.45289099,000.21
Tournament (k=2),Arithmetic,Gaussian,0.88849,0.06226,000.00000000,000.01093102,000.00890160,000.46101201,000.32
Tournament (k=2),Arithmetic,Gaussian,0.83749,0.17762,000.00634003,000.14058241,000.13098717,000.38038301,000.44
Tournament (k=2),Arithmetic,Gaussian,0.94259,0.19383,000.00595093,000.12263522,000.12174416,000.43274873,000.44
Tournament (k=2),Arithmetic,Uniform,0.49195,0.21153,000.03123474,001.13447058,001.37970352,000.84696740,000.27
Tournament (k=2),Arithmetic,Gaussian,0.60503,0.25191,000.02285004,000.40527359,000.41788673,000.47665375,000.46
Tournament (k=2),Arithmetic,Gaussian,0.76642,0.03686,000.00006104,000.01642289,000.01269341,000.36044922,000.25
Tournament (k=2),Arithmetic,Uniform,0.53756,0.04023,000.00001907,000.03522897,000.03672791,000.23369238,000.18
Tournament (k=2),Arithmetic,Uniform,0.50670,0.04023,000.00010300,000.02854137,000.02427101,000.19260314,000.18
Tournament (k=2),Arithmetic,Gaussian,0.64187,0.27490,000.05419922,000.55503309,000.67675018,000.61536503,000.45
Tournament (k=2),Arithmetic,Uniform,0.43709,0.19383,000.09574890,001.00956869,001.25083351,000.83798850,000.35
Tournament (k=2),Arithmetic,Gaussian,0.88849,0.02382,000.00116730,000.25576478,000.11862755,000.62964535,000.19
Tournament (k=2),Arithmetic,Uniform,0.46371,0.21153,000.06730652,001.24555922,001.53885269,000.82439238,000.26
Tournament (k=2),Arithmetic,Gaussian,0.62318,0.06226,000.00000381,000.00085039,000.00066376,000.16489485,000.24
Tournament (k=2),Arithmetic,Gaussian,0.66113,0.05705,000.00000000,000.00279641,000.00226402,000.22717583,000.21
Tournament (k=2),Arithmetic,Gaussian,0.68096,0.10516,000.00006866,000.00354171,000.00321579,000.02818465,000.37
Tournament (k=2),Arithmetic,Uniform,0.53756,0.04390,000.00000763,000.01978450,000.02228928,000.17543693,000.18
Tournament (k=2),Arithmetic,Uniform,0.40000,0.11476,000.00159836,000.03902826,000.03827477,000.24098374,000.30
Tournament (k=2),Arithmetic,Uniform,0.52190,0.02382,000.00002289,000.16214561,000.14454460,000.40377405,000.24
Tournament (k=2),Arithmetic,Gaussian,0.57030,0.30000,000.02423096,000.65523773,000.79906082,000.57553935,000.60
Tournament (k=2),Arithmetic,Uniform,0.53756,0.12524,000.00079727,000.15299106,000.16452408,000.53775758,000.33
Tournament (k=2),Arithmetic,Uniform,0.42436,0.03378,000.00002289,000.06855249,000.06191063,000.35858729,000.18
Tournament (k=2),Arithmetic,Gaussian,0.74410,0.02382,000.00003052,000.06864028,000.05509377,000.48906729,000.19
Tournament (k=2),Arithmetic,Gaussian,0.68096,0.30000,000.02602005,000.87545985,001.15070724,000.67427796,000.50
Tournament (k=2),Arithmetic,Gaussian,0.58741,0.16276,000.00178528,000.05122676,000.05294800,000.25340709,000.41
Tournament (k=2),Arithmetic,Gaussian,0.70139,0.21153,000.01533508,000.25581050,000.24654007,000.42464060,000.32
Tournament (k=2),Arithmetic,Uniform,0.42436,0.10516,000.00019836,000.02308078,000.01913261,000.18231268,000.23
Tournament (k=2),Arithmetic,Uniform,0.41200,0.02000,000.00125122,000.28106445,000.24428749,000.50252229,000.24
Tournament (k=2),Arithmetic,Uniform,0.46371,0.06226,000.00008392,000.00716815,000.00772095,000.06505787,000.20
Tournament (k=2),Arithmetic,Gaussian,0.88849,0.06795,000.00000000,000.00572710,000.00121307,000.34405035,000.49
Tournament (k=2),Arithmetic,Gaussian,0.91514,0.30000,000.11817932,000.82522231,001.11620140,000.66615587,000.62
Tournament (k=2),Arithmetic,Gaussian,0.78941,0.25191,000.00743484,000.50593048,000.53910255,000.63427246,000.52
Tournament (k=2),Arithmetic,Gaussian,0.88849,0.21153,000.00205994,000.28232032,000.27505875,000.54149526,000.44
Tournament (k=2),Arithmetic,Gaussian,0.91514,0.13667,000.00072861,000.02157602,000.02150345,000.25333366,000.26
Tournament (k=2),Arithmetic,Gaussian,0.66113,0.16276,000.00287628,000.06367274,000.07291603,000.21762000,000.48
Tournament (k=2),Arithmetic,Gaussian,0.91514,0.04390,000.00000763,000.20111093,000.06050301,000.66529387,000.31
Tournament (k=2),Arithmetic,Uniform,0.52190,0.07415,000.00001526,000.00588379,000.00417328,000.10501423,000.20
Tournament (k=2),Arithmetic,Uniform,0.41200,0.06226,000.00006485,000.00728917,000.00782776,000.10940799,000.19
Tournament (k=2),Arithmetic,Uniform,0.40000,0.03686,000.00020981,000.04955029,000.05092239,000.27142197,000.23
Tournament (k=2),Arithmetic,Gaussian,0.64187,0.30000,000.09070587,000.66890770,000.84468269,000.62590051,000.45
Tournament (k=2),Arithmetic,Gaussian,0.86261,0.11476,000.00018311,000.00932178,000.00821877,000.15883206,000.37
Tournament (k=2),Arithmetic,Gaussian,0.83749,0.02000,000.00001526,000.27177086,000.18971062,000.60774684,000.26
Tournament (k=2),Arithmetic,Gaussian,0.74410,0.16276,000.00064850,000.07094912,000.07574081,000.31989855,000.40
Tournament (k=2),Arithmetic,Uniform,0.41200,0.02183,000.00016785,000.19842701,000.19649506,000.47183228,000.23
Tournament (k=2),Arithmetic,Uniform,0.43709,0.02000,000.00005341,000.24844070,000.23832130,000.53122318,000.16
Tournament (k=2),Arithmetic,Uniform,0.45020,0.03686,000.00000763,000.04712277,000.04344177,000.29683161,000.18
Tournament (k=2),Arithmetic,Uniform,0.42436,0.11476,000.00110626,000.04050655,000.04113579,000.25175035,000.28
Tournament (k=2),Arithmetic,Gaussian,0.72243,0.13667,000.00110626,000.02347417,000.02186775,000.19806279,000.27
Tournament (k=2),Arithmetic,Gaussian,0.81310,0.04023,000.00010300,000.10010357,000.02668571,000.56255347,000.20
Tournament (k=2),Arithmetic,Uniform,0.47762,0.13667,000.00197601,000.18486610,000.18732071,000.52605969,000.31
Tournament (k=2),Arithmetic,Gaussian,0.94259,0.06795,000.00000000,000.01887741,000.00809479,000.37458831,000.31
Tournament (k=2),Arithmetic,Uniform,0.46371,0.02183,000.00016785,000.23425618,000.25088310,000.49066529,000.17
Tournament (k=2),Arithmetic,Gaussian,0.97087,0.04390,000.00001144,000.29090071,000.06628799,000.70752233,000.30
Tournament (k=2),Arithmetic,Uniform,0.52190,0.08092,000.00001907,000.00519743,000.00424957,000.06094326,000.27
Tournament (k=2),Arithmetic,Uniform,0.41200,0.06795,000.00000000,000.00629206,000.00670242,000.05462708,000.27
Tournament (k=2),Arithmetic,Gaussian,0.91514,0.04791,000.00000763,000.10997596,000.02975082,000.63782340,000.30
Tournament (k=2),Arithmetic,Gaussian,0.72243,0.03378,000.00000381,000.02189040,000.02065086,000.29998243,000.19
Tournament (k=2),Arithmetic,Uniform,0.43709,0.02183,000.00000000,000.23621216,000.24516106,000.46375102,000.18
Tournament (k=2),Arithmetic,Gaussian,0.57030,0.02837,000.00001526,000.01163049,000.01352310,000.18094184,000.26
Tournament (k=2),Arithmetic,Gaussian,0.68096,0.03378,000.00000000,000.01559219,000.01673508,000.41219351,000.20
Tournament (k=2),Arithmetic,Gaussian,0.74410,0.06795,000.00000000,000.00152917,000.00076485,000.17847903,000.31
Tournament (k=2),Arithmetic,Gaussian,0.76642,0.30000,000.07317352,000.87272912,001.14841652,000.68779081,000.52
Tournament (k=2),Arithmetic,Gaussian,0.83749,0.08092,000.00000381,000.00265422,000.00141525,000.19509064,000.23
Tournament (k=2),Arithmetic,Uniform,0.49195,0.02599,000.00012970,000.10828280,000.11641693,000.34575412,000.22
Tournament (k=2),Arithmetic,Uniform,0.47762,0.04390,000.00001526,000.02228827,000.01763153,000.22840557,000.24
Tournament (k=2),Arithmetic,Uniform,0.52190,0.23084,000.11101532,001.53102279,001.76102448,000.96740073,000.28
Tournament (k=2),Arithmetic,Uniform,0.41200,0.16276,000.00960922,000.61645943,000.85878563,000.67533690,000.27
Tournament (k=2),Arithmetic,Uniform,0.40000,0.04023,000.00004196,000.02730737,000.02989960,000.14854874,000.44
Tournament (k=2),Arithmetic,Uniform,0.50670,0.04390,000.00009155,000.03233356,000.03149986,000.28239959,000.19
Tournament (k=2),Arithmetic,Gaussian,0.76642,0.11476,000.00011444,000.00545883,000.00583267,000.07034214,000.37
Tournament (k=2),Arithmetic,Gaussian,0.88849,0.02599,000.00004578,000.37912226,000.25278473,000.67166531,000.20
Tournament (k=2),Arithmetic,Gaussian,0.66113,0.17762,000.00277710,000.09285407,000.10584259,000.37771824,000.58
Tournament (k=2),Arithmetic,Uniform,0.43709,0.02382,000.00009918,000.15464330,000.12500191,000.43156755,000.26
Tournament (k=2),Arithmetic,Uniform,0.49195,0.23084,000.36466217,001.64664114,001.86641693,000.88177365,000.28
Tournament (k=2),Arithmetic,Gaussian,0.76642,0.04023,000.00001907,000.01435819,000.01004791,000.43511656,000.29
Tournament (k=2),Arithmetic,Gaussian,0.97087,0.11476,000.00013733,000.00818925,000.00550652,000.18489268,000.43
Tournament (k=2),Arithmetic,Gaussian,1.00000,0.23084,000.01053619,000.30680308,000.31525230,000.56493813,000.44
Tournament (k=2),Arithmetic,Uniform,0.50670,0.12524,000.00107956,000.10649810,000.11248970,000.39805838,000.28
Tournament (k=2),Arithmetic,Gaussian,0.86261,0.12524,000.00049210,000.00882840,000.00937843,000.15093696,000.55
Tournament (k=2),Arithmetic,Uniform,0.46371,0.23084,000.09573364,001.55563688,001.94520378,000.88263887,000.27
Tournament (k=2),Arithmetic,Gaussian,0.94259,0.21153,000.01069260,000.24067935,000.19589233,000.52761662,000.36
Tournament (k=2),Arithmetic,Uniform,0.43709,0.21153,000.06362915,001.29201281,001.58205605,000.90763944,000.33
Tournament (k=2),Arithmetic,Uniform,0.52190,0.02599,000.00038528,000.12351322,000.10665894,000.45549244,000.19
Tournament (k=2),Arithmetic,Uniform,0.47762,0.14915,000.02872849,000.41422352,000.42021561,000.61746126,000.45
Tournament (k=2),Arithmetic,Uniform,0.49195,0.02837,000.00001526,000.08234739,000.06838989,000.35305116,000.30
Tournament (k=2),Arithmetic,Gaussian,0.83749,0.08830,000.00000381,000.00122714,000.00077438,000.12374285,000.33
Tournament (k=2),Arithmetic,Uniform,0.55369,0.07415,000.00001526,000.00332336,000.00296783,000.06278119,000.20
Tournament (k=2),Arithmetic,Uniform,0.53756,0.04791,000.00003433,000.01463513,000.01370239,000.17493261,000.25
Tournament (k=2),Arithmetic,Gaussian,0.60503,0.27490,000.01037598,000.59175557,000.78009415,000.69622338,000.45
Tournament (k=2),Arithmetic,Uniform,0.40000,0.12524,000.00313568,000.10766463,000.11748314,000.42295268,000.26
Tournament (k=2),Arithmetic,Uniform,0.42436,0.03686,000.00000381,000.05716739,000.05760193,000.22337562,000.17
Tournament (k=2),Arithmetic,Gaussian,0.68096,0.11476,000.00007248,000.00498390,000.00470161,000.12840819,000.29
Tournament (k=2),Arithmetic,Gaussian,0.66113,0.06226,000.00000000,000.00182195,000.00102806,000.04048860,000.31
Tournament (k=2),Arithmetic,Uniform,0.55369,0.02382,000.00003815,000.20747986,000.19128418,000.43345439,000.32
Tournament (k=2),Arithmetic,Uniform,0.53756,0.13667,000.00197220,000.19128886,000.16699409,000.55064946,000.29
Tournament (k=2),Arithmetic,Gaussian,0.70139,0.02000,000.00019073,000.06488047,000.05431938,000.44394588,000.26
Tournament (k=2),Arithmetic,Uniform,0.57030,0.04390,000.00003433,000.02096415,000.02039719,000.14566898,000.22
Tournament (k=2),Arithmetic,Uniform,0.43709,0.06226,000.00008011,000.01110902,000.00848007,000.17104693,000.19
Tournament (k=2),Arithmetic,Gaussian,0.88849,0.07415,000.00000000,000.01414003,000.00200844,000.42905042,000.23
Tournament (k=2),Arithmetic,Uniform,0.46371,0.06795,000.00002289,000.00935860,000.00791359,000.10854176,000.23
Tournament (k=2),Arithmetic,Uniform,0.58741,0.02599,000.00001144,000.12834916,000.12620735,000.41087589,000.20
Tournament (k=2),Arithmetic,Gaussian,0.97087,0.12524,000.00034332,000.01156015,000.01246834,000.17595357,000.37
Tournament (k=2),Arithmetic,Gaussian,0.94259,0.02000,000.00082397,000.40673375,000.31047249,000.76230699,000.25
Tournament (k=2),Arithmetic,Uniform,0.55369,0.23084,000.06847000,001.42024875,001.72389793,001.06149936,000.38
Tournament (k=2),Arithmetic,Gaussian,0.58741,0.17762,000.00114441,000.10895276,000.12314987,000.37215224,000.38
Tournament (k=2),Arithmetic,Gaussian,0.91514,0.14915,000.00428009,000.05429940,000.05358315,000.30931050,000.27
Tournament (k=2),Arithmetic,Uniform,0.57030,0.13667,000.00432587,000.45047230,000.42733574,000.60701025,000.32
Tournament (k=2),Arithmetic,Uniform,0.58741,0.08092,000.00001526,000.00283213,000.00207520,000.16795804,000.21
Tournament (k=2),Arithmetic,Gaussian,0.70139,0.23084,000.01193237,000.41134840,000.39853477,000.56907946,000.40
Tournament (k=2),Arithmetic,Gaussian,0.78941,0.27490,000.01325989,000.62588459,000.71245956,000.63157475,000.31
Tournament (k=2),Arithmetic,Gaussian,0.81310,0.14915,000.00323105,000.04852824,000.04784012,000.25923052,000.26
Tournament (k=2),Arithmetic,Gaussian,0.88849,0.23084,000.00507736,000.43283454,000.44964218,000.54967141,000.33
Tournament (k=2),Arithmetic,Gaussian,1.00000,0.07415,000.00000381,000.01063786,000.00169563,000.38529849,000.31
Tournament (k=2),Arithmetic,Gaussian,0.86261,0.05228,000.00000000,000.05244770,000.01600075,000.52285802,000.28
Tournament (k=2),Arithmetic,Gaussian,0.70139,0.02183,000.00002670,000.04057040,000.03545570,000.44014293,000.25
Tournament (k=2),Arithmetic,Uniform,0.57030,0.04791,000.00001526,000.02005300,000.02039528,000.19229211,000.25
Tournament (k=2),Arithmetic,Gaussian,0.83749,0.02183,000.00064087,000.31329376,000.20399475,000.55871594,000.25
Tournament (k=2),Arithmetic,Uniform,0.41200,0.02382,000.00000381,000.12684198,000.11937523,000.49969262,000.21
Tournament (k=2),Arithmetic,Uniform,0.45020,0.11476,000.00126266,000.04369707,000.04692459,000.15508217,000.22
Tournament (k=2),Arithmetic,Uniform,0.46371,0.02382,000.00004959,000.16617584,000.12410355,000.48604956,000.16
Tournament (k=2),Arithmetic,Uniform,0.45020,0.04023,000.00000000,000.02740116,000.03123665,000.18278636,000.23
Tournament (k=2),Arithmetic,Uniform,0.42436,0.12524,000.00075531,000.11093964,000.09089088,000.36630839,000.24
Tournament (k=2),Arithmetic,Uniform,0.49195,0.07415,000.00000763,000.00414991,000.00431061,000.14930709,000.26
Tournament (k=2),Arithmetic,Gaussian,0.74410,0.17762,000.00568390,000.09357671,000.09940338,000.32538041,000.33
Tournament (k=2),Arithmetic,Uniform,0.41200,0.07415,000.00001907,000.00617375,000.00557709,000.15490611,000.20
Tournament (k=2),Arithmetic,Uniform,0.52190,0.08830,000.00002670,000.00581136,000.00404739,000.06757540,000.22
Tournament (k=2),Arithmetic,Gaussian,0.72243,0.03686,000.00002670,000.01212854,000.01063347,000.28215054,000.20
Tournament (k=2),Arithmetic,Uniform,0.58741,0.25191,000.16796494,001.76966786,002.12047958,001.17659390,000.33
Tournament (k=2),Arithmetic,Gaussian,0.97087,0.04791,000.00000763,000.25307170,000.06047058,000.63828671,000.28
Tournament (k=2),Arithmetic,Gaussian,0.91514,0.05228,000.00001907,000.07480025,000.02091217,000.52778012,000.25
Tournament (k=2),Arithmetic,Gaussian,0.94259,0.07415,000.00000000,000.01124144,000.00114059,000.32060748,000.31
Tournament (k=2),Arithmetic,Uniform,0.46371,0.02599,000.00000000,000.13542657,000.13440132,000.40073976,000.17
Tournament (k=2),Arithmetic,Gaussian,0.91514,0.16276,000.00113678,000.06358180,000.06330681,000.34581867,000.35
Tournament (k=2),Arithmetic,Gaussian,0.57030,0.03095,000.00004196,000.00983047,000.00915527,000.03909974,000.25
Tournament (k=2),Arithmetic,Gaussian,0.78941,0.02000,000.00063324,000.22003941,000.11773300,000.78902847,000.26
Tournament (k=2),Arithmetic,Gaussian,0.68096,0.03686,000.00000000,000.01048799,000.00778008,000.29722399,000.27
Tournament (k=2),Arithmetic,Gaussian,0.78941,0.08092,000.00000000,000.00171485,000.00054169,000.19269538,000.31
Tournament (k=2),Arithmetic,Gaussian,0.83749,0.19383,000.00085068,000.15457563,000.18672752,000.40531269,000.40
Tournament (k=2),Arithmetic,Uniform,0.50670,0.04791,000.00000381,000.01207099,000.01350784,000.06282737,000.18
Tournament (k=2),Arithmetic,Gaussian,0.74410,0.07415,000.00000000,000.00311518,000.00136185,000.14355747,000.31
Tournament (k=2),Arithmetic,Uniform,0.41200,0.17762,000.03939056,000.68694317,000.84148026,000.64427698,000.25
Tournament (k=2),Arithmetic,Uniform,0.60503,0.04791,000.00001907,000.01320405,000.01206970,000.19675153,000.25
Tournament (k=2),Arithmetic,Uniform,0.40000,0.04390,000.00000763,000.02131987,000.02167130,000.22290008,000.23
Tournament (k=2),Arithmetic,Uniform,0.52190,0.09637,000.00008774,000.01212172,000.00971603,000.20607476,000.24
Tournament (k=2),Arithmetic,Gaussian,0.88849,0.02837,000.00008392,000.30065483,000.07370949,000.83565336,000.19
Tournament (k=2),Arithmetic,Uniform,0.52190,0.25191,000.17302322,001.60751498,002.05682755,001.00045609,000.33
Tournament (k=2),Arithmetic,Gaussian,0.74410,0.02599,000.00039291,000.03603010,000.02755356,000.36308950,000.19
Tournament (k=2),Arithmetic,Gaussian,0.72243,0.04023,000.00001526,000.02025623,000.01248360,000.26891807,000.26
Tournament (k=2),Arithmetic,Uniform,0.49195,0.25191,000.00461960,001.70621276,002.04460526,000.89547247,000.27
Tournament (k=2),Arithmetic,Gaussian,0.76642,0.04390,000.00002289,000.01764364,000.01014519,000.49401152,000.28
Tournament (k=2),Arithmetic,Uniform,0.58741,0.27490,000.16038895,002.04511309,002.43261909,001.16660476,000.35
Tournament (k=2),Arithmetic,Uniform,0.49195,0.03095,000.00001907,000.05797491,000.05304337,000.26816648,000.18
Tournament (k=2),Arithmetic,Uniform,0.52190,0.02837,000.00033951,000.13152519,000.10480499,000.43637377,000.22
Tournament (k=2),Arithmetic,Gaussian,0.94259,0.08092,000.00001144,000.00691328,000.00108528,000.21141326,000.35
Tournament (k=2),Arithmetic,Uniform,0.50670,0.13667,000.00648880,000.24118915,000.18106842,000.51633435,000.30
Tournament (k=2),Arithmetic,Uniform,0.40000,0.04791,000.00000000,000.02055478,000.02252579,000.21082151,000.25
Tournament (k=2),Arithmetic,Uniform,0.55369,0.08092,000.00003052,000.00352206,000.00315666,000.09751166,000.21
Tournament (k=2),Arithmetic,Uniform,0.46371,0.25191,000.29527283,001.80517936,002.10934448,000.89402044,000.30
Tournament (k=2),Arithmetic,Gaussian,0.66113,0.19383,000.01047516,000.20222382,000.20804977,000.45738542,000.41
Tournament (k=2),Arithmetic,Gaussian,1.00000,0.25191,000.01750946,000.55663311,000.60496521,000.61965680,000.34
Tournament (k=2),Arithmetic,Gaussian,0.83749,0.09637,000.00000763,000.00158148,000.00123978,000.11933665,000.24
Tournament (k=2),Arithmetic,Uniform,0.43709,0.23084,000.10691833,001.43431425,001.70375443,000.89099401,000.31
Tournament (k=2),Arithmetic,Gaussian,0.86261,0.13667,000.00077438,000.01954894,000.01907349,000.24272302,000.36
Tournament (k=2),Arithmetic,Uniform,0.47762,0.16276,000.01393127,000.49653021,000.56457329,000.67025834,000.32
Tournament (k=2),Arithmetic,Uniform,0.53756,0.05228,000.00001526,000.01329288,000.01352882,000.10738255,000.24
Tournament (k=2),Arithmetic,Uniform,0.42436,0.04023,000.00000000,000.02977696,000.03140450,000.17975467,000.17
Tournament (k=2),Arithmetic,Gaussian,0.94259,0.23084,000.02049637,000.30507827,000.27297211,000.50796115,000.40
Tournament (k=2),Arithmetic,Gaussian,1.00000,0.02382,000.00004578,000.31706119,000.18375015,000.63197458,000.19
Tournament (k=2),Arithmetic,Uniform,0.55369,0.02599,000.00017166,000.14873686,000.12729836,000.42448071,000.22
Tournament (k=2),Arithmetic,Uniform,0.58741,0.02837,000.00038147,000.10316119,000.09054184,000.48994616,000.17
Tournament (k=2),Arithmetic,Uniform,0.43709,0.06795,000.00000000,000.00752316,000.00725174,000.10002322,000.20
Tournament (k=2),Arithmetic,Uniform,0.40000,0.13667,000.00549316,000.15267062,000.15465164,000.36568058,000.28
Tournament (k=2),Arithmetic,Uniform,0.53756,0.14915,000.02666473,000.48399442,000.45970726,000.65596175,000.24
Tournament (k=2),Arithmetic,Gaussian,0.94259,0.02183,000.00014114,000.53137839,001.00131035,000.79565907,000.17
Tournament (k=2),Arithmetic,Uniform,0.46371,0.07415,000.00001907,000.00626612,000.00627899,000.05256674,000.23
Tournament (k=2),Arithmetic,Gaussian,0.66113,0.06795,000.00000763,000.00082836,000.00059700,000.12078156,000.28
Tournament (k=2),Arithmetic,Uniform,0.62318,0.02837,000.00001907,000.08475818,000.11092377,000.34314257,000.16
Tournament (k=2),Arithmetic,Uniform,0.55369,0.08830,000.00001144,000.00531244,000.00394058,000.21094480,000.25
Tournament (k=2),Arithmetic,Uniform,0.42436,0.04390,000.00028992,000.03270378,000.03107452,000.21759622,000.17
Tournament (k=2),Arithmetic,Gaussian,0.60503,0.30000,000.00110626,000.68242073,000.88755417,000.60205239,000.42
Tournament (k=2),Arithmetic,Gaussian,0.88849,0.08092,000.00000000,000.00250673,000.00102043,000.12586966,000.27
Tournament (k=2),Arithmetic,Uniform,0.58741,0.30000,000.34568024,002.24129128,002.59189606,001.02010393,000.34
Tournament (k=2),Arithmetic,Uniform,0.60503,0.14915,000.02256012,000.53650576,000.58873749,000.70227361,000.27
Tournament (k=2),Arithmetic,Uniform,0.43709,0.25191,000.25616455,001.80780888,002.08421135,000.89631170,000.31
Tournament (k=2),Arithmetic,Uniform,0.62318,0.08830,000.00001526,000.00725002,000.00643921,000.16424806,000.19
Tournament (k=2),Arithmetic,Uniform,0.55369,0.25191,000.07881165,001.91633987,002.27361488,000.96253175,000.30
Tournament (k=2),Arithmetic,Uniform,0.57030,0.14915,000.01177979,000.48843938,000.56328773,000.60451460,000.28
Tournament (k=2),Arithmetic,Uniform,0.58741,0.08830,000.00001526,000.00405474,000.00302505,000.12861401,000.24
Tournament (k=2),Arithmetic,Uniform,0.41200,0.02599,000.00001526,000.15067640,000.13621140,000.44271389,000.15
Tournament (k=2),Arithmetic,Uniform,0.62318,0.03095,000.00044250,000.05763374,000.04837990,000.35562366,000.16
Tournament (k=2),Arithmetic,Gaussian,0.86261,0.05705,000.00000000,000.08932547,000.01811981,000.53388971,000.19
Tournament (k=2),Arithmetic,Uniform,0.62318,0.27490,000.20677948,002.10576820,002.36338425,001.13259804,000.28
Tournament (k=2),Arithmetic,Uniform,0.57030,0.05228,000.00001907,000.00936432,000.00998306,000.19874255,000.23
Tournament (k=2),Arithmetic,Gaussian,0.81310,0.16276,000.00425339,000.06083407,000.06656265,000.35887268,000.26
Tournament (k=2),Arithmetic,Gaussian,0.70139,0.02382,000.00002289,000.04414101,000.03948402,000.47890529,000.23
Tournament (k=2),Arithmetic,Uniform,0.60503,0.02000,000.00113678,000.20127544,000.15607834,000.58672869,000.18
Tournament (k=2),Arithmetic,Uniform,0.45020,0.12524,000.00168228,000.12151770,000.12245369,000.44886515,000.21
Tournament (k=2),Arithmetic,Uniform,0.47762,0.04791,000.00017166,000.01607504,000.01568222,000.19744810,000.22
Tournament (k=2),Arithmetic,Uniform,0.45020,0.04390,000.00000000,000.02631106,000.02980423,000.22000058,000.21
Tournament (k=2),Arithmetic,Gaussian,1.00000,0.08092,000.00000381,000.00585389,000.00178719,000.29694304,000.29
Tournament (k=2),Arithmetic,Uniform,0.41200,0.08092,000.00002289,000.00581145,000.00579071,000.10214404,000.19
Tournament (k=2),Arithmetic,Uniform,0.43709,0.02599,000.00019836,000.13460617,000.13796806,000.33976135,000.15
Tournament (k=2),Arithmetic,Uniform,0.46371,0.02837,000.00003052,000.12639785,000.13512230,000.45078984,000.15
Tournament (k=2),Arithmetic,Uniform,0.60503,0.16276,000.03569031,000.70030326,001.00540543,000.74352056,000.31
Tournament (k=2),Arithmetic,Gaussian,0.88849,0.25191,000.00933838,000.47326222,000.53304482,000.52804768,000.42
Tournament (k=2),Arithmetic,Uniform,0.50670,0.05228,000.00000381,000.01485858,000.01502419,000.16612701,000.17
Tournament (k=2),Arithmetic,Gaussian,0.78941,0.02183,000.00020218,000.26060638,000.11371231,000.65052247,000.18
Tournament (k=2),Arithmetic,Uniform,0.43709,0.27490,000.37924194,001.92850077,002.24244308,000.97090775,000.30
Tournament (k=2),Arithmetic,Gaussian,0.97087,0.05228,000.00000763,000.13858171,000.03660393,000.55580682,000.27
Tournament (k=2),Arithmetic,Uniform,0.64187,0.05228,000.00001526,000.01294222,000.01013374,000.29856420,000.23
Tournament (k=2),Arithmetic,Gaussian,0.91514,0.05705,000.00000000,000.12880731,000.01567459,000.66634423,000.27
Tournament (k=2),Arithmetic,Gaussian,0.91514,0.17762,000.00501251,000.13116226,000.11887360,000.44897383,000.27
Tournament (k=2),Arithmetic,Uniform,0.43709,0.02837,000.00012970,000.10533690,000.08831978,000.36688980,000.15
Tournament (k=2),Arithmetic,Gaussian,0.68096,0.04023,000.00000763,000.00934315,000.00889015,000.28982499,000.24
Tournament (k=2),Arithmetic,Gaussian,0.76642,0.12524,000.00049973,000.01173043,000.01249886,000.13896652,000.34
Tournament (k=2),Arithmetic,Uniform,0.52190,0.10516,000.00072861,000.02208705,000.02082253,000.12603100,000.21
Tournament (k=2),Arithmetic,Uniform,0.41200,0.08830,000.00005341,000.00561433,000.00522995,000.08119048,000.20
Tournament (k=2),Arithmetic,Uniform,0.45020,0.13667,000.00163269,000.17523590,000.16399956,000.42888647,000.27
Tournament (k=2),Arithmetic,Uniform,0.64187,0.16276,000.00861359,000.79939115,001.11044693,000.74780673,000.28
Tournament (k=2),Arithmetic,Uniform,0.66113,0.03095,000.00037003,000.06074538,000.07544899,000.33761895,000.16
Tournament (k=2),Arithmetic,Uniform,0.47762,0.05228,000.00000763,000.01593509,000.01784134,000.12048759,000.23
Tournament (k=2),Arithmetic,Uniform,0.60503,0.05228,000.00000000,000.01324072,000.01268005,000.12114432,000.23
Tournament (k=2),Arithmetic,Gaussian,0.78941,0.08830,000.00000763,000.00114813,000.00060081,000.10840213,000.29
Tournament (k=2),Arithmetic,Uniform,0.41200,0.19383,000.02867889,000.90474892,001.18782997,000.74927229,000.29
Tournament (k=2),Arithmetic,Gaussian,0.72243,0.04390,000.00001907,000.00834942,000.00591660,000.36700702,000.19
Tournament (k=2),Arithmetic,Gaussian,0.78941,0.02382,000.00033569,000.12649712,000.08617592,000.44630605,000.20
Tournament (k=2),Arithmetic,Uniform,0.49195,0.03378,000.00001526,000.07548799,000.06836700,000.34844574,000.21
Tournament (k=2),Arithmetic,Gaussian,0.66113,0.02000,000.00055313,000.03428178,000.03113937,000.32271305,000.17
Tournament (k=2),Arithmetic,Uniform,0.52190,0.03095,000.00007248,000.10785846,000.08791924,000.35683206,000.21
Tournament (k=2),Arithmetic,Uniform,0.49195,0.27490,000.18643188,001.92740560,002.25407600,001.06304097,000.26
Tournament (k=2),Arithmetic,Uniform,0.40000,0.05228,000.00016785,000.01401043,000.01389122,000.06289703,000.20
Tournament (k=2),Arithmetic,Gaussian,0.91514,0.06226,000.00000000,000.02060194,000.01545143,000.52562368,000.25
Tournament (k=2),Arithmetic,Uniform,0.50670,0.14915,000.01257324,000.44114438,000.43289375,000.60138279,000.29
Tournament (k=2),Arithmetic,Uniform,0.46371,0.27490,000.17153168,002.23651361,002.51188087,000.95959264,000.26
Tournament (k=2),Arithmetic,Gaussian,0.68096,0.12524,000.00051880,000.01124611,000.01222610,000.22824845,000.33
Tournament (k=2),Arithmetic,Uniform,0.60503,0.05705,000.00003052,000.00993791,000.00814056,000.11444135,000.22
Tournament (k=2),Arithmetic,Uniform,0.47762,0.05705,000.00005341,000.00624437,000.00621796,000.10569581,000.24
Tournament (k=2),Arithmetic,Gaussian,1.00000,0.02599,000.00067139,000.40307564,000.31202698,000.83901739,000.18
Tournament (k=2),Arithmetic,Gaussian,0.66113,0.21153,000.01470947,000.31779218,000.33680344,000.51108277,000.29
Tournament (k=2),Arithmetic,Uniform,0.58741,0.03095,000.00009155,000.05370951,000.03948784,000.35864159,000.17
Tournament (k=2),Arithmetic,Gaussian,1.00000,0.27490,000.02785492,000.56829107,000.56283760,000.60903931,000.31
Tournament (k=2),Arithmetic,Uniform,0.47762,0.17762,000.05655670,000.85071886,001.12914085,000.70418394,000.30
Tournament (k=2),Arithmetic,Uniform,0.66113,0.09637,000.00016403,000.01812429,000.01919556,000.08345487,000.29
Tournament (k=2),Arithmetic,Uniform,0.45020,0.14915,000.00542450,000.40038103,000.39239120,000.60822880,000.30
Tournament (k=2),Arithmetic,Uniform,0.55369,0.02837,000.00001526,000.09068270,000.08620071,000.38898340,000.21
Tournament (k=2),Arithmetic,Gaussian,0.86261,0.14915,000.00115204,000.03944683,000.04630661,000.25427321,000.34
Tournament (k=2),Arithmetic,Uniform,0.43709,0.07415,000.00009155,000.00644503,000.00578880,000.03578823,000.24
Tournament (k=2),Arithmetic,Uniform,0.46371,0.08092,000.00000000,000.00513229,000.00455284,000.10553122,000.19
Tournament (k=2),Arithmetic,Gaussian,0.94259,0.02382,000.00062180,000.34147611,000.14612770,000.69111210,000.24
Tournament (k=2),Arithmetic,Uniform,0.53756,0.16276,000.03420258,000.66017717,000.93445778,000.65670311,000.25
Tournament (k=2),Arithmetic,Uniform,0.40000,0.14915,000.02037811,000.38184586,000.40031052,000.58979762,000.29
Tournament (k=2),Arithmetic,Uniform,0.42436,0.04791,000.00001144,000.01942820,000.01977539,000.16402611,000.18
Tournament (k=2),Arithmetic,Gaussian,0.94259,0.25191,000.02261353,000.45248270,000.49485588,000.61075288,000.39
Tournament (k=2),Arithmetic,Uniform,0.55369,0.09637,000.00010681,000.01014757,000.01104355,000.25654262,000.21
Tournament (k=2),Arithmetic,Gaussian,0.83749,0.02382,000.00045395,000.16397600,000.06261444,000.63126820,000.24
Tournament (k=2),Arithmetic,Gaussian,0.62318,0.02000,000.00000381,000.03940387,000.04230690,000.20002888,000.22
Tournament (k=2),Arithmetic,Uniform,0.49195,0.08092,000.00004578,000.00440950,000.00397110,000.09772620,000.19
Tournament (k=2),Arithmetic,Uniform,0.42436,0.13667,000.00839996,000.14091368,000.14239502,000.47195327,000.22
Tournament (k=2),Arithmetic,Uniform,0.62318,0.09637,000.00009918,000.01278725,000.01241684,000.20586708,000.20
Tournament (k=2),Arithmetic,Uniform,0.55369,0.03095,000.00002289,000.07624216,000.07738686,000.35381940,000.22
Tournament (k=2),Arithmetic,Uniform,0.66113,0.30000,000.30440140,002.25290728,002.61026001,001.16580033,000.32
Tournament (k=2),Arithmetic,Uniform,0.57030,0.16276,000.02837753,000.79082328,001.08656883,000.77442425,000.24
Tournament (k=2),Arithmetic,Gaussian,0.88849,0.08830,000.00000000,000.00184054,000.00095177,000.18076982,000.30
Tournament (k=2),Arithmetic,Uniform,0.46371,0.08830,000.00000000,000.00426807,000.00368309,000.01403999,000.19
Tournament (k=2),Arithmetic,Uniform,0.60503,0.02183,000.00003815,000.19295502,000.16113281,000.48883018,000.15
Tournament (k=2),Arithmetic,Uniform,0.43709,0.08092,000.00001144,000.00481315,000.00522614,000.17675494,000.24
Tournament (k=2),Arithmetic,Uniform,0.68096,0.05705,000.00002289,000.00736761,000.00549698,000.24218130,000.18
Tournament (k=2),Arithmetic,Uniform,0.55369,0.27490,000.07942963,001.99558234,002.23668480,001.21089339,000.31
Tournament (k=2),Arithmetic,Gaussian,0.94259,0.02599,000.00005722,000.35257021,000.21763611,000.73122758,000.23
Tournament (k=2),Arithmetic,Uniform,0.57030,0.05705,000.00000381,000.01146145,000.01190186,000.11950071,000.23
Tournament (k=2),Arithmetic,Uniform,0.46371,0.03095,000.00003052,000.11417212,000.09601021,000.34431934,000.15
Tournament (k=2),Arithmetic,Uniform,0.53756,0.17762,000.03038025,000.92073596,001.13675308,000.80717993,000.26
Tournament (k=2),Arithmetic,Gaussian,0.88849,0.03095,000.00006104,000.23553471,000.10439301,000.75702149,000.17
Tournament (k=2),Arithmetic,Uniform,0.45020,0.04791,000.00017548,000.02101326,000.01474571,000.16349441,000.21
Tournament (k=2),Arithmetic,Gaussian,0.86261,0.16276,000.00186920,000.06471734,000.06860352,000.27777410,000.34
Tournament (k=2),Arithmetic,Gaussian,1.00000,0.30000,000.02869415,000.69752955,000.86479568,000.64450228,000.41
Tournament (k=2),Arithmetic,Uniform,0.50670,0.05705,000.00000763,000.01157198,000.01158524,000.06046537,000.17
Tournament (k=2),Arithmetic,Gaussian,0.74410,0.08092,000.00000381,000.00371413,000.00186920,000.11987552,000.27
Tournament (k=2),Arithmetic,Uniform,0.52190,0.27490,000.22008514,001.78381002,002.14630508,000.98148894,000.25
Tournament (k=2),Arithmetic,Gaussian,1.00000,0.08830,000.00000763,000.00825438,000.00296974,000.30925119,000.29
Tournament (k=2),Arithmetic,Uniform,0.60503,0.17762,000.02572250,000.93664724,001.21741104,000.80665755,000.23
Tournament (k=2),Arithmetic,Gaussian,0.83749,0.21153,000.00558090,000.23072752,000.23834610,000.48838344,000.36
Tournament (k=2),Arithmetic,Uniform,0.46371,0.03378,000.00002670,000.05299840,000.03923988,000.28852564,000.15
Tournament (k=2),Arithmetic,Uniform,0.64187,0.05705,000.00004578,000.00750256,000.00701904,000.19284840,000.23
Tournament (k=2),Arithmetic,Uniform,0.43709,0.03095,000.00043488,000.09218898,000.08084869,000.44982970,000.20
Tournament (k=2),Arithmetic,Gaussian,0.76642,0.04791,000.00000763,000.01517882,000.01166153,000.34839359,000.25
Tournament (k=2),Arithmetic,Gaussian,0.97087,0.05705,000.00000000,000.03415008,000.01776123,000.67583442,000.26
Tournament (k=2),Arithmetic,Uniform,0.41200,0.09637,000.00007248,000.00918999,000.00922012,000.02738830,000.19
Tournament (k=2),Arithmetic,Uniform,0.43709,0.30000,000.10004044,002.01971793,002.24046516,001.16201651,000.31
Tournament (k=2),Arithmetic,Uniform,0.52190,0.11476,000.00183868,000.07646885,000.06649399,000.32926965,000.21
Tournament (k=2),Arithmetic,Uniform,0.55369,0.30000,000.17385483,002.23602033,002.68099403,001.20981300,000.29
Tournament (k=2),Arithmetic,Gaussian,0.91514,0.19383,000.00270844,000.19645171,000.20045090,000.41357279,000.29
Tournament (k=2),Arithmetic,Gaussian,0.88849,0.27490,000.00360870,000.66375542,000.81766129,000.65931553,000.39
Tournament (k=2),Arithmetic,Gaussian,0.81310,0.04390,000.00005341,000.02989769,000.01709366,000.51088554,000.18
Tournament (k=2),Arithmetic,Uniform,0.64187,0.17762,000.06316376,000.93105203,001.24415588,000.75213021,000.24
Tournament (k=2),Arithmetic,Uniform,0.66113,0.03378,000.00009155,000.04773822,000.04161072,000.31773499,000.22
Tournament (k=2),Arithmetic,Uniform,0.53756,0.05705,000.00003052,000.00781546,000.00795364,000.08994777,000.22
Tournament (k=2),Arithmetic,Gaussian,0.76642,0.13667,000.00055695,000.02297349,000.02432251,000.20090228,000.32
Tournament (k=2),Arithmetic,Gaussian,0.66113,0.02183,000.00022888,000.04290690,000.03203011,000.42538100,000.16
Tournament (k=2),Arithmetic,Uniform,0.41200,0.21153,000.05709076,001.02874160,001.21859550,000.76536250,000.23
Tournament (k=2),Arithmetic,Gaussian,0.97087,0.13667,000.00017548,000.02100449,000.02136421,000.13555823,000.33
Tournament (k=2),Arithmetic,Uniform,0.49195,0.03686,000.00005341,000.05112748,000.04769707,000.23674417,000.21
Tournament (k=2),Arithmetic,Uniform,0.40000,0.05705,000.00004959,000.01444449,000.01427460,000.06443012,000.16
Tournament (k=2),Arithmetic,Gaussian,0.78941,0.02599,000.00022507,000.19633427,000.06446457,000.61648715,000.23
Tournament (k=2),Arithmetic,Uniform,0.60503,0.19383,000.12046432,001.02664447,001.26418304,000.93080288,000.26
Tournament (k=2),Arithmetic,Uniform,0.52190,0.03378,000.00000381,000.05472870,000.05758286,000.34429866,000.20
Tournament (k=2),Arithmetic,Uniform,0.45020,0.02000,000.00021362,000.21854416,000.19626617,000.45672444,000.19
Tournament (k=2),Arithmetic,Uniform,0.41200,0.10516,000.00000763,000.01716418,000.01726532,000.12247762,000.21
Tournament (k=2),Arithmetic,Uniform,0.49195,0.30000,000.24300766,002.22280931,002.62891388,001.12024796,000.26
Tournament (k=2),Arithmetic,Uniform,0.58741,0.03378,000.00023651,000.06395622,000.05811501,000.30079925,000.16
Tournament (k=2),Arithmetic,Gaussian,1.00000,0.02837,000.00006866,000.27612576,000.07756042,000.66861933,000.21
Tournament (k=2),Arithmetic,Uniform,0.47762,0.06226,000.00000000,000.00716252,000.00693512,000.04953199,000.22
Tournament (k=2),Arithmetic,Uniform,0.50670,0.16276,000.01971817,000.71888477,001.06619453,000.72289097,000.28
Tournament (k=2),Arithmetic,Uniform,0.70139,0.03378,000.00000000,000.07704201,000.07905769,000.43256104,000.22
Tournament (k=2),Arithmetic,Uniform,0.41200,0.02837,000.00006485,000.14003077,000.13187981,000.36975214,000.15
Tournament (k=2),Arithmetic,Uniform,0.62318,0.03378,000.00000381,000.06064911,000.05681229,000.35299569,000.16
Tournament (k=2),Arithmetic,Uniform,0.68096,0.17762,000.01425934,000.98728907,001.18612671,000.90426916,000.29
Tournament (k=2),Arithmetic,Uniform,0.46371,0.30000,000.14848328,001.99789846,002.36883354,001.09884894,000.31
Tournament (k=2),Arithmetic,Uniform,0.58741,0.09637,000.00006866,000.00974712,000.00869751,000.08258590,000.20
Tournament (k=2),Arithmetic,Uniform,0.70139,0.10516,000.00086212,000.04364429,000.04882431,000.29035720,000.19
Tournament (k=2),Arithmetic,Uniform,0.66113,0.10516,000.00022888,000.04467149,000.04620743,000.35202229,000.26
Tournament (k=2),Arithmetic,Gaussian,0.88849,0.30000,000.05423737,000.79390836,001.09773064,000.73012769,000.34
Tournament (k=2),Arithmetic,Uniform,0.47762,0.19383,000.10441589,001.11750925,001.28102303,000.80180287,000.29
Tournament (k=2),Arithmetic,Uniform,0.45020,0.16276,000.00871277,000.60810727,000.86987877,000.68723828,000.28
Tournament (k=2),Arithmetic,Uniform,0.62318,0.30000,000.10127258,002.12835073,002.50666428,001.14386308,000.26
Tournament (k=2),Arithmetic,Uniform,0.41200,0.11476,000.00236511,000.05767732,000.05706024,000.26278418,000.23
Tournament (k=2),Arithmetic,Uniform,0.55369,0.10516,000.00079727,000.01974006,000.02136421,000.12064771,000.20
Tournament (k=2),Arithmetic,Uniform,0.40000,0.16276,000.02190399,000.47563371,000.50618172,000.65244031,000.28
Tournament (k=2),Arithmetic,Gaussian,0.74410,0.19383,000.01135254,000.13976403,000.14118576,000.40117916,000.36
Tournament (k=2),Arithmetic,Uniform,0.62318,0.03686,000.00070953,000.03467770,000.03675652,000.25913942,000.16
Tournament (k=2),Arithmetic,Uniform,0.49195,0.08830,000.00001526,000.00522013,000.00423050,000.14733596,000.19
Tournament (k=2),Arithmetic,Gaussian,1.00000,0.03095,000.00000763,000.34037098,000.11084366,000.73335749,000.20
Tournament (k=2),Arithmetic,Uniform,0.72243,0.02000,000.00016403,000.27451977,000.29677010,000.49398071,000.21
Tournament (k=2),Arithmetic,Uniform,0.68096,0.02000,000.00027466,000.32565111,000.27000999,000.49417418,000.18
Tournament (k=2),Arithmetic,Uniform,0.46371,0.09637,000.00014877,000.00920300,000.00993729,000.17186232,000.19
Tournament (k=2),Arithmetic,Uniform,0.64187,0.02000,000.00280762,000.33619231,000.24750519,000.56847000,000.16
Tournament (k=2),Arithmetic,Uniform,0.68096,0.06226,000.00001907,000.00330834,000.00266647,000.20551640,000.17
Tournament (k=2),Arithmetic,Gaussian,0.91514,0.02000,000.00225449,000.46505696,000.78606796,000.78655446,000.21
Tournament (k=2),Arithmetic,Uniform,0.57030,0.17762,000.07180786,000.74704707,001.09354019,000.81358129,000.30
Tournament (k=2),Arithmetic,Uniform,0.43709,0.08830,000.00003815,000.00501637,000.00507164,000.11007637,000.23
Tournament (k=2),Arithmetic,Gaussian,0.88849,0.09637,000.00001907,000.00344377,000.00192261,000.10691318,000.30
Tournament (k=2),Arithmetic,Uniform,0.70139,0.03686,000.00010681,000.06385016,000.05554199,000.36289826,000.36
Tournament (k=2),Arithmetic,Gaussian,0.94259,0.02837,000.00056076,000.43145829,000.35944366,000.79504168,000.19
Tournament (k=2),Arithmetic,Uniform,0.57030,0.06226,000.00000763,000.00456047,000.00382805,000.06416805,000.19
Tournament (k=2),Arithmetic,Gaussian,0.88849,0.03378,000.00003815,000.13716641,000.03473854,000.66227049,000.19
Tournament (k=2),Arithmetic,Uniform,0.50670,0.06226,000.00000000,000.00774226,000.00809669,000.12031034,000.18
Tournament (k=2),Arithmetic,Uniform,0.41200,0.03095,000.00002289,000.07577481,000.07937622,000.36404344,000.37
Tournament (k=2),Arithmetic,Gaussian,0.94259,0.27490,000.03190613,000.65613031,000.73085976,000.58826834,000.44
Tournament (k=2),Arithmetic,Uniform,0.40000,0.02000,000.00064850,000.25634855,000.21254539,000.52840161,000.19
Tournament (k=2),Arithmetic,Uniform,0.72243,0.06226,000.00001907,000.00485573,000.00322914,000.12139377,000.21
Tournament (k=2),Arithmetic,Uniform,0.45020,0.05228,000.00005341,000.02218680,000.01337624,000.15970117,000.22
Tournament (k=2),Arithmetic,Uniform,0.46371,0.10516,000.00011826,000.01992950,000.02271080,000.24373727,000.20
Tournament (k=2),Arithmetic,Gaussian,0.94259,0.08830,000.00000763,000.00342040,000.00189590,000.21314242,000.29
Tournament (k=2),Arithmetic,Uniform,0.64187,0.02183,000.00008392,000.26981729,000.24328995,000.54262906,000.18
Tournament (k=2),Arithmetic,Uniform,0.53756,0.19383,000.03448486,001.19450545,001.45725822,000.93934894,000.29
Tournament (k=2),Arithmetic,Uniform,0.52190,0.30000,000.30889893,002.29058695,002.59223938,001.17019820,000.25
Tournament (k=2),Arithmetic,Uniform,0.66113,0.11476,000.00354004,000.08811145,000.07087135,000.39971030,000.40
Tournament (k=2),Arithmetic,Uniform,0.41200,0.12524,000.00208664,000.06852083,000.07530022,000.33887991,000.36
Tournament (k=2),Arithmetic,Uniform,0.72243,0.19383,000.13679504,001.20393920,001.41801453,000.89415318,000.30
Tournament (k=2),Arithmetic,Uniform,0.68096,0.06795,000.00000763,000.00309868,000.00203705,000.14106093,000.22
Tournament (k=2),Arithmetic,Uniform,0.46371,0.03686,000.00000763,000.04939647,000.04187202,000.29160583,000.16
Tournament (k=2),Arithmetic,Gaussian,0.86261,0.17762,000.00461578,000.10962243,000.10917854,000.31163564,000.33
Tournament (k=2),Arithmetic,Uniform,0.76642,0.02183,000.00150299,000.32553536,000.24009132,000.56986111,000.17
Tournament (k=2),Arithmetic,Uniform,0.74410,0.11476,000.00738907,000.13436441,000.12123299,000.56089103,000.20
Tournament (k=2),Arithmetic,Uniform,0.43709,0.03378,000.00062561,000.06962905,000.07747078,000.35148931,000.20
Tournament (k=2),Arithmetic,Uniform,0.74410,0.03686,000.00033569,000.04778652,000.05459404,000.35879633,000.25
Tournament (k=2),Arithmetic,Uniform,0.64187,0.06226,000.00000763,000.00449357,000.00549889,000.17426713,000.23
Tournament (k=2),Arithmetic,Uniform,0.76642,0.06795,000.00000381,000.00512562,000.00393486,000.20369667,000.24
Tournament (k=2),Arithmetic,Uniform,0.78941,0.04023,000.00001907,000.04700790,000.03295898,000.41935867,000.16
Tournament (k=2),Arithmetic,Gaussian,0.81310,0.04791,000.00000000,000.03607120,000.02065849,000.45937246,000.18
Tournament (k=2),Arithmetic,Gaussian,0.97087,0.06226,000.00000000,000.02306557,000.01654625,000.45603424,000.27
Tournament (k=2),Arithmetic,Uniform,0.64187,0.02382,000.00011444,000.22965398,000.12524223,000.57673770,000.20
Tournament (k=2),Arithmetic,Uniform,0.66113,0.03686,000.00013733,000.06482711,000.05723190,000.38959417,000.16
Tournament (k=2),Arithmetic,Uniform,0.52190,0.12524,000.00251389,000.15346289,000.14302254,000.47510538,000.22
Tournament (k=2),Arithmetic,Uniform,0.60503,0.06226,000.00000000,000.00644226,000.00616646,000.15287641,000.23
Tournament (k=2),Arithmetic,Uniform,0.76642,0.02382,000.00373077,000.31143111,000.28047180,000.57612139,000.17
Tournament (k=2),Arithmetic,Uniform,0.76642,0.21153,000.15590668,001.34851551,001.58982658,001.03014481,000.31
Tournament (k=2),Arithmetic,Uniform,0.78941,0.12524,000.00547028,000.28242475,000.20523453,000.55575216,000.20
Tournament (k=2),Arithmetic,Gaussian,0.83749,0.23084,000.00363922,000.41803950,000.40962601,000.61218071,000.37
Tournament (k=2),Arithmetic,Uniform,0.53756,0.06226,000.00000763,000.00917549,000.01096153,000.12456784,000.22
Tournament (k=2),Arithmetic,Uniform,0.41200,0.23084,000.15863419,001.40451562,001.63800621,000.86328596,000.24
Tournament (k=2),Arithmetic,Uniform,0.43709,0.03686,000.00003052,000.04119849,000.03487206,000.28058934,000.20
Tournament (k=2),Arithmetic,Uniform,0.64187,0.19383,000.10021591,001.18309093,001.30714798,000.97001964,000.30
Tournament (k=2),Arithmetic,Uniform,0.40000,0.06226,000.00003433,000.00986857,000.00937843,000.09825955,000.17
Tournament (k=2),Arithmetic,Uniform,0.74410,0.12524,000.00056076,000.25868043,000.18952942,000.59974498,000.23
Tournament (k=2),Arithmetic,Uniform,0.49195,0.04023,000.00008392,000.04280090,000.05053711,000.24489661,000.21
Tournament (k=2),Arithmetic,Uniform,0.74410,0.04023,000.00009918,000.09121032,000.04058647,000.56313920,000.23
Tournament (k=2),Arithmetic,Uniform,0.66113,0.04023,000.00016022,000.02819972,000.02933884,000.25505644,000.16
Tournament (k=2),Arithmetic,Uniform,0.64187,0.02599,000.00014496,000.14500837,000.11665726,000.48643115,000.18
Tournament (k=2),Arithmetic,Gaussian,0.76642,0.14915,000.00240707,000.03599367,000.04089737,000.23606077,000.33
Tournament (k=2),Arithmetic,Gaussian,0.78941,0.02837,000.00013733,000.12076907,000.04900551,000.60827535,000.23
Tournament (k=2),Arithmetic,Uniform,0.50670,0.02000,000.00020599,000.35848036,000.43856239,000.49782550,000.15
Tournament (k=2),Arithmetic,Uniform,0.45020,0.02183,000.00004578,000.28568944,000.23985481,000.56025720,000.19
Tournament (k=2),Arithmetic,Uniform,0.60503,0.21153,000.12629700,001.40891623,001.64966583,001.03061247,000.24
Tournament (k=2),Arithmetic,Uniform,0.42436,0.05228,000.00000381,000.01694264,000.01407433,000.13523337,000.20
Tournament (k=2),Arithmetic,Gaussian,0.97087,0.06795,000.00000000,000.03716979,000.00592422,000.47955996,000.27
Tournament (k=2),Arithmetic,Uniform,0.52190,0.13667,000.01906586,000.38512880,000.40558243,000.63779658,000.25
Tournament (k=2),Arithmetic,Uniform,0.47762,0.06795,000.00002670,000.00439353,000.00382805,000.12583914,000.22
Tournament (k=2),Arithmetic,Uniform,0.47762,0.02000,000.00000381,000.26260120,000.22020531,000.50883812,000.15
Tournament (k=2),Arithmetic,Uniform,0.78941,0.13667,000.01477814,000.32296762,000.27385712,000.63633513,000.24
Tournament (k=2),Arithmetic,Gaussian,0.83749,0.02599,000.00050354,000.37641317,000.15266418,000.70761478,000.23
Tournament (k=2),Arithmetic,Uniform,0.62318,0.10516,000.00090790,000.02761889,000.02712250,000.28464729,000.20
Tournament (k=2),Arithmetic,Uniform,0.42436,0.14915,000.00786591,000.35220546,000.32021141,000.53807491,000.22
Tournament (k=2),Arithmetic,Uniform,0.55369,0.03378,000.00001526,000.06050639,000.05292320,000.23697866,000.21
Tournament (k=2),Arithmetic,Uniform,0.60503,0.02382,000.00037384,000.16817717,000.15221977,000.49678001,000.15
Tournament (k=2),Arithmetic,Uniform,0.64187,0.02837,000.00006485,000.07620206,000.05808067,000.39606735,000.18
Tournament (k=2),Arithmetic,Uniform,0.70139,0.11476,000.00304413,000.11614122,000.11392784,000.44334981,000.20
Tournament (k=2),Arithmetic,Uniform,0.50670,0.17762,000.02517319,000.79469877,001.09360504,000.75431782,000.29
Tournament (k=2),Arithmetic,Uniform,0.58741,0.10516,000.00018311,000.03331070,000.03020477,000.25587073,000.26
Tournament (k=2),Arithmetic,Uniform,0.68096,0.19383,000.05209732,001.18684077,001.42903328,000.88870198,000.29
Tournament (k=2),Arithmetic,Uniform,0.45020,0.17762,000.01130295,000.81490403,001.06701088,000.71523285,000.23
Tournament (k=2),Arithmetic,Uniform,0.55369,0.11476,000.00312424,000.05441475,000.04693413,000.37255564,000.20
Tournament (k=2),Arithmetic,Uniform,0.49195,0.09637,000.00003433,000.00835762,000.00726128,000.08150532,000.20
Tournament (k=2),Arithmetic,Uniform,0.62318,0.04023,000.00006104,000.03201013,000.03389549,000.27725154,000.20
Tournament (k=2),Arithmetic,Uniform,0.47762,0.21153,000.02346802,001.27534556,001.56542587,000.91574425,000.29
Tournament (k=2),Arithmetic,Uniform,0.60503,0.02599,000.00000000,000.17570110,000.16438293,000.47701341,000.16
Tournament (k=2),Arithmetic,Uniform,0.72243,0.02183,000.00142288,000.22117729,000.17585373,000.54162228,000.21
Tournament (k=2),Arithmetic,Uniform,0.40000,0.17762,000.02772903,000.74930406,000.99017334,000.78655273,000.28
Tournament (k=2),Arithmetic,Gaussian,0.83749,0.02837,000.00005722,000.11911783,000.06185722,000.60568470,000.21
Tournament (k=2),Arithmetic,Gaussian,1.00000,0.03378,000.00025558,000.30318937,000.09272957,000.71093035,000.25
Tournament (k=2),Arithmetic,Uniform,0.64187,0.03095,000.00003052,000.08387232,000.10073853,000.35589918,000.19
Tournament (k=2),Arithmetic,Uniform,0.55369,0.03686,000.00001144,000.03262968,000.03492737,000.31737137,000.23
Tournament (k=2),Arithmetic,Uniform,0.70139,0.12524,000.00494385,000.22976880,000.22088814,000.56210947,000.21
Tournament (k=2),Arithmetic,Uniform,0.42436,0.16276,000.02145386,000.61510986,000.73761749,000.70099837,000.25
Tournament (k=2),Arithmetic,Uniform,0.81310,0.02382,000.00042725,000.35916391,000.26731682,000.67202383,000.15
Tournament (k=2),Arithmetic,Uniform,0.78941,0.14915,000.01548004,000.68378085,001.02853775,000.65912294,000.29
Tournament (k=2),Arithmetic,Gaussian,0.74410,0.21153,000.00811386,000.28518954,000.25895119,000.50079644,000.36
Tournament (k=2),Arithmetic,Uniform,0.57030,0.06795,000.00000381,000.00308647,000.00309753,000.02462107,000.18
Tournament (k=2),Arithmetic,Uniform,0.57030,0.19383,000.02164459,001.09422374,001.34468651,000.90746999,000.29
Tournament (k=2),Arithmetic,Uniform,0.50670,0.06795,000.00000763,000.00467510,000.00347328,000.11652873,000.18
Tournament (k=2),Arithmetic,Uniform,0.70139,0.04023,000.00031281,000.05424733,000.04521179,000.45702112,000.22
Tournament (k=2),Arithmetic,Uniform,0.50670,0.19383,000.02006912,001.06016159,001.22362900,000.84074229,000.25
Tournament (k=2),Arithmetic,Gaussian,0.94259,0.03095,000.00022888,000.29364443,000.08112144,000.67106557,000.24
Tournament (k=2),Arithmetic,Uniform,0.41200,0.03378,000.00000000,000.05807342,000.06629372,000.37961099,000.20
Tournament (k=2),Arithmetic,Uniform,0.40000,0.02183,000.00003052,000.19858079,000.18590546,000.45192143,000.19
Tournament (k=2),Arithmetic,Uniform,0.46371,0.11476,000.00028229,000.03501310,000.03702545,000.24918765,000.21
Tournament (k=2),Arithmetic,Uniform,0.53756,0.02000,000.00028992,000.31418484,000.31434822,000.50450671,000.15
Tournament (k=2),Arithmetic,Uniform,0.72243,0.06795,000.00000763,000.00128469,000.00113869,000.05071445,000.23
Tournament (k=2),Arithmetic,Uniform,0.81310,0.02599,000.00049591,000.30719352,000.19529724,000.64671975,000.16
Tournament (k=2),Arithmetic,Uniform,0.57030,0.02000,000.00062561,000.24424978,000.18713379,000.50790912,000.20
Tournament (k=2),Arithmetic,Uniform,0.40000,0.19383,000.02914429,000.91626394,001.23263550,000.87665331,000.29
Tournament (k=2),Arithmetic,Uniform,0.46371,0.04023,000.00000763,000.02950978,000.03127289,000.30828500,000.15
Tournament (k=2),Arithmetic,Uniform,0.68096,0.07415,000.00000000,000.00299568,000.00231552,000.02233426,000.18
Tournament (k=2),Arithmetic,Uniform,0.53756,0.21153,000.07434082,001.26461184,001.48878670,000.87405235,000.24
Tournament (k=2),Arithmetic,Uniform,0.41200,0.13667,000.00396729,000.24070100,000.23130798,000.50233924,000.21
Tournament (k=2),Arithmetic,Uniform,0.78941,0.16276,000.03426743,000.79563296,001.10549545,000.78446388,000.24
Tournament (k=2),Arithmetic,Gaussian,0.94259,0.09637,000.00002289,000.00245271,000.00169754,000.06740517,000.29
Tournament (k=2),Arithmetic,Uniform,0.42436,0.17762,000.01725006,000.77640682,001.06738281,000.77276969,000.28
Tournament (k=2),Arithmetic,Gaussian,0.94259,0.30000,000.03458023,000.78024429,001.04582405,000.65904945,000.39
Tournament (k=2),Arithmetic,Uniform,0.81310,0.07415,000.00001526,000.00242744,000.00219536,000.06696840,000.24
Tournament (k=2),Arithmetic,Uniform,0.78941,0.04390,000.00008011,000.04184113,000.02876663,000.38126153,000.16
Tournament (k=2),Arithmetic,Uniform,0.64187,0.06795,000.00000000,000.00330048,000.00329208,000.15515912,000.23
Tournament (k=2),Arithmetic,Uniform,0.72243,0.21153,000.14638901,001.25268042,001.43935013,000.93088078,000.29
Tournament (k=2),Arithmetic,Uniform,0.52190,0.03686,000.00001144,000.03449206,000.02779770,000.19792895,000.16
Tournament (k=2),Arithmetic,Gaussian,0.81310,0.05228,000.00001526,000.02161379,000.00734520,000.41792846,000.18
Tournament (k=2),Arithmetic,Uniform,0.76642,0.07415,000.00000000,000.00274639,000.00200844,000.11613542,000.24
Tournament (k=2),Arithmetic,Gaussian,0.74410,0.23084,000.00918579,000.42741376,000.43360901,000.51942736,000.34
Tournament (k=2),Arithmetic,Uniform,0.72243,0.07415,000.00002289,000.00328059,000.00307655,000.15456147,000.21
Tournament (k=2),Arithmetic,Uniform,0.58741,0.03686,000.00008774,000.05268330,000.04540634,000.25242883,000.16
Tournament (k=2),Arithmetic,Uniform,0.76642,0.02599,000.00032425,000.22315899,000.12709427,000.70097792,000.21
Tournament (k=2),Arithmetic,Gaussian,0.97087,0.14915,000.00256348,000.04220252,000.04410172,000.33803886,000.33
Tournament (k=2),Arithmetic,Uniform,0.53756,0.06795,000.00001526,000.00567055,000.00572586,000.06544427,000.23
Tournament (k=2),Arithmetic,Uniform,0.41200,0.25191,000.18279266,001.71737707,001.99155426,000.87325364,000.24
Tournament (k=2),Arithmetic,Uniform,0.43709,0.04023,000.00000381,000.02566719,000.02467155,000.17791761,000.20
Tournament (k=2),Arithmetic,Uniform,0.40000,0.06795,000.00000381,000.00787387,000.00884819,000.06914257,000.17
Tournament (k=2),Arithmetic,Gaussian,0.97087,0.02000,000.00038147,000.41137600,000.33492279,000.81247932,000.19
Tournament (k=2),Arithmetic,Uniform,0.66113,0.04390,000.00006866,000.01702657,000.01237488,000.29301286,000.16
Tournament (k=2),Arithmetic,Uniform,0.78941,0.17762,000.01241684,001.07924581,001.34386063,000.82413739,000.26
Tournament (k=2),Arithmetic,Uniform,0.76642,0.23084,000.20349121,001.62315786,001.89492989,000.96494675,000.29
Tournament (k=2),Arithmetic,Uniform,0.50670,0.02183,000.00020218,000.24610782,000.20908165,000.50162321,000.15
Tournament (k=2),Arithmetic,Uniform,0.49195,0.04390,000.00001907,000.01899452,000.02006340,000.18513508,000.21
Tournament (k=2),Arithmetic,Uniform,0.74410,0.13667,000.02922440,000.43671593,000.39930725,000.59002513,000.22
Tournament (k=2),Arithmetic,Uniform,0.74410,0.04390,000.00011444,000.04178176,000.03672600,000.37576073,000.20
Tournament (k=2),Arithmetic,Uniform,0.42436,0.05705,000.00001144,000.01173167,000.00893974,000.10950052,000.17
Tournament (k=2),Arithmetic,Gaussian,0.94259,0.10516,000.00003815,000.00377364,000.00341415,000.24376427,000.30
Tournament (k=2),Arithmetic,Uniform,0.83749,0.04390,000.00003052,000.04125629,000.03678513,000.31975815,000.22
Tournament (k=2),Arithmetic,Gaussian,0.83749,0.25191,000.00461578,000.53291285,000.59035301,000.57699460,000.37
Tournament (k=2),Arithmetic,Uniform,0.60503,0.23084,000.09357071,001.76995623,002.16909981,001.02040982,000.24
Tournament (k=2),Arithmetic,Uniform,0.81310,0.23084,000.01762390,001.54310799,001.92227745,000.98045933,000.29
Tournament (k=2),Arithmetic,Uniform,0.47762,0.02183,000.00001907,000.20230517,000.17633629,000.49333695,000.14
Tournament (k=2),Arithmetic,Uniform,0.72243,0.08092,000.00001526,000.00361676,000.00327682,000.10274221,000.26
Tournament (k=2),Arithmetic,Uniform,0.68096,0.02183,000.00070953,000.27472696,000.23019600,000.64695489,000.16
Tournament (k=2),Arithmetic,Uniform,0.83749,0.13667,000.01504135,000.45916528,000.48927116,000.73140526,000.27
Tournament (k=2),Arithmetic,Uniform,0.47762,0.07415,000.00000763,000.00584745,000.00534821,000.04845227,000.22
Tournament (k=2),Arithmetic,Gaussian,1.00000,0.09637,000.00001907,000.00482640,000.00312424,000.22537754,000.21
Tournament (k=2),Arithmetic,Uniform,0.62318,0.11476,000.00070190,000.06219692,000.05056763,000.42092776,000.22
Tournament (k=2),Arithmetic,Uniform,0.42436,0.06226,000.00000763,000.00932722,000.00866890,000.10702483,000.17
Tournament (k=2),Arithmetic,Uniform,0.52190,0.14915,000.01692200,000.50680512,000.60304260,000.61003286,000.27
Tournament (k=2),Arithmetic,Uniform,0.45020,0.19383,000.06779480,000.99686831,001.34371567,000.75815344,000.23
Tournament (k=2),Arithmetic,Uniform,0.58741,0.11476,000.00137329,000.07286873,000.06097794,000.42790931,000.26
Tournament (k=2),Arithmetic,Uniform,0.76642,0.25191,000.28522491,002.05632210,002.37553406,001.00609374,000.29
Tournament (k=2),Arithmetic,Uniform,0.55369,0.12524,000.00869370,000.20048571,000.20203590,000.54926378,000.26
Tournament (k=2),Arithmetic,Uniform,0.60503,0.02837,000.00026703,000.07779183,000.07147980,000.34199291,000.21
Tournament (k=2),Arithmetic,Gaussian,0.88849,0.10516,000.00021744,000.00379481,000.00382996,000.06659143,000.30
Tournament (k=2),Arithmetic,Uniform,0.68096,0.21153,000.12622070,001.30890834,001.59410667,001.01090002,000.29
Tournament (k=2),Arithmetic,Gaussian,1.00000,0.03686,000.00001907,000.45832554,000.99855042,000.78111029,000.18
Tournament (k=2),Arithmetic,Uniform,0.45020,0.05705,000.00000000,000.01327553,000.01186752,000.14524569,000.21
Tournament (k=2),Arithmetic,Uniform,0.60503,0.25191,000.22249603,001.88186955,002.12873268,000.93665642,000.24
Tournament (k=2),Arithmetic,Uniform,0.47762,0.23084,000.32985687,001.51139450,001.72994232,000.90097165,000.30
Tournament (k=2),Arithmetic,Gaussian,0.94259,0.11476,000.00034332,000.00593486,000.00614166,000.17211007,000.31
Tournament (k=2),Arithmetic,Gaussian,0.83749,0.03095,000.00000000,000.17372350,000.04403877,000.58243114,000.24
Tournament (k=2),Arithmetic,Uniform,0.55369,0.04023,000.00001907,000.02855582,000.03819084,000.19382270,000.21
Tournament (k=2),Arithmetic,Uniform,0.70139,0.13667,000.00122070,000.39549923,000.38619995,000.73996097,000.22
Tournament (k=2),Arithmetic,Uniform,0.42436,0.06795,000.00000381,000.00735407,000.00638199,000.06885960,000.19
Tournament (k=2),Arithmetic,Uniform,0.83749,0.14915,000.02513504,000.65885687,001.01844788,000.66438669,000.26
Tournament (k=2),Arithmetic,Uniform,0.62318,0.12524,000.00536728,000.29870385,000.20999527,000.63869023,000.24
Tournament (k=2),Arithmetic,Uniform,0.50670,0.07415,000.00000381,000.00438867,000.00354576,000.03645149,000.18
Tournament (k=2),Arithmetic,Uniform,0.57030,0.07415,000.00001907,000.00280676,000.00214958,000.14906889,000.23
Tournament (k=2),Arithmetic,Gaussian,1.00000,0.10516,000.00004578,000.00402522,000.00349617,000.20158270,000.29
Tournament (k=2),Arithmetic,Uniform,0.53756,0.02183,000.00164795,000.20693116,000.17567062,000.52307314,000.15
Tournament (k=2),Arithmetic,Uniform,0.81310,0.02837,000.00132751,000.31718159,000.26817894,000.55315965,000.16
Tournament (k=2),Arithmetic,Uniform,0.60503,0.03095,000.00002670,000.06439076,000.06273651,000.32762349,000.22
Tournament (k=2),Arithmetic,Uniform,0.70139,0.04390,000.00001144,000.02944713,000.02490234,000.28723398,000.22
Tournament (k=2),Arithmetic,Uniform,0.40000,0.02382,000.00001526,000.15754151,000.10385513,000.52202094,000.19
Tournament (k=2),Arithmetic,Uniform,0.86261,0.02599,000.00057983,000.35552096,000.23775482,000.77477974,000.22
Tournament (k=2),Arithmetic,Uniform,0.57030,0.21153,000.07204819,001.45931685,001.67411232,000.77467763,000.29
Tournament (k=2),Arithmetic,Uniform,0.50670,0.21153,000.03620148,001.43233955,001.72883606,000.94635397,000.26
Tournament (k=2),Arithmetic,Uniform,0.57030,0.02183,000.00006104,000.13266358,000.13517570,000.46056399,000.19
Tournament (k=2),Arithmetic,Uniform,0.46371,0.12524,000.00221252,000.10204806,000.09219551,000.38188076,000.21
Tournament (k=2),Arithmetic,Uniform,0.46371,0.04390,000.00000000,000.02977362,000.03337288,000.21091501,000.16
Tournament (k=2),Arithmetic,Uniform,0.60503,0.06795,000.00000000,000.00509930,000.00478554,000.10481238,000.23
Tournament (k=2),Arithmetic,Uniform,0.50670,0.08092,000.00000000,000.00513954,000.00479507,000.10831656,000.19
Tournament (k=2),Arithmetic,Uniform,0.68096,0.08092,000.00003052,000.00297308,000.00222778,000.12409931,000.24
Tournament (k=2),Arithmetic,Uniform,0.40000,0.21153,000.03442001,001.16957939,001.42203903,000.80621356,000.29
Tournament (k=2),Arithmetic,Uniform,0.88849,0.04791,000.00000381,000.03685379,000.03129387,000.40599963,000.16
Tournament (k=2),Arithmetic,Uniform,0.78941,0.04791,000.00016403,000.01442099,000.01032448,000.36853516,000.17
Tournament (k=2),Arithmetic,Uniform,0.53756,0.23084,000.09825134,001.44815373,001.85475731,001.02600551,000.28
Tournament (k=2),Arithmetic,Uniform,0.86261,0.08092,000.00000763,000.00324192,000.00311470,000.04930475,000.25
Tournament (k=2),Arithmetic,Uniform,0.58741,0.04023,000.00006104,000.02709370,000.02872086,000.21026269,000.16
Tournament (k=2),Arithmetic,Uniform,0.76642,0.02837,000.00011444,000.14563790,000.10253525,000.53966087,000.16
Tournament (k=2),Arithmetic,Uniform,0.60503,0.03378,000.00003433,000.04883852,000.05110931,000.36679375,000.22
Tournament (k=2),Arithmetic,Uniform,0.42436,0.19383,000.08699036,001.05361080,001.26128387,000.82654083,000.28
Tournament (k=2),Arithmetic,Uniform,0.81310,0.08092,000.00001526,000.00287452,000.00222588,000.03002734,000.25
Tournament (k=2),Arithmetic,Uniform,0.64187,0.07415,000.00000000,000.00251293,000.00274086,000.11565282,000.23
Tournament (k=2),Arithmetic,Uniform,0.64187,0.21153,000.04612350,001.48456824,001.77300262,000.83643264,000.28
Tournament (k=2),Arithmetic,Uniform,0.86261,0.25191,000.19628525,001.75199091,002.05210114,001.00059283,000.30
Tournament (k=2),Arithmetic,Uniform,0.53756,0.07415,000.00001144,000.00404425,000.00346756,000.10323141,000.23
Tournament (k=2),Arithmetic,Uniform,0.41200,0.27490,000.29372406,002.02814674,002.38578606,001.00399995,000.24
Tournament (k=2),Arithmetic,Gaussian,0.97087,0.02183,000.00019836,000.52201813,001.00137329,000.81749934,000.16
Tournament (k=2),Arithmetic,Uniform,0.86261,0.02837,000.00125122,000.38585472,000.31036568,000.77628136,000.33
Tournament (k=2),Arithmetic,Uniform,0.66113,0.04791,000.00030518,000.01922078,000.01990128,000.28952646,000.17
Tournament (k=2),Arithmetic,Uniform,0.50670,0.02382,000.00000000,000.15680528,000.14436913,000.52063501,000.15
Tournament (k=2),Arithmetic,Uniform,0.68096,0.08830,000.00019836,000.00883398,000.00767326,000.13372029,000.22
Tournament (k=2),Arithmetic,Uniform,0.40000,0.07415,000.00006485,000.00716238,000.00710487,000.11859469,000.22
Tournament (k=2),Arithmetic,Uniform,0.57030,0.23084,000.10115814,001.44082868,001.69773102,001.07368994,000.35
Tournament (k=2),Arithmetic,Uniform,0.50670,0.23084,000.17699432,001.59442878,001.87314987,000.85089922,000.37
Tournament (k=2),Arithmetic,Uniform,0.78941,0.19383,000.06099701,001.25291920,001.46659470,000.92691630,000.23
Tournament (k=2),Arithmetic,Uniform,0.62318,0.04390,000.00004578,000.02665391,000.02020454,000.27973408,000.17
Tournament (k=2),Arithmetic,Uniform,0.60503,0.03686,000.00001526,000.04870558,000.03594398,000.29454243,000.20
Tournament (k=2),Arithmetic,Uniform,0.49195,0.04791,000.00001526,000.01736422,000.01740456,000.17629302,000.21
Tournament (k=2),Arithmetic,Gaussian,0.74410,0.25191,000.02334595,000.62439513,000.82590866,000.60600537,000.40
Tournament (k=2),Arithmetic,Gaussian,0.97087,0.16276,000.00316620,000.06634941,000.06931877,000.42495081,000.34
Tournament (k=2),Arithmetic,Uniform,0.49195,0.10516,000.00069427,000.02737694,000.03352737,000.20375705,000.20
Tournament (k=2),Arithmetic,Uniform,0.43709,0.09637,000.00009155,000.00844207,000.00625229,000.11979543,000.24
Tournament (k=2),Arithmetic,Uniform,0.74410,0.14915,000.00603104,000.69679433,001.09408188,000.66218287,000.25
Tournament (k=2),Arithmetic,Uniform,0.47762,0.02382,000.00000000,000.20258002,000.18255997,000.47785020,000.15
Tournament (k=2),Arithmetic,Uniform,0.64187,0.03378,000.00054932,000.05506410,000.05254173,000.36687016,000.16
Tournament (k=2),Arithmetic,Uniform,0.83749,0.04791,000.00003052,000.01582551,000.01433563,000.46720764,000.23
Tournament (k=2),Arithmetic,Uniform,0.72243,0.02382,000.00121689,000.19722652,000.17575264,000.51127219,000.21
Tournament (k=2),Arithmetic,Uniform,0.68096,0.02382,000.00004959,000.25006375,000.18028831,000.55160499,000.21
Tournament (k=2),Arithmetic,Uniform,0.68096,0.09637,000.00019073,000.01367836,000.01245880,000.13712789,000.21
Tournament (k=2),Arithmetic,Uniform,0.60503,0.04023,000.00006104,000.02945328,000.03300667,000.13967870,000.17
Tournament (k=2),Arithmetic,Uniform,0.72243,0.08830,000.00003052,000.00661497,000.00606346,000.10338267,000.25
Tournament (k=2),Arithmetic,Uniform,0.91514,0.02837,000.00128937,000.41639033,000.44830704,000.69077462,000.19
Tournament (k=2),Arithmetic,Uniform,0.81310,0.25191,000.19619751,001.68828273,002.14645576,000.95262015,000.30
Tournament (k=2),Arithmetic,Uniform,0.55369,0.13667,000.00183868,000.37844166,000.28809738,000.60608757,000.22
Tournament (k=2),Arithmetic,Uniform,0.58741,0.12524,000.00143433,000.24536963,000.23789215,000.51345479,000.22
Tournament (k=2),Arithmetic,Uniform,0.88849,0.14915,000.01679993,000.62130278,000.77505302,000.66976207,000.29
Tournament (k=2),Arithmetic,Uniform,0.52190,0.16276,000.00167084,000.71395636,000.98499680,000.83642179,000.23
Tournament (k=2),Arithmetic,Uniform,0.57030,0.25191,000.14276123,001.80709553,002.19717979,000.96672612,000.26
Tournament (k=2),Arithmetic,Gaussian,0.94259,0.03378,000.00031281,000.26630694,000.03781509,000.73279250,000.24
Tournament (k=2),Arithmetic,Gaussian,1.00000,0.04023,000.00000381,000.21713987,000.04973793,000.70102555,000.18
Tournament (k=2),Arithmetic,Uniform,0.66113,0.12524,000.00466919,000.27504396,000.22310638,000.55311841,000.27
Tournament (k=2),Arithmetic,Uniform,0.43709,0.10516,000.00020599,000.02073488,000.02114868,000.12510549,000.25
Tournament (k=2),Arithmetic,Gaussian,0.83749,0.27490,000.00944519,000.67884725,000.90577888,000.65697300,000.38
Tournament (k=2),Arithmetic,Uniform,0.45020,0.06226,000.00000763,000.01056709,000.00891876,000.10403903,000.22
Tournament (k=2),Arithmetic,Uniform,0.68096,0.23084,000.14442825,001.63214874,001.82864571,001.06285512,000.30
Tournament (k=2),Arithmetic,Uniform,0.60503,0.27490,000.44523621,002.08286214,002.40761757,001.08406830,000.25
Tournament (k=2),Arithmetic,Uniform,0.42436,0.07415,000.00000763,000.00655208,000.00685120,000.03134008,000.19
Tournament (k=2),Arithmetic,Uniform,0.53756,0.02382,000.00004578,000.16140595,000.13254929,000.51544952,000.16
Tournament (k=2),Arithmetic,Uniform,0.91514,0.08830,000.00002289,000.00963082,000.00789070,000.12410763,000.26
Tournament (k=2),Arithmetic,Uniform,0.55369,0.04390,000.00000381,000.02100167,000.02155685,000.19613747,000.22
Tournament (k=2),Arithmetic,Uniform,0.70139,0.14915,000.00936890,000.55781162,000.60618210,000.78389043,000.23
Tournament (k=2),Arithmetic,Uniform,0.81310,0.03095,000.00000381,000.21403193,000.13744354,000.60885108,000.17
Tournament (k=2),Arithmetic,Uniform,0.57030,0.08092,000.00001907,000.00219555,000.00178528,000.03973428,000.20
Tournament (k=2),Arithmetic,Uniform,0.47762,0.25191,000.19896317,001.78637671,002.01737785,000.97974616,000.31
Tournament (k=2),Arithmetic,Uniform,0.62318,0.13667,000.01530838,000.36937675,000.30054474,000.55658126,000.23
Tournament (k=2),Arithmetic,Uniform,0.91514,0.27490,000.38152695,002.09584045,002.38848686,001.04690945,000.32
Tournament (k=2),Arithmetic,Uniform,0.52190,0.04023,000.00000381,000.03124518,000.03484535,000.18653055,000.22
Tournament (k=2),Arithmetic,Uniform,0.70139,0.04791,000.00000000,000.01493649,000.01373482,000.18851176,000.24
Tournament (k=2),Arithmetic,Uniform,0.57030,0.02382,000.00016022,000.19705229,000.15792847,000.48768902,000.22
Tournament (k=2),Arithmetic,Uniform,0.76642,0.08092,000.00001526,000.00346670,000.00346375,000.15019777,000.26
Tournament (k=2),Arithmetic,Uniform,0.46371,0.04791,000.00000381,000.01919994,000.01682663,000.17261197,000.17
Tournament (k=2),Arithmetic,Uniform,0.81310,0.27490,000.26153183,002.06498790,002.36730385,001.15826094,000.33
Tournament (k=2),Arithmetic,Uniform,0.53756,0.02599,000.00000000,000.10031676,000.10377312,000.34666616,000.16
Tournament (k=2),Arithmetic,Uniform,0.72243,0.23084,000.16203308,001.61639535,002.03532791,000.91391450,000.31
Tournament (k=2),Arithmetic,Gaussian,1.00000,0.11476,000.00007629,000.00682411,000.00654411,000.16513297,000.34
Tournament (k=2),Arithmetic,Uniform,0.81310,0.03378,000.00044632,000.13222265,000.08296967,000.54835063,000.17
Tournament (k=2),Arithmetic,Uniform,0.50670,0.08830,000.00001907,000.00404263,000.00358200,000.15750422,000.20
Tournament (k=2),Arithmetic,Uniform,0.42436,0.08092,000.00008392,000.00542989,000.00636482,000.14418904,000.22
Tournament (k=2),Arithmetic,Uniform,0.88849,0.05228,000.00000000,000.01127625,000.00569534,000.35704198,000.18
Tournament (k=2),Arithmetic,Uniform,0.78941,0.05228,000.00000763,000.01016169,000.00640106,000.26688051,000.17
Tournament (k=2),Arithmetic,Uniform,0.43709,0.04390,000.00002670,000.02466970,000.02035141,000.23095311,000.22
Tournament (k=2),Arithmetic,Uniform,0.46371,0.13667,000.00375366,000.25104904,000.21894646,000.57180142,000.29
Tournament (k=2),Arithmetic,Uniform,0.91514,0.09637,000.00028229,000.02031403,000.02363205,000.14634813,000.24
Tournament (k=2),Arithmetic,Gaussian,0.83749,0.30000,000.02180481,000.76364219,001.11692810,000.65239656,000.40
Tournament (k=2),Arithmetic,Uniform,0.74410,0.04791,000.00002670,000.02388959,000.02737999,000.35135075,000.17
Tournament (k=2),Arithmetic,Uniform,0.62318,0.14915,000.01557922,000.55218488,000.69688416,000.58084679,000.25
Tournament (k=2),Arithmetic,Uniform,0.70139,0.05228,000.00000381,000.00749812,000.00511932,000.19864675,000.24
Tournament (k=2),Arithmetic,Uniform,0.57030,0.02599,000.00014496,000.14177422,000.16835785,000.37569180,000.21
Tournament (k=2),Arithmetic,Uniform,0.52190,0.04390,000.00000763,000.02584214,000.02549744,000.19922097,000.27
Tournament (k=2),Arithmetic,Uniform,0.50670,0.02599,000.00117874,000.13758473,000.12918663,000.43581352,000.15
Tournament (k=2),Arithmetic,Uniform,0.66113,0.05228,000.00002289,000.01429515,000.01284027,000.19939984,000.17
Tournament (k=2),Arithmetic,Uniform,0.94259,0.05228,000.00000000,000.01697512,000.00928688,000.35104871,000.18
Tournament (k=2),Arithmetic,Uniform,0.64187,0.08092,000.00000763,000.00289173,000.00278473,000.09885049,000.24
Tournament (k=2),Arithmetic,Uniform,0.91514,0.30000,000.31507874,002.29187727,002.67842484,001.10602570,000.32
Tournament (k=2),Arithmetic,Uniform,0.88849,0.05705,000.00000000,000.00615640,000.00307465,000.27784976,000.18
Tournament (k=2),Arithmetic,Uniform,0.81310,0.08830,000.00006485,000.00562496,000.00481987,000.12145552,000.25
Tournament (k=2),Arithmetic,Uniform,0.62318,0.04791,000.00000763,000.01252861,000.00820160,000.23429123,000.16
Tournament (k=2),Arithmetic,Uniform,0.53756,0.08092,000.00000381,000.00448427,000.00477409,000.06423497,000.24
Tournament (k=2),Arithmetic,Uniform,0.41200,0.30000,000.80495834,002.04607821,002.26968956,000.96269339,000.26
Tournament (k=2),Arithmetic,Uniform,0.64187,0.23084,000.11431122,001.44764161,001.65583038,001.10131764,000.30
Tournament (k=2),Arithmetic,Uniform,0.47762,0.08092,000.00000381,000.00523696,000.00301170,000.11024529,000.23
Tournament (k=2),Arithmetic,Uniform,0.78941,0.21153,000.03756714,001.57486117,001.68508911,000.99453372,000.23
Tournament (k=2),Arithmetic,Uniform,0.86261,0.27490,000.08355331,001.82360530,002.10176468,001.19252169,000.31
Tournament (k=2),Arithmetic,Uniform,0.50670,0.25191,000.16331100,001.91138816,002.30152321,001.11703742,000.30
Tournament (k=2),Arithmetic,Uniform,0.47762,0.02599,000.00003815,000.08455400,000.08852386,000.32475224,000.15
Tournament (k=2),Arithmetic,Uniform,0.64187,0.03686,000.00004196,000.03553896,000.03040695,000.28957325,000.17
Tournament (k=2),Arithmetic,Uniform,0.49195,0.05228,000.00000763,000.01166568,000.01167488,000.11256818,000.22
Tournament (k=2),Arithmetic,Uniform,0.41200,0.03686,000.00040817,000.06505032,000.06813431,000.40347657,000.20
Tournament (k=2),Arithmetic,Uniform,0.57030,0.02837,000.00007629,000.09533215,000.08778191,000.43417835,000.23
Tournament (k=2),Arithmetic,Uniform,0.49195,0.11476,000.00020599,000.05244722,000.05097198,000.31435633,000.22
Tournament (k=2),Arithmetic,Uniform,0.83749,0.05228,000.00003052,000.01816678,000.01214600,000.31091791,000.21
Tournament (k=2),Arithmetic,Uniform,0.72243,0.02599,000.00017929,000.07318039,000.06993484,000.44261524,000.22
Tournament (k=2),Arithmetic,Uniform,0.94259,0.16276,000.03491592,000.87002945,001.10167313,000.77255899,000.31
Tournament (k=2),Arithmetic,Uniform,0.68096,0.10516,000.00135422,000.03225026,000.03693199,000.29891217,000.22
Tournament (k=2),Arithmetic,Uniform,0.91514,0.03095,000.00046921,000.28471333,000.21828461,000.61696863,000.17
Tournament (k=2),Arithmetic,Uniform,0.74410,0.16276,000.03706360,000.71399027,000.95615578,000.72638065,000.25
Tournament (k=2),Arithmetic,Uniform,0.60503,0.04390,000.00006866,000.02099519,000.01709938,000.23239914,000.22
Tournament (k=2),Arithmetic,Uniform,0.81310,0.09637,000.00019836,000.02307348,000.01935959,000.25297213,000.25
Tournament (k=2),Arithmetic,Gaussian,0.97087,0.17762,000.00513458,000.12130151,000.10464287,000.40442610,000.30
Tournament (k=2),Arithmetic,Uniform,0.55369,0.14915,000.04011536,000.53826094,000.66357422,000.73930603,000.24
Tournament (k=2),Arithmetic,Uniform,0.72243,0.09637,000.00044632,000.01566315,000.01422882,000.16149339,000.26
Tournament (k=2),Arithmetic,Uniform,0.64187,0.04023,000.00030518,000.03924312,000.03049088,000.32568380,000.20
Tournament (k=2),Arithmetic,Uniform,0.58741,0.13667,000.00564575,000.36125359,000.26678467,000.63988149,000.29
Tournament (k=2),Arithmetic,Uniform,0.97087,0.03095,000.00008392,000.24398986,000.10188293,000.71601570,000.21
Tournament (k=2),Arithmetic,Uniform,0.83749,0.16276,000.04426575,000.85851765,001.23324585,000.77464950,000.29
Tournament (k=2),Arithmetic,Uniform,0.52190,0.17762,000.01676941,000.90943491,001.15221214,000.84094048,000.24
Tournament (k=2),Arithmetic,Uniform,0.97087,0.09637,000.00071335,000.02406383,000.02735138,000.14504088,000.20
Tournament (k=2),Arithmetic,Uniform,0.49195,0.05705,000.00002289,000.00883646,000.00883675,000.11672610,000.22
Tournament (k=2),Arithmetic,Uniform,0.45020,0.02382,000.00015259,000.16034436,000.15142059,000.45134467,000.19
Tournament (k=2),Arithmetic,Uniform,0.43709,0.11476,000.00035095,000.04052009,000.04336548,000.22703701,000.21
Tournament (k=2),Arithmetic,Gaussian,0.94259,0.03686,000.00000763,000.29981899,000.09742928,000.71108407,000.24
Tournament (k=2),Arithmetic,Uniform,0.88849,0.16276,000.01768875,000.70834577,001.06931114,000.92211783,000.29
Tournament (k=2),Arithmetic,Uniform,0.60503,0.07415,000.00000000,000.00315313,000.00217628,000.17980011,000.19
Tournament (k=2),Arithmetic,Uniform,0.45020,0.06795,000.00000000,000.00600600,000.00686646,000.03504292,000.22
Tournament (k=2),Arithmetic,Uniform,0.66113,0.13667,000.00579071,000.37486300,000.36514664,000.59187949,000.28
Tournament (k=2),Arithmetic,Uniform,0.68096,0.25191,000.04046631,001.97486424,002.36623764,001.11711156,000.25
Tournament (k=2),Arithmetic,Uniform,0.60503,0.30000,000.33675766,002.24143481,002.53656197,000.99352205,000.25
Tournament (k=2),Arithmetic,Uniform,0.81310,0.10516,000.00161743,000.04683290,000.03912544,000.32061905,000.29
Tournament (k=2),Arithmetic,Uniform,0.76642,0.03095,000.00125122,000.24083276,000.16617012,000.59101570,000.17
Tournament (k=2),Arithmetic,Uniform,0.86261,0.08830,000.00009918,000.01058588,000.01005554,000.10937561,000.20
Tournament (k=2),Arithmetic,Uniform,0.70139,0.16276,000.01456070,000.75259221,001.08309937,000.72792298,000.30
Tournament (k=2),Arithmetic,Uniform,0.53756,0.02837,000.00016785,000.08275346,000.07484627,000.34858292,000.17
Tournament (k=2),Arithmetic,Uniform,0.72243,0.10516,000.00034714,000.04547415,000.03948975,000.26571155,000.28
Tournament (k=2),Arithmetic,Uniform,0.40000,0.23084,000.09772110,001.48397505,001.73107719,000.89638817,000.30
Tournament (k=2),Arithmetic,Uniform,0.97087,0.10516,000.00147247,000.04905100,000.04972076,000.29802427,000.23
Tournament (k=2),Arithmetic,Uniform,0.45020,0.02599,000.00017166,000.20741835,000.18408012,000.41612080,000.21
Tournament (k=2),Arithmetic,Uniform,0.42436,0.21153,000.07483292,001.31203389,001.55623627,000.89567429,000.25
Tournament (k=2),Arithmetic,Uniform,0.81310,0.03686,000.00013733,000.08760639,000.05240440,000.58964902,000.17
Tournament (k=2),Arithmetic,Uniform,0.47762,0.27490,000.37483978,001.98940921,002.40538025,001.06956959,000.31
Tournament (k=2),Arithmetic,Uniform,0.83749,0.17762,000.05181122,001.09025693,001.32637978,000.90852392,000.30
Tournament (k=2),Arithmetic,Uniform,0.53756,0.25191,000.06304169,001.94786763,002.26975441,001.05817044,000.31
Tournament (k=2),Arithmetic,Uniform,1.00000,0.05705,000.00000000,000.00549026,000.00208282,000.25390261,000.18
Tournament (k=2),Arithmetic,Uniform,0.50670,0.09637,000.00006104,000.00958505,000.00838280,000.18617569,000.21
Tournament (k=2),Arithmetic,Uniform,0.97087,0.30000,000.45249176,002.31812716,002.62185478,001.02895725,000.33
Tournament (k=2),Arithmetic,Uniform,0.78941,0.05705,000.00002289,000.00475349,000.00298309,000.12380671,000.18
Tournament (k=2),Arithmetic,Uniform,0.81310,0.30000,000.22526550,002.09315515,002.44333267,001.13635135,000.32
Tournament (k=2),Arithmetic,Uniform,0.72243,0.25191,000.21215820,001.84483588,002.18797874,001.08978224,000.32
Tournament (k=2),Arithmetic,Uniform,0.86261,0.03095,000.00116730,000.28291807,000.19483948,000.63549662,000.22
Tournament (k=2),Arithmetic,Uniform,0.43709,0.04791,000.00004196,000.02413664,000.02413940,000.24153161,000.21
Tournament (k=2),Arithmetic,Uniform,0.74410,0.05228,000.00000000,000.01161790,000.00937653,000.29923046,000.18
Tournament (k=2),Arithmetic,Gaussian,1.00000,0.12524,000.00005341,000.01369009,000.01273727,000.24937132,000.33
Tournament (k=2),Arithmetic,Uniform,0.46371,0.14915,000.01551819,000.47661766,000.47217369,000.63214147,000.22
Tournament (k=2),Arithmetic,Uniform,0.66113,0.05705,000.00001526,000.00756001,000.00630569,000.26660529,000.17
Tournament (k=2),Arithmetic,Uniform,0.45020,0.21153,000.10261917,001.29819584,001.51602173,000.87548667,000.24
Tournament (k=2),Arithmetic,Uniform,1.00000,0.06226,000.00000000,000.00217943,000.00108337,000.20312272,000.18
Tournament (k=2),Arithmetic,Uniform,0.91514,0.10516,000.00123215,000.03864064,000.04113960,000.22143881,000.26
Tournament (k=2),Arithmetic,Uniform,0.70139,0.05705,000.00000381,000.00960155,000.00772858,000.16291621,000.23
Tournament (k=2),Arithmetic,Uniform,0.50670,0.02837,000.00001907,000.08177757,000.06870461,000.36480656,000.20
Tournament (k=2),Arithmetic,Uniform,0.52190,0.04791,000.00002289,000.01751733,000.01883888,000.13916950,000.22
Tournament (k=2),Arithmetic,Uniform,1.00000,0.02000,000.00022507,000.55878788,000.86223412,000.74477011,000.18
Tournament (k=2),Arithmetic,Uniform,0.50670,0.10516,000.00034332,000.02412572,000.02314568,000.17402761,000.22
Tournament (k=2),Arithmetic,Uniform,0.62318,0.16276,000.01766586,000.70882022,001.03277397,000.77934569,000.29
Tournament (k=2),Arithmetic,Uniform,0.78941,0.06226,000.00001526,000.00324240,000.00179100,000.12535995,000.17
Tournament (k=2),Arithmetic,Uniform,0.88849,0.06226,000.00000000,000.00361066,000.00184822,000.22200875,000.17
Tournament (k=2),Arithmetic,Uniform,0.76642,0.27490,000.26548004,002.15330076,002.50884247,001.30422115,000.30
Tournament (k=2),Arithmetic,Uniform,0.42436,0.02000,000.00000763,000.34115869,000.31249809,000.55156964,000.14
Tournament (k=2),Arithmetic,Uniform,0.53756,0.27490,000.22844315,001.94317818,002.18711472,001.06956530,000.29
Tournament (k=2),Arithmetic,Uniform,0.94259,0.02000,000.00020218,000.55315667,000.74574280,000.78812093,000.22
Tournament (k=2),Arithmetic,Uniform,0.68096,0.02599,000.00252533,000.11587481,000.09229660,000.51269102,000.21
Tournament (k=2),Arithmetic,Uniform,0.74410,0.05705,000.00001144,000.00647011,000.00580215,000.28260261,000.23
Tournament (k=2),Arithmetic,Uniform,0.47762,0.02837,000.00000000,000.10589795,000.09665298,000.37921321,000.15
Tournament (k=2),Arithmetic,Uniform,0.53756,0.08830,000.00000381,000.00450153,000.00443268,000.03235000,000.24
Tournament (k=2),Arithmetic,Uniform,1.00000,0.17762,000.03897095,001.07572484,001.38754463,000.83110118,000.27
Tournament (k=2),Arithmetic,Uniform,1.00000,0.06795,000.00000763,000.00188456,000.00124550,000.14925507,000.18
Tournament (k=2),Arithmetic,Uniform,0.78941,0.23084,000.05862427,001.76911259,001.99349022,000.94482756,000.23
Tournament (k=2),Arithmetic,Uniform,0.45020,0.23084,000.08671570,001.44232798,001.70491982,000.88346261,000.26
Tournament (k=2),Arithmetic,Uniform,0.70139,0.06226,000.00000763,000.00493422,000.00496674,000.12782063,000.23
Tournament (k=2),Arithmetic,Uniform,0.41200,0.04023,000.00007248,000.03672934,000.03588676,000.24428117,000.20
Tournament (k=2),Arithmetic,Uniform,0.57030,0.03095,000.00017929,000.08540964,000.08148003,000.41070923,000.21
Tournament (k=2),Arithmetic,Uniform,0.91514,0.03378,000.00004578,000.30713835,000.18676376,000.66042554,000.16
Tournament (k=2),Arithmetic,Uniform,0.49195,0.12524,000.00394058,000.16521630,000.15359879,000.48532915,000.21
Tournament (k=2),Arithmetic,Uniform,0.72243,0.02837,000.00058746,000.20389576,000.13082314,000.52635550,000.21
Tournament (k=2),Arithmetic,Uniform,0.64187,0.25191,000.01520538,001.64955711,001.96919632,001.00334871,000.30
Tournament (k=2),Arithmetic,Uniform,0.83749,0.05705,000.00001526,000.00801964,000.00418472,000.24720509,000.23
Tournament (k=2),Arithmetic,Uniform,0.68096,0.11476,000.00086594,000.10853501,000.09444427,000.46563321,000.21
Tournament (k=2),Arithmetic,Uniform,0.47762,0.03095,000.00000763,000.07548213,000.07240486,000.30626345,000.15
Tournament (k=2),Arithmetic,Uniform,0.57030,0.27490,000.27433395,001.85203242,002.22791862,001.10807574,000.31
Tournament (k=2),Blend,Gaussian,0.40000,0.03378,000.00000000,000.00046353,000.00016975,000.01820795,000.22
Tournament (k=2),Arithmetic,Uniform,0.74410,0.17762,000.02444458,000.98303258,001.19081879,000.75546980,000.23
Tournament (k=2),Arithmetic,Uniform,0.55369,0.04791,000.00000381,000.01507592,000.01586533,000.22171433,000.21
Tournament (k=2),Arithmetic,Uniform,0.76642,0.30000,000.67269897,002.30934286,002.58214378,001.23305047,000.32
Tournament (k=2),Arithmetic,Uniform,0.55369,0.16276,000.03222656,000.77542180,001.11749458,000.77946407,000.22
Tournament (k=2),Arithmetic,Uniform,0.64187,0.04390,000.00001526,000.02467275,000.02635193,000.25657287,000.18
Tournament (k=2),Arithmetic,Uniform,0.53756,0.09637,000.00012207,000.01092615,000.00997162,000.15976270,000.26
Tournament (k=2),Arithmetic,Uniform,0.91514,0.03686,000.00001526,000.22570181,000.08987617,000.66596037,000.17
Tournament (k=2),Arithmetic,Uniform,1.00000,0.07415,000.00004196,000.00195627,000.00194550,000.02524519,000.25
Tournament (k=2),Arithmetic,Uniform,0.46371,0.05228,000.00008392,000.01517649,000.01641655,000.04578719,000.17
Tournament (k=2),Arithmetic,Uniform,0.41200,0.04390,000.00018692,000.02436099,000.02238846,000.15221252,000.20
Tournament (k=2),Arithmetic,Uniform,0.57030,0.03378,000.00000000,000.05020604,000.04612732,000.25681537,000.21
Tournament (k=2),Blend,Gaussian,0.41200,0.02000,000.00000000,000.00172963,000.00116539,000.14035898,000.18
Tournament (k=2),Arithmetic,Uniform,0.78941,0.25191,000.22568130,001.97586572,002.39288712,001.02420771,000.29
Tournament (k=2),Arithmetic,Uniform,0.76642,0.08830,000.00008392,000.00854797,000.00623131,000.13293055,000.24
Tournament (k=2),Arithmetic,Uniform,0.45020,0.25191,000.20265961,001.57153952,001.88305855,001.04311073,000.29
Tournament (k=2),Arithmetic,Uniform,0.88849,0.17762,000.07872772,001.04017782,001.34223557,000.95901603,000.22
Tournament (k=2),Arithmetic,Uniform,0.52190,0.19383,000.04982758,001.15048409,001.44004440,000.83324188,000.28
Tournament (k=2),Arithmetic,Uniform,0.45020,0.07415,000.00008011,000.00520658,000.00522804,000.03987765,000.23
Tournament (k=2),Arithmetic,Uniform,0.43709,0.12524,000.00153351,000.13162370,000.10342598,000.48373559,000.26
Tournament (k=2),Arithmetic,Uniform,0.62318,0.02000,000.00015259,000.28938764,000.26234818,000.59300333,000.16
Tournament (k=2),Arithmetic,Uniform,0.76642,0.03378,000.00028992,000.09377237,000.06689835,000.50803858,000.16
Tournament (k=2),Blend,Gaussian,0.40000,0.10516,000.00002670,000.00193768,000.00156975,000.01922015,000.29
Tournament (k=2),Arithmetic,Uniform,0.53756,0.03095,000.00009918,000.06873932,000.07623863,000.24109727,000.15
Tournament (k=2),Arithmetic,Uniform,0.81310,0.11476,000.00451279,000.11470137,000.10544395,000.44078425,000.20
Tournament (k=2),Arithmetic,Uniform,0.86261,0.09637,000.00030518,000.02134576,000.02086830,000.11994055,000.20
Tournament (k=2),Arithmetic,Uniform,0.57030,0.30000,000.42689896,002.13235641,002.41009903,000.95743704,000.31
Tournament (k=2),Arithmetic,Uniform,0.70139,0.17762,000.01015472,001.12244630,001.36499786,000.86931694,000.23
Tournament (k=2),Arithmetic,Uniform,0.66113,0.14915,000.00492096,000.55727416,000.68949890,000.92538702,000.28
Tournament (k=2),Arithmetic,Uniform,0.97087,0.11476,000.00146484,000.12999701,000.12117004,000.51576316,000.21
Tournament (k=2),Arithmetic,Uniform,0.45020,0.02837,000.00000763,000.11774091,000.09716606,000.41223702,000.20
Tournament (k=2),Arithmetic,Uniform,0.68096,0.27490,000.08854675,001.88490462,002.21992302,001.25932217,000.30
Tournament (k=2),Arithmetic,Uniform,0.72243,0.11476,000.00068665,000.09843874,000.09484100,000.50012517,000.26
Tournament (k=2),Blend,Gaussian,0.41200,0.06226,000.00000000,000.00002799,000.00001526,000.00277539,000.25
Tournament (k=2),Arithmetic,Uniform,0.62318,0.02183,000.00156021,000.27669454,000.25742340,000.47595558,000.15
Tournament (k=2),Arithmetic,Uniform,0.76642,0.09637,000.00002289,000.01726613,000.01839638,000.15042065,000.23
Tournament (k=2),Arithmetic,Uniform,0.76642,0.03686,000.00003433,000.07179365,000.06750488,000.42902765,000.16
Tournament (k=2),Arithmetic,Uniform,0.47762,0.30000,000.33376312,001.99352455,002.40899086,001.12878120,000.25
Tournament (k=2),Arithmetic,Uniform,0.94259,0.05705,000.00000381,000.00627770,000.00218582,000.30650342,000.23
Tournament (k=2),Arithmetic,Uniform,0.62318,0.05228,000.00002289,000.00964365,000.00934982,000.27756083,000.17
Tournament (k=2),Arithmetic,Uniform,0.43709,0.13667,000.00514603,000.24835038,000.21061134,000.55003422,000.26
Tournament (k=2),Arithmetic,Uniform,0.45020,0.27490,000.14447021,001.85320890,002.23339462,001.00052381,000.31
Tournament (k=2),Arithmetic,Uniform,0.83749,0.19383,000.06694031,001.15152967,001.40798187,000.85684168,000.29
Tournament (k=2),Arithmetic,Uniform,0.86261,0.03378,000.00037384,000.25076619,000.15739822,000.67654133,000.22
Tournament (k=2),Arithmetic,Uniform,0.66113,0.06226,000.00001144,000.00736198,000.00649452,000.22090027,000.18
Tournament (k=2),Arithmetic,Uniform,0.50670,0.03095,000.00002289,000.06238952,000.07233620,000.31427574,000.17
Tournament (k=2),Arithmetic,Uniform,0.46371,0.16276,000.08185577,000.74518412,001.03315926,000.66061920,000.23
Tournament (k=2),Arithmetic,Uniform,0.72243,0.27490,000.11217880,001.93483961,002.20008469,001.21805203,000.30
Tournament (k=2),Blend,Gaussian,0.40000,0.11476,000.00006104,000.00503092,000.00485420,000.11684123,000.31
Tournament (k=2),Arithmetic,Uniform,1.00000,0.02183,000.00036240,000.44166809,000.42953491,000.76582068,000.16
Tournament (k=2),Blend,Gaussian,0.42436,0.03686,000.00000000,000.00043759,000.00027847,000.10126080,000.18
Tournament (k=2),Arithmetic,Uniform,0.47762,0.08830,000.00000000,000.00681834,000.00611877,000.05616237,000.24
Tournament (k=2),Arithmetic,Uniform,0.52190,0.05228,000.00001907,000.01108422,000.01181030,000.16500989,000.22
Tournament (k=2),Arithmetic,Uniform,0.78941,0.06795,000.00000000,000.00303016,000.00210953,000.11080512,000.18
Tournament (k=2),Arithmetic,Uniform,0.91514,0.11476,000.00411224,000.11947574,000.08438492,000.47331586,000.26
Tournament (k=2),Arithmetic,Uniform,0.42436,0.02183,000.00007248,000.22484069,000.23511124,000.47620252,000.15
Tournament (k=2),Arithmetic,Uniform,0.62318,0.17762,000.06602478,000.89350092,001.13890457,000.77198851,000.23
Tournament (k=2),Arithmetic,Uniform,0.50670,0.27490,000.12510300,002.11442685,002.38081360,001.12749028,000.30
Tournament (k=2),Arithmetic,Uniform,0.86261,0.30000,000.07235718,002.48384809,002.88126755,001.15261328,000.31
Tournament (k=2),Blend,Gaussian,0.41200,0.19383,000.01456070,000.34641045,000.34541130,000.45589498,000.38
Tournament (k=2),Arithmetic,Uniform,0.94259,0.06226,000.00000000,000.00264564,000.00137901,000.16867694,000.25
Tournament (k=2),Arithmetic,Uniform,0.86261,0.03686,000.00002670,000.12012377,000.04781532,000.51890075,000.22
Tournament (k=2),Arithmetic,Uniform,0.94259,0.02183,000.00067902,000.41462383,000.35869217,000.77215451,000.19
Tournament (k=2),Arithmetic,Uniform,0.66113,0.06795,000.00000763,000.00356441,000.00318909,000.18615633,000.24
Tournament (k=2),Arithmetic,Uniform,0.97087,0.03378,000.00012970,000.30940908,000.21761703,000.72333026,000.17
Tournament (k=2),Arithmetic,Uniform,0.68096,0.02837,000.00070572,000.14613958,000.11574364,000.51978314,000.21
Tournament (k=2),Arithmetic,Uniform,0.94259,0.17762,000.03475952,001.13654196,001.40535355,000.93039912,000.28
Tournament (k=2),Arithmetic,Uniform,0.58741,0.04390,000.00006104,000.02291856,000.02211571,000.19912532,000.17
Tournament (k=2),Blend,Gaussian,0.42436,0.04023,000.00000000,000.00024190,000.00009727,000.00335040,000.20
Tournament (k=2),Arithmetic,Uniform,0.83749,0.21153,000.09537506,001.57302737,001.86455536,001.10392082,000.29
Tournament (k=2),Arithmetic,Uniform,1.00000,0.02382,000.00014877,000.48254317,000.57713318,000.63006395,000.22
Tournament (k=2),Arithmetic,Uniform,0.74410,0.06226,000.00000000,000.00280929,000.00263023,000.14213873,000.24
Tournament (k=2),Arithmetic,Uniform,0.78941,0.07415,000.00001144,000.00422497,000.00408173,000.09551632,000.19
Tournament (k=2),Arithmetic,Uniform,0.42436,0.02382,000.00012589,000.20103507,000.20858002,000.43066186,000.14
Tournament (k=2),Arithmetic,Gaussian,0.97087,0.19383,000.00679016,000.15211019,000.14420319,000.40182310,000.28
Tournament (k=2),Arithmetic,Uniform,0.47762,0.09637,000.00011063,000.00905995,000.00632095,000.18526231,000.25
Tournament (k=2),Arithmetic,Uniform,0.72243,0.03095,000.00005341,000.08335328,000.06621742,000.40242249,000.22
Tournament (k=2),Arithmetic,Uniform,0.58741,0.14915,000.00267029,000.56116796,000.66666603,000.63768458,000.27
Tournament (k=2),Arithmetic,Uniform,0.68096,0.12524,000.00421524,000.18311071,000.18076706,000.54200411,000.22
Tournament (k=2),Arithmetic,Uniform,0.64187,0.04791,000.00039291,000.01994481,000.01657867,000.24862295,000.17
Tournament (k=2),Blend,Gaussian,0.43709,0.02183,000.00000000,000.00177135,000.00113487,000.25803655,000.17
Tournament (k=2),Arithmetic,Uniform,0.60503,0.08092,000.00001526,000.00614514,000.00465202,000.13760503,000.24
Tournament (k=2),Blend,Gaussian,0.40000,0.03686,000.00000000,000.00026603,000.00012207,000.09890932,000.23
Tournament (k=2),Arithmetic,Uniform,0.78941,0.02000,000.00474930,000.44826397,000.45355797,000.67183959,000.21
Tournament (k=2),Arithmetic,Uniform,0.74410,0.19383,000.06682587,001.12454522,001.35576630,000.84985709,000.23
Tournament (k=2),Arithmetic,Uniform,1.00000,0.08092,000.00003052,000.00319977,000.00319290,000.10811474,000.19
Tournament (k=2),Blend,Gaussian,0.41200,0.02183,000.00000000,000.00201130,000.00087547,000.10090418,000.17
Tournament (k=2),Arithmetic,Uniform,0.55369,0.05228,000.00017929,000.01825995,000.01933098,000.17292216,000.22
Tournament (k=2),Blend,Gaussian,0.42436,0.11476,000.00016785,000.00911093,000.00990295,000.11741333,000.32
Tournament (k=2),Arithmetic,Uniform,0.55369,0.17762,000.02049255,000.94270879,001.23268318,000.74992388,000.23
Tournament (k=2),Arithmetic,Uniform,0.74410,0.06795,000.00000000,000.00157957,000.00149345,000.04809281,000.24
Tournament (k=2),Arithmetic,Uniform,0.81310,0.04023,000.00000763,000.06650992,000.06332588,000.57648867,000.16
Tournament (k=2),Blend,Gaussian,0.41200,0.21153,000.02442169,000.45389742,000.53179359,000.49038267,000.36
Tournament (k=2),Arithmetic,Uniform,0.53756,0.10516,000.00015640,000.02553296,000.02580070,000.21392077,000.25
Tournament (k=2),Arithmetic,Uniform,0.78941,0.08092,000.00000763,000.00505414,000.00288963,000.20031126,000.24
Tournament (k=2),Arithmetic,Uniform,0.83749,0.23084,000.09640503,001.86452985,002.27655029,001.03957820,000.30
Tournament (k=2),Arithmetic,Uniform,0.42436,0.23084,000.05521393,001.40360951,001.62381172,000.89207178,000.29
Tournament (k=2),Arithmetic,Uniform,0.53756,0.03378,000.00018311,000.05779929,000.06031036,000.33139515,000.16
Tournament (k=2),Arithmetic,Uniform,0.45020,0.08092,000.00000000,000.00581880,000.00594521,000.05758703,000.19
Tournament (k=2),Blend,Gaussian,0.43709,0.06795,000.00000000,000.00002742,000.00001144,000.00299512,000.21
Tournament (k=2),Arithmetic,Uniform,0.83749,0.02000,000.00039673,000.45751509,000.48078918,000.70139521,000.21
Tournament (k=2),Arithmetic,Uniform,0.86261,0.10516,000.00185394,000.04832249,000.04193878,000.30362126,000.20
Tournament (k=2),Arithmetic,Uniform,0.58741,0.02000,000.00121307,000.28790379,000.32628441,000.51037246,000.20
Tournament (k=2),Arithmetic,Uniform,0.88849,0.19383,000.09272385,001.22792280,001.39214325,000.94478905,000.29
Tournament (k=2),Arithmetic,Gaussian,0.97087,0.21153,000.00272369,000.30528086,000.21340561,000.50416332,000.36
Tournament (k=2),Arithmetic,Uniform,0.81310,0.04390,000.00013733,000.03977876,000.02080154,000.51692200,000.17
Tournament (k=2),Arithmetic,Uniform,0.64187,0.08830,000.00011826,000.00462613,000.00440025,000.03686977,000.25
Tournament (k=2),Arithmetic,Uniform,0.70139,0.19383,000.07322693,001.39188886,001.61126328,000.87646133,000.23
Tournament (k=2),Arithmetic,Uniform,0.97087,0.12524,000.00621033,000.22900395,000.16264915,000.52782845,000.21
Tournament (k=2),Arithmetic,Uniform,0.81310,0.12524,000.00292206,000.22047219,000.19721222,000.47559217,000.27
Tournament (k=2),Arithmetic,Uniform,0.66113,0.16276,000.02241516,000.77707440,001.10587883,000.81686532,000.29
Tournament (k=2),Arithmetic,Uniform,0.62318,0.02382,000.00224686,000.21535078,000.12320328,000.48593694,000.21
Tournament (k=2),Blend,Gaussian,0.41200,0.06795,000.00000000,000.00002522,000.00001335,000.00040847,000.26
Tournament (k=2),Arithmetic,Uniform,0.76642,0.04023,000.00003052,000.08549915,000.05205917,000.43820491,000.17
Tournament (k=2),Arithmetic,Uniform,0.72243,0.12524,000.00503922,000.16739187,000.14039230,000.49577171,000.27
Tournament (k=2),Arithmetic,Uniform,0.88849,0.06795,000.00000000,000.00232525,000.00142479,000.14343116,000.18
Tournament (k=2),Arithmetic,Uniform,0.62318,0.05705,000.00001907,000.00675244,000.00594711,000.10964722,000.19
Tournament (k=2),Blend,Gaussian,0.45020,0.04023,000.00000000,000.00014696,000.00004196,000.04301002,000.25
Tournament (k=2),Arithmetic,Uniform,0.58741,0.02183,000.00018692,000.20577660,000.17127419,000.44233429,000.19
Tournament (k=2),Arithmetic,Uniform,0.83749,0.25191,000.14941406,001.93328166,002.30570984,000.98982364,000.32
Tournament (k=2),Blend,Gaussian,0.43709,0.21153,000.04465485,000.48668641,000.52543449,000.55053627,000.38
Tournament (k=2),Arithmetic,Uniform,0.86261,0.11476,000.00169754,000.12212148,000.11598587,000.46751693,000.23
Tournament (k=2),Blend,Gaussian,0.45020,0.12524,000.00025940,000.02086530,000.02501106,000.19757767,000.25
Tournament (k=2),Blend,Gaussian,0.46371,0.02382,000.00000000,000.00028996,000.00009918,000.14435937,000.23
Tournament (k=2),Arithmetic,Uniform,0.97087,0.13667,000.00729370,000.36003432,000.32308578,000.56436557,000.24
Tournament (k=2),Arithmetic,Uniform,0.43709,0.14915,000.00397873,000.37261710,000.40708923,000.53924477,000.27
Tournament (k=2),Arithmetic,Uniform,0.72243,0.30000,000.12626266,002.34625840,002.87572098,001.25552797,000.25
Tournament (k=2),Arithmetic,Uniform,0.62318,0.02599,000.00030518,000.14739904,000.12616158,000.40726948,000.16
Tournament (k=2),Arithmetic,Uniform,0.70139,0.21153,000.03832245,001.29025877,001.57680321,000.98344314,000.26
Tournament (k=2),Arithmetic,Uniform,0.70139,0.06795,000.00000000,000.00334253,000.00244713,000.16963179,000.18
Tournament (k=2),Blend,Gaussian,0.40000,0.12524,000.00003052,000.02074609,000.02345085,000.15530840,000.32
Tournament (k=2),Arithmetic,Uniform,0.49195,0.13667,000.00538635,000.29992884,000.28189659,000.58886242,000.22
Tournament (k=2),Arithmetic,Uniform,0.81310,0.13667,000.00659943,000.38088399,000.36320496,000.61798382,000.26
Tournament (k=2),Arithmetic,Uniform,0.57030,0.08830,000.00008392,000.00476685,000.00406837,000.12785584,000.24
Tournament (k=2),Arithmetic,Uniform,0.62318,0.19383,000.09981537,001.11544228,001.33130074,000.73382890,000.24
Tournament (k=2),Arithmetic,Uniform,0.91514,0.12524,000.01255798,000.23955449,000.18604660,000.55187458,000.27
Tournament (k=2),Arithmetic,Uniform,0.72243,0.13667,000.00511932,000.46789455,000.53049278,000.59893978,000.29
Tournament (k=2),Arithmetic,Uniform,0.97087,0.03686,000.00040817,000.24277559,000.12336349,000.61742932,000.16
Tournament (k=2),Arithmetic,Uniform,0.88849,0.02000,000.00191879,000.42923412,000.40430641,000.69186068,000.21
Tournament (k=2),Arithmetic,Uniform,0.66113,0.07415,000.00000381,000.00220456,000.00270271,000.02765044,000.18
Tournament (k=2),Arithmetic,Uniform,0.58741,0.04791,000.00000000,000.01743860,000.01927567,000.14605239,000.16
Tournament (k=2),Arithmetic,Uniform,0.83749,0.06226,000.00000763,000.00314350,000.00163269,000.21776390,000.23
Tournament (k=2),Arithmetic,Uniform,0.64187,0.27490,000.36949158,001.89446676,002.16517258,001.18319726,000.26
Tournament (k=2),Arithmetic,Uniform,0.50670,0.30000,000.19869232,001.97270167,002.24354935,000.98944819,000.30
Tournament (k=2),Arithmetic,Uniform,0.94259,0.02382,000.00057220,000.50726020,000.59938049,000.86168110,000.22
Tournament (k=2),Arithmetic,Uniform,0.94259,0.06795,000.00000763,000.00168204,000.00148964,000.05116538,000.24
Tournament (k=2),Arithmetic,Uniform,0.68096,0.03095,000.00006485,000.13853674,000.13055611,000.53196895,000.21
Tournament (k=2),Blend,Gaussian,0.45020,0.13667,000.00297546,000.07057609,000.07371902,000.26406375,000.29
Tournament (k=2),Arithmetic,Uniform,0.42436,0.02599,000.00001526,000.10222878,000.08231163,000.47199136,000.15
Tournament (k=2),Arithmetic,Uniform,0.70139,0.07415,000.00003433,000.00194807,000.00159454,000.02975554,000.25
Tournament (k=2),Arithmetic,Uniform,0.94259,0.19383,000.02658081,001.37014103,001.53868103,000.89004439,000.29
Tournament (k=2),Arithmetic,Uniform,0.97087,0.04023,000.00001907,000.05943112,000.05000687,000.58761555,000.17
Tournament (k=2),Arithmetic,Uniform,0.49195,0.14915,000.01092529,000.44510978,000.48478508,000.67737627,000.26
Tournament (k=2),Arithmetic,Uniform,0.81310,0.14915,000.04737091,000.63442689,000.76691818,000.60626531,000.24
Tournament (k=2),Arithmetic,Uniform,0.57030,0.03686,000.00012207,000.02829266,000.03008461,000.19311845,000.22
Tournament (k=2),Blend,Gaussian,0.46371,0.07415,000.00000000,000.00004530,000.00002098,000.00138570,000.27
Tournament (k=2),Arithmetic,Uniform,0.78941,0.02183,000.00199127,000.45338827,000.45757294,000.67198944,000.17
Tournament (k=2),Arithmetic,Uniform,0.88849,0.02183,000.00065613,000.46563894,000.45064163,000.74172938,000.22
Tournament (k=2),Blend,Gaussian,0.43709,0.02382,000.00000000,000.00102820,000.00038528,000.16954686,000.20
Tournament (k=2),Arithmetic,Uniform,0.78941,0.27490,000.30611420,002.11010504,002.42323494,000.96368825,000.24
Tournament (k=2),Arithmetic,Uniform,0.72243,0.03378,000.00014496,000.05973887,000.05477524,000.45226946,000.22
Tournament (k=2),Blend,Gaussian,0.40000,0.13667,000.00446320,000.04238544,000.04857254,000.16395353,000.33
Tournament (k=2),Blend,Gaussian,0.40000,0.04023,000.00000000,000.00029836,000.00012779,000.03271051,000.20
Tournament (k=2),Arithmetic,Uniform,0.52190,0.02000,000.00203323,000.30394945,000.32031822,000.50267547,000.21
Tournament (k=2),Arithmetic,Uniform,0.68096,0.13667,000.00940704,000.40677628,000.38704872,000.64158088,000.22
Tournament (k=2),Arithmetic,Uniform,0.58741,0.16276,000.01078033,000.76620346,001.06373024,000.67255235,000.24
Tournament (k=2),Blend,Gaussian,0.41200,0.02382,000.00000000,000.00170026,000.00074387,000.13941996,000.17
Tournament (k=2),Arithmetic,Uniform,0.74410,0.21153,000.07975769,001.41334653,001.70244598,001.04440928,000.24
Tournament (k=2),Arithmetic,Uniform,0.55369,0.05705,000.00003433,000.00624771,000.00614357,000.18121615,000.23
Tournament (k=2),Blend,Gaussian,0.46371,0.23084,000.02661896,000.59326088,000.67773819,000.64561522,000.34
Tournament (k=2),Arithmetic,Uniform,0.72243,0.03686,000.00008011,000.05778999,000.05695343,000.45194551,000.17
Tournament (k=2),Blend,Gaussian,0.43709,0.02599,000.00000000,000.00077744,000.00030136,000.20361750,000.18
Tournament (k=2),Arithmetic,Uniform,0.74410,0.07415,000.00000763,000.00220814,000.00098991,000.12015232,000.24
Tournament (k=2),Blend,Gaussian,0.47762,0.04390,000.00000000,000.00005994,000.00001907,000.00974223,000.32
Tournament (k=2),Blend,Gaussian,0.40000,0.04390,000.00000000,000.00011721,000.00004578,000.00437752,000.19
Tournament (k=2),Arithmetic,Uniform,0.49195,0.16276,000.03002548,000.74170142,001.08862305,000.73570067,000.28
Tournament (k=2),Blend,Gaussian,0.41200,0.02599,000.00000000,000.00092192,000.00039101,000.14451867,000.17
Tournament (k=2),Arithmetic,Uniform,0.78941,0.08830,000.00005341,000.00713415,000.00737000,000.04389280,000.25
Tournament (k=2),Arithmetic,Uniform,0.45020,0.08830,000.00002289,000.00545125,000.00489426,000.03144956,000.24
Tournament (k=2),Blend,Gaussian,0.42436,0.12524,000.00129700,000.01711154,000.01764870,000.11471201,000.32
Tournament (k=2),Arithmetic,Uniform,0.68096,0.14915,000.01319885,000.61655009,000.92633438,000.68319523,000.23
Tournament (k=2),Arithmetic,Uniform,0.53756,0.11476,000.00073242,000.04861875,000.05180550,000.32829109,000.26
Tournament (k=2),Blend,Gaussian,0.41200,0.23084,000.01977158,000.57611686,000.71361160,000.59150308,000.30
Tournament (k=2),Arithmetic,Uniform,0.81310,0.04791,000.00000763,000.02749619,000.01489067,000.33822396,000.17
Tournament (k=2),Arithmetic,Uniform,0.42436,0.25191,000.10643768,001.84922063,002.20750809,001.05657208,000.30
Tournament (k=2),Arithmetic,Uniform,0.57030,0.04023,000.00000381,000.02853951,000.02906990,000.28490242,000.33
Tournament (k=2),Arithmetic,Uniform,0.58741,0.17762,000.01479340,000.94608706,001.17556953,000.84585166,000.30
Tournament (k=2),Arithmetic,Uniform,0.72243,0.04023,000.00019836,000.05519533,000.03954697,000.38588104,000.17
Tournament (k=2),Blend,Gaussian,0.49195,0.02599,000.00000000,000.00016189,000.00003242,000.13930479,000.23
Tournament (k=2),Arithmetic,Uniform,0.76642,0.04390,000.00003052,000.04314370,000.03138161,000.50913185,000.17
Tournament (k=2),Blend,Gaussian,0.47762,0.13667,000.00249100,000.06827569,000.07738304,000.25569743,000.36
Tournament (k=2),Arithmetic,Uniform,0.88849,0.21153,000.08624649,001.40687060,001.61221695,000.91349649,000.29
Tournament (k=2),Arithmetic,Uniform,0.58741,0.02382,000.00085068,000.15504876,000.12770653,000.44372040,000.16
Tournament (k=2),Arithmetic,Uniform,0.62318,0.06226,000.00000763,000.00490131,000.00463486,000.07405845,000.18
Tournament (k=2),Arithmetic,Uniform,0.88849,0.07415,000.00001526,000.00246401,000.00195312,000.05271648,000.19
Tournament (k=2),Arithmetic,Uniform,0.52190,0.05705,000.00000000,000.00940204,000.00896835,000.19044659,000.20
Tournament (k=2),Arithmetic,Uniform,1.00000,0.19383,000.02255249,001.05236495,001.29347801,000.85521305,000.29
Tournament (k=2),Arithmetic,Uniform,0.55369,0.06226,000.00001907,000.00757537,000.00769997,000.10708099,000.30
Tournament (k=2),Blend,Gaussian,0.41200,0.07415,000.00000000,000.00003920,000.00002289,000.00153598,000.27
Tournament (k=2),Blend,Gaussian,0.46371,0.02599,000.00000000,000.00022192,000.00004959,000.14515802,000.18
Tournament (k=2),Arithmetic,Uniform,0.86261,0.12524,000.00339508,000.23903528,000.23734283,000.50972897,000.21
Tournament (k=2),Blend,Gaussian,0.45020,0.04390,000.00000000,000.00002389,000.00000763,000.00256312,000.25
Tournament (k=2),Arithmetic,Uniform,0.86261,0.04023,000.00005341,000.12827119,000.06766319,000.70208770,000.22
Tournament (k=2),Arithmetic,Uniform,0.97087,0.14915,000.03546143,000.66488487,001.01735687,000.68163043,000.22
Tournament (k=2),Arithmetic,Uniform,0.74410,0.02000,000.00016022,000.41522884,000.37528610,000.65189177,000.21
Tournament (k=2),Arithmetic,Uniform,0.76642,0.04791,000.00008011,000.01832414,000.01458740,000.28107432,000.18
Tournament (k=2),Arithmetic,Uniform,0.72243,0.04390,000.00001526,000.02825818,000.02671814,000.35423335,000.23
Tournament (k=2),Blend,Gaussian,0.49195,0.02837,000.00000000,000.00020700,000.00006104,000.13993469,000.24
Tournament (k=2),Blend,Gaussian,0.49195,0.08092,000.00000000,000.00004563,000.00003815,000.01479930,000.29
Tournament (k=2),Arithmetic,Uniform,0.58741,0.05228,000.00008774,000.01134858,000.01119423,000.25817606,000.17
Tournament (k=2),Blend,Gaussian,0.43709,0.23084,000.04335022,000.60255373,000.73981094,000.54197264,000.39
Tournament (k=2),Arithmetic,Uniform,0.57030,0.09637,000.00006866,000.01006947,000.00962067,000.15084143,000.25
Tournament (k=2),Arithmetic,Uniform,0.66113,0.08092,000.00000763,000.00406752,000.00275230,000.07694183,000.20
Tournament (k=2),Arithmetic,Uniform,0.91514,0.13667,000.00501633,000.31773686,000.26075363,000.53299922,000.25
Tournament (k=2),Arithmetic,Uniform,0.62318,0.21153,000.07275391,001.30625379,001.45554161,000.88769561,000.27
Tournament (k=2),Arithmetic,Uniform,0.52190,0.06226,000.00000763,000.00476270,000.00407028,000.12619978,000.22
Tournament (k=2),Arithmetic,Uniform,0.72243,0.14915,000.01045990,000.68203288,001.04936790,000.78101587,000.26
Tournament (k=2),Arithmetic,Uniform,0.83749,0.06795,000.00001907,000.00278811,000.00197220,000.15011492,000.22
Tournament (k=2),Blend,Gaussian,0.49195,0.25191,000.09488678,000.82520503,001.06472778,000.66801655,000.36
Tournament (k=2),Arithmetic,Uniform,0.68096,0.16276,000.04003525,000.87328875,001.13335991,000.73482108,000.45
Tournament (k=2),Arithmetic,Uniform,0.88849,0.23084,000.02501678,001.71441805,002.04156113,001.08428764,000.30
Tournament (k=2),Arithmetic,Uniform,0.60503,0.08830,000.00000000,000.00586057,000.00518036,000.11083750,000.19
Tournament (k=2),Arithmetic,Uniform,0.74410,0.02183,000.00010681,000.29069453,000.19838715,000.61858875,000.18
Tournament (k=2),Arithmetic,Uniform,0.94259,0.02599,000.00043488,000.48033294,000.48385620,000.84039205,000.22
Tournament (k=2),Arithmetic,Uniform,0.76642,0.05228,000.00002289,000.01321521,000.01113319,000.24214105,000.20
Tournament (k=2),Blend,Gaussian,0.50670,0.04791,000.00000000,000.00001249,000.00000000,000.00222911,000.23
Tournament (k=2),Arithmetic,Uniform,0.64187,0.30000,000.97130966,002.59528089,003.03068733,001.10924757,000.31
Tournament (k=2),Arithmetic,Uniform,1.00000,0.08830,000.00034714,000.01104212,000.01121330,000.19398558,000.19
Tournament (k=2),Arithmetic,Uniform,0.97087,0.04390,000.00000381,000.03213139,000.02154922,000.47589436,000.17
Tournament (k=2),Blend,Gaussian,0.45020,0.14915,000.00393677,000.12010536,000.14690208,000.28079119,000.27
Tournament (k=2),Arithmetic,Uniform,0.53756,0.03686,000.00003052,000.04407754,000.03818703,000.25190979,000.16
Tournament (k=2),Arithmetic,Uniform,0.83749,0.07415,000.00000000,000.00235610,000.00164032,000.14449452,000.19
Tournament (k=2),Arithmetic,Uniform,0.70139,0.08092,000.00002289,000.00383639,000.00316811,000.11479393,000.25
Tournament (k=2),Arithmetic,Uniform,0.55369,0.19383,000.01700974,001.29851019,001.57055855,000.91356295,000.24
Tournament (k=2),Arithmetic,Uniform,0.94259,0.21153,000.12820053,001.38295710,001.79894066,001.00292528,000.29
Tournament (k=2),Arithmetic,Uniform,0.78941,0.30000,000.31050491,002.23205614,002.54950333,001.13509667,000.25
Tournament (k=2),Arithmetic,Uniform,0.76642,0.10516,000.00032806,000.04988360,000.05130577,000.27860212,000.26
Tournament (k=2),Arithmetic,Uniform,0.81310,0.16276,000.02006531,000.81546098,001.14203835,000.84091401,000.29
Tournament (k=2),Blend,Gaussian,0.46371,0.08092,000.00000000,000.00004959,000.00003052,000.00492788,000.28
Tournament (k=2),Arithmetic,Uniform,0.83749,0.02183,000.00131989,000.51105428,000.71095085,000.72221881,000.21
Tournament (k=2),Arithmetic,Uniform,0.68096,0.30000,000.47072220,002.11826181,002.50745392,001.05690360,000.31
Tournament (k=2),Arithmetic,Uniform,0.66113,0.02000,000.00133896,000.27822423,000.22225380,000.55797255,000.21
Tournament (k=2),Blend,Gaussian,0.43709,0.07415,000.00000000,000.00003815,000.00003052,000.00498643,000.27
Tournament (k=2),Arithmetic,Uniform,0.53756,0.30000,000.23470688,002.01234961,002.25673485,001.26795900,000.25
Tournament (k=2),Arithmetic,Uniform,0.64187,0.09637,000.00014114,000.01420202,000.01568031,000.17355260,000.26
Tournament (k=2),Blend,Gaussian,0.40000,0.14915,000.00345612,000.08390236,000.09786797,000.35827571,000.34
Tournament (k=2),Blend,Gaussian,0.43709,0.02837,000.00000000,000.00085588,000.00046158,000.14068881,000.18
Tournament (k=2),Blend,Gaussian,0.49195,0.27490,000.05507660,000.76798618,000.98980713,000.70858634,000.38
Tournament (k=2),Blend,Gaussian,0.50670,0.05228,000.00000000,000.00001893,000.00000000,000.04525145,000.31
Tournament (k=2),Blend,Gaussian,0.47762,0.04791,000.00000000,000.00006900,000.00000572,000.09895387,000.20
Tournament (k=2),Blend,Gaussian,0.46371,0.25191,000.11659241,000.78305137,000.95275116,000.61183602,000.31
Tournament (k=2),Arithmetic,Uniform,0.83749,0.08092,000.00002289,000.00374784,000.00269318,000.12154648,000.26
Tournament (k=2),Arithmetic,Uniform,0.78941,0.09637,000.00009918,000.01599379,000.01811600,000.24946591,000.19
Tournament (k=2),Arithmetic,Uniform,0.70139,0.08830,000.00001526,000.00669332,000.00695992,000.15996848,000.26
Tournament (k=2),Blend,Gaussian,0.45020,0.16276,000.00779724,000.16452618,000.19126892,000.25632530,000.33
Tournament (k=2),Blend,Gaussian,0.50670,0.14915,000.00627136,000.15809850,000.16230774,000.35772628,000.30
Tournament (k=2),Arithmetic,Uniform,0.70139,0.02000,000.00086212,000.36159667,000.36200333,000.56388563,000.19
Tournament (k=2),Arithmetic,Uniform,0.49195,0.17762,000.04338837,000.99555874,001.23610306,000.81234461,000.24
Tournament (k=2),Blend,Gaussian,0.52190,0.02837,000.00000000,000.00021095,000.00002289,000.09968133,000.24
Tournament (k=2),Arithmetic,Uniform,0.76642,0.11476,000.00262451,000.08094072,000.07294083,000.48424590,000.24
Tournament (k=2),Arithmetic,Uniform,0.81310,0.05228,000.00000381,000.01902399,000.00829506,000.44239306,000.17
Tournament (k=2),Arithmetic,Uniform,0.94259,0.23084,000.08065796,001.45482886,001.82925224,000.98451322,000.28
Tournament (k=2),Blend,Gaussian,0.42436,0.04390,000.00000000,000.00008187,000.00005341,000.01181010,000.19
Tournament (k=2),Blend,Gaussian,0.52190,0.08830,000.00000000,000.00033045,000.00026703,000.00601549,000.30
Tournament (k=2),Arithmetic,Uniform,0.83749,0.27490,000.33850098,002.32451653,002.72072792,001.24190772,000.31
Tournament (k=2),Arithmetic,Uniform,0.91514,0.04023,000.00028992,000.18842354,000.06099319,000.65813774,000.16
Tournament (k=2),Arithmetic,Uniform,0.70139,0.23084,000.16141891,001.81589663,002.30404091,001.06226277,000.24
Tournament (k=2),Arithmetic,Uniform,0.62318,0.06795,000.00003815,000.00320597,000.00285912,000.22622693,000.18
Tournament (k=2),Arithmetic,Uniform,0.88849,0.08092,000.00005722,000.00389533,000.00385857,000.09571329,000.19
Tournament (k=2),Blend,Gaussian,0.53756,0.05228,000.00000000,000.00000615,000.00000000,000.00385969,000.21
Tournament (k=2),Arithmetic,Uniform,1.00000,0.02599,000.00249863,000.41666359,000.34139061,000.79188275,000.22
Tournament (k=2),Blend,Gaussian,0.46371,0.02837,000.00000000,000.00012107,000.00004387,000.16980886,000.18
Tournament (k=2),Blend,Gaussian,0.41200,0.25191,000.01747894,000.63314718,000.71000099,000.64314735,000.39
Tournament (k=2),Arithmetic,Uniform,0.55369,0.06795,000.00000763,000.00421715,000.00312614,000.03112595,000.23
Tournament (k=2),Blend,Gaussian,0.40000,0.16276,000.00776672,000.11190248,000.11788368,000.33935773,000.37
Tournament (k=2),Blend,Gaussian,0.49195,0.30000,000.02454758,001.04338777,001.22238922,000.68097544,000.36
Tournament (k=2),Arithmetic,Uniform,0.86261,0.13667,000.00792694,000.44220376,000.38877487,000.63314539,000.21
Tournament (k=2),Arithmetic,Uniform,1.00000,0.21153,000.13664246,001.42588842,001.63047600,000.89007574,000.29
Tournament (k=2),Blend,Gaussian,0.41200,0.08092,000.00000000,000.00006485,000.00004768,000.00287072,000.27
Tournament (k=2),Arithmetic,Uniform,0.91514,0.04390,000.00006485,000.05735369,000.02683067,000.52590466,000.17
Tournament (k=2),Blend,Gaussian,0.47762,0.14915,000.00746918,000.13787150,000.12487411,000.33067298,000.34
Tournament (k=2),Blend,Gaussian,0.45020,0.04791,000.00000000,000.00003476,000.00001526,000.00452513,000.25
Tournament (k=2),Blend,Gaussian,0.52190,0.27490,000.07791138,001.02212429,001.27403259,000.71132469,000.42
Tournament (k=2),Arithmetic,Uniform,0.86261,0.04390,000.00002670,000.04115624,000.02336502,000.51010633,000.22
Tournament (k=2),Arithmetic,Uniform,0.94259,0.07415,000.00001907,000.00254984,000.00200844,000.04162099,000.22
Tournament (k=2),Arithmetic,Uniform,0.62318,0.07415,000.00000000,000.00318265,000.00352097,000.04498287,000.19
Tournament (k=2),Arithmetic,Uniform,0.72243,0.04791,000.00003052,000.02105298,000.01627731,000.38521126,000.22
Tournament (k=2),Blend,Gaussian,0.53756,0.16276,000.01034927,000.30602050,000.26005554,000.53240162,000.36
Tournament (k=2),Arithmetic,Uniform,0.88849,0.08830,000.00017929,000.01060495,000.01017761,000.19818291,000.20
Tournament (k=2),Arithmetic,Uniform,0.58741,0.05705,000.00003815,000.00797119,000.00649071,000.04490140,000.17
Tournament (k=2),Blend,Gaussian,0.49195,0.08830,000.00000000,000.00030293,000.00022125,000.03402687,000.24
Tournament (k=2),Arithmetic,Uniform,0.66113,0.08830,000.00003052,000.00548024,000.00622177,000.08154611,000.19
Tournament (k=2),Blend,Gaussian,0.53756,0.05705,000.00000000,000.00000758,000.00000000,000.10129500,000.27
Tournament (k=2),Arithmetic,Uniform,0.57030,0.10516,000.00026703,000.04514928,000.04573822,000.28111437,000.25
Tournament (k=2),Arithmetic,Uniform,0.60503,0.09637,000.00022125,000.01217365,000.01261902,000.14606397,000.19
Tournament (k=2),Arithmetic,Uniform,0.78941,0.02382,000.00155640,000.32131538,000.25900078,000.70080698,000.22
Tournament (k=2),Arithmetic,Uniform,0.50670,0.03378,000.00015640,000.05516357,000.05898476,000.24115455,000.15
Tournament (k=2),Arithmetic,Uniform,0.88849,0.02382,000.00323486,000.43170825,000.45039368,000.68920338,000.22
Tournament (k=2),Arithmetic,Uniform,0.86261,0.14915,000.00894165,000.58439440,000.59736252,000.77144682,000.27
Tournament (k=2),Arithmetic,Uniform,0.91514,0.14915,000.01485443,000.66944283,001.00609970,000.74452430,000.28
Tournament (k=2),Blend,Gaussian,0.55369,0.03095,000.00000000,000.00001402,000.00000381,000.13921930,000.24
Tournament (k=2),Arithmetic,Uniform,0.76642,0.05705,000.00001144,000.00593028,000.00408745,000.13378268,000.17
Tournament (k=2),Blend,Gaussian,0.55369,0.09637,000.00003815,000.00346179,000.00308228,000.10108491,000.24
Tournament (k=2),Arithmetic,Uniform,0.97087,0.04791,000.00003052,000.03867364,000.03017044,000.48316136,000.17
Tournament (k=2),Arithmetic,Uniform,0.74410,0.02382,000.00012970,000.29209265,000.22700119,000.54830837,000.21
Tournament (k=2),Arithmetic,Uniform,0.94259,0.02837,000.00007629,000.32437435,000.21773529,000.72173554,000.22
Tournament (k=2),Arithmetic,Uniform,1.00000,0.09637,000.00120926,000.02896190,000.02888870,000.21613310,000.19
Tournament (k=2),Blend,Gaussian,0.41200,0.08830,000.00000000,000.00013933,000.00009918,000.00214577,000.31
Tournament (k=2),Arithmetic,Uniform,0.88849,0.25191,000.12573624,001.93256187,002.38115692,001.01732922,000.30
Tournament (k=2),Blend,Gaussian,0.43709,0.25191,000.04946136,000.73409814,000.98038864,000.65605831,000.43
Tournament (k=2),Arithmetic,Uniform,0.81310,0.02000,000.00067902,000.50966907,000.61122513,000.70761842,000.16
Tournament (k=2),Blend,Gaussian,0.41200,0.02837,000.00000000,000.00099230,000.00087929,000.14049137,000.17
Tournament (k=2),Arithmetic,Uniform,0.55369,0.21153,000.01694489,001.34320414,001.68057823,000.94549966,000.24
Tournament (k=2),Blend,Gaussian,0.40000,0.04791,000.00000000,000.00009398,000.00003815,000.02061440,000.19
Tournament (k=2),Arithmetic,Uniform,0.55369,0.02000,000.00006866,000.33835286,000.31177139,000.55983621,000.16
Tournament (k=2),Arithmetic,Uniform,0.66113,0.17762,000.01855087,001.10741842,001.38732338,000.78320700,000.29
Tournament (k=2),Blend,Gaussian,0.53756,0.17762,000.02190781,000.33791965,000.33939171,000.53402454,000.39
Tournament (k=2),Arithmetic,Uniform,0.74410,0.08092,000.00001526,000.00464940,000.00440598,000.10665768,000.24
Tournament (k=2),Arithmetic,Uniform,0.66113,0.02183,000.00003815,000.18099885,000.16827583,000.51220137,000.21
Tournament (k=2),Blend,Gaussian,0.43709,0.08092,000.00000000,000.00003762,000.00002289,000.00317139,000.22
Tournament (k=2),Blend,Gaussian,0.55369,0.03378,000.00000000,000.00001302,000.00000000,000.09913190,000.27
Tournament (k=2),Arithmetic,Uniform,0.94259,0.03095,000.00010681,000.23224807,000.12840843,000.79187781,000.22
Tournament (k=2),Arithmetic,Uniform,0.81310,0.17762,000.02070999,000.93915474,001.21104050,000.94515449,000.29
Tournament (k=2),Arithmetic,Uniform,0.64187,0.10516,000.00041199,000.03930325,000.03885651,000.38196576,000.25
Tournament (k=2),Arithmetic,Uniform,0.81310,0.02183,000.00216293,000.46590590,000.49104118,000.72706443,000.15
Tournament (k=2),Arithmetic,Uniform,1.00000,0.10516,000.00117493,000.06024985,000.06219482,000.28880963,000.22
Tournament (k=2),Blend,Gaussian,0.42436,0.13667,000.00268555,000.05315704,000.05084991,000.15488954,000.31
Tournament (k=2),Arithmetic,Uniform,0.91514,0.16276,000.01607895,000.70183623,000.93793106,000.91425431,000.32
Tournament (k=2),Blend,Gaussian,0.41200,0.03095,000.00000000,000.00081892,000.00040436,000.02315993,000.18
Tournament (k=2),Blend,Gaussian,0.55369,0.30000,000.07114029,001.36291575,001.55733681,000.78635830,000.33
Tournament (k=2),Arithmetic,Uniform,0.78941,0.10516,000.00060272,000.04436250,000.04944801,000.31926423,000.20
Tournament (k=2),Blend,Gaussian,0.50670,0.05705,000.00000000,000.00000677,000.00000381,000.00122396,000.26
Tournament (k=2),Arithmetic,Uniform,0.83749,0.08830,000.00023651,000.01026902,000.00817299,000.26547250,000.25
Tournament (k=2),Arithmetic,Uniform,0.70139,0.09637,000.00008011,000.01381001,000.01410484,000.13991249,000.25
Tournament (k=2),Arithmetic,Uniform,0.70139,0.02183,000.00107956,000.35556021,000.36307144,000.54128683,000.21
Tournament (k=2),Arithmetic,Uniform,0.81310,0.05705,000.00000000,000.00535564,000.00326729,000.20620060,000.17
Tournament (k=2),Arithmetic,Uniform,0.76642,0.12524,000.00327682,000.25155258,000.20060158,000.59473741,000.22
Tournament (k=2),Blend,Gaussian,0.52190,0.03095,000.00000000,000.00004668,000.00002098,000.09999593,000.23
Tournament (k=2),Arithmetic,Uniform,0.66113,0.02382,000.00000000,000.17707291,000.14880180,000.57963336,000.27
Tournament (k=2),Blend,Gaussian,0.50670,0.16276,000.00881195,000.19096570,000.19318008,000.42401442,000.28
Tournament (k=2),Arithmetic,Uniform,0.94259,0.25191,000.43687057,002.09565234,002.55040359,001.11585879,000.24
Tournament (k=2),Arithmetic,Uniform,0.68096,0.03378,000.00026321,000.07156587,000.07358551,000.45715979,000.21
Tournament (k=2),Arithmetic,Uniform,0.97087,0.16276,000.01658249,000.99559957,001.23629761,000.73274112,000.22
Tournament (k=2),Blend,Gaussian,0.45020,0.17762,000.01560211,000.25850970,000.27014732,000.41326505,000.34
Tournament (k=2),Arithmetic,Uniform,0.70139,0.25191,000.22260284,001.95349097,002.21606255,000.98744196,000.24
Tournament (k=2),Blend,Gaussian,0.46371,0.03095,000.00000000,000.00022750,000.00005531,000.00373989,000.19
Tournament (k=2),Blend,Gaussian,0.52190,0.09637,000.00001144,000.00172591,000.00147820,000.03010657,000.30
Tournament (k=2),Arithmetic,Uniform,0.83749,0.30000,000.22877884,002.29406595,002.57606506,001.27211702,000.29
Tournament (k=2),Arithmetic,Uniform,0.81310,0.19383,000.12846375,001.25836957,001.51003456,000.78176773,000.31
Tournament (k=2),Blend,Gaussian,0.49195,0.03095,000.00000000,000.00017323,000.00002098,000.13915257,000.23
Tournament (k=2),Arithmetic,Uniform,0.78941,0.11476,000.00272369,000.14123526,000.13212967,000.40475851,000.23
Tournament (k=2),Blend,Gaussian,0.50670,0.02000,000.00000000,000.00031266,000.00010681,000.19611536,000.18
Tournament (k=2),Arithmetic,Uniform,0.83749,0.09637,000.00032806,000.02226367,000.02021027,000.34818396,000.24
Tournament (k=2),Blend,Gaussian,0.57030,0.05705,000.00000000,000.00000143,000.00000000,000.00131000,000.25
Tournament (k=2),Arithmetic,Uniform,0.70139,0.02382,000.00067139,000.20530419,000.18926239,000.51762187,000.25
Tournament (k=2),Arithmetic,Uniform,0.62318,0.23084,000.17322540,001.71982896,002.00690079,000.96978551,000.24
Tournament (k=2),Arithmetic,Uniform,0.91514,0.04791,000.00001526,000.02042804,000.01275635,000.49666917,000.22
Tournament (k=2),Arithmetic,Uniform,0.62318,0.08092,000.00000000,000.00603309,000.00308228,000.18935554,000.19
Tournament (k=2),Arithmetic,Uniform,0.58741,0.06226,000.00000763,000.00488687,000.00418663,000.12979482,000.17
Tournament (k=2),Arithmetic,Uniform,0.86261,0.04791,000.00001907,000.02722692,000.01701736,000.39056498,000.23
Tournament (k=2),Arithmetic,Uniform,0.88849,0.09637,000.00096893,000.02413568,000.02775192,000.26850468,000.19
Tournament (k=2),Blend,Gaussian,0.41200,0.27490,000.01895905,000.85197461,001.09568596,000.72355026,000.39
Tournament (k=2),Blend,Gaussian,0.45020,0.05228,000.00000000,000.00002089,000.00000763,000.00207501,000.26
Tournament (k=2),Arithmetic,Uniform,0.72243,0.16276,000.04663849,000.79216206,001.12283707,000.76135123,000.29
Tournament (k=2),Arithmetic,Uniform,1.00000,0.23084,000.05140686,001.55846727,001.85882950,000.97236180,000.29
Tournament (k=2),Arithmetic,Uniform,0.94259,0.08092,000.00008392,000.00477219,000.00517654,000.05423794,000.24
Tournament (k=2),Blend,Gaussian,0.47762,0.16276,000.00746155,000.21973805,000.23640442,000.46544912,000.28
Tournament (k=2),Arithmetic,Uniform,0.72243,0.05228,000.00000000,000.01010232,000.00856018,000.26156473,000.23
Tournament (k=2),Arithmetic,Uniform,0.74410,0.23084,000.26171875,001.65201068,002.02513504,001.02711129,000.24
Tournament (k=2),Arithmetic,Uniform,0.57030,0.11476,000.00195312,000.06790709,000.06506538,000.35763091,000.26
Tournament (k=2),Blend,Gaussian,0.53756,0.06226,000.00000000,000.00001435,000.00000191,000.09897985,000.28
Tournament (k=2),Blend,Gaussian,0.49195,0.09637,000.00000381,000.00087690,000.00081253,000.01251929,000.31
Tournament (k=2),Arithmetic,Uniform,0.88849,0.02599,000.00057220,000.46198207,000.51382256,000.70154679,000.16
Tournament (k=2),Blend,Gaussian,0.58741,0.03378,000.00000000,000.00000310,000.00000000,000.13924429,000.20
Tournament (k=2),Arithmetic,Uniform,0.78941,0.02599,000.00144196,000.32936424,000.24662781,000.70837647,000.22
Tournament (k=2),Blend,Gaussian,0.57030,0.17762,000.04602814,000.45572177,000.47661972,000.51956862,000.34
Tournament (k=2),Arithmetic,Uniform,0.86261,0.16276,000.00139236,000.89629346,001.17773438,000.93105608,000.22
Tournament (k=2),Arithmetic,Uniform,0.86261,0.05228,000.00003433,000.01389499,000.00654411,000.28375506,000.23
Tournament (k=2),Arithmetic,Uniform,0.74410,0.02599,000.00082016,000.15583558,000.13151550,000.51767504,000.21
Tournament (k=2),Blend,Gaussian,0.57030,0.06226,000.00000000,000.00000191,000.00000000,000.09916037,000.30
Tournament (k=2),Arithmetic,Uniform,0.76642,0.06226,000.00000000,000.00679541,000.00526428,000.19822669,000.24
Tournament (k=2),Blend,Gaussian,0.52190,0.30000,000.14013672,001.10703063,001.28970146,000.70686442,000.49
Tournament (k=2),Blend,Gaussian,0.55369,0.10516,000.00005722,000.01230407,000.00895119,000.10697748,000.25
Tournament (k=2),Arithmetic,Uniform,0.72243,0.17762,000.02714539,000.87789762,001.19466400,000.87786704,000.28
Tournament (k=2),Arithmetic,Uniform,0.94259,0.08830,000.00005341,000.01123362,000.00897598,000.11784353,000.27
Tournament (k=2),Blend,Gaussian,0.41200,0.09637,000.00000000,000.00046401,000.00037575,000.02257024,000.26
Tournament (k=2),Arithmetic,Uniform,0.88849,0.10516,000.00086975,000.04937873,000.04710007,000.23887861,000.31
Tournament (k=2),Arithmetic,Uniform,0.55369,0.02183,000.00003052,000.17971568,000.20869064,000.45158288,000.15
Tournament (k=2),Blend,Gaussian,0.47762,0.05228,000.00000000,000.00002532,000.00000381,000.09911525,000.20
Tournament (k=2),Arithmetic,Uniform,0.88849,0.27490,000.16795349,002.01582193,002.40227318,001.15061677,000.32
Tournament (k=2),Blend,Gaussian,0.47762,0.17762,000.01599121,000.35025781,000.41498566,000.49280295,000.38
Tournament (k=2),Blend,Gaussian,0.40000,0.05228,000.00000000,000.00009680,000.00004959,000.00245829,000.25
Tournament (k=2),Arithmetic,Uniform,0.74410,0.08830,000.00006866,000.00648875,000.00582695,000.16992141,000.25
Tournament (k=2),Arithmetic,Uniform,0.66113,0.19383,000.03059769,001.28915632,001.55987358,000.87262684,000.25
Tournament (k=2),Blend,Gaussian,0.43709,0.08830,000.00000000,000.00012426,000.00008583,000.01559858,000.25
Tournament (k=2),Blend,Gaussian,0.58741,0.10516,000.00049210,000.01086826,000.00941849,000.17628528,000.26
Tournament (k=2),Blend,Gaussian,0.60503,0.02000,000.00000000,000.00006409,000.00000000,000.30487907,000.18
Tournament (k=2),Blend,Gaussian,0.46371,0.27490,000.05874252,000.87127316,001.09903717,000.66684490,000.32
Tournament (k=2),Blend,Gaussian,0.55369,0.03686,000.00000000,000.00001082,000.00000000,000.00145367,000.25
Tournament (k=2),Arithmetic,Uniform,0.86261,0.05705,000.00001526,000.00697298,000.00329971,000.28173208,000.21
Tournament (k=2),Blend,Gaussian,0.42436,0.04791,000.00000000,000.00008311,000.00003815,000.00436724,000.19
Tournament (k=2),Blend,Gaussian,0.41200,0.03378,000.00000000,000.00015917,000.00010681,000.00603022,000.18
Tournament (k=2),Blend,Gaussian,0.43709,0.27490,000.00925446,000.81288546,001.04354477,000.65324241,000.39
Tournament (k=2),Blend,Gaussian,0.49195,0.10516,000.00002289,000.00454955,000.00435257,000.10701461,000.37
Tournament (k=2),Arithmetic,Uniform,0.88849,0.11476,000.00289917,000.10042982,000.09457397,000.42713338,000.23
Tournament (k=2),Blend,Gaussian,0.57030,0.02000,000.00000000,000.00014005,000.00001907,000.17057732,000.18
Tournament (k=2),Arithmetic,Uniform,0.64187,0.11476,000.00153732,000.10466681,000.10589218,000.41727921,000.26
Tournament (k=2),Blend,Gaussian,0.53756,0.19383,000.03762817,000.47221199,000.47538757,000.62042212,000.40
Tournament (k=2),Blend,Gaussian,0.41200,0.10516,000.00001526,000.00166650,000.00167084,000.02059012,000.28
Tournament (k=2),Arithmetic,Uniform,0.81310,0.06226,000.00000763,000.00247984,000.00222969,000.15506543,000.17
Tournament (k=2),Arithmetic,Uniform,0.91514,0.17762,000.02834702,001.16700363,001.46308327,000.85325438,000.29
Tournament (k=2),Arithmetic,Uniform,1.00000,0.02837,000.00077820,000.50644481,000.93924141,000.72802699,000.22
Tournament (k=2),Arithmetic,Uniform,0.66113,0.02599,000.00044632,000.20989537,000.17044067,000.48100668,000.21
Tournament (k=2),Arithmetic,Uniform,0.68096,0.03686,000.00002289,000.04853969,000.03803635,000.31757081,000.17
Tournament (k=2),Blend,Gaussian,0.50670,0.06226,000.00000000,000.00000477,000.00000000,000.00175823,000.27
Tournament (k=2),Blend,Gaussian,0.52190,0.03378,000.00000000,000.00007181,000.00000954,000.13961695,000.24
Tournament (k=2),Blend,Gaussian,0.42436,0.05228,000.00000000,000.00003557,000.00001526,000.00132747,000.22
Tournament (k=2),Blend,Gaussian,0.60503,0.06226,000.00000000,000.00000463,000.00000000,000.06357351,000.28
Tournament (k=2),Arithmetic,Uniform,0.76642,0.13667,000.00329590,000.40843162,000.38442802,000.67796677,000.28
Tournament (k=2),Blend,Gaussian,0.46371,0.03378,000.00000000,000.00021043,000.00009918,000.00783846,000.18
Tournament (k=2),Arithmetic,Uniform,0.97087,0.17762,000.02797699,000.84114999,001.10446930,000.87113732,000.23
Tournament (k=2),Blend,Gaussian,0.50670,0.17762,000.01403046,000.39124480,000.39033127,000.52594209,000.29
Tournament (k=2),Arithmetic,Uniform,0.70139,0.27490,000.08570099,002.09784460,002.43002510,001.04484046,000.24
Tournament (k=2),Arithmetic,Uniform,0.94259,0.27490,000.05572891,002.11555552,002.53850555,001.10962451,000.30
Tournament (k=2),Arithmetic,Uniform,0.86261,0.02000,000.00743866,000.67175925,001.01029968,000.74625349,000.21
Tournament (k=2),Arithmetic,Uniform,0.81310,0.06795,000.00000381,000.00247097,000.00264168,000.19843628,000.18
Tournament (k=2),Blend,Gaussian,0.40000,0.17762,000.01123428,000.25605521,000.25590515,000.37266928,000.38
Tournament (k=2),Blend,Gaussian,0.45020,0.19383,000.00215912,000.43744746,000.47007561,000.51733482,000.28
Tournament (k=2),Arithmetic,Uniform,1.00000,0.03095,000.00012207,000.20513082,000.12312508,000.70933926,000.20
Tournament (k=2),Arithmetic,Uniform,0.70139,0.02599,000.00003052,000.17336980,000.11725044,000.48095161,000.16
Tournament (k=2),Blend,Gaussian,0.52190,0.10516,000.00002289,000.00685859,000.00572777,000.15341529,000.31
Tournament (k=2),Arithmetic,Uniform,0.66113,0.02837,000.00019073,000.15952769,000.15034294,000.45877114,000.20
Tournament (k=2),Arithmetic,Uniform,0.81310,0.21153,000.06178284,001.37473297,001.67601776,000.92417741,000.30
Tournament (k=2),Blend,Gaussian,0.60503,0.19383,000.01601410,000.75879180,000.93908310,000.70460784,000.29
Tournament (k=2),Arithmetic,Uniform,0.58741,0.06795,000.00002670,000.00684114,000.00522614,000.10619475,000.18
Tournament (k=2),Blend,Gaussian,0.42436,0.05705,000.00000000,000.00006256,000.00003052,000.00154885,000.22
Tournament (k=2),Arithmetic,Uniform,0.60503,0.10516,000.00101471,000.02710867,000.03273010,000.31671849,000.25
Tournament (k=2),Arithmetic,Uniform,0.91514,0.05228,000.00000000,000.01504641,000.00839806,000.30255932,000.23
Tournament (k=2),Arithmetic,Uniform,0.97087,0.05228,000.00000000,000.00920601,000.00460434,000.45872474,000.17
Tournament (k=2),Arithmetic,Uniform,0.83749,0.02382,000.00069427,000.33680004,000.21664429,000.68910336,000.21
Tournament (k=2),Blend,Gaussian,0.62318,0.03686,000.00000000,000.00000072,000.00000000,000.00106758,000.25
Tournament (k=2),Blend,Gaussian,0.43709,0.03095,000.00000000,000.00034771,000.00008583,000.13958101,000.18
Tournament (k=2),Blend,Gaussian,0.60503,0.06795,000.00000000,000.00000958,000.00000000,000.15288173,000.29
Tournament (k=2),Blend,Gaussian,0.46371,0.08830,000.00000000,000.00017323,000.00014687,000.00389626,000.28
Tournament (k=2),Arithmetic,Uniform,0.88849,0.02837,000.00167465,000.44721785,000.44885254,000.82646376,000.16
Tournament (k=2),Arithmetic,Uniform,0.58741,0.19383,000.05128098,001.13127780,001.38335609,000.87421930,000.25
Tournament (k=2),Arithmetic,Uniform,0.72243,0.05705,000.00002289,000.00915041,000.00566864,000.18676318,000.23
Tournament (k=2),Arithmetic,Uniform,1.00000,0.25191,000.12325287,001.83470666,002.17998886,001.16702175,000.29
Tournament (k=2),Blend,Gaussian,0.53756,0.06795,000.00000000,000.00000587,000.00000381,000.00395545,000.22
Tournament (k=2),Arithmetic,Uniform,0.94259,0.30000,000.65542603,002.37336087,002.74361610,001.28208590,000.32
Tournament (k=2),Blend,Gaussian,0.41200,0.30000,000.08589935,000.81282938,001.08159637,000.71844631,000.33
Tournament (k=2),Arithmetic,Uniform,0.57030,0.12524,000.00472260,000.15561303,000.11588860,000.49034700,000.26
Tournament (k=2),Blend,Gaussian,0.58741,0.03686,000.00000000,000.00000916,000.00000000,000.09445271,000.21
Tournament (k=2),Arithmetic,Uniform,0.74410,0.25191,000.09494019,001.89985394,002.22811890,000.99606264,000.28
Tournament (k=2),Arithmetic,Uniform,0.97087,0.05705,000.00000763,000.00872006,000.00275993,000.32087785,000.18
Tournament (k=2),Arithmetic,Uniform,0.78941,0.02837,000.00063324,000.20333914,000.14517403,000.58428597,000.21
Tournament (k=2),Blend,Gaussian,0.62318,0.11476,000.00123596,000.04500551,000.04783630,000.27223229,000.27
Tournament (k=2),Arithmetic,Uniform,0.74410,0.02837,000.00106812,000.21447034,000.10718155,000.55253619,000.21
Tournament (k=2),Arithmetic,Uniform,0.94259,0.03378,000.00005341,000.22451182,000.11322594,000.69897193,000.22
Tournament (k=2),Blend,Gaussian,0.43709,0.03378,000.00000000,000.00017104,000.00007248,000.00510676,000.20
Tournament (k=2),Blend,Gaussian,0.53756,0.02000,000.00000000,000.00017738,000.00000572,000.19473343,000.22
Tournament (k=2),Arithmetic,Uniform,0.88849,0.03095,000.00031281,000.35221124,000.27369881,000.67689878,000.17
Tournament (k=2),Blend,Gaussian,0.57030,0.06795,000.00000000,000.00000887,000.00000000,000.00214814,000.28
Tournament (k=2),Arithmetic,Uniform,1.00000,0.11476,000.00347519,000.06831417,000.07221985,000.35355923,000.21
Tournament (k=2),Blend,Gaussian,0.64187,0.02183,000.00000000,000.00000143,000.00000000,000.26142579,000.19
Tournament (k=2),Blend,Gaussian,0.57030,0.19383,000.03787994,000.65741909,000.73921776,000.62766486,000.39
Tournament (k=2),Arithmetic,Uniform,0.74410,0.09637,000.00001526,000.01784782,000.01774788,000.16887106,000.19
Tournament (k=2),Arithmetic,Uniform,0.94259,0.09637,000.00022507,000.01989169,000.01703262,000.21905588,000.26
Tournament (k=2),Blend,Gaussian,0.47762,0.05705,000.00000000,000.00001764,000.00000572,000.00088047,000.24
Tournament (k=2),Arithmetic,Uniform,0.78941,0.03095,000.00053787,000.19825001,000.10723877,000.61010140,000.19
Tournament (k=2),Blend,Gaussian,0.46371,0.09637,000.00000000,000.00074096,000.00065613,000.01741694,000.36
Tournament (k=2),Blend,Gaussian,0.58741,0.04023,000.00000000,000.00000544,000.00000000,000.00127586,000.27
Tournament (k=2),Arithmetic,Uniform,0.66113,0.21153,000.02091599,001.47653842,001.76005936,000.87605268,000.26
Tournament (k=2),Blend,Gaussian,0.60503,0.02183,000.00000000,000.00001054,000.00000000,000.17726493,000.24
Tournament (k=2),Arithmetic,Uniform,1.00000,0.27490,000.25605774,002.28876925,002.38585663,001.12846577,000.32
Tournament (k=2),Arithmetic,Uniform,0.88849,0.30000,000.17415619,002.39194560,002.83125687,001.13365722,000.30
Tournament (k=2),Blend,Gaussian,0.41200,0.03686,000.00000000,000.00037527,000.00016785,000.01144846,000.19
Tournament (k=2),Arithmetic,Uniform,0.94259,0.03686,000.00007248,000.11879716,000.06851006,000.46746626,000.26
Tournament (k=2),Blend,Gaussian,0.58741,0.11476,000.00027466,000.03551330,000.03242493,000.21401124,000.28
Tournament (k=2),Blend,Gaussian,0.55369,0.04023,000.00000000,000.00001321,000.00000572,000.09897846,000.26
Tournament (k=2),Blend,Gaussian,0.53756,0.02183,000.00000000,000.00006824,000.00000381,000.24468923,000.28
Tournament (k=2),Blend,Gaussian,0.57030,0.02183,000.00000000,000.00010595,000.00001335,000.19548438,000.19
Tournament (k=2),Blend,Gaussian,0.47762,0.19383,000.02216339,000.43221745,000.53074837,000.48142779,000.39
Tournament (k=2),Arithmetic,Uniform,0.64187,0.12524,000.00611115,000.23827095,000.16715050,000.45628589,000.21
Tournament (k=2),Arithmetic,Uniform,0.88849,0.12524,000.00982285,000.27685910,000.19842911,000.59539157,000.27
Tournament (k=2),Blend,Gaussian,0.50670,0.02183,000.00000000,000.00046144,000.00014877,000.17108785,000.18
Tournament (k=2),Arithmetic,Uniform,0.68096,0.04023,000.00007629,000.04280791,000.04529572,000.34107751,000.19
Tournament (k=2),Blend,Gaussian,0.49195,0.11476,000.00031281,000.01459889,000.01476097,000.07991130,000.32
Tournament (k=2),Blend,Gaussian,0.49195,0.03378,000.00000000,000.00018239,000.00008774,000.13922042,000.24
Tournament (k=2),Blend,Gaussian,0.41200,0.11476,000.00024796,000.00845470,000.00791931,000.05028908,000.28
Tournament (k=2),Blend,Gaussian,0.64187,0.06795,000.00000000,000.00001311,000.00000763,000.05373972,000.30
Tournament (k=2),Blend,Gaussian,0.53756,0.21153,000.02600098,000.67959881,000.84627151,000.65620315,000.30
Tournament (k=2),Blend,Gaussian,0.46371,0.03686,000.00000000,000.00007000,000.00002670,000.09895491,000.20
Tournament (k=2),Arithmetic,Uniform,0.83749,0.10516,000.00194550,000.06209083,000.05850029,000.35009193,000.26
Tournament (k=2),Blend,Gaussian,0.50670,0.06795,000.00000000,000.00001545,000.00000000,000.00763505,000.26
Tournament (k=2),Blend,Gaussian,0.43709,0.30000,000.05831909,000.85381812,001.14539146,000.67047662,000.43
Tournament (k=2),Blend,Gaussian,0.52190,0.03686,000.00000000,000.00003605,000.00000763,000.00926401,000.25
Tournament (k=2),Arithmetic,Uniform,0.62318,0.25191,000.37815475,001.87149167,002.04611397,001.05462444,000.24
Tournament (k=2),Arithmetic,Uniform,0.91514,0.19383,000.04933929,001.21919835,001.43301010,001.02852499,000.29
Tournament (k=2),Arithmetic,Uniform,0.97087,0.19383,000.04385757,001.11399674,001.31444931,000.86156362,000.24
Tournament (k=2),Arithmetic,Uniform,0.86261,0.02183,000.00130463,000.47113818,000.51343918,000.76946950,000.17
Tournament (k=2),Blend,Gaussian,0.55369,0.04390,000.00000000,000.00000963,000.00000000,000.00491783,000.30
Tournament (k=2),Arithmetic,Uniform,0.70139,0.30000,000.57399368,002.37188435,002.55110168,001.20499766,000.25
Tournament (k=2),Blend,Gaussian,0.53756,0.02382,000.00000000,000.00005341,000.00000572,000.23630786,000.28
Tournament (k=2),Blend,Gaussian,0.45020,0.05705,000.00000000,000.00001397,000.00000381,000.00078440,000.25
Tournament (k=2),Arithmetic,Uniform,0.70139,0.02837,000.00003052,000.11136074,000.11646461,000.51450080,000.21
Tournament (k=2),Arithmetic,Uniform,1.00000,0.03378,000.00017548,000.19757795,000.08730698,000.74362653,000.22
Tournament (k=2),Arithmetic,Uniform,0.58741,0.07415,000.00002289,000.00285196,000.00321960,000.10477518,000.19
Tournament (k=2),Blend,Gaussian,0.64187,0.21153,000.00807190,000.87679940,001.04294014,000.80547714,000.30
Tournament (k=2),Blend,Gaussian,0.45020,0.21153,000.01522827,000.43730745,000.47560120,000.49556723,000.28
Tournament (k=2),Blend,Gaussian,0.66113,0.04023,000.00000000,000.00000634,000.00000000,000.01585294,000.26
Tournament (k=2),Arithmetic,Uniform,0.91514,0.05705,000.00000381,000.00852828,000.00425148,000.22124444,000.23
Tournament (k=2),Arithmetic,Uniform,0.83749,0.02599,000.00093460,000.32916126,000.24159050,000.64020842,000.21
Tournament (k=2),Arithmetic,Uniform,0.86261,0.17762,000.07398987,000.93530655,001.22015762,000.82346779,000.23
Tournament (k=2),Blend,Gaussian,0.62318,0.04023,000.00000000,000.00000100,000.00000000,000.10376291,000.20
Tournament (k=2),Blend,Gaussian,0.52190,0.11476,000.00001526,000.01905861,000.02071190,000.16320138,000.31
Tournament (k=2),Arithmetic,Uniform,0.60503,0.11476,000.00221252,000.08746185,000.09332085,000.40031040,000.26
Tournament (k=2),Blend,Gaussian,0.66113,0.12524,000.00416565,000.12081337,000.11541367,000.45592541,000.28
Tournament (k=2),Blend,Gaussian,0.52190,0.04023,000.00000000,000.00001783,000.00000000,000.09897031,000.27
Tournament (k=2),Blend,Gaussian,0.40000,0.19383,000.01659393,000.38619477,000.41084099,000.48233503,000.35
Tournament (k=2),Blend,Gaussian,0.60503,0.21153,000.01846313,000.84677154,001.17000771,000.73197484,000.30
Tournament (k=2),Blend,Gaussian,0.68096,0.02382,000.00000000,000.00000005,000.00000000,000.09923647,000.20
Tournament (k=2),Blend,Gaussian,0.55369,0.04791,000.00000000,000.00000305,000.00000000,000.09900361,000.29
Tournament (k=2),Blend,Gaussian,0.60503,0.07415,000.00000000,000.00003481,000.00001526,000.02833821,000.27
Tournament (k=2),Arithmetic,Uniform,0.70139,0.03095,000.00047684,000.11272220,000.07628822,000.46985626,000.23
Tournament (k=2),Blend,Gaussian,0.45020,0.06226,000.00000000,000.00002060,000.00000763,000.00065496,000.29
Tournament (k=2),Arithmetic,Uniform,0.97087,0.02000,000.00153732,000.47358218,000.44025230,000.79851764,000.19
Tournament (k=2),Arithmetic,Uniform,0.97087,0.06226,000.00000763,000.00207376,000.00119019,000.19781956,000.18
Tournament (k=2),Blend,Gaussian,0.68096,0.07415,000.00000000,000.00055928,000.00020981,000.13347483,000.27
Tournament (k=2),Blend,Gaussian,0.42436,0.02000,000.00000000,000.00202646,000.00100327,000.24959084,000.22
Tournament (k=2),Blend,Gaussian,0.42436,0.14915,000.00140762,000.12217188,000.13185883,000.33906433,000.27
Tournament (k=2),Blend,Gaussian,0.40000,0.05705,000.00000000,000.00003529,000.00001717,000.00297399,000.23
Tournament (k=2),Blend,Gaussian,0.62318,0.04390,000.00000000,000.00000043,000.00000000,000.02355707,000.24
Tournament (k=2),Arithmetic,Uniform,0.74410,0.03095,000.00170898,000.04791193,000.04576683,000.48979589,000.22
Tournament (k=2),Blend,Gaussian,0.66113,0.04390,000.00000000,000.00000138,000.00000000,000.10540903,000.30
Tournament (k=2),Arithmetic,Uniform,0.86261,0.06226,000.00000000,000.00503020,000.00300407,000.20851672,000.18
Tournament (k=2),Blend,Gaussian,0.62318,0.12524,000.00521851,000.14144573,000.12393188,000.42907590,000.28
Tournament (k=2),Arithmetic,Uniform,0.86261,0.19383,000.09722900,001.33281493,001.58150864,000.90613192,000.32
Tournament (k=2),Arithmetic,Uniform,0.88849,0.03378,000.00011826,000.22257157,000.10107803,000.61432612,000.18
Tournament (k=2),Blend,Gaussian,0.43709,0.03686,000.00000000,000.00015993,000.00004578,000.00350807,000.23
Tournament (k=2),Blend,Gaussian,0.64187,0.02382,000.00000000,000.00000124,000.00000000,000.14491801,000.19
Tournament (k=2),Arithmetic,Uniform,1.00000,0.12524,000.01168060,000.20365195,000.20495987,000.42002895,000.22
Tournament (k=2),Blend,Gaussian,0.66113,0.13667,000.01920319,000.30424553,000.24634361,000.50252140,000.38
Tournament (k=2),Blend,Gaussian,0.57030,0.07415,000.00000000,000.00003705,000.00002289,000.04512866,000.25
Tournament (k=2),Blend,Gaussian,0.45020,0.23084,000.01559448,000.75660622,000.95013237,000.57222265,000.44
Tournament (k=2),Arithmetic,Uniform,0.74410,0.10516,000.00028992,000.05322247,000.04029083,000.42013609,000.26
Tournament (k=2),Blend,Gaussian,0.47762,0.06226,000.00000000,000.00000200,000.00000000,000.00106700,000.25
Tournament (k=2),Arithmetic,Uniform,0.78941,0.03378,000.00017548,000.15836854,000.10676956,000.52273136,000.23
Tournament (k=2),Arithmetic,Uniform,0.94259,0.10516,000.00118637,000.04975538,000.04890442,000.41060504,000.27
Tournament (k=2),Blend,Gaussian,0.46371,0.30000,000.01959610,001.03884220,001.29772568,000.72494447,000.41
Tournament (k=2),Blend,Gaussian,0.60503,0.02382,000.00000000,000.00000997,000.00000000,000.09919373,000.19
Tournament (k=2),Arithmetic,Uniform,0.91514,0.02000,000.00542068,000.60243458,001.02295113,000.74642086,000.19
Tournament (k=2),Blend,Gaussian,0.41200,0.04023,000.00000000,000.00018449,000.00006485,000.09906032,000.20
Tournament (k=2),Arithmetic,Uniform,0.66113,0.23084,000.17036057,001.63896775,002.06657219,000.95184368,000.24
Tournament (k=2),Blend,Gaussian,0.57030,0.21153,000.03613281,000.74391061,000.88624573,000.67300487,000.37
Tournament (k=2),Arithmetic,Uniform,1.00000,0.30000,000.72094727,002.39370775,002.69962311,001.06781745,000.24
Tournament (k=2),Blend,Gaussian,0.46371,0.10516,000.00001144,000.00330095,000.00296021,000.10497022,000.29
Tournament (k=2),Blend,Gaussian,0.57030,0.02382,000.00000000,000.00024514,000.00002098,000.27736181,000.18
Tournament (k=2),Arithmetic,Uniform,0.94259,0.04023,000.00007629,000.15630928,000.03947258,000.67924505,000.23
Tournament (k=2),Blend,Gaussian,0.68096,0.23084,000.06161499,001.06308961,001.33438492,000.79946119,000.50
Tournament (k=2),Blend,Gaussian,0.66113,0.04791,000.00000000,000.00000029,000.00000000,000.09936040,000.35
Tournament (k=2),Arithmetic,Uniform,0.76642,0.14915,000.03380203,000.65073264,001.02074623,000.72833025,000.26
Tournament (k=2),Blend,Gaussian,0.58741,0.12524,000.00325012,000.08475065,000.08692741,000.27516687,000.28
Tournament (k=2),Arithmetic,Uniform,0.68096,0.04390,000.00003433,000.01585669,000.01152802,000.22066867,000.19
Tournament (k=2),Arithmetic,Uniform,0.64187,0.13667,000.00803375,000.27077800,000.20320892,000.54261214,000.28
Tournament (k=2),Blend,Gaussian,0.60503,0.02599,000.00000000,000.00000868,000.00000000,000.13995031,000.21
Tournament (k=2),Blend,Gaussian,0.50670,0.19383,000.01753235,000.53332043,000.56142998,000.62756503,000.30
Tournament (k=2),Blend,Gaussian,0.47762,0.06795,000.00000000,000.00001688,000.00000763,000.09902754,000.29
Tournament (k=2),Blend,Gaussian,0.46371,0.04023,000.00000000,000.00005894,000.00002098,000.10141167,000.20
Tournament (k=2),Blend,Gaussian,0.49195,0.03686,000.00000000,000.00006552,000.00002670,000.00508420,000.25
Tournament (k=2),Blend,Gaussian,0.47762,0.21153,000.04242706,000.55594075,000.66972160,000.52266300,000.38
Tournament (k=2),Blend,Gaussian,0.49195,0.12524,000.00023651,000.03884912,000.03510094,000.24936956,000.29
Tournament (k=2),Blend,Gaussian,0.42436,0.06226,000.00000000,000.00003052,000.00000763,000.00463212,000.21
Tournament (k=2),Blend,Gaussian,0.45020,0.02000,000.00000000,000.00069656,000.00033188,000.20074840,000.23
Tournament (k=2),Blend,Gaussian,0.70139,0.04390,000.00000000,000.00002031,000.00000000,000.20065247,000.37
Tournament (k=2),Blend,Gaussian,0.64187,0.07415,000.00000000,000.00007706,000.00002098,000.10596957,000.30
Tournament (k=2),Arithmetic,Uniform,0.94259,0.04390,000.00001526,000.04376168,000.02886581,000.49214694,000.26
Tournament (k=2),Blend,Gaussian,0.41200,0.12524,000.00018311,000.01821046,000.01670837,000.12070242,000.32
Tournament (k=2),Arithmetic,Uniform,0.83749,0.11476,000.00414276,000.10193734,000.10045815,000.43413109,000.27
Tournament (k=2),Blend,Gaussian,0.72243,0.02599,000.00000000,000.00000582,000.00000000,000.20220630,000.20
Tournament (k=2),Blend,Gaussian,0.70139,0.13667,000.01548767,000.35204610,000.31841850,000.56542397,000.29
Tournament (k=2),Arithmetic,Uniform,0.91514,0.21153,000.10467148,001.54703021,001.87417603,000.87838167,000.28
Tournament (k=2),Blend,Gaussian,0.72243,0.08092,000.00000000,000.00126476,000.00077820,000.18229556,000.25
Tournament (k=2),Blend,Gaussian,0.53756,0.02599,000.00000000,000.00015445,000.00001335,000.09901683,000.25
Tournament (k=2),Blend,Gaussian,0.55369,0.11476,000.00007629,000.02786598,000.02569389,000.19065844,000.26
Tournament (k=2),Blend,Gaussian,0.53756,0.23084,000.02743530,000.80560857,001.07936478,000.73117429,000.41
Tournament (k=2),Arithmetic,Uniform,0.58741,0.21153,000.06167984,001.38724637,001.63665390,000.92374271,000.24
Tournament (k=2),Arithmetic,Uniform,0.76642,0.16276,000.03290939,000.92280102,001.23262215,000.81495333,000.36
Tournament (k=2),Arithmetic,Uniform,1.00000,0.03686,000.00013733,000.17393450,000.06148720,000.60486448,000.23
Tournament (k=2),Arithmetic,Uniform,0.83749,0.02837,000.00043869,000.32049838,000.25271034,000.67805469,000.22
Tournament (k=2),Blend,Gaussian,0.74410,0.04791,000.00000000,000.00002785,000.00000000,000.12359409,000.24
Tournament (k=2),Blend,Gaussian,0.58741,0.13667,000.00040436,000.15346178,000.17187119,000.38807401,000.41
Tournament (k=2),Blend,Gaussian,0.53756,0.07415,000.00000000,000.00002294,000.00001335,000.01939257,000.26
Tournament (k=2),Arithmetic,Uniform,0.74410,0.27490,000.27490616,002.05796814,002.47497940,001.04432237,000.25
Tournament (k=2),Blend,Gaussian,0.45020,0.02183,000.00000000,000.00086746,000.00041962,000.24289481,000.26
Tournament (k=2),Arithmetic,Uniform,0.60503,0.12524,000.00142670,000.16272655,000.15519333,000.51243860,000.22
Tournament (k=2),Blend,Gaussian,0.43709,0.09637,000.00000000,000.00062456,000.00049210,000.00642216,000.23
Tournament (k=2),Blend,Gaussian,0.72243,0.25191,000.07424164,001.49976516,001.77021980,000.71769446,000.38
Tournament (k=2),Blend,Gaussian,0.52190,0.12524,000.00026321,000.04782038,000.04904175,000.29830208,000.33
Tournament (k=2),Blend,Gaussian,0.52190,0.04390,000.00000000,000.00000796,000.00000000,000.10160358,000.25
Tournament (k=2),Blend,Gaussian,0.55369,0.05228,000.00000000,000.00000238,000.00000000,000.00075785,000.23
Tournament (k=2),Blend,Gaussian,0.60503,0.08092,000.00000000,000.00017362,000.00010300,000.14392617,000.23
Tournament (k=2),Blend,Gaussian,0.68096,0.02599,000.00000000,000.00000057,000.00000000,000.14634085,000.25
Tournament (k=2),Blend,Gaussian,0.64187,0.23084,000.01428604,001.01488960,001.25799370,000.73748565,000.44
Tournament (k=2),Arithmetic,Uniform,0.97087,0.06795,000.00000763,000.00120406,000.00102043,000.13261808,000.18
Tournament (k=2),Blend,Gaussian,0.45020,0.06795,000.00000000,000.00001450,000.00000954,000.00047926,000.27
Tournament (k=2),Arithmetic,Uniform,0.97087,0.02183,000.00447464,000.52503401,000.90319633,000.73622274,000.23
Tournament (k=2),Blend,Gaussian,0.55369,0.12524,000.00349808,000.05561709,000.06167603,000.34383139,000.34
Tournament (k=2),Blend,Gaussian,0.40000,0.21153,000.02362061,000.36357337,000.42407990,000.50795609,000.37
Tournament (k=2),Blend,Gaussian,0.45020,0.02382,000.00000000,000.00061183,000.00026703,000.14117925,000.23
Tournament (k=2),Blend,Gaussian,0.40000,0.06226,000.00000000,000.00006022,000.00001907,000.00164848,000.21
Tournament (k=2),Blend,Gaussian,0.68096,0.08092,000.00000000,000.00088854,000.00041008,000.08274204,000.28
Tournament (k=2),Blend,Gaussian,0.74410,0.14915,000.01392365,000.48371559,000.49703789,000.55815262,000.37
Tournament (k=2),Blend,Gaussian,0.42436,0.16276,000.02138519,000.17248054,000.15753365,000.36440992,000.27
Tournament (k=2),Blend,Gaussian,0.53756,0.08092,000.00000000,000.00012126,000.00007820,000.03429513,000.30
Tournament (k=2),Arithmetic,Uniform,0.88849,0.03686,000.00026321,000.08684878,000.06087494,000.52011400,000.18
Tournament (k=2),Blend,Gaussian,0.58741,0.04390,000.00000000,000.00000448,000.00000000,000.09969063,000.21
Tournament (k=2),Arithmetic,Uniform,0.74410,0.30000,000.14396667,002.46051478,002.79992867,001.11888313,000.34
Tournament (k=2),Arithmetic,Uniform,0.74410,0.03378,000.00088882,000.14415355,000.07329369,000.46722037,000.23
Tournament (k=2),Blend,Gaussian,0.43709,0.04023,000.00000000,000.00013237,000.00006294,000.00288028,000.19
Tournament (k=2),Arithmetic,Uniform,0.97087,0.07415,000.00000763,000.00263324,000.00256729,000.10163496,000.19
Tournament (k=2),Arithmetic,Uniform,0.86261,0.06795,000.00000381,000.00334549,000.00283432,000.03840693,000.25
Tournament (k=2),Blend,Gaussian,0.68096,0.02837,000.00000000,000.00000162,000.00000000,000.24098371,000.27
Tournament (k=2),Blend,Gaussian,0.62318,0.13667,000.01439667,000.28770232,000.26710510,000.46775839,000.28
Tournament (k=2),Arithmetic,Uniform,1.00000,0.13667,000.01998138,000.34878531,000.29133987,000.61225146,000.25
Tournament (k=2),Arithmetic,Uniform,0.78941,0.03686,000.00001526,000.13180271,000.05994606,000.60278589,000.17
Tournament (k=2),Blend,Gaussian,0.43709,0.10516,000.00001144,000.00240726,000.00219917,000.07688210,000.39
Tournament (k=2),Arithmetic,Uniform,0.91514,0.02183,000.00508881,000.51796651,000.74630356,000.60151452,000.16
Tournament (k=2),Blend,Gaussian,0.41200,0.04390,000.00000000,000.00005565,000.00002861,000.00280154,000.18
Tournament (k=2),Blend,Gaussian,0.57030,0.08092,000.00000000,000.00013213,000.00005722,000.11074208,000.30
Tournament (k=2),Blend,Gaussian,0.45020,0.25191,000.05940247,000.80518878,001.11302185,000.76890749,000.32
Tournament (k=2),Arithmetic,Uniform,0.94259,0.11476,000.00936127,000.12629227,000.11354828,000.44444609,000.27
Tournament (k=2),Blend,Gaussian,0.57030,0.02599,000.00000000,000.00001140,000.00000000,000.19500951,000.19
Tournament (k=2),Blend,Gaussian,0.40000,0.02000,000.00000000,000.00212083,000.00139999,000.17787215,000.22
Tournament (k=2),Blend,Gaussian,0.66113,0.05228,000.00000000,000.00000014,000.00000000,000.13928092,000.21
Tournament (k=2),Blend,Gaussian,0.42436,0.17762,000.01279068,000.30070156,000.31225014,000.47285977,000.34
Tournament (k=2),Arithmetic,Uniform,0.66113,0.25191,000.09817123,001.67936516,002.09061241,001.06141949,000.30
Tournament (k=2),Blend,Gaussian,0.57030,0.23084,000.04990005,000.92366540,001.14983177,000.73584116,000.31
Tournament (k=2),Blend,Gaussian,0.53756,0.08830,000.00000000,000.00063396,000.00042343,000.04812676,000.35
Tournament (k=2),Blend,Gaussian,0.66113,0.14915,000.01521301,000.36417952,000.31876183,000.54830962,000.44
Tournament (k=2),Blend,Gaussian,0.50670,0.07415,000.00000000,000.00001683,000.00000763,000.04412985,000.28
Tournament (k=2),Arithmetic,Uniform,0.86261,0.02382,000.00003052,000.32631296,000.30590057,000.68803984,000.22
Tournament (k=2),Arithmetic,Uniform,0.97087,0.21153,000.12551498,001.47677839,001.77398491,001.06266475,000.24
Tournament (k=2),Blend,Gaussian,0.46371,0.11476,000.00015259,000.01443095,000.01303864,000.17635681,000.31
Tournament (k=2),Arithmetic,Uniform,0.68096,0.04791,000.00012589,000.02380462,000.02664566,000.37761784,000.23
Tournament (k=2),Blend,Gaussian,0.60503,0.02837,000.00000000,000.00002704,000.00000000,000.11290877,000.19
Tournament (k=2),Blend,Gaussian,0.74410,0.16276,000.01290131,000.67619759,001.04426575,000.61227632,000.44
Tournament (k=2),Blend,Gaussian,0.46371,0.04390,000.00000000,000.00003352,000.00000763,000.00326236,000.21
Tournament (k=2),Blend,Gaussian,0.47762,0.07415,000.00000000,000.00001073,000.00000763,000.00050322,000.22
Tournament (k=2),Arithmetic,Uniform,0.64187,0.14915,000.01664734,000.57279837,000.79837799,000.71365482,000.28
Tournament (k=2),Blend,Gaussian,0.49195,0.04023,000.00000000,000.00000982,000.00000000,000.00183498,000.24
Tournament (k=2),Blend,Gaussian,0.68096,0.25191,000.19552231,001.27438462,001.56270599,000.79472470,000.41
Tournament (k=2),Blend,Gaussian,0.42436,0.06795,000.00000000,000.00001564,000.00000763,000.00316256,000.20
Tournament (k=2),Blend,Gaussian,0.72243,0.02837,000.00000000,000.00000029,000.00000000,000.20062505,000.19
Tournament (k=2),Blend,Gaussian,0.47762,0.23084,000.03150177,000.71989644,000.96645355,000.52599806,000.30
Tournament (k=2),Arithmetic,Uniform,0.91514,0.06226,000.00000000,000.00154915,000.00091171,000.11402642,000.24
Tournament (k=2),Arithmetic,Uniform,0.94259,0.04791,000.00001526,000.03019042,000.01353836,000.44278240,000.22
Tournament (k=2),Arithmetic,Uniform,0.83749,0.12524,000.00987244,000.24695215,000.18076324,000.56514716,000.23
Tournament (k=2),Blend,Gaussian,0.60503,0.03095,000.00000000,000.00000424,000.00000000,000.00908399,000.20
Tournament (k=2),Blend,Gaussian,0.49195,0.13667,000.00292206,000.07743807,000.08742332,000.23813573,000.33
Tournament (k=2),Blend,Gaussian,0.50670,0.21153,000.03579712,000.60605538,000.70969582,000.62108356,000.41
Tournament (k=2),Blend,Gaussian,0.41200,0.13667,000.00098419,000.04094076,000.04655266,000.23166393,000.26
Tournament (k=2),Blend,Gaussian,0.70139,0.04791,000.00000000,000.00000205,000.00000000,000.19306847,000.27
Tournament (k=2),Blend,Gaussian,0.53756,0.02837,000.00000000,000.00006280,000.00000763,000.00906582,000.24
Tournament (k=2),Blend,Gaussian,0.70139,0.14915,000.02475357,000.50112522,000.54214287,000.61567980,000.30
Tournament (k=2),Arithmetic,Uniform,0.91514,0.23084,000.17571259,001.56137908,001.86226654,001.11356246,000.29
Tournament (k=2),Arithmetic,Uniform,0.58741,0.23084,000.34865570,001.63999057,001.93852234,000.85824364,000.25
Tournament (k=2),Arithmetic,Uniform,0.83749,0.03095,000.00032806,000.32777295,000.18334770,000.68299580,000.21
Tournament (k=2),Arithmetic,Uniform,0.76642,0.17762,000.08176422,000.95782769,001.26136971,000.77891618,000.24
Tournament (k=2),Blend,Gaussian,0.74410,0.05228,000.00000000,000.00000615,000.00000000,000.18939584,000.27
Tournament (k=2),Blend,Gaussian,0.55369,0.05705,000.00000000,000.00000167,000.00000000,000.01151792,000.21
Tournament (k=2),Blend,Gaussian,0.58741,0.14915,000.01037598,000.31736702,000.28348923,000.46576005,000.28
Tournament (k=2),Blend,Gaussian,0.76642,0.02837,000.00000000,000.00006433,000.00000000,000.38900429,000.24
Tournament (k=2),Blend,Gaussian,0.66113,0.16276,000.04716110,000.59252650,000.60710335,000.64391744,000.49
Tournament (k=2),Blend,Gaussian,0.60503,0.08830,000.00000000,000.00100288,000.00066757,000.10247265,000.23
Tournament (k=2),Blend,Gaussian,0.60503,0.23084,000.06033325,000.96504390,001.23320007,000.77138120,000.41
Tournament (k=2),Blend,Gaussian,0.52190,0.04791,000.00000000,000.00000758,000.00000000,000.09898202,000.24
Tournament (k=2),Arithmetic,Uniform,0.60503,0.13667,000.00199890,000.43084130,000.47663116,000.65827101,000.28
Tournament (k=2),Blend,Gaussian,0.53756,0.25191,000.06882095,000.78338665,000.95933723,000.65718019,000.40
Tournament (k=2),Blend,Gaussian,0.52190,0.13667,000.00322342,000.11057568,000.12656403,000.27836981,000.27
Tournament (k=2),Blend,Gaussian,0.53756,0.03095,000.00000000,000.00001211,000.00000381,000.09903393,000.24
Tournament (k=2),Arithmetic,Uniform,0.97087,0.02382,000.00016785,000.37697333,000.28935623,000.76481938,000.21
Tournament (k=2),Blend,Gaussian,0.64187,0.25191,000.04067993,001.14771175,001.37481117,000.73875177,000.32
Tournament (k=2),Blend,Gaussian,0.68096,0.27490,000.13334656,001.47626150,001.68400002,000.78422230,000.46
Tournament (k=2),Blend,Gaussian,0.70139,0.16276,000.04098892,000.64124930,000.74599457,000.67213750,000.33
Tournament (k=2),Blend,Gaussian,0.45020,0.07415,000.00000000,000.00002074,000.00000763,000.00083595,000.27
Tournament (k=2),Blend,Gaussian,0.47762,0.25191,000.10762787,000.78891331,001.11142540,000.71203840,000.45
Tournament (k=2),Blend,Gaussian,0.55369,0.13667,000.00650406,000.13920197,000.14104843,000.39537007,000.27
Tournament (k=2),Blend,Gaussian,0.47762,0.02000,000.00000000,000.00098906,000.00048256,000.26231089,000.17
Tournament (k=2),Blend,Gaussian,0.50670,0.02382,000.00000000,000.00016923,000.00001907,000.14056192,000.18
Tournament (k=2),Arithmetic,Uniform,0.76642,0.02000,000.00089264,000.35490498,000.28989029,000.67265362,000.15
Tournament (k=2),Blend,Gaussian,0.45020,0.02599,000.00000000,000.00035949,000.00017738,000.20556158,000.23
Tournament (k=2),Arithmetic,Uniform,0.88849,0.13667,000.00319672,000.35195151,000.36584854,000.57603699,000.21
Tournament (k=2),Blend,Gaussian,0.72243,0.27490,000.07875824,001.49966180,001.78583527,001.03538585,000.49
Tournament (k=2),Blend,Gaussian,0.58741,0.04791,000.00000000,000.00000119,000.00000000,000.06948196,000.21
Tournament (k=2),Blend,Gaussian,0.43709,0.04390,000.00000000,000.00008869,000.00004578,000.00337453,000.19
Tournament (k=2),Blend,Gaussian,0.40000,0.06795,000.00000000,000.00003366,000.00002098,000.00118112,000.26
Tournament (k=2),Arithmetic,Uniform,0.88849,0.04023,000.00008011,000.03691988,000.03768730,000.30500361,000.22
Tournament (k=2),Blend,Gaussian,0.68096,0.08830,000.00000381,000.00508113,000.00374222,000.18167242,000.31
Tournament (k=2),Blend,Gaussian,0.40000,0.23084,000.03445435,000.58117282,000.68020058,000.59189469,000.38
Tournament (k=2),Arithmetic,Uniform,0.91514,0.02382,000.00060272,000.43995276,000.45565224,000.72032189,000.17
Tournament (k=2),Blend,Gaussian,0.76642,0.08830,000.00004196,000.00574737,000.00494194,000.18808794,000.32
Tournament (k=2),Arithmetic,Uniform,0.86261,0.07415,000.00000381,000.00284529,000.00183678,000.04953038,000.23
Tournament (k=2),Arithmetic,Uniform,1.00000,0.14915,000.04277039,000.59454256,000.77545738,000.70034367,000.22
Tournament (k=2),Blend,Gaussian,0.68096,0.03095,000.00000000,000.00000238,000.00000000,000.24040021,000.26
Tournament (k=2),Blend,Gaussian,0.50670,0.02599,000.00000000,000.00027823,000.00000763,000.15207911,000.21
Tournament (k=2),Blend,Gaussian,0.40000,0.02183,000.00000000,000.00119863,000.00100136,000.10500843,000.17
Tournament (k=2),Arithmetic,Uniform,0.97087,0.02599,000.00057220,000.30751055,000.18601990,000.68443203,000.28
Tournament (k=2),Blend,Gaussian,0.57030,0.02837,000.00000000,000.00001421,000.00000191,000.19565208,000.18
Tournament (k=2),Blend,Gaussian,0.43709,0.11476,000.00019073,000.01012115,000.01170731,000.03848271,000.25
Tournament (k=2),Blend,Gaussian,0.43709,0.04791,000.00000000,000.00003371,000.00000572,000.03651708,000.24
Tournament (k=2),Blend,Gaussian,0.57030,0.08830,000.00000381,000.00041475,000.00031281,000.01024640,000.28
Tournament (k=2),Arithmetic,Uniform,0.94259,0.12524,000.00249481,000.11740284,000.11543083,000.55056095,000.27
Tournament (k=2),Blend,Gaussian,0.62318,0.14915,000.01239014,000.27096921,000.29402161,000.51511157,000.35
Tournament (k=2),Blend,Gaussian,0.66113,0.05705,000.00000000,000.00000386,000.00000000,000.07838257,000.27
Tournament (k=2),Blend,Gaussian,0.64187,0.08092,000.00000000,000.00033355,000.00016022,000.18266125,000.23
Tournament (k=2),Blend,Gaussian,0.45020,0.27490,000.04670715,000.85507762,001.13092422,000.63381815,000.40
Tournament (k=2),Arithmetic,Uniform,0.66113,0.27490,000.07550430,002.07293677,002.35776138,001.15450728,000.31
Tournament (k=2),Blend,Gaussian,0.42436,0.19383,000.00939178,000.34190330,000.38563347,000.46112397,000.35
Tournament (k=2),Blend,Gaussian,0.46371,0.04791,000.00000000,000.00002975,000.00000572,000.03930990,000.20
Tournament (k=2),Arithmetic,Uniform,0.68096,0.05228,000.00000763,000.01097460,000.01012611,000.25719622,000.22
Tournament (k=2),Arithmetic,Uniform,0.97087,0.23084,000.08920288,001.58767951,001.74727631,000.97718364,000.23
Tournament (k=2),Blend,Gaussian,0.72243,0.08830,000.00004196,000.00949721,000.00545120,000.19212212,000.24
Tournament (k=2),Blend,Gaussian,0.53756,0.09637,000.00000763,000.00207705,000.00143814,000.14338711,000.30
Tournament (k=2),Blend,Gaussian,0.47762,0.08092,000.00000000,000.00006027,000.00001907,000.00994462,000.22
Tournament (k=2),Blend,Gaussian,0.47762,0.27490,000.05005264,000.98335999,001.24707985,000.70269263,000.53
Tournament (k=2),Blend,Gaussian,0.76642,0.09637,000.00007248,000.04329729,000.04047203,000.34547371,000.34
Tournament (k=2),Blend,Gaussian,0.49195,0.04390,000.00000000,000.00002484,000.00000763,000.00139193,000.22
Tournament (k=2),Blend,Gaussian,0.46371,0.12524,000.00088501,000.03442421,000.03723145,000.25495604,000.32
Tournament (k=2),Blend,Gaussian,0.76642,0.27490,000.10769653,001.55292404,001.86210251,000.92322594,000.33
Tournament (k=2),Arithmetic,Uniform,1.00000,0.04023,000.00003052,000.20372939,000.09331131,000.66957206,000.22
Tournament (k=2),Blend,Gaussian,0.42436,0.07415,000.00000000,000.00002780,000.00001526,000.00144152,000.21
Tournament (k=2),Blend,Gaussian,0.40000,0.25191,000.02624130,000.74978346,001.08815002,000.59497577,000.41
Tournament (k=2),Blend,Gaussian,0.72243,0.03095,000.00000000,000.00000954,000.00000000,000.25386971,000.19
Tournament (k=2),Arithmetic,Uniform,0.94259,0.13667,000.01367188,000.43231636,000.36553574,000.61270684,000.28
Tournament (k=2),Blend,Gaussian,0.74410,0.17762,000.07965469,000.86718953,001.15065765,000.72420532,000.38
Tournament (k=2),Blend,Gaussian,0.62318,0.04791,000.00000000,000.00000620,000.00000000,000.00224897,000.21
Tournament (k=2),Blend,Gaussian,0.57030,0.09637,000.00000763,000.00318494,000.00295067,000.09534710,000.38
Tournament (k=2),Arithmetic,Uniform,0.91514,0.06795,000.00000000,000.00274949,000.00180626,000.05571682,000.24
Tournament (k=2),Blend,Gaussian,0.60503,0.03378,000.00000000,000.00000143,000.00000000,000.00182212,000.23
Tournament (k=2),Blend,Gaussian,0.78941,0.05228,000.00000000,000.00009899,000.00000000,000.17912522,000.25
Tournament (k=2),Blend,Gaussian,0.64187,0.02599,000.00000000,000.00000243,000.00000000,000.21668883,000.22
Tournament (k=2),Blend,Gaussian,0.41200,0.14915,000.00084686,000.09888115,000.11095810,000.39420384,000.26
Tournament (k=2),Blend,Gaussian,0.50670,0.23084,000.01439667,000.60386509,000.74498749,000.56522131,000.30
Tournament (k=2),Arithmetic,Uniform,0.83749,0.03378,000.00021744,000.20998307,000.08996582,000.64924353,000.22
Tournament (k=2),Blend,Gaussian,0.70139,0.05228,000.00000000,000.00001431,000.00000000,000.19793828,000.27
Tournament (k=2),Blend,Gaussian,0.72243,0.03378,000.00000000,000.00000672,000.00000000,000.17353338,000.21
Tournament (k=2),Blend,Gaussian,0.45020,0.30000,000.03395081,000.88233888,001.23148918,000.76453102,000.41
Tournament (k=2),Arithmetic,Uniform,0.91514,0.25191,000.13141251,001.76431012,002.14625359,001.21834743,000.30
Tournament (k=2),Blend,Gaussian,0.78941,0.16276,000.03490448,000.69401282,000.86922264,000.61568177,000.30
Tournament (k=2),Blend,Gaussian,0.74410,0.05705,000.00000000,000.00004015,000.00000000,000.03497943,000.28
Tournament (k=2),Arithmetic,Uniform,0.76642,0.19383,000.00603867,001.31625485,001.50694847,000.96147209,000.29
Tournament (k=2),Blend,Gaussian,0.49195,0.14915,000.00868225,000.16123542,000.13812256,000.48465344,000.40
Tournament (k=2),Blend,Gaussian,0.76642,0.03095,000.00000000,000.00006466,000.00000000,000.25326398,000.26
Tournament (k=2),Blend,Gaussian,0.58741,0.16276,000.03610992,000.47489494,000.48138046,000.58045721,000.29
Tournament (k=2),Blend,Gaussian,0.52190,0.05228,000.00000000,000.00000997,000.00000000,000.00068930,000.20
Tournament (k=2),Blend,Gaussian,0.60503,0.09637,000.00003815,000.00570893,000.00325584,000.11807825,000.24
Tournament (k=2),Blend,Gaussian,0.76642,0.10516,000.00131226,000.09267411,000.08806610,000.37723911,000.42
Tournament (k=2),Blend,Gaussian,0.81310,0.03095,000.00000000,000.00013399,000.00000000,000.33344254,000.27
Tournament (k=2),Arithmetic,Uniform,0.97087,0.08092,000.00000381,000.00626516,000.00648880,000.09279180,000.18
Tournament (k=2),Blend,Gaussian,0.53756,0.03378,000.00000000,000.00002422,000.00000381,000.09930310,000.24
Tournament (k=2),Blend,Gaussian,0.52190,0.14915,000.00399017,000.18165278,000.22164536,000.45707995,000.27
Tournament (k=2),Blend,Gaussian,0.66113,0.17762,000.02477646,000.70000905,000.94590759,000.69109780,000.38
Tournament (k=2),Blend,Gaussian,0.45020,0.02837,000.00000000,000.00038209,000.00017929,000.20059069,000.17
Tournament (k=2),Blend,Gaussian,0.60503,0.25191,000.14035034,001.04527092,001.27029991,000.77178532,000.41
Tournament (k=2),Blend,Gaussian,0.81310,0.09637,000.00076294,000.06453123,000.06634140,000.44953167,000.25
Tournament (k=2),Blend,Gaussian,0.45020,0.08092,000.00000000,000.00004153,000.00002289,000.00119304,000.28
Tournament (k=2),Blend,Gaussian,0.55369,0.14915,000.00524139,000.17572884,000.15387154,000.42449132,000.28
Tournament (k=2),Blend,Gaussian,0.58741,0.05228,000.00000000,000.00000105,000.00000000,000.03942500,000.21
Tournament (k=2),Blend,Gaussian,0.64187,0.27490,000.04427338,001.23255706,001.51365280,000.81009841,000.38
Tournament (k=2),Blend,Gaussian,0.52190,0.05705,000.00000000,000.00000391,000.00000000,000.00023668,000.26
Tournament (k=2),Blend,Gaussian,0.70139,0.17762,000.03528214,000.73055112,000.87583733,000.64849591,000.36
Tournament (k=2),Blend,Gaussian,0.53756,0.27490,000.05076599,000.97417891,001.23594856,000.74457705,000.41
Tournament (k=2),Blend,Gaussian,0.68096,0.30000,000.18672180,001.54929614,001.86127853,000.88525236,000.40
Tournament (k=2),Blend,Gaussian,0.74410,0.06226,000.00000000,000.00017805,000.00000572,000.03057374,000.36
Tournament (k=2),Arithmetic,Uniform,0.88849,0.04390,000.00000763,000.04562969,000.02941704,000.57059133,000.22
Tournament (k=2),Arithmetic,Uniform,0.91514,0.02599,000.00014496,000.39746919,000.33487701,000.71209943,000.17
Tournament (k=2),Blend,Gaussian,0.40000,0.07415,000.00000000,000.00002499,000.00002098,000.00080372,000.27
Tournament (k=2),Blend,Gaussian,0.72243,0.30000,000.06484604,001.68306518,001.89294815,000.93869215,000.34
Tournament (k=2),Blend,Gaussian,0.58741,0.17762,000.02552795,000.53669292,000.59140205,000.55514640,000.39
Tournament (k=2),Blend,Gaussian,0.49195,0.16276,000.01185608,000.26503348,000.28468513,000.43275338,000.42
Tournament (k=2),Blend,Gaussian,0.50670,0.02837,000.00000000,000.00015826,000.00001526,000.14160168,000.18
Tournament (k=2),Blend,Gaussian,0.68096,0.09637,000.00018692,000.01147470,000.01071167,000.17972915,000.31
Tournament (k=2),Blend,Gaussian,0.57030,0.25191,000.02898407,000.87030679,001.11020851,000.69387496,000.31
Tournament (k=2),Blend,Gaussian,0.57030,0.03095,000.00000000,000.00000787,000.00000000,000.10177262,000.19
Tournament (k=2),Blend,Gaussian,0.40000,0.02382,000.00000000,000.00080366,000.00031662,000.17006375,000.22
Tournament (k=2),Arithmetic,Uniform,1.00000,0.16276,000.00222015,000.75050712,001.16117287,000.75760084,000.26
Tournament (k=2),Blend,Gaussian,0.43709,0.05228,000.00000000,000.00004392,000.00001526,000.00111312,000.19
Tournament (k=2),Arithmetic,Uniform,0.97087,0.02837,000.00150299,000.39323288,000.23071480,000.75336236,000.21
Tournament (k=2),Blend,Gaussian,0.50670,0.08092,000.00000000,000.00005512,000.00002480,000.00787424,000.29
Tournament (k=2),Blend,Gaussian,0.68096,0.03378,000.00000000,000.00000348,000.00000000,000.18229260,000.25
Tournament (k=2),Blend,Gaussian,0.43709,0.12524,000.00037384,000.03097701,000.02779770,000.16694908,000.26
Tournament (k=2),Blend,Gaussian,0.46371,0.05228,000.00000000,000.00001907,000.00000763,000.03331607,000.20
Tournament (k=2),Blend,Gaussian,0.83749,0.05705,000.00000000,000.00031195,000.00000763,000.11085015,000.29
Tournament (k=2),Blend,Gaussian,0.66113,0.06226,000.00000000,000.00001845,000.00000191,000.18485123,000.29
Tournament (k=2),Blend,Gaussian,0.40000,0.08092,000.00000000,000.00007691,000.00006104,000.00130073,000.26
Tournament (k=2),Blend,Gaussian,0.64187,0.08830,000.00000763,000.00172043,000.00143433,000.04383918,000.30
Tournament (k=2),Blend,Gaussian,0.74410,0.06795,000.00000000,000.00013313,000.00003242,000.17105144,000.34
Tournament (k=2),Blend,Gaussian,0.81310,0.30000,000.14153290,001.72048986,002.02918816,000.92207623,000.45
Tournament (k=2),Arithmetic,Uniform,0.97087,0.25191,000.24516678,001.95819151,002.23497009,001.11651659,000.24
Tournament (k=2),Blend,Gaussian,0.42436,0.21153,000.02471542,000.43060994,000.49073982,000.55264980,000.29
Tournament (k=2),Blend,Gaussian,0.47762,0.08830,000.00000000,000.00015469,000.00013161,000.00756942,000.23
Tournament (k=2),Arithmetic,Uniform,0.86261,0.21153,000.08852386,001.61795974,002.03943825,000.97268569,000.22
Tournament (k=2),Blend,Gaussian,0.72243,0.09637,000.00038910,000.01365509,000.01155663,000.22983001,000.25
Tournament (k=2),Blend,Gaussian,0.49195,0.04791,000.00000000,000.00000691,000.00000000,000.00171240,000.25
Tournament (k=2),Arithmetic,Uniform,1.00000,0.04390,000.00009155,000.03662338,000.02537537,000.42235747,000.22
Tournament (k=2),Blend,Gaussian,0.53756,0.10516,000.00009918,000.00630074,000.00678253,000.13089037,000.31
Tournament (k=2),Blend,Gaussian,0.49195,0.17762,000.00466156,000.29986686,000.30597878,000.49676701,000.39
Tournament (k=2),Blend,Gaussian,0.42436,0.08092,000.00000000,000.00003510,000.00002289,000.00154961,000.21
Tournament (k=2),Blend,Gaussian,0.83749,0.17762,000.07957840,000.96764785,001.16361046,000.67196792,000.44
Tournament (k=2),Blend,Gaussian,0.50670,0.08830,000.00000000,000.00021062,000.00014877,000.00639653,000.35
Tournament (k=2),Blend,Gaussian,0.55369,0.06226,000.00000000,000.00000744,000.00000381,000.00724257,000.23
Tournament (k=2),Blend,Gaussian,0.47762,0.30000,000.01947403,000.92088616,001.17680359,000.85723925,000.42
Tournament (k=2),Blend,Gaussian,0.64187,0.02837,000.00000000,000.00000257,000.00000000,000.09908120,000.19
Tournament (k=2),Blend,Gaussian,0.60503,0.03686,000.00000000,000.00000172,000.00000000,000.15225390,000.19
Tournament (k=2),Blend,Gaussian,0.64187,0.09637,000.00003052,000.00634122,000.00558853,000.15951890,000.26
Tournament (k=2),Blend,Gaussian,0.40000,0.27490,000.03940582,000.68307900,000.83765984,000.66463012,000.32
Tournament (k=2),Arithmetic,Uniform,0.91514,0.07415,000.00001144,000.00135298,000.00097275,000.09948905,000.24
Tournament (k=2),Blend,Gaussian,0.76642,0.30000,000.09849548,001.84379733,002.17017365,000.97411662,000.45
Tournament (k=2),Blend,Gaussian,0.83749,0.02000,000.00000000,000.00005274,000.00000000,000.41740274,000.31
Tournament (k=2),Blend,Gaussian,0.74410,0.07415,000.00000000,000.00042858,000.00012589,000.03937564,000.31
Tournament (k=2),Blend,Gaussian,0.57030,0.10516,000.00004578,000.01628714,000.01310158,000.19941513,000.31
Tournament (k=2),Blend,Gaussian,0.46371,0.02000,000.00000000,000.00056748,000.00014877,000.17744809,000.17
Tournament (k=2),Blend,Gaussian,0.40000,0.08830,000.00000000,000.00015922,000.00010872,000.00539477,000.36
Tournament (k=2),Blend,Gaussian,0.78941,0.05705,000.00000000,000.00031233,000.00000000,000.16093987,000.28
Tournament (k=2),Arithmetic,Uniform,0.83749,0.03686,000.00014496,000.11189542,000.04614067,000.52166438,000.22
Tournament (k=2),Blend,Gaussian,0.72243,0.03686,000.00000000,000.00000348,000.00000000,000.24612278,000.20
Tournament (k=2),Blend,Gaussian,0.47762,0.02183,000.00000000,000.00027561,000.00007057,000.19823126,000.17
Tournament (k=2),Blend,Gaussian,0.50670,0.25191,000.01012802,000.85162115,001.09340858,000.65147859,000.30
Tournament (k=2),Blend,Gaussian,0.70139,0.05705,000.00000000,000.00001941,000.00000000,000.14285716,000.28
Tournament (k=2),Blend,Gaussian,0.41200,0.04791,000.00000000,000.00004482,000.00002480,000.00583595,000.19
Tournament (k=2),Blend,Gaussian,0.88849,0.02000,000.00000000,000.02351847,000.00000763,000.58448803,000.19
Tournament (k=2),Blend,Gaussian,0.41200,0.16276,000.00191498,000.14757362,000.15725517,000.36023310,000.34
Tournament (k=2),Blend,Gaussian,0.86261,0.03378,000.00000000,000.00082216,000.00000191,000.37316510,000.26
Tournament (k=2),Blend,Gaussian,0.88849,0.06226,000.00000000,000.00061021,000.00014114,000.12023585,000.23
Tournament (k=2),Blend,Gaussian,0.76642,0.03378,000.00000000,000.00000758,000.00000000,000.24245554,000.26
Tournament (k=2),Arithmetic,Uniform,0.97087,0.08830,000.00017166,000.00936995,000.00923157,000.32712385,000.18
Tournament (k=2),Blend,Gaussian,0.86261,0.10516,000.00596237,000.13420644,000.13503647,000.46448487,000.33
Tournament (k=2),Blend,Gaussian,0.50670,0.09637,000.00000000,000.00115547,000.00100708,000.10125932,000.37
Tournament (k=2),Arithmetic,Uniform,0.83749,0.04023,000.00008392,000.15032253,000.08161545,000.57502913,000.22
Tournament (k=2),Blend,Gaussian,0.53756,0.03686,000.00000000,000.00000763,000.00000000,000.09898817,000.24
Tournament (k=2),Blend,Gaussian,0.72243,0.04023,000.00000000,000.00000610,000.00000000,000.21889743,000.22
Tournament (k=2),Blend,Gaussian,0.76642,0.11476,000.00549316,000.13238530,000.14962387,000.41274092,000.27
Tournament (k=2),Blend,Gaussian,0.81310,0.03378,000.00000000,000.00011635,000.00000000,000.34901902,000.26
Tournament (k=2),Blend,Gaussian,0.60503,0.10516,000.00037384,000.02267647,000.02010345,000.21648087,000.31
Tournament (k=2),Blend,Gaussian,0.41200,0.05228,000.00000000,000.00006919,000.00002861,000.00276349,000.20
Tournament (k=2),Blend,Gaussian,0.58741,0.05705,000.00000000,000.00000701,000.00000000,000.13932611,000.22
Tournament (k=2),Blend,Gaussian,0.52190,0.06226,000.00000000,000.00001950,000.00000381,000.16973893,000.21
Tournament (k=2),Blend,Gaussian,0.70139,0.02000,000.00000000,000.00002227,000.00000000,000.33154196,000.18
Tournament (k=2),Blend,Gaussian,0.55369,0.16276,000.02221298,000.32897043,000.35114288,000.43279549,000.28
Tournament (k=2),Blend,Gaussian,0.45020,0.08830,000.00000000,000.00015912,000.00016022,000.02822957,000.28
Tournament (k=2),Blend,Gaussian,0.81310,0.10516,000.00402832,000.11728215,000.11453247,000.35929978,000.34
Tournament (k=2),Blend,Gaussian,0.66113,0.19383,000.02976608,000.89805716,001.19180107,000.66713488,000.39
Tournament (k=2),Blend,Gaussian,0.86261,0.03686,000.00000000,000.00053649,000.00000000,000.40462127,000.28
Tournament (k=2),Blend,Gaussian,0.78941,0.06226,000.00000000,000.00009003,000.00000381,000.14413224,000.41
Tournament (k=2),Blend,Gaussian,0.74410,0.02000,000.00000000,000.00008812,000.00000000,000.28608066,000.19
Tournament (k=2),Blend,Gaussian,0.50670,0.03095,000.00000000,000.00014701,000.00003242,000.09930386,000.18
Tournament (k=2),Blend,Gaussian,0.91514,0.03686,000.00000000,000.00041394,000.00000000,000.42002779,000.21
Tournament (k=2),Blend,Gaussian,0.53756,0.30000,000.19244766,001.17086101,001.30919456,000.70353001,000.34
Tournament (k=2),Blend,Gaussian,0.94259,0.02183,000.00000000,000.17648903,000.00215340,000.60777152,000.25
Tournament (k=2),Blend,Gaussian,0.40000,0.02599,000.00000000,000.00082946,000.00041580,000.13917343,000.23
Tournament (k=2),Blend,Gaussian,0.68096,0.10516,000.00017548,000.03824892,000.03551865,000.23417303,000.29
Tournament (k=2),Blend,Gaussian,0.43709,0.05705,000.00000000,000.00003834,000.00000763,000.00077269,000.20
Tournament (k=2),Blend,Gaussian,0.58741,0.06226,000.00000000,000.00000281,000.00000000,000.03180283,000.27
Tournament (k=2),Blend,Gaussian,0.88849,0.19383,000.18167496,001.29505706,001.58905983,000.79095310,000.41
Tournament (k=2),Blend,Gaussian,0.62318,0.16276,000.01671600,000.42682347,000.42304611,000.55654550,000.44
Tournament (k=2),Blend,Gaussian,0.50670,0.03378,000.00000000,000.00004377,000.00000763,000.00835734,000.19
Tournament (k=2),Blend,Gaussian,0.94259,0.06795,000.00000000,000.00217910,000.00042915,000.19938673,000.29
Tournament (k=2),Blend,Gaussian,0.46371,0.05705,000.00000000,000.00001354,000.00000763,000.00254767,000.21
Tournament (k=2),Blend,Gaussian,0.68096,0.03686,000.00000000,000.00000405,000.00000000,000.27525738,000.25
Tournament (k=2),Blend,Gaussian,0.91514,0.11476,000.02010727,000.27458492,000.23327637,000.58366758,000.41
Tournament (k=2),Blend,Gaussian,0.76642,0.12524,000.01459122,000.27845708,000.24187469,000.49804884,000.42
Tournament (k=2),Blend,Gaussian,0.46371,0.13667,000.00367737,000.07314987,000.08533859,000.26134664,000.28
Tournament (k=2),Blend,Gaussian,0.43709,0.13667,000.00022888,000.05054207,000.05284119,000.20923175,000.27
Tournament (k=2),Blend,Gaussian,0.62318,0.05228,000.00000000,000.00000124,000.00000000,000.00029949,000.23
Tournament (k=2),Blend,Gaussian,0.60503,0.11476,000.00226212,000.04485588,000.04389000,000.25573757,000.43
Tournament (k=2),Blend,Gaussian,0.83749,0.06226,000.00000000,000.00065103,000.00001526,000.02430806,000.29
Tournament (k=2),Arithmetic,Uniform,0.97087,0.27490,000.05337143,001.85994756,002.18591690,000.93750817,000.24
Tournament (k=2),Arithmetic,Uniform,0.94259,0.14915,000.00841522,000.65897858,000.95407486,000.75100660,000.28
Tournament (k=2),Blend,Gaussian,0.94259,0.21153,000.24688721,001.66337776,002.04511452,000.80128771,000.41
Tournament (k=2),Blend,Gaussian,0.72243,0.10516,000.00148392,000.05875259,000.04395485,000.32635579,000.26
Tournament (k=2),Blend,Gaussian,0.43709,0.06226,000.00000000,000.00001631,000.00000572,000.00182930,000.26
Tournament (k=2),Blend,Gaussian,0.49195,0.05228,000.00000000,000.00001421,000.00000381,000.00206869,000.21
Tournament (k=2),Blend,Gaussian,0.40000,0.02837,000.00000000,000.00046105,000.00033379,000.10588604,000.27
Tournament (k=2),Blend,Gaussian,0.94259,0.02382,000.00000000,000.08235302,000.00023079,000.53661865,000.32
Tournament (k=2),Blend,Gaussian,0.49195,0.02000,000.00000000,000.00072393,000.00010300,000.29764795,000.18
Tournament (k=2),Arithmetic,Uniform,1.00000,0.04791,000.00007629,000.03140893,000.01539803,000.40667683,000.23
Tournament (k=2),Blend,Gaussian,0.42436,0.08830,000.00000000,000.00016160,000.00011826,000.00886228,000.22
Tournament (k=2),Blend,Gaussian,0.74410,0.19383,000.16553497,001.03636110,001.33476257,000.74225289,000.40
Tournament (k=2),Blend,Gaussian,0.60503,0.04023,000.00000000,000.00000219,000.00000000,000.16967820,000.20
Tournament (k=2),Blend,Gaussian,0.64187,0.03095,000.00000000,000.00000105,000.00000000,000.00311206,000.23
Tournament (k=2),Blend,Gaussian,0.55369,0.06795,000.00000000,000.00001354,000.00000572,000.00798626,000.28
Tournament (k=2),Blend,Gaussian,0.53756,0.11476,000.00054550,000.02554398,000.02510643,000.18034554,000.32
Tournament (k=2),Blend,Gaussian,0.46371,0.02183,000.00000000,000.00059385,000.00020409,000.17759937,000.17
Tournament (k=2),Arithmetic,Uniform,0.91514,0.08092,000.00002289,000.00427318,000.00347519,000.06579565,000.24
Tournament (k=2),Blend,Gaussian,0.78941,0.17762,000.05613708,000.89444619,001.14615250,000.74533039,000.35
Tournament (k=2),Blend,Gaussian,0.49195,0.19383,000.06348419,000.53846765,000.59934998,000.56385142,000.37
Tournament (k=2),Blend,Gaussian,0.78941,0.02000,000.00000000,000.00007420,000.00000000,000.44207758,000.24
Tournament (k=2),Blend,Gaussian,0.40000,0.30000,000.03203583,000.81568515,001.07521057,000.63938415,000.31
Tournament (k=2),Blend,Gaussian,0.64187,0.10516,000.00031662,000.02037053,000.01958847,000.27003145,000.32
Tournament (k=2),Blend,Gaussian,0.83749,0.19383,000.10594559,001.21175957,001.40145111,000.65149426,000.40
Tournament (k=2),Blend,Gaussian,0.40000,0.09637,000.00000381,000.00078673,000.00060272,000.01704467,000.23
Tournament (k=2),Blend,Gaussian,0.83749,0.02183,000.00000000,000.00010438,000.00000000,000.36910012,000.25
Tournament (k=2),Blend,Gaussian,0.74410,0.08092,000.00000000,000.00150676,000.00075531,000.11304925,000.26
Tournament (k=2),Blend,Gaussian,0.45020,0.03095,000.00000000,000.00022902,000.00014305,000.10197907,000.23
Tournament (k=2),Blend,Gaussian,0.40000,0.03095,000.00000000,000.00066476,000.00028992,000.01401404,000.29
Tournament (k=2),Blend,Gaussian,0.60503,0.04390,000.00000000,000.00000014,000.00000000,000.00079362,000.23
Tournament (k=2),Blend,Gaussian,0.52190,0.16276,000.00388718,000.28343058,000.33115005,000.53071404,000.28
Tournament (k=2),Blend,Gaussian,0.60503,0.27490,000.02295303,001.05776703,001.26049614,000.71345580,000.32
Tournament (k=2),Blend,Gaussian,0.88849,0.02183,000.00000000,000.02626801,000.00008583,000.46775043,000.19
Tournament (k=2),Blend,Gaussian,0.70139,0.06226,000.00000000,000.00002966,000.00000000,000.14296758,000.28
Tournament (k=2),Blend,Gaussian,0.97087,0.04023,000.00000000,000.00202260,000.00000000,000.46225315,000.21
Tournament (k=2),Blend,Gaussian,0.55369,0.07415,000.00000000,000.00001464,000.00000763,000.01547656,000.30
Tournament (k=2),Blend,Gaussian,0.42436,0.02183,000.00000000,000.00074053,000.00040817,000.17760661,000.21
Tournament (k=2),Blend,Gaussian,0.76642,0.03686,000.00000000,000.00010147,000.00000000,000.41270825,000.26
Tournament (k=2),Blend,Gaussian,0.72243,0.04390,000.00000000,000.00001354,000.00000000,000.20946997,000.20
Tournament (k=2),Blend,Gaussian,0.70139,0.19383,000.10085678,000.81817663,001.09257317,000.70232648,000.30
Tournament (k=2),Blend,Gaussian,0.74410,0.21153,000.09764099,001.16436839,001.38731384,000.72568810,000.45
Tournament (k=2),Blend,Gaussian,0.53756,0.04023,000.00000000,000.00000253,000.00000000,000.00313208,000.25
Tournament (k=2),Blend,Gaussian,0.53756,0.12524,000.00083160,000.05116815,000.05021286,000.28744650,000.39
Tournament (k=2),Blend,Gaussian,0.50670,0.10516,000.00015640,000.00476546,000.00411797,000.16288084,000.31
Tournament (k=2),Blend,Gaussian,0.41200,0.17762,000.01776505,000.22943549,000.23812294,000.45220897,000.36
Tournament (k=2),Blend,Gaussian,0.64187,0.30000,000.10465622,001.37039399,001.60662460,000.89834803,000.38
Tournament (k=2),Blend,Gaussian,0.41200,0.05705,000.00000000,000.00008402,000.00006104,000.00110602,000.19
Tournament (k=2),Blend,Gaussian,0.81310,0.03686,000.00000000,000.00224323,000.00000000,000.41223076,000.27
Tournament (k=2),Blend,Gaussian,0.58741,0.19383,000.02190018,000.53319007,000.60184097,000.67696595,000.29
Tournament (k=2),Blend,Gaussian,0.86261,0.11476,000.00965118,000.31298289,000.26630974,000.58341384,000.35
Tournament (k=2),Blend,Gaussian,0.70139,0.02183,000.00000000,000.00000095,000.00000000,000.22033757,000.24
Tournament (k=2),Blend,Gaussian,0.52190,0.06795,000.00000000,000.00000882,000.00000381,000.02001487,000.28
Tournament (k=2),Blend,Gaussian,0.55369,0.17762,000.02289200,000.44796333,000.44760132,000.47764933,000.29
Tournament (k=2),Blend,Gaussian,0.57030,0.27490,000.04975128,001.06237888,001.22020721,000.76760757,000.32
Tournament (k=2),Blend,Gaussian,0.97087,0.04390,000.00000000,000.00227127,000.00000954,000.40244615,000.27
Tournament (k=2),Blend,Gaussian,0.49195,0.21153,000.02857971,000.58810115,000.61409569,000.58883375,000.48
Tournament (k=2),Blend,Gaussian,0.74410,0.02183,000.00000000,000.00001893,000.00000000,000.32343879,000.18
Tournament (k=2),Blend,Gaussian,0.55369,0.02000,000.00000000,000.00018864,000.00001907,000.23582166,000.18
Tournament (k=2),Blend,Gaussian,0.86261,0.04023,000.00000000,000.00039954,000.00000000,000.28761700,000.27
Tournament (k=2),Blend,Gaussian,0.55369,0.08092,000.00000000,000.00016870,000.00011253,000.00472639,000.31
Tournament (k=2),Blend,Gaussian,0.60503,0.30000,000.08942032,001.24257398,001.44244576,000.86018723,000.44
Tournament (k=2),Blend,Gaussian,0.47762,0.09637,000.00000763,000.00088091,000.00075912,000.01808615,000.24
Tournament (k=2),Blend,Gaussian,0.91514,0.04023,000.00000000,000.00109687,000.00000191,000.37213191,000.27
Tournament (k=2),Blend,Gaussian,0.78941,0.06795,000.00000000,000.00092816,000.00005531,000.04891787,000.30
Tournament (k=2),Blend,Gaussian,0.81310,0.11476,000.01743698,000.19135070,000.17857742,000.43687722,000.35
Tournament (k=2),Blend,Gaussian,0.58741,0.06795,000.00000000,000.00000772,000.00000572,000.06769972,000.23
Tournament (k=2),Blend,Gaussian,0.66113,0.06795,000.00000000,000.00003376,000.00001144,000.03023680,000.29
Tournament (k=2),Blend,Gaussian,0.42436,0.23084,000.04455566,000.57325423,000.61888885,000.61851668,000.29
Tournament (k=2),Blend,Gaussian,0.50670,0.03686,000.00000000,000.00002851,000.00000763,000.00611101,000.20
Tournament (k=2),Blend,Gaussian,0.68096,0.11476,000.00189209,000.08835497,000.08544159,000.39857522,000.33
Tournament (k=2),Blend,Gaussian,0.46371,0.06226,000.00000000,000.00001006,000.00000381,000.00079332,000.20
Tournament (k=2),Blend,Gaussian,0.66113,0.21153,000.05550385,000.81210023,001.05873108,000.64272940,000.41
Tournament (k=2),Blend,Gaussian,0.70139,0.02382,000.00000000,000.00000830,000.00000000,000.23990318,000.29
Tournament (k=2),Blend,Gaussian,0.68096,0.04023,000.00000000,000.00000219,000.00000000,000.18523808,000.26
Tournament (k=2),Blend,Gaussian,0.62318,0.17762,000.03079987,000.55010933,000.57419586,000.62593806,000.29
Tournament (k=2),Blend,Gaussian,0.58741,0.21153,000.04549408,000.80915606,001.14286041,000.66277140,000.41
Tournament (k=2),Blend,Gaussian,1.00000,0.02382,000.00000000,000.06985660,000.00068092,000.61133039,000.19
Tournament (k=2),Blend,Gaussian,0.47762,0.10516,000.00002670,000.00461020,000.00335693,000.11510120,000.25
Tournament (k=2),Blend,Gaussian,0.43709,0.14915,000.00631714,000.08469562,000.07756042,000.29617393,000.27
Tournament (k=2),Blend,Gaussian,0.76642,0.13667,000.00972748,000.29484954,000.26691437,000.55466568,000.34
Tournament (k=2),Blend,Gaussian,0.72243,0.11476,000.00291061,000.11032720,000.11780739,000.33752999,000.26
Tournament (k=2),Blend,Gaussian,0.46371,0.14915,000.00345612,000.12475558,000.13115311,000.34279281,000.34
Tournament (k=2),Blend,Gaussian,0.57030,0.30000,000.08092499,001.18078327,001.42611313,000.79642868,000.40
Tournament (k=2),Blend,Gaussian,0.66113,0.07415,000.00000000,000.00036440,000.00006676,000.14487807,000.28
Tournament (k=2),Blend,Gaussian,0.83749,0.06795,000.00000000,000.00065069,000.00014687,000.28617543,000.30
Tournament (k=2),Blend,Gaussian,0.49195,0.05705,000.00000000,000.00000625,000.00000000,000.00091628,000.26
Tournament (k=2),Blend,Gaussian,0.60503,0.12524,000.00272369,000.09252433,000.09969902,000.34549493,000.33
Tournament (k=2),Blend,Gaussian,0.47762,0.02382,000.00000000,000.00029716,000.00011063,000.24464907,000.17
Tournament (k=2),Blend,Gaussian,0.49195,0.23084,000.01863861,000.68274438,000.84398651,000.67624897,000.37
Tournament (k=2),Arithmetic,Uniform,1.00000,0.05228,000.00000000,000.02120423,000.00798225,000.33323741,000.23
Tournament (k=2),Blend,Gaussian,0.94259,0.02599,000.00000000,000.02325625,000.00004387,000.58671975,000.26
Tournament (k=2),Blend,Gaussian,0.57030,0.11476,000.00089264,000.03363257,000.03800201,000.22731614,000.30
Tournament (k=2),Blend,Gaussian,0.42436,0.09637,000.00000000,000.00065384,000.00027657,000.00866476,000.23
Tournament (k=2),Blend,Gaussian,0.97087,0.12524,000.01671982,000.62064421,000.73086357,000.68790728,000.36
Tournament (k=2),Blend,Gaussian,0.70139,0.02599,000.00000000,000.00003052,000.00000000,000.27440512,000.26
Tournament (k=2),Blend,Gaussian,0.64187,0.03378,000.00000000,000.00000105,000.00000000,000.10047387,000.23
Tournament (k=2),Blend,Gaussian,0.94259,0.23084,000.32534790,001.58537459,001.86062622,000.88929391,000.46
Tournament (k=2),Blend,Gaussian,1.00000,0.07415,000.00001907,000.00784555,000.00662994,000.20835523,000.24
Tournament (k=2),Blend,Uniform,0.40000,0.04390,000.00000000,000.00247917,000.00125122,000.13974318,000.21
Tournament (k=2),Blend,Gaussian,0.47762,0.02599,000.00000000,000.00024853,000.00007057,000.16951062,000.18
Tournament (k=2),Blend,Gaussian,0.50670,0.27490,000.03170776,000.89134991,001.12026215,000.73279822,000.31
Tournament (k=2),Blend,Gaussian,0.78941,0.02183,000.00000000,000.00003166,000.00000000,000.25360930,000.24
Tournament (k=2),Blend,Gaussian,0.72243,0.12524,000.00478745,000.17354488,000.17258835,000.46360838,000.28
Tournament (k=2),Blend,Gaussian,0.60503,0.04791,000.00000000,000.00000167,000.00000000,000.00265322,000.20
Tournament (k=2),Blend,Gaussian,0.78941,0.19383,000.03589630,001.07225060,001.32904816,000.78366077,000.31
Tournament (k=2),Blend,Gaussian,0.57030,0.03378,000.00000000,000.00002365,000.00000000,000.13931194,000.19
Tournament (k=2),Blend,Gaussian,0.45020,0.03378,000.00000000,000.00027909,000.00004196,000.01033720,000.23
Tournament (k=2),Blend,Uniform,0.40000,0.13667,000.02696228,000.63355553,000.83050919,000.64645553,000.27
Tournament (k=2),Blend,Gaussian,0.70139,0.02837,000.00000000,000.00000319,000.00000000,000.26602924,000.25
Tournament (k=2),Blend,Gaussian,0.94259,0.02837,000.00000000,000.04921794,000.00043869,000.52248979,000.28
Tournament (k=2),Blend,Gaussian,0.64187,0.11476,000.00058365,000.06009107,000.06523705,000.27567676,000.33
Tournament (k=2),Blend,Gaussian,0.74410,0.08830,000.00001526,000.00723290,000.00394821,000.14630169,000.29
Tournament (k=2),Blend,Gaussian,0.42436,0.10516,000.00003052,000.00308743,000.00275612,000.10514582,000.27
Tournament (k=2),Blend,Gaussian,0.88849,0.02382,000.00000000,000.02097058,000.00000763,000.52304524,000.19
Tournament (k=2),Blend,Gaussian,1.00000,0.23084,000.02445221,001.82297552,002.10804558,000.83623773,000.42
Tournament (k=2),Blend,Gaussian,0.64187,0.03686,000.00000000,000.00000553,000.00000000,000.20661570,000.22
Tournament (k=2),Blend,Gaussian,0.42436,0.02382,000.00000000,000.00103693,000.00041199,000.01566942,000.19
Tournament (k=2),Blend,Gaussian,0.83749,0.21153,000.12817001,001.32515419,001.58479881,000.77329671,000.39
Tournament (k=2),Blend,Gaussian,0.72243,0.04791,000.00000000,000.00008979,000.00000000,000.17475969,000.21
Tournament (k=2),Blend,Gaussian,0.97087,0.13667,000.03713226,000.73754102,000.86837959,000.68550414,000.41
Tournament (k=2),Blend,Gaussian,0.45020,0.09637,000.00000000,000.00077915,000.00071526,000.02119903,000.29
Tournament (k=2),Blend,Gaussian,0.76642,0.04023,000.00000000,000.00002813,000.00000000,000.32814175,000.27
Tournament (k=2),Blend,Uniform,0.41200,0.02599,000.00000000,000.03441491,000.00875854,000.42266628,000.20
Tournament (k=2),Blend,Gaussian,0.66113,0.02000,000.00000000,000.00001378,000.00000000,000.21878085,000.18
Tournament (k=2),Blend,Gaussian,0.53756,0.04390,000.00000000,000.00000439,000.00000000,000.01711745,000.25
Tournament (k=2),Blend,Gaussian,0.53756,0.13667,000.00122070,000.11681242,000.12780762,000.32363623,000.27
Tournament (k=2),Blend,Gaussian,0.70139,0.21153,000.03943634,001.03797162,001.34103203,000.76069862,000.31
Tournament (k=2),Arithmetic,Uniform,0.86261,0.23084,000.12261200,001.61220646,001.94758606,001.09848309,000.23
Tournament (k=2),Blend,Gaussian,0.81310,0.04023,000.00000000,000.00021243,000.00000000,000.39333349,000.27
Tournament (k=2),Blend,Gaussian,0.42436,0.02599,000.00000000,000.00043697,000.00016975,000.14062849,000.21
Tournament (k=2),Blend,Gaussian,0.50670,0.11476,000.00012970,000.01862741,000.02096367,000.19046091,000.32
Tournament (k=2),Blend,Gaussian,0.74410,0.23084,000.04556274,001.23957276,001.57601166,000.84810972,000.35
Tournament (k=2),Blend,Gaussian,0.70139,0.03095,000.00000000,000.00000243,000.00000000,000.20117529,000.29
Tournament (k=2),Blend,Gaussian,0.52190,0.07415,000.00000000,000.00002208,000.00000763,000.00354794,000.29
Tournament (k=2),Blend,Gaussian,0.74410,0.02382,000.00000000,000.00012898,000.00000000,000.37576842,000.19
Tournament (k=2),Blend,Gaussian,0.55369,0.02183,000.00000000,000.00006375,000.00000000,000.17637832,000.19
Tournament (k=2),Blend,Gaussian,0.62318,0.02000,000.00000000,000.00001664,000.00000000,000.20609495,000.18
Tournament (k=2),Blend,Gaussian,0.62318,0.05705,000.00000000,000.00000110,000.00000000,000.00377162,000.21
Tournament (k=2),Blend,Uniform,0.41200,0.08092,000.00000000,000.00068717,000.00034332,000.14071991,000.20
Tournament (k=2),Blend,Gaussian,0.86261,0.04390,000.00000000,000.00127993,000.00001144,000.32372665,000.28
Tournament (k=2),Blend,Gaussian,0.53756,0.04791,000.00000000,000.00000706,000.00000000,000.00040324,000.26
Tournament (k=2),Blend,Gaussian,0.58741,0.07415,000.00000000,000.00007968,000.00004005,000.01062595,000.22
Tournament (k=2),Blend,Gaussian,0.86261,0.12524,000.01544952,000.42232567,000.46474648,000.60458529,000.46
Tournament (k=2),Blend,Gaussian,0.55369,0.08830,000.00000000,000.00090423,000.00060272,000.03546020,000.30
Tournament (k=2),Blend,Gaussian,0.91514,0.12524,000.02433014,000.52492774,000.54285431,000.72494000,000.36
Tournament (k=2),Blend,Gaussian,0.88849,0.21153,000.07697296,001.41462493,001.64069366,000.87690109,000.48
Tournament (k=2),Blend,Gaussian,0.55369,0.19383,000.03084564,000.53037465,000.54486275,000.66838986,000.44
Tournament (k=2),Blend,Gaussian,0.50670,0.04023,000.00000000,000.00001006,000.00000000,000.09914060,000.23
Tournament (k=2),Blend,Gaussian,1.00000,0.02599,000.00000000,000.10327201,000.00044632,000.56388330,000.19
Tournament (k=2),Blend,Gaussian,0.78941,0.07415,000.00000000,000.00073538,000.00042534,000.11230049,000.32
Tournament (k=2),Blend,Gaussian,0.49195,0.02183,000.00000000,000.00042748,000.00006294,000.21722920,000.22
Tournament (k=2),Blend,Gaussian,0.42436,0.25191,000.02351379,000.69153374,000.84673882,000.59355515,000.31
Tournament (k=2),Blend,Gaussian,0.68096,0.04390,000.00000000,000.00000100,000.00000000,000.14054511,000.26
Tournament (k=2),Blend,Gaussian,0.47762,0.11476,000.00009155,000.01054397,000.01165199,000.11101433,000.25
Tournament (k=2),Blend,Gaussian,0.81310,0.12524,000.01651001,000.41976124,000.39895248,000.61097676,000.37
Tournament (k=2),Blend,Gaussian,0.62318,0.19383,000.07305145,000.79404938,001.07643509,000.69920886,000.29
Tournament (k=2),Blend,Gaussian,0.58741,0.23084,000.06927109,000.88356018,001.10103989,000.71816045,000.31
Tournament (k=2),Blend,Gaussian,0.83749,0.23084,000.20577240,001.44107687,001.74329376,000.78787452,000.58
Tournament (k=2),Blend,Gaussian,0.58741,0.02000,000.00000000,000.00001326,000.00000191,000.17054123,000.18
Tournament (k=2),Blend,Gaussian,0.88849,0.06795,000.00000000,000.00142841,000.00013351,000.11007198,000.23
Tournament (k=2),Blend,Gaussian,0.62318,0.06226,000.00000000,000.00000477,000.00000000,000.02384864,000.31
Tournament (k=2),Blend,Gaussian,0.66113,0.23084,000.10490417,001.05948138,001.23362160,000.69324982,000.39
Tournament (k=2),Blend,Gaussian,0.70139,0.03378,000.00000000,000.00000005,000.00000000,000.15126958,000.41
Tournament (k=2),Blend,Gaussian,0.68096,0.12524,000.01107788,000.24149957,000.18139648,000.55001664,000.51
Tournament (k=2),Blend,Uniform,0.42436,0.04791,000.00000000,000.00062647,000.00013733,000.22800486,000.22
Tournament (k=2),Blend,Gaussian,0.78941,0.08092,000.00000763,000.00490007,000.00281715,000.16657259,000.25
Tournament (k=2),Blend,Gaussian,0.83749,0.07415,000.00000000,000.00242133,000.00075722,000.17341739,000.31
Tournament (k=2),Blend,Gaussian,0.68096,0.04791,000.00000000,000.00000048,000.00000000,000.12003234,000.21
Tournament (k=2),Blend,Gaussian,0.49195,0.06226,000.00000000,000.00000758,000.00000000,000.00035913,000.26
Tournament (k=2),Blend,Gaussian,0.83749,0.02382,000.00000000,000.00216107,000.00000000,000.44359767,000.25
Tournament (k=2),Blend,Gaussian,0.46371,0.16276,000.00559998,000.20778970,000.20224762,000.40872109,000.36
Tournament (k=2),Blend,Gaussian,0.76642,0.14915,000.01871109,000.60585153,000.67116356,000.63199216,000.40
Tournament (k=2),Blend,Gaussian,0.47762,0.12524,000.00127792,000.03556166,000.04058838,000.24724121,000.26
Tournament (k=2),Blend,Uniform,0.42436,0.14915,000.03619385,000.77710450,001.06704521,000.75831282,000.28
Tournament (k=2),Blend,Uniform,0.41200,0.25191,000.32638550,002.14828300,002.57094383,001.11803949,000.31
Tournament (k=2),Blend,Gaussian,0.81310,0.13667,000.03847504,000.48578793,000.47037888,000.61567813,000.30
Tournament (k=2),Blend,Gaussian,0.57030,0.12524,000.00103760,000.05565019,000.05530930,000.23343509,000.34
Tournament (k=2),Blend,Gaussian,0.70139,0.06795,000.00000000,000.00010433,000.00001144,000.11728894,000.29
Tournament (k=2),Blend,Gaussian,0.88849,0.23084,000.05864716,001.68226123,002.03610992,000.88173819,000.46
Tournament (k=2),Blend,Gaussian,1.00000,0.08092,000.00010681,000.03466558,000.02314377,000.28514567,000.25
Tournament (k=2),Blend,Gaussian,0.52190,0.17762,000.00420380,000.33687004,000.34240532,000.43327755,000.37
Tournament (k=2),Blend,Gaussian,0.70139,0.03686,000.00000000,000.00000401,000.00000000,000.14583510,000.23
Tournament (k=2),Blend,Gaussian,0.47762,0.02837,000.00000000,000.00007248,000.00002861,000.09908400,000.18
Tournament (k=2),Blend,Uniform,0.40000,0.04791,000.00000000,000.00165434,000.00073242,000.15776971,000.21
Tournament (k=2),Blend,Gaussian,0.60503,0.05228,000.00000000,000.00000334,000.00000000,000.02189149,000.21
Tournament (k=2),Blend,Gaussian,0.57030,0.03686,000.00000000,000.00001230,000.00000000,000.04564267,000.21
Tournament (k=2),Blend,Gaussian,0.78941,0.02382,000.00000000,000.00002789,000.00000000,000.31925964,000.25
Tournament (k=2),Blend,Gaussian,0.94259,0.03095,000.00000000,000.02596865,000.00045967,000.46739843,000.21
Tournament (k=2),Blend,Gaussian,0.45020,0.03686,000.00000000,000.00015817,000.00003815,000.00354619,000.24
Tournament (k=2),Blend,Uniform,0.43709,0.02837,000.00000000,000.01082692,000.00258636,000.33635476,000.21
Tournament (k=2),Blend,Gaussian,0.94259,0.25191,000.04860687,001.92059779,002.26668930,000.83148271,000.45
Tournament (k=2),Blend,Gaussian,0.66113,0.25191,000.07086182,001.31015873,001.44740868,000.74811912,000.39
Tournament (k=2),Blend,Gaussian,0.78941,0.21153,000.16920853,001.18610442,001.50067139,000.79137814,000.31
Tournament (k=2),Blend,Gaussian,0.72243,0.13667,000.01698303,000.25471067,000.25148201,000.47494134,000.32
Tournament (k=2),Blend,Gaussian,0.50670,0.30000,000.09907913,001.08323097,001.31315804,000.71490431,000.33
Tournament (k=2),Blend,Uniform,0.40000,0.14915,000.02081299,000.79748261,001.10297585,000.79817772,000.28
Tournament (k=2),Blend,Uniform,0.43709,0.08830,000.00000000,000.00321403,000.00201225,000.11751159,000.21
Tournament (k=2),Blend,Gaussian,0.47762,0.03095,000.00000000,000.00023479,000.00007629,000.09972961,000.21
Tournament (k=2),Blend,Gaussian,0.60503,0.05705,000.00000000,000.00000234,000.00000000,000.00253627,000.22
Tournament (k=2),Blend,Uniform,0.40000,0.05228,000.00000000,000.00164132,000.00141335,000.19833927,000.24
Tournament (k=2),Blend,Gaussian,0.74410,0.09637,000.00126266,000.03148932,000.02625656,000.23331098,000.32
Tournament (k=2),Blend,Gaussian,0.66113,0.02183,000.00000000,000.00001292,000.00000000,000.31143710,000.18
Tournament (k=2),Blend,Gaussian,0.70139,0.04023,000.00000000,000.00000291,000.00000000,000.20623213,000.33
Tournament (k=2),Blend,Gaussian,0.94259,0.03378,000.00000000,000.00189424,000.00077057,000.43302256,000.21
Tournament (k=2),Blend,Gaussian,0.64187,0.12524,000.00426483,000.13485189,000.14439774,000.41557795,000.39
Tournament (k=2),Blend,Gaussian,0.97087,0.14915,000.00601196,000.85810292,001.15387917,000.77120900,000.30
Tournament (k=2),Blend,Gaussian,0.42436,0.02837,000.00000000,000.00044746,000.00026894,000.00851053,000.18
Tournament (k=2),Blend,Gaussian,0.45020,0.10516,000.00003815,000.00276709,000.00269318,000.04255535,000.30
Tournament (k=2),Blend,Gaussian,1.00000,0.08830,000.00054169,000.10349040,000.09271431,000.39938092,000.41
Tournament (k=2),Blend,Gaussian,0.91514,0.04390,000.00000000,000.00297661,000.00002670,000.41551408,000.27
Tournament (k=2),Blend,Gaussian,0.46371,0.06795,000.00000000,000.00001326,000.00000763,000.00321398,000.21
Tournament (k=2),Blend,Gaussian,0.81310,0.04390,000.00000000,000.00093861,000.00000000,000.45433441,000.27
Tournament (k=2),Blend,Gaussian,0.74410,0.02599,000.00000000,000.00017667,000.00000000,000.32350874,000.19
Tournament (k=2),Blend,Gaussian,0.70139,0.23084,000.09835434,001.14143825,001.28435135,000.72315258,000.31
Tournament (k=2),Blend,Gaussian,1.00000,0.25191,000.17115784,001.99980128,002.37181854,000.88505727,000.48
Tournament (k=2),Blend,Gaussian,0.62318,0.02183,000.00000000,000.00000348,000.00000000,000.16965331,000.18
Tournament (k=2),Blend,Gaussian,0.53756,0.14915,000.00983429,000.16537209,000.16145134,000.35065681,000.35
Tournament (k=2),Blend,Gaussian,0.52190,0.08092,000.00000000,000.00003777,000.00001907,000.01986224,000.29
Tournament (k=2),Blend,Gaussian,0.50670,0.12524,000.00143814,000.05189943,000.04513168,000.32488838,000.32
Tournament (k=2),Blend,Uniform,0.43709,0.27490,000.09389114,002.44266844,002.77023697,001.16806936,000.39
Tournament (k=2),Blend,Gaussian,0.55369,0.02382,000.00000000,000.00003648,000.00000763,000.09895775,000.23
Tournament (k=2),Blend,Uniform,0.41200,0.08830,000.00000000,000.00285206,000.00242043,000.10037596,000.24
Tournament (k=2),Blend,Uniform,0.45020,0.05228,000.00000000,000.00049372,000.00012970,000.22192605,000.18
Tournament (k=2),Blend,Gaussian,0.43709,0.16276,000.00266266,000.15334392,000.15246201,000.32884672,000.27
Tournament (k=2),Blend,Gaussian,0.42436,0.03095,000.00000000,000.00036478,000.00021744,000.12217295,000.23
Tournament (k=2),Blend,Gaussian,0.86261,0.04791,000.00000000,000.00039883,000.00000000,000.29043099,000.28
Tournament (k=2),Blend,Gaussian,0.74410,0.25191,000.13273239,001.45675349,001.71807098,000.88451540,000.42
Tournament (k=2),Blend,Gaussian,0.58741,0.08092,000.00000000,000.00018768,000.00012016,000.00599190,000.23
Tournament (k=2),Blend,Gaussian,0.64187,0.13667,000.01541901,000.22995286,000.27165604,000.44417679,000.33
Tournament (k=2),Blend,Gaussian,0.78941,0.23084,000.01456070,001.29607964,001.41461563,000.77279854,000.53
Tournament (k=2),Blend,Gaussian,0.50670,0.04390,000.00000000,000.00000920,000.00000191,000.00127928,000.21
Tournament (k=2),Blend,Gaussian,1.00000,0.02837,000.00000000,000.03421297,000.00031853,000.51880920,000.20
Tournament (k=2),Blend,Gaussian,0.97087,0.16276,000.15524292,001.13199162,001.30099869,000.72231758,000.37
Tournament (k=2),Blend,Uniform,0.45020,0.16276,000.11366653,001.25620103,001.46867371,000.82015240,000.29
Tournament (k=2),Blend,Gaussian,0.66113,0.08092,000.00000000,000.00093870,000.00046921,000.06086410,000.30
Tournament (k=2),Blend,Gaussian,0.58741,0.02183,000.00000000,000.00005512,000.00000381,000.23606385,000.19
Tournament (k=2),Blend,Gaussian,0.55369,0.21153,000.03242111,000.69576943,000.81492805,000.65927064,000.31
Tournament (k=2),Blend,Gaussian,0.86261,0.13667,000.03008270,000.55554271,000.64028931,000.59302866,000.37
Tournament (k=2),Blend,Gaussian,0.88849,0.07415,000.00000763,000.00566139,000.00237465,000.24613288,000.24
Tournament (k=2),Blend,Gaussian,0.70139,0.25191,000.04378128,001.34319878,001.55209541,000.79321456,000.39
Tournament (k=2),Blend,Gaussian,0.42436,0.27490,000.00902557,000.85096246,001.10078812,000.69475532,000.31
Tournament (k=2),Blend,Gaussian,0.62318,0.21153,000.03543854,000.75221944,000.97868919,000.71738982,000.32
Tournament (k=2),Blend,Uniform,0.41200,0.09637,000.00001907,000.01603246,000.00897980,000.27055696,000.28
Tournament (k=2),Blend,Gaussian,0.60503,0.13667,000.01451492,000.16104479,000.18605614,000.38043615,000.37
Tournament (k=2),Blend,Uniform,0.42436,0.05228,000.00000000,000.00048351,000.00021362,000.16986676,000.23
Tournament (k=2),Blend,Gaussian,0.58741,0.08830,000.00000000,000.00137506,000.00096893,000.03444931,000.30
Tournament (k=2),Blend,Gaussian,0.68096,0.05228,000.00000000,000.00000701,000.00000000,000.15527286,000.22
Tournament (k=2),Blend,Uniform,0.43709,0.30000,000.11245346,002.64250565,002.84278870,001.26176012,000.45
Tournament (k=2),Blend,Gaussian,0.86261,0.05228,000.00000000,000.00094256,000.00000000,000.22795044,000.36
Tournament (k=2),Blend,Uniform,0.46371,0.03095,000.00000000,000.00270143,000.00063896,000.31341788,000.18
Tournament (k=2),Blend,Gaussian,0.78941,0.08830,000.00011444,000.01653037,000.01145744,000.26723379,000.33
Tournament (k=2),Blend,Gaussian,0.68096,0.13667,000.01132965,000.28228539,000.30364227,000.52871013,000.34
Tournament (k=2),Blend,Gaussian,0.83749,0.25191,000.18313217,001.48909092,001.72967911,000.83372438,000.44
Tournament (k=2),Blend,Gaussian,0.83749,0.02599,000.00000000,000.00062246,000.00000381,000.40155002,000.27
Tournament (k=2),Blend,Gaussian,0.49195,0.06795,000.00000000,000.00001512,000.00000381,000.00202395,000.29
Tournament (k=2),Blend,Gaussian,0.46371,0.17762,000.01293564,000.24584183,000.26680756,000.50755918,000.29
Tournament (k=2),Blend,Gaussian,0.88849,0.02599,000.00000000,000.03684926,000.00009727,000.48629919,000.19
Tournament (k=2),Blend,Gaussian,0.78941,0.25191,000.25161743,001.46270907,001.73790932,000.90867406,000.40
Tournament (k=2),Blend,Uniform,0.42436,0.16276,000.04307175,001.23361564,001.50529861,000.85065871,000.26
Tournament (k=2),Blend,Gaussian,0.57030,0.13667,000.00345230,000.15110341,000.17269897,000.33408874,000.28
Tournament (k=2),Blend,Uniform,0.41200,0.27490,000.16573715,002.32726359,002.63999176,001.03173578,000.32
Tournament (k=2),Blend,Gaussian,0.64187,0.04023,000.00000000,000.00000134,000.00000000,000.06862728,000.20
Tournament (k=2),Blend,Uniform,0.46371,0.03378,000.00000000,000.00093365,000.00044441,000.21820584,000.19
Tournament (k=2),Blend,Gaussian,0.76642,0.16276,000.03423309,000.70966095,000.88761902,000.66268319,000.40
Tournament (k=2),Blend,Gaussian,0.72243,0.05228,000.00000000,000.00002141,000.00000000,000.25534636,000.22
Tournament (k=2),Blend,Gaussian,0.81310,0.14915,000.02149200,000.66824907,000.77429390,000.71574003,000.38
Tournament (k=2),Blend,Gaussian,0.60503,0.14915,000.01819611,000.27922273,000.31307411,000.53108835,000.36
Tournament (k=2),Blend,Gaussian,0.94259,0.07415,000.00002289,000.00523801,000.00290680,000.17266630,000.25
Tournament (k=2),Blend,Uniform,0.41200,0.02837,000.00000000,000.00933209,000.00763130,000.31164590,000.21
Tournament (k=2),Blend,Gaussian,0.76642,0.04390,000.00000000,000.00013628,000.00000000,000.25859851,000.21
Tournament (k=2),Blend,Gaussian,0.78941,0.02599,000.00000000,000.00010796,000.00000000,000.29228410,000.25
Tournament (k=2),Blend,Uniform,0.43709,0.03095,000.00000000,000.00402007,000.00180054,000.32498473,000.21
Tournament (k=2),Blend,Uniform,0.46371,0.09637,000.00016785,000.02756243,000.01816368,000.36281085,000.21
Tournament (k=2),Blend,Gaussian,0.52190,0.02000,000.00000000,000.00045309,000.00010490,000.19564293,000.18
Tournament (k=2),Blend,Gaussian,0.47762,0.03378,000.00000000,000.00016050,000.00005150,000.09939364,000.18
Tournament (k=2),Blend,Uniform,0.43709,0.09637,000.00010681,000.01308045,000.01140022,000.25247061,000.22
Tournament (k=2),Blend,Gaussian,0.66113,0.02382,000.00000000,000.00001845,000.00000000,000.25205666,000.19
Tournament (k=2),Blend,Uniform,0.40000,0.05705,000.00000000,000.00095181,000.00060844,000.14307514,000.22
Tournament (k=2),Blend,Uniform,0.47762,0.05705,000.00000000,000.00014162,000.00004196,000.13959578,000.19
Tournament (k=2),Blend,Uniform,0.40000,0.16276,000.04004669,000.90329283,001.16954422,000.82663733,000.29
Tournament (k=2),Blend,Gaussian,0.74410,0.02837,000.00000000,000.00000639,000.00000000,000.21867929,000.20
Tournament (k=2),Blend,Gaussian,0.52190,0.19383,000.01148987,000.52740371,000.61719513,000.58106548,000.54
Tournament (k=2),Blend,Gaussian,1.00000,0.09637,000.00653076,000.14077477,000.13344955,000.40868139,000.26
Tournament (k=2),Blend,Gaussian,0.52190,0.02183,000.00000000,000.00021505,000.00003433,000.15712006,000.18
Tournament (k=2),Blend,Gaussian,0.94259,0.03686,000.00000000,000.00261302,000.00038147,000.45607260,000.28
Tournament (k=2),Blend,Uniform,0.46371,0.10516,000.00035095,000.07209849,000.07807922,000.36519581,000.22
Tournament (k=2),Blend,Gaussian,0.72243,0.14915,000.03539276,000.56455678,000.62803078,000.55753958,000.39
Tournament (k=2),Blend,Gaussian,0.45020,0.11476,000.00024414,000.01111054,000.00934219,000.06394672,000.31
Tournament (k=2),Blend,Gaussian,0.81310,0.04791,000.00000000,000.00015898,000.00000000,000.24859911,000.28
Tournament (k=2),Blend,Gaussian,0.47762,0.03686,000.00000000,000.00011921,000.00004387,000.09899069,000.19
Tournament (k=2),Blend,Gaussian,0.62318,0.02382,000.00000000,000.00000467,000.00000000,000.14110765,000.19
Tournament (k=2),Blend,Gaussian,0.66113,0.02599,000.00000000,000.00001974,000.00000000,000.20579861,000.19
Tournament (k=2),Blend,Gaussian,0.88849,0.25191,000.29969406,001.81875110,002.19379807,000.88066834,000.72
Tournament (k=2),Blend,Gaussian,0.78941,0.09637,000.00091934,000.04244423,000.03004837,000.29505691,000.62
Tournament (k=2),Blend,Gaussian,0.66113,0.27490,000.08326721,001.29931962,001.48288536,000.74162453,000.55
Tournament (k=2),Blend,Gaussian,0.74410,0.10516,000.00243759,000.05452762,000.05896378,000.31896615,000.42
Tournament (k=2),Blend,Gaussian,0.74410,0.03095,000.00000000,000.00002837,000.00000000,000.35052165,000.20
Tournament (k=2),Blend,Gaussian,0.52190,0.02382,000.00000000,000.00010152,000.00000572,000.14428000,000.18
Tournament (k=2),Blend,Uniform,0.45020,0.05705,000.00000000,000.00030694,000.00013351,000.09957659,000.22
Tournament (k=2),Blend,Uniform,0.41200,0.03095,000.00000000,000.01853256,000.00633812,000.36332980,000.46
Tournament (k=2),Blend,Uniform,0.49195,0.03378,000.00000000,000.00187473,000.00015259,000.40903473,000.18
Tournament (k=2),Blend,Uniform,0.46371,0.30000,000.60232544,002.43593860,002.79583168,001.21010959,000.51
Tournament (k=2),Blend,Gaussian,0.46371,0.19383,000.03563690,000.36207899,000.41046333,000.56589198,000.67
Tournament (k=2),Blend,Gaussian,0.62318,0.06795,000.00000000,000.00001431,000.00000763,000.09919935,000.22
Tournament (k=2),Blend,Uniform,0.47762,0.17762,000.16788864,001.57240129,001.91002655,001.00662303,000.30
Tournament (k=2),Blend,Gaussian,0.43709,0.17762,000.01374817,000.22075868,000.24053764,000.41582853,000.28
Tournament (k=2),Blend,Gaussian,0.91514,0.13667,000.02148819,000.65015846,000.78262520,000.70935398,000.38
Tournament (k=2),Blend,Gaussian,1.00000,0.03095,000.00000000,000.00232677,000.00047874,000.43116575,000.20
Tournament (k=2),Blend,Gaussian,0.58741,0.25191,000.11370087,000.97654092,001.17355156,000.76551217,000.31
Tournament (k=2),Blend,Gaussian,0.58741,0.02382,000.00000000,000.00002146,000.00000763,000.16254409,000.19
Tournament (k=2),Blend,Gaussian,0.83749,0.08092,000.00002289,000.00765200,000.00393677,000.25616321,000.31
Tournament (k=2),Blend,Uniform,0.40000,0.06226,000.00000000,000.00120940,000.00031471,000.09973649,000.42
Tournament (k=2),Blend,Gaussian,0.97087,0.17762,000.07798767,001.27904987,001.54631805,000.73625934,000.31
Tournament (k=2),Blend,Uniform,0.45020,0.17762,000.12124634,001.37291241,001.59584808,000.94273496,000.29
Tournament (k=2),Blend,Gaussian,0.76642,0.17762,000.04207230,000.88628685,001.12205315,000.65273011,000.78
Tournament (k=2),Blend,Gaussian,0.55369,0.23084,000.02916718,000.72101933,000.96783447,000.62809056,000.30
Tournament (k=2),Blend,Gaussian,0.66113,0.08830,000.00000381,000.00249314,000.00182343,000.15961614,000.31
Tournament (k=2),Blend,Gaussian,0.88849,0.08092,000.00003433,000.01346955,000.00723648,000.16180611,000.24
Tournament (k=2),Blend,Uniform,0.45020,0.02000,000.00000000,000.18674645,000.04929543,000.58290631,000.20
Tournament (k=2),Blend,Uniform,0.42436,0.05705,000.00000000,000.00050836,000.00029755,000.06588771,000.22
Tournament (k=2),Blend,Gaussian,0.94259,0.04023,000.00000000,000.00228066,000.00045204,000.42168865,000.50
Tournament (k=2),Blend,Gaussian,0.58741,0.09637,000.00000381,000.00419440,000.00444794,000.15720420,000.24
Tournament (k=2),Blend,Uniform,0.41200,0.10516,000.00007248,000.05739436,000.04651451,000.42030284,000.25
Tournament (k=2),Blend,Uniform,0.40000,0.17762,000.07986450,001.26752925,001.41026497,000.79814291,000.60
Tournament (k=2),Blend,Gaussian,0.68096,0.05705,000.00000000,000.00000954,000.00000000,000.10136111,000.28
Tournament (k=2),Blend,Gaussian,0.58741,0.02599,000.00000000,000.00000095,000.00000000,000.09967699,000.20
Tournament (k=2),Blend,Gaussian,0.70139,0.27490,000.13337708,001.40216517,001.67083168,000.79197305,000.33
Tournament (k=2),Blend,Gaussian,0.62318,0.23084,000.07027054,000.97968322,001.19168663,000.75531113,000.31
Tournament (k=2),Blend,Gaussian,0.97087,0.04791,000.00000000,000.00186067,000.00000000,000.31248567,000.21
Tournament (k=2),Blend,Gaussian,0.70139,0.07415,000.00000000,000.00018115,000.00010681,000.14001518,000.30
Tournament (k=2),Blend,Uniform,0.46371,0.03686,000.00000000,000.00074959,000.00028801,000.21873769,000.18
Tournament (k=2),Blend,Gaussian,0.74410,0.27490,000.09902191,001.54020834,001.84591866,000.85228312,000.63
Tournament (k=2),Blend,Gaussian,0.64187,0.04390,000.00000000,000.00000362,000.00000000,000.10202563,000.20
Tournament (k=2),Blend,Gaussian,1.00000,0.27490,000.40122223,002.02935719,002.33778191,000.93701643,000.86
Tournament (k=2),Blend,Uniform,0.42436,0.17762,000.04180145,001.25893855,001.53354073,000.88267863,000.29
Tournament (k=2),Blend,Gaussian,0.72243,0.05705,000.00000000,000.00001073,000.00000000,000.13887623,000.22
Tournament (k=2),Blend,Gaussian,0.50670,0.13667,000.00431824,000.09867444,000.10446739,000.31875736,000.83
Tournament (k=2),Blend,Uniform,0.41200,0.30000,000.12449646,002.54494572,002.84204674,001.25150192,000.31
Tournament (k=2),Blend,Gaussian,0.97087,0.05228,000.00000000,000.00145216,000.00002098,000.27090669,000.22
Tournament (k=2),Blend,Gaussian,0.78941,0.27490,000.18402863,001.72545207,002.15818214,000.91500062,000.33
Tournament (k=2),Blend,Gaussian,0.55369,0.25191,000.10403824,001.01128089,001.16984940,000.66615188,000.34
Tournament (k=2),Blend,Gaussian,0.94259,0.08092,000.00003815,000.02401137,000.01694679,000.27611831,000.25
Tournament (k=2),Blend,Uniform,0.43709,0.03378,000.00000000,000.00691390,000.00294495,000.34922832,000.17
Tournament (k=2),Blend,Gaussian,0.62318,0.25191,000.03330994,001.09097409,001.28941917,000.74672997,000.33
Tournament (k=2),Blend,Uniform,0.43709,0.10516,000.00019455,000.05871854,000.05528450,000.39334863,000.21
Tournament (k=2),Blend,Gaussian,0.78941,0.02837,000.00000000,000.00002446,000.00000000,000.31429708,000.25
Tournament (k=2),Blend,Uniform,0.47762,0.06226,000.00000000,000.00012031,000.00008583,000.10041324,000.19
Tournament (k=2),Blend,Gaussian,0.47762,0.04023,000.00000000,000.00006843,000.00001144,000.00342085,000.19
Tournament (k=2),Blend,Gaussian,0.49195,0.02382,000.00000000,000.00028052,000.00003815,000.19595982,000.23
Tournament (k=2),Blend,Uniform,0.50670,0.02000,000.00000000,000.04523330,000.00741768,000.45546594,000.21
Tournament (k=2),Blend,Uniform,0.46371,0.11476,000.00592804,000.27941221,000.23586655,000.57824057,000.22
Tournament (k=2),Blend,Gaussian,0.42436,0.03378,000.00000000,000.00014586,000.00004959,000.00551422,000.23
Tournament (k=2),Blend,Gaussian,0.62318,0.02599,000.00000000,000.00000234,000.00000000,000.23820390,000.19
Tournament (k=2),Blend,Gaussian,0.55369,0.02599,000.00000000,000.00003448,000.00000000,000.17357248,000.24
Tournament (k=2),Blend,Uniform,0.49195,0.10516,000.00028610,000.10527134,000.11012650,000.49097830,000.26
Tournament (k=2),Blend,Gaussian,0.64187,0.14915,000.01765823,000.30478787,000.28540421,000.49937135,001.02
Tournament (k=2),Blend,Gaussian,1.00000,0.10516,000.01017761,000.32401529,000.25623512,000.54047859,000.27
Tournament (k=2),Blend,Gaussian,0.66113,0.02837,000.00000000,000.00001736,000.00000000,000.22242923,000.19
Tournament (k=2),Blend,Gaussian,0.72243,0.16276,000.02978516,000.61208814,000.80739021,000.70224941,000.28
Tournament (k=2),Blend,Gaussian,0.81310,0.05228,000.00000000,000.00006061,000.00000000,000.24628918,000.28
Tournament (k=2),Blend,Gaussian,0.74410,0.03378,000.00000000,000.00000248,000.00000000,000.21921009,000.20
Tournament (k=2),Blend,Uniform,0.45020,0.19383,000.11872864,001.65486395,001.90720177,000.85861677,000.72
Tournament (k=2),Blend,Gaussian,0.68096,0.14915,000.02154541,000.40906945,000.38941193,000.53100306,000.81
Tournament (k=2),Blend,Uniform,0.40000,0.06795,000.00000000,000.00048270,000.00022697,000.01845498,000.82
Tournament (k=2),Blend,Uniform,0.49195,0.03686,000.00000000,000.00069976,000.00027084,000.28870022,000.18
Tournament (k=2),Blend,Uniform,0.47762,0.19383,000.11256409,001.75726545,002.06347084,000.88147211,000.96
Tournament (k=2),Blend,Uniform,0.41200,0.03378,000.00000000,000.01199207,000.00380898,000.38750002,000.20
Tournament (k=2),Blend,Gaussian,0.86261,0.14915,000.01346588,000.70262355,000.91504478,000.77339172,001.02
Tournament (k=2),Blend,Gaussian,0.57030,0.14915,000.01742935,000.23837408,000.24171829,000.43976244,000.77
Tournament (k=2),Blend,Gaussian,0.60503,0.16276,000.02893448,000.39083928,000.44506645,000.55327892,000.69
Tournament (k=2),Blend,Uniform,0.42436,0.06226,000.00000000,000.00041618,000.00023270,000.01273804,000.70
Tournament (k=2),Blend,Uniform,0.50670,0.06226,000.00000000,000.00013094,000.00005341,000.11842936,000.26
Tournament (k=2),Blend,Gaussian,0.62318,0.07415,000.00000000,000.00008640,000.00001907,000.11529458,000.23
Tournament (k=2),Blend,Gaussian,0.81310,0.16276,000.06276321,000.98338890,001.22976685,000.71044058,000.71
Tournament (k=2),Blend,Gaussian,0.66113,0.03095,000.00000000,000.00000196,000.00000000,000.14452571,000.19
Tournament (k=2),Blend,Gaussian,0.78941,0.10516,000.00159454,000.09276871,000.07462120,000.42162490,000.38
Tournament (k=2),Blend,Gaussian,0.83749,0.27490,000.19342041,001.74544299,002.09032631,001.03950942,000.90
Tournament (k=2),Blend,Gaussian,0.66113,0.30000,000.06191635,001.42784882,001.70159340,000.90485126,000.39
Tournament (k=2),Blend,Gaussian,1.00000,0.03378,000.00000000,000.00205975,000.00040627,000.47509247,000.21
Tournament (k=2),Blend,Gaussian,0.94259,0.27490,000.32577133,002.09816408,002.38621140,000.88701743,000.86
Tournament (k=2),Blend,Gaussian,0.66113,0.09637,000.00012970,000.01069865,000.01002312,000.12517115,000.88
Tournament (k=2),Blend,Uniform,0.52190,0.03686,000.00000000,000.00066028,000.00010109,000.26408678,000.35
Tournament (k=2),Blend,Gaussian,0.42436,0.30000,000.00475311,000.79891270,001.02881813,000.76633310,000.32
Tournament (k=2),Blend,Gaussian,0.88849,0.27490,000.26378632,001.87231541,002.15550041,000.89191663,000.50
Tournament (k=2),Blend,Gaussian,0.78941,0.03095,000.00000000,000.00000401,000.00000000,000.29170239,000.45
Tournament (k=2),Blend,Gaussian,0.70139,0.08092,000.00000000,000.00116982,000.00033951,000.07599170,000.75
Tournament (k=2),Blend,Gaussian,0.58741,0.27490,000.05382919,001.15250087,001.41673660,000.80540508,000.31
Tournament (k=2),Blend,Gaussian,0.52190,0.21153,000.03833008,000.79516846,001.06880379,000.57245678,000.64
Tournament (k=2),Blend,Gaussian,0.76642,0.19383,000.10698318,000.96028984,001.21802711,000.73786491,001.00
Tournament (k=2),Blend,Gaussian,0.88849,0.02837,000.00000000,000.00075364,000.00000000,000.41445121,000.19
Tournament (k=2),Blend,Gaussian,0.57030,0.04023,000.00000000,000.00000138,000.00000000,000.00492203,000.20
Tournament (k=2),Blend,Uniform,0.50670,0.19383,000.22101593,001.72065127,001.95930481,001.03707421,000.48
Tournament (k=2),Blend,Uniform,0.45020,0.02183,000.00000000,000.10442414,000.01319504,000.42780146,000.21
Tournament (k=2),Blend,Gaussian,0.72243,0.17762,000.13797760,000.81281269,001.00566483,000.60591590,000.43
Tournament (k=2),Blend,Gaussian,0.83749,0.02837,000.00000000,000.00257826,000.00001907,000.42512214,000.25
Tournament (k=2),Blend,Gaussian,0.88849,0.08830,000.00031281,000.03004456,000.02566910,000.26018670,000.25
Tournament (k=2),Blend,Uniform,0.52190,0.11476,000.00255585,000.42825145,000.50985336,000.64220667,000.23
Tournament (k=2),Blend,Gaussian,0.86261,0.05705,000.00000000,000.00082431,000.00002289,000.17926624,000.29
Tournament (k=2),Blend,Gaussian,0.49195,0.07415,000.00000000,000.00003352,000.00002480,000.00914786,000.28
Tournament (k=2),Blend,Uniform,0.53756,0.02183,000.00000000,000.02021241,000.00156593,000.40658012,000.17
Tournament (k=2),Blend,Gaussian,0.58741,0.02837,000.00000000,000.00001316,000.00000000,000.00858524,000.19
Tournament (k=2),Blend,Gaussian,0.97087,0.19383,000.19315720,001.51476550,001.78483772,000.83851087,000.32
Tournament (k=2),Blend,Gaussian,0.83749,0.08830,000.00010681,000.01899047,000.01636887,000.21217388,001.24
Tournament (k=2),Blend,Uniform,0.46371,0.04023,000.00000000,000.00138578,000.00039101,000.30758631,000.17
Tournament (k=2),Blend,Gaussian,0.74410,0.11476,000.00537109,000.09874120,000.09101868,000.42380983,000.71
Tournament (k=2),Blend,Gaussian,0.94259,0.04390,000.00000000,000.00320673,000.00018692,000.44975433,000.28
Tournament (k=2),Blend,Uniform,0.41200,0.11476,000.00186157,000.10834923,000.07579613,000.46299648,000.26
Tournament (k=2),Blend,Gaussian,0.46371,0.21153,000.02829742,000.41408142,000.44140244,000.55786252,000.63
Tournament (k=2),Blend,Uniform,0.49195,0.11476,000.00678253,000.38448149,000.35432625,000.67713392,000.61
Tournament (k=2),Blend,Gaussian,0.68096,0.06226,000.00000000,000.00004072,000.00000381,000.17002256,000.29
Tournament (k=2),Blend,Uniform,0.40000,0.19383,000.04618835,001.58569407,001.88393974,000.91596282,000.29
Tournament (k=2),Blend,Gaussian,0.64187,0.04791,000.00000000,000.00000305,000.00000000,000.14906310,000.21
Tournament (k=2),Blend,Gaussian,0.76642,0.04791,000.00000000,000.00000682,000.00000000,000.23290844,000.27
Tournament (k=2),Blend,Gaussian,0.91514,0.04791,000.00000000,000.00274754,000.00053787,000.32397354,000.28
Tournament (k=2),Blend,Gaussian,0.72243,0.06226,000.00000000,000.00040545,000.00004005,000.04249050,000.22
Tournament (k=2),Blend,Gaussian,0.74410,0.30000,000.07707214,001.69272208,001.95877647,000.80918813,001.10
Tournament (k=2),Blend,Gaussian,0.97087,0.05705,000.00000000,000.00121760,000.00002289,000.26403621,000.23
Tournament (k=2),Blend,Gaussian,0.81310,0.05705,000.00000000,000.00033369,000.00000572,000.17348433,000.68
Tournament (k=2),Blend,Uniform,0.53756,0.06795,000.00000000,000.00068879,000.00020218,000.21523303,000.25
Tournament (k=2),Blend,Uniform,0.42436,0.19383,000.13594055,001.39014781,001.65817070,001.01149845,000.30
Tournament (k=2),Blend,Gaussian,0.94259,0.08830,000.00063324,000.06275396,000.05649567,000.33087298,000.26
Tournament (k=2),Blend,Uniform,0.47762,0.06795,000.00000000,000.00020862,000.00008202,000.08303957,000.21
Tournament (k=2),Blend,Gaussian,0.55369,0.27490,000.04913330,001.12848568,001.34673882,000.74536961,000.32
Tournament (k=2),Blend,Uniform,0.50670,0.02183,000.00000000,000.08849168,000.00369644,000.45878574,000.21
Tournament (k=2),Blend,Gaussian,0.62318,0.27490,000.03125381,001.26378405,001.48583603,000.80354255,000.32
Tournament (k=2),Blend,Gaussian,0.78941,0.30000,000.17511749,001.72234154,001.98762894,000.88498098,000.35
Tournament (k=2),Blend,Uniform,0.45020,0.06226,000.00000000,000.00031576,000.00017738,000.17000082,000.23
Tournament (k=2),Blend,Uniform,0.46371,0.12524,000.00291443,000.49202675,000.58495522,000.60175079,000.25
Tournament (k=2),Blend,Gaussian,0.86261,0.06226,000.00000000,000.00055075,000.00001717,000.20730469,000.39
Tournament (k=2),Blend,Gaussian,1.00000,0.30000,000.47456360,002.13831925,002.41439247,001.03322494,000.45
Tournament (k=2),Blend,Gaussian,0.68096,0.06795,000.00000000,000.00013070,000.00003052,000.04344640,000.30
Tournament (k=2),Blend,Gaussian,0.88849,0.30000,000.14000702,002.07804799,002.49367142,000.98939079,000.57
Tournament (k=2),Blend,Gaussian,0.83749,0.09637,000.00049591,000.03080831,000.02906036,000.25808889,000.34
Tournament (k=2),Blend,Gaussian,0.55369,0.02837,000.00000000,000.00006151,000.00000000,000.09896150,000.23
Tournament (k=2),Blend,Gaussian,0.74410,0.03686,000.00000000,000.00003767,000.00000000,000.13190803,000.20
Tournament (k=2),Blend,Uniform,0.53756,0.07415,000.00000000,000.00134449,000.00045967,000.10329038,000.25
Tournament (k=2),Blend,Gaussian,0.76642,0.05228,000.00000000,000.00015488,000.00000000,000.22634764,000.28
Tournament (k=2),Blend,Gaussian,0.43709,0.19383,000.03829193,000.32477656,000.31692123,000.43796858,000.28
Tournament (k=2),Blend,Uniform,0.49195,0.04023,000.00000000,000.00068173,000.00014496,000.17186914,000.18
Tournament (k=2),Blend,Uniform,0.50670,0.02382,000.00000000,000.00296121,000.00081253,000.35010359,000.20
Tournament (k=2),Blend,Gaussian,0.81310,0.02000,000.00000000,000.05193443,000.00000000,000.55839378,000.21
Tournament (k=2),Blend,Gaussian,0.97087,0.21153,000.09762573,001.66699672,001.99163246,000.88010007,000.47
Tournament (k=2),Blend,Gaussian,0.81310,0.06226,000.00000000,000.00011964,000.00000763,000.15882570,000.35
Tournament (k=2),Blend,Gaussian,0.76642,0.02000,000.00000000,000.00006156,000.00000000,000.31263152,000.38
Tournament (k=2),Blend,Uniform,0.45020,0.21153,000.16333008,001.94325483,002.23395538,000.96995348,000.27
Tournament (k=2),Blend,Uniform,0.41200,0.03686,000.00000000,000.00701027,000.00301361,000.29735360,000.21
Tournament (k=2),Blend,Gaussian,0.68096,0.16276,000.04763031,000.57423508,000.69549370,000.60049272,000.31
Tournament (k=2),Blend,Gaussian,0.91514,0.14915,000.06360626,000.76714259,001.06565666,000.73038369,000.38
Tournament (k=2),Blend,Uniform,0.50670,0.06795,000.00000000,000.00010467,000.00004959,000.10313683,000.20
Tournament (k=2),Blend,Uniform,0.42436,0.06795,000.00000000,000.00047021,000.00013542,000.09970749,000.23
Tournament (k=2),Blend,Gaussian,0.66113,0.03378,000.00000000,000.00000319,000.00000000,000.13954175,000.19
Tournament (k=2),Blend,Uniform,0.47762,0.21153,000.17323303,002.01050305,002.40595055,001.13134396,000.30
Tournament (k=2),Blend,Gaussian,0.62318,0.08092,000.00000000,000.00062332,000.00026703,000.16164036,000.23
Tournament (k=2),Blend,Gaussian,0.62318,0.30000,000.04778290,001.24070847,001.41710091,000.73201764,000.40
Tournament (k=2),Blend,Gaussian,1.00000,0.03686,000.00000000,000.00413294,000.00014305,000.43752936,000.20
Tournament (k=2),Blend,Gaussian,0.86261,0.16276,000.04284286,000.80958998,001.05044937,000.73115355,000.35
Tournament (k=2),Blend,Gaussian,0.68096,0.02000,000.00000000,000.00002403,000.00000000,000.25432360,000.24
Tournament (k=2),Blend,Gaussian,0.76642,0.02183,000.00000000,000.00000787,000.00000000,000.28992853,000.22
Tournament (k=2),Blend,Gaussian,0.57030,0.16276,000.00196838,000.38283530,000.37970161,000.51316059,000.36
Tournament (k=2),Blend,Gaussian,0.43709,0.02000,000.00000000,000.00139079,000.00049400,000.22423084,000.17
Tournament (k=2),Blend,Gaussian,0.60503,0.17762,000.01608276,000.54156315,000.62472725,000.66750520,000.39
Tournament (k=2),Blend,Uniform,0.41200,0.04023,000.00000000,000.00365853,000.00201035,000.27241844,000.24
Tournament (k=2),Blend,Gaussian,0.81310,0.17762,000.04959869,000.98302937,001.24691963,000.72858560,000.36
Tournament (k=2),Blend,Gaussian,0.78941,0.11476,000.00839996,000.14546522,000.15194321,000.44959807,000.34
Tournament (k=2),Blend,Uniform,0.45020,0.23084,000.29434204,002.06538630,002.35047150,001.08938861,000.32
Tournament (k=2),Blend,Gaussian,0.88849,0.03095,000.00000000,000.00088196,000.00014877,000.36066934,000.19
Tournament (k=2),Blend,Gaussian,0.78941,0.03378,000.00000000,000.00005097,000.00000000,000.29598138,000.26
Tournament (k=2),Blend,Gaussian,0.57030,0.04390,000.00000000,000.00000157,000.00000000,000.09899934,000.21
Tournament (k=2),Blend,Gaussian,0.83749,0.30000,000.20876312,001.89563596,002.12245941,000.99459112,000.44
Tournament (k=2),Blend,Uniform,0.45020,0.02382,000.00000000,000.12662359,000.01132965,000.49419853,000.20
Tournament (k=2),Blend,Gaussian,0.91514,0.16276,000.04793549,000.96705550,001.21618843,000.85334170,000.37
Tournament (k=2),Blend,Gaussian,0.68096,0.17762,000.06587219,000.74687135,000.95447540,000.62109011,000.37
Tournament (k=2),Blend,Gaussian,0.70139,0.08830,000.00001526,000.00429893,000.00437355,000.14849925,000.31
Tournament (k=2),Blend,Gaussian,0.58741,0.30000,000.01198578,001.23384869,001.49244308,000.72034085,000.32
Tournament (k=2),Blend,Gaussian,0.70139,0.30000,000.08454895,001.52104187,001.77089691,000.83930236,000.33
Tournament (k=2),Blend,Gaussian,0.83749,0.03095,000.00000000,000.00035162,000.00000000,000.36091048,000.26
Tournament (k=2),Blend,Gaussian,0.88849,0.09637,000.00070190,000.08357601,000.07474136,000.38586709,000.26
Tournament (k=2),Blend,Uniform,0.50670,0.21153,000.59386444,002.02659535,002.34981918,001.04436409,000.31
Tournament (k=2),Blend,Uniform,0.46371,0.04390,000.00000000,000.00051808,000.00010681,000.17465703,000.18
Tournament (k=2),Blend,Uniform,0.53756,0.21153,000.54121780,002.01026201,002.28283119,001.11608160,000.26
Tournament (k=2),Blend,Uniform,0.52190,0.12524,000.05127716,000.63882625,000.89243317,000.71539265,000.27
Tournament (k=2),Blend,Gaussian,0.88849,0.03378,000.00000000,000.00031838,000.00000000,000.38294098,000.20
Tournament (k=2),Blend,Gaussian,0.72243,0.19383,000.07753754,001.02495646,001.21893692,000.69477999,000.33
Tournament (k=2),Blend,Gaussian,0.76642,0.21153,000.17007446,001.16915488,001.47051620,000.79765004,000.40
Tournament (k=2),Blend,Gaussian,0.52190,0.23084,000.01035309,000.69489968,000.98322868,000.67174888,000.41
Tournament (k=2),Blend,Uniform,0.42436,0.02000,000.00000000,000.14995089,000.02250290,000.51135606,000.20
Tournament (k=2),Blend,Gaussian,0.78941,0.12524,000.01567459,000.40965110,000.40595055,000.62357754,000.33
Tournament (k=2),Blend,Gaussian,0.57030,0.04791,000.00000000,000.00000162,000.00000000,000.09899371,000.25
Tournament (k=2),Blend,Uniform,0.55369,0.04023,000.00000000,000.00007429,000.00000954,000.25377828,000.21
Tournament (k=2),Blend,Uniform,0.45020,0.25191,000.02127838,002.24258041,002.57332230,001.30929935,000.33
Tournament (k=2),Blend,Gaussian,0.52190,0.02599,000.00000000,000.00008545,000.00000763,000.11121932,000.19
Tournament (k=2),Blend,Gaussian,0.64187,0.05228,000.00000000,000.00000062,000.00000000,000.00850620,000.21
Tournament (k=2),Blend,Gaussian,0.94259,0.04791,000.00000000,000.00168200,000.00000954,000.41900763,000.29
Tournament (k=2),Blend,Uniform,0.49195,0.12524,000.00093079,000.44995737,000.41669464,000.71228671,000.24
Tournament (k=2),Blend,Uniform,0.40000,0.21153,000.08596039,001.56358659,001.82585335,000.98900867,000.25
Tournament (k=2),Blend,Gaussian,0.62318,0.02837,000.00000000,000.00000625,000.00000000,000.01032232,000.19
Tournament (k=2),Blend,Uniform,0.47762,0.02000,000.00000000,000.06177707,000.00219917,000.42273211,000.21
Tournament (k=2),Blend,Gaussian,0.70139,0.09637,000.00005341,000.01635375,000.01295662,000.22873838,000.31
Tournament (k=2),Blend,Gaussian,0.74410,0.12524,000.00661087,000.37965494,000.32779884,000.59672195,000.34
Tournament (k=2),Blend,Gaussian,0.97087,0.06226,000.00000000,000.00333018,000.00032616,000.23881146,000.23
Tournament (k=2),Blend,Gaussian,0.72243,0.06795,000.00000000,000.00003085,000.00000763,000.10435236,000.27
Tournament (k=2),Blend,Gaussian,0.91514,0.05228,000.00000000,000.00039525,000.00000000,000.29446217,000.29
Tournament (k=2),Blend,Uniform,0.47762,0.07415,000.00000000,000.00028234,000.00012589,000.14263131,000.20
Tournament (k=2),Blend,Uniform,0.42436,0.21153,000.22617340,001.69390142,002.05363846,000.99326164,000.30
Tournament (k=2),Blend,Gaussian,0.57030,0.05228,000.00000000,000.00000420,000.00000000,000.00032428,000.23
Tournament (k=2),Blend,Uniform,0.40000,0.07415,000.00000000,000.00039225,000.00024796,000.17017742,000.23
Tournament (k=2),Blend,Uniform,0.45020,0.06795,000.00000000,000.00012684,000.00005531,000.02546668,000.23
Tournament (k=2),Blend,Uniform,0.40000,0.02000,000.00000000,000.21382460,000.07274055,000.47584876,000.20
Tournament (k=2),Blend,Gaussian,0.91514,0.02000,000.00000000,000.09207974,000.00019455,000.55491227,000.19
Tournament (k=2),Blend,Gaussian,0.64187,0.16276,000.03462982,000.52318966,000.61207581,000.62399977,000.37
Tournament (k=2),Blend,Uniform,0.46371,0.13667,000.05082703,000.60613161,000.70040131,000.64998430,000.24
Tournament (k=2),Blend,Gaussian,0.76642,0.23084,000.25955200,001.26428282,001.48819542,000.75124472,000.38
Tournament (k=2),Blend,Gaussian,0.62318,0.03095,000.00000000,000.00000153,000.00000000,000.14025058,000.20
Tournament (k=2),Blend,Gaussian,0.94259,0.09637,000.00312424,000.16079159,000.18263054,000.47072244,000.34
Tournament (k=2),Blend,Uniform,0.47762,0.02183,000.00000000,000.03675575,000.00364685,000.46244237,000.24
Tournament (k=2),Blend,Gaussian,0.86261,0.06795,000.00000000,000.00046158,000.00012016,000.10762251,000.30
Tournament (k=2),Blend,Uniform,0.55369,0.12524,000.02101135,000.77080041,001.06751251,000.81268919,000.29
Tournament (k=2),Blend,Gaussian,0.74410,0.04023,000.00000000,000.00001793,000.00000000,000.35645589,000.20
Tournament (k=2),Blend,Uniform,0.57030,0.02382,000.00000000,000.00219131,000.00005722,000.41594577,000.17
Tournament (k=2),Blend,Uniform,0.49195,0.04390,000.00000000,000.00034275,000.00007248,000.20305565,000.18
Tournament (k=2),Blend,Uniform,0.53756,0.08092,000.00000000,000.00526600,000.00199890,000.19672161,000.25
Tournament (k=2),Blend,Gaussian,0.74410,0.13667,000.04017639,000.43691182,000.39076805,000.62092042,000.33
Tournament (k=2),Blend,Gaussian,0.97087,0.06795,000.00000000,000.00307741,000.00054932,000.14672539,000.31
Tournament (k=2),Blend,Gaussian,0.72243,0.07415,000.00000000,000.00117340,000.00020409,000.16943467,000.29
Tournament (k=2),Blend,Gaussian,0.81310,0.02183,000.00000000,000.00079474,000.00000000,000.46886149,000.19
Tournament (k=2),Blend,Gaussian,0.83749,0.10516,000.00150681,000.12297992,000.13142586,000.37269640,000.36
Tournament (k=2),Blend,Gaussian,0.76642,0.05705,000.00000000,000.00009489,000.00000000,000.10634821,000.28
Tournament (k=2),Blend,Uniform,0.50670,0.02599,000.00000000,000.07583547,000.00215530,000.48365226,000.23
Tournament (k=2),Blend,Uniform,0.50670,0.07415,000.00000000,000.00044360,000.00027847,000.19793756,000.20
Tournament (k=2),Blend,Uniform,0.46371,0.14915,000.03622437,000.97911417,001.18048668,000.81136799,000.27
Tournament (k=2),Blend,Gaussian,0.81310,0.06795,000.00000000,000.00034413,000.00003815,000.14966246,000.30
Tournament (k=2),Blend,Gaussian,0.66113,0.03686,000.00000000,000.00000277,000.00000000,000.17454974,000.20
Tournament (k=2),Blend,Gaussian,0.66113,0.10516,000.00083923,000.03124366,000.03297997,000.28515193,000.32
Tournament (k=2),Blend,Gaussian,0.64187,0.02000,000.00000000,000.00001912,000.00000000,000.29989988,000.18
Tournament (k=2),Blend,Gaussian,0.97087,0.23084,000.35326767,001.76202035,002.19002151,000.95651984,000.34
Tournament (k=2),Blend,Gaussian,0.62318,0.08830,000.00000381,000.00176115,000.00127411,000.02962990,000.24
Tournament (k=2),Blend,Gaussian,0.86261,0.07415,000.00000381,000.00434384,000.00104332,000.14743792,000.30
Tournament (k=2),Blend,Gaussian,1.00000,0.04023,000.00000000,000.01879206,000.00013161,000.55870444,000.24
Tournament (k=2),Blend,Gaussian,0.68096,0.02183,000.00000000,000.00000358,000.00000000,000.30386105,000.24
Tournament (k=2),Blend,Uniform,0.47762,0.23084,000.27933884,001.92627645,002.18507004,001.07738125,000.31
Tournament (k=2),Blend,Gaussian,0.76642,0.02382,000.00000000,000.00004625,000.00000000,000.42160678,000.25
Tournament (k=2),Blend,Uniform,0.41200,0.04390,000.00000000,000.00094948,000.00041962,000.24100910,000.22
Tournament (k=2),Blend,Uniform,0.57030,0.07415,000.00000000,000.00051708,000.00013733,000.10453016,000.25
Tournament (k=2),Blend,Uniform,0.43709,0.03686,000.00000000,000.00323572,000.00124359,000.24875303,000.17
Tournament (k=2),Blend,Uniform,0.58741,0.04390,000.00000000,000.00007448,000.00000000,000.28989014,000.23
Tournament (k=2),Blend,Uniform,0.57030,0.23084,000.41325760,002.57346988,002.90615463,001.16430140,000.26
Tournament (k=2),Blend,Gaussian,0.94259,0.30000,000.36176682,002.29614925,002.61037445,000.95482785,000.46
Tournament (k=2),Blend,Uniform,0.50670,0.08092,000.00000000,000.00211225,000.00109673,000.17846964,000.21
Tournament (k=2),Blend,Gaussian,0.86261,0.17762,000.07922745,001.16822743,001.40532875,000.77677256,000.31
Tournament (k=2),Blend,Gaussian,0.76642,0.25191,000.12707901,001.44873393,001.73638535,000.79893059,000.46
Tournament (k=2),Blend,Uniform,0.43709,0.11476,000.00143814,000.22097306,000.16696739,000.53763998,000.22
Tournament (k=2),Blend,Gaussian,0.78941,0.03686,000.00000000,000.00010772,000.00000000,000.21723919,000.26
Tournament (k=2),Blend,Uniform,0.46371,0.16276,000.07030487,001.18643379,001.45662308,000.92456430,000.27
Tournament (k=2),Blend,Uniform,0.45020,0.02599,000.00000000,000.01619968,000.00231171,000.41655686,000.21
Tournament (k=2),Blend,Gaussian,0.86261,0.02000,000.00000000,000.00823045,000.00000000,000.46493095,000.25
Tournament (k=2),Blend,Gaussian,0.72243,0.02000,000.00000000,000.00001631,000.00000000,000.36365110,000.18
Tournament (k=2),Blend,Gaussian,0.81310,0.19383,000.08602905,001.14213657,001.38351059,000.75086951,000.40
Tournament (k=2),Blend,Uniform,0.43709,0.04023,000.00000000,000.00303698,000.00069618,000.25252685,000.22
Tournament (k=2),Blend,Uniform,0.46371,0.04791,000.00000000,000.00041728,000.00021553,000.21652736,000.22
Tournament (k=2),Blend,Uniform,0.58741,0.13667,000.19213867,001.27831554,001.46217537,000.83271587,000.24
Tournament (k=2),Blend,Gaussian,0.88849,0.03686,000.00000000,000.00850778,000.00015831,000.48870474,000.21
Tournament (k=2),Blend,Uniform,0.41200,0.12524,000.00568390,000.39539686,000.38124084,000.65193748,000.26
Tournament (k=2),Blend,Gaussian,0.97087,0.02000,000.00000000,000.14437404,000.00105858,000.56323987,000.24
Tournament (k=2),Blend,Gaussian,1.00000,0.04390,000.00000000,000.00203562,000.00010300,000.27656144,000.30
Tournament (k=2),Blend,Uniform,0.52190,0.13667,000.09619904,001.18666530,001.39948654,000.86274928,000.24
Tournament (k=2),Blend,Gaussian,0.83749,0.03378,000.00000000,000.00059872,000.00000000,000.31020713,000.27
Tournament (k=2),Blend,Gaussian,0.88849,0.10516,000.00744629,000.12857275,000.11504936,000.34177873,000.27
Tournament (k=2),Blend,Uniform,0.50670,0.08830,000.00000763,000.01589804,000.00733185,000.31320927,000.26
Tournament (k=2),Blend,Uniform,0.57030,0.25191,000.70656967,002.57706404,002.88475800,001.36900747,000.31
Tournament (k=2),Blend,Uniform,0.42436,0.02183,000.00000000,000.13676195,000.02376938,000.54007083,000.20
Tournament (k=2),Blend,Gaussian,0.78941,0.04023,000.00000000,000.00036364,000.00000000,000.28795347,000.22
Tournament (k=2),Blend,Uniform,0.60503,0.02599,000.00000000,000.01658244,000.00002861,000.46183050,000.18
Tournament (k=2),Blend,Gaussian,0.91514,0.17762,000.28490829,001.31283224,001.53181648,000.72570688,000.40
Tournament (k=2),Blend,Gaussian,1.00000,0.11476,000.01187897,000.50015235,000.50461388,000.57903844,000.27
Tournament (k=2),Blend,Uniform,0.55369,0.04390,000.00000000,000.00006022,000.00001144,000.00998752,000.21
Tournament (k=2),Blend,Uniform,0.60503,0.08092,000.00000000,000.01512747,000.01193428,000.27792108,000.21
Tournament (k=2),Blend,Gaussian,0.64187,0.05705,000.00000000,000.00000105,000.00000000,000.00239011,000.22
Tournament (k=2),Blend,Uniform,0.47762,0.08092,000.00000000,000.00144444,000.00069046,000.15101780,000.23
Tournament (k=2),Blend,Uniform,0.40000,0.23084,000.22736359,001.82071686,002.25942802,001.27032447,000.26
Tournament (k=2),Blend,Uniform,0.62318,0.04791,000.00000000,000.00008545,000.00000381,000.27800956,000.19
Tournament (k=2),Blend,Gaussian,1.00000,0.04791,000.00000000,000.00261121,000.00000000,000.39859638,000.27
Tournament (k=2),Blend,Gaussian,0.94259,0.05228,000.00000000,000.00208974,000.00003815,000.37932155,000.29
Tournament (k=2),Blend,Uniform,0.49195,0.13667,000.05180359,000.74669421,001.00186539,000.71725190,000.28
Tournament (k=2),Blend,Gaussian,0.86261,0.19383,000.19561386,001.37943268,001.61006165,000.76537734,000.45
Tournament (k=2),Blend,Uniform,0.45020,0.27490,000.83074188,002.47046065,002.77539825,001.06352067,000.31
Tournament (k=2),Blend,Uniform,0.60503,0.25191,000.26671600,002.87563777,003.35594368,001.23029077,000.29
Tournament (k=2),Blend,Uniform,0.40000,0.02183,000.00000000,000.10117135,000.02368736,000.46457067,000.20
Tournament (k=2),Blend,Uniform,0.45020,0.07415,000.00000000,000.00062399,000.00037003,000.05595436,000.21
Tournament (k=2),Blend,Gaussian,0.78941,0.13667,000.00273132,000.47438845,000.48577881,000.61744857,000.43
Tournament (k=2),Blend,Uniform,0.40000,0.08092,000.00000000,000.00244432,000.00113869,000.16586773,000.24
Tournament (k=2),Blend,Gaussian,0.83749,0.03686,000.00000000,000.00220494,000.00000000,000.36104581,000.33
Tournament (k=2),Blend,Gaussian,0.91514,0.02183,000.00000000,000.05705867,000.00027084,000.60468924,000.26
Tournament (k=2),Blend,Uniform,0.42436,0.23084,000.35483551,002.13428545,002.45776749,001.09098649,000.31
Tournament (k=2),Blend,Gaussian,0.62318,0.03378,000.00000000,000.00000253,000.00000000,000.08026713,000.20
Tournament (k=2),Blend,Uniform,0.52190,0.04023,000.00000000,000.00011301,000.00002861,000.17446023,000.23
Tournament (k=2),Blend,Uniform,0.57030,0.02599,000.00000000,000.00264711,000.00004578,000.38001108,000.18
Tournament (k=2),Blend,Uniform,0.47762,0.02382,000.00000000,000.05368318,000.00263214,000.44542262,000.22
Tournament (k=2),Blend,Gaussian,0.94259,0.10516,000.00286865,000.24388070,000.21059036,000.47273412,000.28
Tournament (k=2),Blend,Gaussian,0.74410,0.04390,000.00000000,000.00000896,000.00000000,000.21690467,000.20
Tournament (k=2),Blend,Gaussian,0.64187,0.06226,000.00000000,000.00003533,000.00000381,000.13993898,000.28
Tournament (k=2),Blend,Gaussian,0.64187,0.17762,000.01689911,000.71564174,001.00821114,000.59379566,000.35
Tournament (k=2),Blend,Uniform,0.64187,0.02837,000.00000000,000.00017500,000.00000191,000.34322873,000.19
Tournament (k=2),Blend,Uniform,0.53756,0.08830,000.00000763,000.02378769,000.00768661,000.31747207,000.25
Tournament (k=2),Blend,Uniform,0.55369,0.13667,000.01972961,000.99089700,001.22362137,000.85359365,000.29
Tournament (k=2),Blend,Uniform,0.62318,0.14915,000.09103394,001.71571279,001.88595009,000.83801830,000.25
Tournament (k=2),Blend,Uniform,0.53756,0.02382,000.00000000,000.06371279,000.00036812,000.46039259,000.17
Tournament (k=2),Blend,Uniform,0.40000,0.25191,000.33071899,002.04419684,002.42016983,001.23175550,000.29
Tournament (k=2),Blend,Uniform,0.45020,0.08092,000.00000000,000.00133324,000.00121689,000.16952704,000.25
Tournament (k=2),Blend,Uniform,0.50670,0.02837,000.00000000,000.00377831,000.00114059,000.35829499,000.22
Tournament (k=2),Blend,Gaussian,0.97087,0.07415,000.00000763,000.01922665,000.00925064,000.28101152,000.28
Tournament (k=2),Blend,Gaussian,0.94259,0.05705,000.00000000,000.00178547,000.00028229,000.23374808,000.30
Tournament (k=2),Blend,Gaussian,0.76642,0.06226,000.00000000,000.00015922,000.00002098,000.17389964,000.29
Tournament (k=2),Blend,Uniform,0.64187,0.08830,000.00016022,000.12024717,000.10012627,000.44469291,000.27
Tournament (k=2),Blend,Uniform,0.66113,0.05228,000.00000000,000.00002337,000.00000000,000.15900074,000.20
Tournament (k=2),Blend,Gaussian,0.83749,0.11476,000.00511169,000.25192827,000.24814034,000.46569765,000.35
Tournament (k=2),Blend,Uniform,0.47762,0.02599,000.00000000,000.02270970,000.00087738,000.55392200,000.21
Tournament (k=2),Blend,Gaussian,0.62318,0.09637,000.00009155,000.00780611,000.00673294,000.11783173,000.24
Tournament (k=2),Blend,Uniform,0.53756,0.02599,000.00000000,000.00045242,000.00008392,000.39594644,000.17
Tournament (k=2),Blend,Gaussian,0.81310,0.07415,000.00000000,000.00319514,000.00083351,000.19223143,000.30
Tournament (k=2),Blend,Uniform,0.64187,0.27490,001.17874527,003.33416104,003.68913841,001.31647265,000.27
Tournament (k=2),Blend,Gaussian,0.86261,0.08092,000.00003052,000.00694265,000.00464439,000.11852613,000.28
Tournament (k=2),Blend,Gaussian,0.76642,0.02599,000.00000000,000.00000410,000.00000000,000.22067152,000.25
Tournament (k=2),Blend,Uniform,0.47762,0.25191,000.11864853,002.28244638,002.71282578,001.30186605,000.28
Tournament (k=2),Blend,Gaussian,0.97087,0.25191,000.44937897,002.24089098,002.62576675,000.94853699,000.35
Tournament (k=2),Blend,Uniform,0.57030,0.08092,000.00000000,000.00837498,000.00489044,000.25207719,000.26
Tournament (k=2),Blend,Uniform,0.66113,0.16276,000.22638321,001.96860063,002.38864326,001.09890902,000.32
Tournament (k=2),Blend,Uniform,0.40000,0.27490,000.22262192,002.27525878,002.55614471,001.11739862,000.30
Tournament (k=2),Blend,Gaussian,0.68096,0.19383,000.02690506,000.81236875,001.14143562,000.75994271,000.38
Tournament (k=2),Blend,Uniform,0.45020,0.02837,000.00000000,000.00880070,000.00204659,000.45458546,000.17
Tournament (k=2),Blend,Uniform,0.43709,0.12524,000.00852585,000.49368644,000.59340858,000.72779691,000.23
Tournament (k=2),Blend,Uniform,0.50670,0.23084,000.48548508,002.16492391,002.50904846,001.09589934,000.32
Tournament (k=2),Blend,Uniform,0.68096,0.03095,000.00000000,000.00021544,000.00000000,000.35181612,000.24
Tournament (k=2),Blend,Gaussian,0.94259,0.06226,000.00000000,000.00135484,000.00008202,000.32913706,000.32
Tournament (k=2),Blend,Gaussian,0.97087,0.08092,000.00019836,000.03739648,000.02674294,000.32265723,000.33
Tournament (k=2),Blend,Gaussian,0.72243,0.02183,000.00000000,000.00004463,000.00000000,000.31992909,000.19
Tournament (k=2),Blend,Uniform,0.46371,0.17762,000.08367157,001.63188243,001.81971741,001.05059302,000.25
Tournament (k=2),Blend,Uniform,0.43709,0.04390,000.00000000,000.00085373,000.00047112,000.14326398,000.18
Tournament (k=2),Blend,Uniform,0.46371,0.05228,000.00000000,000.00015855,000.00004959,000.23587318,000.19
Tournament (k=2),Blend,Gaussian,0.86261,0.02183,000.00000000,000.04311218,000.00000000,000.54324830,000.25
Tournament (k=2),Blend,Gaussian,0.72243,0.21153,000.06025696,001.05084312,001.26792145,000.81251472,000.40
Tournament (k=2),Blend,Gaussian,0.88849,0.04023,000.00000000,000.01104078,000.00019836,000.48112243,000.21
Tournament (k=2),Blend,Gaussian,0.97087,0.02183,000.00000000,000.03940167,000.00046539,000.57171136,000.20
Tournament (k=2),Blend,Gaussian,0.52190,0.25191,000.07722092,000.89591104,001.16998291,000.73022592,000.40
Tournament (k=2),Blend,Uniform,0.68096,0.09637,000.00710297,000.51296729,000.59853745,000.69364047,000.28
Tournament (k=2),Blend,Uniform,0.41200,0.13667,000.00660706,000.62472045,000.75945282,000.69817805,000.28
Tournament (k=2),Blend,Uniform,0.42436,0.02382,000.00000000,000.02041302,000.00949669,000.46138743,000.21
Tournament (k=2),Blend,Uniform,0.50670,0.09637,000.00059128,000.04561229,000.03746223,000.35151193,000.22
Tournament (k=2),Blend,Uniform,0.43709,0.04791,000.00000000,000.00084248,000.00041389,000.18264723,000.18
Tournament (k=2),Blend,Gaussian,0.81310,0.21153,000.05088043,001.18969560,001.39297676,000.75840348,000.40
Tournament (k=2),Blend,Gaussian,0.72243,0.02382,000.00000000,000.00000029,000.00000000,000.24800153,000.22
Tournament (k=2),Blend,Uniform,0.46371,0.05705,000.00000000,000.00104632,000.00015831,000.18594743,000.20
Tournament (k=2),Blend,Uniform,0.52190,0.14915,000.04405212,001.12086082,001.33434677,000.88520116,000.29
Tournament (k=2),Blend,Uniform,0.57030,0.27490,001.04868317,002.83567548,003.22797394,001.29004824,000.28
Tournament (k=2),Blend,Gaussian,0.70139,0.10516,000.00081635,000.03908682,000.03612518,000.27876213,000.32
Tournament (k=2),Blend,Gaussian,0.91514,0.05705,000.00000000,000.00166507,000.00001907,000.23590958,000.30
Tournament (k=2),Blend,Gaussian,0.86261,0.02382,000.00000000,000.04857998,000.00002098,000.47537923,000.24
Tournament (k=2),Blend,Gaussian,0.97087,0.08830,000.00066757,000.06921458,000.06477547,000.44429424,000.32
Tournament (k=2),Blend,Uniform,0.62318,0.05228,000.00000000,000.00003233,000.00000381,000.13459596,000.19
Tournament (k=2),Blend,Gaussian,0.88849,0.11476,000.02201843,000.34858435,000.35359192,000.54977161,000.35
Tournament (k=2),Blend,Gaussian,0.91514,0.19383,000.01391602,001.36699986,001.79141808,000.85144204,000.31
Tournament (k=2),Blend,Gaussian,1.00000,0.05228,000.00000000,000.00226727,000.00001717,000.20705308,000.23
Tournament (k=2),Blend,Uniform,0.47762,0.08830,000.00000000,000.01104469,000.00360107,000.26528910,000.25
Tournament (k=2),Blend,Uniform,0.49195,0.04791,000.00000000,000.00028901,000.00009346,000.17343694,000.19
Tournament (k=2),Blend,Uniform,0.42436,0.07415,000.00000000,000.00047259,000.00029373,000.16948347,000.24
Tournament (k=2),Blend,Uniform,0.40000,0.02382,000.00000000,000.01927929,000.00627899,000.39438033,000.21
Tournament (k=2),Blend,Gaussian,0.81310,0.02382,000.00000000,000.00007892,000.00000000,000.40436515,000.19
Tournament (k=2),Blend,Gaussian,0.72243,0.23084,000.14498901,001.31594443,001.52446938,000.74703342,000.36
Tournament (k=2),Blend,Uniform,0.49195,0.14915,000.08672333,001.13706255,001.43596268,000.85927528,000.29
Tournament (k=2),Blend,Uniform,0.45020,0.30000,000.33660889,002.56469107,002.88555336,001.28600550,000.29
Tournament (k=2),Blend,Uniform,0.40000,0.08830,000.00000381,000.00238605,000.00216103,000.20386958,000.24
Tournament (k=2),Blend,Gaussian,0.58741,0.03095,000.00000000,000.00000720,000.00000000,000.13940305,000.19
Tournament (k=2),Blend,Uniform,0.62318,0.05705,000.00000000,000.00003715,000.00000763,000.21661809,000.21
Tournament (k=2),Blend,Gaussian,0.91514,0.02382,000.00000000,000.02014742,000.00008774,000.58210897,000.26
Tournament (k=2),Blend,Uniform,0.57030,0.02837,000.00000000,000.00068679,000.00005531,000.45971605,000.21
Tournament (k=2),Blend,Uniform,0.60503,0.27490,000.69953537,002.85914183,002.92912674,001.25485075,000.33
Tournament (k=2),Blend,Gaussian,0.86261,0.02599,000.00000000,000.00028167,000.00000000,000.32015523,000.25
Tournament (k=2),Blend,Uniform,0.49195,0.05228,000.00000000,000.00016518,000.00006866,000.14509073,000.19
Tournament (k=2),Blend,Gaussian,1.00000,0.05705,000.00000000,000.00066261,000.00001907,000.26497516,000.23
Tournament (k=2),Blend,Uniform,0.47762,0.09637,000.00001526,000.01775770,000.01805496,000.24067865,000.22
Tournament (k=2),Blend,Gaussian,0.70139,0.11476,000.00330353,000.10130062,000.11454964,000.36653182,000.34
Tournament (k=2),Blend,Gaussian,0.86261,0.21153,000.10362244,001.52930939,001.86247253,000.85773802,000.41
Tournament (k=2),Blend,Uniform,0.40000,0.02599,000.00000000,000.03581438,000.02207184,000.42651176,000.20
Tournament (k=2),Blend,Gaussian,0.78941,0.14915,000.05445862,000.57599103,000.69953537,000.65209597,000.38
Tournament (k=2),Blend,Uniform,0.64187,0.03095,000.00000000,000.00040894,000.00000572,000.35534316,000.18
Tournament (k=2),Blend,Gaussian,0.88849,0.12524,000.01440430,000.44213209,000.46283913,000.60896301,000.34
Tournament (k=2),Blend,Uniform,0.46371,0.02000,000.00000000,000.19292788,000.02246284,000.55481452,000.18
Tournament (k=2),Blend,Uniform,0.68096,0.30000,000.97975540,003.38261724,003.71515846,001.59627104,000.28
Tournament (k=2),Blend,Uniform,0.70139,0.05705,000.00000000,000.00011482,000.00000381,000.21754596,000.21
Tournament (k=2),Blend,Uniform,0.50670,0.03095,000.00000000,000.00087733,000.00015259,000.31090081,000.17
Tournament (k=2),Blend,Uniform,0.41200,0.04791,000.00000000,000.00337358,000.00152969,000.18063028,000.22
Tournament (k=2),Blend,Uniform,0.62318,0.06226,000.00000000,000.00053988,000.00003242,000.30290055,000.24
Tournament (k=2),Blend,Uniform,0.40000,0.09637,000.00003052,000.01206827,000.01104736,000.19209090,000.27
Tournament (k=2),Blend,Uniform,0.45020,0.08830,000.00000000,000.00340805,000.00232315,000.10319455,000.22
Tournament (k=2),Blend,Uniform,0.49195,0.16276,000.18274689,001.24870145,001.41021156,000.88702887,000.30
Tournament (k=2),Blend,Uniform,0.58741,0.04791,000.00000000,000.00006051,000.00000191,000.24788576,000.24
Tournament (k=2),Blend,Uniform,0.66113,0.05705,000.00000000,000.00008974,000.00000954,000.19753186,000.20
Tournament (k=2),Blend,Gaussian,0.64187,0.19383,000.01160812,000.74153841,000.98302650,000.67504174,000.39
Tournament (k=2),Blend,Uniform,0.64187,0.09637,000.00911331,000.36786094,000.35720444,000.58975893,000.23
Tournament (k=2),Blend,Uniform,0.62318,0.16276,000.06141281,001.64636016,001.90123367,001.00445390,000.31
Tournament (k=2),Blend,Uniform,0.47762,0.02837,000.00000000,000.01176300,000.00406647,000.41308624,000.20
Tournament (k=2),Blend,Uniform,0.53756,0.02837,000.00000000,000.00156131,000.00019455,000.32445157,000.18
Tournament (k=2),Blend,Gaussian,0.91514,0.02599,000.00000000,000.00137429,000.00005913,000.53364027,000.33
Tournament (k=2),Blend,Gaussian,0.76642,0.06795,000.00000000,000.00065751,000.00003815,000.15367942,000.29
Tournament (k=2),Blend,Uniform,0.53756,0.23084,000.11909485,002.35197210,002.72058868,001.23775327,000.32
Tournament (k=2),Blend,Gaussian,0.62318,0.10516,000.00012207,000.02490501,000.02155113,000.20126949,000.25
Tournament (k=2),Blend,Uniform,0.58741,0.14915,000.15595627,001.36653054,001.55769539,000.92948878,000.25
Tournament (k=2),Blend,Gaussian,0.83749,0.12524,000.01643753,000.41118389,000.40228271,000.61085302,000.36
Tournament (k=2),Blend,Gaussian,0.81310,0.08092,000.00000763,000.00858312,000.00349045,000.25504595,000.31
Tournament (k=2),Blend,Uniform,0.64187,0.30000,000.27120972,003.32312131,003.83390045,001.43622613,000.31
Tournament (k=2),Blend,Uniform,0.45020,0.03095,000.00000000,000.00746703,000.00238991,000.38274077,000.17
Tournament (k=2),Blend,Uniform,0.57030,0.08830,000.00000381,000.02914963,000.01425934,000.32035187,000.27
Tournament (k=2),Blend,Gaussian,0.86261,0.08830,000.00022125,000.03107429,000.02536011,000.37909880,000.32
Tournament (k=2),Blend,Uniform,0.58741,0.05228,000.00000000,000.00010428,000.00000763,000.24597199,000.23
Tournament (k=2),Blend,Uniform,0.43709,0.13667,000.02585983,000.60529459,000.73616219,000.69384915,000.24
Tournament (k=2),Blend,Uniform,0.47762,0.27490,000.39485168,002.59837127,002.73291779,001.13769639,000.32
Tournament (k=2),Blend,Uniform,0.66113,0.06226,000.00000000,000.00011048,000.00001907,000.18577234,000.25
Tournament (k=2),Blend,Uniform,0.68096,0.03378,000.00000000,000.00002556,000.00000000,000.37970877,000.22
Tournament (k=2),Blend,Uniform,0.60503,0.02837,000.00000000,000.00061646,000.00000000,000.38061777,000.19
Tournament (k=2),Blend,Gaussian,0.97087,0.27490,000.49996567,002.24226642,002.52676392,000.97948557,000.35
Tournament (k=2),Blend,Uniform,0.66113,0.17762,000.19093323,002.33341646,002.74407768,001.18050230,000.32
Tournament (k=2),Blend,Uniform,0.70139,0.17762,000.29867554,002.56289220,002.89727211,001.13140488,000.26
Tournament (k=2),Blend,Uniform,0.72243,0.03378,000.00000000,000.00005779,000.00000000,000.33601791,000.22
Tournament (k=2),Blend,Gaussian,0.78941,0.04390,000.00000000,000.00034385,000.00000000,000.24720055,000.27
Tournament (k=2),Blend,Uniform,0.62318,0.17762,000.18001175,001.93138885,002.21039772,001.02649331,000.32
Tournament (k=2),Blend,Uniform,0.45020,0.03378,000.00000000,000.00476213,000.00098419,000.26971912,000.18
Tournament (k=2),Blend,Gaussian,0.76642,0.07415,000.00000000,000.00127344,000.00023651,000.18938595,000.31
Tournament (k=2),Blend,Gaussian,0.88849,0.04390,000.00000000,000.01174250,000.00023651,000.37163645,000.22
Tournament (k=2),Blend,Gaussian,0.97087,0.02382,000.00000000,000.00687852,000.00039482,000.55480367,000.20
Tournament (k=2),Blend,Uniform,0.55369,0.04791,000.00000000,000.00010977,000.00000763,000.19553253,000.24
Tournament (k=2),Blend,Uniform,0.74410,0.02000,000.00000000,000.12985234,000.00000381,000.53018761,000.18
Tournament (k=2),Blend,Gaussian,1.00000,0.12524,000.05874252,000.78734124,001.08206749,000.71840835,000.34
Tournament (k=2),Blend,Uniform,0.42436,0.02599,000.00000000,000.09993467,000.01692009,000.45451805,000.21
Tournament (k=2),Blend,Uniform,0.46371,0.06226,000.00000000,000.00014148,000.00005722,000.14233398,000.19
Tournament (k=2),Blend,Uniform,0.50670,0.10516,000.00056458,000.11371217,000.08941650,000.44365782,000.22
Tournament (k=2),Blend,Uniform,0.72243,0.10516,000.05207062,000.90273303,001.17503357,000.76600879,000.29
Tournament (k=2),Blend,Uniform,0.66113,0.06795,000.00000000,000.00163913,000.00055504,000.26271671,000.25
Tournament (k=2),Blend,Uniform,0.68096,0.10516,000.00714874,000.64890534,000.70002556,000.84761894,000.29
Tournament (k=2),Blend,Uniform,0.41200,0.14915,000.01899338,000.73716503,000.82651138,000.84167826,000.28
Tournament (k=2),Blend,Uniform,0.52190,0.16276,000.13481522,001.34403682,001.52843857,000.91761422,000.26
Tournament (k=2),Blend,Gaussian,0.83749,0.04023,000.00000000,000.00047255,000.00000191,000.33139461,000.28
Tournament (k=2),Blend,Uniform,0.66113,0.19383,000.77165604,002.42241144,002.64868736,001.07084405,000.31
Tournament (k=2),Blend,Gaussian,0.91514,0.06226,000.00000000,000.00119305,000.00005913,000.20361306,000.30
Tournament (k=2),Blend,Uniform,0.52190,0.04390,000.00000000,000.00012188,000.00001144,000.17850624,000.23
Tournament (k=2),Blend,Uniform,0.74410,0.02183,000.00000000,000.02070708,000.00000000,000.47167352,000.19
Tournament (k=2),Blend,Uniform,0.74410,0.06226,000.00000000,000.00161657,000.00048828,000.32356650,000.21
Tournament (k=2),Blend,Uniform,0.42436,0.25191,000.05739975,002.05924559,002.43062019,001.08818817,000.32
Tournament (k=2),Blend,Gaussian,0.97087,0.09637,000.00386810,000.20203038,000.20637512,000.44005942,000.31
Tournament (k=2),Blend,Uniform,0.42436,0.02837,000.00000000,000.02650089,000.00387383,000.41670325,000.22
Tournament (k=2),Blend,Gaussian,0.76642,0.08092,000.00000381,000.00298066,000.00114822,000.19427408,000.30
Tournament (k=2),Blend,Gaussian,0.94259,0.11476,000.01064301,000.32373133,000.34181213,000.56908691,000.29
Tournament (k=2),Blend,Gaussian,0.81310,0.23084,000.16526031,001.28014314,001.43007469,000.84852368,000.44
Tournament (k=2),Blend,Uniform,0.53756,0.09637,000.00014496,000.12132458,000.10429192,000.49511221,000.23
Tournament (k=2),Blend,Uniform,0.74410,0.19383,000.82222748,002.55549002,002.72283554,001.21232784,000.27
Tournament (k=2),Blend,Uniform,0.57030,0.03095,000.00000000,000.00053015,000.00004005,000.42772332,000.18
Tournament (k=2),Blend,Uniform,0.66113,0.07415,000.00000000,000.00511498,000.00188065,000.29060704,000.27
Tournament (k=2),Blend,Uniform,0.68096,0.11476,000.04087448,000.98195302,001.21435165,000.80196398,000.31
Tournament (k=2),Blend,Uniform,0.49195,0.05705,000.00000000,000.00011859,000.00004768,000.11200389,000.20
Tournament (k=2),Blend,Gaussian,0.66113,0.11476,000.00152588,000.05081377,000.05298042,000.30065542,000.44
Tournament (k=2),Blend,Uniform,0.41200,0.16276,000.06059265,001.13528275,001.33194160,000.84009111,000.34
Tournament (k=2),Blend,Uniform,0.70139,0.02000,000.00000000,000.12321477,000.00000954,000.54544586,000.19
Tournament (k=2),Blend,Uniform,0.40000,0.02837,000.00000000,000.01368279,000.00451279,000.34383851,000.21
Tournament (k=2),Blend,Uniform,0.64187,0.03378,000.00000000,000.00001640,000.00000000,000.31291983,000.21
Tournament (k=2),Blend,Gaussian,1.00000,0.06226,000.00000000,000.00606709,000.00027275,000.26478618,000.25
Tournament (k=2),Blend,Gaussian,0.86261,0.02837,000.00000000,000.00009437,000.00000000,000.36524534,000.27
Tournament (k=2),Blend,Uniform,0.47762,0.10516,000.00127411,000.10119686,000.09517288,000.37388220,000.23
Tournament (k=2),Blend,Uniform,0.55369,0.14915,000.08475494,001.20971012,001.44423676,000.93467504,000.31
Tournament (k=2),Blend,Uniform,0.46371,0.02183,000.00000000,000.08309045,000.00935364,000.53880948,000.22
Tournament (k=2),Blend,Uniform,0.72243,0.11476,000.01985931,001.17866135,001.48320007,000.93728459,000.42
Tournament (k=2),Blend,Uniform,0.76642,0.03686,000.00000000,000.00140657,000.00000763,000.49082017,000.26
Tournament (k=2),Blend,Uniform,0.52190,0.17762,000.09138489,001.81895804,002.33149338,000.98619908,000.41
Tournament (k=2),Blend,Uniform,0.60503,0.30000,000.11135864,003.41169500,003.86850739,001.37648761,000.35
Tournament (k=2),Blend,Uniform,0.42436,0.03095,000.00000000,000.00916023,000.00246811,000.37995917,000.26
Tournament (k=2),Blend,Uniform,0.41200,0.05228,000.00000000,000.00140257,000.00077438,000.21735586,000.20
Tournament (k=2),Blend,Uniform,0.50670,0.03378,000.00000000,000.00075240,000.00011253,000.35226801,000.24
Tournament (k=2),Blend,Gaussian,0.70139,0.12524,000.00635910,000.25574869,000.21485138,000.48390934,000.37
Tournament (k=2),Blend,Uniform,0.53756,0.10516,000.00360870,000.19674154,000.16546249,000.59059608,000.33
Tournament (k=2),Blend,Uniform,0.62318,0.06795,000.00000000,000.00015488,000.00002861,000.10352411,000.22
Tournament (k=2),Blend,Uniform,0.47762,0.03095,000.00000000,000.00398016,000.00066757,000.28626463,000.18
Tournament (k=2),Blend,Uniform,0.40000,0.03095,000.00000000,000.01450362,000.00230598,000.29654810,000.22
Tournament (k=2),Blend,Gaussian,0.86261,0.23084,000.04805756,001.41337264,001.64327240,000.84915823,000.44
Tournament (k=2),Blend,Uniform,0.40000,0.10516,000.00019836,000.05208974,000.03477859,000.30940816,000.25
Tournament (k=2),Blend,Uniform,0.45020,0.09637,000.00009155,000.01896067,000.01698303,000.29588675,000.23
Tournament (k=2),Blend,Uniform,0.53756,0.03095,000.00000000,000.00384212,000.00014114,000.36586523,000.19
Tournament (k=2),Blend,Uniform,0.64187,0.10516,000.00567245,000.46767655,000.46053314,000.77445579,000.24
Tournament (k=2),Blend,Uniform,0.64187,0.03686,000.00000000,000.00022426,000.00000381,000.31709683,000.25
Tournament (k=2),Blend,Gaussian,0.86261,0.03095,000.00000000,000.00070953,000.00000000,000.38016969,000.28
Tournament (k=2),Blend,Uniform,0.42436,0.03378,000.00000000,000.00428462,000.00148773,000.21135868,000.23
Tournament (k=2),Blend,Uniform,0.66113,0.02000,000.00000000,000.06909867,000.00000000,000.46873850,000.19
Tournament (k=2),Blend,Uniform,0.76642,0.11476,000.09885406,001.30293727,001.59111786,000.89339191,000.31
Tournament (k=2),Blend,Gaussian,0.91514,0.02837,000.00000000,000.03232889,000.00040817,000.57643920,000.28
Tournament (k=2),Blend,Uniform,0.50670,0.03686,000.00000000,000.00067730,000.00020027,000.31148532,000.24
Tournament (k=2),Blend,Uniform,0.46371,0.19383,000.13428497,001.61183286,001.80175781,000.91732103,000.27
Tournament (k=2),Blend,Uniform,0.50670,0.25191,000.23168182,002.31944394,002.76301575,001.36772513,000.34
Tournament (k=2),Blend,Uniform,0.60503,0.08830,000.00000000,000.05734563,000.04869843,000.47950098,000.24
Tournament (k=2),Blend,Uniform,0.53756,0.25191,000.38474655,002.70953321,003.14484024,001.32682526,000.34
Tournament (k=2),Blend,Uniform,0.58741,0.05705,000.00000000,000.00026693,000.00003815,000.16959567,000.21
Tournament (k=2),Blend,Uniform,0.57030,0.09637,000.00050354,000.15077381,000.15238571,000.45312461,000.28
Tournament (k=2),Blend,Uniform,0.60503,0.03095,000.00000000,000.00039091,000.00001907,000.33305475,000.20
Tournament (k=2),Blend,Gaussian,0.83749,0.13667,000.02072906,000.49587697,000.51842117,000.58069587,000.38
Tournament (k=2),Blend,Uniform,0.43709,0.05228,000.00000000,000.00051999,000.00014305,000.19689280,000.24
Tournament (k=2),Blend,Uniform,0.43709,0.14915,000.04639435,000.85927010,001.15223312,000.80190229,000.25
Tournament (k=2),Blend,Uniform,0.68096,0.03686,000.00000000,000.00000725,000.00000000,000.28664893,000.25
Tournament (k=2),Blend,Uniform,0.66113,0.02183,000.00000000,000.00024481,000.00000000,000.38183516,000.19
Tournament (k=2),Blend,Uniform,0.47762,0.30000,000.83541870,002.59543109,003.05924225,001.34777677,000.28
Tournament (k=2),Blend,Uniform,0.45020,0.03686,000.00000000,000.00276823,000.00112534,000.30926144,000.18
Tournament (k=2),Blend,Uniform,0.64187,0.04023,000.00000000,000.00003428,000.00000000,000.35885525,000.24
Tournament (k=2),Blend,Gaussian,0.86261,0.09637,000.00214767,000.07011552,000.07469368,000.30225122,000.34
Tournament (k=2),Blend,Gaussian,0.88849,0.04791,000.00000000,000.00071673,000.00000000,000.29613233,000.22
Tournament (k=2),Blend,Uniform,0.57030,0.30000,000.47444534,002.91741443,003.13818169,001.29742134,000.34
Tournament (k=2),Blend,Gaussian,0.78941,0.04791,000.00000000,000.00000205,000.00000000,000.13995256,000.28
Tournament (k=2),Blend,Uniform,0.70139,0.19383,000.25257874,002.19931746,002.67939186,001.19798768,000.34
Tournament (k=2),Blend,Uniform,0.55369,0.05228,000.00000000,000.00014572,000.00002098,000.21961868,000.24
Tournament (k=2),Blend,Uniform,0.42436,0.08092,000.00000000,000.00109825,000.00057030,000.10944691,000.20
Tournament (k=2),Blend,Uniform,0.62318,0.19383,000.07350922,002.21839499,002.43330956,001.19645488,000.33
Tournament (k=2),Blend,Gaussian,0.81310,0.02599,000.00000000,000.00071878,000.00000000,000.35821190,000.20
Tournament (k=2),Blend,Gaussian,0.97087,0.02599,000.00000000,000.04527373,000.00041389,000.47927779,000.27
Tournament (k=2),Blend,Uniform,0.58741,0.06226,000.00000000,000.00011277,000.00001526,000.18485284,000.25
Tournament (k=2),Blend,Uniform,0.49195,0.02000,000.00000000,000.03648815,000.00437927,000.51235408,000.19
Tournament (k=2),Blend,Uniform,0.50670,0.11476,000.00010300,000.45867380,000.51120758,000.59510785,000.23
Tournament (k=2),Blend,Uniform,0.46371,0.06795,000.00000000,000.00031481,000.00009727,000.06209217,000.24
Tournament (k=2),Blend,Uniform,0.66113,0.02382,000.00000000,000.02712646,000.00000000,000.48230579,000.22
Tournament (k=2),Blend,Uniform,0.68096,0.04023,000.00000000,000.00018616,000.00000000,000.40693071,000.25
Tournament (k=2),Blend,Uniform,0.45020,0.04023,000.00000000,000.00202198,000.00058937,000.25372103,000.21
Tournament (k=2),Blend,Gaussian,1.00000,0.13667,000.01819611,000.82722646,001.06490517,000.71109957,000.29
Tournament (k=2),Blend,Gaussian,0.91514,0.21153,000.43052673,001.57716823,001.87572861,000.82271820,000.42
Tournament (k=2),Blend,Uniform,0.74410,0.02382,000.00000000,000.05166163,000.00000381,000.47266185,000.18
Tournament (k=2),Blend,Uniform,0.64187,0.04390,000.00000000,000.00001597,000.00000000,000.24572927,000.27
Tournament (k=2),Blend,Uniform,0.74410,0.06795,000.00000000,000.00450425,000.00117493,000.16564666,000.21
Tournament (k=2),Blend,Uniform,0.52190,0.04791,000.00000000,000.00016150,000.00002289,000.19495757,000.23
Tournament (k=2),Blend,Uniform,0.66113,0.21153,000.14324951,002.38154817,002.65593719,001.24679041,000.33
Tournament (k=2),Blend,Gaussian,0.91514,0.06795,000.00000000,000.00107260,000.00039291,000.19907309,000.31
Tournament (k=2),Blend,Uniform,0.78941,0.02183,000.00000000,000.11689005,000.00034523,000.52257848,000.23
Tournament (k=2),Blend,Uniform,0.70139,0.06226,000.00000000,000.00044460,000.00005722,000.28953382,000.22
Tournament (k=2),Blend,Uniform,0.42436,0.27490,000.43935776,002.04197240,002.33208275,001.14639378,000.28
Tournament (k=2),Blend,Uniform,0.49195,0.06226,000.00000000,000.00025377,000.00004005,000.15941076,000.20
Tournament (k=2),Blend,Gaussian,0.88849,0.13667,000.01108932,000.74855608,001.06456375,000.73128706,000.28
Tournament (k=2),Blend,Gaussian,0.94259,0.12524,000.02290726,000.50578916,000.49117661,000.68405890,000.29
Tournament (k=2),Blend,Uniform,0.50670,0.12524,000.00563049,000.65009469,000.99150848,000.79425466,000.25
Tournament (k=2),Blend,Uniform,0.46371,0.07415,000.00000000,000.00050159,000.00041389,000.05739113,000.24
Tournament (k=2),Blend,Uniform,0.70139,0.02183,000.00000000,000.22029376,000.00042534,000.56912434,000.18
Tournament (k=2),Blend,Gaussian,0.97087,0.10516,000.00749969,000.27194363,000.24859238,000.46515897,000.34
Tournament (k=2),Blend,Uniform,0.74410,0.21153,000.63404465,002.89201617,003.40528107,001.35153306,000.32
Tournament (k=2),Blend,Uniform,0.68096,0.12524,000.02342987,001.21052504,001.47323990,000.99676508,000.30
Tournament (k=2),Blend,Gaussian,1.00000,0.06795,000.00000000,000.00506010,000.00121880,000.28489023,000.24
Tournament (k=2),Blend,Uniform,0.41200,0.17762,000.09931183,001.20985913,001.47410202,000.92127216,000.29
Tournament (k=2),Blend,Uniform,0.40000,0.30000,000.61438370,002.50912428,002.63973808,001.09609377,000.26
Tournament (k=2),Blend,Gaussian,0.81310,0.25191,000.20409012,001.59680045,001.85789871,000.75436693,000.42
Tournament (k=2),Blend,Uniform,0.49195,0.17762,000.05245972,001.52144396,001.78159142,000.98122060,000.30
Tournament (k=2),Blend,Uniform,0.47762,0.11476,000.00078583,000.29740828,000.29523849,000.60549182,000.23
Tournament (k=2),Blend,Gaussian,0.91514,0.23084,000.06087875,001.64798391,002.02269363,000.82532054,000.37
Tournament (k=2),Blend,Uniform,0.46371,0.02382,000.00000000,000.01561284,000.00543594,000.44463915,000.21
Tournament (k=2),Blend,Gaussian,0.91514,0.07415,000.00000763,000.00269623,000.00141716,000.16904122,000.26
Tournament (k=2),Blend,Uniform,0.66113,0.23084,000.45833588,002.65782046,003.06048584,001.36542737,000.29
Tournament (k=2),Blend,Gaussian,1.00000,0.14915,000.04543304,001.09372997,001.35818291,000.81572181,000.45
Tournament (k=2),Blend,Uniform,0.62318,0.02000,000.00000000,000.07363763,000.00003052,000.42938334,000.23
Tournament (k=2),Blend,Uniform,0.76642,0.04023,000.00000000,000.00143600,000.00000000,000.32245463,000.24
Tournament (k=2),Blend,Uniform,0.52190,0.19383,000.22535706,002.02572918,002.33082771,000.96734041,000.25
Tournament (k=2),Blend,Uniform,0.55369,0.16276,000.01662445,001.55377269,001.81408119,000.90464199,000.30
Tournament (k=2),Blend,Uniform,0.58741,0.16276,000.20479584,001.73136401,002.09222984,001.01956010,000.25
Tournament (k=2),Blend,Uniform,0.41200,0.05705,000.00000000,000.00052252,000.00015831,000.14155377,000.23
Tournament (k=2),Blend,Uniform,0.62318,0.07415,000.00000000,000.00294547,000.00113297,000.25752532,000.21
Tournament (k=2),Blend,Uniform,0.47762,0.03378,000.00000000,000.00222778,000.00042343,000.32478759,000.22
Tournament (k=2),Blend,Uniform,0.78941,0.06795,000.00000381,000.01901812,000.00790405,000.30278647,000.27
Tournament (k=2),Blend,Gaussian,0.88849,0.14915,000.03075027,000.74634194,000.88173676,000.71653676,000.36
Tournament (k=2),Blend,Uniform,0.53756,0.03378,000.00000000,000.00071731,000.00003815,000.31269842,000.18
Tournament (k=2),Blend,Gaussian,0.81310,0.08830,000.00001526,000.01854777,000.01377487,000.26684198,000.32
Tournament (k=2),Blend,Uniform,0.53756,0.11476,000.00197220,000.39987117,000.34569359,000.73931044,000.28
Tournament (k=2),Blend,Uniform,0.42436,0.03686,000.00000000,000.00476394,000.00168800,000.25451630,000.18
Tournament (k=2),Blend,Uniform,0.40000,0.11476,000.00430679,000.11870651,000.10811234,000.43760657,000.26
Tournament (k=2),Blend,Uniform,0.45020,0.10516,000.00037384,000.09186783,000.09703255,000.43511549,000.26
Tournament (k=2),Blend,Uniform,0.64187,0.11476,000.02382660,000.75972742,001.09531021,000.78689039,000.24
Tournament (k=2),Blend,Uniform,0.72243,0.03686,000.00000000,000.00001254,000.00000000,000.25040901,000.25
Tournament (k=2),Blend,Uniform,0.46371,0.21153,000.14789581,001.91868341,002.24883842,001.07274067,000.27
Tournament (k=2),Blend,Gaussian,0.81310,0.27490,000.34322357,001.66606081,002.04467583,000.97281224,000.41
Tournament (k=2),Blend,Uniform,0.47762,0.03686,000.00000000,000.00109944,000.00024796,000.25310755,000.24
Tournament (k=2),Blend,Uniform,0.76642,0.12524,000.07572174,001.48244500,001.83593369,000.99468839,000.32
Tournament (k=2),Blend,Uniform,0.58741,0.17762,000.05149841,001.89750791,002.21755219,001.03800809,000.31
Tournament (k=2),Blend,Gaussian,0.97087,0.30000,000.63104248,002.14234424,002.51126099,000.93189740,000.37
Tournament (k=2),Blend,Uniform,0.53756,0.03686,000.00000000,000.00105124,000.00007248,000.32082397,000.22
Tournament (k=2),Blend,Gaussian,0.86261,0.25191,000.25830460,001.66054475,001.92873764,000.90318841,000.44
Tournament (k=2),Blend,Uniform,0.62318,0.08092,000.00000000,000.01999803,000.01007652,000.42172351,000.27
Tournament (k=2),Blend,Uniform,0.55369,0.17762,000.09848785,001.78115392,002.10231018,000.96880144,000.33
Tournament (k=2),Blend,Uniform,0.60503,0.09637,000.00199509,000.14979677,000.13478279,000.51405931,000.24
Tournament (k=2),Blend,Uniform,0.78941,0.21153,000.21224594,003.02367663,003.46825409,001.41822374,000.38
Tournament (k=2),Blend,Uniform,0.78941,0.07415,000.00001907,000.08083797,000.05412483,000.47374758,000.29
Tournament (k=2),Blend,Uniform,0.60503,0.03378,000.00000000,000.00005622,000.00000000,000.29539794,000.20
Tournament (k=2),Blend,Uniform,0.43709,0.05705,000.00000000,000.00026770,000.00013351,000.17036781,000.20
Tournament (k=2),Blend,Uniform,0.81310,0.04023,000.00000000,000.00016398,000.00000763,000.33158016,000.26
Tournament (k=2),Blend,Uniform,0.43709,0.16276,000.03225708,001.01414907,001.20349312,000.80744272,000.26
Tournament (k=2),Blend,Uniform,0.57030,0.10516,000.00092697,000.33135805,000.30058861,000.59611386,000.29
Tournament (k=2),Blend,Uniform,0.58741,0.02000,000.00000000,000.12433586,000.00015640,000.49969161,000.18
Tournament (k=2),Blend,Gaussian,0.88849,0.05228,000.00000000,000.00047202,000.00000763,000.26205030,000.23
Tournament (k=2),Blend,Gaussian,0.83749,0.04390,000.00000000,000.00032473,000.00000000,000.24036966,000.30
Tournament (k=2),Blend,Gaussian,0.81310,0.02837,000.00000000,000.00138888,000.00000000,000.41309223,000.21
Tournament (k=2),Blend,Uniform,0.58741,0.06795,000.00000000,000.00024748,000.00006104,000.22560592,000.22
Tournament (k=2),Blend,Uniform,0.57030,0.03378,000.00000000,000.00027099,000.00001335,000.31744751,000.20
Tournament (k=2),Blend,Uniform,0.83749,0.02382,000.00000000,000.03370995,000.00001335,000.49818194,000.26
Tournament (k=2),Blend,Uniform,0.49195,0.02183,000.00000000,000.10006618,000.00144005,000.49927324,000.23
Tournament (k=2),Blend,Gaussian,0.83749,0.14915,000.08754730,000.68103474,000.85565376,000.68795139,000.41
Tournament (k=2),Blend,Uniform,0.55369,0.05705,000.00000000,000.00002341,000.00000381,000.10158927,000.26
Tournament (k=2),Blend,Uniform,0.42436,0.08830,000.00000000,000.00299497,000.00254440,000.12478577,000.26
Tournament (k=2),Blend,Uniform,0.43709,0.06226,000.00000000,000.00031652,000.00025177,000.09988278,000.22
Tournament (k=2),Blend,Uniform,0.81310,0.12524,000.09813690,001.69661689,001.90047836,000.94801706,000.32
Tournament (k=2),Blend,Uniform,0.60503,0.03686,000.00000000,000.00002851,000.00000000,000.10229316,000.23
Tournament (k=2),Blend,Gaussian,0.97087,0.02837,000.00000000,000.00241981,000.00071144,000.54034001,000.29
Tournament (k=2),Blend,Uniform,0.62318,0.21153,000.27273560,002.42254829,002.84204865,001.12959290,000.31
Tournament (k=2),Blend,Uniform,0.68096,0.04390,000.00000000,000.00039439,000.00000381,000.36620456,000.27
Tournament (k=2),Blend,Uniform,0.70139,0.21153,001.08542633,002.88620377,003.21374893,001.14673316,000.34
Tournament (k=2),Blend,Uniform,0.58741,0.02183,000.00000000,000.03511028,000.00004196,000.47013980,000.21
Tournament (k=2),Blend,Uniform,0.64187,0.04791,000.00000000,000.00003757,000.00000000,000.23596092,000.21
Tournament (k=2),Blend,Uniform,0.74410,0.07415,000.00000000,000.04628830,000.03341293,000.52425176,000.22
Tournament (k=2),Blend,Uniform,0.83749,0.07415,000.00009155,000.27337009,000.21862793,000.60319573,000.29
Tournament (k=2),Blend,Uniform,0.43709,0.17762,000.10661316,001.34364820,001.57256889,000.92291099,000.32
Tournament (k=2),Blend,Uniform,0.70139,0.06795,000.00000000,000.00477829,000.00196075,000.28161421,000.21
Tournament (k=2),Blend,Uniform,0.49195,0.06795,000.00000000,000.00008421,000.00004387,000.00529263,000.21
Tournament (k=2),Blend,Uniform,0.49195,0.02382,000.00000000,000.03499436,000.00162697,000.44838479,000.24
Tournament (k=2),Blend,Uniform,0.83749,0.02599,000.00000000,000.00560246,000.00000000,000.42078888,000.24
Tournament (k=2),Blend,Uniform,0.46371,0.08092,000.00000000,000.00184855,000.00103760,000.11082364,000.20
Tournament (k=2),Blend,Gaussian,0.88849,0.05705,000.00000000,000.00031843,000.00001717,000.10759497,000.29
Tournament (k=2),Blend,Uniform,0.50670,0.13667,000.04133224,000.90020037,001.15878296,000.92931694,000.24
Tournament (k=2),Blend,Uniform,0.60503,0.04023,000.00000000,000.00002213,000.00000000,000.25805292,000.23
Tournament (k=2),Blend,Uniform,0.57030,0.03686,000.00000000,000.00011315,000.00000000,000.26996738,000.30
Tournament (k=2),Blend,Uniform,0.72243,0.12524,000.19888306,001.47730052,001.69611359,000.90183479,000.30
Tournament (k=2),Blend,Gaussian,0.97087,0.03095,000.00000000,000.00153990,000.00012398,000.43752095,000.28
Tournament (k=2),Blend,Uniform,0.41200,0.02000,000.00000000,000.11828141,000.03011131,000.52161533,000.20
Tournament (k=2),Blend,Gaussian,0.97087,0.11476,000.02630615,000.39927202,000.32189941,000.62001854,000.28
Tournament (k=2),Blend,Uniform,0.40000,0.03378,000.00000000,000.00892401,000.00806618,000.29229918,000.21
Tournament (k=2),Blend,Uniform,0.55369,0.06226,000.00000000,000.00020180,000.00003052,000.19757259,000.37
Tournament (k=2),Blend,Uniform,0.74410,0.23084,000.69575882,002.97463083,003.49849892,001.30096912,000.27
Tournament (k=2),Blend,Gaussian,0.68096,0.21153,000.04660797,000.94137698,001.27937698,000.75491214,000.42
Tournament (k=2),Blend,Uniform,0.47762,0.12524,000.00750732,000.54268283,000.63430405,000.64370531,000.26
Tournament (k=2),Blend,Uniform,0.83749,0.23084,001.03384018,003.30668116,003.61812592,001.35245347,000.27
Tournament (k=2),Blend,Uniform,0.49195,0.07415,000.00000000,000.00052266,000.00016594,000.02137211,000.21
Tournament (k=2),Blend,Uniform,0.68096,0.13667,000.03707123,001.52381980,001.87657547,000.92703146,000.31
Tournament (k=2),Blend,Uniform,0.41200,0.19383,000.07513428,001.39603639,001.62381744,000.87475818,000.30
Tournament (k=2),Blend,Uniform,0.49195,0.19383,000.15154648,001.86091518,002.21095848,001.07322800,000.30
Tournament (k=2),Blend,Uniform,0.46371,0.08830,000.00001907,000.00481682,000.00199509,000.26355699,000.23
Tournament (k=2),Blend,Uniform,0.86261,0.04390,000.00000000,000.00027161,000.00000000,000.33608970,000.22
Tournament (k=2),Blend,Uniform,0.81310,0.13667,000.21869659,001.88749599,002.27161217,000.95092148,000.46
Tournament (k=2),Blend,Uniform,0.49195,0.02599,000.00000000,000.00403562,000.00054550,000.43483162,000.24
Tournament (k=2),Blend,Uniform,0.43709,0.19383,000.21334076,001.64282227,001.90336990,001.06320417,000.32
Tournament (k=2),Blend,Uniform,0.62318,0.02183,000.00000000,000.09068199,000.00004959,000.49717566,000.22
Tournament (k=2),Blend,Uniform,0.66113,0.25191,000.56894684,003.00996995,003.46463394,001.47444129,000.31
Tournament (k=2),Blend,Gaussian,1.00000,0.16276,000.11994171,001.30798519,001.63837242,000.87119293,000.30
Tournament (k=2),Blend,Uniform,0.76642,0.04390,000.00000000,000.00035133,000.00000000,000.37551036,000.24
Tournament (k=2),Blend,Uniform,0.50670,0.04023,000.00000000,000.00060377,000.00005531,000.31722540,000.23
Tournament (k=2),Blend,Uniform,0.52190,0.21153,000.60927582,002.22693276,002.59915543,001.14257860,000.26
Tournament (k=2),Blend,Gaussian,0.91514,0.03095,000.00000000,000.00072761,000.00000191,000.55836624,000.27
Tournament (k=2),Blend,Uniform,0.49195,0.08092,000.00000000,000.00127339,000.00070190,000.08842975,000.24
Tournament (k=2),Blend,Uniform,0.49195,0.02837,000.00000000,000.00993910,000.00077629,000.39759827,000.22
Tournament (k=2),Blend,Uniform,0.53756,0.27490,000.34783936,002.66473389,002.94745636,001.35427761,000.30
Tournament (k=2),Blend,Uniform,0.64187,0.12524,000.12270355,001.22342837,001.44665146,000.98593324,000.24
Tournament (k=2),Blend,Uniform,0.45020,0.11476,000.00459671,000.19593692,000.21027565,000.59611672,000.25
Tournament (k=2),Blend,Uniform,0.40000,0.12524,000.00640869,000.33027238,000.36657715,000.50566244,000.26
Tournament (k=2),Blend,Gaussian,0.88849,0.16276,000.06009674,000.97123623,001.23771286,000.78988111,000.31
Tournament (k=2),Blend,Uniform,0.74410,0.25191,000.68733978,003.07253122,003.43598747,001.42396259,000.34
Tournament (k=2),Blend,Uniform,0.50670,0.27490,001.22959518,002.63782358,002.88576698,001.14871550,000.33
Tournament (k=2),Blend,Uniform,0.46371,0.23084,000.42717361,002.05858183,002.38845444,001.00551724,000.27
Tournament (k=2),Blend,Uniform,0.68096,0.14915,000.19458771,001.79201663,002.10928917,000.97353059,000.31
Tournament (k=2),Blend,Uniform,0.41200,0.21153,000.13356781,001.89311385,002.25031090,001.00582170,000.31
Tournament (k=2),Blend,Uniform,0.47762,0.04023,000.00000000,000.00126967,000.00034714,000.26889309,000.23
Tournament (k=2),Blend,Uniform,0.86261,0.13667,000.21778107,001.81028342,002.00262833,001.06250548,000.30
Tournament (k=2),Blend,Uniform,0.76642,0.04791,000.00000000,000.00063100,000.00000381,000.25494331,000.24
Tournament (k=2),Blend,Uniform,0.50670,0.04390,000.00000000,000.00017114,000.00003242,000.17889775,000.25
Tournament (k=2),Blend,Uniform,0.58741,0.19383,000.19733429,002.07357597,002.41910553,001.09862101,000.28
Tournament (k=2),Blend,Uniform,0.76642,0.13667,000.09273529,001.89625359,002.21729088,001.01123273,000.31
Tournament (k=2),Blend,Uniform,0.66113,0.02599,000.00000000,000.00032034,000.00000000,000.41529796,000.18
Tournament (k=2),Blend,Uniform,0.60503,0.10516,000.00949478,000.47816768,000.46593094,000.70012993,000.25
Tournament (k=2),Blend,Uniform,0.66113,0.08092,000.00000763,000.03295474,000.01969337,000.35458389,000.22
Tournament (k=2),Blend,Uniform,0.62318,0.08830,000.00010681,000.09099059,000.07772636,000.57295895,000.28
Tournament (k=2),Blend,Uniform,0.88849,0.02599,000.00000000,000.10967378,000.00028229,000.52169931,000.19
Tournament (k=2),Blend,Uniform,0.45020,0.04390,000.00000000,000.00080400,000.00038528,000.23887868,000.24
Tournament (k=2),Blend,Uniform,0.81310,0.04390,000.00000000,000.00048413,000.00000954,000.28005579,000.26
Tournament (k=2),Blend,Uniform,0.55369,0.19383,000.05870056,001.90054739,002.28975296,000.99678749,000.33
Tournament (k=2),Blend,Uniform,0.78941,0.08092,000.00012970,000.24192014,000.17193985,000.61888200,000.29
Tournament (k=2),Blend,Uniform,0.57030,0.11476,000.01580048,000.47782522,000.50160789,000.65460318,000.30
Tournament (k=2),Blend,Uniform,0.46371,0.25191,000.15650940,002.32130837,002.67571640,001.11666656,000.30
Tournament (k=2),Blend,Gaussian,0.83749,0.04791,000.00000000,000.00137305,000.00000381,000.40279841,000.30
Tournament (k=2),Blend,Uniform,0.47762,0.04390,000.00000000,000.00031147,000.00015259,000.19882745,000.24
Tournament (k=2),Blend,Uniform,0.78941,0.23084,000.76960373,003.10240054,003.55775261,001.47087550,000.35
Tournament (k=2),Blend,Uniform,0.50670,0.04791,000.00000000,000.00023298,000.00005913,000.22294118,000.21
Tournament (k=2),Blend,Uniform,0.76642,0.05228,000.00000000,000.00021114,000.00002289,000.23546319,000.23
Tournament (k=2),Blend,Gaussian,0.86261,0.27490,000.09993744,001.90365434,002.34924889,000.91271621,000.46
Tournament (k=2),Blend,Uniform,0.66113,0.02837,000.00000000,000.00039735,000.00000000,000.36517206,000.21
Tournament (k=2),Blend,Uniform,0.86261,0.14915,000.28319168,002.34056544,002.66086388,001.11672902,000.30
Tournament (k=2),Blend,Uniform,0.70139,0.02382,000.00000000,000.00112724,000.00000000,000.48044139,000.18
Tournament (k=2),Blend,Uniform,0.43709,0.06795,000.00000000,000.00035419,000.00018692,000.00712976,000.20
Tournament (k=2),Blend,Uniform,0.58741,0.21153,000.27821732,002.43845510,002.81927872,001.18903875,000.32
Tournament (k=2),Blend,Uniform,0.42436,0.09637,000.00000000,000.01609521,000.01106834,000.21093996,000.26
Tournament (k=2),Blend,Uniform,0.58741,0.02382,000.00000000,000.04052677,000.00002289,000.41228142,000.18
Tournament (k=2),Blend,Uniform,0.64187,0.05228,000.00000000,000.00010571,000.00000191,000.24256817,000.20
Tournament (k=2),Blend,Uniform,0.74410,0.08092,000.00024033,000.15478715,000.10907364,000.63264453,000.22
Tournament (k=2),Blend,Uniform,0.68096,0.04791,000.00000000,000.00007353,000.00000000,000.23530379,000.26
Tournament (k=2),Blend,Uniform,0.42436,0.30000,000.54480743,002.62247038,002.97331047,001.34023285,000.33
Tournament (k=2),Blend,Uniform,0.62318,0.23084,000.36723709,002.71997380,003.27565956,001.26463211,000.28
Tournament (k=2),Blend,Gaussian,0.94259,0.13667,000.02383423,000.76992059,000.94731331,000.70520425,000.33
Tournament (k=2),Blend,Uniform,0.76642,0.14915,000.21461487,002.17984533,002.51435280,001.09050548,000.41
Tournament (k=2),Blend,Uniform,0.46371,0.02599,000.00000000,000.01009159,000.00182533,000.46520716,000.22
Tournament (k=2),Blend,Uniform,0.83749,0.08092,000.00101852,000.27289003,000.26480293,000.59562147,000.29
Tournament (k=2),Blend,Uniform,0.70139,0.07415,000.00000000,000.00801043,000.00527954,000.34737930,000.27
Tournament (k=2),Blend,Uniform,0.70139,0.02599,000.00000000,000.00814128,000.00000381,000.38946411,000.19
Tournament (k=2),Blend,Uniform,0.83749,0.02837,000.00000000,000.05518375,000.00006676,000.51523483,000.25
Tournament (k=2),Blend,Uniform,0.43709,0.07415,000.00000000,000.00072708,000.00051880,000.14845258,000.21
Tournament (k=2),Blend,Uniform,0.50670,0.14915,000.04217529,001.31080151,001.53961182,000.81413525,000.26
Tournament (k=2),Blend,Uniform,0.58741,0.02599,000.00000000,000.00164719,000.00002289,000.40871254,000.19
Tournament (k=2),Blend,Uniform,0.88849,0.08092,000.00665283,000.61809886,000.77548599,000.81595314,000.23
Tournament (k=2),Blend,Gaussian,0.91514,0.08092,000.00003052,000.00773253,000.00523376,000.18175271,000.33
Tournament (k=2),Blend,Uniform,0.70139,0.23084,000.65833282,002.80116677,003.14652252,001.28508329,000.46
Tournament (k=2),Blend,Uniform,0.55369,0.06795,000.00000000,000.00019937,000.00005531,000.18112774,000.21
Tournament (k=2),Blend,Uniform,0.42436,0.10516,000.00040436,000.05393391,000.05790329,000.35341564,000.27
Tournament (k=2),Blend,Gaussian,0.91514,0.25191,000.43730164,001.80239749,002.12038422,001.07811046,000.41
Tournament (k=2),Blend,Uniform,0.64187,0.05705,000.00000000,000.00021324,000.00001144,000.21298343,000.26
Tournament (k=2),Blend,Uniform,0.72243,0.13667,000.16945267,001.71052778,002.10113144,000.95945579,000.31
Tournament (k=2),Blend,Uniform,0.74410,0.08830,000.00346375,000.46077675,000.56040573,000.59539717,000.26
Tournament (k=2),Blend,Uniform,0.41200,0.06226,000.00000000,000.00052128,000.00029182,000.10571744,000.24
Tournament (k=2),Blend,Uniform,0.68096,0.05228,000.00000000,000.00015430,000.00000000,000.23930851,000.26
Tournament (k=2),Blend,Uniform,0.86261,0.04791,000.00000000,000.00168486,000.00013542,000.28102368,000.20
Tournament (k=2),Blend,Uniform,0.42436,0.04023,000.00000000,000.00169020,000.00108910,000.21719092,000.22
Tournament (k=2),Blend,Uniform,0.47762,0.13667,000.08028793,000.72945994,001.01414108,000.71129912,000.25
Tournament (k=2),Blend,Uniform,0.72243,0.04023,000.00000000,000.00007253,000.00000000,000.30854827,000.19
Tournament (k=2),Blend,Uniform,0.58741,0.02837,000.00000000,000.00561366,000.00009155,000.40645361,000.20
Tournament (k=2),Blend,Uniform,0.88849,0.25191,000.55744934,003.78914309,004.04166985,001.63258588,000.28
Tournament (k=2),Blend,Uniform,0.53756,0.12524,000.01261139,000.74520689,001.06365013,000.76737207,000.29
Tournament (k=2),Blend,Uniform,0.76642,0.16276,000.35652924,002.33930588,002.62666512,001.08619761,000.33
Tournament (k=2),Blend,Uniform,0.49195,0.21153,000.17086411,002.14348888,002.45043182,001.25790238,000.32
Tournament (k=2),Blend,Gaussian,1.00000,0.02000,000.00000000,000.09917168,000.00054550,000.56087536,000.20
Tournament (k=2),Blend,Uniform,0.83749,0.25191,000.44910431,003.45544624,003.96815872,001.55649543,000.35
Tournament (k=2),Blend,Uniform,0.53756,0.04023,000.00000000,000.00112023,000.00003242,000.26490000,000.19
Tournament (k=2),Blend,Uniform,0.62318,0.02382,000.00000000,000.01570783,000.00006866,000.40100333,000.23
Tournament (k=2),Blend,Uniform,0.81310,0.14915,000.65222931,002.25576353,002.57068634,001.04171908,000.33
Tournament (k=2),Blend,Uniform,0.49195,0.08830,000.00000000,000.01558547,000.01249313,000.31141633,000.22
Tournament (k=2),Blend,Uniform,0.41200,0.06795,000.00000000,000.00043736,000.00020981,000.09980389,000.24
Tournament (k=2),Blend,Uniform,0.86261,0.05228,000.00000000,000.00333300,000.00020599,000.27008677,000.22
Tournament (k=2),Blend,Gaussian,1.00000,0.17762,000.27944946,001.36128294,001.58592033,000.78285342,000.31
Tournament (k=2),Blend,Uniform,0.42436,0.04390,000.00000000,000.00152245,000.00059509,000.22301339,000.23
Tournament (k=2),Blend,Uniform,0.66113,0.27490,000.53614044,003.09988308,003.43925095,001.42467070,000.34
Tournament (k=2),Blend,Uniform,0.52190,0.23084,000.34889984,002.11212301,002.36945343,001.15787423,000.32
Tournament (k=2),Blend,Uniform,0.64187,0.13667,000.18176651,001.40652394,001.67790031,000.86759371,000.25
Tournament (k=2),Blend,Uniform,0.74410,0.09637,000.00383759,000.70138419,000.95130730,000.86182743,000.34
Tournament (k=2),Blend,Uniform,0.74410,0.02599,000.00000000,000.00118661,000.00000000,000.41742519,000.18
Tournament (k=2),Blend,Uniform,0.45020,0.12524,000.01907730,000.49677700,000.52117157,000.72852719,000.27
Tournament (k=2),Blend,Uniform,0.91514,0.04791,000.00000000,000.00449786,000.00073624,000.35939077,000.26
Tournament (k=2),Blend,Uniform,0.53756,0.30000,000.40870667,002.93192601,003.40033722,001.49651897,000.33
Tournament (k=2),Blend,Uniform,0.62318,0.02599,000.00000000,000.00035539,000.00001335,000.44263589,000.22
Tournament (k=2),Blend,Gaussian,0.88849,0.17762,000.04154968,001.10267270,001.41963005,000.82771093,000.30
Tournament (k=2),Blend,Uniform,0.52190,0.05228,000.00000000,000.00014315,000.00003242,000.11030087,000.24
Tournament (k=2),Blend,Uniform,0.41200,0.23084,000.03030396,001.80860710,002.16595078,001.11282516,000.27
Tournament (k=2),Blend,Uniform,0.74410,0.27490,000.73715591,003.70612645,004.37499046,001.63208771,000.33
Tournament (k=2),Blend,Uniform,0.78941,0.02382,000.00000000,000.02404447,000.00007248,000.47881043,000.24
Tournament (k=2),Blend,Uniform,0.76642,0.17762,000.36118317,002.68070459,003.00661469,001.21509194,000.33
Tournament (k=2),Blend,Uniform,0.68096,0.16276,000.08529663,001.88799059,002.15893364,000.89544719,000.32
Tournament (k=2),Blend,Uniform,0.88849,0.02837,000.00000000,000.00930262,000.00001144,000.42930955,000.19
Tournament (k=2),Blend,Uniform,0.86261,0.05705,000.00000000,000.00226974,000.00017929,000.26642856,000.23
Tournament (k=2),Blend,Uniform,0.41200,0.07415,000.00000000,000.00055938,000.00038338,000.09967873,000.24
Tournament (k=2),Blend,Uniform,0.66113,0.08830,000.00032806,000.19685368,000.16193962,000.56602162,000.23
Tournament (k=2),Blend,Uniform,0.60503,0.11476,000.01049042,000.67310596,000.96347809,000.72419918,000.24
Tournament (k=2),Blend,Uniform,0.62318,0.09637,000.00256348,000.21870318,000.18124199,000.63471156,000.22
Tournament (k=2),Blend,Uniform,0.45020,0.04791,000.00000000,000.00048313,000.00013924,000.17071831,000.23
Tournament (k=2),Blend,Uniform,0.81310,0.04791,000.00000000,000.00098867,000.00000572,000.28599513,000.26
Tournament (k=2),Blend,Uniform,0.50670,0.05228,000.00000000,000.00029235,000.00006676,000.21652767,000.20
Tournament (k=2),Blend,Uniform,0.45020,0.13667,000.00640869,000.62428129,000.76786232,000.70393896,000.28
Tournament (k=2),Blend,Uniform,0.47762,0.04791,000.00000000,000.00029726,000.00015831,000.21706596,000.23
Tournament (k=2),Blend,Uniform,0.46371,0.27490,000.61107635,002.42800593,002.75310707,001.14297748,000.27
Tournament (k=2),Blend,Uniform,0.55369,0.21153,000.22137451,002.05412102,002.44702911,001.11450970,000.31
Tournament (k=2),Blend,Uniform,0.66113,0.03095,000.00000000,000.00046921,000.00000000,000.37921733,000.18
Tournament (k=2),Blend,Uniform,0.57030,0.12524,000.05274582,000.83475924,001.04379082,000.78956264,000.29
Tournament (k=2),Blend,Uniform,0.57030,0.04023,000.00000000,000.00021925,000.00001526,000.21104021,000.19
Tournament (k=2),Blend,Uniform,0.60503,0.04390,000.00000000,000.00008311,000.00001144,000.32195455,000.19
Tournament (k=2),Blend,Gaussian,0.83749,0.05228,000.00000000,000.00078640,000.00000763,000.23482436,000.29
Tournament (k=2),Blend,Uniform,0.41200,0.02183,000.00000000,000.18751812,000.04565811,000.47579777,000.20
Tournament (k=2),Blend,Uniform,0.74410,0.30000,001.23807526,003.70789528,004.20591545,001.45424879,000.30
Tournament (k=2),Blend,Uniform,0.78941,0.25191,000.36582184,003.00740695,003.38717461,001.55683720,000.34
Tournament (k=2),Blend,Uniform,0.62318,0.10516,000.00272751,000.50092524,000.61533928,000.59349412,000.26
Tournament (k=2),Blend,Gaussian,0.97087,0.03378,000.00000000,000.00119057,000.00036621,000.32514971,000.29
Tournament (k=2),Blend,Uniform,0.91514,0.14915,000.30833054,002.51534200,002.90390587,001.22820723,000.30
Tournament (k=2),Blend,Uniform,0.86261,0.16276,000.33518219,002.40310192,002.80344963,001.10208058,000.33
Tournament (k=2),Blend,Uniform,0.70139,0.02837,000.00000000,000.00038199,000.00000000,000.39996785,000.18
Tournament (k=2),Blend,Uniform,0.94259,0.02837,000.00000000,000.08226261,000.00054550,000.49208930,000.29
Tournament (k=2),Blend,Uniform,0.46371,0.02837,000.00000000,000.01410437,000.00306702,000.36285749,000.21
Tournament (k=2),Blend,Uniform,0.70139,0.08092,000.00007629,000.08183160,000.06582069,000.45298034,000.22
Tournament (k=2),Blend,Uniform,0.43709,0.08092,000.00000000,000.00061316,000.00046921,000.12177508,000.20
Tournament (k=2),Blend,Uniform,0.62318,0.25191,000.53259277,002.79095817,003.26735497,001.27702832,000.33
Tournament (k=2),Blend,Gaussian,0.86261,0.30000,000.43566895,001.99717832,002.36983871,000.95285779,000.45
Tournament (k=2),Blend,Uniform,0.47762,0.05228,000.00000000,000.00023141,000.00011253,000.19155768,000.28
Tournament (k=2),Blend,Uniform,0.88849,0.08830,000.02590179,000.90757465,001.18750572,000.89232421,000.22
Tournament (k=2),Blend,Uniform,0.83749,0.08830,000.00926590,000.65550864,000.67032623,000.91874200,000.28
Tournament (k=2),Blend,Gaussian,0.94259,0.14915,000.07062531,000.92979014,001.21042061,000.72933781,000.30
Tournament (k=2),Blend,Uniform,0.50670,0.16276,000.10841370,001.31883788,001.56722260,000.96765107,000.25
Tournament (k=2),Blend,Uniform,0.43709,0.21153,000.31962204,001.78708518,002.14957047,000.90830863,000.25
Tournament (k=2),Blend,Uniform,0.57030,0.13667,000.05487442,001.12897086,001.38482094,000.81336993,000.30
Tournament (k=2),Blend,Uniform,0.55369,0.07415,000.00000000,000.00140824,000.00058556,000.23800464,000.26
Tournament (k=2),Blend,Uniform,0.42436,0.11476,000.00432587,000.13099018,000.12634468,000.37224525,000.26
Tournament (k=2),Blend,Uniform,0.64187,0.06226,000.00000000,000.00060616,000.00004196,000.27892870,000.25
Tournament (k=2),Blend,Uniform,0.72243,0.04390,000.00000000,000.00108080,000.00000000,000.33388364,000.19
Tournament (k=2),Blend,Uniform,0.70139,0.25191,000.07027435,003.17366457,003.57264900,001.35081172,000.34
Tournament (k=2),Blend,Uniform,0.68096,0.05705,000.00000000,000.00007000,000.00000191,000.23620182,000.25
Tournament (k=2),Blend,Gaussian,0.91514,0.03378,000.00000000,000.00114913,000.00028038,000.42626143,000.27
Tournament (k=2),Blend,Uniform,0.47762,0.14915,000.02940369,000.84009296,001.06991577,000.83943683,000.25
Tournament (k=2),Blend,Gaussian,0.91514,0.08830,000.00098038,000.06148229,000.05869484,000.47952157,000.39
Tournament (k=2),Blend,Gaussian,0.91514,0.27490,000.36186218,002.08296561,002.35561943,001.04030061,000.35
Tournament (k=2),Blend,Gaussian,1.00000,0.02183,000.00000000,000.09163103,000.00116158,000.56926787,000.20
Tournament (k=2),Blend,Uniform,0.72243,0.14915,000.26917267,001.87007713,002.14644814,000.98833162,000.31
Tournament (k=2),Blend,Uniform,0.53756,0.04390,000.00000000,000.00023303,000.00002289,000.25388616,000.19
Tournament (k=2),Blend,Uniform,0.70139,0.08830,000.00491333,000.34920555,000.31647301,000.59264213,000.30
Tournament (k=2),Blend,Uniform,0.88849,0.09637,000.10238647,001.08485508,001.34922791,001.00208628,000.27
Tournament (k=2),Blend,Uniform,0.94259,0.08830,000.01580811,000.95045358,001.22112656,000.89712822,000.30
Tournament (k=2),Blend,Uniform,0.49195,0.23084,000.38095474,002.26647806,002.67958450,001.20279062,000.31
Tournament (k=2),Blend,Uniform,0.83749,0.27490,001.30789185,003.80631709,004.24169922,001.50030041,000.28
Tournament (k=2),Blend,Uniform,0.49195,0.09637,000.00025558,000.02752275,000.02959824,000.27956566,000.21
Tournament (k=2),Blend,Uniform,0.50670,0.30000,000.80561447,002.71916437,003.27298164,001.44748604,000.33
Tournament (k=2),Blend,Uniform,0.83749,0.09637,000.02695084,000.95674896,001.26755524,000.95265025,000.34
Tournament (k=2),Blend,Uniform,0.58741,0.07415,000.00000000,000.00258145,000.00058937,000.31570876,000.25
Tournament (k=2),Blend,Uniform,0.64187,0.06795,000.00000000,000.00035787,000.00004196,000.12784977,000.24
Tournament (k=2),Blend,Uniform,0.55369,0.02000,000.00000000,000.14375949,000.00266266,000.50520211,000.17
Tournament (k=2),Blend,Uniform,0.81310,0.16276,000.31309891,002.56327295,003.04143906,001.16449428,000.30
Tournament (k=2),Blend,Uniform,0.62318,0.27490,000.15511322,003.05166674,003.51959801,001.34454620,000.44
Tournament (k=2),Blend,Uniform,0.74410,0.10516,000.05310822,001.01067901,001.29972267,001.00034058,000.23
Tournament (k=2),Blend,Uniform,0.64187,0.14915,000.14669800,001.60913277,001.87266731,000.98327410,000.25
Tournament (k=2),Blend,Uniform,0.62318,0.02837,000.00000000,000.00072002,000.00000572,000.39455289,000.23
Tournament (k=2),Blend,Uniform,0.52190,0.25191,000.44111633,002.54314852,002.91192627,001.23640132,000.27
Tournament (k=2),Blend,Uniform,0.97087,0.05228,000.00000000,000.00208507,000.00013351,000.33814070,000.20
Tournament (k=2),Blend,Uniform,0.91514,0.05228,000.00000000,000.00215664,000.00006485,000.32179675,000.27
Tournament (k=2),Blend,Uniform,0.78941,0.08830,000.00262451,000.40887490,000.41262245,000.65166932,000.28
Tournament (k=2),Blend,Uniform,0.94259,0.27490,000.58750916,003.99347353,004.37435532,001.37889457,000.35
Tournament (k=2),Blend,Uniform,0.70139,0.09637,000.00822449,000.49979138,000.59501457,000.72588003,000.28
Tournament (k=2),Blend,Uniform,0.66113,0.30000,000.62773895,003.59447527,004.14258766,001.48892403,000.35
Tournament (k=2),Blend,Uniform,0.52190,0.05705,000.00000000,000.00005193,000.00000763,000.17502572,000.24
Tournament (k=2),Blend,Gaussian,1.00000,0.19383,000.34155273,001.52852929,001.81717682,000.82624841,000.42
Tournament (k=2),Blend,Uniform,0.55369,0.02183,000.00000000,000.07487526,000.00116730,000.48530558,000.18
Tournament (k=2),Blend,Uniform,0.76642,0.05705,000.00000000,000.00026898,000.00000763,000.25360912,000.26
Tournament (k=2),Blend,Uniform,0.64187,0.07415,000.00000000,000.00528941,000.00153542,000.24587183,000.23
Tournament (k=2),Blend,Uniform,0.72243,0.16276,000.15382004,002.08694053,002.61666870,001.16283846,000.40
Tournament (k=2),Blend,Uniform,0.88849,0.03095,000.00000000,000.00121789,000.00000000,000.39112467,000.19
Tournament (k=2),Blend,Uniform,0.58741,0.08092,000.00000381,000.00683670,000.00480843,000.21780440,000.29
Tournament (k=2),Blend,Uniform,0.86261,0.06226,000.00000000,000.01436624,000.00225449,000.40847000,000.21
Tournament (k=2),Blend,Uniform,0.97087,0.16276,000.31375885,002.92950940,003.40306091,001.36662245,000.33
Tournament (k=2),Blend,Uniform,0.66113,0.09637,000.00255966,000.37739310,000.35931396,000.71722132,000.22
Tournament (k=2),Blend,Uniform,0.40000,0.03686,000.00000000,000.00337272,000.00129700,000.24061985,000.21
Tournament (k=2),Blend,Uniform,0.43709,0.02000,000.00000000,000.06602784,000.01182365,000.40996653,000.21
Tournament (k=2),Blend,Uniform,0.60503,0.12524,000.05381775,000.93040705,001.23520279,000.82621557,000.24
Tournament (k=2),Blend,Uniform,0.58741,0.23084,000.26153183,002.55920601,002.94259453,001.43388653,000.27
Tournament (k=2),Blend,Uniform,0.81310,0.17762,000.24388123,002.85574293,003.22186470,001.13187766,000.32
Tournament (k=2),Blend,Uniform,0.50670,0.05705,000.00000000,000.00013523,000.00004005,000.00529474,000.24
Tournament (k=2),Blend,Uniform,0.62318,0.30000,000.49755859,003.03458405,003.46391296,001.53727937,000.35
Tournament (k=2),Blend,Uniform,0.81310,0.05228,000.00000000,000.00057125,000.00001144,000.20931049,000.26
Tournament (k=2),Blend,Uniform,0.66113,0.03378,000.00000000,000.00003023,000.00000000,000.33118495,000.18
Tournament (k=2),Blend,Uniform,0.57030,0.04390,000.00000000,000.00004926,000.00000763,000.19798976,000.20
Tournament (k=2),Blend,Uniform,1.00000,0.09637,000.14703369,001.54912257,001.86944199,001.00160253,000.23
Tournament (k=2),Blend,Uniform,0.45020,0.14915,000.06083679,000.97104871,001.21055794,000.81040639,000.29
Tournament (k=2),Blend,Uniform,1.00000,0.03095,000.00000000,000.00432801,000.00002861,000.42101809,000.26
Tournament (k=2),Blend,Uniform,0.76642,0.02000,000.00000000,000.15833831,000.00000763,000.56566203,000.18
Tournament (k=2),Blend,Uniform,0.41200,0.02382,000.00000000,000.08946729,000.01315880,000.50020111,000.21
Tournament (k=2),Blend,Uniform,0.83749,0.03095,000.00000000,000.00856490,000.00000572,000.40938440,000.25
Tournament (k=2),Blend,Uniform,0.64187,0.08092,000.00009918,000.01888814,000.01760292,000.28823295,000.27
Tournament (k=2),Blend,Uniform,0.55369,0.23084,000.14399719,002.47435880,002.85169983,001.34673321,000.32
Tournament (k=2),Blend,Uniform,0.40000,0.04023,000.00000000,000.00318489,000.00189018,000.19798928,000.22
Tournament (k=2),Blend,Uniform,0.70139,0.03095,000.00000000,000.00102978,000.00000000,000.40542513,000.18
Tournament (k=2),Blend,Uniform,0.66113,0.10516,000.02328110,000.70876139,001.05001450,000.76957941,000.26
Tournament (k=2),Blend,Uniform,0.62318,0.11476,000.00421143,000.77969217,001.11080742,000.80528730,000.24
Tournament (k=2),Blend,Uniform,0.94259,0.03095,000.00000000,000.10389714,000.00005913,000.52150321,000.19
Tournament (k=3),Arithmetic,Gaussian,0.40000,0.05705,000.00000000,000.00301452,000.00310516,000.01126063,000.20
Tournament (k=2),Blend,Uniform,0.58741,0.03095,000.00000000,000.00038390,000.00004387,000.32164776,000.18
Tournament (k=2),Blend,Gaussian,0.97087,0.03686,000.00000000,000.00196137,000.00028610,000.46925277,000.27
Tournament (k=2),Blend,Uniform,0.49195,0.03095,000.00000000,000.00502920,000.00049973,000.37299827,000.22
Tournament (k=2),Blend,Uniform,1.00000,0.30000,002.00695038,004.62875938,005.18376350,001.72121763,000.35
Tournament (k=2),Blend,Uniform,0.86261,0.17762,000.28092194,002.77399230,003.27193069,001.17236292,000.27
Tournament (k=2),Blend,Uniform,0.81310,0.05705,000.00000000,000.00063939,000.00002289,000.22893488,000.26
Tournament (k=2),Blend,Uniform,0.91514,0.16276,000.54262543,002.64734578,002.99108505,001.07612407,000.33
Tournament (k=2),Blend,Uniform,0.88849,0.27490,001.36795807,003.81644678,004.27851295,001.56452584,000.28
Tournament (k=2),Blend,Uniform,0.53756,0.13667,000.06644821,001.05439079,001.26053429,000.80952328,000.29
Tournament (k=2),Blend,Uniform,0.72243,0.04791,000.00000000,000.00024400,000.00000000,000.27950925,000.20
Tournament (k=3),Arithmetic,Gaussian,0.41200,0.03378,000.00000381,000.00703869,000.00588036,000.03334490,000.28
Tournament (k=3),Arithmetic,Gaussian,0.40000,0.17762,000.00000000,000.00049725,000.00046921,000.00173880,000.35
Tournament (k=2),Blend,Uniform,0.50670,0.17762,000.21286774,001.72462940,002.13073730,000.97632015,000.30
Tournament (k=2),Blend,Uniform,0.55369,0.08092,000.00000000,000.00383596,000.00265694,000.21373332,000.26
Tournament (k=2),Blend,Uniform,0.58741,0.03378,000.00000000,000.00018697,000.00000763,000.31232670,000.20
Tournament (k=2),Blend,Uniform,0.42436,0.12524,000.00126648,000.38828248,000.40506744,000.62902111,000.27
Tournament (k=2),Blend,Uniform,0.57030,0.14915,000.09428406,001.33065534,001.66513824,000.95944744,000.31
Tournament (k=3),Arithmetic,Gaussian,0.40000,0.06226,000.00000763,000.00266399,000.00295067,000.01087060,000.24
Tournament (k=3),Arithmetic,Gaussian,0.42436,0.02000,000.00000000,000.02759995,000.02472687,000.24168272,000.23
Tournament (k=2),Blend,Uniform,0.74410,0.02837,000.00000000,000.00357823,000.00000000,000.42113796,000.18
Tournament (k=2),Blend,Uniform,0.70139,0.27490,000.96231842,003.24598742,003.77861023,001.43513739,000.28
Tournament (k=2),Blend,Uniform,0.47762,0.16276,000.11204147,001.38851261,001.68208694,000.86109489,000.25
Tournament (k=2),Blend,Gaussian,0.94259,0.16276,000.17876816,001.13301396,001.38529778,000.73637706,000.39
Tournament (k=3),Arithmetic,Gaussian,0.42436,0.06226,000.00000000,000.00286126,000.00263405,000.01351810,000.20
Tournament (k=3),Arithmetic,Gaussian,0.41200,0.10516,000.00000763,000.00065813,000.00084114,000.00354005,000.32
Tournament (k=2),Blend,Gaussian,0.83749,0.16276,000.11490631,000.95766753,001.18305588,000.79652262,000.38
Tournament (k=2),Blend,Gaussian,0.91514,0.09637,000.00156403,000.08085060,000.09783936,000.40935868,000.32
Tournament (k=2),Blend,Uniform,0.88849,0.10516,000.06528854,001.44311845,001.68827629,000.94645125,000.23
Tournament (k=2),Blend,Uniform,0.52190,0.02000,000.00000000,000.13227853,000.00199509,000.52409148,000.21
Tournament (k=2),Blend,Uniform,0.74410,0.03095,000.00000000,000.00806456,000.00000000,000.42542186,000.18
Tournament (k=2),Blend,Gaussian,0.91514,0.30000,000.13086700,002.00146723,002.26355743,000.93921614,000.39
Tournament (k=2),Blend,Uniform,0.88849,0.30000,001.58813477,003.95981359,004.55217552,001.41175449,000.34
Tournament (k=2),Blend,Uniform,0.94259,0.09637,000.08953857,001.57611585,001.76124001,001.02763820,000.29
Tournament (k=2),Blend,Uniform,0.78941,0.02599,000.00000000,000.00509377,000.00000191,000.49667943,000.24
Tournament (k=3),Arithmetic,Gaussian,0.42436,0.19383,000.00004959,000.00140719,000.00135231,000.00366135,000.27
Tournament (k=2),Blend,Uniform,0.83749,0.30000,000.47514343,003.61559057,004.22740364,001.60815215,000.28
Tournament (k=2),Blend,Uniform,0.62318,0.03095,000.00000000,000.00158458,000.00000763,000.39954826,000.22
Tournament (k=2),Blend,Uniform,0.64187,0.16276,000.51327133,002.03726983,002.29071045,001.05006742,000.25
Tournament (k=2),Blend,Uniform,0.83749,0.10516,000.06386566,001.25086725,001.48812103,000.89701551,000.29
Tournament (k=2),Blend,Uniform,0.52190,0.27490,000.60567856,002.85056543,003.22477531,001.20777726,000.27
Tournament (k=2),Blend,Uniform,0.68096,0.17762,000.40996552,002.26521039,002.61855125,001.07770991,000.31
Tournament (k=2),Blend,Uniform,0.76642,0.19383,000.99099731,002.92048764,003.26503181,001.09233081,000.32
Tournament (k=2),Blend,Uniform,0.70139,0.10516,000.02561188,000.72431934,000.97171021,000.83854944,000.23
Tournament (k=2),Blend,Uniform,0.91514,0.05705,000.00000000,000.01332488,000.00056267,000.30559608,000.26
Tournament (k=2),Blend,Uniform,0.52190,0.02183,000.00000000,000.12596560,000.00288963,000.52117229,000.19
Tournament (k=3),Arithmetic,Gaussian,0.40000,0.19383,000.00002289,000.00170779,000.00158119,000.00448013,000.43
Tournament (k=2),Blend,Uniform,0.78941,0.09637,000.02630615,000.94517440,001.17669487,000.85106963,000.28
Tournament (k=2),Blend,Uniform,0.74410,0.03378,000.00000000,000.00038710,000.00000000,000.32954621,000.19
Tournament (k=2),Blend,Uniform,0.60503,0.04791,000.00000000,000.00004525,000.00000000,000.19481945,000.19
Tournament (k=2),Blend,Uniform,0.88849,0.03378,000.00000000,000.04013839,000.00025749,000.49340889,000.19
Tournament (k=2),Blend,Uniform,0.52190,0.06226,000.00000000,000.00015125,000.00006866,000.11204613,000.24
Tournament (k=2),Blend,Uniform,0.55369,0.02382,000.00000000,000.00603132,000.00013161,000.42715794,000.22
Tournament (k=2),Blend,Uniform,0.94259,0.30000,000.89027786,004.30136013,004.76792336,001.55478954,000.38
Tournament (k=2),Blend,Uniform,0.76642,0.06226,000.00000000,000.00389643,000.00042534,000.30659702,000.26
Tournament (k=2),Blend,Uniform,0.86261,0.06795,000.00000000,000.05553694,000.03472519,000.41772258,000.21
Tournament (k=2),Blend,Uniform,0.62318,0.03378,000.00000000,000.00022063,000.00000763,000.32631689,000.27
Tournament (k=2),Blend,Uniform,0.64187,0.17762,000.09293365,002.00782919,002.29129791,001.04650676,000.27
Tournament (k=2),Blend,Gaussian,1.00000,0.21153,000.11679840,001.73246193,002.06712341,000.92112476,000.32
Tournament (k=2),Blend,Uniform,0.43709,0.02183,000.00000000,000.10993829,000.00638199,000.49108496,000.20
Tournament (k=2),Blend,Uniform,0.72243,0.17762,000.16347504,002.40479732,002.77853203,001.31403792,000.32
Tournament (k=2),Blend,Uniform,0.58741,0.08830,000.00001144,000.03594999,000.03261948,000.40871367,000.27
Tournament (k=2),Blend,Gaussian,0.94259,0.17762,000.04223633,001.31078410,001.62970352,000.85151500,000.54
Tournament (k=2),Blend,Uniform,0.60503,0.13667,000.19409180,001.32941747,001.59241104,000.88979703,000.25
Tournament (k=2),Blend,Uniform,0.83749,0.11476,000.07765579,001.46913993,001.67720413,000.96021485,000.33
Tournament (k=2),Blend,Uniform,0.64187,0.02000,000.00000000,000.16504507,000.00004959,000.51394200,000.22
Tournament (k=3),Arithmetic,Gaussian,0.43709,0.03686,000.00000000,000.00669413,000.00523758,000.02928969,000.24
Tournament (k=2),Blend,Uniform,0.66113,0.03686,000.00000000,000.00000725,000.00000000,000.29834127,000.18
Tournament (k=2),Blend,Uniform,0.58741,0.25191,000.15649414,002.60293293,003.01776314,001.20777082,000.27
Tournament (k=2),Blend,Uniform,0.57030,0.04791,000.00000000,000.00001884,000.00000191,000.17081958,000.19
Tournament (k=2),Blend,Uniform,0.78941,0.27490,000.66348267,003.57282329,004.00063515,001.59596992,000.37
Tournament (k=2),Blend,Uniform,1.00000,0.10516,000.10726166,001.72071910,002.08801651,000.97601229,000.23
Tournament (k=2),Blend,Uniform,0.76642,0.02183,000.00000000,000.10497260,000.00000763,000.48260415,000.18
Tournament (k=2),Blend,Uniform,0.86261,0.07415,000.00000763,000.31012169,000.28180885,000.75846499,000.22
Tournament (k=2),Blend,Uniform,0.81310,0.19383,000.58948135,003.02183914,003.48180008,001.40501249,000.35
Tournament (k=3),Arithmetic,Gaussian,0.43709,0.11476,000.00000000,000.00045366,000.00036240,000.00134551,000.32
Tournament (k=2),Blend,Uniform,0.70139,0.03378,000.00000000,000.00089087,000.00000381,000.36457351,000.19
Tournament (k=2),Blend,Uniform,0.83749,0.03378,000.00000000,000.00026665,000.00000000,000.46081829,000.25
Tournament (k=2),Blend,Uniform,0.43709,0.23084,000.20796204,002.17211199,002.56806946,001.13329470,000.25
Tournament (k=2),Blend,Uniform,0.64187,0.02183,000.00000000,000.03552346,000.00000000,000.47150946,000.21
Tournament (k=2),Blend,Uniform,0.68096,0.19383,000.60866165,002.46282148,002.84199905,001.14207673,000.48
Tournament (k=2),Blend,Uniform,0.57030,0.05228,000.00000000,000.00007615,000.00001335,000.17090744,000.20
Tournament (k=2),Blend,Uniform,0.62318,0.12524,000.08583832,001.12036777,001.35040665,000.95476913,000.24
Tournament (k=3),Arithmetic,Gaussian,0.40000,0.02000,000.00000763,000.02199926,000.02228546,000.17825103,000.23
Tournament (k=3),Arithmetic,Gaussian,0.45020,0.06795,000.00000000,000.00229950,000.00260735,000.00955785,000.28
Tournament (k=2),Blend,Uniform,0.94259,0.03378,000.00000000,000.00280061,000.00045586,000.37676260,000.26
Tournament (k=2),Blend,Uniform,0.68096,0.06226,000.00000000,000.00019560,000.00003815,000.29800662,000.26
Tournament (k=2),Blend,Uniform,0.76642,0.02382,000.00000000,000.00419464,000.00000000,000.48610008,000.18
Tournament (k=2),Blend,Uniform,0.55369,0.25191,000.40758896,002.58087254,002.98967552,001.21173227,000.33
Tournament (k=2),Blend,Uniform,0.53756,0.04791,000.00000000,000.00009437,000.00003242,000.11031155,000.19
Tournament (k=2),Blend,Uniform,0.81310,0.06226,000.00000000,000.00844283,000.00206566,000.21837445,000.27
Tournament (k=2),Blend,Uniform,0.72243,0.19383,000.59704590,002.65798330,003.00915909,001.22591293,000.40
Tournament (k=2),Blend,Uniform,0.72243,0.05228,000.00000000,000.00008593,000.00000572,000.23646092,000.20
Tournament (k=2),Blend,Uniform,0.86261,0.19383,000.16600800,002.71118498,003.00228310,001.24436414,000.34
Tournament (k=3),Arithmetic,Gaussian,0.41200,0.03686,000.00000000,000.00814066,000.00789070,000.02834709,000.18
Tournament (k=3),Arithmetic,Gaussian,0.45020,0.02183,000.00000000,000.02204399,000.02394867,000.13659009,000.44
Tournament (k=2),Blend,Uniform,1.00000,0.11476,000.13992310,001.98751867,002.26111031,001.14483774,000.30
Tournament (k=3),Arithmetic,Gaussian,0.46371,0.04023,000.00000000,000.00509996,000.00523186,000.02031290,000.19
Tournament (k=2),Blend,Uniform,0.62318,0.03686,000.00000000,000.00061250,000.00005913,000.34376630,000.49
Tournament (k=3),Arithmetic,Gaussian,0.45020,0.21153,000.00000763,000.00483913,000.00466347,000.01578618,000.40
Tournament (k=2),Blend,Uniform,0.58741,0.03686,000.00000000,000.00045395,000.00001144,000.33905670,000.19
Tournament (k=3),Arithmetic,Gaussian,0.40000,0.06795,000.00000000,000.00197372,000.00214767,000.00849707,000.21
Tournament (k=2),Blend,Uniform,0.55369,0.08830,000.00001526,000.01294627,000.00743675,000.32462421,000.26
Tournament (k=3),Arithmetic,Gaussian,0.42436,0.02183,000.00000000,000.01854334,000.01445198,000.11701269,000.23
Tournament (k=2),Blend,Uniform,0.74410,0.11476,000.10290146,001.22158253,001.51007271,000.98534679,000.25
Tournament (k=3),Arithmetic,Gaussian,0.42436,0.06795,000.00000000,000.00252166,000.00263214,000.00772322,000.22
Tournament (k=3),Arithmetic,Gaussian,0.46371,0.12524,000.00000000,000.00028238,000.00035286,000.00091201,000.26
Tournament (k=2),Blend,Uniform,0.91514,0.02000,000.00000000,000.14149985,000.00031281,000.63731736,000.18
Tournament (k=3),Arithmetic,Gaussian,0.47762,0.02382,000.00000000,000.02608638,000.02381134,000.15060624,000.24
Tournament (k=3),Arithmetic,Gaussian,0.45020,0.07415,000.00000000,000.00143933,000.00136566,000.00759620,000.33
Tournament (k=2),Blend,Uniform,0.88849,0.11476,000.19709015,001.70802617,002.03365898,000.92673099,000.24
Tournament (k=2),Blend,Uniform,0.68096,0.02000,000.00000000,000.07989745,000.00000000,000.58422059,000.23
Tournament (k=2),Blend,Uniform,0.62318,0.13667,000.04683685,001.42500854,001.58767700,000.89641768,000.38
Tournament (k=2),Blend,Gaussian,0.94259,0.02000,000.00000000,000.09427252,000.00033188,000.53891718,000.25
Tournament (k=2),Blend,Uniform,0.86261,0.02000,000.00000000,000.14246412,000.00025940,000.59054011,000.17
Tournament (k=2),Blend,Uniform,0.70139,0.30000,000.23732376,003.21030951,003.53921318,001.46406281,000.36
Tournament (k=2),Blend,Uniform,0.78941,0.30000,000.29735184,003.65135813,004.09076500,001.67749298,000.59
Tournament (k=2),Blend,Uniform,0.78941,0.02837,000.00000000,000.00203581,000.00000000,000.42239740,000.24
Tournament (k=3),Arithmetic,Gaussian,0.41200,0.11476,000.00000381,000.00057654,000.00063133,000.00324358,000.31
Tournament (k=2),Blend,Uniform,0.49195,0.25191,000.24848175,002.26550722,002.49758148,001.13941610,000.45
Tournament (k=2),Blend,Gaussian,0.91514,0.10516,000.00613022,000.15854034,000.16564941,000.55253541,000.35
Tournament (k=2),Blend,Uniform,0.94259,0.10516,000.17865753,001.57733226,001.74800682,000.98836148,000.30
Tournament (k=3),Arithmetic,Gaussian,0.42436,0.21153,000.00016022,000.00376463,000.00411987,000.01633349,000.29
Tournament (k=2),Blend,Uniform,0.52190,0.30000,000.39199829,002.71148372,003.21562195,001.33851516,000.28
Tournament (k=2),Blend,Uniform,0.91514,0.02183,000.00000000,000.06356506,000.00024414,000.48118332,000.19
Tournament (k=2),Blend,Uniform,0.52190,0.02382,000.00000000,000.19881587,000.00135994,000.47641173,000.21
Tournament (k=2),Blend,Uniform,0.70139,0.11476,000.02120590,000.93405926,001.22967148,000.87149483,000.24
Tournament (k=2),Blend,Uniform,0.91514,0.06226,000.00000000,000.02682767,000.01702499,000.39289844,000.27
Tournament (k=2),Blend,Uniform,0.97087,0.17762,000.23468018,002.98298454,003.43612289,001.25420523,000.30
Tournament (k=2),Blend,Uniform,0.88849,0.03686,000.00000000,000.00172501,000.00031281,000.36734530,000.19
Tournament (k=2),Blend,Uniform,0.60503,0.05228,000.00000000,000.00006385,000.00001144,000.18011779,000.20
Tournament (k=2),Blend,Uniform,0.76642,0.21153,000.87160110,002.94317007,003.41618347,001.21572387,000.31
Tournament (k=2),Blend,Uniform,0.74410,0.03686,000.00000000,000.00008416,000.00000000,000.21875647,000.23
Tournament (k=2),Blend,Uniform,0.52190,0.06795,000.00000000,000.00016170,000.00007629,000.13955578,000.24
Tournament (k=3),Arithmetic,Gaussian,0.43709,0.12524,000.00000000,000.00042334,000.00042915,000.00174641,000.77
Tournament (k=2),Blend,Uniform,0.97087,0.02000,000.00000000,000.17579260,000.00112915,000.68285018,000.22
Tournament (k=2),Blend,Uniform,0.43709,0.02382,000.00000000,000.10293784,000.01394272,000.50742185,000.18
Tournament (k=2),Blend,Uniform,0.78941,0.10516,000.08653259,001.18635273,001.40451050,000.91583347,000.29
Tournament (k=3),Arithmetic,Gaussian,0.40000,0.21153,000.00008392,000.00387130,000.00406837,000.00881431,000.37
Tournament (k=2),Blend,Uniform,0.76642,0.06795,000.00000000,000.01084919,000.00291634,000.40532127,000.26
Tournament (k=2),Blend,Uniform,0.72243,0.21153,001.16998291,002.89070010,003.24552345,001.10590971,000.67
Tournament (k=3),Arithmetic,Gaussian,0.47762,0.07415,000.00000000,000.00152888,000.00148010,000.01082227,000.28
Tournament (k=2),Blend,Uniform,0.58741,0.09637,000.00040436,000.13317271,000.13322830,000.47757965,000.22
Tournament (k=2),Blend,Uniform,0.52190,0.02599,000.00000000,000.00140367,000.00049973,000.31088820,000.23
Tournament (k=2),Blend,Uniform,1.00000,0.03378,000.00000000,000.00087113,000.00010490,000.35457343,000.26
Tournament (k=2),Blend,Uniform,0.81310,0.02000,000.00000000,000.07925482,000.00000000,000.53464323,000.34
Tournament (k=2),Blend,Uniform,0.64187,0.19383,000.56454849,002.28104091,002.61460876,001.14539659,000.28
Tournament (k=3),Arithmetic,Gaussian,0.43709,0.04023,000.00000000,000.00884728,000.00925636,000.03029522,000.21
Tournament (k=3),Arithmetic,Gaussian,0.47762,0.23084,000.00049591,000.01556864,000.01703072,000.02605905,000.32
Tournament (k=2),Blend,Uniform,0.66113,0.11476,000.03505325,000.97891557,001.27236557,000.93088788,000.23
Tournament (k=2),Blend,Uniform,0.66113,0.04023,000.00000000,000.00008302,000.00000000,000.32722819,000.19
Tournament (k=2),Blend,Uniform,0.91514,0.06795,000.00001144,000.13639493,000.05665207,000.56917751,000.25
Tournament (k=2),Blend,Gaussian,0.94259,0.19383,000.04831314,001.37582231,001.64269638,000.86923707,000.35
Tournament (k=2),Blend,Uniform,0.70139,0.03686,000.00000000,000.00014071,000.00000000,000.33501053,000.19
Tournament (k=2),Blend,Uniform,0.64187,0.02382,000.00000000,000.01178856,000.00000763,000.45922059,000.18
Tournament (k=2),Blend,Uniform,0.86261,0.08092,000.00626755,000.54696190,000.60355568,000.72279257,000.25
Tournament (k=3),Arithmetic,Gaussian,0.40000,0.02183,000.00000381,000.02226567,000.02000427,000.17799333,000.20
Tournament (k=2),Blend,Uniform,0.57030,0.05705,000.00000000,000.00005469,000.00002289,000.21813917,000.20
Tournament (k=2),Blend,Uniform,0.83749,0.03686,000.00000000,000.00512972,000.00001907,000.45545691,000.25
Tournament (k=3),Arithmetic,Gaussian,0.43709,0.13667,000.00000000,000.00022717,000.00021362,000.00140328,000.34
Tournament (k=2),Blend,Uniform,0.81310,0.21153,000.30213928,003.07247496,003.52253151,001.39224482,000.33
Tournament (k=2),Blend,Uniform,0.53756,0.14915,000.04860687,001.30089593,001.55971909,001.03846228,000.31
Tournament (k=2),Blend,Uniform,0.76642,0.02599,000.00000000,000.03497038,000.00000763,000.54257077,000.18
Tournament (k=2),Blend,Uniform,0.43709,0.25191,000.16650391,002.35805726,002.69428635,001.14876771,000.28
Tournament (k=2),Blend,Uniform,0.42436,0.13667,000.00595093,000.53614157,000.50742531,000.71526539,000.23
Tournament (k=2),Blend,Uniform,0.53756,0.05228,000.00000000,000.00010953,000.00001717,000.13949357,000.19
Tournament (k=2),Blend,Uniform,0.94259,0.03686,000.00000000,000.00147557,000.00012970,000.42353868,000.24
Tournament (k=2),Blend,Uniform,0.68096,0.06795,000.00000000,000.00105400,000.00034332,000.25823489,000.26
Tournament (k=2),Blend,Uniform,0.91514,0.17762,000.42478180,003.04386497,003.60460091,001.31720960,000.38
Tournament (k=2),Blend,Uniform,0.68096,0.21153,000.30949783,002.58620739,003.00817680,001.36328614,000.33
Tournament (k=2),Blend,Uniform,0.57030,0.16276,000.11577606,001.39186919,001.54625511,000.95742679,000.31
Tournament (k=2),Blend,Uniform,0.97087,0.05705,000.00000000,000.02036428,000.00539780,000.55976862,000.21
Tournament (k=2),Blend,Uniform,0.72243,0.05705,000.00000000,000.00105133,000.00004768,000.30698201,000.20
Tournament (k=3),Arithmetic,Gaussian,0.45020,0.02382,000.00000000,000.01155539,000.01099396,000.07239874,000.18
Tournament (k=3),Arithmetic,Gaussian,0.41200,0.04023,000.00000000,000.00915356,000.00881577,000.02759213,000.19
Tournament (k=2),Blend,Uniform,0.81310,0.06795,000.00000763,000.03452530,000.02543449,000.46619582,000.27
Tournament (k=2),Blend,Uniform,0.55369,0.27490,000.47512817,002.61856604,003.05079842,001.22742128,000.33
Tournament (k=3),Arithmetic,Gaussian,0.40000,0.02382,000.00000000,000.02351656,000.02108383,000.12435811,000.23
Tournament (k=2),Blend,Uniform,0.58741,0.04023,000.00000000,000.00008287,000.00000572,000.26203528,000.19
Tournament (k=3),Arithmetic,Gaussian,0.49195,0.04390,000.00000000,000.00498505,000.00518608,000.02873858,000.21
Tournament (k=2),Blend,Uniform,0.62318,0.04023,000.00000000,000.00009103,000.00000000,000.31613547,000.23
Tournament (k=3),Arithmetic,Gaussian,0.42436,0.02382,000.00000000,000.01551628,000.02034569,000.05933437,000.24
Tournament (k=2),Blend,Uniform,0.74410,0.12524,000.23246002,001.66434979,002.08856010,001.03611994,000.25
Tournament (k=2),Blend,Uniform,0.55369,0.09637,000.00060272,000.15961786,000.09768486,000.50509572,000.27
Tournament (k=3),Arithmetic,Gaussian,0.47762,0.02599,000.00000000,000.01192980,000.00917625,000.06480424,000.24
Tournament (k=2),Blend,Uniform,0.86261,0.02183,000.00000000,000.11565618,000.00017357,000.52399749,000.19
Tournament (k=2),Blend,Uniform,0.88849,0.12524,000.25911713,001.87697983,002.25740433,001.13572180,000.25
Tournament (k=2),Blend,Uniform,0.97087,0.06226,000.00000763,000.10643172,000.07257462,000.48060405,000.28
Tournament (k=3),Arithmetic,Gaussian,0.45020,0.23084,000.00019836,000.01273131,000.01473236,000.02596198,000.38
Tournament (k=2),Blend,Uniform,0.68096,0.02183,000.00000000,000.04352903,000.00000763,000.47938505,000.24
Tournament (k=3),Arithmetic,Gaussian,0.50670,0.02599,000.00002289,000.01223021,000.01015091,000.16149162,000.25
Tournament (k=2),Blend,Uniform,0.53756,0.02000,000.00000000,000.19215889,000.00499725,000.55552000,000.19
Tournament (k=3),Arithmetic,Gaussian,0.49195,0.13667,000.00000000,000.00015564,000.00014496,000.00082169,000.28
Tournament (k=2),Blend,Uniform,0.72243,0.02000,000.00000000,000.12496562,000.00000000,000.49948531,000.24
Tournament (k=3),Arithmetic,Gaussian,0.43709,0.14915,000.00000763,000.00024233,000.00025177,000.00149075,000.46
Tournament (k=2),Blend,Uniform,0.78941,0.03095,000.00000000,000.01953611,000.00002861,000.43503097,000.26
Tournament (k=2),Blend,Uniform,0.91514,0.02382,000.00000000,000.12226658,000.00031090,000.54142499,000.19
Tournament (k=2),Blend,Uniform,0.55369,0.02599,000.00000000,000.00197206,000.00016022,000.42584002,000.23
Tournament (k=2),Blend,Uniform,0.70139,0.12524,000.19598389,001.42198467,001.75155067,000.93023866,000.26
Tournament (k=3),Arithmetic,Gaussian,0.50670,0.08092,000.00000000,000.00123281,000.00117111,000.00669441,000.31
Tournament (k=3),Arithmetic,Gaussian,0.42436,0.23084,000.00064850,000.01382742,000.01399231,000.03370987,000.31
Tournament (k=2),Blend,Uniform,0.94259,0.04023,000.00000000,000.00150080,000.00017166,000.41167349,000.48
Tournament (k=2),Blend,Uniform,0.81310,0.23084,000.63533783,003.28592873,003.80717468,001.36915302,000.56
Tournament (k=2),Blend,Uniform,0.94259,0.11476,000.14399338,001.79384208,002.10420036,001.11847937,000.33
Tournament (k=3),Arithmetic,Gaussian,0.41200,0.12524,000.00000000,000.00030208,000.00024796,000.00192746,000.34
Tournament (k=2),Blend,Uniform,0.49195,0.27490,000.32230759,002.65069866,003.14249992,001.27525842,000.34
Tournament (k=2),Blend,Uniform,0.53756,0.05705,000.00000000,000.00009308,000.00000763,000.22098058,000.53
Tournament (k=2),Blend,Uniform,0.88849,0.04023,000.00000000,000.00105472,000.00002670,000.36888209,000.21
Tournament (k=2),Blend,Uniform,0.74410,0.04023,000.00000000,000.00004454,000.00000000,000.33748367,000.20
Tournament (k=2),Blend,Uniform,0.60503,0.05705,000.00000000,000.00019231,000.00001144,000.30055720,000.21
Tournament (k=2),Blend,Uniform,0.55369,0.10516,000.00653839,000.29859647,000.24895477,000.57827830,000.30
Tournament (k=2),Blend,Uniform,0.52190,0.07415,000.00000000,000.00075359,000.00016022,000.17504887,000.26
Tournament (k=2),Blend,Uniform,0.43709,0.02599,000.00000000,000.03476782,000.00264549,000.43334618,000.22
Tournament (k=2),Blend,Uniform,0.97087,0.19383,000.94000626,003.45365334,003.85357285,001.27629828,000.31
Tournament (k=2),Blend,Uniform,0.83749,0.12524,000.30418015,001.78680456,002.12123489,001.02447307,000.32
Tournament (k=2),Blend,Uniform,0.58741,0.27490,001.03203964,002.96737480,003.36355019,001.35417438,000.29
Tournament (k=2),Blend,Uniform,0.72243,0.02183,000.00000000,000.05097842,000.00000000,000.50767207,000.26
Tournament (k=3),Arithmetic,Gaussian,0.49195,0.14915,000.00000000,000.00015593,000.00012589,000.00111196,000.33
Tournament (k=2),Blend,Uniform,0.78941,0.11476,000.03598022,001.31291866,001.49691772,000.97905564,000.30
Tournament (k=2),Blend,Uniform,1.00000,0.03686,000.00000000,000.00521774,000.00011635,000.38291171,000.20
Tournament (k=2),Blend,Uniform,0.74410,0.04390,000.00000000,000.00005693,000.00000000,000.27585036,000.21
Tournament (k=2),Blend,Uniform,0.60503,0.06226,000.00000000,000.00021734,000.00005531,000.18576565,000.22
Tournament (k=2),Blend,Uniform,0.52190,0.02837,000.00000000,000.00100632,000.00006866,000.35329768,000.23
Tournament (k=2),Blend,Uniform,0.76642,0.07415,000.00004959,000.03388724,000.02937698,000.45216063,000.27
Tournament (k=3),Arithmetic,Gaussian,0.45020,0.25191,000.00131226,000.03785262,000.04195595,000.07170039,000.47
Tournament (k=2),Blend,Uniform,0.58741,0.10516,000.00933456,000.40244895,000.41940689,000.59089088,000.29
Tournament (k=3),Arithmetic,Gaussian,0.47762,0.08092,000.00000000,000.00123816,000.00126266,000.00666132,000.30
Tournament (k=3),Arithmetic,Gaussian,0.40000,0.23084,000.00098419,000.01186204,000.01280975,000.06748269,000.40
Tournament (k=3),Arithmetic,Gaussian,0.43709,0.04390,000.00000381,000.00609384,000.00692177,000.02286172,000.19
Tournament (k=2),Blend,Uniform,0.72243,0.23084,000.45807648,003.08565855,003.41593742,001.11951208,000.35
Tournament (k=2),Blend,Uniform,0.66113,0.04390,000.00000000,000.00000472,000.00000000,000.23615476,000.20
Tournament (k=2),Blend,Uniform,0.66113,0.12524,000.06736755,001.27520108,001.58824539,000.94094431,000.26
Tournament (k=2),Blend,Uniform,0.55369,0.11476,000.00788498,000.36880955,000.37110901,000.69589907,000.30
Tournament (k=2),Blend,Uniform,0.72243,0.02382,000.00000000,000.07696076,000.00000000,000.51598227,000.27
Tournament (k=2),Blend,Uniform,0.70139,0.04023,000.00000000,000.00002613,000.00000000,000.27796489,000.20
Tournament (k=2),Blend,Uniform,0.64187,0.02599,000.00000000,000.01794434,000.00000763,000.40397441,000.19
Tournament (k=2),Blend,Uniform,0.64187,0.21153,000.52485657,002.57239771,002.92868233,001.12910354,000.33
Tournament (k=2),Blend,Uniform,0.97087,0.21153,001.12971497,003.40736246,003.78298569,001.17489493,000.34
Tournament (k=2),Blend,Uniform,0.57030,0.06226,000.00000000,000.00003462,000.00000572,000.18557657,000.21
Tournament (k=2),Blend,Uniform,0.86261,0.08830,000.03364563,000.73247981,001.05965614,000.79538250,000.24
Tournament (k=2),Blend,Uniform,0.83749,0.04023,000.00000000,000.00052667,000.00000000,000.31200624,000.24
Tournament (k=3),Arithmetic,Gaussian,0.50670,0.25191,000.00046921,000.03591084,000.04118538,000.15734701,000.32
Tournament (k=3),Arithmetic,Gaussian,0.40000,0.07415,000.00000000,000.00157590,000.00201035,000.00834891,000.22
Tournament (k=3),Arithmetic,Gaussian,0.49195,0.16276,000.00000381,000.00017834,000.00017929,000.00071103,000.35
Tournament (k=3),Arithmetic,Gaussian,0.43709,0.04791,000.00000000,000.00526700,000.00628090,000.01876619,000.27
Tournament (k=3),Arithmetic,Gaussian,0.42436,0.07415,000.00000000,000.00201821,000.00154114,000.01256543,000.23
Tournament (k=3),Arithmetic,Gaussian,0.47762,0.08830,000.00000000,000.00114880,000.00114441,000.00445285,000.30
Tournament (k=2),Blend,Uniform,0.86261,0.21153,000.50744629,003.28114319,003.71488953,001.48521769,000.35
Tournament (k=3),Arithmetic,Gaussian,0.52190,0.04791,000.00000000,000.00466652,000.00380135,000.01843321,000.27
Tournament (k=2),Blend,Uniform,0.53756,0.16276,000.09234619,001.46750617,001.71283913,000.96238625,000.32
Tournament (k=3),Arithmetic,Gaussian,0.45020,0.08092,000.00000000,000.00136342,000.00147629,000.00500820,000.23
Tournament (k=2),Blend,Uniform,0.72243,0.02599,000.00000000,000.00303497,000.00000000,000.43496782,000.24
Tournament (k=2),Blend,Uniform,0.72243,0.06226,000.00000000,000.00110960,000.00014687,000.20868386,000.21
Tournament (k=3),Arithmetic,Gaussian,0.41200,0.04390,000.00000000,000.00534163,000.00478554,000.01647522,000.19
Tournament (k=2),Blend,Uniform,0.68096,0.07415,000.00000000,000.01835327,000.00908852,000.31598037,000.27
Tournament (k=3),Arithmetic,Gaussian,0.46371,0.13667,000.00000000,000.00022078,000.00023079,000.00146556,000.31
Tournament (k=3),Arithmetic,Gaussian,0.45020,0.27490,000.00449753,000.06504069,000.07250595,000.15889056,000.42
Tournament (k=3),Arithmetic,Gaussian,0.53756,0.02837,000.00000000,000.01208868,000.01055145,000.04144885,000.18
Tournament (k=3),Arithmetic,Gaussian,0.49195,0.04791,000.00000763,000.00617027,000.00637054,000.01335607,000.20
Tournament (k=3),Arithmetic,Gaussian,0.52190,0.14915,000.00000000,000.00011182,000.00013161,000.00060796,000.33
Tournament (k=2),Blend,Uniform,0.68096,0.23084,001.10108948,002.94801593,003.49222374,001.33379555,000.34
Tournament (k=3),Arithmetic,Gaussian,0.40000,0.02599,000.00000000,000.01517186,000.01625443,000.07394551,000.23
Tournament (k=2),Blend,Uniform,0.81310,0.07415,000.00007629,000.13288684,000.08201027,000.58755982,000.27
Tournament (k=2),Blend,Uniform,0.62318,0.04390,000.00000000,000.00018473,000.00000763,000.31619802,000.20
Tournament (k=2),Blend,Uniform,0.97087,0.23084,001.05728912,003.88003850,004.43909836,001.48310375,000.33
Tournament (k=3),Arithmetic,Gaussian,0.42436,0.02599,000.00000000,000.01224656,000.01221848,000.03444209,000.23
Tournament (k=2),Blend,Uniform,0.86261,0.02382,000.00000000,000.10187463,000.00018120,000.54508591,000.18
Tournament (k=3),Arithmetic,Gaussian,0.47762,0.02837,000.00000000,000.01687708,000.01684189,000.15191792,000.24
Tournament (k=2),Blend,Uniform,0.60503,0.14915,000.09370804,001.43194711,001.62911606,001.03505075,000.25
Tournament (k=2),Blend,Uniform,0.55369,0.30000,000.62689590,002.69727373,002.95520973,001.25598156,000.34
Tournament (k=2),Blend,Uniform,0.72243,0.02837,000.00000000,000.00046864,000.00000000,000.49603301,000.22
Tournament (k=2),Blend,Uniform,0.74410,0.13667,000.01721954,001.71681559,001.99599266,001.23458588,000.31
Tournament (k=2),Blend,Uniform,0.88849,0.13667,000.37420654,002.18819571,002.55875397,001.00427723,000.25
Tournament (k=2),Blend,Uniform,0.68096,0.02382,000.00000000,000.00334749,000.00000000,000.48355088,000.23
Tournament (k=2),Blend,Uniform,0.91514,0.02599,000.00000000,000.00648179,000.00008774,000.40018281,000.18
Tournament (k=3),Arithmetic,Gaussian,0.50670,0.02837,000.00000000,000.00922489,000.00741386,000.06460962,000.24
Tournament (k=3),Arithmetic,Gaussian,0.53756,0.08830,000.00000000,000.00081143,000.00084877,000.00376423,000.24
Tournament (k=2),Blend,Uniform,0.55369,0.02837,000.00000000,000.00073538,000.00004959,000.34695992,000.22
Tournament (k=2),Blend,Uniform,0.97087,0.02183,000.00000000,000.03504438,000.00035477,000.43875468,000.26
Tournament (k=2),Blend,Uniform,0.70139,0.13667,000.14516068,001.52909565,001.83106804,000.94511563,000.25
Tournament (k=2),Blend,Uniform,0.76642,0.23084,000.44174194,003.15682721,003.57032967,001.25884187,000.34
Tournament (k=3),Arithmetic,Gaussian,0.42436,0.02837,000.00000000,000.01227746,000.01635933,000.05994336,000.22
Tournament (k=3),Arithmetic,Gaussian,0.50670,0.08830,000.00000000,000.00075040,000.00071335,000.00298863,000.30
Tournament (k=2),Blend,Uniform,0.53756,0.06226,000.00000000,000.00006509,000.00001526,000.17058785,000.20
Tournament (k=3),Arithmetic,Gaussian,0.42436,0.25191,000.00097656,000.03283701,000.03552055,000.12245913,000.31
Tournament (k=2),Blend,Uniform,0.57030,0.02000,000.00000000,000.13258238,000.00085449,000.45299459,000.25
Tournament (k=3),Arithmetic,Gaussian,0.52190,0.16276,000.00001526,000.00021973,000.00016594,000.00073039,000.35
Tournament (k=3),Arithmetic,Gaussian,0.43709,0.16276,000.00000381,000.00022898,000.00020599,000.00125624,000.36
Tournament (k=2),Blend,Uniform,0.88849,0.04390,000.00000000,000.00041633,000.00000000,000.26307699,000.20
Tournament (k=3),Arithmetic,Gaussian,0.41200,0.13667,000.00000000,000.00029368,000.00028610,000.00214537,000.26
Tournament (k=2),Blend,Uniform,0.94259,0.12524,000.47016144,001.95629847,002.18266678,001.12047732,000.30
Tournament (k=2),Blend,Uniform,0.81310,0.02183,000.00000000,000.06629610,000.00000000,000.52498287,000.24
Tournament (k=2),Blend,Uniform,0.52190,0.08092,000.00000000,000.00164757,000.00066757,000.17880672,000.26
Tournament (k=2),Blend,Uniform,0.81310,0.25191,000.37015152,003.45851946,003.96011925,001.47639024,000.34
Tournament (k=3),Arithmetic,Gaussian,0.53756,0.09637,000.00000000,000.00046635,000.00042343,000.00255953,000.26
Tournament (k=2),Blend,Uniform,0.91514,0.07415,000.00037384,000.23983660,000.18330765,000.70557642,000.22
Tournament (k=2),Blend,Uniform,0.60503,0.06795,000.00000000,000.00022545,000.00007057,000.17183623,000.20
Tournament (k=2),Blend,Uniform,1.00000,0.04023,000.00000000,000.00139575,000.00000000,000.45443809,000.26
Tournament (k=2),Blend,Uniform,0.74410,0.04791,000.00000000,000.00002861,000.00000000,000.23761439,000.24
Tournament (k=3),Arithmetic,Gaussian,0.53756,0.27490,000.00510406,000.06757851,000.07323837,000.22759433,000.35
Tournament (k=2),Blend,Uniform,0.52190,0.03095,000.00000000,000.00128026,000.00009918,000.28674632,000.22
Tournament (k=2),Blend,Uniform,0.78941,0.12524,000.20240402,001.60351598,001.83480835,001.01589108,000.31
Tournament (k=2),Blend,Uniform,0.88849,0.04791,000.00000000,000.00230217,000.00000572,000.22403561,000.21
Tournament (k=2),Blend,Uniform,0.58741,0.30000,001.23679352,003.25474286,003.59633255,001.52782965,000.35
Tournament (k=3),Arithmetic,Gaussian,0.47762,0.25191,000.00059891,000.02828875,000.03293610,000.08048740,000.40
Tournament (k=2),Blend,Uniform,0.76642,0.02837,000.00000000,000.00491881,000.00000000,000.38070607,000.19
Tournament (k=2),Blend,Uniform,1.00000,0.12524,000.29927063,002.39854908,002.78860855,001.11515212,000.25
Tournament (k=2),Blend,Uniform,0.76642,0.08092,000.00164795,000.23912096,000.15491104,000.64882243,000.27
Tournament (k=2),Blend,Uniform,0.66113,0.04791,000.00000000,000.00002651,000.00000000,000.20146599,000.19
Tournament (k=2),Blend,Uniform,0.52190,0.08830,000.00001144,000.01033692,000.00629616,000.37174499,000.26
Tournament (k=2),Blend,Uniform,0.66113,0.13667,000.11922073,001.45255697,001.64939499,000.87689674,000.25
Tournament (k=3),Arithmetic,Gaussian,0.41200,0.14915,000.00000000,000.00028272,000.00029755,000.00278212,000.35
Tournament (k=2),Blend,Uniform,0.70139,0.04390,000.00000000,000.00023270,000.00000000,000.30227971,000.19
Tournament (k=2),Blend,Uniform,0.94259,0.13667,000.08111191,002.28428698,002.75570869,001.13559115,000.33
Tournament (k=3),Arithmetic,Gaussian,0.55369,0.05228,000.00000000,000.00272799,000.00259590,000.02318183,000.26
Tournament (k=3),Arithmetic,Gaussian,0.42436,0.27490,000.00036240,000.05600901,000.06027031,000.14837041,000.39
Tournament (k=3),Arithmetic,Gaussian,0.52190,0.17762,000.00000763,000.00043612,000.00052071,000.00205005,000.38
Tournament (k=2),Blend,Uniform,0.57030,0.06795,000.00000000,000.00020709,000.00004196,000.19335486,000.23
Tournament (k=3),Arithmetic,Gaussian,0.45020,0.02599,000.00000000,000.01407700,000.01438141,000.15139286,000.23
Tournament (k=2),Blend,Uniform,0.64187,0.23084,000.27207184,002.73396468,002.98483276,001.13771975,000.26
Tournament (k=3),Arithmetic,Gaussian,0.40000,0.08092,000.00000000,000.00155377,000.00138664,000.00505586,000.22
Tournament (k=2),Blend,Uniform,0.83749,0.04390,000.00000000,000.00097823,000.00000763,000.28115425,000.25
Tournament (k=2),Blend,Uniform,0.57030,0.17762,000.08107758,002.03417039,002.34728241,001.05294526,000.31
Tournament (k=2),Blend,Uniform,0.91514,0.19383,000.30467987,003.13679099,003.67960739,001.36394644,000.33
Tournament (k=2),Blend,Uniform,0.88849,0.05228,000.00000000,000.00326953,000.00009918,000.34891567,000.28
Tournament (k=3),Arithmetic,Gaussian,0.42436,0.08092,000.00000000,000.00100608,000.00111580,000.01658133,000.24
Tournament (k=3),Arithmetic,Gaussian,0.43709,0.05228,000.00000000,000.00424547,000.00372696,000.02057277,000.26
Tournament (k=3),Arithmetic,Gaussian,0.49195,0.17762,000.00000763,000.00041342,000.00044823,000.00361259,000.28
Tournament (k=3),Arithmetic,Gaussian,0.50670,0.27490,000.00453949,000.06774493,000.07491875,000.14947705,000.34
Tournament (k=3),Arithmetic,Gaussian,0.41200,0.04791,000.00000000,000.00341187,000.00356483,000.01665127,000.19
Tournament (k=2),Blend,Uniform,0.97087,0.06795,000.00008774,000.30201006,000.30971336,000.75318766,000.21
Tournament (k=3),Arithmetic,Gaussian,0.47762,0.09637,000.00000000,000.00070019,000.00077057,000.00550523,000.30
Tournament (k=3),Arithmetic,Gaussian,0.52190,0.05228,000.00000000,000.00274577,000.00259018,000.01570652,000.26
Tournament (k=2),Blend,Uniform,0.53756,0.17762,000.13694000,001.59179151,001.96655083,000.97883409,000.26
Tournament (k=3),Arithmetic,Gaussian,0.45020,0.08830,000.00000000,000.00087214,000.00092125,000.00352110,000.27
Tournament (k=2),Blend,Uniform,0.86261,0.23084,000.80258179,003.28523970,003.79569244,001.52822351,000.34
Tournament (k=3),Arithmetic,Gaussian,0.53756,0.03095,000.00000000,000.00536060,000.00467491,000.02725809,000.19
Tournament (k=2),Blend,Uniform,0.64187,0.25191,001.05970764,002.81611133,003.26733208,001.39770234,000.31
Tournament (k=3),Arithmetic,Gaussian,0.55369,0.16276,000.00000381,000.00016003,000.00012589,000.00137601,000.31
Tournament (k=3),Arithmetic,Gaussian,0.49195,0.05228,000.00001526,000.00381250,000.00398254,000.01481866,000.27
Tournament (k=3),Arithmetic,Gaussian,0.52190,0.19383,000.00000763,000.00153418,000.00188446,000.00534294,000.38
Tournament (k=3),Arithmetic,Gaussian,0.42436,0.08830,000.00000000,000.00116305,000.00097466,000.00746167,000.24
Tournament (k=2),Blend,Uniform,0.86261,0.02599,000.00000000,000.06998067,000.00002670,000.52969480,000.19
Tournament (k=2),Blend,Uniform,0.94259,0.04390,000.00000000,000.01023812,000.00000763,000.37436768,000.21
Tournament (k=3),Arithmetic,Gaussian,0.57030,0.03095,000.00000000,000.01026182,000.01297379,000.03605913,000.25
Tournament (k=2),Blend,Uniform,0.81310,0.08092,000.00158310,000.40693659,000.43068695,000.62819570,000.28
Tournament (k=2),Blend,Uniform,0.91514,0.21153,000.48825836,003.28381538,003.81482124,001.37019074,000.32
Tournament (k=3),Arithmetic,Gaussian,0.45020,0.30000,000.00415039,000.10501041,000.10515022,000.26670033,000.38
Tournament (k=2),Blend,Uniform,0.68096,0.25191,000.73471451,003.04893970,003.41351700,001.25209117,000.33
Tournament (k=3),Arithmetic,Gaussian,0.47762,0.03095,000.00000000,000.01376719,000.01374817,000.05037852,000.24
Tournament (k=3),Arithmetic,Gaussian,0.42436,0.30000,000.00782776,000.10104547,000.10572815,000.20096171,000.42
Tournament (k=2),Blend,Uniform,0.72243,0.03095,000.00000000,000.00014439,000.00000000,000.39052671,000.24
Tournament (k=2),Blend,Uniform,0.60503,0.16276,000.14949036,001.80570543,002.17712784,001.02013481,000.26
Tournament (k=2),Blend,Uniform,0.74410,0.14915,000.25950623,002.15045643,002.52904129,000.93397117,000.25
Tournament (k=2),Blend,Uniform,0.88849,0.14915,000.27767181,002.32581663,002.70005989,001.15627325,000.26
Tournament (k=2),Blend,Uniform,0.91514,0.02837,000.00000000,000.08701654,000.00037766,000.56356364,000.18
Tournament (k=2),Blend,Uniform,0.68096,0.02599,000.00000000,000.00007200,000.00000000,000.39552176,000.19
Tournament (k=2),Blend,Uniform,0.53756,0.19383,000.36902618,002.05235910,002.44360733,001.06210101,000.32
Tournament (k=2),Blend,Uniform,0.97087,0.25191,001.96195221,003.89060354,004.24400330,001.45490086,000.39
Tournament (k=3),Arithmetic,Gaussian,0.49195,0.05705,000.00000381,000.00206804,000.00184250,000.00767646,000.22
Tournament (k=2),Blend,Uniform,0.55369,0.03095,000.00000000,000.00018234,000.00001717,000.29853642,000.22
Tournament (k=2),Blend,Uniform,0.97087,0.02382,000.00000000,000.06197333,000.00000572,000.47939423,000.25
Tournament (k=2),Blend,Uniform,0.70139,0.14915,000.25800323,001.86478543,002.15440559,001.06047511,000.26
Tournament (k=3),Arithmetic,Gaussian,0.42436,0.03095,000.00000000,000.00785904,000.00970840,000.14964154,000.24
Tournament (k=3),Arithmetic,Gaussian,0.46371,0.04390,000.00000000,000.00401044,000.00465202,000.01652007,000.20
Tournament (k=3),Arithmetic,Gaussian,0.57030,0.09637,000.00000000,000.00045648,000.00043297,000.00179008,000.23
Tournament (k=2),Blend,Uniform,0.83749,0.13667,000.65238190,002.17965651,002.48547554,001.09897006,000.32
Tournament (k=2),Blend,Uniform,0.57030,0.02183,000.00000000,000.13958931,000.00023079,000.48165411,000.22
Tournament (k=3),Arithmetic,Gaussian,0.50670,0.09637,000.00000000,000.00072179,000.00077820,000.00580911,000.30
Tournament (k=2),Blend,Uniform,0.58741,0.11476,000.01392365,000.60867268,000.77169800,000.79895931,000.28
Tournament (k=2),Blend,Uniform,0.81310,0.02382,000.00000000,000.12225594,000.00000381,000.52767217,000.24
Tournament (k=2),Blend,Uniform,0.76642,0.25191,001.14062119,003.41580319,003.82211494,001.46951735,000.34
Tournament (k=2),Blend,Uniform,0.68096,0.02837,000.00000000,000.00016961,000.00000000,000.37117514,000.20
Tournament (k=2),Blend,Uniform,0.91514,0.03095,000.00000000,000.00138345,000.00011635,000.35465318,000.24
Tournament (k=2),Blend,Uniform,0.74410,0.16276,000.36042786,002.19967651,002.47815895,001.20139658,000.27
Tournament (k=2),Blend,Uniform,0.60503,0.07415,000.00000000,000.00148487,000.00043106,000.18894033,000.21
Tournament (k=3),Arithmetic,Gaussian,0.53756,0.10516,000.00000000,000.00049567,000.00043869,000.00172385,000.24
Tournament (k=2),Blend,Uniform,0.55369,0.03378,000.00000000,000.00084105,000.00005150,000.25116903,000.23
Tournament (k=2),Blend,Uniform,0.88849,0.16276,000.48084259,002.63276267,003.10483551,001.16680872,000.30
Tournament (k=3),Arithmetic,Gaussian,0.43709,0.17762,000.00000000,000.00051789,000.00049782,000.00159021,000.37
Tournament (k=2),Blend,Uniform,0.74410,0.05228,000.00000000,000.00060720,000.00000572,000.29861417,000.20
Tournament (k=3),Arithmetic,Gaussian,0.40000,0.25191,000.00058746,000.03190918,000.03669357,000.14898312,000.39
Tournament (k=3),Arithmetic,Gaussian,0.49195,0.06226,000.00000000,000.00231619,000.00267982,000.02378623,000.31
Tournament (k=2),Blend,Uniform,0.97087,0.02599,000.00000000,000.12534842,000.00044823,000.60974348,000.25
Tournament (k=2),Blend,Uniform,0.60503,0.02000,000.00000000,000.05958395,000.00001335,000.44107351,000.18
Tournament (k=2),Blend,Uniform,0.76642,0.03095,000.00000000,000.00016532,000.00000000,000.35111651,000.19
Tournament (k=2),Blend,Uniform,0.86261,0.09637,000.07197952,001.04408586,001.28892899,000.84968907,000.23
Tournament (k=3),Arithmetic,Gaussian,0.57030,0.10516,000.00000000,000.00045838,000.00047684,000.00223389,000.29
Tournament (k=2),Blend,Uniform,0.83749,0.14915,000.21628571,002.31128073,002.63431931,001.09662461,000.32
Tournament (k=3),Arithmetic,Gaussian,0.58741,0.05705,000.00000000,000.00243330,000.00236130,000.01310729,000.22
Tournament (k=2),Blend,Uniform,1.00000,0.13667,000.36375427,002.39706779,002.84056473,001.03910875,000.29
Tournament (k=2),Blend,Uniform,0.70139,0.04791,000.00000000,000.00024276,000.00001144,000.27618998,000.20
Tournament (k=3),Arithmetic,Gaussian,0.57030,0.30000,000.01076508,000.11272407,000.11706924,000.28482753,000.38
Tournament (k=3),Arithmetic,Gaussian,0.53756,0.30000,000.01058960,000.12556902,000.12818527,000.28545415,000.42
Tournament (k=2),Blend,Uniform,0.52190,0.09637,000.00008392,000.03661876,000.02553368,000.43125129,000.27
Tournament (k=2),Blend,Uniform,0.66113,0.14915,000.12875366,001.77532351,002.06378555,001.00227129,000.26
Tournament (k=3),Arithmetic,Gaussian,0.45020,0.02837,000.00000000,000.01342888,000.01239777,000.13883446,000.18
Tournament (k=2),Blend,Uniform,0.76642,0.08830,000.00437927,000.49799705,000.60338783,000.70885247,000.29
Tournament (k=2),Blend,Uniform,0.72243,0.06795,000.00000000,000.00438571,000.00126076,000.19353184,000.21
Tournament (k=2),Blend,Uniform,0.60503,0.02183,000.00000000,000.04528294,000.00005531,000.46776748,000.18
Tournament (k=3),Arithmetic,Gaussian,0.55369,0.05705,000.00000000,000.00219536,000.00236702,000.01467007,000.27
Tournament (k=3),Arithmetic,Gaussian,0.47762,0.27490,000.00407791,000.05543971,000.07056427,000.23105589,000.41
Tournament (k=2),Blend,Uniform,0.76642,0.03378,000.00000000,000.00002232,000.00000000,000.40483272,000.20
Tournament (k=2),Blend,Uniform,0.68096,0.08092,000.00000381,000.05056538,000.02792358,000.42766321,000.27
Tournament (k=3),Arithmetic,Gaussian,0.41200,0.16276,000.00000000,000.00030694,000.00039864,000.00157661,000.35
Tournament (k=2),Blend,Uniform,0.94259,0.14915,000.77644348,002.63935542,003.03869820,001.14550686,000.33
Tournament (k=2),Blend,Uniform,0.83749,0.04791,000.00000000,000.00057168,000.00000763,000.29524356,000.26
Tournament (k=2),Blend,Uniform,0.88849,0.05705,000.00000000,000.00798745,000.00084305,000.33929640,000.21
Tournament (k=3),Arithmetic,Gaussian,0.58741,0.06226,000.00000000,000.00165505,000.00174141,000.01099467,000.23
Tournament (k=3),Arithmetic,Gaussian,0.40000,0.02837,000.00000000,000.01471343,000.01453590,000.07569347,000.22
Tournament (k=3),Arithmetic,Gaussian,0.57030,0.11476,000.00000000,000.00025721,000.00023842,000.00362184,000.31
Tournament (k=2),Blend,Uniform,0.57030,0.19383,000.18147278,002.07394171,002.34147072,000.95941067,000.28
Tournament (k=3),Arithmetic,Gaussian,0.41200,0.05228,000.00001144,000.00286169,000.00315285,000.00976643,000.20
Tournament (k=3),Arithmetic,Gaussian,0.58741,0.02000,000.00000763,000.03365421,000.03456497,000.20808642,000.22
Tournament (k=2),Blend,Uniform,0.97087,0.07415,000.01770401,000.55232108,000.64337540,000.78127301,000.22
Tournament (k=3),Arithmetic,Gaussian,0.53756,0.03378,000.00000000,000.00664167,000.00752449,000.02157341,000.19
Tournament (k=3),Arithmetic,Gaussian,0.45020,0.09637,000.00000000,000.00088391,000.00063705,000.00432420,000.23
Tournament (k=3),Arithmetic,Gaussian,0.52190,0.05705,000.00000000,000.00365949,000.00442123,000.01398274,000.27
Tournament (k=3),Arithmetic,Gaussian,0.47762,0.10516,000.00000000,000.00039496,000.00043678,000.00230249,000.29
Tournament (k=2),Blend,Uniform,0.52190,0.10516,000.00143433,000.16116858,000.13990784,000.40241697,000.30
Tournament (k=3),Arithmetic,Gaussian,0.49195,0.19383,000.00004196,000.00140901,000.00165176,000.00588658,000.33
Tournament (k=2),Blend,Uniform,0.49195,0.30000,000.16712952,002.83884764,003.25206184,001.36775112,000.33
Tournament (k=3),Arithmetic,Gaussian,0.50670,0.03095,000.00000000,000.00972605,000.01012611,000.11844351,000.25
Tournament (k=2),Blend,Uniform,0.86261,0.02837,000.00000000,000.11758161,000.00009727,000.48912889,000.19
Tournament (k=3),Arithmetic,Gaussian,0.46371,0.02000,000.00000000,000.03225388,000.03157806,000.24225757,000.17
Tournament (k=3),Arithmetic,Gaussian,0.42436,0.09637,000.00000000,000.00069952,000.00075912,000.00346515,000.23
Tournament (k=2),Blend,Uniform,0.81310,0.08830,000.00258255,000.50425076,000.48646545,000.70849502,000.23
Tournament (k=3),Arithmetic,Gaussian,0.58741,0.17762,000.00000381,000.00040078,000.00040627,000.00144616,000.37
Tournament (k=3),Arithmetic,Gaussian,0.57030,0.03378,000.00000000,000.00662146,000.00674057,000.04318376,000.25
Tournament (k=3),Arithmetic,Gaussian,0.47762,0.03378,000.00003052,000.00818324,000.00819397,000.04594490,000.19
Tournament (k=3),Arithmetic,Gaussian,0.43709,0.02000,000.00000381,000.02676239,000.02299500,000.23364259,000.17
Tournament (k=3),Arithmetic,Gaussian,0.47762,0.30000,000.00804901,000.09622016,000.10559082,000.20280263,000.40
Tournament (k=2),Blend,Uniform,0.94259,0.04791,000.00000000,000.00189896,000.00002670,000.30399689,000.27
Tournament (k=3),Arithmetic,Gaussian,0.55369,0.17762,000.00000000,000.00043373,000.00047493,000.00133133,000.38
Tournament (k=2),Blend,Uniform,0.91514,0.23084,000.24320221,003.57612371,003.91086769,001.50391412,000.34
Tournament (k=3),Arithmetic,Gaussian,0.52190,0.06226,000.00000763,000.00241222,000.00250053,000.00993872,000.27
Tournament (k=3),Arithmetic,Gaussian,0.52190,0.21153,000.00019073,000.00622435,000.00701904,000.01282656,000.45
Tournament (k=2),Blend,Uniform,0.81310,0.27490,001.23458481,003.75458217,004.02779770,001.45436978,000.27
Tournament (k=3),Arithmetic,Gaussian,0.60503,0.03378,000.00000000,000.01021957,000.01162148,000.03984452,000.25
Tournament (k=2),Blend,Uniform,0.57030,0.21153,000.37232590,002.12320900,002.45178986,001.02590191,000.38
Tournament (k=2),Blend,Uniform,0.60503,0.17762,000.15441132,001.83579946,002.17818451,000.86983776,000.32
Tournament (k=3),Arithmetic,Gaussian,0.42436,0.03378,000.00000000,000.00838428,000.00828362,000.04348578,000.21
Tournament (k=2),Blend,Uniform,0.52190,0.03378,000.00000000,000.00071888,000.00005531,000.25316328,000.18
Tournament (k=2),Blend,Uniform,1.00000,0.04390,000.00000000,000.00280542,000.00006485,000.36742759,000.26
Tournament (k=3),Arithmetic,Gaussian,0.46371,0.04791,000.00001526,000.00497379,000.00561523,000.01136005,000.20
Tournament (k=2),Blend,Uniform,0.91514,0.08092,000.01848221,000.61828411,000.66047287,000.77462596,000.28
Tournament (k=2),Blend,Uniform,0.72243,0.25191,000.69810104,002.97488713,003.33644295,001.37412822,000.34
Tournament (k=2),Blend,Uniform,0.70139,0.16276,000.23246765,002.19835544,002.56424522,001.18240488,000.25
Tournament (k=2),Blend,Uniform,0.91514,0.03378,000.00000000,000.00279522,000.00015068,000.49195874,000.20
Tournament (k=2),Blend,Uniform,0.58741,0.12524,000.04698944,000.94644833,001.27856255,000.80227345,000.24
Tournament (k=2),Blend,Uniform,0.81310,0.02599,000.00000000,000.02519026,000.00000000,000.45797062,000.24
Tournament (k=2),Blend,Uniform,0.97087,0.27490,001.51644135,004.02297163,004.36935616,001.69451940,000.36
Tournament (k=3),Arithmetic,Gaussian,0.49195,0.02000,000.00000763,000.02932091,000.03205109,000.17676581,000.27
Tournament (k=2),Blend,Uniform,0.55369,0.03686,000.00000000,000.00027838,000.00001526,000.24175221,000.20
Tournament (k=2),Blend,Uniform,0.74410,0.17762,000.81462097,002.76168871,003.14304352,001.07603550,000.32
Tournament (k=3),Arithmetic,Gaussian,0.49195,0.06795,000.00000000,000.00172019,000.00171661,000.00594709,000.21
Tournament (k=2),Blend,Uniform,0.88849,0.17762,000.25350952,002.97756314,003.31177139,001.28734887,000.26
Tournament (k=3),Arithmetic,Gaussian,0.40000,0.08830,000.00000000,000.00085559,000.00087738,000.00336495,000.22
Tournament (k=3),Arithmetic,Gaussian,0.57030,0.03686,000.00000000,000.00859303,000.00690079,000.04484170,000.43
Tournament (k=3),Arithmetic,Gaussian,0.53756,0.11476,000.00000000,000.00026541,000.00020409,000.00147525,000.29
Tournament (k=2),Blend,Uniform,0.97087,0.02837,000.00000000,000.00345244,000.00000381,000.45449859,000.25
Tournament (k=2),Blend,Uniform,0.76642,0.27490,000.50024414,003.56262469,003.95126724,001.44373035,000.43
Tournament (k=2),Blend,Uniform,1.00000,0.04791,000.00000000,000.00483789,000.00017357,000.36647117,000.27
Tournament (k=3),Arithmetic,Gaussian,0.46371,0.14915,000.00000000,000.00020056,000.00016975,000.00077116,000.27
Tournament (k=3),Arithmetic,Gaussian,0.60503,0.10516,000.00000000,000.00030470,000.00033569,000.00185885,000.26
Tournament (k=2),Blend,Uniform,0.60503,0.19383,000.31973648,002.20950699,002.51163292,001.05790877,000.29
Tournament (k=2),Blend,Uniform,0.78941,0.03378,000.00000000,000.00067444,000.00000000,000.38555717,000.25
Tournament (k=2),Blend,Uniform,1.00000,0.14915,000.57443237,002.62502122,003.11085129,001.32095456,000.25
Tournament (k=2),Blend,Uniform,0.81310,0.02837,000.00000000,000.01325417,000.00000191,000.48631370,000.24
Tournament (k=3),Arithmetic,Gaussian,0.62318,0.02000,000.00000000,000.02104826,000.02188110,000.18200924,000.26
Tournament (k=2),Blend,Uniform,0.91514,0.25191,001.72087860,003.98155451,004.40029335,001.39014006,000.37
Tournament (k=2),Blend,Uniform,0.83749,0.16276,000.69784546,002.33162355,002.62068558,001.14831948,000.32
Tournament (k=3),Arithmetic,Gaussian,0.55369,0.19383,000.00003052,000.00196295,000.00191498,000.01139387,000.44
Tournament (k=3),Arithmetic,Gaussian,0.40000,0.27490,000.00081635,000.05133867,000.05682755,000.20897320,000.40
Tournament (k=3),Arithmetic,Gaussian,0.55369,0.02000,000.00002670,000.02436004,000.01895905,000.26004344,000.23
Tournament (k=3),Arithmetic,Gaussian,0.45020,0.03095,000.00000000,000.00730014,000.00665283,000.02584384,000.18
Tournament (k=2),Blend,Uniform,0.60503,0.02382,000.00000000,000.06856032,000.00001717,000.48281687,000.18
Tournament (k=2),Blend,Uniform,0.72243,0.07415,000.00000000,000.02018585,000.01060677,000.34601089,000.21
Tournament (k=3),Arithmetic,Gaussian,0.62318,0.06226,000.00000000,000.00174508,000.00123787,000.00926716,000.25
Tournament (k=3),Arithmetic,Gaussian,0.50670,0.30000,000.00331116,000.10639558,000.12026787,000.25883079,000.35
Tournament (k=2),Blend,Uniform,0.76642,0.09637,000.01117706,000.72233915,001.05996513,000.73372275,000.28
Tournament (k=2),Blend,Uniform,0.88849,0.06226,000.00000000,000.02008886,000.01241112,000.41745383,000.22
Tournament (k=3),Arithmetic,Gaussian,0.55369,0.06226,000.00000000,000.00202413,000.00201035,000.01334573,000.28
Tournament (k=3),Arithmetic,Gaussian,0.58741,0.06795,000.00000000,000.00178976,000.00194550,000.00702980,000.22
Tournament (k=2),Blend,Uniform,0.83749,0.05228,000.00000000,000.00393224,000.00027084,000.33028093,000.23
Tournament (k=2),Blend,Uniform,0.68096,0.08830,000.00049591,000.15074249,000.09044838,000.48767179,000.26
Tournament (k=2),Blend,Uniform,0.78941,0.03686,000.00000000,000.00311995,000.00000191,000.42666605,000.25
Tournament (k=3),Arithmetic,Gaussian,0.62318,0.19383,000.00003815,000.00215659,000.00224304,000.00684278,000.29
Tournament (k=3),Arithmetic,Gaussian,0.40000,0.03095,000.00000381,000.00915051,000.00850105,000.03733357,000.23
Tournament (k=2),Blend,Uniform,0.94259,0.16276,000.81803131,002.89097452,003.22529984,001.10569656,000.28
Tournament (k=3),Arithmetic,Gaussian,0.41200,0.05705,000.00000000,000.00361457,000.00404739,000.01366963,000.21
Tournament (k=3),Arithmetic,Gaussian,0.45020,0.03378,000.00000763,000.00884366,000.00786591,000.10399184,000.19
Tournament (k=2),Blend,Uniform,0.86261,0.25191,001.10372543,003.39934492,003.86788368,001.49658573,000.35
Tournament (k=3),Arithmetic,Gaussian,0.64187,0.03686,000.00000381,000.00583205,000.00497627,000.02262479,000.19
Tournament (k=3),Arithmetic,Gaussian,0.58741,0.02183,000.00000000,000.02486448,000.02298927,000.19697872,000.24
Tournament (k=2),Blend,Uniform,0.83749,0.17762,000.13902283,002.72688174,003.16287422,001.33090866,000.32
Tournament (k=3),Arithmetic,Gaussian,0.46371,0.02183,000.00000381,000.02176933,000.02314377,000.17360206,000.17
Tournament (k=3),Arithmetic,Gaussian,0.45020,0.10516,000.00000000,000.00045462,000.00045967,000.00180430,000.30
Tournament (k=2),Blend,Uniform,0.68096,0.27490,001.41421509,003.39431882,003.77150154,001.36431456,000.34
Tournament (k=2),Blend,Uniform,0.86261,0.03095,000.00000000,000.00083532,000.00000000,000.35596591,000.19
Tournament (k=3),Arithmetic,Gaussian,0.66113,0.02183,000.00000000,000.01322484,000.01249695,000.18097353,000.24
Tournament (k=3),Arithmetic,Gaussian,0.43709,0.02183,000.00002289,000.02210746,000.02223587,000.11938632,000.17
Tournament (k=3),Arithmetic,Gaussian,0.42436,0.10516,000.00000000,000.00061350,000.00066757,000.00236680,000.24
Tournament (k=3),Arithmetic,Gaussian,0.64187,0.11476,000.00000000,000.00016928,000.00012207,000.00145676,000.33
Tournament (k=3),Arithmetic,Gaussian,0.50670,0.03378,000.00000000,000.00710540,000.00778770,000.04814924,000.25
Tournament (k=3),Arithmetic,Gaussian,0.49195,0.21153,000.00011444,000.00492806,000.00548172,000.01421966,000.28
Tournament (k=3),Arithmetic,Gaussian,0.47762,0.03686,000.00000000,000.00478659,000.00376892,000.01728959,000.23
Tournament (k=3),Arithmetic,Gaussian,0.66113,0.06795,000.00000000,000.00191579,000.00153542,000.00624321,000.29
Tournament (k=3),Arithmetic,Gaussian,0.64187,0.04023,000.00000000,000.00490932,000.00462341,000.01805423,000.22
Tournament (k=3),Arithmetic,Gaussian,0.47762,0.11476,000.00000000,000.00043483,000.00045013,000.00198450,000.31
Tournament (k=2),Blend,Uniform,0.81310,0.09637,000.02752686,000.86843884,001.12506104,000.86598366,000.29
Tournament (k=2),Blend,Uniform,0.78941,0.13667,000.18421173,001.87001252,002.17633438,001.04260337,000.26
Tournament (k=2),Blend,Uniform,0.94259,0.05228,000.00000000,000.00727329,000.00020599,000.40665501,000.27
Tournament (k=3),Arithmetic,Gaussian,0.58741,0.19383,000.00004959,000.00200820,000.00197220,000.00652921,000.34
Tournament (k=3),Arithmetic,Gaussian,0.68096,0.04023,000.00000000,000.00485687,000.00473213,000.02941346,000.19
Tournament (k=2),Blend,Uniform,0.86261,0.03378,000.00000000,000.01636910,000.00000000,000.48710594,000.20
Tournament (k=2),Blend,Uniform,0.86261,0.27490,000.83872604,003.62958479,004.18528938,001.58676279,000.35
Tournament (k=3),Arithmetic,Gaussian,0.42436,0.03686,000.00000000,000.00676374,000.00775528,000.01927326,000.19
Tournament (k=3),Arithmetic,Gaussian,0.66113,0.02382,000.00000000,000.01684203,000.01565552,000.14825611,000.22
Tournament (k=3),Arithmetic,Gaussian,0.52190,0.06795,000.00000000,000.00213633,000.00243568,000.01185476,000.28
Tournament (k=2),Blend,Uniform,0.74410,0.05705,000.00000000,000.00029426,000.00002098,000.23198833,000.20
Tournament (k=2),Blend,Uniform,0.91514,0.03686,000.00000000,000.00968733,000.00022316,000.47944435,000.19
Tournament (k=2),Blend,Uniform,0.91514,0.08830,000.09538269,000.93058765,001.14722633,000.81264114,000.23
Tournament (k=2),Blend,Uniform,0.70139,0.05228,000.00000000,000.00006766,000.00000000,000.23678540,000.20
Tournament (k=3),Arithmetic,Gaussian,0.70139,0.02382,000.00000000,000.01749067,000.01596069,000.13013227,000.25
Tournament (k=3),Arithmetic,Gaussian,0.66113,0.21153,000.00022888,000.00849481,000.00960732,000.01706319,000.39
Tournament (k=3),Arithmetic,Gaussian,0.49195,0.02183,000.00000381,000.02202024,000.02139282,000.13739577,000.19
Tournament (k=3),Arithmetic,Gaussian,0.66113,0.07415,000.00000000,000.00150132,000.00148392,000.00732176,000.28
Tournament (k=3),Arithmetic,Gaussian,0.68096,0.12524,000.00000000,000.00012050,000.00010872,000.00087075,000.32
Tournament (k=3),Arithmetic,Gaussian,0.52190,0.23084,000.00042725,000.02055020,000.02352905,000.04854170,000.39
Tournament (k=2),Blend,Uniform,0.81310,0.10516,000.09383774,001.34568048,001.71395302,000.91494375,000.30
Tournament (k=2),Blend,Uniform,0.86261,0.03686,000.00000000,000.00106401,000.00009155,000.41841042,000.22
Tournament (k=3),Arithmetic,Gaussian,0.43709,0.19383,000.00002289,000.00156622,000.00147820,000.00397692,000.37
Tournament (k=3),Arithmetic,Gaussian,0.43709,0.05705,000.00000000,000.00232272,000.00212669,000.01073790,000.27
Tournament (k=3),Arithmetic,Gaussian,0.70139,0.07415,000.00000000,000.00092039,000.00089264,000.00406432,000.22
Tournament (k=2),Blend,Uniform,0.72243,0.27490,000.67735291,003.44079638,003.60786438,001.39916444,000.34
Tournament (k=3),Arithmetic,Gaussian,0.49195,0.07415,000.00000000,000.00167637,000.00186539,000.00692119,000.22
Tournament (k=3),Arithmetic,Gaussian,0.57030,0.04023,000.00000763,000.00568500,000.00613785,000.03213679,000.22
Tournament (k=2),Blend,Uniform,0.97087,0.03095,000.00000000,000.01543083,000.00045204,000.51297158,000.19
Tournament (k=2),Blend,Uniform,0.97087,0.30000,000.78103638,004.18134212,004.74485779,001.75109839,000.35
Tournament (k=2),Blend,Uniform,0.88849,0.19383,000.32998657,003.22226191,003.57080841,001.29100001,000.27
Tournament (k=3),Arithmetic,Gaussian,0.52190,0.07415,000.00000000,000.00131545,000.00125122,000.00746423,000.29
Tournament (k=3),Arithmetic,Gaussian,0.53756,0.12524,000.00000000,000.00018497,000.00012779,000.00109330,000.25
Tournament (k=2),Blend,Uniform,1.00000,0.05228,000.00000000,000.00866137,000.00089264,000.42142126,000.27
Tournament (k=3),Arithmetic,Gaussian,0.60503,0.11476,000.00000000,000.00018272,000.00019455,000.00070667,000.25
Tournament (k=3),Arithmetic,Gaussian,0.62318,0.02183,000.00002289,000.02166843,000.02181244,000.14718065,000.20
Tournament (k=2),Blend,Uniform,0.60503,0.21153,000.46655273,002.36627054,002.68785095,001.15542305,000.26
Tournament (k=2),Blend,Uniform,0.76642,0.30000,001.13151169,003.60696864,003.94036102,001.50032854,000.32
Tournament (k=2),Blend,Uniform,0.81310,0.03095,000.00000000,000.00028138,000.00000000,000.38475093,000.24
Tournament (k=3),Arithmetic,Gaussian,0.70139,0.08092,000.00000000,000.00071535,000.00088882,000.00399319,000.24
Tournament (k=3),Arithmetic,Gaussian,0.43709,0.06226,000.00000000,000.00264010,000.00241852,000.00990423,000.25
Tournament (k=2),Blend,Uniform,0.81310,0.11476,000.23032379,001.41184199,001.65060806,001.03095961,000.30
Tournament (k=3),Arithmetic,Gaussian,0.46371,0.16276,000.00000763,000.00022821,000.00023651,000.00066558,000.35
Tournament (k=3),Arithmetic,Gaussian,0.49195,0.08092,000.00000000,000.00109959,000.00114250,000.02101881,000.25
Tournament (k=3),Arithmetic,Gaussian,0.41200,0.17762,000.00001144,000.00063081,000.00070953,000.00344094,000.36
Tournament (k=2),Blend,Uniform,0.72243,0.08092,000.00009537,000.14835978,000.14650345,000.53016913,000.22
Tournament (k=3),Arithmetic,Gaussian,0.55369,0.02183,000.00000000,000.01869941,000.01966476,000.12719578,000.24
Tournament (k=2),Blend,Uniform,1.00000,0.02000,000.00000000,000.12069049,000.00048065,000.56850356,000.25
Tournament (k=3),Arithmetic,Gaussian,0.52190,0.25191,000.00173950,000.03237724,000.03996468,000.14610825,000.40
Tournament (k=2),Blend,Uniform,0.91514,0.27490,001.57362747,004.05966330,004.75697517,001.54109204,000.35
Tournament (k=3),Arithmetic,Gaussian,0.52190,0.02000,000.00000000,000.02050667,000.02181435,000.21432574,000.18
Tournament (k=2),Blend,Uniform,0.88849,0.21153,000.77863693,003.33295369,003.74573898,001.43309653,000.30
Tournament (k=3),Arithmetic,Gaussian,0.52190,0.08092,000.00000763,000.00133743,000.00142479,000.00727035,000.29
Tournament (k=3),Arithmetic,Gaussian,0.55369,0.06795,000.00000000,000.00143685,000.00170898,000.00756372,000.22
Tournament (k=2),Blend,Uniform,0.88849,0.06795,000.00001907,000.12517600,000.06839752,000.60680318,000.22
Tournament (k=3),Arithmetic,Gaussian,0.58741,0.07415,000.00000763,000.00145445,000.00111771,000.01026372,000.22
Tournament (k=2),Blend,Uniform,0.83749,0.05705,000.00000000,000.00203748,000.00021744,000.32458940,000.24
Tournament (k=2),Blend,Uniform,0.76642,0.10516,000.03105545,000.91162741,001.17520714,000.84585553,000.29
Tournament (k=3),Arithmetic,Gaussian,0.40000,0.30000,000.00821686,000.09742136,000.10445023,000.24407603,000.41
Tournament (k=3),Arithmetic,Gaussian,0.41200,0.06226,000.00000000,000.00223112,000.00208473,000.00792555,000.20
Tournament (k=3),Arithmetic,Gaussian,0.46371,0.02382,000.00000763,000.01445279,000.01378822,000.06035843,000.17
Tournament (k=3),Arithmetic,Gaussian,0.40000,0.03378,000.00000000,000.00877647,000.00728989,000.07681564,000.24
Tournament (k=3),Arithmetic,Gaussian,0.52190,0.02183,000.00000000,000.01775279,000.01591110,000.10035102,000.18
Tournament (k=3),Arithmetic,Gaussian,0.62318,0.21153,000.00007248,000.00740809,000.00719643,000.01767540,000.28
Tournament (k=2),Blend,Uniform,0.72243,0.08830,000.00072479,000.25567421,000.23995018,000.58428997,000.25
Tournament (k=3),Arithmetic,Gaussian,0.58741,0.02382,000.00003815,000.01854076,000.02174568,000.13581008,000.24
Tournament (k=3),Arithmetic,Gaussian,0.43709,0.02382,000.00000000,000.01936288,000.02166176,000.11328102,000.17
Tournament (k=3),Arithmetic,Gaussian,0.43709,0.06795,000.00000381,000.00235925,000.00250053,000.00962412,000.36
Tournament (k=3),Arithmetic,Gaussian,0.72243,0.04390,000.00000000,000.00619488,000.00480080,000.10128354,000.26
Tournament (k=2),Blend,Uniform,0.94259,0.17762,000.63483429,002.89951181,003.20165634,001.17692602,000.33
Tournament (k=3),Arithmetic,Gaussian,0.70139,0.23084,000.00023651,000.02067580,000.02354431,000.14132367,000.38
Tournament (k=3),Arithmetic,Gaussian,0.50670,0.10516,000.00000000,000.00043507,000.00038528,000.00285403,000.31
Tournament (k=2),Blend,Uniform,0.88849,0.07415,000.00239563,000.22084208,000.17326736,000.59853578,000.22
Tournament (k=3),Arithmetic,Gaussian,0.58741,0.08092,000.00000000,000.00135503,000.00137520,000.00544241,000.23
Tournament (k=3),Arithmetic,Gaussian,0.60503,0.03686,000.00000000,000.00560560,000.00485802,000.05637085,000.25
Tournament (k=2),Blend,Uniform,0.83749,0.19383,000.76269531,002.94533300,003.32067680,001.41170907,000.33
Tournament (k=3),Arithmetic,Gaussian,0.46371,0.05228,000.00000000,000.00265317,000.00325203,000.01138567,000.20
Tournament (k=3),Arithmetic,Gaussian,0.50670,0.03686,000.00000381,000.00668931,000.00793457,000.03818300,000.25
Tournament (k=2),Blend,Uniform,0.83749,0.06226,000.00000000,000.01652222,000.00565147,000.37745816,000.26
Tournament (k=3),Arithmetic,Gaussian,0.64187,0.04390,000.00000000,000.00357232,000.00340080,000.01405741,000.21
Tournament (k=2),Blend,Uniform,0.81310,0.30000,001.00947952,004.05353308,004.47387314,001.67845345,000.34
Tournament (k=3),Arithmetic,Gaussian,0.46371,0.02599,000.00000000,000.01151867,000.01026344,000.11535793,000.24
Tournament (k=3),Arithmetic,Gaussian,0.68096,0.04390,000.00000000,000.00383754,000.00367165,000.01968188,000.20
Tournament (k=3),Arithmetic,Gaussian,0.66113,0.02599,000.00006866,000.01095719,000.00907326,000.10807849,000.18
Tournament (k=3),Arithmetic,Gaussian,0.49195,0.23084,000.00222015,000.01600213,000.01810455,000.03402313,000.33
Tournament (k=3),Arithmetic,Gaussian,0.42436,0.04023,000.00000000,000.00532742,000.00564575,000.02191662,000.19
Tournament (k=2),Blend,Uniform,0.86261,0.10516,000.02700806,001.44794869,001.84776688,001.01886296,000.26
Tournament (k=2),Blend,Uniform,0.94259,0.05705,000.00000000,000.01348219,000.00271988,000.32998684,000.27
Tournament (k=2),Blend,Uniform,0.91514,0.04023,000.00000000,000.00118337,000.00047302,000.34702957,000.19
Tournament (k=3),Arithmetic,Gaussian,0.47762,0.12524,000.00000000,000.00038896,000.00039482,000.00134508,000.33
Tournament (k=3),Arithmetic,Gaussian,0.40000,0.09637,000.00000000,000.00084863,000.00078773,000.00502606,000.23
Tournament (k=2),Blend,Uniform,0.78941,0.14915,000.42208862,002.25323296,002.49038315,001.04100728,000.31
Tournament (k=3),Arithmetic,Gaussian,0.58741,0.21153,000.00005341,000.00591350,000.00649452,000.01125965,000.29
Tournament (k=3),Arithmetic,Gaussian,0.74410,0.02599,000.00000763,000.00936265,000.00878716,000.05639989,000.18
Tournament (k=3),Arithmetic,Gaussian,0.72243,0.13667,000.00000000,000.00006585,000.00004768,000.00072885,000.31
Tournament (k=3),Arithmetic,Gaussian,0.60503,0.04023,000.00000000,000.00663266,000.00670815,000.03304559,000.26
Tournament (k=2),Blend,Uniform,0.91514,0.09637,000.10335541,001.09409928,001.31990242,000.92204744,000.23
Tournament (k=3),Arithmetic,Gaussian,0.49195,0.02382,000.00000000,000.01529565,000.01541138,000.17235121,000.23
Tournament (k=2),Blend,Uniform,0.86261,0.30000,001.16779709,003.97140694,004.47775269,001.68158031,000.38
Tournament (k=3),Arithmetic,Gaussian,0.66113,0.08092,000.00000000,000.00101943,000.00092125,000.00857851,000.30
Tournament (k=3),Arithmetic,Gaussian,0.53756,0.03686,000.00000000,000.00654073,000.00632858,000.04066762,000.19
Tournament (k=2),Blend,Uniform,0.83749,0.06795,000.00000000,000.04509769,000.01933861,000.45779443,000.36
Tournament (k=3),Arithmetic,Gaussian,0.57030,0.12524,000.00000000,000.00018396,000.00014114,000.00161261,000.25
Tournament (k=3),Arithmetic,Gaussian,0.62318,0.06795,000.00000000,000.00156126,000.00148773,000.00558281,000.21
Tournament (k=2),Blend,Uniform,0.97087,0.08092,000.01973724,000.79301780,001.10309410,000.83425522,000.23
Tournament (k=3),Arithmetic,Gaussian,0.55369,0.21153,000.00025558,000.00608711,000.00673866,000.02257198,000.29
Tournament (k=3),Arithmetic,Gaussian,0.57030,0.04390,000.00000381,000.00451617,000.00470734,000.01376766,000.26
Tournament (k=2),Blend,Uniform,0.97087,0.03378,000.00000000,000.00080018,000.00008965,000.39039722,000.25
Tournament (k=2),Blend,Uniform,1.00000,0.16276,000.76303864,002.88244677,003.24776840,001.02404177,000.33
Tournament (k=3),Arithmetic,Gaussian,0.66113,0.23084,000.00161743,000.02285209,000.02551270,000.11093415,000.42
Tournament (k=3),Arithmetic,Gaussian,0.68096,0.13667,000.00000000,000.00006533,000.00005341,000.00115311,000.35
Tournament (k=3),Arithmetic,Gaussian,0.53756,0.13667,000.00000000,000.00010581,000.00012398,000.00074130,000.25
Tournament (k=2),Blend,Uniform,0.94259,0.06226,000.00000000,000.03525095,000.01418495,000.54927194,000.31
Tournament (k=3),Arithmetic,Gaussian,0.62318,0.02382,000.00000000,000.01546354,000.01815033,000.10876288,000.24
Tournament (k=2),Blend,Uniform,0.88849,0.02000,000.00000000,000.15990767,000.00040245,000.55711645,000.19
Tournament (k=2),Blend,Uniform,0.78941,0.02000,000.00000000,000.18499465,000.00010681,000.58955950,000.24
Tournament (k=2),Blend,Uniform,1.00000,0.05705,000.00000000,000.01096563,000.00139046,000.18922941,000.27
Tournament (k=3),Arithmetic,Gaussian,0.43709,0.21153,000.00012207,000.00545616,000.00606155,000.01221911,000.38
Tournament (k=2),Blend,Uniform,0.60503,0.23084,000.45150757,002.54266930,002.74733734,001.10513353,000.28
Tournament (k=3),Arithmetic,Gaussian,0.49195,0.25191,000.00338745,000.02723966,000.03024101,000.11447707,000.47
Tournament (k=2),Blend,Uniform,0.81310,0.03378,000.00000000,000.00006776,000.00000000,000.36261451,000.21
Tournament (k=3),Arithmetic,Gaussian,0.70139,0.08830,000.00000000,000.00057621,000.00054741,000.00340435,000.23
Tournament (k=3),Arithmetic,Gaussian,0.45020,0.03686,000.00000000,000.00547562,000.00670052,000.02670364,000.18
Tournament (k=2),Blend,Uniform,0.91514,0.10516,000.08670807,001.45966816,001.81398392,001.06533647,000.39
Tournament (k=3),Arithmetic,Gaussian,0.49195,0.08830,000.00000000,000.00088902,000.00096893,000.00415157,000.22
Tournament (k=2),Blend,Uniform,0.78941,0.04023,000.00000000,000.00104966,000.00000763,000.40134275,000.24
Tournament (k=3),Arithmetic,Gaussian,0.74410,0.08092,000.00000000,000.00096211,000.00073814,000.00524398,000.28
Tournament (k=3),Arithmetic,Gaussian,0.46371,0.17762,000.00000763,000.00042219,000.00041580,000.00193857,000.28
Tournament (k=3),Arithmetic,Gaussian,0.55369,0.02382,000.00000381,000.01632614,000.01383400,000.12849870,000.24
Tournament (k=2),Blend,Uniform,1.00000,0.02183,000.00000000,000.00084672,000.00000191,000.40759107,000.25
Tournament (k=3),Arithmetic,Gaussian,0.55369,0.07415,000.00000000,000.00129724,000.00127411,000.01202108,000.23
Tournament (k=3),Arithmetic,Gaussian,0.76642,0.04791,000.00000000,000.00496917,000.00420189,000.02598368,000.22
Tournament (k=3),Arithmetic,Gaussian,0.53756,0.14915,000.00000000,000.00010448,000.00009346,000.00155581,000.33
Tournament (k=2),Blend,Uniform,0.88849,0.23084,000.08136749,003.56529236,003.89807892,001.59008801,000.29
Tournament (k=2),Blend,Uniform,0.91514,0.30000,001.44984818,004.46211147,004.96859169,001.32304537,000.36
Tournament (k=3),Arithmetic,Gaussian,0.45020,0.11476,000.00000000,000.00043459,000.00049591,000.00206662,000.32
Tournament (k=3),Arithmetic,Gaussian,0.41200,0.19383,000.00001144,000.00128903,000.00128174,000.00484841,000.39
Tournament (k=3),Arithmetic,Gaussian,0.47762,0.04023,000.00000381,000.00719466,000.00733948,000.06365132,000.19
Tournament (k=3),Arithmetic,Gaussian,0.52190,0.02382,000.00001526,000.01562362,000.01482582,000.08249441,000.18
Tournament (k=3),Arithmetic,Gaussian,0.41200,0.06795,000.00000000,000.00247798,000.00264168,000.01012460,000.20
Tournament (k=3),Arithmetic,Gaussian,0.41200,0.02000,000.00000763,000.03281713,000.02841568,000.29934788,000.22
Tournament (k=3),Arithmetic,Gaussian,0.40000,0.03686,000.00000381,000.00785675,000.00875092,000.02474249,000.24
Tournament (k=3),Arithmetic,Gaussian,0.43709,0.02599,000.00000000,000.01144714,000.00984001,000.13816161,000.17
Tournament (k=3),Arithmetic,Gaussian,0.76642,0.14915,000.00000000,000.00006080,000.00006294,000.00048878,000.31
Tournament (k=2),Blend,Uniform,0.72243,0.09637,000.01732635,000.60127747,000.69394684,000.76102918,000.23
Tournament (k=3),Arithmetic,Gaussian,0.43709,0.23084,000.00077820,000.01781349,000.02142334,000.03901121,000.41
Tournament (k=3),Arithmetic,Gaussian,0.74410,0.25191,000.00189972,000.05222130,000.06483078,000.23570707,000.43
Tournament (k=3),Arithmetic,Gaussian,0.58741,0.02599,000.00000000,000.01327052,000.01554108,000.11914899,000.24
Tournament (k=3),Arithmetic,Gaussian,0.72243,0.04791,000.00000000,000.00415540,000.00400162,000.01926002,000.22
Tournament (k=3),Arithmetic,Gaussian,0.43709,0.07415,000.00000000,000.00121002,000.00130463,000.00824921,000.25
Tournament (k=3),Arithmetic,Gaussian,0.62318,0.23084,000.00117874,000.01936355,000.01967812,000.10977293,000.30
Tournament (k=3),Arithmetic,Gaussian,0.78941,0.02837,000.00000381,000.01198268,000.01104736,000.11675356,000.19
Tournament (k=3),Arithmetic,Gaussian,0.49195,0.27490,000.00036621,000.06067896,000.07111359,000.18049167,000.45
Tournament (k=3),Arithmetic,Gaussian,0.58741,0.08830,000.00000000,000.00054932,000.00047302,000.00264186,000.23
Tournament (k=3),Arithmetic,Gaussian,0.50670,0.04023,000.00000000,000.00598431,000.00684357,000.01927099,000.22
Tournament (k=3),Arithmetic,Gaussian,0.41200,0.02183,000.00000000,000.03744092,000.03840446,000.17180344,000.25
Tournament (k=3),Arithmetic,Gaussian,0.46371,0.05705,000.00000000,000.00310812,000.00330162,000.05065596,000.27
Tournament (k=3),Arithmetic,Gaussian,0.70139,0.02599,000.00000000,000.01443553,000.01289558,000.14550562,000.25
Tournament (k=3),Arithmetic,Gaussian,0.68096,0.04791,000.00001144,000.00370727,000.00426674,000.01487822,000.20
Tournament (k=2),Blend,Uniform,0.94259,0.19383,000.51342773,003.15297771,003.58049583,001.35505068,000.35
Tournament (k=3),Arithmetic,Gaussian,0.64187,0.04791,000.00000000,000.00370712,000.00332069,000.01047570,000.26
Tournament (k=2),Blend,Uniform,0.83749,0.21153,000.75501251,003.00463319,003.40994835,001.31240785,000.31
Tournament (k=3),Arithmetic,Gaussian,0.66113,0.02837,000.00000000,000.01426258,000.01429749,000.13251410,000.19
Tournament (k=3),Arithmetic,Gaussian,0.50670,0.11476,000.00000000,000.00030112,000.00034332,000.00272395,000.32
Tournament (k=2),Blend,Uniform,0.83749,0.02000,000.00000000,000.17688441,000.00024796,000.52155328,000.24
Tournament (k=3),Arithmetic,Gaussian,0.70139,0.25191,000.00143433,000.04014859,000.04624367,000.17166398,000.37
Tournament (k=3),Arithmetic,Gaussian,0.46371,0.02837,000.00000000,000.01132293,000.01077843,000.08577611,000.24
Tournament (k=3),Arithmetic,Gaussian,0.42436,0.04390,000.00000000,000.00711703,000.00833511,000.02574734,000.19
Tournament (k=2),Blend,Uniform,0.86261,0.04023,000.00000000,000.00272655,000.00007629,000.43079177,000.19
Tournament (k=2),Blend,Uniform,0.86261,0.11476,000.13213730,001.51450038,001.73344803,000.92515367,000.30
Tournament (k=3),Arithmetic,Gaussian,0.78941,0.03095,000.00000000,000.01098757,000.01122093,000.04560020,000.26
Tournament (k=2),Blend,Uniform,0.72243,0.30000,000.56647110,003.52315664,003.92114449,001.59844303,000.34
Tournament (k=3),Arithmetic,Gaussian,0.49195,0.02599,000.00000000,000.01372600,000.01130295,000.11654276,000.18
Tournament (k=3),Arithmetic,Gaussian,0.53756,0.04023,000.00000000,000.00671949,000.00580978,000.03787851,000.19
Tournament (k=3),Arithmetic,Gaussian,0.60503,0.04390,000.00000000,000.00343766,000.00387001,000.01486580,000.21
Tournament (k=3),Arithmetic,Gaussian,0.46371,0.06226,000.00000763,000.00316110,000.00291061,000.01076861,000.25
Tournament (k=3),Arithmetic,Gaussian,0.47762,0.13667,000.00000000,000.00018926,000.00019836,000.00164637,000.34
Tournament (k=3),Arithmetic,Gaussian,0.74410,0.02837,000.00000381,000.01284051,000.01481628,000.04784721,000.25
Tournament (k=2),Blend,Uniform,0.97087,0.08830,000.02882004,001.16025174,001.35255623,001.02292061,000.22
Tournament (k=3),Arithmetic,Gaussian,0.58741,0.09637,000.00000000,000.00053582,000.00048256,000.00202345,000.32
Tournament (k=3),Arithmetic,Gaussian,0.62318,0.07415,000.00000000,000.00121031,000.00155258,000.00777163,000.24
Tournament (k=2),Blend,Uniform,0.78941,0.16276,000.42003632,002.29687691,002.68902206,001.19266438,000.32
Tournament (k=3),Arithmetic,Gaussian,0.57030,0.13667,000.00000000,000.00010834,000.00010681,000.00057833,000.26
Tournament (k=3),Arithmetic,Gaussian,0.78941,0.08830,000.00000000,000.00044379,000.00047112,000.00326901,000.26
Tournament (k=3),Arithmetic,Gaussian,0.57030,0.04791,000.00000000,000.00378499,000.00341415,000.01412277,000.26
Tournament (k=3),Arithmetic,Gaussian,0.66113,0.08830,000.00000000,000.00053282,000.00056648,000.00229256,000.31
Tournament (k=3),Arithmetic,Gaussian,0.60503,0.12524,000.00000000,000.00008163,000.00006104,000.00086619,000.33
Tournament (k=3),Arithmetic,Gaussian,0.72243,0.14915,000.00000000,000.00007377,000.00007629,000.00225171,000.35
Tournament (k=3),Arithmetic,Gaussian,0.55369,0.23084,000.00024796,000.01737819,000.01955032,000.03388012,000.33
Tournament (k=2),Blend,Uniform,0.97087,0.03686,000.00000000,000.00628443,000.00017929,000.45476148,000.21
Tournament (k=3),Arithmetic,Gaussian,0.62318,0.02599,000.00000000,000.01430907,000.01520348,000.06585909,000.19
Tournament (k=2),Blend,Uniform,1.00000,0.17762,000.11254120,003.14121509,003.66323662,001.39739704,000.27
Tournament (k=3),Arithmetic,Gaussian,0.62318,0.08092,000.00000381,000.00075779,000.00076675,000.00459478,000.23
Tournament (k=3),Arithmetic,Gaussian,0.74410,0.03095,000.00000000,000.00619984,000.00500870,000.03549794,000.25
Tournament (k=2),Blend,Uniform,0.94259,0.06795,000.00014496,000.24522753,000.19272804,000.62636036,000.27
Tournament (k=3),Arithmetic,Gaussian,0.68096,0.14915,000.00000000,000.00007482,000.00005150,000.00045081,000.32
Tournament (k=3),Arithmetic,Gaussian,0.42436,0.11476,000.00000000,000.00045948,000.00050354,000.00338795,000.26
Tournament (k=3),Arithmetic,Gaussian,0.64187,0.12524,000.00000000,000.00014195,000.00013161,000.00156671,000.25
Tournament (k=2),Blend,Uniform,1.00000,0.06226,000.00001907,000.17992362,000.08781624,000.56469774,000.28
Tournament (k=3),Arithmetic,Gaussian,0.45020,0.04023,000.00000000,000.00556111,000.00523186,000.10181723,000.21
Tournament (k=3),Arithmetic,Gaussian,0.47762,0.14915,000.00000000,000.00014238,000.00013351,000.00105457,000.35
Tournament (k=2),Blend,Uniform,0.81310,0.03686,000.00000000,000.00017276,000.00000000,000.35437271,000.25
Tournament (k=2),Blend,Uniform,0.78941,0.17762,000.46371841,002.77312517,003.08298683,001.20505309,000.32
Tournament (k=3),Arithmetic,Gaussian,0.66113,0.25191,000.00050735,000.04051585,000.04789162,000.13958886,000.40
Tournament (k=3),Arithmetic,Gaussian,0.49195,0.09637,000.00000000,000.00050488,000.00052261,000.00229107,000.24
Tournament (k=3),Arithmetic,Gaussian,0.58741,0.10516,000.00000000,000.00030465,000.00032806,000.00379500,000.35
Tournament (k=3),Arithmetic,Gaussian,0.52190,0.27490,000.00540924,000.07753710,000.08841133,000.13894747,000.40
Tournament (k=2),Blend,Uniform,0.91514,0.11476,000.08158112,001.72805905,001.97235107,000.89900351,000.31
Tournament (k=3),Arithmetic,Gaussian,0.70139,0.09637,000.00000000,000.00038538,000.00037766,000.00265692,000.31
Tournament (k=2),Blend,Uniform,0.78941,0.04390,000.00000000,000.00565925,000.00000381,000.47129497,000.24
Tournament (k=2),Blend,Uniform,1.00000,0.02382,000.00000000,000.09746771,000.00104141,000.46695057,000.18
Tournament (k=3),Arithmetic,Gaussian,0.46371,0.19383,000.00007629,000.00181603,000.00207901,000.00746537,000.29
Tournament (k=3),Arithmetic,Gaussian,0.74410,0.08830,000.00000000,000.00057797,000.00065041,000.00277407,000.31
Tournament (k=3),Arithmetic,Gaussian,0.55369,0.02599,000.00000763,000.01332474,000.01291466,000.14895028,000.25
Tournament (k=3),Arithmetic,Gaussian,0.55369,0.08092,000.00000000,000.00089154,000.00078773,000.00215136,000.27
Tournament (k=3),Arithmetic,Gaussian,0.52190,0.02599,000.00000000,000.01434908,000.01247215,000.05443242,000.18
Tournament (k=3),Arithmetic,Gaussian,0.47762,0.04390,000.00000000,000.00512085,000.00619125,000.01545400,000.20
Tournament (k=3),Arithmetic,Gaussian,0.76642,0.05228,000.00000000,000.00353975,000.00437164,000.01319699,000.28
Tournament (k=2),Blend,Uniform,0.94259,0.02000,000.00000000,000.16965671,000.00049973,000.51341647,000.25
Tournament (k=3),Arithmetic,Gaussian,0.53756,0.16276,000.00000000,000.00015502,000.00017738,000.00055109,000.28
Tournament (k=3),Arithmetic,Gaussian,0.41200,0.07415,000.00000381,000.00155048,000.00137138,000.00709606,000.22
Tournament (k=3),Arithmetic,Gaussian,0.40000,0.04023,000.00000381,000.00612450,000.00592995,000.02922993,000.25
Tournament (k=3),Arithmetic,Gaussian,0.81310,0.05228,000.00000000,000.00292974,000.00227165,000.01979360,000.28
Tournament (k=3),Arithmetic,Gaussian,0.45020,0.12524,000.00000000,000.00027900,000.00027466,000.00127384,000.32
Tournament (k=3),Arithmetic,Gaussian,0.76642,0.16276,000.00000000,000.00020752,000.00021362,000.00217361,000.27
Tournament (k=3),Arithmetic,Gaussian,0.78941,0.27490,000.00532532,000.07076015,000.07997513,000.24482746,000.39
Tournament (k=2),Blend,Uniform,1.00000,0.02599,000.00000000,000.00467849,000.00000000,000.38486397,000.25
Tournament (k=2),Blend,Uniform,0.91514,0.12524,000.29800415,002.07024813,002.36537170,000.97030210,000.30
Tournament (k=3),Arithmetic,Gaussian,0.41200,0.21153,000.00003433,000.00377460,000.00359344,000.01155880,000.38
Tournament (k=3),Arithmetic,Gaussian,0.72243,0.05228,000.00000763,000.00253816,000.00222778,000.01344186,000.21
Tournament (k=3),Arithmetic,Gaussian,0.52190,0.02837,000.00000000,000.01309819,000.01284981,000.07297912,000.21
Tournament (k=2),Blend,Uniform,0.91514,0.04390,000.00000000,000.00085950,000.00000763,000.30471933,000.20
Tournament (k=3),Arithmetic,Gaussian,0.55369,0.02837,000.00002289,000.01388440,000.01545906,000.08426695,000.25
Tournament (k=3),Arithmetic,Gaussian,0.43709,0.25191,000.00184631,000.02478099,000.02647972,000.11991079,000.35
Tournament (k=3),Arithmetic,Gaussian,0.43709,0.08092,000.00000000,000.00127206,000.00135994,000.00472332,000.22
Tournament (k=3),Arithmetic,Gaussian,0.52190,0.30000,000.00675583,000.13238430,000.14666939,000.27254981,000.41
Tournament (k=2),Blend,Uniform,0.94259,0.02183,000.00000000,000.14497538,000.00055695,000.54863399,000.23
Tournament (k=3),Arithmetic,Gaussian,0.74410,0.09637,000.00000000,000.00052080,000.00047112,000.00245607,000.31
Tournament (k=3),Arithmetic,Gaussian,0.41200,0.02382,000.00000763,000.02213893,000.02322578,000.09287889,000.23
Tournament (k=3),Arithmetic,Gaussian,0.46371,0.21153,000.00003815,000.00575056,000.00592422,000.01256130,000.36
Tournament (k=3),Arithmetic,Gaussian,0.62318,0.25191,000.00146484,000.03314109,000.03362465,000.19108765,000.30
Tournament (k=3),Arithmetic,Gaussian,0.70139,0.02837,000.00009537,000.01764565,000.01822281,000.05695371,000.21
Tournament (k=3),Arithmetic,Gaussian,0.50670,0.04390,000.00000000,000.00337806,000.00387192,000.01345278,000.26
Tournament (k=3),Arithmetic,Gaussian,0.68096,0.05228,000.00000000,000.00363722,000.00399017,000.01259829,000.21
Tournament (k=3),Arithmetic,Gaussian,0.66113,0.03095,000.00000000,000.01014724,000.01045036,000.04024211,000.19
Tournament (k=3),Arithmetic,Gaussian,0.58741,0.23084,000.00155640,000.01783037,000.02077293,000.11619361,000.30
Tournament (k=3),Arithmetic,Gaussian,0.53756,0.17762,000.00000763,000.00037036,000.00041199,000.00137632,000.38
Tournament (k=3),Arithmetic,Gaussian,0.83749,0.03095,000.00000000,000.01125326,000.01106262,000.06505735,000.19
Tournament (k=2),Blend,Uniform,0.83749,0.02183,000.00000000,000.04980626,000.00004387,000.50108755,000.24
Tournament (k=3),Arithmetic,Gaussian,0.78941,0.03378,000.00005722,000.00975575,000.01103592,000.10648466,000.20
Tournament (k=3),Arithmetic,Gaussian,0.46371,0.03095,000.00000000,000.01142483,000.00995636,000.11441509,000.24
Tournament (k=3),Arithmetic,Gaussian,0.42436,0.04791,000.00001144,000.00410552,000.00329399,000.02039261,000.26
Tournament (k=3),Arithmetic,Gaussian,0.49195,0.02837,000.00000000,000.01343522,000.01499557,000.14845614,000.18
Tournament (k=2),Blend,Uniform,0.94259,0.21153,001.53060532,003.63647151,004.08684731,001.22833037,000.34
Tournament (k=2),Blend,Uniform,0.86261,0.12524,000.47979736,001.86980939,002.21150970,000.87760383,000.24
Tournament (k=2),Blend,Uniform,0.91514,0.13667,000.14966583,002.25627470,002.56742859,001.12535739,000.36
Tournament (k=3),Arithmetic,Gaussian,0.50670,0.12524,000.00000000,000.00023727,000.00024796,000.00100775,000.34
Tournament (k=3),Arithmetic,Gaussian,0.81310,0.16276,000.00000381,000.00022779,000.00022507,000.00124100,000.37
Tournament (k=3),Arithmetic,Gaussian,0.60503,0.04791,000.00000000,000.00421400,000.00450134,000.01768390,000.25
Tournament (k=3),Arithmetic,Gaussian,0.83749,0.09637,000.00000000,000.00064754,000.00041580,000.00746771,000.29
Tournament (k=3),Arithmetic,Gaussian,0.50670,0.04791,000.00000000,000.00273533,000.00252342,000.02316461,000.27
Tournament (k=3),Arithmetic,Gaussian,0.66113,0.03378,000.00000000,000.00673475,000.00719070,000.03156758,000.23
Tournament (k=3),Arithmetic,Gaussian,0.68096,0.05705,000.00000000,000.00221057,000.00216675,000.01542335,000.28
Tournament (k=2),Blend,Uniform,0.97087,0.09637,000.15805435,001.53845525,001.90775681,000.95634228,000.24
Tournament (k=3),Arithmetic,Gaussian,0.57030,0.14915,000.00000381,000.00013175,000.00010681,000.00073125,000.29
Tournament (k=3),Arithmetic,Gaussian,0.62318,0.02837,000.00000000,000.01521726,000.01036453,000.11902945,000.21
Tournament (k=3),Arithmetic,Gaussian,0.60503,0.13667,000.00000000,000.00007052,000.00007248,000.00054007,000.27
Tournament (k=3),Arithmetic,Gaussian,0.62318,0.08830,000.00000000,000.00063329,000.00051498,000.00236799,000.24
Tournament (k=3),Arithmetic,Gaussian,0.66113,0.09637,000.00000000,000.00046601,000.00039291,000.00184543,000.32
Tournament (k=3),Arithmetic,Gaussian,0.55369,0.25191,000.00222397,000.03720360,000.04123878,000.18756638,000.32
Tournament (k=3),Arithmetic,Gaussian,0.42436,0.12524,000.00000000,000.00028687,000.00021744,000.00243563,000.26
Tournament (k=3),Arithmetic,Gaussian,0.45020,0.04390,000.00000000,000.00436559,000.00451469,000.03191014,000.20
Tournament (k=3),Arithmetic,Gaussian,0.78941,0.09637,000.00000000,000.00037894,000.00037003,000.00611440,000.41
Tournament (k=3),Arithmetic,Gaussian,0.70139,0.27490,000.00536728,000.07397862,000.07628441,000.22560826,000.64
Tournament (k=2),Blend,Uniform,0.94259,0.07415,000.00027084,000.44967166,000.51333809,000.74149173,000.29
Tournament (k=2),Blend,Uniform,1.00000,0.19383,001.15793610,003.24248123,003.60190010,001.31531584,000.37
Tournament (k=3),Arithmetic,Gaussian,0.72243,0.16276,000.00000000,000.00016851,000.00017929,000.00322634,000.39
Tournament (k=3),Arithmetic,Gaussian,0.49195,0.10516,000.00000381,000.00048866,000.00043106,000.00195799,000.24
Tournament (k=3),Arithmetic,Gaussian,0.53756,0.19383,000.00002289,000.00146470,000.00171471,000.00564799,000.48
Tournament (k=2),Blend,Uniform,1.00000,0.06795,000.00081253,000.29815954,000.32765198,000.60785842,000.28
Tournament (k=3),Arithmetic,Gaussian,0.62318,0.27490,000.00462723,000.07049370,000.07566643,000.18998735,000.63
Tournament (k=3),Arithmetic,Gaussian,0.68096,0.16276,000.00000000,000.00015025,000.00016594,000.00118787,000.37
Tournament (k=3),Arithmetic,Gaussian,0.62318,0.03095,000.00000000,000.00857100,000.00920105,000.10855387,000.23
Tournament (k=2),Blend,Uniform,0.78941,0.19383,000.92848969,002.96589994,003.30150223,001.14670599,000.34
Tournament (k=3),Arithmetic,Gaussian,0.64187,0.13667,000.00000000,000.00009074,000.00007629,000.00151372,000.35
Tournament (k=3),Arithmetic,Gaussian,0.47762,0.16276,000.00000000,000.00018015,000.00017929,000.00084911,000.36
Tournament (k=3),Arithmetic,Gaussian,0.86261,0.05705,000.00000000,000.00327888,000.00237465,000.10037014,000.44
Tournament (k=3),Arithmetic,Gaussian,0.86261,0.17762,000.00003052,000.00094552,000.00088120,000.00439328,000.37
Tournament (k=3),Arithmetic,Gaussian,0.57030,0.16276,000.00000000,000.00015121,000.00015259,000.00081703,000.31
Tournament (k=3),Arithmetic,Gaussian,0.83749,0.30000,000.01379395,000.18255362,000.18533325,000.38579187,000.59
Tournament (k=3),Arithmetic,Gaussian,0.70139,0.10516,000.00000000,000.00019131,000.00016975,000.00370205,000.25
Tournament (k=2),Blend,Uniform,0.94259,0.23084,001.15583420,003.64349604,004.04697418,001.46062350,000.57
Tournament (k=3),Arithmetic,Gaussian,0.66113,0.27490,000.00174713,000.09705224,000.10618973,000.31614506,000.42
Tournament (k=3),Arithmetic,Gaussian,0.60503,0.14915,000.00000000,000.00010257,000.00010490,000.00064464,000.31
Tournament (k=3),Arithmetic,Gaussian,0.47762,0.04791,000.00000000,000.00441322,000.00484848,000.01364510,000.20
Tournament (k=3),Arithmetic,Gaussian,0.76642,0.05705,000.00000000,000.00143890,000.00141144,000.00599192,000.22
Tournament (k=3),Arithmetic,Gaussian,0.58741,0.02837,000.00001144,000.01258421,000.01209450,000.06822325,000.26
Tournament (k=3),Arithmetic,Gaussian,0.40000,0.10516,000.00000381,000.00046616,000.00049210,000.00262761,000.24
Tournament (k=3),Arithmetic,Gaussian,0.41200,0.08092,000.00000000,000.00127535,000.00130463,000.00572032,000.22
Tournament (k=3),Arithmetic,Gaussian,0.81310,0.05705,000.00000381,000.00261555,000.00228500,000.02702378,000.21
Tournament (k=3),Arithmetic,Gaussian,0.55369,0.08830,000.00000000,000.00084133,000.00092125,000.00348670,000.31
Tournament (k=2),Blend,Uniform,1.00000,0.02837,000.00000000,000.03974514,000.00050545,000.41902903,000.21
Tournament (k=3),Arithmetic,Gaussian,0.55369,0.27490,000.00226212,000.07111807,000.07060432,000.21465781,000.39
Tournament (k=3),Arithmetic,Gaussian,0.40000,0.04390,000.00000763,000.00578699,000.00621605,000.02508772,000.26
Tournament (k=3),Arithmetic,Gaussian,0.49195,0.30000,000.01134491,000.10161357,000.10774612,000.18392445,000.34
Tournament (k=3),Arithmetic,Gaussian,0.52190,0.03095,000.00000000,000.00719380,000.00696945,000.05873270,000.20
Tournament (k=3),Arithmetic,Gaussian,0.88849,0.03378,000.00002289,000.01088586,000.00933647,000.07429971,000.20
Tournament (k=3),Arithmetic,Gaussian,0.74410,0.27490,000.00437927,000.07553291,000.08782387,000.27925289,000.43
Tournament (k=3),Arithmetic,Gaussian,0.86261,0.02000,000.00000381,000.02534685,000.03249359,000.24509387,000.24
Tournament (k=3),Arithmetic,Gaussian,0.72243,0.05705,000.00003052,000.00264163,000.00213242,000.02191544,000.28
Tournament (k=3),Arithmetic,Gaussian,0.58741,0.03095,000.00000000,000.00831261,000.01002693,000.03727286,000.21
Tournament (k=3),Arithmetic,Gaussian,0.45020,0.13667,000.00000000,000.00024629,000.00023842,000.00212312,000.35
Tournament (k=3),Arithmetic,Gaussian,0.55369,0.03095,000.00000000,000.01220880,000.01064301,000.13108952,000.26
Tournament (k=2),Blend,Uniform,0.94259,0.02382,000.00000000,000.02777123,000.00007439,000.51866442,000.19
Tournament (k=3),Arithmetic,Gaussian,0.76642,0.17762,000.00004196,000.00073462,000.00067139,000.00632635,000.39
Tournament (k=3),Arithmetic,Gaussian,0.78941,0.30000,000.01332855,000.17722230,000.21084023,000.39781618,000.39
Tournament (k=3),Arithmetic,Gaussian,0.53756,0.02000,000.00000763,000.03312154,000.03553009,000.17683597,000.25
Tournament (k=3),Arithmetic,Gaussian,0.41200,0.02599,000.00000000,000.01375875,000.01115990,000.07830356,000.23
Tournament (k=3),Arithmetic,Gaussian,0.41200,0.23084,000.00067520,000.01502171,000.01592255,000.02689436,000.39
Tournament (k=3),Arithmetic,Gaussian,0.83749,0.03378,000.00000763,000.00866485,000.00823975,000.03333630,000.19
Tournament (k=3),Arithmetic,Gaussian,0.46371,0.06795,000.00000000,000.00183373,000.00182343,000.00852319,000.21
Tournament (k=3),Arithmetic,Gaussian,0.40000,0.04791,000.00000000,000.00427060,000.00423431,000.01712384,000.26
Tournament (k=2),Blend,Uniform,0.88849,0.02183,000.00000000,000.13237596,000.00061798,000.65389287,000.24
Tournament (k=3),Arithmetic,Gaussian,0.46371,0.23084,000.00026321,000.01323223,000.01675034,000.02664908,000.30
Tournament (k=3),Arithmetic,Gaussian,0.55369,0.09637,000.00000381,000.00066128,000.00070000,000.00404487,000.30
Tournament (k=3),Arithmetic,Gaussian,0.52190,0.08830,000.00000000,000.00072351,000.00079918,000.00449446,000.24
Tournament (k=3),Arithmetic,Gaussian,0.43709,0.27490,000.00514221,000.05817509,000.06682205,000.16067298,000.41
Tournament (k=3),Arithmetic,Gaussian,0.78941,0.03686,000.00000000,000.00481806,000.00438690,000.01793859,000.20
Tournament (k=3),Arithmetic,Gaussian,0.49195,0.03095,000.00000000,000.01084275,000.00929070,000.04581559,000.18
Tournament (k=3),Arithmetic,Gaussian,0.58741,0.25191,000.00143433,000.03539348,000.04233551,000.11696956,000.31
Tournament (k=3),Arithmetic,Gaussian,0.42436,0.05228,000.00000381,000.00324879,000.00381279,000.00834820,000.24
Tournament (k=3),Arithmetic,Gaussian,0.72243,0.06226,000.00000000,000.00203156,000.00171852,000.01090497,000.28
Tournament (k=3),Arithmetic,Gaussian,0.57030,0.05228,000.00000000,000.00282226,000.00285721,000.01972907,000.27
Tournament (k=3),Arithmetic,Gaussian,0.88849,0.10516,000.00000000,000.00023112,000.00018120,000.00750889,000.24
Tournament (k=2),Blend,Uniform,0.97087,0.04023,000.00000000,000.00496759,000.00030136,000.44382420,000.26
Tournament (k=3),Arithmetic,Gaussian,0.53756,0.02183,000.00000000,000.02080646,000.02245140,000.11967386,000.24
Tournament (k=3),Arithmetic,Gaussian,0.60503,0.05228,000.00000000,000.00333037,000.00350571,000.01427692,000.20
Tournament (k=3),Arithmetic,Gaussian,0.55369,0.30000,000.00233841,000.10861258,000.12472534,000.31057385,000.46
Tournament (k=3),Arithmetic,Gaussian,0.68096,0.06226,000.00000000,000.00249944,000.00235176,000.00746951,000.21
Tournament (k=2),Blend,Uniform,0.97087,0.10516,000.05371475,001.59465528,001.82500458,000.99505717,000.23
Tournament (k=3),Arithmetic,Gaussian,0.91514,0.02000,000.00001526,000.02614236,000.02217865,000.20300141,000.18
Tournament (k=3),Arithmetic,Gaussian,0.58741,0.11476,000.00000000,000.00020690,000.00018692,000.00087421,000.25
Tournament (k=3),Arithmetic,Gaussian,0.50670,0.05228,000.00000000,000.00356379,000.00421333,000.03220445,000.26
Tournament (k=3),Arithmetic,Gaussian,0.66113,0.03686,000.00000000,000.00730300,000.00726700,000.02074744,000.26
Tournament (k=3),Arithmetic,Gaussian,0.50670,0.13667,000.00000000,000.00021138,000.00016403,000.00089678,000.34
Tournament (k=3),Arithmetic,Gaussian,0.81310,0.17762,000.00001907,000.00083685,000.00083542,000.00346891,000.37
Tournament (k=3),Arithmetic,Gaussian,0.53756,0.02382,000.00000381,000.01959434,000.02151489,000.10751870,000.19
Tournament (k=2),Blend,Uniform,0.78941,0.04791,000.00000000,000.00010123,000.00000000,000.24247812,000.26
Tournament (k=3),Arithmetic,Gaussian,0.42436,0.13667,000.00000000,000.00032034,000.00031471,000.00136514,000.26
Tournament (k=3),Arithmetic,Gaussian,0.83749,0.10516,000.00000000,000.00025740,000.00018883,000.00332663,000.42
Tournament (k=3),Arithmetic,Gaussian,0.57030,0.05705,000.00000000,000.00246186,000.00238228,000.01072612,000.28
Tournament (k=3),Arithmetic,Gaussian,0.43709,0.30000,000.01015472,000.11888442,000.11845779,000.24237446,000.36
Tournament (k=3),Arithmetic,Gaussian,0.66113,0.10516,000.00000000,000.00033126,000.00037003,000.00115047,000.32
Tournament (k=3),Arithmetic,Gaussian,0.91514,0.02183,000.00000000,000.03098655,000.02335167,000.25079316,000.20
Tournament (k=2),Blend,Uniform,1.00000,0.21153,000.91575623,003.43340683,004.03445435,001.33391619,000.28
Tournament (k=3),Arithmetic,Gaussian,0.78941,0.10516,000.00000000,000.00040736,000.00050926,000.00288864,000.32
Tournament (k=3),Arithmetic,Gaussian,0.49195,0.11476,000.00000381,000.00030727,000.00029945,000.00165695,000.25
Tournament (k=3),Arithmetic,Gaussian,0.58741,0.27490,000.00102997,000.07840810,000.08477020,000.30247048,000.42
Tournament (k=3),Arithmetic,Gaussian,0.62318,0.03378,000.00000000,000.00631299,000.00631905,000.02319185,000.22
Tournament (k=3),Arithmetic,Gaussian,0.72243,0.17762,000.00001526,000.00057855,000.00057030,000.00151625,000.34
Tournament (k=3),Arithmetic,Gaussian,0.53756,0.21153,000.00024796,000.00573106,000.00633430,000.02154544,000.28
Tournament (k=2),Blend,Uniform,1.00000,0.07415,000.00222015,000.54776520,000.65735626,000.65049279,000.28
Tournament (k=3),Arithmetic,Gaussian,0.91514,0.06226,000.00000763,000.00351987,000.00405693,000.24182530,000.29
Tournament (k=3),Arithmetic,Gaussian,0.70139,0.30000,000.01027679,000.14350262,000.15705299,000.43732983,000.42
Tournament (k=3),Arithmetic,Gaussian,0.62318,0.30000,000.00439835,000.16102123,000.17145538,000.40649274,000.32
Tournament (k=3),Arithmetic,Gaussian,0.53756,0.02599,000.00000000,000.01624513,000.01832199,000.15349405,000.23
Tournament (k=2),Blend,Uniform,0.78941,0.05228,000.00000000,000.00018759,000.00000763,000.19564733,000.26
Tournament (k=3),Arithmetic,Gaussian,0.68096,0.17762,000.00000763,000.00061984,000.00073051,000.00260522,000.38
Tournament (k=3),Arithmetic,Gaussian,0.64187,0.14915,000.00000000,000.00012136,000.00010681,000.00038830,000.35
Tournament (k=3),Arithmetic,Gaussian,0.47762,0.05228,000.00000000,000.00334697,000.00322533,000.01453927,000.20
Tournament (k=3),Arithmetic,Gaussian,0.57030,0.06226,000.00000000,000.00185118,000.00181389,000.00883572,000.29
Tournament (k=3),Arithmetic,Gaussian,0.91514,0.02382,000.00000381,000.02265129,000.02332115,000.19349411,000.24
Tournament (k=3),Arithmetic,Gaussian,0.57030,0.17762,000.00000381,000.00051332,000.00050354,000.00185189,000.29
Tournament (k=3),Arithmetic,Gaussian,0.42436,0.14915,000.00000000,000.00035796,000.00041771,000.00105820,000.31
Tournament (k=3),Arithmetic,Gaussian,0.76642,0.06226,000.00000381,000.00165939,000.00162697,000.00587022,000.21
Tournament (k=3),Arithmetic,Gaussian,0.41200,0.08830,000.00000000,000.00115132,000.00139618,000.00429897,000.22
Tournament (k=3),Arithmetic,Gaussian,0.66113,0.11476,000.00000000,000.00021949,000.00025368,000.00101953,000.33
Tournament (k=3),Arithmetic,Gaussian,0.60503,0.16276,000.00000000,000.00019574,000.00015831,000.00098727,000.30
Tournament (k=3),Arithmetic,Gaussian,0.40000,0.11476,000.00000000,000.00057497,000.00062561,000.00200308,000.26
Tournament (k=3),Arithmetic,Gaussian,0.53756,0.04390,000.00000000,000.00331197,000.00317955,000.01240648,000.19
Tournament (k=2),Blend,Uniform,0.94259,0.25191,000.23827362,003.81200457,004.36943054,001.59489286,000.35
Tournament (k=3),Arithmetic,Gaussian,0.81310,0.06226,000.00000000,000.00157728,000.00152588,000.00743836,000.24
Tournament (k=3),Arithmetic,Gaussian,0.43709,0.08830,000.00000000,000.00117331,000.00091553,000.00510978,000.29
Tournament (k=3),Arithmetic,Gaussian,0.70139,0.03095,000.00000000,000.00906191,000.01091385,000.10240407,000.20
Tournament (k=3),Arithmetic,Gaussian,0.88849,0.03686,000.00000000,000.00583286,000.00578880,000.06630453,000.19
Tournament (k=3),Arithmetic,Gaussian,0.86261,0.02183,000.00003052,000.03369093,000.03124809,000.21813604,000.20
Tournament (k=3),Arithmetic,Gaussian,0.74410,0.10516,000.00000381,000.00018482,000.00020599,000.00266985,000.32
Tournament (k=3),Arithmetic,Gaussian,0.91514,0.19383,000.00015640,000.00313940,000.00357056,000.01390510,000.33
Tournament (k=3),Arithmetic,Gaussian,0.47762,0.05705,000.00000381,000.00359173,000.00415421,000.01026444,000.24
Tournament (k=3),Arithmetic,Gaussian,0.66113,0.30000,000.00823212,000.17368189,000.20023155,000.34690976,000.47
Tournament (k=3),Arithmetic,Gaussian,0.58741,0.03378,000.00000000,000.00867333,000.00741005,000.06708998,000.24
Tournament (k=3),Arithmetic,Gaussian,0.46371,0.03378,000.00000000,000.00949135,000.00930977,000.02696962,000.25
Tournament (k=3),Arithmetic,Gaussian,0.55369,0.03378,000.00000000,000.00995755,000.00944519,000.06499728,000.25
Tournament (k=3),Arithmetic,Gaussian,0.74410,0.03378,000.00000763,000.00871749,000.00942612,000.10211743,000.19
Tournament (k=3),Arithmetic,Gaussian,0.83749,0.03686,000.00002670,000.00665975,000.00847626,000.03950505,000.19
Tournament (k=3),Arithmetic,Gaussian,0.41200,0.09637,000.00000000,000.00064645,000.00061035,000.00501062,000.24
Tournament (k=3),Arithmetic,Gaussian,0.64187,0.16276,000.00000000,000.00019431,000.00017166,000.00090235,000.34
Tournament (k=3),Arithmetic,Gaussian,0.41200,0.02837,000.00000000,000.00896597,000.00958633,000.04057267,000.24
Tournament (k=3),Arithmetic,Gaussian,0.46371,0.07415,000.00000000,000.00110106,000.00104523,000.00625202,000.21
Tournament (k=3),Arithmetic,Gaussian,0.45020,0.14915,000.00000000,000.00017023,000.00019455,000.00187282,000.35
Tournament (k=2),Blend,Uniform,0.88849,0.02382,000.00000000,000.17650513,000.00159836,000.60711014,000.22
Tournament (k=3),Arithmetic,Gaussian,0.40000,0.05228,000.00000000,000.00359073,000.00399017,000.01216092,000.26
Tournament (k=3),Arithmetic,Gaussian,0.74410,0.30000,000.00704193,000.18236312,000.19634247,000.40856594,000.42
Tournament (k=3),Arithmetic,Gaussian,0.40000,0.12524,000.00000000,000.00051761,000.00058937,000.00220437,000.33
Tournament (k=3),Arithmetic,Gaussian,0.43709,0.02837,000.00004959,000.01054263,000.01091576,000.06267177,000.18
Tournament (k=3),Arithmetic,Gaussian,0.49195,0.03378,000.00000763,000.00741692,000.00941277,000.08539397,000.19
Tournament (k=3),Arithmetic,Gaussian,0.78941,0.04023,000.00000000,000.00621409,000.00578880,000.02312198,000.21
Tournament (k=3),Arithmetic,Gaussian,0.45020,0.04791,000.00000000,000.00437598,000.00488853,000.01631415,000.19
Tournament (k=3),Arithmetic,Gaussian,0.62318,0.09637,000.00000000,000.00047774,000.00036240,000.00211570,000.23
Tournament (k=3),Arithmetic,Gaussian,0.55369,0.10516,000.00000000,000.00036702,000.00032616,000.00248141,000.32
Tournament (k=3),Arithmetic,Gaussian,0.60503,0.17762,000.00000763,000.00061827,000.00067139,000.00294307,000.46
Tournament (k=3),Arithmetic,Gaussian,0.41200,0.25191,000.00244522,000.03635330,000.04532433,000.05854449,000.42
Tournament (k=3),Arithmetic,Gaussian,0.52190,0.09637,000.00000000,000.00072026,000.00070953,000.00434314,000.30
Tournament (k=3),Arithmetic,Gaussian,0.42436,0.05705,000.00000000,000.00369892,000.00433350,000.01727342,000.26
Tournament (k=3),Arithmetic,Gaussian,0.72243,0.06795,000.00000000,000.00224757,000.00255013,000.00590180,000.24
Tournament (k=3),Arithmetic,Gaussian,0.46371,0.25191,000.00368881,000.03591909,000.04076004,000.12304096,000.37
Tournament (k=2),Blend,Uniform,0.97087,0.04390,000.00000000,000.00271430,000.00000381,000.32467967,000.26
Tournament (k=3),Arithmetic,Gaussian,0.46371,0.08092,000.00000000,000.00134706,000.00156021,000.00400723,000.29
Tournament (k=3),Arithmetic,Gaussian,0.88849,0.11476,000.00000000,000.00010142,000.00011635,000.00700556,000.30
Tournament (k=2),Blend,Uniform,0.94259,0.08092,000.03163910,000.79272264,001.04034615,000.77023977,000.28
Tournament (k=3),Arithmetic,Gaussian,0.94259,0.03686,000.00000381,000.00943022,000.01078224,000.15173587,000.22
Tournament (k=2),Blend,Uniform,0.97087,0.11476,000.09582520,001.88218272,002.28608704,001.00129604,000.24
Tournament (k=3),Arithmetic,Gaussian,0.49195,0.03686,000.00002289,000.00749412,000.00777435,000.03100983,000.24
Tournament (k=3),Arithmetic,Gaussian,0.66113,0.04023,000.00000000,000.00422373,000.00462151,000.09946604,000.26
Tournament (k=3),Arithmetic,Gaussian,0.50670,0.05705,000.00000000,000.00290608,000.00330925,000.00897846,000.27
Tournament (k=3),Arithmetic,Gaussian,0.68096,0.06795,000.00000000,000.00185194,000.00185966,000.00653769,000.28
Tournament (k=3),Arithmetic,Gaussian,0.58741,0.12524,000.00000000,000.00020523,000.00016594,000.00094177,000.33
Tournament (k=3),Arithmetic,Gaussian,0.45020,0.05228,000.00000000,000.00450044,000.00481606,000.01400269,000.27
Tournament (k=3),Arithmetic,Gaussian,0.81310,0.19383,000.00007248,000.00282378,000.00318146,000.01603275,000.32
Tournament (k=3),Arithmetic,Gaussian,0.83749,0.11476,000.00000000,000.00011215,000.00009537,000.02590219,000.25
Tournament (k=3),Arithmetic,Gaussian,0.45020,0.02000,000.00000000,000.03428993,000.03224373,000.23969509,000.23
Tournament (k=3),Arithmetic,Gaussian,0.64187,0.05228,000.00000000,000.00235124,000.00199509,000.01879373,000.20
Tournament (k=3),Arithmetic,Gaussian,0.86261,0.06226,000.00000000,000.00241179,000.00238991,000.01694737,000.28
Tournament (k=3),Arithmetic,Gaussian,0.62318,0.10516,000.00000000,000.00033560,000.00028992,000.00205766,000.36
Tournament (k=3),Arithmetic,Gaussian,0.70139,0.11476,000.00000000,000.00017242,000.00016785,000.00122992,000.29
Tournament (k=2),Blend,Uniform,1.00000,0.23084,001.03513336,003.61723280,004.13411331,001.55620944,000.28
Tournament (k=3),Arithmetic,Gaussian,0.47762,0.17762,000.00000763,000.00051017,000.00051498,000.00204585,000.37
Tournament (k=3),Arithmetic,Gaussian,0.49195,0.12524,000.00000000,000.00022092,000.00024223,000.00097305,000.27
Tournament (k=3),Arithmetic,Gaussian,0.86261,0.19383,000.00000381,000.00336156,000.00329781,000.01436470,000.38
Tournament (k=2),Blend,Uniform,0.97087,0.12524,000.25380325,002.22068310,002.69189072,001.11475646,000.26
Tournament (k=3),Arithmetic,Gaussian,0.49195,0.04023,000.00000000,000.00587931,000.00524139,000.03677401,000.23
Tournament (k=3),Arithmetic,Gaussian,0.94259,0.11476,000.00000000,000.00015731,000.00016403,000.26763749,000.40
Tournament (k=3),Arithmetic,Gaussian,0.58741,0.30000,000.00495148,000.13658699,000.14595795,000.32401967,000.32
Tournament (k=3),Arithmetic,Gaussian,0.50670,0.02000,000.00000000,000.02775388,000.03118706,000.14924732,000.17
Tournament (k=3),Arithmetic,Gaussian,0.46371,0.08830,000.00000000,000.00102587,000.00080299,000.00836478,000.34
Tournament (k=3),Arithmetic,Gaussian,0.53756,0.23084,000.00031281,000.01765418,000.02167511,000.04676561,000.29
Tournament (k=3),Arithmetic,Gaussian,0.97087,0.06795,000.00000763,000.00312033,000.00282478,000.29323387,000.22
Tournament (k=3),Arithmetic,Gaussian,0.72243,0.02000,000.00002289,000.02300348,000.02102089,000.11144620,000.24
Tournament (k=2),Blend,Uniform,1.00000,0.08092,000.03114319,000.89459324,001.14790726,000.88474357,000.29
Tournament (k=3),Arithmetic,Gaussian,0.72243,0.19383,000.00007629,000.00252624,000.00235367,000.00872221,000.36
Tournament (k=3),Arithmetic,Gaussian,0.97087,0.02183,000.00012589,000.03365722,000.02589226,000.36965004,000.26
Tournament (k=2),Blend,Uniform,0.78941,0.05705,000.00000000,000.00171866,000.00020027,000.22408466,000.26
Tournament (k=3),Arithmetic,Gaussian,0.91514,0.02599,000.00001526,000.02659397,000.02810478,000.22666925,000.18
Tournament (k=3),Arithmetic,Gaussian,0.91514,0.06795,000.00000763,000.00270014,000.00247574,000.20974666,000.30
Tournament (k=3),Arithmetic,Gaussian,0.52190,0.03378,000.00000000,000.00779300,000.00742340,000.03527066,000.19
Tournament (k=2),Blend,Uniform,0.94259,0.02599,000.00000000,000.09633841,000.00006676,000.52887142,000.19
Tournament (k=3),Arithmetic,Gaussian,0.81310,0.02000,000.00003815,000.02644277,000.02723312,000.23435478,000.18
Tournament (k=3),Arithmetic,Gaussian,0.57030,0.06795,000.00000000,000.00183520,000.00254059,000.00557008,000.28
Tournament (k=3),Arithmetic,Gaussian,0.57030,0.19383,000.00003815,000.00165138,000.00151634,000.00526604,000.28
Tournament (k=3),Arithmetic,Gaussian,0.88849,0.04023,000.00000000,000.00738769,000.00817490,000.16291638,000.20
Tournament (k=3),Arithmetic,Gaussian,0.81310,0.06795,000.00000381,000.00119066,000.00129700,000.00567025,000.21
Tournament (k=3),Arithmetic,Gaussian,0.70139,0.03378,000.00003052,000.01068058,000.01217270,000.03846121,000.23
Tournament (k=3),Arithmetic,Gaussian,0.66113,0.12524,000.00000000,000.00009861,000.00009346,000.00293533,000.33
Tournament (k=3),Arithmetic,Gaussian,1.00000,0.04023,000.00002670,000.01766534,000.01749039,000.42211646,000.27
Tournament (k=3),Arithmetic,Gaussian,0.91514,0.02837,000.00000000,000.01449671,000.01514244,000.15532932,000.20
Tournament (k=3),Arithmetic,Gaussian,0.76642,0.19383,000.00005341,000.00311446,000.00336456,000.04234662,000.32
Tournament (k=3),Arithmetic,Gaussian,0.43709,0.09637,000.00000000,000.00092907,000.00086403,000.00387383,000.30
Tournament (k=3),Arithmetic,Gaussian,0.86261,0.02382,000.00000000,000.01975947,000.02296829,000.26190543,000.25
Tournament (k=3),Arithmetic,Gaussian,0.68096,0.19383,000.00002670,000.00223770,000.00231552,000.00468926,000.52
Tournament (k=3),Arithmetic,Gaussian,0.68096,0.02000,000.00000000,000.03083839,000.03000450,000.21865679,000.24
Tournament (k=3),Arithmetic,Gaussian,0.97087,0.21153,000.00025177,000.00974908,000.01107597,000.10227326,000.44
Tournament (k=3),Arithmetic,Gaussian,0.86261,0.21153,000.00009537,000.01086860,000.01291084,000.10184500,000.44
Tournament (k=3),Arithmetic,Gaussian,0.91514,0.21153,000.00051498,000.01101151,000.01226425,000.13188611,000.30
Tournament (k=3),Arithmetic,Gaussian,0.58741,0.03686,000.00000000,000.00616894,000.00485992,000.02947989,000.26
Tournament (k=3),Arithmetic,Gaussian,0.74410,0.03686,000.00000000,000.00860438,000.01125526,000.02564002,000.19
Tournament (k=3),Arithmetic,Gaussian,0.91514,0.07415,000.00000000,000.00216565,000.00210762,000.14634272,000.30
Tournament (k=3),Arithmetic,Gaussian,0.46371,0.03686,000.00000381,000.00653791,000.00687981,000.04427586,000.24
Tournament (k=3),Arithmetic,Gaussian,0.46371,0.09637,000.00000000,000.00073519,000.00069237,000.00534330,000.41
Tournament (k=3),Arithmetic,Gaussian,0.83749,0.04023,000.00000000,000.00577488,000.00477219,000.02308285,000.20
Tournament (k=3),Arithmetic,Gaussian,0.55369,0.03686,000.00001144,000.00758762,000.00846863,000.02749833,000.26
Tournament (k=2),Blend,Uniform,0.78941,0.06226,000.00000000,000.00152650,000.00029182,000.26444873,000.41
Tournament (k=3),Arithmetic,Gaussian,1.00000,0.12524,000.00000000,000.00008731,000.00005531,000.01579705,000.25
Tournament (k=3),Arithmetic,Gaussian,0.81310,0.07415,000.00000000,000.00134916,000.00141144,000.00442502,000.26
Tournament (k=3),Arithmetic,Gaussian,0.70139,0.03686,000.00000000,000.01041312,000.01054001,000.03436193,000.22
Tournament (k=3),Arithmetic,Gaussian,0.57030,0.02000,000.00000381,000.02729888,000.02743912,000.26853058,000.18
Tournament (k=3),Arithmetic,Gaussian,0.41200,0.03095,000.00000000,000.01136727,000.01044846,000.03876375,000.23
Tournament (k=3),Arithmetic,Uniform,0.40000,0.02382,000.00000381,000.17811880,000.17562866,000.39850131,000.21
Tournament (k=3),Arithmetic,Gaussian,0.43709,0.03095,000.00000000,000.00969515,000.00856400,000.03433932,000.18
Tournament (k=3),Arithmetic,Gaussian,0.60503,0.05705,000.00000000,000.00235143,000.00264168,000.00862368,000.28
Tournament (k=3),Arithmetic,Gaussian,0.78941,0.04390,000.00000381,000.00477500,000.00540543,000.01218237,000.20
Tournament (k=3),Arithmetic,Gaussian,0.40000,0.13667,000.00000000,000.00029068,000.00028229,000.00090386,000.25
Tournament (k=3),Arithmetic,Gaussian,0.60503,0.19383,000.00001907,000.00190849,000.00204277,000.00680497,000.28
Tournament (k=2),Blend,Uniform,0.97087,0.04791,000.00000000,000.00217280,000.00002098,000.30085295,000.20
Tournament (k=3),Arithmetic,Gaussian,0.72243,0.07415,000.00000000,000.00090461,000.00068855,000.00438818,000.29
Tournament (k=3),Arithmetic,Gaussian,0.55369,0.11476,000.00000000,000.00024223,000.00023079,000.00226568,000.32
Tournament (k=3),Arithmetic,Gaussian,0.88849,0.12524,000.00000000,000.00009942,000.00005150,000.00453861,000.26
Tournament (k=3),Arithmetic,Gaussian,0.68096,0.02183,000.00000000,000.01758108,000.01581383,000.21538751,000.38
Tournament (k=3),Arithmetic,Uniform,0.40000,0.07415,000.00000000,000.01293583,000.01062775,000.10888401,000.25
Tournament (k=3),Arithmetic,Gaussian,0.52190,0.10516,000.00000000,000.00029697,000.00025177,000.00246192,000.34
Tournament (k=3),Arithmetic,Gaussian,0.43709,0.03378,000.00000000,000.01090217,000.01119041,000.08155739,000.22
Tournament (k=3),Arithmetic,Gaussian,0.66113,0.04390,000.00000000,000.00495372,000.00469208,000.01798434,000.27
Tournament (k=3),Arithmetic,Gaussian,0.68096,0.07415,000.00000000,000.00124168,000.00123024,000.00408564,000.23
Tournament (k=3),Arithmetic,Gaussian,0.50670,0.14915,000.00000000,000.00015826,000.00017929,000.00055881,000.39
Tournament (k=3),Arithmetic,Gaussian,0.94259,0.04023,000.00001144,000.00985198,000.00959396,000.22662853,000.27
Tournament (k=3),Arithmetic,Gaussian,0.46371,0.27490,000.00246048,000.06159010,000.06685638,000.11175258,000.31
Tournament (k=3),Arithmetic,Gaussian,0.43709,0.10516,000.00000000,000.00070763,000.00067902,000.00553710,000.50
Tournament (k=3),Arithmetic,Gaussian,0.64187,0.02000,000.00000000,000.02682867,000.02905655,000.23029752,000.18
Tournament (k=3),Arithmetic,Uniform,0.40000,0.02599,000.00003815,000.18320374,000.19685173,000.48908594,000.29
Tournament (k=3),Arithmetic,Gaussian,0.78941,0.11476,000.00000000,000.00013781,000.00012207,000.00798181,000.37
Tournament (k=3),Arithmetic,Gaussian,0.41200,0.27490,000.00493622,000.06092696,000.06173515,000.16708820,000.46
Tournament (k=3),Arithmetic,Gaussian,0.62318,0.11476,000.00000000,000.00028462,000.00026512,000.00154200,000.25
Tournament (k=3),Arithmetic,Uniform,0.40000,0.23084,000.00053024,000.13109012,000.15703583,000.29763514,000.41
Tournament (k=3),Arithmetic,Gaussian,0.86261,0.06795,000.00000000,000.00144305,000.00139618,000.01251411,000.29
Tournament (k=3),Arithmetic,Gaussian,0.60503,0.02000,000.00000000,000.02322588,000.02152824,000.24613151,000.18
Tournament (k=2),Blend,Uniform,1.00000,0.25191,001.22932816,003.92605257,004.57709122,001.66717327,000.28
Tournament (k=3),Arithmetic,Gaussian,0.50670,0.02183,000.00001526,000.01667485,000.01811218,000.17877583,000.17
Tournament (k=3),Arithmetic,Gaussian,0.70139,0.12524,000.00000000,000.00009875,000.00006676,000.00105773,000.31
Tournament (k=3),Arithmetic,Uniform,0.41200,0.04390,000.00000000,000.04646111,000.05430031,000.20989588,000.22
Tournament (k=3),Arithmetic,Gaussian,0.76642,0.06795,000.00000000,000.00103869,000.00108337,000.00511194,000.24
Tournament (k=3),Arithmetic,Gaussian,0.53756,0.04791,000.00000000,000.00284848,000.00278091,000.02248198,000.20
Tournament (k=2),Blend,Uniform,0.97087,0.13667,000.87466812,002.48122215,002.77008438,001.19198298,000.25
Tournament (k=3),Arithmetic,Gaussian,0.42436,0.16276,000.00000000,000.00024281,000.00026703,000.00151309,000.28
Tournament (k=3),Arithmetic,Gaussian,0.72243,0.02183,000.00000763,000.03057375,000.03060913,000.18141408,000.25
Tournament (k=3),Arithmetic,Gaussian,0.81310,0.21153,000.00018311,000.01061521,000.01235390,000.02512584,000.49
Tournament (k=2),Blend,Uniform,1.00000,0.08830,000.01450348,001.13452792,001.33071899,000.93110335,000.29
Tournament (k=3),Arithmetic,Gaussian,0.97087,0.07415,000.00000000,000.00364437,000.00298309,000.32922921,000.30
Tournament (k=3),Arithmetic,Gaussian,0.81310,0.02183,000.00000000,000.02332392,000.02138519,000.15244660,000.18
Tournament (k=3),Arithmetic,Gaussian,0.83749,0.12524,000.00000000,000.00008311,000.00008392,000.00108741,000.53
Tournament (k=3),Arithmetic,Gaussian,0.52190,0.03686,000.00000000,000.00649281,000.00536156,000.02344501,000.20
Tournament (k=3),Arithmetic,Gaussian,0.88849,0.04390,000.00000000,000.00521197,000.00674820,000.10471958,000.20
Tournament (k=3),Arithmetic,Uniform,0.40000,0.02837,000.00011063,000.15573239,000.18788338,000.35837072,000.35
Tournament (k=3),Arithmetic,Gaussian,0.62318,0.12524,000.00000381,000.00015864,000.00014687,000.00061351,000.28
Tournament (k=3),Arithmetic,Gaussian,0.91514,0.03095,000.00000000,000.01306248,000.01277351,000.28407198,000.19
Tournament (k=3),Arithmetic,Gaussian,0.47762,0.06226,000.00000000,000.00211716,000.00180244,000.00867039,000.27
Tournament (k=3),Arithmetic,Gaussian,0.40000,0.14915,000.00000000,000.00025053,000.00028610,000.00125858,000.62
Tournament (k=3),Arithmetic,Gaussian,0.47762,0.19383,000.00003433,000.00183373,000.00214386,000.00384626,000.48
Tournament (k=3),Arithmetic,Uniform,0.41200,0.13667,000.00000763,000.00291004,000.00318718,000.02041983,000.29
Tournament (k=3),Arithmetic,Gaussian,0.57030,0.21153,000.00046539,000.00505114,000.00496292,000.01701694,000.28
Tournament (k=3),Arithmetic,Gaussian,0.57030,0.07415,000.00000000,000.00142150,000.00124359,000.00888863,000.29
Tournament (k=3),Arithmetic,Gaussian,0.70139,0.13667,000.00000000,000.00011282,000.00012207,000.00071481,000.26
Tournament (k=3),Arithmetic,Gaussian,1.00000,0.04390,000.00006104,000.02114348,000.01634598,000.45503798,000.27
Tournament (k=3),Arithmetic,Gaussian,0.60503,0.06226,000.00000381,000.00299411,000.00298691,000.00996424,000.72
Tournament (k=3),Arithmetic,Gaussian,0.74410,0.11476,000.00000000,000.00017695,000.00016785,000.00095967,000.34
Tournament (k=3),Arithmetic,Gaussian,0.94259,0.12524,000.00000000,000.00012970,000.00007629,000.11645300,000.54
Tournament (k=3),Arithmetic,Gaussian,0.64187,0.17762,000.00002289,000.00067673,000.00069427,000.00413675,000.38
Tournament (k=3),Arithmetic,Gaussian,0.91514,0.03378,000.00000000,000.00898323,000.00877953,000.14535362,000.19
Tournament (k=3),Arithmetic,Gaussian,0.88849,0.04791,000.00000381,000.00385599,000.00357056,000.16113123,000.21
Tournament (k=3),Arithmetic,Gaussian,0.42436,0.17762,000.00000381,000.00041351,000.00044632,000.00293306,000.35
Tournament (k=3),Arithmetic,Gaussian,0.86261,0.02599,000.00000763,000.01676898,000.01409149,000.21675783,000.25
Tournament (k=3),Arithmetic,Gaussian,0.60503,0.21153,000.00012207,000.00581350,000.00600624,000.01968954,000.77
Tournament (k=3),Arithmetic,Gaussian,0.74410,0.04023,000.00000381,000.00658484,000.00595093,000.02296046,000.19
Tournament (k=3),Arithmetic,Gaussian,0.62318,0.13667,000.00000000,000.00013123,000.00010872,000.00234588,000.28
Tournament (k=3),Arithmetic,Gaussian,0.83749,0.04390,000.00000000,000.00661259,000.00616646,000.01424556,000.20
Tournament (k=3),Arithmetic,Uniform,0.42436,0.02599,000.00000000,000.21627116,000.22319603,000.50155675,000.22
Tournament (k=3),Arithmetic,Gaussian,0.97087,0.23084,000.00049591,000.02669358,000.02926254,000.19468242,000.30
Tournament (k=3),Arithmetic,Uniform,0.40000,0.25191,000.00163651,000.27365941,000.25883484,000.48944288,000.52
Tournament (k=3),Arithmetic,Gaussian,0.72243,0.02382,000.00000763,000.02095933,000.02404976,000.14664932,000.33
Tournament (k=3),Arithmetic,Gaussian,0.58741,0.04023,000.00000000,000.00598612,000.00641632,000.03302114,000.26
Tournament (k=3),Arithmetic,Gaussian,0.91514,0.08092,000.00000763,000.00172358,000.00160027,000.24346590,000.24
Tournament (k=3),Arithmetic,Gaussian,0.45020,0.16276,000.00000381,000.00020466,000.00015640,000.00119760,000.35
Tournament (k=3),Arithmetic,Gaussian,0.46371,0.10516,000.00000000,000.00075817,000.00076866,000.00242072,000.24
Tournament (k=3),Arithmetic,Gaussian,0.83749,0.13667,000.00000000,000.00008631,000.00005150,000.00145175,000.34
Tournament (k=3),Arithmetic,Gaussian,0.55369,0.04023,000.00000381,000.00471363,000.00437737,000.01811404,000.26
Tournament (k=3),Arithmetic,Gaussian,0.86261,0.23084,000.00080872,000.02524834,000.02671814,000.21389972,000.39
Tournament (k=3),Arithmetic,Gaussian,0.57030,0.02183,000.00000000,000.02319050,000.02437592,000.21582787,000.18
Tournament (k=3),Arithmetic,Gaussian,0.81310,0.08092,000.00000000,000.00080857,000.00088310,000.00473252,000.22
Tournament (k=3),Arithmetic,Uniform,0.42436,0.08092,000.00000000,000.01328807,000.00982857,000.03819136,000.25
Tournament (k=3),Arithmetic,Gaussian,1.00000,0.13667,000.00000000,000.00009093,000.00006104,000.02962764,000.26
Tournament (k=3),Arithmetic,Gaussian,0.70139,0.04023,000.00000000,000.00778570,000.00718689,000.02955762,000.26
Tournament (k=3),Arithmetic,Gaussian,0.78941,0.04791,000.00000000,000.00396652,000.00373459,000.02856661,000.20
Tournament (k=3),Arithmetic,Gaussian,0.62318,0.03686,000.00000000,000.00661559,000.00662613,000.03877527,000.26
Tournament (k=3),Arithmetic,Uniform,0.42436,0.02837,000.00000000,000.18266383,000.18128014,000.40318814,000.22
Tournament (k=3),Arithmetic,Uniform,0.40000,0.08092,000.00003433,000.01605287,000.01922607,000.06528923,000.19
Tournament (k=3),Arithmetic,Gaussian,0.50670,0.06226,000.00000000,000.00193381,000.00151062,000.00774356,000.27
Tournament (k=3),Arithmetic,Gaussian,0.64187,0.05705,000.00000000,000.00208340,000.00220108,000.00965534,000.27
Tournament (k=3),Arithmetic,Gaussian,0.88849,0.13667,000.00000000,000.00005693,000.00004387,000.00727776,000.26
Tournament (k=3),Arithmetic,Gaussian,0.72243,0.08092,000.00000000,000.00085926,000.00103760,000.00296923,000.27
Tournament (k=3),Arithmetic,Uniform,0.43709,0.04791,000.00001526,000.04604192,000.03921890,000.19563366,000.18
Tournament (k=3),Arithmetic,Uniform,0.42436,0.25191,000.00209045,000.30246925,000.28466225,000.47666991,000.31
Tournament (k=3),Arithmetic,Gaussian,0.58741,0.13667,000.00000000,000.00010653,000.00009346,000.00105782,000.34
Tournament (k=3),Arithmetic,Gaussian,0.66113,0.04791,000.00000000,000.00331054,000.00283623,000.01804356,000.20
Tournament (k=3),Arithmetic,Gaussian,0.58741,0.04390,000.00000000,000.00374537,000.00370598,000.01716808,000.34
Tournament (k=3),Arithmetic,Gaussian,0.64187,0.02183,000.00000000,000.02410913,000.02031136,000.16463947,000.18
Tournament (k=3),Arithmetic,Gaussian,0.83749,0.14915,000.00000000,000.00008392,000.00008392,000.00466162,000.37
Tournament (k=3),Arithmetic,Gaussian,0.45020,0.17762,000.00000763,000.00049849,000.00050163,000.00256445,000.38
Tournament (k=3),Arithmetic,Gaussian,0.81310,0.08830,000.00000000,000.00051575,000.00041580,000.00287709,000.28
Tournament (k=3),Arithmetic,Gaussian,0.52190,0.11476,000.00000000,000.00029359,000.00023270,000.00216322,000.32
Tournament (k=3),Arithmetic,Gaussian,0.94259,0.04390,000.00003052,000.01098642,000.00978470,000.17554437,000.27
Tournament (k=3),Arithmetic,Gaussian,0.70139,0.04390,000.00000000,000.00483584,000.00433540,000.01602602,000.26
Tournament (k=3),Arithmetic,Gaussian,1.00000,0.14915,000.00000000,000.00012708,000.00010681,000.00579204,000.30
Tournament (k=3),Arithmetic,Gaussian,0.46371,0.30000,000.00093842,000.10316114,000.12126541,000.18571652,000.32
Tournament (k=3),Arithmetic,Gaussian,0.60503,0.02183,000.00003815,000.01657910,000.01743698,000.16905043,000.18
Tournament (k=3),Arithmetic,Gaussian,0.50670,0.02382,000.00000000,000.01511498,000.01607513,000.07427454,000.18
Tournament (k=3),Arithmetic,Gaussian,0.50670,0.16276,000.00000000,000.00015302,000.00014877,000.00126463,000.35
Tournament (k=3),Arithmetic,Gaussian,0.64187,0.06226,000.00000000,000.00173745,000.00146294,000.00827189,000.27
Tournament (k=3),Arithmetic,Gaussian,0.78941,0.12524,000.00000000,000.00007429,000.00007629,000.00033431,000.33
Tournament (k=3),Arithmetic,Gaussian,0.97087,0.02382,000.00000000,000.05870433,000.05722618,000.43248168,000.26
Tournament (k=3),Arithmetic,Gaussian,0.53756,0.25191,000.00212097,000.04584188,000.04968834,000.06493863,000.29
Tournament (k=3),Arithmetic,Gaussian,0.50670,0.06795,000.00000000,000.00161772,000.00154877,000.00595087,000.34
Tournament (k=3),Arithmetic,Uniform,0.41200,0.04791,000.00000000,000.04952688,000.05327797,000.19851871,000.22
Tournament (k=3),Arithmetic,Gaussian,0.86261,0.07415,000.00000763,000.00129805,000.00124550,000.06717768,000.29
Tournament (k=3),Arithmetic,Gaussian,0.76642,0.07415,000.00000000,000.00131936,000.00098038,000.00580486,000.22
Tournament (k=2),Blend,Uniform,1.00000,0.27490,001.47022247,004.21046925,004.67656326,001.55952919,000.31
Tournament (k=3),Arithmetic,Gaussian,0.66113,0.13667,000.00000000,000.00007658,000.00007820,000.00057673,000.26
Tournament (k=3),Arithmetic,Gaussian,0.72243,0.21153,000.00040436,000.01047730,000.01142311,000.02203805,000.37
Tournament (k=3),Arithmetic,Gaussian,0.53756,0.05228,000.00000381,000.00397835,000.00363159,000.01525600,000.25
Tournament (k=3),Arithmetic,Gaussian,0.47762,0.02000,000.00000000,000.02481961,000.02029228,000.20096032,000.20
Tournament (k=2),Blend,Uniform,0.97087,0.14915,001.10153198,002.56888390,002.92603302,001.06259549,000.26
Tournament (k=3),Arithmetic,Gaussian,0.81310,0.02382,000.00000000,000.02438149,000.02803421,000.22898245,000.18
Tournament (k=3),Arithmetic,Gaussian,0.52190,0.04023,000.00000000,000.00480032,000.00487709,000.02632249,000.20
Tournament (k=3),Arithmetic,Uniform,0.40000,0.03095,000.00001907,000.12182989,000.12028122,000.37898088,000.18
Tournament (k=3),Arithmetic,Gaussian,1.00000,0.16276,000.00000763,000.00037613,000.00037956,000.00841445,000.31
Tournament (k=3),Arithmetic,Gaussian,0.97087,0.08092,000.00000000,000.00303078,000.00164223,000.30595574,000.30
Tournament (k=3),Arithmetic,Gaussian,0.76642,0.02000,000.00000000,000.02450628,000.02155876,000.20750266,000.24
Tournament (k=3),Arithmetic,Uniform,0.41200,0.05228,000.00000000,000.03861465,000.04296494,000.13428028,000.23
Tournament (k=3),Arithmetic,Gaussian,0.76642,0.21153,000.00040436,000.01042862,000.01185989,000.09462775,000.40
Tournament (k=3),Arithmetic,Gaussian,0.81310,0.23084,000.00158691,000.02420640,000.02808952,000.15683299,000.40
Tournament (k=3),Arithmetic,Gaussian,0.40000,0.16276,000.00000381,000.00029335,000.00028038,000.00163942,000.26
Tournament (k=3),Arithmetic,Gaussian,0.60503,0.06795,000.00000000,000.00152688,000.00181007,000.00684149,000.21
Tournament (k=3),Arithmetic,Gaussian,0.81310,0.02599,000.00000000,000.01629772,000.01755333,000.04835588,000.20
Tournament (k=3),Arithmetic,Gaussian,0.70139,0.14915,000.00000000,000.00009193,000.00008011,000.00042607,000.26
Tournament (k=3),Arithmetic,Uniform,0.41200,0.14915,000.00001526,000.00392261,000.00358772,000.01615433,000.30
Tournament (k=3),Arithmetic,Gaussian,0.52190,0.04390,000.00000000,000.00432262,000.00316620,000.01994451,000.22
Tournament (k=3),Arithmetic,Gaussian,0.57030,0.23084,000.00058746,000.01589136,000.01857185,000.10110521,000.29
Tournament (k=3),Arithmetic,Gaussian,0.53756,0.05705,000.00000000,000.00279074,000.00273514,000.01135252,000.27
Tournament (k=3),Arithmetic,Gaussian,0.68096,0.21153,000.00035858,000.00832829,000.00845146,000.02855025,000.39
Tournament (k=3),Arithmetic,Gaussian,0.74410,0.12524,000.00000000,000.00009503,000.00008392,000.00064187,000.29
Tournament (k=3),Arithmetic,Gaussian,0.66113,0.14915,000.00000000,000.00010257,000.00009155,000.00068401,000.33
Tournament (k=3),Arithmetic,Gaussian,0.91514,0.03686,000.00000000,000.00941896,000.00893211,000.06401572,000.19
Tournament (k=3),Arithmetic,Gaussian,0.91514,0.23084,000.00053406,000.02618227,000.02979088,000.07131932,000.39
Tournament (k=3),Arithmetic,Gaussian,0.88849,0.05228,000.00001144,000.00501270,000.00446320,000.03066928,000.20
Tournament (k=3),Arithmetic,Gaussian,0.47762,0.21153,000.00004196,000.00472784,000.00446129,000.07643420,000.37
Tournament (k=3),Arithmetic,Gaussian,0.86261,0.02837,000.00003815,000.00982265,000.00926590,000.17721805,000.25
Tournament (k=3),Arithmetic,Gaussian,0.83749,0.04791,000.00000000,000.00590234,000.00717163,000.10362284,000.20
Tournament (k=3),Arithmetic,Gaussian,0.97087,0.08830,000.00000381,000.00262008,000.00182915,000.33431029,000.27
Tournament (k=3),Arithmetic,Gaussian,0.60503,0.07415,000.00000000,000.00109792,000.00109673,000.00517946,000.23
Tournament (k=3),Arithmetic,Gaussian,0.94259,0.13667,000.00000000,000.00004988,000.00004578,000.02263948,000.37
Tournament (k=3),Arithmetic,Gaussian,0.60503,0.23084,000.00044250,000.01631770,000.01788902,000.10317308,000.30
Tournament (k=3),Arithmetic,Gaussian,0.64187,0.19383,000.00001526,000.00224299,000.00241280,000.02968339,000.40
Tournament (k=3),Arithmetic,Gaussian,0.57030,0.02382,000.00000000,000.01858835,000.01584625,000.16543885,000.18
Tournament (k=3),Arithmetic,Gaussian,0.72243,0.02599,000.00000000,000.01209869,000.01440239,000.05200914,000.25
Tournament (k=3),Arithmetic,Gaussian,0.70139,0.16276,000.00000000,000.00019727,000.00022507,000.00107555,000.27
Tournament (k=3),Arithmetic,Gaussian,0.46371,0.11476,000.00000000,000.00039825,000.00033569,000.00215324,000.24
Tournament (k=3),Arithmetic,Uniform,0.43709,0.14915,000.00000763,000.00244880,000.00238609,000.01442074,000.35
Tournament (k=3),Arithmetic,Gaussian,0.68096,0.08092,000.00000000,000.00064960,000.00057983,000.00493809,000.22
Tournament (k=3),Arithmetic,Gaussian,0.68096,0.02382,000.00000000,000.01369634,000.01312065,000.12194809,000.25
Tournament (k=3),Arithmetic,Uniform,0.41200,0.16276,000.00000381,000.00236893,000.00234795,000.04754634,000.31
Tournament (k=3),Arithmetic,Gaussian,0.55369,0.04390,000.00000000,000.00378833,000.00377274,000.03257572,000.26
Tournament (k=3),Arithmetic,Uniform,0.40000,0.27490,000.05119705,000.46676826,000.57084084,000.60396093,000.34
Tournament (k=3),Arithmetic,Gaussian,0.55369,0.12524,000.00000000,000.00015063,000.00018692,000.00077018,000.33
Tournament (k=3),Arithmetic,Uniform,0.42436,0.03095,000.00000000,000.08354874,000.06868744,000.34155717,000.17
Tournament (k=3),Arithmetic,Gaussian,0.78941,0.05228,000.00000000,000.00300403,000.00257301,000.01068602,000.20
Tournament (k=3),Arithmetic,Uniform,0.45020,0.02837,000.00000000,000.12652096,000.09985733,000.37769127,000.21
Tournament (k=3),Arithmetic,Uniform,0.40000,0.08830,000.00001526,000.01164966,000.01370621,000.05895139,000.20
Tournament (k=3),Arithmetic,Uniform,0.42436,0.08830,000.00000000,000.00968428,000.01043510,000.05332528,000.23
Tournament (k=3),Arithmetic,Gaussian,0.62318,0.04023,000.00000000,000.00449486,000.00393486,000.02186775,000.25
Tournament (k=3),Arithmetic,Gaussian,0.68096,0.23084,000.00140381,000.01899886,000.01947784,000.06273796,000.41
Tournament (k=3),Arithmetic,Gaussian,0.86261,0.25191,000.00257874,000.06404571,000.06315994,000.22600925,000.41
Tournament (k=3),Arithmetic,Uniform,0.43709,0.05228,000.00000000,000.04587650,000.04070282,000.19658069,000.17
Tournament (k=3),Arithmetic,Uniform,0.42436,0.03378,000.00000000,000.08431344,000.07974815,000.28382862,000.17
Tournament (k=3),Arithmetic,Gaussian,0.64187,0.02382,000.00000000,000.01819072,000.01345253,000.15940635,000.18
Tournament (k=3),Arithmetic,Gaussian,0.72243,0.08830,000.00000000,000.00085535,000.00101280,000.00442331,000.25
Tournament (k=3),Arithmetic,Gaussian,0.60503,0.08092,000.00000381,000.00098886,000.00113678,000.00737868,000.30
Tournament (k=3),Arithmetic,Gaussian,0.88849,0.14915,000.00000000,000.00010858,000.00009537,000.02346866,000.32
Tournament (k=3),Arithmetic,Gaussian,0.94259,0.04791,000.00000000,000.00567670,000.00539398,000.17454550,000.20
Tournament (k=3),Arithmetic,Gaussian,0.81310,0.09637,000.00000000,000.00036836,000.00032234,000.00249761,000.23
Tournament (k=3),Arithmetic,Gaussian,0.60503,0.02382,000.00002289,000.01388597,000.01334190,000.12877592,000.19
Tournament (k=3),Arithmetic,Gaussian,0.66113,0.05228,000.00000000,000.00296636,000.00345230,000.02214399,000.28
Tournament (k=3),Arithmetic,Uniform,0.45020,0.08830,000.00000000,000.01050396,000.01198578,000.04407859,000.26
Tournament (k=3),Arithmetic,Uniform,0.42436,0.27490,000.00298309,000.46999973,000.45167351,000.60350567,000.33
Tournament (k=3),Arithmetic,Gaussian,0.70139,0.04791,000.00000000,000.00371919,000.00325012,000.03287262,000.27
Tournament (k=3),Arithmetic,Gaussian,0.58741,0.14915,000.00000000,000.00011630,000.00010490,000.00097624,000.34
Tournament (k=3),Arithmetic,Uniform,0.45020,0.27490,000.00842285,000.68827850,000.82931328,000.68652672,000.26
Tournament (k=3),Arithmetic,Gaussian,0.52190,0.12524,000.00000000,000.00020967,000.00018501,000.00215016,000.33
Tournament (k=3),Arithmetic,Uniform,0.46371,0.05228,000.00003433,000.04286127,000.04022217,000.25225899,000.18
Tournament (k=3),Arithmetic,Gaussian,0.97087,0.02599,000.00002670,000.04132066,000.03470421,000.40013790,000.21
Tournament (k=3),Arithmetic,Gaussian,0.83749,0.16276,000.00000381,000.00020385,000.00020790,000.00155109,000.37
Tournament (k=3),Arithmetic,Gaussian,0.45020,0.19383,000.00000763,000.00146489,000.00184059,000.00403590,000.37
Tournament (k=3),Arithmetic,Gaussian,0.50670,0.17762,000.00000000,000.00044117,000.00039101,000.00206865,000.36
Tournament (k=3),Arithmetic,Gaussian,0.60503,0.02599,000.00000381,000.01154676,000.00878525,000.10767283,000.20
Tournament (k=3),Arithmetic,Gaussian,0.94259,0.05228,000.00000763,000.00644016,000.00539207,000.21392392,000.24
Tournament (k=3),Arithmetic,Gaussian,0.76642,0.08092,000.00000000,000.00114131,000.00127411,000.01371745,000.22
Tournament (k=3),Arithmetic,Gaussian,0.86261,0.27490,000.00690079,000.08360948,000.09555435,000.23641621,000.37
Tournament (k=3),Arithmetic,Gaussian,0.78941,0.13667,000.00000000,000.00003738,000.00003052,000.00106845,000.34
Tournament (k=3),Arithmetic,Gaussian,0.72243,0.09637,000.00000000,000.00033174,000.00027466,000.00173337,000.30
Tournament (k=3),Arithmetic,Gaussian,0.60503,0.08830,000.00000000,000.00055542,000.00054550,000.00404983,000.30
Tournament (k=3),Arithmetic,Uniform,0.46371,0.16276,000.00000763,000.00231109,000.00224304,000.05146063,000.25
Tournament (k=3),Arithmetic,Gaussian,0.47762,0.02183,000.00000000,000.02027678,000.01748466,000.22164458,000.18
Tournament (k=3),Arithmetic,Gaussian,1.00000,0.04791,000.00001907,000.01126776,000.00863075,000.35402587,000.21
Tournament (k=3),Arithmetic,Uniform,0.40000,0.03378,000.00000381,000.11736970,000.12074089,000.38138455,000.18
Tournament (k=3),Arithmetic,Uniform,0.47762,0.03095,000.00000381,000.14450344,000.14205742,000.36002615,000.18
Tournament (k=3),Arithmetic,Gaussian,0.66113,0.05705,000.00000763,000.00237427,000.00206375,000.01400304,000.28
Tournament (k=3),Arithmetic,Uniform,0.41200,0.05705,000.00000381,000.02702799,000.02469635,000.16575003,000.21
Tournament (k=3),Arithmetic,Gaussian,0.76642,0.02183,000.00001144,000.01319132,000.01175690,000.22530566,000.25
Tournament (k=3),Arithmetic,Gaussian,1.00000,0.17762,000.00001907,000.00107446,000.00108910,000.05566407,000.28
Tournament (k=3),Arithmetic,Gaussian,0.88849,0.16276,000.00000763,000.00031323,000.00032043,000.09949832,000.45
Tournament (k=3),Arithmetic,Gaussian,0.74410,0.04390,000.00000381,000.00425773,000.00365257,000.02048720,000.21
Tournament (k=3),Arithmetic,Uniform,0.45020,0.30000,000.03683472,000.91059625,001.15678406,000.81318468,000.37
Tournament (k=3),Arithmetic,Gaussian,0.72243,0.23084,000.00174713,000.02406573,000.02877998,000.10777523,000.39
Tournament (k=3),Arithmetic,Uniform,0.47762,0.09637,000.00000381,000.00578585,000.00605011,000.02258899,000.20
Tournament (k=3),Arithmetic,Gaussian,0.76642,0.08830,000.00000000,000.00057750,000.00055504,000.00377373,000.25
Tournament (k=3),Arithmetic,Gaussian,0.91514,0.04023,000.00000763,000.00758944,000.00782967,000.03000730,000.19
Tournament (k=3),Arithmetic,Uniform,0.46371,0.17762,000.00004959,000.00528026,000.00515175,000.08540784,000.25
Tournament (k=3),Arithmetic,Gaussian,0.88849,0.05705,000.00000000,000.00398874,000.00368500,000.01038778,000.21
Tournament (k=3),Arithmetic,Gaussian,0.60503,0.09637,000.00000000,000.00060568,000.00059509,000.00378150,000.29
Tournament (k=3),Arithmetic,Gaussian,0.72243,0.10516,000.00000000,000.00023642,000.00022125,000.00168650,000.32
Tournament (k=3),Arithmetic,Gaussian,0.78941,0.14915,000.00000000,000.00006285,000.00006294,000.00088639,000.33
Tournament (k=3),Arithmetic,Gaussian,0.91514,0.08830,000.00000000,000.00063295,000.00053787,000.05957557,000.31
Tournament (k=3),Arithmetic,Gaussian,0.81310,0.25191,000.00284576,000.04573398,000.05057526,000.14761589,000.40
Tournament (k=3),Arithmetic,Gaussian,0.76642,0.23084,000.00075531,000.02784638,000.02831650,000.15152867,000.42
Tournament (k=3),Arithmetic,Gaussian,0.86261,0.30000,000.00494385,000.18797736,000.19931984,000.40141821,000.39
Tournament (k=3),Arithmetic,Gaussian,0.83749,0.05228,000.00000763,000.00358315,000.00323677,000.01221666,000.20
Tournament (k=3),Arithmetic,Gaussian,0.74410,0.13667,000.00000000,000.00003734,000.00004005,000.00037465,000.34
Tournament (k=3),Arithmetic,Uniform,0.46371,0.02000,000.00003052,000.29769069,000.28035164,000.50818485,000.18
Tournament (k=3),Arithmetic,Gaussian,0.66113,0.16276,000.00000763,000.00023699,000.00022507,000.00137240,000.36
Tournament (k=3),Arithmetic,Gaussian,0.74410,0.04791,000.00000000,000.00261583,000.00300980,000.01050938,000.23
Tournament (k=3),Arithmetic,Gaussian,0.86261,0.03095,000.00000000,000.01070914,000.00990677,000.16579635,000.26
Tournament (k=3),Arithmetic,Gaussian,0.91514,0.25191,000.00094604,000.05600934,000.05751228,000.22548445,000.40
Tournament (k=3),Arithmetic,Gaussian,0.57030,0.02599,000.00000000,000.01452274,000.01361847,000.14539205,000.18
Tournament (k=3),Arithmetic,Uniform,0.47762,0.30000,000.03568268,000.86832511,001.12060165,000.77420205,000.33
Tournament (k=3),Arithmetic,Uniform,0.49195,0.05705,000.00001526,000.03650079,000.03671646,000.16803116,000.19
Tournament (k=3),Arithmetic,Gaussian,0.60503,0.25191,000.00330734,000.04625306,000.05601883,000.14195888,000.31
Tournament (k=3),Arithmetic,Gaussian,0.72243,0.02837,000.00000000,000.00843015,000.00754166,000.14242178,000.26
Tournament (k=3),Arithmetic,Uniform,0.43709,0.16276,000.00004578,000.00365624,000.00368500,000.02229987,000.24
Tournament (k=3),Arithmetic,Gaussian,0.70139,0.17762,000.00000763,000.00063243,000.00062370,000.00404477,000.28
Tournament (k=3),Arithmetic,Gaussian,0.94259,0.14915,000.00000000,000.00008488,000.00008392,000.00132565,000.36
Tournament (k=3),Arithmetic,Gaussian,0.68096,0.08830,000.00000000,000.00063000,000.00070953,000.00306319,000.25
Tournament (k=3),Arithmetic,Gaussian,0.68096,0.02599,000.00000000,000.01549873,000.01130676,000.11970811,000.25
Tournament (k=3),Arithmetic,Gaussian,0.64187,0.21153,000.00005341,000.00665059,000.00729752,000.01424307,000.38
Tournament (k=3),Arithmetic,Uniform,0.45020,0.03095,000.00033569,000.15659980,000.15916443,000.45282817,000.17
Tournament (k=3),Arithmetic,Gaussian,0.41200,0.30000,000.00524902,000.07738795,000.09120560,000.26983765,000.42
Tournament (k=3),Arithmetic,Gaussian,0.78941,0.05705,000.00000000,000.00304437,000.00352287,000.01046145,000.21
Tournament (k=3),Arithmetic,Uniform,0.41200,0.17762,000.00008392,000.00583801,000.00639343,000.02797331,000.30
Tournament (k=3),Arithmetic,Gaussian,0.83749,0.05705,000.00000000,000.00258064,000.00256538,000.01814924,000.31
Tournament (k=3),Arithmetic,Gaussian,0.74410,0.05228,000.00000000,000.00274992,000.00274467,000.00796969,000.28
Tournament (k=3),Arithmetic,Gaussian,0.86261,0.03378,000.00000381,000.00788302,000.00919533,000.02111226,000.27
Tournament (k=3),Arithmetic,Uniform,0.40000,0.30000,000.01303101,000.81657904,001.12570381,000.79114121,000.32
Tournament (k=3),Arithmetic,Uniform,0.42436,0.09637,000.00003815,000.01049809,000.01304626,000.02232315,000.22
Tournament (k=3),Arithmetic,Gaussian,0.55369,0.13667,000.00000000,000.00013747,000.00011444,000.00131760,000.34
Tournament (k=3),Arithmetic,Uniform,0.43709,0.05705,000.00004196,000.03487043,000.04524231,000.13669907,000.18
Tournament (k=3),Arithmetic,Uniform,0.42436,0.03686,000.00002289,000.11474796,000.08825111,000.28810695,000.18
Tournament (k=3),Arithmetic,Gaussian,0.64187,0.06795,000.00000000,000.00149646,000.00112534,000.00799144,000.22
Tournament (k=3),Arithmetic,Gaussian,0.66113,0.17762,000.00001144,000.00068970,000.00074387,000.00355574,000.37
Tournament (k=3),Arithmetic,Gaussian,0.62318,0.04390,000.00000000,000.00591130,000.00680351,000.02742745,000.26
Tournament (k=3),Arithmetic,Gaussian,0.64187,0.02599,000.00001144,000.01683340,000.01784706,000.05272510,000.18
Tournament (k=3),Arithmetic,Uniform,0.45020,0.03378,000.00000000,000.07895903,000.07460785,000.34747994,000.17
Tournament (k=3),Arithmetic,Uniform,0.49195,0.02000,000.00000000,000.30238876,000.34117126,000.51273394,000.35
Tournament (k=3),Arithmetic,Uniform,0.46371,0.05705,000.00000000,000.02216902,000.01934433,000.15512694,000.18
Tournament (k=3),Arithmetic,Gaussian,0.50670,0.07415,000.00000000,000.00139599,000.00115776,000.01066644,000.29
Tournament (k=3),Arithmetic,Gaussian,0.47762,0.06795,000.00000000,000.00269680,000.00285721,000.00949243,000.28
Tournament (k=3),Arithmetic,Gaussian,0.78941,0.06226,000.00001526,000.00227108,000.00264740,000.00603598,000.25
Tournament (k=3),Arithmetic,Gaussian,0.57030,0.08092,000.00000000,000.00124168,000.00094032,000.00587014,000.29
Tournament (k=3),Arithmetic,Uniform,0.50670,0.03378,000.00000000,000.08127022,000.08738708,000.26870999,000.18
Tournament (k=3),Arithmetic,Gaussian,0.97087,0.02837,000.00013733,000.02282176,000.02053833,000.33663926,000.21
Tournament (k=3),Arithmetic,Gaussian,0.81310,0.10516,000.00000000,000.00027156,000.00026512,000.00328688,000.31
Tournament (k=3),Arithmetic,Uniform,0.49195,0.17762,000.00017166,000.00678387,000.00687790,000.01942529,000.25
Tournament (k=3),Arithmetic,Gaussian,0.68096,0.25191,000.00090790,000.04528294,000.04593277,000.21263118,000.45
Tournament (k=3),Arithmetic,Uniform,0.42436,0.30000,000.01746368,000.78374922,001.03909683,000.63402635,000.28
Tournament (k=3),Arithmetic,Gaussian,0.81310,0.02837,000.00000000,000.01183968,000.01230621,000.15347554,000.18
Tournament (k=3),Arithmetic,Gaussian,0.60503,0.02837,000.00000000,000.01434455,000.01159286,000.07318191,000.25
Tournament (k=3),Arithmetic,Gaussian,0.45020,0.05705,000.00000763,000.00323663,000.00405693,000.01414984,000.20
Tournament (k=3),Arithmetic,Gaussian,0.62318,0.04791,000.00000000,000.00329843,000.00300026,000.02483184,000.28
Tournament (k=3),Arithmetic,Gaussian,0.58741,0.16276,000.00000000,000.00022569,000.00022125,000.00098549,000.36
Tournament (k=3),Arithmetic,Gaussian,0.74410,0.05705,000.00001144,000.00273542,000.00298119,000.00674073,000.36
Tournament (k=3),Arithmetic,Gaussian,0.52190,0.13667,000.00000000,000.00017586,000.00019455,000.00097059,000.34
Tournament (k=3),Arithmetic,Gaussian,0.62318,0.14915,000.00000000,000.00012450,000.00013161,000.00087790,000.27
Tournament (k=3),Arithmetic,Gaussian,0.94259,0.05705,000.00000381,000.00570178,000.00526428,000.17186972,000.29
Tournament (k=3),Arithmetic,Uniform,0.46371,0.06226,000.00003815,000.02967763,000.02284050,000.09373283,000.21
Tournament (k=3),Arithmetic,Uniform,0.40000,0.03686,000.00000000,000.07514753,000.08655167,000.35812712,000.17
Tournament (k=3),Arithmetic,Gaussian,0.53756,0.06226,000.00000000,000.00226798,000.00187683,000.01921261,000.21
Tournament (k=3),Arithmetic,Gaussian,0.83749,0.17762,000.00002289,000.00107994,000.00107193,000.00408472,000.37
Tournament (k=3),Arithmetic,Uniform,0.50670,0.10516,000.00000000,000.00441861,000.00308800,000.03047639,000.27
Tournament (k=3),Arithmetic,Uniform,0.43709,0.02000,000.00001526,000.33304548,000.34821510,000.55269057,000.22
Tournament (k=3),Arithmetic,Gaussian,0.78941,0.06795,000.00000381,000.00134549,000.00142670,000.00682868,000.25
Tournament (k=3),Arithmetic,Uniform,0.41200,0.06226,000.00000000,000.02793622,000.02191353,000.15525779,000.24
Tournament (k=3),Arithmetic,Gaussian,0.57030,0.08830,000.00000000,000.00078902,000.00082970,000.00409796,000.28
Tournament (k=3),Arithmetic,Gaussian,0.66113,0.06226,000.00000000,000.00210776,000.00210762,000.00911999,000.28
Tournament (k=3),Arithmetic,Gaussian,0.91514,0.04390,000.00000000,000.00970192,000.00796890,000.16491950,000.19
Tournament (k=3),Arithmetic,Gaussian,0.81310,0.11476,000.00000000,000.00012507,000.00009155,000.00124687,000.32
Tournament (k=3),Arithmetic,Gaussian,0.76642,0.09637,000.00000000,000.00050178,000.00049210,000.00317825,000.23
Tournament (k=3),Arithmetic,Gaussian,0.88849,0.06226,000.00000000,000.00220590,000.00232506,000.10192860,000.21
Tournament (k=3),Arithmetic,Gaussian,0.88849,0.17762,000.00000763,000.00094938,000.00105286,000.00917947,000.27
Tournament (k=3),Arithmetic,Gaussian,0.97087,0.09637,000.00000000,000.00082693,000.00061417,000.14552747,000.24
Tournament (k=3),Arithmetic,Uniform,0.47762,0.10516,000.00000763,000.00334220,000.00370216,000.02397206,000.26
Tournament (k=3),Arithmetic,Uniform,0.46371,0.19383,000.00052261,000.01997933,000.01993370,000.10571952,000.25
Tournament (k=3),Arithmetic,Uniform,0.52190,0.02000,000.00000381,000.30677456,000.32703400,000.63764006,000.22
Tournament (k=3),Arithmetic,Gaussian,1.00000,0.19383,000.00004578,000.00483584,000.00546646,000.02871867,000.35
Tournament (k=3),Arithmetic,Gaussian,0.91514,0.09637,000.00000000,000.00053868,000.00046349,000.09999963,000.23
Tournament (k=3),Arithmetic,Gaussian,0.72243,0.25191,000.00143814,000.04699192,000.05075836,000.12473191,000.39
Tournament (k=3),Arithmetic,Uniform,0.46371,0.02183,000.00000381,000.21123919,000.25135803,000.54729670,000.18
Tournament (k=3),Arithmetic,Gaussian,0.78941,0.16276,000.00000000,000.00023599,000.00025368,000.00352979,000.30
Tournament (k=3),Arithmetic,Gaussian,0.72243,0.11476,000.00000381,000.00020809,000.00014877,000.00169468,000.32
Tournament (k=3),Arithmetic,Gaussian,0.88849,0.02000,000.00000000,000.03250098,000.03647041,000.29469261,000.25
Tournament (k=3),Arithmetic,Gaussian,0.91514,0.04791,000.00001144,000.00777116,000.00891304,000.10582072,000.21
Tournament (k=3),Arithmetic,Gaussian,0.55369,0.04791,000.00000381,000.00392027,000.00379944,000.01351618,000.26
Tournament (k=3),Arithmetic,Gaussian,0.88849,0.06795,000.00000381,000.00160604,000.00126076,000.05599725,000.22
Tournament (k=3),Arithmetic,Gaussian,0.97087,0.10516,000.00000000,000.00036931,000.00040245,000.16477756,000.26
Tournament (k=3),Arithmetic,Gaussian,0.76642,0.10516,000.00000000,000.00023026,000.00017929,000.00175097,000.28
Tournament (k=3),Arithmetic,Gaussian,0.76642,0.25191,000.00164032,000.04434781,000.04378510,000.21339536,000.38
Tournament (k=3),Arithmetic,Gaussian,0.74410,0.14915,000.00000000,000.00007229,000.00005341,000.00192605,000.35
Tournament (k=3),Arithmetic,Uniform,0.52190,0.02183,000.00000000,000.21404839,000.22262192,000.52457911,000.23
Tournament (k=3),Arithmetic,Uniform,0.46371,0.21153,000.00304031,000.04953661,000.05306053,000.25690421,000.26
Tournament (k=3),Arithmetic,Uniform,0.47762,0.11476,000.00000381,000.00262537,000.00283241,000.09904106,000.28
Tournament (k=3),Arithmetic,Gaussian,0.81310,0.27490,000.00482941,000.09206557,000.09998703,000.26571250,000.41
Tournament (k=3),Arithmetic,Uniform,0.43709,0.17762,000.00007629,000.00755582,000.00906563,000.02911811,000.25
Tournament (k=3),Arithmetic,Gaussian,0.68096,0.02837,000.00000000,000.01266580,000.01658821,000.11727253,000.19
Tournament (k=3),Arithmetic,Gaussian,0.68096,0.09637,000.00000000,000.00045624,000.00046539,000.00351698,000.24
Tournament (k=3),Arithmetic,Gaussian,0.91514,0.27490,000.00118256,000.09526606,000.09885597,000.29939023,000.42
Tournament (k=3),Arithmetic,Gaussian,0.91514,0.10516,000.00000000,000.00082111,000.00049210,000.10839982,000.34
Tournament (k=3),Arithmetic,Gaussian,0.88849,0.19383,000.00014496,000.00296731,000.00311470,000.01394497,000.42
Tournament (k=3),Arithmetic,Uniform,0.52190,0.06226,000.00018311,000.02558117,000.02652359,000.14215685,000.26
Tournament (k=3),Arithmetic,Gaussian,0.83749,0.06226,000.00000000,000.00224433,000.00220108,000.00914414,000.21
Tournament (k=3),Arithmetic,Gaussian,0.64187,0.23084,000.00093842,000.01632719,000.01599693,000.03977785,000.32
Tournament (k=3),Arithmetic,Gaussian,0.86261,0.08092,000.00000381,000.00108938,000.00107956,000.06125194,000.31
Tournament (k=3),Arithmetic,Gaussian,0.70139,0.05228,000.00000000,000.00363259,000.00447655,000.01366686,000.22
Tournament (k=3),Arithmetic,Gaussian,0.94259,0.16276,000.00000381,000.00029430,000.00032234,000.00432773,000.38
Tournament (k=3),Arithmetic,Uniform,0.45020,0.09637,000.00000000,000.00606594,000.00623131,000.04061212,000.23
Tournament (k=3),Arithmetic,Uniform,0.52190,0.02382,000.00000000,000.21819735,000.18565941,000.47828457,000.23
Tournament (k=3),Arithmetic,Uniform,0.42436,0.10516,000.00000000,000.00805244,000.00704575,000.03503251,000.22
Tournament (k=3),Arithmetic,Uniform,0.43709,0.06226,000.00018311,000.02257438,000.02554703,000.07733312,000.21
Tournament (k=3),Arithmetic,Uniform,0.41200,0.19383,000.00058746,000.02197857,000.01834679,000.14982876,000.32
Tournament (k=3),Arithmetic,Gaussian,0.86261,0.03686,000.00001907,000.00786600,000.00765800,000.02268065,000.26
Tournament (k=3),Arithmetic,Gaussian,0.64187,0.07415,000.00000000,000.00143847,000.00132942,000.00442004,000.23
Tournament (k=3),Arithmetic,Uniform,0.42436,0.04023,000.00000381,000.08377905,000.09041786,000.27730188,000.24
Tournament (k=3),Arithmetic,Uniform,0.45020,0.03686,000.00003815,000.08895598,000.09572029,000.38489324,000.18
Tournament (k=3),Arithmetic,Gaussian,0.55369,0.14915,000.00000000,000.00008459,000.00009918,000.00080929,000.36
Tournament (k=3),Arithmetic,Uniform,0.53756,0.03686,000.00000000,000.06095085,000.06524467,000.29638249,000.18
Tournament (k=3),Arithmetic,Uniform,0.47762,0.03378,000.00000763,000.09914370,000.08453751,000.32781351,000.19
Tournament (k=3),Arithmetic,Gaussian,1.00000,0.05228,000.00000763,000.01300640,000.00871086,000.39315057,000.21
Tournament (k=3),Arithmetic,Gaussian,0.66113,0.19383,000.00010681,000.00237651,000.00264549,000.00905398,000.39
Tournament (k=3),Arithmetic,Gaussian,0.68096,0.10516,000.00000000,000.00025930,000.00023842,000.00160211,000.35
Tournament (k=3),Arithmetic,Gaussian,0.50670,0.19383,000.00004196,000.00157032,000.00182152,000.00522091,000.40
Tournament (k=3),Arithmetic,Gaussian,0.81310,0.03095,000.00000381,000.01198525,000.01156044,000.10631239,000.19
Tournament (k=3),Arithmetic,Gaussian,0.83749,0.06795,000.00000000,000.00156894,000.00141335,000.01448609,000.30
Tournament (k=3),Arithmetic,Uniform,0.50670,0.03686,000.00000000,000.08716993,000.09223938,000.30333063,000.24
Tournament (k=3),Arithmetic,Gaussian,0.60503,0.03095,000.00000000,000.00935731,000.00745392,000.10381465,000.20
Tournament (k=3),Arithmetic,Uniform,0.52190,0.02599,000.00000000,000.28381571,000.26042366,000.49603158,000.24
Tournament (k=3),Arithmetic,Uniform,0.49195,0.19383,000.00062561,000.02210183,000.02230644,000.20551176,000.27
Tournament (k=3),Arithmetic,Uniform,0.42436,0.04390,000.00000000,000.06224127,000.07535172,000.27927762,000.25
Tournament (k=3),Arithmetic,Gaussian,0.57030,0.25191,000.00046539,000.04311814,000.05282021,000.10861406,000.31
Tournament (k=3),Arithmetic,Uniform,0.52190,0.19383,000.00008774,000.03712974,000.03672600,000.16211092,000.33
Tournament (k=3),Arithmetic,Gaussian,0.88849,0.21153,000.00055695,000.01141052,000.01188850,000.03473770,000.41
Tournament (k=3),Arithmetic,Gaussian,0.97087,0.25191,000.00222778,000.04705768,000.04761314,000.18309425,000.41
Tournament (k=3),Arithmetic,Uniform,0.41200,0.21153,000.00055695,000.05532927,000.05896378,000.22821081,000.33
Tournament (k=3),Arithmetic,Uniform,0.53756,0.11476,000.00000763,000.00297461,000.00366783,000.09931982,000.22
Tournament (k=3),Arithmetic,Uniform,0.40000,0.04023,000.00000763,000.08352709,000.10845757,000.27935818,000.18
Tournament (k=3),Arithmetic,Gaussian,0.74410,0.06226,000.00000763,000.00221729,000.00254822,000.00883604,000.22
Tournament (k=3),Arithmetic,Uniform,0.55369,0.02183,000.00000000,000.22657242,000.24957657,000.48683926,000.23
Tournament (k=3),Arithmetic,Gaussian,0.62318,0.05228,000.00000763,000.00402822,000.00419044,000.01395124,000.28
Tournament (k=3),Arithmetic,Gaussian,0.68096,0.27490,000.00500107,000.06934299,000.07624245,000.27040440,000.42
Tournament (k=3),Arithmetic,Gaussian,0.53756,0.06795,000.00000000,000.00215092,000.00227547,000.00751061,000.21
Tournament (k=3),Arithmetic,Uniform,0.43709,0.02183,000.00004196,000.20310044,000.19172668,000.51729441,000.22
Tournament (k=3),Arithmetic,Uniform,0.50670,0.11476,000.00000763,000.00411348,000.00352669,000.01826520,000.23
Tournament (k=3),Arithmetic,Gaussian,0.62318,0.16276,000.00000000,000.00016470,000.00018311,000.00055619,000.28
Tournament (k=3),Arithmetic,Gaussian,0.94259,0.06226,000.00000381,000.00351067,000.00298691,000.24905503,000.29
Tournament (k=3),Arithmetic,Uniform,0.41200,0.06795,000.00000000,000.02654152,000.02936745,000.11283404,000.24
Tournament (k=3),Arithmetic,Uniform,0.55369,0.06795,000.00000000,000.01463237,000.01504135,000.11830254,000.25
Tournament (k=3),Arithmetic,Gaussian,0.81310,0.12524,000.00000000,000.00010839,000.00011253,000.00295231,000.25
Tournament (k=3),Arithmetic,Uniform,0.49195,0.21153,000.00074768,000.06593633,000.06962395,000.26044911,000.29
Tournament (k=3),Arithmetic,Uniform,0.49195,0.06226,000.00004959,000.02727666,000.01974487,000.13881953,000.19
Tournament (k=3),Arithmetic,Gaussian,0.50670,0.21153,000.00006104,000.00486240,000.00565338,000.01595504,000.39
Tournament (k=3),Arithmetic,Uniform,0.55369,0.21153,000.00037384,000.08095322,000.09250450,000.27101684,000.32
Tournament (k=3),Arithmetic,Uniform,0.46371,0.02382,000.00000000,000.19074412,000.16281700,000.55924261,000.16
Tournament (k=3),Arithmetic,Uniform,0.55369,0.02382,000.00000000,000.20921655,000.17647362,000.45543775,000.19
Tournament (k=3),Arithmetic,Gaussian,0.83749,0.19383,000.00006104,000.00237594,000.00264549,000.00966376,000.40
Tournament (k=3),Arithmetic,Uniform,0.40000,0.09637,000.00000381,000.00787706,000.00735474,000.05139489,000.26
Tournament (k=3),Arithmetic,Gaussian,0.88849,0.23084,000.00189972,000.02509317,000.02205467,000.20178454,000.38
Tournament (k=3),Arithmetic,Gaussian,1.00000,0.21153,000.00094604,000.01007652,000.00984764,000.09961145,000.28
Tournament (k=3),Arithmetic,Gaussian,0.91514,0.05228,000.00001144,000.00584078,000.00534630,000.14435242,000.20
Tournament (k=3),Arithmetic,Gaussian,0.60503,0.27490,000.00095749,000.07217512,000.08156013,000.24727121,000.31
Tournament (k=3),Arithmetic,Gaussian,0.97087,0.27490,000.00969696,000.11698270,000.12527084,000.33401501,000.39
Tournament (k=3),Arithmetic,Gaussian,0.88849,0.02183,000.00043106,000.03410721,000.03456497,000.24236323,000.25
Tournament (k=3),Arithmetic,Uniform,0.57030,0.04023,000.00000000,000.08538447,000.07332039,000.27891225,000.22
Tournament (k=3),Arithmetic,Gaussian,0.88849,0.07415,000.00000763,000.00187054,000.00180626,000.04534348,000.22
Tournament (k=3),Arithmetic,Gaussian,0.72243,0.12524,000.00000000,000.00007744,000.00007057,000.00089320,000.33
Tournament (k=3),Arithmetic,Gaussian,0.76642,0.11476,000.00000000,000.00013890,000.00012207,000.00117826,000.24
Tournament (k=3),Arithmetic,Uniform,0.41200,0.02000,000.00042343,000.36186257,000.33926392,000.62909073,000.20
Tournament (k=3),Arithmetic,Gaussian,0.78941,0.17762,000.00000763,000.00060263,000.00067520,000.00272828,000.37
Tournament (k=3),Arithmetic,Gaussian,0.68096,0.30000,000.00282288,000.10738306,000.10978889,000.23310341,000.40
Tournament (k=3),Arithmetic,Gaussian,0.72243,0.27490,000.00092316,000.10159536,000.11199951,000.24549164,000.40
Tournament (k=3),Arithmetic,Uniform,0.47762,0.12524,000.00000000,000.00181694,000.00196266,000.01906769,000.23
Tournament (k=3),Arithmetic,Uniform,0.46371,0.23084,000.00845337,000.19929209,000.22309303,000.35447705,000.25
Tournament (k=3),Arithmetic,Gaussian,0.64187,0.02837,000.00000000,000.01304765,000.01334381,000.09533313,000.18
Tournament (k=3),Arithmetic,Gaussian,0.97087,0.11476,000.00000000,000.00024900,000.00010490,000.01513569,000.33
Tournament (k=3),Arithmetic,Gaussian,0.68096,0.03095,000.00000000,000.00719466,000.00573540,000.02545947,000.20
Tournament (k=3),Arithmetic,Uniform,0.43709,0.19383,000.00026703,000.01953750,000.02061844,000.09892423,000.24
Tournament (k=3),Arithmetic,Gaussian,0.74410,0.16276,000.00000000,000.00013700,000.00011635,000.00215840,000.36
Tournament (k=3),Arithmetic,Gaussian,0.76642,0.27490,000.00591278,000.09915485,000.11452103,000.33555281,000.42
Tournament (k=3),Arithmetic,Uniform,0.57030,0.04390,000.00001144,000.04688425,000.04855728,000.23203172,000.24
Tournament (k=3),Arithmetic,Gaussian,0.91514,0.11476,000.00000000,000.00022273,000.00014305,000.11377861,000.28
Tournament (k=3),Arithmetic,Uniform,0.52190,0.06795,000.00001144,000.01874328,000.01769447,000.13035639,000.25
Tournament (k=3),Arithmetic,Gaussian,0.70139,0.05705,000.00000000,000.00209951,000.00220108,000.01253924,000.24
Tournament (k=3),Arithmetic,Gaussian,0.81310,0.30000,000.01041412,000.24654946,000.21541595,000.45612848,000.43
Tournament (k=3),Arithmetic,Gaussian,0.97087,0.03095,000.00009155,000.02926521,000.02838326,000.36672172,000.19
Tournament (k=3),Arithmetic,Uniform,0.43709,0.06795,000.00000000,000.02500782,000.02760315,000.12960002,000.19
Tournament (k=3),Arithmetic,Uniform,0.47762,0.13667,000.00000000,000.00197368,000.00168610,000.00998824,000.25
Tournament (k=3),Arithmetic,Gaussian,0.86261,0.08830,000.00000000,000.00074267,000.00064850,000.10059197,000.31
Tournament (k=3),Arithmetic,Gaussian,0.94259,0.17762,000.00004959,000.00133815,000.00144005,000.01325900,000.31
Tournament (k=3),Arithmetic,Gaussian,0.60503,0.30000,000.01111603,000.13228421,000.15494156,000.23645355,000.47
Tournament (k=3),Arithmetic,Uniform,0.42436,0.11476,000.00000000,000.00366540,000.00364685,000.01704019,000.27
Tournament (k=3),Arithmetic,Gaussian,0.76642,0.02382,000.00001526,000.01970286,000.01893616,000.16231976,000.25
Tournament (k=3),Arithmetic,Gaussian,0.91514,0.30000,000.00395203,000.15869045,000.14486694,000.45144892,000.47
Tournament (k=3),Arithmetic,Uniform,0.46371,0.25191,000.01080322,000.34805766,000.32558250,000.60456961,000.34
Tournament (k=3),Arithmetic,Gaussian,0.45020,0.06226,000.00000000,000.00282083,000.00291824,000.00936496,000.21
Tournament (k=3),Arithmetic,Uniform,0.47762,0.03686,000.00000000,000.09934654,000.11886406,000.24959256,000.19
Tournament (k=3),Arithmetic,Gaussian,0.97087,0.30000,000.01213455,000.18230185,000.19927216,000.39360255,000.51
Tournament (k=3),Arithmetic,Gaussian,0.64187,0.08092,000.00000000,000.00100002,000.00086975,000.00615471,000.23
Tournament (k=3),Arithmetic,Gaussian,0.86261,0.04023,000.00000000,000.00586905,000.00426674,000.03950548,000.27
Tournament (k=3),Arithmetic,Uniform,0.45020,0.04023,000.00000000,000.07588482,000.05988312,000.29799733,000.23
Tournament (k=3),Arithmetic,Uniform,0.53756,0.04023,000.00000381,000.06848149,000.07535744,000.29353520,000.24
Tournament (k=3),Arithmetic,Gaussian,0.81310,0.03378,000.00000000,000.00971661,000.01114082,000.05282574,000.19
Tournament (k=3),Arithmetic,Uniform,0.46371,0.06795,000.00000381,000.02080398,000.01971817,000.13169733,000.19
Tournament (k=3),Arithmetic,Uniform,0.58741,0.02382,000.00001907,000.23064189,000.23272705,000.44073442,000.23
Tournament (k=3),Arithmetic,Gaussian,0.64187,0.25191,000.00060654,000.03961863,000.04344368,000.08739515,000.50
Tournament (k=3),Arithmetic,Gaussian,0.68096,0.11476,000.00000000,000.00023885,000.00021362,000.00141136,000.25
Tournament (k=3),Arithmetic,Gaussian,0.72243,0.30000,000.00949860,000.13490638,000.14943504,000.29128036,000.49
Tournament (k=3),Arithmetic,Uniform,0.57030,0.12524,000.00000000,000.00152826,000.00129128,000.01233801,000.28
Tournament (k=3),Arithmetic,Uniform,0.58741,0.07415,000.00000000,000.01143174,000.01197815,000.05058400,000.20
Tournament (k=3),Arithmetic,Gaussian,0.83749,0.07415,000.00001526,000.00115137,000.00148964,000.00547350,000.23
Tournament (k=3),Arithmetic,Gaussian,1.00000,0.05705,000.00001526,000.01350875,000.00683594,000.44558638,000.29
Tournament (k=3),Arithmetic,Uniform,0.50670,0.04023,000.00000000,000.06084595,000.06352425,000.27992958,000.24
Tournament (k=3),Arithmetic,Uniform,0.52190,0.02837,000.00000000,000.15633035,000.15326691,000.43046924,000.23
Tournament (k=3),Arithmetic,Uniform,0.42436,0.04791,000.00000763,000.04648723,000.04502487,000.16176276,000.23
Tournament (k=3),Arithmetic,Gaussian,0.58741,0.04791,000.00000381,000.00375123,000.00373268,000.02478193,000.23
Tournament (k=3),Arithmetic,Gaussian,0.57030,0.02837,000.00000000,000.01401820,000.01358795,000.10912368,000.23
Tournament (k=3),Arithmetic,Gaussian,0.74410,0.06795,000.00000381,000.00159221,000.00175095,000.00665837,000.22
Tournament (k=3),Arithmetic,Uniform,0.45020,0.04390,000.00000000,000.06722045,000.07436562,000.24957219,000.24
Tournament (k=3),Arithmetic,Uniform,0.46371,0.07415,000.00000000,000.01985874,000.01969528,000.07463692,000.23
Tournament (k=3),Arithmetic,Gaussian,0.78941,0.07415,000.00000000,000.00110803,000.00098610,000.00376180,000.30
Tournament (k=3),Arithmetic,Uniform,0.40000,0.04390,000.00000000,000.06991997,000.06738853,000.25237480,000.23
Tournament (k=3),Arithmetic,Uniform,0.58741,0.02599,000.00017548,000.23351827,000.24836159,000.42178062,000.22
Tournament (k=3),Arithmetic,Uniform,0.58741,0.08092,000.00000000,000.00770402,000.00956345,000.04244021,000.22
Tournament (k=3),Arithmetic,Gaussian,0.57030,0.27490,000.00408554,000.09257250,000.11155128,000.25327557,000.32
Tournament (k=3),Arithmetic,Uniform,0.52190,0.21153,000.00485611,000.07465644,000.08975410,000.25940579,000.32
Tournament (k=3),Arithmetic,Uniform,0.53756,0.12524,000.00000763,000.00172920,000.00164413,000.01247329,000.28
Tournament (k=3),Arithmetic,Gaussian,0.62318,0.05705,000.00000000,000.00340166,000.00302124,000.01788869,000.28
Tournament (k=3),Arithmetic,Uniform,0.50670,0.12524,000.00000763,000.00201097,000.00208282,000.01012431,000.25
Tournament (k=3),Arithmetic,Gaussian,0.83749,0.08092,000.00000000,000.00089903,000.00106430,000.01091431,000.29
Tournament (k=3),Arithmetic,Uniform,0.57030,0.13667,000.00000000,000.00092735,000.00069618,000.00443389,000.30
Tournament (k=3),Arithmetic,Gaussian,0.70139,0.19383,000.00000381,000.00218482,000.00204468,000.03491947,000.32
Tournament (k=3),Arithmetic,Gaussian,1.00000,0.06226,000.00000763,000.01041012,000.00688744,000.50581580,000.30
Tournament (k=3),Arithmetic,Gaussian,0.62318,0.17762,000.00000000,000.00045638,000.00041199,000.00244879,000.28
Tournament (k=3),Arithmetic,Uniform,0.46371,0.02599,000.00199890,000.21635079,000.22630310,000.46217537,000.17
Tournament (k=3),Arithmetic,Uniform,0.49195,0.06795,000.00000000,000.01855664,000.01934624,000.06562313,000.19
Tournament (k=3),Arithmetic,Uniform,0.55369,0.02599,000.00000000,000.13219595,000.10652542,000.41194141,000.17
Tournament (k=3),Arithmetic,Uniform,0.41200,0.07415,000.00000000,000.01889849,000.01940918,000.08294307,000.24
Tournament (k=3),Arithmetic,Uniform,0.55369,0.07415,000.00000381,000.01232886,000.00996590,000.08503907,000.26
Tournament (k=3),Arithmetic,Gaussian,0.94259,0.06795,000.00001526,000.00213051,000.00130844,000.28892446,000.30
Tournament (k=3),Arithmetic,Uniform,0.49195,0.23084,000.00856018,000.16861773,000.17511749,000.39735574,000.26
Tournament (k=3),Arithmetic,Gaussian,0.81310,0.13667,000.00000000,000.00004954,000.00003815,000.00112307,000.26
Tournament (k=3),Arithmetic,Uniform,0.40000,0.10516,000.00000000,000.00582032,000.00582314,000.02569791,000.26
Tournament (k=3),Arithmetic,Uniform,0.55369,0.23084,000.00887299,000.23055196,000.22714615,000.50481069,000.32
Tournament (k=3),Arithmetic,Gaussian,0.88849,0.25191,000.00181198,000.06032806,000.06068039,000.31846303,000.31
Tournament (k=3),Arithmetic,Uniform,0.41200,0.02183,000.00000000,000.26338395,000.31674385,000.41373014,000.16
Tournament (k=3),Arithmetic,Gaussian,0.88849,0.02382,000.00000000,000.02119207,000.02531052,000.17302744,000.25
Tournament (k=3),Arithmetic,Uniform,0.46371,0.02837,000.00105286,000.15922999,000.14364624,000.43042612,000.17
Tournament (k=3),Arithmetic,Uniform,0.55369,0.02837,000.00000000,000.10585098,000.09291840,000.36557332,000.17
Tournament (k=3),Arithmetic,Gaussian,0.50670,0.23084,000.00093079,000.01787057,000.02181053,000.03671050,000.38
Tournament (k=3),Arithmetic,Gaussian,1.00000,0.23084,000.00024414,000.02497654,000.03030205,000.11120218,000.31
Tournament (k=3),Arithmetic,Uniform,0.50670,0.13667,000.00000000,000.00192003,000.00218582,000.01494387,000.30
Tournament (k=3),Arithmetic,Gaussian,0.64187,0.03095,000.00000000,000.01048231,000.00974083,000.03978787,000.19
Tournament (k=3),Arithmetic,Gaussian,0.83749,0.21153,000.00016022,000.01214385,000.01347733,000.05359010,000.38
Tournament (k=3),Arithmetic,Uniform,0.57030,0.14915,000.00000000,000.00124202,000.00115585,000.01364474,000.32
Tournament (k=3),Arithmetic,Gaussian,1.00000,0.06795,000.00002289,000.00420108,000.00420189,000.41271675,000.28
Tournament (k=3),Arithmetic,Gaussian,0.88849,0.08092,000.00000000,000.00098248,000.00097084,000.02216279,000.31
Tournament (k=3),Arithmetic,Gaussian,0.70139,0.02000,000.00000000,000.02052207,000.02097893,000.21343169,000.24
Tournament (k=3),Arithmetic,Gaussian,0.68096,0.03378,000.00001526,000.00861096,000.00639153,000.10445606,000.20
Tournament (k=3),Arithmetic,Uniform,0.45020,0.10516,000.00000000,000.00536852,000.00602531,000.06259755,000.27
Tournament (k=3),Arithmetic,Uniform,0.58741,0.23084,000.00598526,000.35816774,000.35427094,000.53520650,000.31
Tournament (k=3),Arithmetic,Uniform,0.43709,0.21153,000.00146484,000.06493454,000.07818985,000.29477599,000.26
Tournament (k=3),Arithmetic,Uniform,0.43709,0.07415,000.00000000,000.02205472,000.02097893,000.10540857,000.19
Tournament (k=3),Arithmetic,Gaussian,0.97087,0.12524,000.00000000,000.00021095,000.00008011,000.14884003,000.35
Tournament (k=3),Arithmetic,Uniform,0.57030,0.04791,000.00000000,000.04128132,000.03127670,000.24467863,000.24
Tournament (k=3),Arithmetic,Uniform,0.60503,0.04390,000.00000000,000.05591159,000.05928802,000.23061533,000.18
Tournament (k=3),Arithmetic,Uniform,0.55369,0.25191,000.02069855,000.38879189,000.36483002,000.62911528,000.30
Tournament (k=3),Arithmetic,Gaussian,0.70139,0.06226,000.00000381,000.00201769,000.00233841,000.00662560,000.24
Tournament (k=3),Arithmetic,Uniform,0.52190,0.07415,000.00000381,000.01786389,000.01950073,000.07280987,000.25
Tournament (k=3),Arithmetic,Gaussian,0.91514,0.12524,000.00000000,000.00008273,000.00007820,000.00829336,000.28
Tournament (k=3),Arithmetic,Gaussian,0.83749,0.02000,000.00000000,000.02905440,000.03196907,000.19012447,000.25
Tournament (k=3),Arithmetic,Uniform,0.47762,0.14915,000.00000763,000.00115633,000.00116730,000.00661277,000.24
Tournament (k=3),Arithmetic,Gaussian,0.70139,0.02183,000.00000000,000.02094851,000.02067566,000.19298603,000.24
Tournament (k=3),Arithmetic,Uniform,0.50670,0.14915,000.00004196,000.00221663,000.00201607,000.02208655,000.29
Tournament (k=3),Arithmetic,Gaussian,0.68096,0.03686,000.00000000,000.00846119,000.00749207,000.03125938,000.23
Tournament (k=3),Arithmetic,Gaussian,0.74410,0.17762,000.00001526,000.00056043,000.00058746,000.00273346,000.37
Tournament (k=3),Arithmetic,Uniform,0.57030,0.16276,000.00001144,000.00243001,000.00217628,000.02970666,000.29
Tournament (k=3),Arithmetic,Gaussian,0.94259,0.02000,000.00000000,000.04422646,000.04076767,000.31715158,000.26
Tournament (k=3),Arithmetic,Gaussian,1.00000,0.02000,000.00000000,000.07927327,000.05397034,000.50502312,000.18
Tournament (k=3),Arithmetic,Gaussian,0.76642,0.30000,000.01414108,000.16278382,000.18535805,000.40291765,000.42
Tournament (k=3),Arithmetic,Gaussian,0.94259,0.19383,000.00014496,000.00428109,000.00488281,000.06390893,000.39
Tournament (k=3),Arithmetic,Uniform,0.62318,0.02599,000.00042725,000.17261715,000.18431664,000.43356887,000.17
Tournament (k=3),Arithmetic,Gaussian,0.81310,0.03686,000.00000381,000.00532832,000.00511742,000.02778150,000.19
Tournament (k=3),Arithmetic,Uniform,0.60503,0.13667,000.00000000,000.00087180,000.00088501,000.00413567,000.28
Tournament (k=3),Arithmetic,Uniform,0.43709,0.08092,000.00004196,000.01240468,000.01231575,000.05750778,000.25
Tournament (k=3),Arithmetic,Uniform,0.43709,0.23084,000.00521851,000.19208774,000.21780396,000.36446136,000.28
Tournament (k=3),Arithmetic,Uniform,0.58741,0.25191,000.00579453,000.59133971,000.71749115,000.62028718,000.36
Tournament (k=3),Arithmetic,Uniform,0.53756,0.04390,000.00000000,000.04639678,000.04648399,000.27297685,000.24
Tournament (k=3),Arithmetic,Uniform,0.43709,0.02382,000.00026703,000.23884363,000.27922821,000.44952643,000.17
Tournament (k=3),Arithmetic,Gaussian,0.86261,0.04390,000.00000000,000.00627027,000.00722504,000.10083534,000.27
Tournament (k=3),Arithmetic,Gaussian,0.72243,0.03095,000.00000000,000.00683603,000.00630760,000.05181118,000.25
Tournament (k=3),Arithmetic,Gaussian,0.53756,0.07415,000.00000000,000.00170193,000.00196838,000.00432839,000.22
Tournament (k=3),Arithmetic,Gaussian,0.74410,0.02000,000.00000000,000.02979302,000.03139305,000.21932414,000.24
Tournament (k=3),Arithmetic,Uniform,0.41200,0.23084,000.00450897,000.14996234,000.14573097,000.35763043,000.31
Tournament (k=3),Arithmetic,Uniform,0.52190,0.03095,000.00000000,000.11252532,000.11491013,000.31502941,000.23
Tournament (k=3),Arithmetic,Uniform,0.50670,0.04390,000.00003052,000.05200429,000.06319427,000.21351968,000.24
Tournament (k=3),Arithmetic,Uniform,0.62318,0.08092,000.00000763,000.00842919,000.00516129,000.11054283,000.20
Tournament (k=3),Arithmetic,Uniform,0.42436,0.05228,000.00000381,000.03192754,000.03363800,000.15700442,000.24
Tournament (k=3),Arithmetic,Gaussian,0.64187,0.27490,000.00405502,000.10175781,000.12963867,000.26100379,000.35
Tournament (k=3),Arithmetic,Gaussian,1.00000,0.02183,000.00099945,000.10647879,000.07054520,000.58600891,000.23
Tournament (k=3),Arithmetic,Uniform,0.45020,0.04791,000.00000000,000.04518886,000.04675674,000.27295494,000.18
Tournament (k=3),Arithmetic,Uniform,0.58741,0.02837,000.00000000,000.23528333,000.23661804,000.44964340,000.19
Tournament (k=3),Arithmetic,Gaussian,0.74410,0.07415,000.00000763,000.00108328,000.00139046,000.00428473,000.26
Tournament (k=3),Arithmetic,Uniform,0.43709,0.02599,000.00032806,000.16530113,000.17164421,000.46110484,000.18
Tournament (k=3),Arithmetic,Uniform,0.58741,0.08830,000.00000000,000.00817556,000.00744247,000.03496753,000.21
Tournament (k=3),Arithmetic,Gaussian,0.78941,0.08092,000.00000000,000.00095325,000.00087357,000.00617099,000.23
Tournament (k=3),Arithmetic,Uniform,0.40000,0.04791,000.00031281,000.05964050,000.05575752,000.18961905,000.23
Tournament (k=3),Arithmetic,Uniform,0.53756,0.04791,000.00000000,000.04308152,000.05056572,000.16628218,000.24
Tournament (k=3),Arithmetic,Gaussian,0.91514,0.05705,000.00000381,000.00422549,000.00337791,000.04270181,000.21
Tournament (k=3),Arithmetic,Gaussian,0.53756,0.08092,000.00000763,000.00083170,000.00068092,000.00312363,000.22
Tournament (k=3),Arithmetic,Uniform,0.60503,0.14915,000.00000763,000.00055671,000.00057411,000.00512364,000.31
Tournament (k=3),Arithmetic,Gaussian,0.72243,0.03378,000.00000000,000.00604825,000.00605202,000.04037063,000.25
Tournament (k=3),Arithmetic,Gaussian,0.74410,0.02183,000.00000000,000.02501907,000.02187729,000.24438496,000.24
Tournament (k=3),Arithmetic,Uniform,0.53756,0.13667,000.00001526,000.00173378,000.00118828,000.01451444,000.29
Tournament (k=3),Arithmetic,Uniform,0.50670,0.04791,000.00008774,000.05095897,000.05677605,000.24562520,000.22
Tournament (k=3),Arithmetic,Gaussian,0.76642,0.12524,000.00000000,000.00006042,000.00006676,000.00064197,000.25
Tournament (k=3),Arithmetic,Uniform,0.41200,0.08092,000.00001144,000.01862535,000.02177048,000.10266356,000.25
Tournament (k=3),Arithmetic,Uniform,0.55369,0.08092,000.00000000,000.01178269,000.01162720,000.11292299,000.26
Tournament (k=3),Arithmetic,Uniform,0.46371,0.03095,000.00000000,000.10420022,000.10115242,000.41590050,000.17
Tournament (k=3),Arithmetic,Uniform,0.62318,0.25191,000.01503754,000.62225348,000.87475586,000.62348330,000.33
Tournament (k=3),Arithmetic,Uniform,0.49195,0.25191,000.01118088,000.39869300,000.40545464,000.59646863,000.26
Tournament (k=3),Arithmetic,Gaussian,0.94259,0.07415,000.00000000,000.00190740,000.00143814,000.20593442,000.28
Tournament (k=3),Arithmetic,Uniform,0.55369,0.03095,000.00000000,000.15774269,000.13725281,000.39218956,000.18
Tournament (k=3),Arithmetic,Uniform,0.41200,0.02382,000.00000381,000.29611507,000.26598358,000.48133877,000.22
Tournament (k=3),Arithmetic,Uniform,0.40000,0.11476,000.00000381,000.00417781,000.00441551,000.02456916,000.27
Tournament (k=3),Arithmetic,Uniform,0.41200,0.25191,000.01063919,000.34711581,000.37903595,000.50438869,000.39
Tournament (k=3),Arithmetic,Gaussian,0.81310,0.14915,000.00000000,000.00009179,000.00007248,000.00234933,000.31
Tournament (k=3),Arithmetic,Gaussian,0.78941,0.19383,000.00002670,000.00273342,000.00298882,000.00780551,000.38
Tournament (k=3),Arithmetic,Gaussian,0.88849,0.02599,000.00000000,000.01617570,000.01816177,000.26319364,000.26
Tournament (k=3),Arithmetic,Gaussian,0.97087,0.03378,000.00000763,000.01305804,000.01075745,000.26509854,000.20
Tournament (k=3),Arithmetic,Gaussian,0.88849,0.27490,000.00584030,000.09544077,000.09066010,000.27757019,000.31
Tournament (k=3),Arithmetic,Gaussian,0.64187,0.03378,000.00000763,000.00779982,000.00627518,000.10528739,000.20
Tournament (k=3),Arithmetic,Gaussian,0.72243,0.03686,000.00000000,000.01000724,000.00841141,000.06119927,000.27
Tournament (k=3),Arithmetic,Gaussian,0.74410,0.02382,000.00001526,000.01582780,000.01173973,000.08585136,000.26
Tournament (k=3),Arithmetic,Gaussian,0.64187,0.30000,000.00167847,000.11420140,000.12447357,000.30211884,000.44
Tournament (k=3),Arithmetic,Gaussian,1.00000,0.25191,000.00062943,000.04335003,000.05147171,000.24493656,000.30
Tournament (k=3),Arithmetic,Uniform,0.41200,0.08830,000.00000000,000.01061549,000.00865746,000.04117673,000.26
Tournament (k=3),Arithmetic,Uniform,0.47762,0.04023,000.00000000,000.06317434,000.06311607,000.26401982,000.18
Tournament (k=3),Arithmetic,Gaussian,0.88849,0.08830,000.00000000,000.00071735,000.00055122,000.10994226,000.23
Tournament (k=3),Arithmetic,Gaussian,0.76642,0.13667,000.00000000,000.00007424,000.00006866,000.09917683,000.31
Tournament (k=3),Arithmetic,Uniform,0.60503,0.04791,000.00000000,000.05169449,000.05035019,000.19528845,000.19
Tournament (k=3),Arithmetic,Gaussian,0.76642,0.02599,000.00000000,000.01258359,000.01193237,000.08108116,000.26
Tournament (k=3),Arithmetic,Uniform,0.57030,0.05228,000.00016403,000.03848753,000.02993965,000.18374017,000.20
Tournament (k=3),Arithmetic,Uniform,0.55369,0.08830,000.00000000,000.00599694,000.00595474,000.03421272,000.28
Tournament (k=3),Arithmetic,Gaussian,0.64187,0.08830,000.00000000,000.00064096,000.00078011,000.00377880,000.23
Tournament (k=3),Arithmetic,Uniform,0.42436,0.12524,000.00000763,000.00304365,000.00302887,000.01405228,000.28
Tournament (k=3),Arithmetic,Uniform,0.45020,0.11476,000.00000000,000.00340533,000.00284576,000.01502576,000.28
Tournament (k=3),Arithmetic,Gaussian,1.00000,0.07415,000.00000000,000.01315818,000.00377083,000.41441402,000.31
Tournament (k=3),Arithmetic,Uniform,0.52190,0.08092,000.00001526,000.01416335,000.01395798,000.06407364,000.21
Tournament (k=3),Arithmetic,Uniform,0.46371,0.27490,000.01821136,000.57633013,000.63409996,000.56259370,000.30
Tournament (k=3),Arithmetic,Gaussian,0.83749,0.02183,000.00000763,000.02989669,000.02882576,000.18765670,000.18
Tournament (k=3),Arithmetic,Gaussian,0.70139,0.06795,000.00000000,000.00221553,000.00220680,000.01183589,000.29
Tournament (k=3),Arithmetic,Gaussian,0.97087,0.13667,000.00000000,000.00006852,000.00006294,000.00697094,000.33
Tournament (k=3),Arithmetic,Uniform,0.55369,0.27490,000.02782822,000.63677275,000.76861572,000.60906321,000.34
Tournament (k=3),Arithmetic,Gaussian,0.91514,0.13667,000.00000000,000.00008626,000.00008202,000.00475357,000.32
Tournament (k=3),Arithmetic,Uniform,0.60503,0.05228,000.00000000,000.02921634,000.02919388,000.17236815,000.21
Tournament (k=3),Arithmetic,Uniform,0.41200,0.09637,000.00000763,000.00892615,000.00860596,000.04249609,000.27
Tournament (k=3),Arithmetic,Uniform,0.50670,0.16276,000.00000381,000.00200567,000.00212097,000.02660796,000.26
Tournament (k=3),Arithmetic,Gaussian,0.88849,0.09637,000.00000381,000.00051808,000.00046539,000.10630292,000.27
Tournament (k=3),Arithmetic,Uniform,0.47762,0.04390,000.00001144,000.05487723,000.05417252,000.22980109,000.29
Tournament (k=3),Arithmetic,Uniform,0.62318,0.02837,000.00000000,000.13878889,000.11782074,000.36644143,000.19
Tournament (k=3),Arithmetic,Uniform,0.57030,0.17762,000.00032043,000.00954332,000.00980377,000.06171975,000.26
Tournament (k=3),Arithmetic,Uniform,0.64187,0.04791,000.00000000,000.02513914,000.02142525,000.13899170,000.27
Tournament (k=3),Arithmetic,Gaussian,0.94259,0.02183,000.00000000,000.02481961,000.01934052,000.21547350,000.25
Tournament (k=3),Arithmetic,Gaussian,0.76642,0.02837,000.00000000,000.01375833,000.01359558,000.11390790,000.28
Tournament (k=3),Arithmetic,Gaussian,0.81310,0.04023,000.00002670,000.00835409,000.01006699,000.03927914,000.19
Tournament (k=3),Arithmetic,Gaussian,0.58741,0.05228,000.00000763,000.00326123,000.00286102,000.01811438,000.27
Tournament (k=3),Arithmetic,Uniform,0.46371,0.08092,000.00001526,000.01306500,000.01068497,000.04838928,000.20
Tournament (k=3),Arithmetic,Gaussian,1.00000,0.27490,000.00090027,000.10030232,000.10902786,000.34314376,000.46
Tournament (k=3),Arithmetic,Gaussian,1.00000,0.08092,000.00000381,000.00519962,000.00292206,000.50362498,000.34
Tournament (k=3),Arithmetic,Uniform,0.52190,0.08830,000.00001907,000.00688405,000.00676727,000.04509771,000.33
Tournament (k=3),Arithmetic,Uniform,0.43709,0.25191,000.01035309,000.40250701,000.43602180,000.51025712,000.27
Tournament (k=3),Arithmetic,Uniform,0.64187,0.14915,000.00000000,000.00110087,000.00089645,000.00739529,000.24
Tournament (k=3),Arithmetic,Uniform,0.58741,0.27490,000.00296783,000.74468148,001.04567337,000.72523695,000.30
Tournament (k=3),Arithmetic,Uniform,0.66113,0.02837,000.00002670,000.14339876,000.13287163,000.42492065,000.24
Tournament (k=3),Arithmetic,Uniform,0.49195,0.02183,000.00000000,000.20345941,000.14582443,000.56893331,000.22
Tournament (k=3),Arithmetic,Uniform,0.49195,0.07415,000.00000763,000.01793427,000.01872635,000.08015359,000.20
Tournament (k=3),Arithmetic,Uniform,0.62318,0.08830,000.00000000,000.00678921,000.00736618,000.05959607,000.21
Tournament (k=3),Arithmetic,Gaussian,0.81310,0.04390,000.00000000,000.00579629,000.00522614,000.02505381,000.21
Tournament (k=3),Arithmetic,Gaussian,0.86261,0.04791,000.00000000,000.00578942,000.00473785,000.10298110,000.28
Tournament (k=3),Arithmetic,Uniform,0.52190,0.03378,000.00000000,000.09383969,000.09293365,000.27566573,000.23
Tournament (k=3),Arithmetic,Gaussian,0.74410,0.19383,000.00002670,000.00283060,000.00301743,000.10820082,000.50
Tournament (k=3),Arithmetic,Uniform,0.42436,0.05705,000.00000000,000.03398909,000.03025818,000.24269554,000.24
Tournament (k=3),Arithmetic,Uniform,0.66113,0.08830,000.00000763,000.00719910,000.00672531,000.03210657,000.21
Tournament (k=3),Arithmetic,Uniform,0.52190,0.23084,000.00649261,000.20964523,000.23469353,000.40742487,000.32
Tournament (k=3),Arithmetic,Gaussian,0.83749,0.08830,000.00000000,000.00062075,000.00060654,000.00390942,000.31
Tournament (k=3),Arithmetic,Uniform,0.45020,0.05228,000.00000000,000.03076048,000.02858543,000.22214001,000.24
Tournament (k=3),Arithmetic,Uniform,0.58741,0.03095,000.00000000,000.13891001,000.14225578,000.35048220,000.24
Tournament (k=3),Arithmetic,Gaussian,0.97087,0.14915,000.00000000,000.00009632,000.00009537,000.00124426,000.43
Tournament (k=3),Arithmetic,Uniform,0.43709,0.02837,000.00000381,000.12635598,000.12072182,000.37812239,000.18
Tournament (k=3),Arithmetic,Gaussian,0.70139,0.21153,000.00025940,000.00732913,000.00805855,000.01845680,000.30
Tournament (k=3),Arithmetic,Uniform,0.40000,0.05228,000.00000381,000.04160462,000.04077148,000.20902973,000.23
Tournament (k=3),Arithmetic,Uniform,0.68096,0.05228,000.00000000,000.03362312,000.02917480,000.19866776,000.20
Tournament (k=3),Arithmetic,Uniform,0.49195,0.08092,000.00000000,000.01171093,000.01244164,000.05001676,000.22
Tournament (k=3),Arithmetic,Uniform,0.43709,0.27490,000.01008224,000.53747529,000.62055016,000.56949186,000.29
Tournament (k=3),Arithmetic,Uniform,0.66113,0.27490,000.02759171,000.81623995,001.08449936,000.75773686,000.31
Tournament (k=3),Arithmetic,Uniform,0.53756,0.05228,000.00000000,000.03992481,000.04122543,000.21449308,000.25
Tournament (k=3),Arithmetic,Uniform,0.70139,0.03095,000.00000000,000.10322609,000.09442520,000.36827660,000.19
Tournament (k=3),Arithmetic,Uniform,0.66113,0.09637,000.00000000,000.00495057,000.00336838,000.04255812,000.22
Tournament (k=3),Arithmetic,Uniform,0.60503,0.16276,000.00000381,000.00416884,000.00405502,000.03201563,000.25
Tournament (k=3),Arithmetic,Uniform,0.50670,0.05228,000.00000000,000.04798670,000.04810333,000.17576973,000.25
Tournament (k=3),Arithmetic,Uniform,0.42436,0.06226,000.00001526,000.02060957,000.02070427,000.14223194,000.26
Tournament (k=3),Arithmetic,Uniform,0.41200,0.02599,000.00000000,000.17744426,000.16730309,000.57304245,000.22
Tournament (k=3),Arithmetic,Uniform,0.55369,0.03378,000.00003815,000.08326034,000.08839226,000.32877219,000.23
Tournament (k=3),Arithmetic,Uniform,0.53756,0.14915,000.00000000,000.00139723,000.00119209,000.00891619,000.31
Tournament (k=3),Arithmetic,Gaussian,0.74410,0.21153,000.00003052,000.00898323,000.01104546,000.02802041,000.30
Tournament (k=3),Arithmetic,Uniform,0.68096,0.16276,000.00000000,000.00324192,000.00245857,000.02955759,000.32
Tournament (k=3),Arithmetic,Uniform,0.52190,0.25191,000.01305771,000.36266407,000.34285736,000.54869443,000.31
Tournament (k=3),Arithmetic,Gaussian,0.94259,0.08092,000.00000000,000.00153813,000.00126648,000.17891107,000.29
Tournament (k=3),Arithmetic,Uniform,0.40000,0.12524,000.00000381,000.00398989,000.00379562,000.02246926,000.28
Tournament (k=3),Arithmetic,Uniform,0.41200,0.27490,000.01662064,000.60990769,000.77197647,000.60682136,000.33
Tournament (k=3),Arithmetic,Uniform,0.70139,0.09637,000.00000000,000.00347476,000.00319290,000.05393526,000.22
Tournament (k=3),Arithmetic,Gaussian,0.72243,0.04023,000.00000000,000.00659575,000.00621796,000.02412918,000.20
Tournament (k=3),Arithmetic,Uniform,0.49195,0.08830,000.00000763,000.00776176,000.00754166,000.03715761,000.28
Tournament (k=3),Arithmetic,Uniform,0.74410,0.03378,000.00004959,000.12292890,000.10974693,000.35302716,000.21
Tournament (k=3),Arithmetic,Uniform,0.70139,0.30000,000.03322601,001.22459435,001.42880630,000.89817655,000.27
Tournament (k=3),Arithmetic,Uniform,0.72243,0.05705,000.00000000,000.03415503,000.03202057,000.13031484,000.25
Tournament (k=3),Arithmetic,Uniform,0.57030,0.05705,000.00000381,000.03106546,000.03169632,000.13051115,000.20
Tournament (k=3),Arithmetic,Gaussian,0.66113,0.02000,000.00000000,000.02629957,000.02435303,000.17083986,000.25
Tournament (k=3),Arithmetic,Uniform,0.43709,0.30000,000.01356506,000.88493174,001.13471222,000.76968539,000.33
Tournament (k=3),Arithmetic,Uniform,0.47762,0.16276,000.00001526,000.00303946,000.00275421,000.01576089,000.25
Tournament (k=3),Arithmetic,Gaussian,0.88849,0.30000,000.00753021,000.19765997,000.17997742,000.47384870,000.32
Tournament (k=3),Arithmetic,Gaussian,0.64187,0.09637,000.00000000,000.00052838,000.00045967,000.00212720,000.24
Tournament (k=3),Arithmetic,Uniform,0.66113,0.30000,000.04076767,000.94998568,001.23491669,000.81128436,000.34
Tournament (k=3),Arithmetic,Gaussian,0.78941,0.21153,000.00031281,000.00985551,000.01136017,000.05002383,000.40
Tournament (k=3),Arithmetic,Gaussian,0.78941,0.02000,000.00000000,000.02289839,000.02361298,000.20255923,000.25
Tournament (k=3),Arithmetic,Uniform,0.72243,0.17762,000.00027847,000.01166420,000.01044464,000.06305566,000.32
Tournament (k=3),Arithmetic,Uniform,0.45020,0.12524,000.00000000,000.00288582,000.00260735,000.01354076,000.29
Tournament (k=3),Arithmetic,Gaussian,0.83749,0.02382,000.00000000,000.01825857,000.01788712,000.16607821,000.19
Tournament (k=3),Arithmetic,Uniform,0.52190,0.27490,000.01292038,000.69912690,000.96155167,000.68725973,000.33
Tournament (k=3),Arithmetic,Uniform,0.46371,0.30000,000.03075409,000.92786628,001.15881157,000.71566778,000.27
Tournament (k=3),Arithmetic,Uniform,0.76642,0.02000,000.00019836,000.38729897,000.38354492,000.54296857,000.17
Tournament (k=3),Arithmetic,Uniform,0.43709,0.08830,000.00000763,000.01015177,000.00839424,000.04312289,000.21
Tournament (k=3),Arithmetic,Uniform,0.62318,0.03095,000.00000763,000.09093833,000.07668686,000.37671033,000.18
Tournament (k=3),Arithmetic,Uniform,0.47762,0.04791,000.00000763,000.04117260,000.03290558,000.18363994,000.19
Tournament (k=3),Arithmetic,Uniform,0.57030,0.06226,000.00000000,000.02343721,000.01775551,000.16208608,000.22
Tournament (k=3),Arithmetic,Gaussian,0.74410,0.23084,000.00098801,000.02467051,000.03058243,000.15251862,000.42
Tournament (k=3),Arithmetic,Uniform,0.74410,0.10516,000.00001144,000.00260949,000.00233650,000.03257602,000.28
Tournament (k=3),Arithmetic,Uniform,0.41200,0.10516,000.00001526,000.00766892,000.00775719,000.02260111,000.27
Tournament (k=3),Arithmetic,Gaussian,0.94259,0.02382,000.00000381,000.03233218,000.02713585,000.26517621,000.19
Tournament (k=3),Arithmetic,Gaussian,0.94259,0.21153,000.00080490,000.01168981,000.01260185,000.15135592,000.40
Tournament (k=3),Arithmetic,Gaussian,0.76642,0.03095,000.00000000,000.00989346,000.00927162,000.04230309,000.20
Tournament (k=3),Arithmetic,Uniform,0.55369,0.30000,000.04153442,001.13148761,001.33800888,000.74005198,000.33
Tournament (k=3),Arithmetic,Uniform,0.50670,0.17762,000.00020981,000.00646014,000.00718117,000.03384750,000.32
Tournament (k=3),Arithmetic,Uniform,0.64187,0.05228,000.00004578,000.03383131,000.02806282,000.12770069,000.25
Tournament (k=3),Arithmetic,Gaussian,1.00000,0.02382,000.00000763,000.04596119,000.04225540,000.45002452,000.18
Tournament (k=3),Arithmetic,Uniform,0.46371,0.08830,000.00002289,000.00945859,000.01053238,000.02766357,000.20
Tournament (k=3),Arithmetic,Gaussian,0.91514,0.14915,000.00000000,000.00017195,000.00013924,000.10477744,000.36
Tournament (k=3),Arithmetic,Uniform,0.57030,0.19383,000.00075531,000.04303656,000.04390526,000.19374944,000.32
Tournament (k=3),Arithmetic,Uniform,0.62318,0.03378,000.00000763,000.10017848,000.05906868,000.38916394,000.19
Tournament (k=3),Arithmetic,Uniform,0.76642,0.06226,000.00000381,000.02023163,000.02167511,000.13868769,000.25
Tournament (k=3),Arithmetic,Uniform,0.58741,0.09637,000.00000000,000.00550647,000.00448990,000.06400427,000.21
Tournament (k=3),Arithmetic,Uniform,0.43709,0.09637,000.00000000,000.00935516,000.00963974,000.10289852,000.23
Tournament (k=3),Arithmetic,Uniform,0.52190,0.09637,000.00001526,000.00603704,000.00648308,000.10033382,000.22
Tournament (k=3),Arithmetic,Gaussian,0.94259,0.02599,000.00001907,000.03022118,000.02956963,000.29649633,000.20
Tournament (k=3),Arithmetic,Gaussian,1.00000,0.08830,000.00000381,000.00221925,000.00116158,000.31201527,000.31
Tournament (k=3),Arithmetic,Uniform,0.78941,0.03686,000.00015259,000.08216395,000.08053207,000.29840332,000.18
Tournament (k=3),Arithmetic,Uniform,0.64187,0.05705,000.00000000,000.02954259,000.03222084,000.07379574,000.19
Tournament (k=3),Arithmetic,Uniform,0.46371,0.03378,000.00005722,000.10789256,000.09796143,000.30737123,000.17
Tournament (k=3),Arithmetic,Uniform,0.74410,0.11476,000.00000000,000.00149875,000.00157738,000.01017862,000.29
Tournament (k=3),Arithmetic,Uniform,0.49195,0.02382,000.00000763,000.15309577,000.13758278,000.45914406,000.22
Tournament (k=3),Arithmetic,Uniform,0.41200,0.11476,000.00001526,000.00444822,000.00467873,000.02536239,000.27
Tournament (k=3),Arithmetic,Uniform,0.62318,0.09637,000.00000381,000.00544143,000.00370979,000.04015800,000.21
Tournament (k=3),Arithmetic,Uniform,0.76642,0.19383,000.00066757,000.06371603,000.05865669,000.31254503,000.32
Tournament (k=3),Arithmetic,Uniform,0.52190,0.03686,000.00006104,000.08716731,000.09029198,000.32991657,000.22
Tournament (k=3),Arithmetic,Gaussian,1.00000,0.30000,000.00667572,000.18255863,000.17222023,000.48164633,000.41
Tournament (k=3),Arithmetic,Gaussian,0.86261,0.05228,000.00000763,000.00472565,000.00503540,000.02244035,000.27
Tournament (k=3),Arithmetic,Uniform,0.58741,0.03378,000.00001907,000.10747890,000.09514236,000.33791509,000.18
Tournament (k=3),Arithmetic,Gaussian,0.94259,0.23084,000.00096130,000.02178402,000.02409935,000.05267303,000.35
Tournament (k=3),Arithmetic,Uniform,0.45020,0.05705,000.00000763,000.03433866,000.03627014,000.15251885,000.24
Tournament (k=3),Arithmetic,Uniform,0.43709,0.03095,000.00044250,000.13296933,000.11858749,000.42165786,000.17
Tournament (k=3),Arithmetic,Uniform,0.49195,0.27490,000.03742981,000.60023963,000.71815491,000.61277664,000.26
Tournament (k=3),Arithmetic,Uniform,0.46371,0.03686,000.00000000,000.07590266,000.07253265,000.32495695,000.18
Tournament (k=3),Arithmetic,Gaussian,0.86261,0.09637,000.00000000,000.00042739,000.00047302,000.00357410,000.31
Tournament (k=3),Arithmetic,Uniform,0.62318,0.27490,000.08643341,000.87292176,001.12680244,000.73978257,000.31
Tournament (k=3),Arithmetic,Uniform,0.68096,0.05705,000.00003052,000.02537646,000.02516747,000.13141041,000.19
Tournament (k=3),Arithmetic,Gaussian,0.97087,0.03686,000.00003815,000.01972003,000.01660538,000.35216311,000.20
Tournament (k=3),Arithmetic,Uniform,0.64187,0.06226,000.00000381,000.01908937,000.02086258,000.12196424,000.24
Tournament (k=3),Arithmetic,Uniform,0.52190,0.04023,000.00000763,000.04666996,000.03752327,000.24472877,000.19
Tournament (k=3),Arithmetic,Uniform,0.78941,0.11476,000.00000763,000.00115938,000.00125885,000.00685391,000.26
Tournament (k=3),Arithmetic,Gaussian,0.83749,0.23084,000.00077438,000.02317376,000.02334976,000.15445577,000.41
Tournament (k=3),Arithmetic,Gaussian,0.88849,0.02837,000.00000000,000.01618986,000.01262093,000.16323663,000.26
Tournament (k=3),Arithmetic,Uniform,0.74410,0.12524,000.00000000,000.00044169,000.00037956,000.00397955,000.28
Tournament (k=3),Arithmetic,Uniform,0.60503,0.17762,000.00061798,000.01352310,000.01572990,000.18675576,000.26
Tournament (k=3),Arithmetic,Gaussian,0.97087,0.16276,000.00000763,000.00042105,000.00047112,000.00667879,000.37
Tournament (k=3),Arithmetic,Uniform,0.50670,0.05705,000.00000000,000.01896782,000.01807022,000.10277898,000.25
Tournament (k=3),Arithmetic,Uniform,0.76642,0.21153,000.00300980,000.23095903,000.20547485,000.51048899,000.32
Tournament (k=3),Arithmetic,Uniform,0.66113,0.10516,000.00000000,000.00249271,000.00252724,000.01216034,000.29
Tournament (k=3),Arithmetic,Uniform,0.42436,0.06795,000.00000000,000.02496791,000.02098846,000.14612740,000.24
Tournament (k=3),Arithmetic,Uniform,0.41200,0.02837,000.00006485,000.16739359,000.20666695,000.33727881,000.22
Tournament (k=3),Arithmetic,Uniform,0.55369,0.03686,000.00001907,000.09737511,000.10643959,000.29332101,000.24
Tournament (k=3),Arithmetic,Uniform,0.53756,0.16276,000.00000381,000.00205564,000.00201416,000.02150909,000.25
Tournament (k=3),Arithmetic,Uniform,0.42436,0.13667,000.00001907,000.00248561,000.00266457,000.00900585,000.24
Tournament (k=3),Arithmetic,Uniform,0.55369,0.09637,000.00000000,000.00464787,000.00512505,000.01863949,000.28
Tournament (k=3),Arithmetic,Uniform,0.70139,0.10516,000.00000000,000.00173216,000.00163269,000.00950869,000.22
Tournament (k=3),Arithmetic,Uniform,0.40000,0.13667,000.00000381,000.00458150,000.00532722,000.01664332,000.24
Tournament (k=3),Arithmetic,Gaussian,0.86261,0.10516,000.00000000,000.00022221,000.00013924,000.10049421,000.30
Tournament (k=3),Arithmetic,Uniform,0.64187,0.06795,000.00048828,000.02020392,000.02307510,000.13782042,000.26
Tournament (k=3),Arithmetic,Uniform,0.68096,0.17762,000.00012970,000.01296206,000.01065445,000.04287107,000.32
Tournament (k=3),Arithmetic,Uniform,0.49195,0.09637,000.00000000,000.00689468,000.00543594,000.05705427,000.21
Tournament (k=3),Arithmetic,Uniform,0.72243,0.02000,000.00000000,000.33519816,000.35150719,000.60621160,000.17
Tournament (k=3),Arithmetic,Uniform,0.81310,0.02183,000.00014496,000.27945036,000.25418663,000.55587912,000.24
Tournament (k=3),Arithmetic,Uniform,0.78941,0.12524,000.00000000,000.00071716,000.00061607,000.00925767,000.28
Tournament (k=3),Arithmetic,Uniform,0.62318,0.30000,000.05239868,001.01320279,001.23585510,000.67481679,000.34
Tournament (k=3),Arithmetic,Uniform,0.60503,0.05705,000.00000000,000.03540058,000.03114700,000.12720859,000.19
Tournament (k=3),Arithmetic,Uniform,0.50670,0.06226,000.00000000,000.02456865,000.02030563,000.15908559,000.25
Tournament (k=3),Arithmetic,Uniform,0.72243,0.06226,000.00000000,000.01410165,000.01399422,000.04488666,000.25
Tournament (k=3),Arithmetic,Uniform,0.60503,0.19383,000.00032043,000.04490385,000.05294800,000.21253474,000.29
Tournament (k=3),Arithmetic,Uniform,0.81310,0.06795,000.00000381,000.01539435,000.01530838,000.14768164,000.26
Tournament (k=3),Arithmetic,Uniform,0.55369,0.04023,000.00000000,000.08522773,000.08672905,000.30273247,000.24
Tournament (k=3),Arithmetic,Uniform,0.47762,0.17762,000.00003815,000.00758967,000.00650024,000.02227952,000.25
Tournament (k=3),Arithmetic,Gaussian,0.83749,0.02599,000.00000000,000.02182198,000.02149391,000.20740251,000.19
Tournament (k=3),Arithmetic,Uniform,0.76642,0.02183,000.00001526,000.28410634,000.34067345,000.44725838,000.18
Tournament (k=3),Arithmetic,Uniform,0.81310,0.21153,000.01118469,000.20844498,000.21401024,000.54143071,000.25
Tournament (k=3),Arithmetic,Gaussian,0.78941,0.02183,000.00000000,000.02300420,000.02142525,000.20654424,000.25
Tournament (k=3),Arithmetic,Uniform,0.47762,0.05228,000.00006104,000.02895570,000.03015518,000.18879344,000.20
Tournament (k=3),Arithmetic,Gaussian,0.64187,0.10516,000.00000000,000.00032077,000.00034523,000.00401403,000.28
Tournament (k=3),Arithmetic,Gaussian,0.97087,0.17762,000.00001526,000.00121560,000.00124359,000.00374131,000.42
Tournament (k=3),Arithmetic,Uniform,0.70139,0.11476,000.00000381,000.00105081,000.00096130,000.04457971,000.28
Tournament (k=3),Arithmetic,Uniform,0.81310,0.02382,000.00000763,000.18724947,000.19169617,000.50512886,000.24
Tournament (k=3),Arithmetic,Uniform,0.57030,0.06795,000.00000000,000.01378698,000.01537514,000.12001994,000.21
Tournament (k=3),Arithmetic,Uniform,0.45020,0.13667,000.00001144,000.00278850,000.00267029,000.01488880,000.29
Tournament (k=3),Arithmetic,Uniform,0.64187,0.16276,000.00002289,000.00230765,000.00233841,000.02059107,000.25
Tournament (k=3),Arithmetic,Uniform,0.72243,0.19383,000.00148010,000.05813751,000.06236267,000.28410682,000.32
Tournament (k=3),Arithmetic,Uniform,0.58741,0.30000,000.06919098,001.24870491,001.36758423,000.85017967,000.27
Tournament (k=3),Arithmetic,Uniform,0.52190,0.30000,000.04250336,000.87467384,001.11969948,000.75544757,000.33
Tournament (k=3),Arithmetic,Uniform,0.66113,0.03095,000.00004959,000.11047063,000.10858536,000.38342395,000.24
Tournament (k=3),Arithmetic,Uniform,0.57030,0.02000,000.00059509,000.36038843,000.45102692,000.58599985,000.23
Tournament (k=3),Arithmetic,Gaussian,0.78941,0.23084,000.00042725,000.02416372,000.02625084,000.10751628,000.39
Tournament (k=3),Arithmetic,Gaussian,0.76642,0.03378,000.00002289,000.00813198,000.00739670,000.02782058,000.26
Tournament (k=3),Arithmetic,Gaussian,1.00000,0.02599,000.00003052,000.04391918,000.03170776,000.39850372,000.19
Tournament (k=3),Arithmetic,Gaussian,0.83749,0.02837,000.00000000,000.01578474,000.01466370,000.13620199,000.22
Tournament (k=3),Arithmetic,Uniform,0.46371,0.09637,000.00001526,000.00874243,000.00920296,000.04390154,000.22
Tournament (k=3),Arithmetic,Uniform,0.62318,0.03686,000.00000381,000.14356533,000.11083031,000.33285487,000.19
Tournament (k=3),Arithmetic,Uniform,0.58741,0.10516,000.00000000,000.00386019,000.00406837,000.02046349,000.22
Tournament (k=3),Arithmetic,Uniform,0.76642,0.06795,000.00001144,000.00956059,000.00757599,000.05762637,000.26
Tournament (k=3),Arithmetic,Uniform,0.57030,0.21153,000.00413132,000.10660110,000.09744644,000.35101065,000.27
Tournament (k=3),Arithmetic,Uniform,0.52190,0.10516,000.00000000,000.00482249,000.00439453,000.03109612,000.28
Tournament (k=3),Arithmetic,Gaussian,0.91514,0.16276,000.00000000,000.00033374,000.00029755,000.00361950,000.33
Tournament (k=3),Arithmetic,Uniform,0.49195,0.02599,000.00000000,000.14241476,000.16352272,000.46022972,000.23
Tournament (k=3),Arithmetic,Uniform,0.70139,0.03378,000.00000000,000.11801734,000.11576653,000.41336358,000.19
Tournament (k=3),Arithmetic,Uniform,0.62318,0.10516,000.00000000,000.00239277,000.00220680,000.01526061,000.22
Tournament (k=3),Arithmetic,Uniform,0.40000,0.05705,000.00000000,000.03394647,000.04363441,000.17480464,000.24
Tournament (k=3),Arithmetic,Gaussian,1.00000,0.02837,000.00000763,000.03271103,000.03247070,000.47337845,000.20
Tournament (k=3),Arithmetic,Uniform,0.47762,0.19383,000.00047684,000.01591163,000.01638985,000.12806049,000.44
Tournament (k=3),Arithmetic,Uniform,0.53756,0.05705,000.00000763,000.03767743,000.03161430,000.13290665,000.25
Tournament (k=3),Arithmetic,Uniform,0.45020,0.14915,000.00001144,000.00218234,000.00200272,000.03417053,000.33
Tournament (k=3),Arithmetic,Uniform,0.41200,0.12524,000.00003052,000.00341816,000.00254440,000.02436199,000.28
Tournament (k=3),Arithmetic,Gaussian,1.00000,0.09637,000.00000381,000.00113645,000.00061798,000.21708685,000.33
Tournament (k=3),Arithmetic,Uniform,0.81310,0.02599,000.00000000,000.19789830,000.20641327,000.43345910,000.39
Tournament (k=3),Arithmetic,Uniform,0.62318,0.04023,000.00000000,000.08197436,000.06663513,000.30975401,000.19
Tournament (k=3),Arithmetic,Uniform,0.46371,0.04023,000.00001144,000.07135916,000.05503654,000.30478865,000.18
Tournament (k=3),Arithmetic,Uniform,0.58741,0.03686,000.00007248,000.09794526,000.10140228,000.32126081,000.24
Tournament (k=3),Arithmetic,Uniform,0.83749,0.04023,000.00005341,000.06605329,000.06630516,000.29824194,000.25
Tournament (k=3),Arithmetic,Uniform,0.45020,0.06226,000.00000763,000.02305636,000.02299118,000.14362793,000.24
Tournament (k=3),Arithmetic,Uniform,0.68096,0.06226,000.00000763,000.02410555,000.02335739,000.07001419,000.20
Tournament (k=3),Arithmetic,Uniform,0.72243,0.21153,000.00470734,000.16168928,000.19727898,000.42599803,000.39
Tournament (k=3),Arithmetic,Uniform,0.76642,0.07415,000.00001144,000.01045785,000.00938606,000.07955852,000.24
Tournament (k=3),Arithmetic,Uniform,0.49195,0.30000,000.03783417,000.99598372,001.27042770,000.75831324,000.32
Tournament (k=3),Arithmetic,Uniform,0.52190,0.04390,000.00001526,000.06612730,000.08195686,000.24326256,000.25
Tournament (k=3),Arithmetic,Uniform,0.45020,0.02000,000.00000000,000.29563218,000.30303001,000.54851872,000.16
Tournament (k=3),Arithmetic,Uniform,0.46371,0.04390,000.00009537,000.06802078,000.08085442,000.23610929,000.19
Tournament (k=3),Arithmetic,Gaussian,0.94259,0.25191,000.00558090,000.04619889,000.05475998,000.19813748,000.42
Tournament (k=3),Arithmetic,Uniform,0.57030,0.23084,000.00776672,000.25074697,000.22474861,000.55460715,000.28
Tournament (k=3),Arithmetic,Uniform,0.41200,0.30000,000.03265381,000.79345196,001.06216431,000.65299857,000.27
Tournament (k=3),Arithmetic,Uniform,0.62318,0.04390,000.00001907,000.07732096,000.05827141,000.25840122,000.22
Tournament (k=3),Arithmetic,Uniform,0.66113,0.11476,000.00000000,000.00135694,000.00140381,000.01140026,000.23
Tournament (k=3),Arithmetic,Uniform,0.53756,0.06226,000.00000000,000.01508780,000.01678276,000.18207940,000.25
Tournament (k=3),Arithmetic,Uniform,0.74410,0.03686,000.00000763,000.06250115,000.06301498,000.33270630,000.25
Tournament (k=3),Arithmetic,Gaussian,0.94259,0.08830,000.00000000,000.00145259,000.00146294,000.20918807,000.32
Tournament (k=3),Arithmetic,Uniform,0.58741,0.04023,000.00009918,000.06024075,000.05864906,000.20676619,000.25
Tournament (k=3),Arithmetic,Uniform,0.83749,0.04390,000.00037384,000.05711517,000.05835724,000.20629527,000.25
Tournament (k=3),Arithmetic,Uniform,0.53756,0.17762,000.00025558,000.00745955,000.00728226,000.05184885,000.25
Tournament (k=3),Arithmetic,Uniform,0.74410,0.13667,000.00000000,000.00046320,000.00037384,000.00318836,000.30
Tournament (k=3),Arithmetic,Uniform,0.68096,0.02000,000.00000000,000.35351485,000.36600876,000.49663737,000.17
Tournament (k=3),Arithmetic,Uniform,0.76642,0.23084,000.00598907,000.40738708,000.42927361,000.65175641,000.32
Tournament (k=3),Arithmetic,Uniform,0.42436,0.14915,000.00001144,000.00161958,000.00144196,000.00887950,000.29
Tournament (k=3),Arithmetic,Uniform,0.76642,0.08092,000.00000000,000.00948148,000.00834656,000.07700215,000.25
Tournament (k=3),Arithmetic,Gaussian,0.83749,0.25191,000.00223541,000.04817867,000.04761887,000.18504909,000.41
Tournament (k=3),Arithmetic,Uniform,0.72243,0.02183,000.00006866,000.26852456,000.25439835,000.51525575,000.17
Tournament (k=3),Arithmetic,Uniform,0.64187,0.07415,000.00000381,000.00951643,000.00934029,000.04547156,000.20
Tournament (k=3),Arithmetic,Uniform,0.40000,0.14915,000.00001144,000.00360379,000.00431442,000.01117740,000.24
Tournament (k=3),Arithmetic,Uniform,0.49195,0.10516,000.00000000,000.00618372,000.00450706,000.02491445,000.21
Tournament (k=3),Arithmetic,Uniform,0.64187,0.02000,000.00043488,000.27787718,000.27100182,000.63891065,000.20
Tournament (k=3),Arithmetic,Uniform,0.42436,0.02000,000.00000000,000.26406950,000.28801537,000.52446419,000.22
Tournament (k=3),Arithmetic,Uniform,0.78941,0.13667,000.00000000,000.00072169,000.00053406,000.01081317,000.26
Tournament (k=3),Arithmetic,Uniform,0.60503,0.06226,000.00012970,000.02495256,000.02115059,000.23002858,000.25
Tournament (k=3),Arithmetic,Uniform,0.68096,0.19383,000.00002670,000.04794822,000.04938698,000.27438033,000.29
Tournament (k=3),Arithmetic,Uniform,0.72243,0.06795,000.00001144,000.01239257,000.01340866,000.06998443,000.22
Tournament (k=3),Arithmetic,Gaussian,0.81310,0.04791,000.00000763,000.00405808,000.00376511,000.03467926,000.20
Tournament (k=3),Arithmetic,Uniform,0.50670,0.06795,000.00000000,000.01690602,000.02246857,000.07401368,000.25
Tournament (k=3),Arithmetic,Gaussian,0.86261,0.11476,000.00000000,000.00016460,000.00010490,000.00561130,000.33
Tournament (k=3),Arithmetic,Uniform,0.68096,0.02183,000.00017548,000.18957290,000.18370247,000.46666056,000.22
Tournament (k=3),Arithmetic,Uniform,0.55369,0.04390,000.00000000,000.05007420,000.05665588,000.19990380,000.24
Tournament (k=3),Arithmetic,Uniform,0.81310,0.07415,000.00000000,000.01124339,000.01092911,000.15076718,000.27
Tournament (k=3),Arithmetic,Uniform,0.72243,0.02382,000.00000000,000.18741684,000.15427017,000.48648804,000.18
Tournament (k=3),Arithmetic,Uniform,0.60503,0.21153,000.00074768,000.10813551,000.11389923,000.35376111,000.32
Tournament (k=3),Arithmetic,Uniform,0.81310,0.23084,000.01346588,000.47633901,000.43594742,000.61366397,000.26
Tournament (k=3),Arithmetic,Uniform,0.83749,0.12524,000.00000381,000.00066805,000.00052452,000.01970242,000.22
Tournament (k=3),Arithmetic,Uniform,0.43709,0.10516,000.00005722,000.00726056,000.00795364,000.01985265,000.21
Tournament (k=3),Arithmetic,Uniform,0.70139,0.12524,000.00000000,000.00108576,000.00098610,000.00613652,000.23
Tournament (k=3),Arithmetic,Uniform,0.60503,0.02000,000.00005341,000.34161392,000.36641693,000.59486157,000.17
Tournament (k=3),Arithmetic,Uniform,0.42436,0.16276,000.00003052,000.00267706,000.00260925,000.00857001,000.33
Tournament (k=3),Arithmetic,Uniform,0.64187,0.02183,000.00001144,000.23355360,000.25595474,000.54397696,000.26
Tournament (k=3),Arithmetic,Gaussian,0.97087,0.19383,000.00008392,000.00356984,000.00427055,000.01953584,000.30
Tournament (k=3),Arithmetic,Uniform,0.53756,0.02000,000.00000000,000.31682453,000.27886772,000.58322871,000.21
Tournament (k=3),Arithmetic,Uniform,0.78941,0.04023,000.00000000,000.07842402,000.09568977,000.26417905,000.24
Tournament (k=3),Arithmetic,Uniform,0.42436,0.02183,000.00000763,000.26985249,000.29453468,000.51007605,000.26
Tournament (k=3),Arithmetic,Gaussian,0.94259,0.02837,000.00000381,000.02516275,000.02675629,000.21178399,000.26
Tournament (k=3),Arithmetic,Gaussian,0.83749,0.27490,000.00643921,000.07986145,000.07869148,000.29065642,000.40
Tournament (k=3),Arithmetic,Uniform,0.57030,0.02183,000.00000000,000.25415349,000.28284264,000.52736825,000.23
Tournament (k=3),Arithmetic,Uniform,0.66113,0.03378,000.00001526,000.12934427,000.10424042,000.38723075,000.24
Tournament (k=3),Arithmetic,Uniform,0.43709,0.03378,000.00000763,000.11915827,000.08416367,000.35717583,000.17
Tournament (k=3),Arithmetic,Uniform,0.64187,0.17762,000.00000381,000.00873699,000.00833321,000.11151457,000.32
Tournament (k=3),Arithmetic,Uniform,0.40000,0.02000,000.00013733,000.35067081,000.35741997,000.59421027,000.22
Tournament (k=3),Arithmetic,Uniform,0.46371,0.10516,000.00001144,000.00614591,000.00596428,000.03400927,000.21
Tournament (k=3),Arithmetic,Gaussian,0.76642,0.03686,000.00000000,000.00642080,000.00798416,000.03184848,000.25
Tournament (k=3),Arithmetic,Uniform,0.86261,0.02382,000.00116348,000.19729118,000.20726585,000.40839046,000.24
Tournament (k=3),Arithmetic,Gaussian,0.78941,0.25191,000.00078964,000.05230613,000.05562973,000.23349236,000.32
Tournament (k=3),Arithmetic,Uniform,0.58741,0.11476,000.00000000,000.00221243,000.00231552,000.01561480,000.22
Tournament (k=3),Arithmetic,Uniform,0.70139,0.03686,000.00000000,000.04586596,000.04979515,000.27797595,000.18
Tournament (k=3),Arithmetic,Gaussian,0.97087,0.04023,000.00000000,000.01346397,000.01168633,000.42095208,000.20
Tournament (k=3),Arithmetic,Uniform,0.49195,0.02837,000.00000000,000.11605582,000.12207985,000.35283899,000.23
Tournament (k=3),Arithmetic,Gaussian,1.00000,0.03095,000.00000000,000.03431778,000.03303337,000.43979943,000.19
Tournament (k=3),Arithmetic,Uniform,0.62318,0.11476,000.00000000,000.00129128,000.00137329,000.00765544,000.22
Tournament (k=3),Arithmetic,Uniform,0.40000,0.06226,000.00000381,000.01679831,000.01596832,000.09128621,000.21
Tournament (k=3),Arithmetic,Uniform,0.52190,0.11476,000.00000763,000.00277300,000.00254822,000.06663435,000.28
Tournament (k=3),Arithmetic,Gaussian,0.88849,0.03095,000.00004578,000.01832471,000.01984787,000.11656339,000.22
Tournament (k=3),Arithmetic,Uniform,0.41200,0.03095,000.00000000,000.14305043,000.13504601,000.48485062,000.18
Tournament (k=3),Arithmetic,Uniform,0.66113,0.03686,000.00000381,000.07456765,000.08355331,000.27702668,000.27
Tournament (k=3),Arithmetic,Uniform,0.50670,0.02000,000.00000000,000.25539127,000.26708031,000.50072169,000.17
Tournament (k=3),Arithmetic,Uniform,0.81310,0.02837,000.00005341,000.14155421,000.12766457,000.39473063,000.24
Tournament (k=3),Arithmetic,Uniform,0.68096,0.06795,000.00000000,000.01814661,000.01543427,000.11590352,000.20
Tournament (k=3),Arithmetic,Gaussian,0.91514,0.17762,000.00001144,000.00094872,000.00105476,000.00523250,000.39
Tournament (k=3),Arithmetic,Uniform,0.42436,0.07415,000.00004578,000.02356930,000.02595329,000.10182067,000.25
Tournament (k=3),Arithmetic,Uniform,0.45020,0.02183,000.00000000,000.25449666,000.24117661,000.50975960,000.17
Tournament (k=3),Arithmetic,Uniform,0.46371,0.04791,000.00000000,000.02140083,000.02507973,000.12796620,000.18
Tournament (k=3),Arithmetic,Uniform,0.47762,0.02000,000.00003052,000.27357537,000.25558281,000.52950597,000.17
Tournament (k=3),Arithmetic,Uniform,0.55369,0.10516,000.00000763,000.00299354,000.00316620,000.02834008,000.28
Tournament (k=3),Arithmetic,Uniform,0.62318,0.04791,000.00002289,000.04122005,000.04312325,000.15264429,000.19
Tournament (k=3),Arithmetic,Uniform,0.52190,0.04791,000.00012207,000.04102445,000.03690910,000.21883604,000.25
Tournament (k=3),Arithmetic,Uniform,0.86261,0.23084,000.00522232,000.37771329,000.36502266,000.56031787,000.39
Tournament (k=3),Arithmetic,Uniform,0.86261,0.02599,000.00004959,000.14153042,000.16638374,000.44329670,000.36
Tournament (k=3),Arithmetic,Gaussian,1.00000,0.10516,000.00000000,000.00065985,000.00036621,000.19637091,000.40
Tournament (k=3),Arithmetic,Uniform,0.50670,0.02183,000.00000000,000.27126366,000.29363251,000.46403942,000.18
Tournament (k=3),Arithmetic,Uniform,0.66113,0.12524,000.00000000,000.00084310,000.00093842,000.00572794,000.24
Tournament (k=3),Arithmetic,Uniform,0.76642,0.02382,000.00099182,000.22446223,000.23216057,000.47581461,000.18
Tournament (k=3),Arithmetic,Uniform,0.74410,0.04023,000.00000763,000.06106834,000.07072258,000.26039833,000.26
Tournament (k=3),Arithmetic,Uniform,0.53756,0.06795,000.00000000,000.01694131,000.01592255,000.07634851,000.27
Tournament (k=3),Arithmetic,Uniform,0.49195,0.03095,000.00012207,000.09876461,000.10014153,000.34937546,000.42
Tournament (k=3),Arithmetic,Uniform,0.58741,0.04390,000.00000763,000.08179469,000.07087135,000.35165477,000.26
Tournament (k=3),Arithmetic,Uniform,0.72243,0.23084,000.01608658,000.37222806,000.33786583,000.55960190,000.46
Tournament (k=3),Arithmetic,Uniform,0.83749,0.04791,000.00001526,000.03984399,000.03856659,000.23680264,000.27
Tournament (k=3),Arithmetic,Uniform,0.53756,0.19383,000.00039673,000.03002954,000.03405380,000.07266080,000.27
Tournament (k=3),Arithmetic,Uniform,0.47762,0.05705,000.00008392,000.02246790,000.02450371,000.15049745,000.21
Tournament (k=3),Arithmetic,Uniform,0.47762,0.02183,000.00000763,000.22563878,000.19089127,000.50040776,000.19
Tournament (k=3),Arithmetic,Uniform,0.50670,0.19383,000.00086212,000.02344222,000.02732086,000.23726842,000.28
Tournament (k=3),Arithmetic,Uniform,0.86261,0.07415,000.00001144,000.01113663,000.00926590,000.14156887,000.61
Tournament (k=3),Arithmetic,Gaussian,0.78941,0.02382,000.00000000,000.02333360,000.02530670,000.11599893,000.27
Tournament (k=3),Arithmetic,Uniform,0.76642,0.08830,000.00000763,000.00473061,000.00558472,000.03096451,000.29
Tournament (k=3),Arithmetic,Uniform,0.81310,0.03095,000.00000000,000.10525341,000.12603569,000.31061161,000.40
Tournament (k=3),Arithmetic,Uniform,0.88849,0.04390,000.00000000,000.07182746,000.07198334,000.26637268,000.47
Tournament (k=3),Arithmetic,Gaussian,0.97087,0.04390,000.00000763,000.01571426,000.01471710,000.43774313,000.62
Tournament (k=3),Arithmetic,Uniform,0.91514,0.02599,000.00023270,000.18926206,000.16680145,000.53204900,000.18
Tournament (k=3),Arithmetic,Uniform,0.68096,0.02382,000.00002289,000.22042355,000.25408173,000.49346593,000.18
Tournament (k=3),Arithmetic,Uniform,0.60503,0.06795,000.00000000,000.01581984,000.01996422,000.04689723,000.21
Tournament (k=3),Arithmetic,Uniform,0.40000,0.06795,000.00003052,000.02305303,000.02067184,000.10368262,000.58
Tournament (k=3),Arithmetic,Uniform,0.52190,0.12524,000.00001907,000.00199075,000.00171661,000.01440062,000.59
Tournament (k=3),Arithmetic,Uniform,0.40000,0.16276,000.00005722,000.00331883,000.00271225,000.02031673,000.33
Tournament (k=3),Arithmetic,Uniform,0.49195,0.11476,000.00000000,000.00361552,000.00377083,000.01537053,000.24
Tournament (k=3),Arithmetic,Uniform,0.76642,0.25191,000.03356552,000.68722981,001.05139542,000.77311844,000.44
Tournament (k=3),Arithmetic,Uniform,0.78941,0.14915,000.00000763,000.00128016,000.00137520,000.00404079,000.25
Tournament (k=3),Arithmetic,Uniform,0.72243,0.02599,000.00000000,000.18481736,000.16964912,000.40743807,000.19
Tournament (k=3),Arithmetic,Uniform,0.57030,0.07415,000.00000000,000.01692772,000.01885033,000.11986557,000.27
Tournament (k=3),Arithmetic,Uniform,0.50670,0.07415,000.00000000,000.01301618,000.01457214,000.12332656,000.26
Tournament (k=3),Arithmetic,Uniform,0.72243,0.07415,000.00000000,000.00922775,000.01031685,000.04595179,000.28
Tournament (k=3),Arithmetic,Uniform,0.55369,0.04791,000.00000000,000.04002004,000.03885078,000.16290765,000.25
Tournament (k=3),Arithmetic,Uniform,0.68096,0.21153,000.00544739,000.13007674,000.12532806,000.37176001,000.35
Tournament (k=3),Arithmetic,Uniform,0.88849,0.13667,000.00000000,000.00037007,000.00025368,000.00315867,000.59
Tournament (k=3),Arithmetic,Uniform,0.60503,0.23084,000.00914383,000.32398003,000.32991791,000.53414947,000.27
Tournament (k=3),Arithmetic,Uniform,0.86261,0.08092,000.00000763,000.00760045,000.00713158,000.11129769,000.32
Tournament (k=3),Arithmetic,Gaussian,0.86261,0.12524,000.00000000,000.00006595,000.00005150,000.00068506,000.37
Tournament (k=3),Arithmetic,Uniform,0.68096,0.02599,000.00000000,000.19695707,000.16837311,000.43357354,000.19
Tournament (k=3),Arithmetic,Uniform,0.50670,0.21153,000.00255585,000.08141737,000.09736824,000.23593031,000.35
Tournament (k=3),Arithmetic,Uniform,0.60503,0.07415,000.00000000,000.01343465,000.01208878,000.03941512,000.21
Tournament (k=3),Arithmetic,Uniform,0.83749,0.13667,000.00000000,000.00039525,000.00036240,000.00710163,000.24
Tournament (k=3),Arithmetic,Uniform,0.64187,0.02382,000.00000763,000.17827025,000.21225548,000.40987235,000.23
Tournament (k=3),Arithmetic,Uniform,0.72243,0.02837,000.00003052,000.13327178,000.16958618,000.41140574,000.20
Tournament (k=3),Arithmetic,Uniform,0.78941,0.04390,000.00004959,000.05548239,000.04739380,000.21698985,000.18
Tournament (k=3),Arithmetic,Uniform,0.78941,0.16276,000.00005722,000.00378137,000.00352859,000.02924494,000.26
Tournament (k=3),Arithmetic,Gaussian,0.78941,0.02599,000.00000000,000.01088238,000.01219749,000.05940826,000.42
Tournament (k=3),Arithmetic,Uniform,0.81310,0.25191,000.02592468,000.80046880,001.09763336,000.83743411,000.33
Tournament (k=3),Arithmetic,Uniform,0.91514,0.25191,000.01673889,000.69157499,001.00398636,000.75733745,000.30
Tournament (k=3),Arithmetic,Uniform,0.42436,0.17762,000.00012207,000.00659046,000.00721359,000.10086142,000.31
Tournament (k=3),Arithmetic,Uniform,0.40000,0.02183,000.00007629,000.27985081,000.24343872,000.59678286,000.16
Tournament (k=3),Arithmetic,Uniform,0.42436,0.02382,000.00000000,000.24761644,000.22560501,000.50018871,000.22
Tournament (k=3),Arithmetic,Uniform,0.57030,0.02382,000.00004959,000.20325379,000.17841148,000.54805481,000.23
Tournament (k=3),Arithmetic,Uniform,0.43709,0.03686,000.00000000,000.06789418,000.06806755,000.33197212,000.21
Tournament (k=3),Arithmetic,Uniform,0.46371,0.11476,000.00000000,000.00463586,000.00479698,000.01710210,000.23
Tournament (k=3),Arithmetic,Uniform,0.47762,0.21153,000.00289917,000.07338266,000.06664658,000.17474067,000.26
Tournament (k=3),Arithmetic,Gaussian,0.94259,0.03095,000.00001144,000.01838222,000.01519775,000.21626914,000.27
Tournament (k=3),Arithmetic,Uniform,0.64187,0.19383,000.00161362,000.05537562,000.06405640,000.26308483,000.26
Tournament (k=3),Arithmetic,Uniform,0.45020,0.06795,000.00000381,000.02045360,000.02225304,000.09147377,000.19
Tournament (k=3),Arithmetic,Uniform,0.45020,0.16276,000.00000381,000.00325875,000.00378418,000.01714052,000.31
Tournament (k=3),Arithmetic,Gaussian,0.76642,0.04023,000.00000000,000.00389600,000.00346184,000.04254724,000.27
Tournament (k=3),Arithmetic,Uniform,0.91514,0.08092,000.00000763,000.01028948,000.00776672,000.17935291,000.48
Tournament (k=3),Arithmetic,Uniform,0.58741,0.12524,000.00000381,000.00088639,000.00080299,000.02033321,000.23
Tournament (k=3),Arithmetic,Uniform,0.70139,0.04023,000.00000000,000.06072225,000.06218910,000.18739101,000.19
Tournament (k=3),Arithmetic,Uniform,0.94259,0.04791,000.00001144,000.05617037,000.05612373,000.31609097,000.26
Tournament (k=3),Arithmetic,Uniform,0.72243,0.08092,000.00000000,000.00689292,000.00558090,000.06507277,000.45
Tournament (k=3),Arithmetic,Uniform,0.68096,0.07415,000.00000763,000.00899673,000.00871468,000.10138363,000.21
Tournament (k=3),Arithmetic,Uniform,0.41200,0.03378,000.00009155,000.09269409,000.08622360,000.30693477,000.23
Tournament (k=3),Arithmetic,Uniform,0.45020,0.02382,000.00011444,000.20523620,000.22837257,000.39751586,000.17
Tournament (k=3),Arithmetic,Uniform,0.66113,0.04023,000.00006866,000.06452270,000.05918121,000.27558035,000.24
Tournament (k=3),Arithmetic,Uniform,0.50670,0.08092,000.00000763,000.01040235,000.00985718,000.06254578,000.57
Tournament (k=3),Arithmetic,Uniform,0.62318,0.12524,000.00000000,000.00125909,000.00085449,000.09928317,000.29
Tournament (k=3),Arithmetic,Uniform,0.64187,0.08092,000.00001526,000.00736017,000.00631332,000.05652954,000.21
Tournament (k=3),Arithmetic,Uniform,0.62318,0.05228,000.00002670,000.03279037,000.03133965,000.14855410,000.19
Tournament (k=3),Arithmetic,Uniform,0.46371,0.12524,000.00000000,000.00319676,000.00245857,000.01288538,000.23
Tournament (k=3),Arithmetic,Uniform,0.70139,0.04390,000.00008011,000.03902440,000.03959846,000.22078903,000.18
Tournament (k=3),Arithmetic,Gaussian,0.94259,0.09637,000.00000000,000.00081758,000.00038147,000.10454358,000.32
Tournament (k=3),Arithmetic,Uniform,0.64187,0.21153,000.00138092,000.17686872,000.15306091,000.42936054,000.26
Tournament (k=3),Arithmetic,Uniform,0.94259,0.14915,000.00000000,000.00161281,000.00184059,000.02126746,000.31
Tournament (k=3),Arithmetic,Uniform,0.57030,0.08092,000.00000000,000.00831289,000.00933456,000.03642216,000.65
Tournament (k=3),Arithmetic,Uniform,0.86261,0.02837,000.00010300,000.16392188,000.15953636,000.37052190,000.24
Tournament (k=3),Arithmetic,Uniform,0.55369,0.11476,000.00000381,000.00227942,000.00229645,000.01809692,000.30
Tournament (k=3),Arithmetic,Uniform,0.50670,0.02382,000.00000381,000.23367921,000.20238876,000.54984522,000.17
Tournament (k=3),Arithmetic,Uniform,0.45020,0.02599,000.00003052,000.19052386,000.19748688,000.46419820,000.22
Tournament (k=3),Arithmetic,Uniform,0.76642,0.02599,000.00001144,000.14987250,000.14344788,000.40643689,000.17
Tournament (k=3),Arithmetic,Uniform,0.68096,0.08092,000.00001526,000.00769734,000.00689125,000.03217849,000.25
Tournament (k=3),Arithmetic,Uniform,0.94259,0.05228,000.00018692,000.08143892,000.06024933,000.40495861,000.32
Tournament (k=3),Arithmetic,Uniform,0.47762,0.02382,000.00000000,000.30718088,000.33953094,000.47074327,000.16
Tournament (k=3),Arithmetic,Uniform,0.49195,0.03378,000.00000000,000.11936975,000.13757706,000.28159705,000.22
Tournament (k=3),Arithmetic,Uniform,0.66113,0.13667,000.00000000,000.00069547,000.00052261,000.00550615,000.24
Tournament (k=3),Arithmetic,Uniform,0.47762,0.06226,000.00000000,000.03464909,000.03073883,000.20234080,000.20
Tournament (k=3),Arithmetic,Uniform,0.72243,0.08830,000.00000000,000.00530515,000.00545883,000.06801264,000.37
Tournament (k=3),Arithmetic,Uniform,0.74410,0.04390,000.00009918,000.03831649,000.03292847,000.26535070,000.25
Tournament (k=3),Arithmetic,Uniform,0.53756,0.07415,000.00001144,000.01986122,000.02239799,000.09008373,000.25
Tournament (k=3),Arithmetic,Uniform,0.58741,0.04791,000.00003433,000.04130149,000.04825974,000.21577145,000.24
Tournament (k=3),Arithmetic,Uniform,0.53756,0.21153,000.00087357,000.09510946,000.09556770,000.27052355,000.25
Tournament (k=3),Arithmetic,Uniform,0.83749,0.05228,000.00001526,000.03723583,000.02599144,000.19168690,000.27
Tournament (k=3),Arithmetic,Uniform,0.57030,0.25191,000.01750183,000.44677910,000.56148911,000.57794011,000.60
Tournament (k=3),Arithmetic,Uniform,0.91514,0.02837,000.00000763,000.17151666,000.18967628,000.48480165,000.17
Tournament (k=3),Arithmetic,Uniform,0.43709,0.11476,000.00001144,000.00527372,000.00580215,000.02561287,000.22
Tournament (k=3),Arithmetic,Uniform,0.60503,0.02183,000.00000000,000.26392072,000.25983429,000.54474390,000.17
Tournament (k=3),Arithmetic,Uniform,0.81310,0.03378,000.00000000,000.07116690,000.06294632,000.31134236,000.24
Tournament (k=3),Arithmetic,Uniform,0.47762,0.02599,000.00000000,000.18296795,000.17883492,000.45198414,000.21
Tournament (k=3),Arithmetic,Uniform,0.88849,0.04791,000.00008774,000.03727574,000.04143906,000.21262880,000.25
Tournament (k=3),Arithmetic,Uniform,0.70139,0.13667,000.00000381,000.00060248,000.00057030,000.02390903,000.23
Tournament (k=3),Arithmetic,Gaussian,0.94259,0.27490,000.00520325,000.09881978,000.10575867,000.34717295,000.73
Tournament (k=3),Arithmetic,Uniform,0.81310,0.08092,000.00000763,000.00973520,000.00854492,000.11005960,000.27
Tournament (k=3),Arithmetic,Uniform,0.50670,0.08830,000.00004578,000.00413198,000.00448227,000.01931068,000.46
Tournament (k=3),Arithmetic,Uniform,0.76642,0.09637,000.00000000,000.00346336,000.00305176,000.01422550,000.28
Tournament (k=3),Arithmetic,Uniform,0.72243,0.25191,000.04980087,000.69630843,000.82813454,000.82712013,000.41
Tournament (k=3),Arithmetic,Gaussian,0.97087,0.04791,000.00000000,000.01051803,000.00840569,000.30597767,000.28
Tournament (k=3),Arithmetic,Uniform,0.49195,0.12524,000.00001144,000.00310774,000.00310516,000.02431742,000.23
Tournament (k=3),Arithmetic,Uniform,0.86261,0.25191,000.03136444,000.75839674,001.05418015,000.72275311,000.63
Tournament (k=3),Arithmetic,Uniform,0.41200,0.03686,000.00003052,000.11138387,000.14668655,000.28777954,000.54
Tournament (k=3),Arithmetic,Uniform,0.53756,0.02183,000.00000000,000.20890966,000.17553711,000.53878713,000.23
Tournament (k=3),Arithmetic,Uniform,0.52190,0.13667,000.00000763,000.00155802,000.00165749,000.00696319,000.30
Tournament (k=3),Arithmetic,Uniform,0.55369,0.05228,000.00001907,000.02805037,000.02785301,000.20813480,000.25
Tournament (k=3),Arithmetic,Uniform,0.68096,0.02837,000.00000000,000.09457274,000.09774208,000.39821532,000.18
Tournament (k=3),Arithmetic,Uniform,0.60503,0.08092,000.00000000,000.00862455,000.00768280,000.06746722,000.21
Tournament (k=3),Arithmetic,Uniform,0.66113,0.04390,000.00000000,000.03690467,000.03223991,000.17771010,000.62
Tournament (k=3),Arithmetic,Uniform,0.60503,0.25191,000.01375580,000.52747667,000.55909729,000.63381308,000.30
Tournament (k=3),Arithmetic,Uniform,0.72243,0.03095,000.00039673,000.11131110,000.10040283,000.31784651,000.18
Tournament (k=3),Arithmetic,Uniform,0.42436,0.19383,000.00042725,000.01648960,000.01702118,000.07458438,000.93
Tournament (k=3),Arithmetic,Uniform,0.49195,0.03686,000.00003815,000.08400178,000.08391571,000.29837126,000.39
Tournament (k=3),Arithmetic,Uniform,0.78941,0.04791,000.00002289,000.03657789,000.03749275,000.16108425,000.18
Tournament (k=3),Arithmetic,Uniform,0.43709,0.12524,000.00000000,000.00264306,000.00207138,000.01886474,000.23
Tournament (k=3),Arithmetic,Uniform,0.50670,0.23084,000.00584412,000.18346810,000.20281410,000.34663373,000.27
Tournament (k=3),Arithmetic,Uniform,0.53756,0.23084,000.01206207,000.23484083,000.18447113,000.46560508,000.35
Tournament (k=3),Arithmetic,Uniform,0.58741,0.05228,000.00000000,000.02891035,000.03297043,000.20352007,000.37
Tournament (k=3),Arithmetic,Uniform,0.64187,0.02599,000.00000000,000.13382606,000.12296867,000.40401649,000.23
Tournament (k=3),Arithmetic,Uniform,0.45020,0.17762,000.00008392,000.00624290,000.00623131,000.03079477,000.81
Tournament (k=3),Arithmetic,Gaussian,0.86261,0.13667,000.00000000,000.00004115,000.00003815,000.00442903,000.35
Tournament (k=3),Arithmetic,Uniform,0.97087,0.02837,000.00000000,000.24312377,000.24841309,000.59421074,000.21
Tournament (k=3),Arithmetic,Uniform,0.72243,0.09637,000.00001144,000.00352197,000.00315094,000.01877670,000.23
Tournament (k=3),Arithmetic,Uniform,0.83749,0.05705,000.00000000,000.02094788,000.02090454,000.15252745,000.42
Tournament (k=3),Arithmetic,Gaussian,1.00000,0.03378,000.00003815,000.03819971,000.02578354,000.46792051,000.20
Tournament (k=3),Arithmetic,Uniform,0.81310,0.27490,000.09093475,000.87081242,001.12321663,000.70440722,000.29
Tournament (k=3),Arithmetic,Uniform,0.97087,0.08830,000.00001526,000.00688972,000.00700378,000.15730466,000.20
Tournament (k=3),Arithmetic,Uniform,0.43709,0.04023,000.00000381,000.06882830,000.07315636,000.20905311,000.18
Tournament (k=3),Arithmetic,Uniform,0.72243,0.27490,000.04253387,000.97751504,001.26140594,000.76132894,000.37
Tournament (k=3),Arithmetic,Uniform,0.57030,0.02599,000.00000000,000.23310013,000.23887825,000.38366580,000.23
Tournament (k=3),Arithmetic,Uniform,1.00000,0.05228,000.00000381,000.11936216,000.05846024,000.60560519,000.19
Tournament (k=3),Arithmetic,Uniform,0.91514,0.27490,000.02934647,001.28573012,001.55512238,000.81268030,000.33
Tournament (k=3),Arithmetic,Uniform,0.47762,0.23084,000.00495911,000.20538092,000.19408989,000.41054365,000.26
Tournament (k=3),Arithmetic,Gaussian,0.94259,0.03378,000.00000000,000.01285477,000.00991440,000.26274511,000.26
Tournament (k=3),Arithmetic,Uniform,0.74410,0.14915,000.00000000,000.00113254,000.00109100,000.01090314,000.24
Tournament (k=3),Arithmetic,Uniform,0.45020,0.07415,000.00000000,000.02177787,000.01600647,000.15254159,000.25
Tournament (k=3),Arithmetic,Uniform,0.97087,0.27490,000.02735138,001.06621075,001.21356583,000.79480946,000.33
Tournament (k=3),Arithmetic,Uniform,0.52190,0.05228,000.00002289,000.02952237,000.02567101,000.18854043,000.24
Tournament (k=3),Arithmetic,Uniform,0.58741,0.13667,000.00000000,000.00095148,000.00084305,000.00611443,000.24
Tournament (k=3),Arithmetic,Gaussian,0.76642,0.04390,000.00000000,000.00534229,000.00593758,000.02151882,000.28
Tournament (k=3),Arithmetic,Uniform,0.91514,0.08830,000.00000763,000.00529494,000.00403214,000.20983846,000.28
Tournament (k=3),Arithmetic,Gaussian,1.00000,0.11476,000.00000000,000.00029774,000.00017929,000.07818563,000.25
Tournament (k=3),Arithmetic,Uniform,0.83749,0.06226,000.00000000,000.02023583,000.02165031,000.19974712,000.27
Tournament (k=3),Arithmetic,Uniform,0.43709,0.04390,000.00001526,000.05363970,000.04482079,000.23128907,000.23
Tournament (k=3),Arithmetic,Uniform,0.97087,0.09637,000.00000000,000.00376005,000.00209618,000.23219261,000.26
Tournament (k=3),Arithmetic,Uniform,1.00000,0.05705,000.00000763,000.08302383,000.06384468,000.46216780,000.20
Tournament (k=3),Arithmetic,Gaussian,1.00000,0.03686,000.00000000,000.02116942,000.01405334,000.39571670,000.28
Tournament (k=3),Arithmetic,Gaussian,0.86261,0.14915,000.00000000,000.00009294,000.00007439,000.00257026,000.36
Tournament (k=3),Arithmetic,Uniform,0.57030,0.02837,000.00003815,000.13620658,000.12788773,000.40936658,000.25
Tournament (k=3),Arithmetic,Uniform,0.50670,0.02599,000.00000000,000.17649798,000.20214081,000.45438215,000.18
Tournament (k=3),Arithmetic,Uniform,0.81310,0.30000,000.12104034,001.36822557,001.50908279,000.90547484,000.32
Tournament (k=3),Arithmetic,Uniform,0.76642,0.02837,000.00028992,000.16136679,000.15041924,000.41353953,000.18
Tournament (k=3),Blend,Gaussian,0.40000,0.03095,000.00000000,000.00215120,000.00165939,000.02127235,000.20
Tournament (k=3),Arithmetic,Uniform,0.68096,0.08830,000.00001526,000.00594983,000.00575256,000.02456128,000.21
Tournament (k=3),Arithmetic,Uniform,0.72243,0.30000,000.04810333,001.32669330,001.62414551,000.83354664,000.34
Tournament (k=3),Arithmetic,Uniform,0.86261,0.03095,000.00002289,000.16213794,000.16544342,000.35551673,000.25
Tournament (k=3),Arithmetic,Uniform,1.00000,0.16276,000.00039291,000.00862660,000.00912666,000.05203098,000.28
Tournament (k=3),Arithmetic,Uniform,0.52190,0.05705,000.00000000,000.03406272,000.03372383,000.08936969,000.25
Tournament (k=3),Arithmetic,Uniform,0.94259,0.05705,000.00000763,000.04968519,000.04624176,000.41912737,000.20
Tournament (k=3),Arithmetic,Uniform,0.74410,0.16276,000.00004578,000.00424814,000.00417137,000.05826293,000.30
Tournament (k=3),Arithmetic,Uniform,0.91514,0.30000,000.14033508,001.48322582,001.73328781,000.95515555,000.32
Tournament (k=3),Arithmetic,Uniform,0.47762,0.25191,000.00469208,000.34355173,000.37991714,000.60588235,000.31
Tournament (k=3),Arithmetic,Uniform,0.47762,0.06795,000.00000763,000.02185435,000.01989365,000.09490070,000.21
Tournament (k=3),Arithmetic,Uniform,0.74410,0.04791,000.00000381,000.04930229,000.04111290,000.22160545,000.21
Tournament (k=3),Arithmetic,Uniform,0.66113,0.14915,000.00000381,000.00069528,000.00074196,000.00551067,000.25
Tournament (k=3),Arithmetic,Uniform,0.91514,0.03095,000.00164413,000.13510028,000.13799858,000.47166082,000.18
Tournament (k=3),Arithmetic,Uniform,0.53756,0.08092,000.00003815,000.01030655,000.00989532,000.08570389,000.27
Tournament (k=3),Arithmetic,Uniform,0.40000,0.17762,000.00006104,000.00722365,000.00868225,000.10657021,000.27
Tournament (k=3),Arithmetic,Uniform,0.81310,0.03686,000.00000000,000.08269338,000.09988403,000.25690076,000.18
Tournament (k=3),Arithmetic,Uniform,0.86261,0.08830,000.00000000,000.00588608,000.00455856,000.14283657,000.27
Tournament (k=3),Arithmetic,Uniform,0.83749,0.14915,000.00000000,000.00105672,000.00116730,000.00721641,000.23
Tournament (k=3),Arithmetic,Uniform,0.74410,0.02000,000.00001144,000.23213688,000.26493835,000.63431716,000.24
Tournament (k=3),Arithmetic,Uniform,0.68096,0.23084,000.01253128,000.37425217,000.32039833,000.51492041,000.32
Tournament (k=3),Arithmetic,Uniform,0.88849,0.14915,000.00000381,000.00142460,000.00130653,000.00964481,000.31
Tournament (k=3),Arithmetic,Uniform,0.76642,0.27490,000.04582214,000.94416887,001.20357704,000.84447795,000.35
Tournament (k=3),Arithmetic,Uniform,0.88849,0.05228,000.00002289,000.03636112,000.03981400,000.19695637,000.25
Tournament (k=3),Arithmetic,Uniform,0.70139,0.14915,000.00001526,000.00079198,000.00077057,000.00740483,000.26
Tournament (k=3),Arithmetic,Uniform,0.57030,0.27490,000.01285934,000.83529025,001.11860847,000.74919081,000.33
Tournament (k=3),Arithmetic,Uniform,0.81310,0.08830,000.00000763,000.00562506,000.00580025,000.02869433,000.26
Tournament (k=3),Arithmetic,Uniform,1.00000,0.17762,000.00149918,000.03123851,000.03185081,000.30439514,000.28
Tournament (k=3),Arithmetic,Uniform,0.91514,0.03378,000.00050735,000.12548113,000.10221863,000.44638875,000.19
Tournament (k=3),Arithmetic,Uniform,0.47762,0.27490,000.02686310,000.65445340,000.83288765,000.63514525,000.31
Tournament (k=3),Arithmetic,Uniform,0.78941,0.17762,000.00012970,000.02169895,000.02212715,000.19687261,000.25
Tournament (k=3),Arithmetic,Uniform,0.76642,0.10516,000.00001144,000.00196881,000.00180435,000.01756356,000.29
Tournament (k=3),Arithmetic,Uniform,0.49195,0.13667,000.00000000,000.00174689,000.00174522,000.01373747,000.24
Tournament (k=3),Arithmetic,Uniform,0.66113,0.16276,000.00000763,000.00211864,000.00219727,000.01319542,000.30
Tournament (k=3),Arithmetic,Uniform,0.53756,0.08830,000.00000763,000.01029186,000.00892830,000.03963727,000.27
Tournament (k=3),Arithmetic,Uniform,0.81310,0.04023,000.00005722,000.04690566,000.04396248,000.30284131,000.25
Tournament (k=3),Arithmetic,Uniform,0.68096,0.03095,000.00000763,000.12390284,000.09714699,000.39215958,000.18
Tournament (k=3),Arithmetic,Gaussian,0.94259,0.30000,000.00151062,000.23646322,000.23793983,000.49117419,000.42
Tournament (k=3),Arithmetic,Uniform,0.41200,0.04023,000.00000000,000.07610307,000.05828667,000.29317537,000.23
Tournament (k=3),Arithmetic,Uniform,0.53756,0.02382,000.00000000,000.25641090,000.26627922,000.48108581,000.23
Tournament (k=3),Arithmetic,Uniform,0.72243,0.03378,000.00000000,000.06013284,000.06490898,000.33685693,000.18
Tournament (k=3),Arithmetic,Uniform,0.60503,0.08830,000.00003815,000.00698247,000.00657654,000.03414951,000.21
Tournament (k=3),Arithmetic,Uniform,0.86261,0.27490,000.02960968,001.10592210,001.33876419,000.78226763,000.26
Tournament (k=3),Arithmetic,Uniform,0.55369,0.05705,000.00000763,000.02493286,000.02629089,000.12385333,000.25
Tournament (k=3),Arithmetic,Uniform,0.66113,0.04791,000.00000763,000.03085332,000.03222656,000.14033912,000.24
Tournament (k=3),Arithmetic,Uniform,0.78941,0.05228,000.00004578,000.02897353,000.02310753,000.19186696,000.19
Tournament (k=3),Arithmetic,Uniform,0.49195,0.04023,000.00000381,000.07928238,000.07706833,000.22068679,000.23
Tournament (k=3),Arithmetic,Uniform,0.52190,0.14915,000.00000000,000.00168662,000.00160217,000.01019579,000.31
Tournament (k=3),Arithmetic,Uniform,0.60503,0.27490,000.03231812,000.78497738,001.07194901,000.76316702,000.28
Tournament (k=3),Arithmetic,Uniform,0.42436,0.21153,000.00014877,000.06542382,000.07038689,000.27900442,000.32
Tournament (k=3),Arithmetic,Uniform,0.43709,0.13667,000.00000000,000.00222535,000.00207329,000.01177781,000.28
Tournament (k=3),Arithmetic,Uniform,0.68096,0.03378,000.00006485,000.10560951,000.08338928,000.41348910,000.18
Tournament (k=3),Arithmetic,Uniform,0.97087,0.03095,000.00004196,000.21242023,000.16663742,000.57667780,000.19
Tournament (k=3),Arithmetic,Uniform,0.58741,0.05705,000.00000381,000.03439283,000.03524208,000.14024819,000.25
Tournament (k=3),Arithmetic,Uniform,0.64187,0.08830,000.00000000,000.00583406,000.00533676,000.10626806,000.21
Tournament (k=3),Arithmetic,Uniform,0.53756,0.02599,000.00000000,000.19393010,000.15577316,000.46186185,000.23
Tournament (k=3),Arithmetic,Uniform,0.60503,0.09637,000.00000000,000.00495415,000.00417328,000.03829385,000.22
Tournament (k=3),Arithmetic,Uniform,0.53756,0.09637,000.00000763,000.00733232,000.00766945,000.03110383,000.27
Tournament (k=3),Arithmetic,Uniform,0.49195,0.14915,000.00000000,000.00187116,000.00188828,000.01317985,000.30
Tournament (k=3),Arithmetic,Uniform,0.76642,0.11476,000.00000381,000.00124550,000.00091171,000.02591141,000.34
Tournament (k=3),Arithmetic,Uniform,0.81310,0.04390,000.00000000,000.05393219,000.06056976,000.22543672,000.28
Tournament (k=3),Blend,Gaussian,0.40000,0.09637,000.00000000,000.00014105,000.00011063,000.00067923,000.26
Tournament (k=3),Arithmetic,Uniform,0.46371,0.13667,000.00000000,000.00165243,000.00128555,000.01199413,000.24
Tournament (k=3),Arithmetic,Uniform,0.78941,0.05705,000.00000000,000.01937318,000.01638985,000.12729086,000.20
Tournament (k=3),Arithmetic,Uniform,0.57030,0.08830,000.00002289,000.01052089,000.01127625,000.03855165,000.27
Tournament (k=3),Arithmetic,Uniform,0.86261,0.30000,000.14765167,001.38893175,001.57888031,000.87317383,000.34
Tournament (k=3),Arithmetic,Uniform,0.45020,0.08092,000.00000000,000.01701856,000.01456070,000.09616151,000.27
Tournament (k=3),Arithmetic,Uniform,0.94259,0.16276,000.00017548,000.00802126,000.00738907,000.04050395,000.32
Tournament (k=3),Arithmetic,Gaussian,0.94259,0.10516,000.00000000,000.00032768,000.00021935,000.05458320,000.33
Tournament (k=3),Arithmetic,Uniform,0.58741,0.14915,000.00000381,000.00087094,000.00088882,000.00765630,000.24
Tournament (k=3),Arithmetic,Uniform,0.50670,0.02837,000.00000763,000.12964287,000.12319565,000.41078863,000.17
Tournament (k=3),Arithmetic,Uniform,1.00000,0.06226,000.00003052,000.04151931,000.03052711,000.51147407,000.19
Tournament (k=3),Arithmetic,Uniform,0.57030,0.03095,000.00000000,000.08893089,000.07928085,000.33350891,000.18
Tournament (k=3),Arithmetic,Uniform,0.55369,0.12524,000.00000000,000.00102367,000.00098038,000.01047786,000.29
Tournament (k=3),Blend,Gaussian,0.41200,0.05705,000.00000000,000.00056381,000.00042725,000.00398421,000.26
Tournament (k=3),Arithmetic,Uniform,0.91514,0.09637,000.00000000,000.00316949,000.00234604,000.15230581,000.28
Tournament (k=3),Arithmetic,Uniform,0.53756,0.02837,000.00011063,000.14409938,000.14836693,000.37245059,000.24
Tournament (k=3),Arithmetic,Uniform,0.97087,0.30000,000.20621490,001.46868289,001.60569000,000.89157605,000.33
Tournament (k=3),Arithmetic,Uniform,0.83749,0.06795,000.00000000,000.01504879,000.01361465,000.10477163,000.26
Tournament (k=3),Arithmetic,Uniform,0.97087,0.10516,000.00000000,000.00120387,000.00071907,000.11111776,000.25
Tournament (k=3),Blend,Gaussian,0.40000,0.30000,000.01498032,000.15450105,000.18355179,000.24421664,000.33
Tournament (k=3),Arithmetic,Uniform,0.60503,0.10516,000.00000000,000.00299182,000.00300598,000.08062528,000.28
Tournament (k=3),Arithmetic,Uniform,0.83749,0.02000,000.00015259,000.25126815,000.24830818,000.52683467,000.17
Tournament (k=3),Arithmetic,Uniform,0.76642,0.03095,000.00000000,000.13771176,000.13531303,000.42392120,000.18
Tournament (k=3),Blend,Gaussian,0.41200,0.17762,000.00000763,000.00046816,000.00045204,000.00312005,000.32
Tournament (k=3),Arithmetic,Uniform,0.47762,0.02837,000.00000763,000.16674241,000.14659500,000.41225463,000.17
Tournament (k=3),Blend,Gaussian,0.42436,0.03378,000.00000000,000.00180969,000.00137138,000.02240868,000.22
Tournament (k=3),Arithmetic,Uniform,0.53756,0.10516,000.00000000,000.00392413,000.00424385,000.02976329,000.38
Tournament (k=3),Arithmetic,Uniform,0.94259,0.06226,000.00017166,000.03624797,000.03972054,000.33515316,000.19
Tournament (k=3),Arithmetic,Uniform,0.94259,0.17762,000.00128937,000.02678647,000.02543259,000.25735193,000.26
Tournament (k=3),Arithmetic,Gaussian,0.86261,0.16276,000.00000000,000.00023732,000.00021553,000.00178789,000.39
Tournament (k=3),Arithmetic,Uniform,0.58741,0.16276,000.00002289,000.00266089,000.00297928,000.03042693,000.27
Tournament (k=3),Arithmetic,Uniform,0.47762,0.07415,000.00000000,000.02237644,000.01881790,000.12673229,000.20
Tournament (k=3),Arithmetic,Uniform,0.86261,0.03378,000.00017548,000.10823846,000.11157417,000.39826432,000.25
Tournament (k=3),Arithmetic,Uniform,0.94259,0.02000,000.00116348,000.33442178,000.33221436,000.59909058,000.24
Tournament (k=3),Arithmetic,Gaussian,0.97087,0.05228,000.00000000,000.00722866,000.00730133,000.41268623,000.21
Tournament (k=3),Arithmetic,Uniform,0.50670,0.09637,000.00000000,000.00601754,000.00558662,000.05876271,000.27
Tournament (k=3),Arithmetic,Uniform,0.74410,0.05228,000.00003815,000.03458705,000.02592087,000.11614329,000.25
Tournament (k=3),Arithmetic,Uniform,0.74410,0.17762,000.00029373,000.02004390,000.02242279,000.17807885,000.31
Tournament (k=3),Blend,Gaussian,0.42436,0.10516,000.00000000,000.00008483,000.00008011,000.00518668,000.33
Tournament (k=3),Arithmetic,Uniform,0.74410,0.02183,000.00000763,000.34189636,000.43398094,000.52007496,000.24
Tournament (k=3),Arithmetic,Uniform,0.86261,0.09637,000.00001144,000.00462108,000.00366592,000.03732897,000.28
Tournament (k=3),Arithmetic,Uniform,0.83749,0.16276,000.00000381,000.00516119,000.00444412,000.04451619,000.24
Tournament (k=3),Arithmetic,Uniform,0.40000,0.19383,000.00092316,000.01916175,000.02107048,000.13274796,000.31
Tournament (k=3),Blend,Gaussian,0.43709,0.02000,000.00000000,000.00327811,000.00167084,000.16614002,000.21
Tournament (k=3),Arithmetic,Uniform,0.81310,0.09637,000.00000000,000.00297656,000.00211525,000.02894923,000.22
Tournament (k=3),Arithmetic,Uniform,0.91514,0.03686,000.00084305,000.09147687,000.09143829,000.30310494,000.18
Tournament (k=3),Arithmetic,Uniform,0.70139,0.16276,000.00003815,000.00401154,000.00378036,000.02326313,000.25
Tournament (k=3),Arithmetic,Uniform,0.88849,0.16276,000.00006866,000.00492711,000.00478554,000.12023942,000.31
Tournament (k=3),Arithmetic,Uniform,0.47762,0.08092,000.00000000,000.01613169,000.01520157,000.09347682,000.22
Tournament (k=3),Arithmetic,Uniform,0.68096,0.25191,000.02075195,000.67535466,000.83129692,000.68128252,000.33
Tournament (k=3),Arithmetic,Uniform,0.86261,0.03686,000.00014877,000.09776454,000.10190010,000.34657297,000.24
Tournament (k=3),Blend,Gaussian,0.43709,0.06226,000.00000000,000.00014162,000.00008392,000.00246188,000.22
Tournament (k=3),Arithmetic,Uniform,0.76642,0.30000,000.03458023,001.34253383,001.53707886,000.84215444,000.33
Tournament (k=3),Arithmetic,Uniform,0.94259,0.19383,000.00578308,000.09117756,000.11124611,000.33536968,000.30
Tournament (k=3),Arithmetic,Uniform,0.78941,0.19383,000.00073242,000.06470790,000.07420540,000.32679388,000.24
Tournament (k=3),Arithmetic,Uniform,0.58741,0.17762,000.00006104,000.01167269,000.01256561,000.08732148,000.31
Tournament (k=3),Arithmetic,Uniform,0.50670,0.25191,000.02283096,000.44042367,000.49245834,000.51813632,000.27
Tournament (k=3),Arithmetic,Gaussian,0.97087,0.02000,000.00006104,000.05007520,000.04583740,000.50226736,000.23
Tournament (k=3),Arithmetic,Uniform,0.64187,0.02837,000.00000000,000.11456843,000.10183716,000.45930940,000.23
Tournament (k=3),Arithmetic,Uniform,0.74410,0.05705,000.00000763,000.02757030,000.02037621,000.21858630,000.25
Tournament (k=3),Arithmetic,Uniform,0.62318,0.05705,000.00000381,000.02746024,000.03072739,000.09160703,000.19
Tournament (k=3),Arithmetic,Uniform,0.70139,0.04791,000.00000000,000.04324417,000.03898430,000.19381948,000.19
Tournament (k=3),Arithmetic,Uniform,0.72243,0.03686,000.00000000,000.08911939,000.07509804,000.29277286,000.21
Tournament (k=3),Arithmetic,Uniform,0.62318,0.13667,000.00000000,000.00078311,000.00069237,000.00982112,000.24
Tournament (k=3),Arithmetic,Uniform,0.45020,0.19383,000.00022888,000.02620711,000.02781868,000.11239524,000.31
Tournament (k=3),Arithmetic,Uniform,0.72243,0.10516,000.00000763,000.00217161,000.00240326,000.00908803,000.28
Tournament (k=3),Arithmetic,Uniform,0.55369,0.06226,000.00000000,000.02816544,000.02512741,000.15131783,000.26
Tournament (k=3),Arithmetic,Uniform,0.66113,0.05228,000.00003815,000.02372117,000.01935196,000.12707981,000.25
Tournament (k=3),Blend,Gaussian,0.42436,0.11476,000.00000000,000.00004907,000.00004387,000.00188936,000.39
Tournament (k=3),Arithmetic,Uniform,0.49195,0.04390,000.00006866,000.04594240,000.03933525,000.20454399,000.24
Tournament (k=3),Arithmetic,Uniform,0.64187,0.23084,000.00772858,000.28261608,000.29856873,000.55096287,000.32
Tournament (k=3),Arithmetic,Uniform,0.60503,0.30000,000.08411789,001.04070544,001.29184151,000.77561259,000.28
Tournament (k=3),Arithmetic,Uniform,0.64187,0.09637,000.00001526,000.00487862,000.00550461,000.02746955,000.22
Tournament (k=3),Arithmetic,Uniform,0.97087,0.03378,000.00060272,000.15185848,000.12956619,000.45655018,000.25
Tournament (k=3),Arithmetic,Uniform,0.78941,0.21153,000.01021576,000.15858622,000.16112518,000.45071295,000.27
Tournament (k=3),Arithmetic,Uniform,0.52190,0.16276,000.00001526,000.00174584,000.00163841,000.00878693,000.31
Tournament (k=3),Arithmetic,Uniform,0.62318,0.06226,000.00000000,000.01995664,000.01636124,000.11993381,000.21
Tournament (k=3),Arithmetic,Uniform,0.58741,0.06226,000.00000000,000.01982393,000.02578735,000.12420028,000.26
Tournament (k=3),Arithmetic,Uniform,0.42436,0.23084,000.00322723,000.13605170,000.14772415,000.38626638,000.32
Tournament (k=3),Arithmetic,Uniform,0.70139,0.05228,000.00000000,000.04076958,000.04594231,000.16136940,000.20
Tournament (k=3),Arithmetic,Uniform,0.58741,0.19383,000.00091553,000.03697767,000.04148865,000.16593929,000.30
Tournament (k=3),Arithmetic,Uniform,0.72243,0.04023,000.00004578,000.05247302,000.05998230,000.30606112,000.20
Tournament (k=3),Arithmetic,Uniform,0.49195,0.16276,000.00000763,000.00208621,000.00227928,000.01574212,000.31
Tournament (k=3),Arithmetic,Uniform,0.78941,0.06226,000.00000000,000.01540856,000.01399803,000.17997682,000.20
Tournament (k=3),Arithmetic,Uniform,0.81310,0.04791,000.00017548,000.03798323,000.04272842,000.20362595,000.26
Tournament (k=3),Blend,Gaussian,0.43709,0.19383,000.00003052,000.00241804,000.00249672,000.00846703,000.36
Tournament (k=3),Arithmetic,Uniform,0.46371,0.14915,000.00002289,000.00226264,000.00197983,000.00988436,000.25
Tournament (k=3),Arithmetic,Uniform,0.88849,0.02000,000.00029755,000.27155429,000.27328873,000.47783875,000.24
Tournament (k=3),Arithmetic,Uniform,0.60503,0.02382,000.00001526,000.21262255,000.20090675,000.49075416,000.18
Tournament (k=3),Arithmetic,Uniform,0.50670,0.03095,000.00000000,000.15151295,000.17944336,000.43312508,000.17
Tournament (k=3),Blend,Gaussian,0.40000,0.03378,000.00000000,000.00218697,000.00160980,000.02026007,000.20
Tournament (k=3),Blend,Gaussian,0.40000,0.10516,000.00000000,000.00004458,000.00003052,000.00036181,000.32
Tournament (k=3),Arithmetic,Uniform,0.57030,0.09637,000.00000763,000.00510755,000.00450516,000.03061046,000.28
Tournament (k=3),Arithmetic,Uniform,1.00000,0.06795,000.00000000,000.02895289,000.02969170,000.36215925,000.19
Tournament (k=3),Arithmetic,Uniform,0.68096,0.09637,000.00000381,000.00340791,000.00378609,000.07503961,000.22
Tournament (k=3),Blend,Gaussian,0.45020,0.03686,000.00000000,000.00105300,000.00060463,000.09990929,000.27
Tournament (k=3),Arithmetic,Uniform,1.00000,0.02000,000.00459290,000.44250935,000.52729225,000.62623280,000.21
Tournament (k=3),Arithmetic,Uniform,0.57030,0.03378,000.00000763,000.10565362,000.13068962,000.34627646,000.24
Tournament (k=3),Arithmetic,Uniform,0.58741,0.06795,000.00000000,000.01757669,000.01881409,000.15578324,000.27
Tournament (k=3),Arithmetic,Uniform,0.78941,0.06795,000.00000000,000.01449752,000.00917816,000.11524766,000.20
Tournament (k=3),Blend,Gaussian,0.41200,0.06226,000.00000000,000.00044107,000.00032997,000.00540275,000.28
Tournament (k=3),Arithmetic,Uniform,0.91514,0.10516,000.00000000,000.00133572,000.00143433,000.02968151,000.29
Tournament (k=3),Arithmetic,Uniform,0.81310,0.05228,000.00000000,000.02807703,000.02869987,000.12243182,000.23
Tournament (k=3),Arithmetic,Uniform,0.83749,0.02183,000.00057983,000.23830409,000.24903488,000.49963295,000.17
Tournament (k=3),Arithmetic,Uniform,0.58741,0.21153,000.00208664,000.09793749,000.10175896,000.40360126,000.32
Tournament (k=3),Blend,Gaussian,0.46371,0.02183,000.00000000,000.00376382,000.00277710,000.11066451,000.20
Tournament (k=3),Arithmetic,Uniform,0.76642,0.03378,000.00000000,000.10358830,000.10508156,000.35847390,000.18
Tournament (k=3),Blend,Gaussian,0.42436,0.03686,000.00000000,000.00128388,000.00101852,000.02486834,000.21
Tournament (k=3),Blend,Gaussian,0.45020,0.11476,000.00000000,000.00002999,000.00002670,000.00062545,000.33
Tournament (k=3),Arithmetic,Uniform,0.97087,0.11476,000.00000000,000.00068784,000.00067902,000.05873898,000.28
Tournament (k=3),Arithmetic,Uniform,0.88849,0.05705,000.00001144,000.03402476,000.03219223,000.24245694,000.26
Tournament (k=3),Arithmetic,Uniform,0.94259,0.06795,000.00016022,000.02197437,000.02095413,000.36759353,000.27
Tournament (k=3),Arithmetic,Uniform,0.57030,0.03686,000.00000381,000.06168213,000.06289864,000.25377613,000.21
Tournament (k=3),Blend,Gaussian,0.41200,0.19383,000.00003052,000.00236912,000.00261879,000.00784473,000.30
Tournament (k=3),Blend,Gaussian,0.46371,0.06795,000.00000000,000.00025825,000.00015259,000.00321718,000.29
Tournament (k=3),Arithmetic,Uniform,1.00000,0.19383,000.00551605,000.12448397,000.12484741,000.45193896,000.26
Tournament (k=3),Arithmetic,Uniform,0.78941,0.07415,000.00000000,000.01170945,000.01157761,000.07640827,000.22
Tournament (k=3),Blend,Gaussian,0.40000,0.11476,000.00000000,000.00006437,000.00004578,000.00079972,000.34
Tournament (k=3),Arithmetic,Uniform,0.57030,0.30000,000.06377411,001.16788924,001.45343781,000.70668870,000.33
Tournament (k=3),Arithmetic,Uniform,0.74410,0.02382,000.00007629,000.21267405,000.23518944,000.43807757,000.24
Tournament (k=3),Arithmetic,Uniform,0.91514,0.11476,000.00000381,000.00081100,000.00060081,000.00611970,000.28
Tournament (k=3),Blend,Gaussian,0.47762,0.04023,000.00000000,000.00095296,000.00059319,000.00890814,000.27
Tournament (k=3),Arithmetic,Uniform,0.66113,0.17762,000.00038147,000.01788740,000.01633453,000.11611450,000.25
Tournament (k=3),Arithmetic,Uniform,0.53756,0.25191,000.02529144,000.39236194,000.36315155,000.60454440,000.27
Tournament (k=3),Blend,Gaussian,0.41200,0.06795,000.00000000,000.00021172,000.00015068,000.00712819,000.31
Tournament (k=3),Blend,Gaussian,0.42436,0.04023,000.00000000,000.00074096,000.00052834,000.00828378,000.26
Tournament (k=3),Arithmetic,Uniform,0.83749,0.17762,000.00035858,000.02336779,000.01976204,000.22680072,000.25
Tournament (k=3),Arithmetic,Uniform,0.91514,0.04023,000.00000763,000.11516228,000.10772324,000.41483116,000.19
Tournament (k=3),Arithmetic,Uniform,0.74410,0.19383,000.00300598,000.04783902,000.04512787,000.39453766,000.32
Tournament (k=3),Blend,Gaussian,0.46371,0.21153,000.00033951,000.01142778,000.01256180,000.04489542,000.40
Tournament (k=3),Arithmetic,Uniform,0.81310,0.10516,000.00000381,000.00171700,000.00113869,000.01445229,000.22
Tournament (k=3),Blend,Gaussian,0.43709,0.02183,000.00000000,000.00400810,000.00318146,000.10753315,000.24
Tournament (k=3),Arithmetic,Uniform,0.47762,0.08830,000.00000000,000.01085653,000.00930786,000.04454186,000.22
Tournament (k=3),Blend,Gaussian,0.45020,0.12524,000.00000000,000.00002227,000.00000954,000.00096813,000.32
Tournament (k=3),Arithmetic,Uniform,0.70139,0.17762,000.00006866,000.01404381,000.01560593,000.19365060,000.25
Tournament (k=3),Arithmetic,Uniform,0.40000,0.21153,000.00098419,000.06378631,000.06704330,000.20930092,000.31
Tournament (k=3),Arithmetic,Uniform,0.88849,0.17762,000.00078583,000.03604078,000.03261757,000.27657664,000.26
Tournament (k=3),Arithmetic,Uniform,0.86261,0.04023,000.00000381,000.07233415,000.07685089,000.28763893,000.23
Tournament (k=3),Blend,Gaussian,0.43709,0.06795,000.00000000,000.00014820,000.00009537,000.00493588,000.23
Tournament (k=3),Arithmetic,Uniform,0.78941,0.02000,000.00001526,000.33910361,000.29774094,000.53902584,000.23
Tournament (k=3),Arithmetic,Uniform,0.68096,0.27490,000.03766632,001.01283121,001.22815514,000.74469179,000.33
Tournament (k=3),Arithmetic,Uniform,0.53756,0.27490,000.01972198,000.77609074,001.07050705,000.66088003,000.27
Tournament (k=3),Arithmetic,Uniform,0.66113,0.19383,000.00157547,000.04214811,000.04443932,000.25846925,000.29
Tournament (k=3),Arithmetic,Uniform,0.64187,0.03095,000.00001907,000.07394566,000.07169724,000.27761257,000.24
Tournament (k=3),Blend,Gaussian,0.41200,0.07415,000.00000000,000.00025434,000.00012970,000.00544261,000.30
Tournament (k=3),Arithmetic,Uniform,0.62318,0.14915,000.00000763,000.00082059,000.00087166,000.00777386,000.25
Tournament (k=3),Arithmetic,Uniform,0.74410,0.06226,000.00001144,000.01436801,000.01764297,000.09190501,000.26
Tournament (k=3),Arithmetic,Uniform,0.94259,0.21153,000.00676727,000.28089815,000.23863220,000.55113876,000.32
Tournament (k=3),Arithmetic,Uniform,0.66113,0.05705,000.00000000,000.03230472,000.03767776,000.19765469,000.19
Tournament (k=3),Blend,Gaussian,0.47762,0.12524,000.00000000,000.00000939,000.00000381,000.00051768,000.28
Tournament (k=3),Arithmetic,Uniform,0.76642,0.12524,000.00000000,000.00062637,000.00038910,000.00697924,000.29
Tournament (k=3),Blend,Gaussian,0.49195,0.02382,000.00000000,000.00247202,000.00180244,000.14333631,000.25
Tournament (k=3),Arithmetic,Uniform,0.72243,0.11476,000.00000000,000.00120339,000.00124359,000.00981675,000.29
Tournament (k=3),Arithmetic,Uniform,0.62318,0.02000,000.00000000,000.29499665,000.30087662,000.53382075,000.17
Tournament (k=3),Arithmetic,Uniform,0.45020,0.21153,000.00350189,000.06648254,000.07018089,000.27786320,000.32
Tournament (k=3),Arithmetic,Uniform,0.64187,0.10516,000.00000381,000.00325217,000.00299835,000.01576884,000.22
Tournament (k=3),Arithmetic,Uniform,0.88849,0.19383,000.00366974,000.10159545,000.12656403,000.34014514,000.29
Tournament (k=3),Blend,Gaussian,0.49195,0.07415,000.00000000,000.00013003,000.00010109,000.00188737,000.31
Tournament (k=3),Blend,Gaussian,0.42436,0.12524,000.00000000,000.00002823,000.00002289,000.00029827,000.34
Tournament (k=3),Arithmetic,Uniform,0.64187,0.25191,000.03804779,000.52568305,000.61626053,000.68462682,000.29
Tournament (k=3),Arithmetic,Uniform,0.97087,0.03686,000.00000381,000.20597610,000.19470406,000.53824329,000.25
Tournament (k=3),Arithmetic,Uniform,0.62318,0.06795,000.00000000,000.01093478,000.00921822,000.11271833,000.20
Tournament (k=3),Arithmetic,Uniform,0.70139,0.05705,000.00000000,000.02317181,000.02022171,000.12232813,000.19
Tournament (k=3),Arithmetic,Uniform,0.66113,0.06226,000.00000000,000.01654644,000.01513100,000.10302112,000.23
Tournament (k=3),Arithmetic,Uniform,0.53756,0.03095,000.00000000,000.06673517,000.06762886,000.36686453,000.23
Tournament (k=3),Arithmetic,Uniform,0.78941,0.23084,000.00858688,000.47565246,000.54045296,000.53146142,000.27
Tournament (k=3),Arithmetic,Uniform,0.60503,0.02599,000.00003815,000.16928521,000.17395973,000.43354890,000.17
Tournament (k=3),Arithmetic,Uniform,0.52190,0.17762,000.00003052,000.00459933,000.00451088,000.02087763,000.29
Tournament (k=3),Arithmetic,Uniform,0.83749,0.07415,000.00000000,000.00765419,000.00785255,000.06181640,000.26
Tournament (k=3),Blend,Gaussian,0.41200,0.02000,000.00000000,000.01011524,000.00600815,000.15008944,000.24
Tournament (k=3),Arithmetic,Uniform,0.60503,0.11476,000.00000381,000.00222034,000.00195312,000.01589126,000.22
Tournament (k=3),Arithmetic,Uniform,0.88849,0.02183,000.00000000,000.31956711,000.28547668,000.59042042,000.24
Tournament (k=3),Blend,Gaussian,0.41200,0.08092,000.00000000,000.00023351,000.00010872,000.00353219,000.34
Tournament (k=3),Blend,Gaussian,0.50670,0.04390,000.00000000,000.00060921,000.00028801,000.00594278,000.21
Tournament (k=3),Arithmetic,Uniform,1.00000,0.07415,000.00015259,000.02277689,000.01695251,000.36230427,000.20
Tournament (k=3),Blend,Gaussian,0.49195,0.23084,000.00276184,000.04294395,000.04874992,000.09947886,000.37
Tournament (k=3),Arithmetic,Uniform,0.70139,0.06226,000.00000000,000.02441931,000.02751923,000.09543054,000.19
Tournament (k=3),Arithmetic,Uniform,0.62318,0.07415,000.00000763,000.00950480,000.01031303,000.03862116,000.23
Tournament (k=3),Arithmetic,Uniform,0.64187,0.11476,000.00000381,000.00172071,000.00151634,000.01818659,000.28
Tournament (k=3),Arithmetic,Uniform,0.60503,0.02837,000.00001144,000.14038992,000.14587784,000.35259384,000.17
Tournament (k=3),Blend,Gaussian,0.43709,0.21153,000.00010681,000.00939264,000.01002121,000.02944216,000.36
Tournament (k=3),Blend,Gaussian,0.45020,0.04023,000.00000000,000.00086360,000.00051117,000.02381332,000.26
Tournament (k=3),Arithmetic,Uniform,0.88849,0.21153,000.01437378,000.23477808,000.24244690,000.51736277,000.29
Tournament (k=3),Arithmetic,Uniform,0.57030,0.10516,000.00000000,000.00408163,000.00428200,000.01873256,000.28
Tournament (k=3),Arithmetic,Gaussian,0.97087,0.05705,000.00000000,000.00537806,000.00532150,000.31300473,000.21
Tournament (k=3),Arithmetic,Uniform,0.94259,0.02183,000.00000763,000.26076260,000.28241158,000.49680099,000.24
Tournament (k=3),Arithmetic,Uniform,0.81310,0.05705,000.00001144,000.02444410,000.02625465,000.12914664,000.25
Tournament (k=3),Blend,Gaussian,0.41200,0.02183,000.00000000,000.00465050,000.00283051,000.15640758,000.22
Tournament (k=3),Arithmetic,Uniform,0.83749,0.08092,000.00000763,000.00930238,000.00993729,000.16283390,000.26
Tournament (k=3),Arithmetic,Uniform,0.97087,0.12524,000.00000000,000.00019855,000.00015450,000.00448281,000.22
Tournament (k=3),Blend,Gaussian,0.52190,0.02599,000.00000000,000.00153275,000.00043106,000.02169131,000.20
Tournament (k=3),Arithmetic,Uniform,0.86261,0.10516,000.00000000,000.00158625,000.00144958,000.01254065,000.28
Tournament (k=3),Blend,Gaussian,0.50670,0.13667,000.00000000,000.00000434,000.00000381,000.00008839,000.33
Tournament (k=3),Arithmetic,Uniform,0.88849,0.06226,000.00003052,000.02327976,000.02737427,000.23555867,000.26
Tournament (k=3),Arithmetic,Uniform,0.60503,0.03095,000.00029373,000.18214187,000.17777443,000.45208398,000.18
Tournament (k=3),Arithmetic,Uniform,0.94259,0.07415,000.00000381,000.01288400,000.01030159,000.22084568,000.26
Tournament (k=3),Arithmetic,Uniform,0.78941,0.08092,000.00000381,000.00723634,000.00700569,000.07336805,000.20
Tournament (k=3),Blend,Gaussian,0.41200,0.21153,000.00051498,000.00944748,000.00904846,000.02360398,000.30
Tournament (k=3),Blend,Gaussian,0.46371,0.07415,000.00000000,000.00018187,000.00011253,000.00267583,000.29
Tournament (k=3),Arithmetic,Uniform,0.74410,0.02599,000.00001144,000.23015733,000.28851891,000.44345835,000.24
Tournament (k=3),Arithmetic,Uniform,0.68096,0.03686,000.00000000,000.09547110,000.09492874,000.30616227,000.18
Tournament (k=3),Blend,Gaussian,0.45020,0.04390,000.00000000,000.00088687,000.00078964,000.00840654,000.26
Tournament (k=3),Arithmetic,Uniform,0.94259,0.02382,000.00047302,000.31665224,000.36790085,000.58838612,000.24
Tournament (k=3),Arithmetic,Uniform,1.00000,0.21153,000.00485229,000.34098840,000.29151344,000.61516351,000.30
Tournament (k=3),Arithmetic,Uniform,0.57030,0.11476,000.00000000,000.00251865,000.00222397,000.02637072,000.28
Tournament (k=3),Blend,Gaussian,0.47762,0.04390,000.00000000,000.00071030,000.00029755,000.01429275,000.26
Tournament (k=3),Blend,Gaussian,0.52190,0.08092,000.00000000,000.00005527,000.00001526,000.00175968,000.25
Tournament (k=3),Arithmetic,Uniform,0.91514,0.04390,000.00000000,000.07593336,000.06981659,000.41116601,000.18
Tournament (k=3),Arithmetic,Uniform,0.50670,0.27490,000.00997925,000.67428875,000.94351768,000.69940990,000.27
Tournament (k=3),Arithmetic,Uniform,0.83749,0.19383,000.00408173,000.07996879,000.08592224,000.38811836,000.24
Tournament (k=3),Arithmetic,Uniform,0.88849,0.23084,000.00165558,000.43504936,000.43784142,000.66513574,000.39
Tournament (k=3),Arithmetic,Uniform,0.81310,0.11476,000.00000000,000.00074229,000.00073624,000.04586657,000.22
Tournament (k=3),Blend,Gaussian,0.42436,0.04390,000.00000000,000.00072551,000.00040054,000.02377746,000.26
Tournament (k=3),Blend,Gaussian,0.43709,0.02382,000.00000000,000.00307245,000.00254631,000.17093198,000.23
Tournament (k=3),Blend,Gaussian,0.43709,0.23084,000.00112534,000.03144960,000.03458977,000.07718930,000.42
Tournament (k=3),Arithmetic,Uniform,0.86261,0.04390,000.00008392,000.09225345,000.07954407,000.34257543,000.19
Tournament (k=3),Arithmetic,Uniform,0.74410,0.21153,000.00830078,000.18474635,000.18440056,000.48575211,000.32
Tournament (k=3),Arithmetic,Uniform,0.49195,0.04791,000.00004578,000.04232163,000.04396629,000.23007786,000.24
Tournament (k=3),Blend,Gaussian,0.43709,0.07415,000.00000000,000.00021105,000.00013161,000.00137562,000.24
Tournament (k=3),Blend,Gaussian,0.46371,0.08092,000.00000000,000.00016284,000.00011253,000.00481400,000.27
Tournament (k=3),Blend,Gaussian,0.46371,0.23084,000.00110245,000.02864246,000.03236771,000.11478069,000.41
Tournament (k=3),Arithmetic,Uniform,0.64187,0.03378,000.00005722,000.08748908,000.08559227,000.40181270,000.24
Tournament (k=3),Blend,Gaussian,0.41200,0.23084,000.00092697,000.02968435,000.03482437,000.10428049,000.34
Tournament (k=3),Arithmetic,Uniform,0.72243,0.04390,000.00000763,000.05415259,000.04639626,000.24982180,000.19
Tournament (k=3),Arithmetic,Uniform,0.68096,0.30000,000.09465790,001.24813831,001.47686958,000.83178955,000.30
Tournament (k=3),Blend,Gaussian,0.52190,0.08830,000.00000000,000.00003486,000.00000763,000.00444112,000.27
Tournament (k=3),Blend,Gaussian,0.52190,0.25191,000.00348282,000.08201709,000.09505272,000.25089657,000.42
Tournament (k=3),Arithmetic,Uniform,1.00000,0.23084,000.01786041,000.49298787,000.46907616,000.72542554,000.35
Tournament (k=3),Arithmetic,Uniform,0.53756,0.30000,000.06125641,001.01589465,001.26731873,000.76927000,000.32
Tournament (k=3),Arithmetic,Uniform,0.62318,0.16276,000.00001144,000.00231161,000.00256538,000.02609610,000.26
Tournament (k=3),Blend,Gaussian,0.42436,0.04791,000.00000000,000.00074248,000.00059128,000.00575750,000.24
Tournament (k=3),Arithmetic,Uniform,0.74410,0.06795,000.00000000,000.00871964,000.00955200,000.10305585,000.26
Tournament (k=3),Arithmetic,Uniform,0.62318,0.02183,000.00000000,000.25210896,000.20841217,000.59702641,000.17
Tournament (k=3),Arithmetic,Uniform,0.55369,0.13667,000.00000000,000.00121307,000.00134087,000.00542824,000.31
Tournament (k=3),Arithmetic,Uniform,0.76642,0.13667,000.00000381,000.00057750,000.00050735,000.00745349,000.30
Tournament (k=3),Blend,Gaussian,0.49195,0.02599,000.00000000,000.00248346,000.00183487,000.17319131,000.26
Tournament (k=3),Blend,Gaussian,0.40000,0.03686,000.00000000,000.00220480,000.00152016,000.01258042,000.21
Tournament (k=3),Blend,Gaussian,0.47762,0.13667,000.00000000,000.00001187,000.00000763,000.00019447,000.37
Tournament (k=3),Arithmetic,Uniform,0.72243,0.12524,000.00000000,000.00092883,000.00088120,000.00439914,000.30
Tournament (k=3),Blend,Gaussian,0.53756,0.04791,000.00000000,000.00014091,000.00006104,000.00668108,000.22
Tournament (k=3),Arithmetic,Uniform,0.66113,0.06795,000.00003052,000.01746368,000.01767159,000.07423171,000.20
Tournament (k=3),Arithmetic,Uniform,0.70139,0.02000,000.00000381,000.33349466,000.36220741,000.49016336,000.23
Tournament (k=3),Arithmetic,Uniform,0.45020,0.23084,000.00372314,000.15329885,000.17403030,000.36284801,000.32
Tournament (k=3),Arithmetic,Uniform,0.83749,0.02382,000.00000000,000.33147898,000.37034225,000.51176202,000.18
Tournament (k=3),Arithmetic,Uniform,0.64187,0.27490,000.09879303,000.88703775,001.15815544,000.73235679,000.26
Tournament (k=3),Arithmetic,Uniform,0.68096,0.10516,000.00001526,000.00248976,000.00228119,000.01003612,000.27
Tournament (k=3),Arithmetic,Uniform,0.53756,0.03378,000.00000000,000.11041079,000.09077263,000.38952491,000.23
Tournament (k=3),Blend,Gaussian,0.46371,0.02382,000.00000000,000.00224380,000.00145149,000.03771181,000.19
Tournament (k=3),Blend,Gaussian,0.49195,0.08092,000.00000000,000.00007114,000.00004005,000.00258802,000.32
Tournament (k=3),Arithmetic,Uniform,0.78941,0.25191,000.02542877,000.77994591,001.07648087,000.73281103,000.26
Tournament (k=3),Blend,Gaussian,0.42436,0.13667,000.00000000,000.00003018,000.00002670,000.00143658,000.36
Tournament (k=3),Arithmetic,Uniform,0.55369,0.14915,000.00000763,000.00122571,000.00127411,000.01139059,000.29
Tournament (k=3),Arithmetic,Uniform,1.00000,0.25191,000.03692627,000.94367427,001.22408485,000.80628163,000.34
Tournament (k=3),Arithmetic,Uniform,0.88849,0.02382,000.00066757,000.24272123,000.20657730,000.51620358,000.24
Tournament (k=3),Arithmetic,Uniform,1.00000,0.08092,000.00000000,000.01776705,000.01118851,000.41641697,000.20
Tournament (k=3),Arithmetic,Uniform,0.60503,0.12524,000.00000000,000.00136394,000.00126839,000.01584594,000.29
Tournament (k=3),Blend,Gaussian,0.50670,0.04791,000.00000000,000.00053391,000.00026321,000.00810325,000.22
Tournament (k=3),Arithmetic,Uniform,0.76642,0.14915,000.00000381,000.00113935,000.00096321,000.00520829,000.32
Tournament (k=3),Arithmetic,Uniform,0.70139,0.06795,000.00002670,000.01359296,000.01215172,000.05761662,000.19
Tournament (k=3),Arithmetic,Uniform,0.83749,0.02599,000.00000763,000.19506288,000.16593361,000.55026102,000.18
Tournament (k=3),Blend,Gaussian,0.52190,0.27490,000.00695801,000.16195674,000.17982101,000.29521471,000.46
Tournament (k=3),Blend,Gaussian,0.41200,0.08830,000.00000000,000.00015135,000.00011444,000.00129691,000.31
Tournament (k=3),Arithmetic,Uniform,0.58741,0.02000,000.00010681,000.30716592,000.26581192,000.54101199,000.23
Tournament (k=3),Blend,Gaussian,0.41200,0.02382,000.00000000,000.00408678,000.00194168,000.14371651,000.19
Tournament (k=3),Arithmetic,Gaussian,0.97087,0.06226,000.00003815,000.00491524,000.00448036,000.34794828,000.22
Tournament (k=3),Blend,Gaussian,0.53756,0.14915,000.00000000,000.00000896,000.00000763,000.00026837,000.30
Tournament (k=3),Arithmetic,Uniform,0.81310,0.06226,000.00000000,000.01698632,000.01733398,000.09284417,000.26
Tournament (k=3),Arithmetic,Uniform,0.91514,0.12524,000.00000000,000.00040312,000.00025558,000.00581865,000.30
Tournament (k=3),Arithmetic,Uniform,0.60503,0.03378,000.00000000,000.10772166,000.12122536,000.37782419,000.18
Tournament (k=3),Arithmetic,Uniform,0.97087,0.13667,000.00000000,000.00062299,000.00050354,000.00463609,000.23
Tournament (k=3),Blend,Gaussian,0.40000,0.12524,000.00000000,000.00005169,000.00003815,000.00050358,000.34
Tournament (k=3),Arithmetic,Uniform,0.83749,0.08830,000.00000763,000.00435486,000.00513840,000.10071909,000.28
Tournament (k=3),Arithmetic,Uniform,0.78941,0.08830,000.00000000,000.00535207,000.00614738,000.10643698,000.20
Tournament (k=3),Blend,Gaussian,0.52190,0.02837,000.00000000,000.00165591,000.00076294,000.13965341,000.26
Tournament (k=3),Arithmetic,Uniform,0.74410,0.02837,000.00000381,000.10973148,000.09457207,000.36075616,000.18
Tournament (k=3),Blend,Gaussian,0.49195,0.25191,000.00860596,000.08260141,000.08881569,000.20498851,000.43
Tournament (k=3),Arithmetic,Uniform,0.86261,0.11476,000.00000000,000.00070310,000.00074196,000.02586060,000.29
Tournament (k=3),Arithmetic,Uniform,0.88849,0.06795,000.00001526,000.01303492,000.01511383,000.07171560,000.27
Tournament (k=3),Blend,Gaussian,0.45020,0.13667,000.00000000,000.00001702,000.00000763,000.00047517,000.27
Tournament (k=3),Blend,Gaussian,0.41200,0.02599,000.00000000,000.00289798,000.00182343,000.03258924,000.21
Tournament (k=3),Arithmetic,Uniform,0.76642,0.16276,000.00002289,000.00350437,000.00303459,000.05810760,000.30
Tournament (k=3),Blend,Gaussian,0.55369,0.02837,000.00000000,000.00108471,000.00047874,000.01131207,000.26
Tournament (k=3),Blend,Gaussian,0.41200,0.09637,000.00000000,000.00008516,000.00004196,000.00176067,000.28
Tournament (k=3),Blend,Gaussian,0.50670,0.14915,000.00000000,000.00001163,000.00000763,000.00007801,000.38
Tournament (k=3),Arithmetic,Uniform,0.91514,0.04791,000.00022888,000.07414170,000.06929016,000.36398625,000.18
Tournament (k=3),Blend,Gaussian,0.45020,0.04791,000.00000000,000.00046883,000.00032806,000.00672159,000.28
Tournament (k=3),Blend,Gaussian,0.47762,0.04791,000.00000000,000.00050964,000.00034714,000.00555414,000.22
Tournament (k=3),Arithmetic,Uniform,0.78941,0.02183,000.00016403,000.33223635,000.35751152,000.53455520,000.24
Tournament (k=3),Blend,Gaussian,0.55369,0.08830,000.00000000,000.00001216,000.00000381,000.00105993,000.30
Tournament (k=3),Arithmetic,Uniform,0.83749,0.21153,000.00185394,000.21077709,000.24784088,000.42335030,000.25
Tournament (k=3),Arithmetic,Uniform,0.66113,0.21153,000.00857925,000.12841754,000.12725449,000.44947505,000.29
Tournament (k=3),Blend,Gaussian,0.53756,0.16276,000.00000000,000.00009136,000.00010109,000.00062849,000.36
Tournament (k=3),Arithmetic,Uniform,0.50670,0.30000,000.07440948,001.02726865,001.19892502,000.77480632,000.28
Tournament (k=3),Arithmetic,Uniform,0.81310,0.12524,000.00000000,000.00071173,000.00057220,000.01071231,000.26
Tournament (k=3),Blend,Gaussian,0.43709,0.02599,000.00000000,000.00263920,000.00147247,000.02478122,000.24
Tournament (k=3),Blend,Gaussian,0.41200,0.02837,000.00000000,000.00434022,000.00214577,000.10515320,000.24
Tournament (k=3),Arithmetic,Uniform,0.88849,0.25191,000.03345490,000.76589561,000.97214508,000.78725141,000.32
Tournament (k=3),Arithmetic,Uniform,0.94259,0.23084,000.02329254,000.45222259,000.46332359,000.69571406,000.32
Tournament (k=3),Arithmetic,Uniform,0.72243,0.04791,000.00000000,000.04117832,000.05209541,000.22520208,000.18
Tournament (k=3),Arithmetic,Uniform,0.49195,0.05228,000.00001526,000.03423142,000.03914070,000.20207226,000.24
Tournament (k=3),Arithmetic,Uniform,0.91514,0.05228,000.00020218,000.04090037,000.04069901,000.33455646,000.20
Tournament (k=3),Arithmetic,Uniform,0.74410,0.23084,000.01248932,000.39454761,000.37292480,000.59614956,000.29
Tournament (k=3),Arithmetic,Uniform,0.64187,0.03686,000.00000000,000.05142222,000.05648994,000.31219366,000.22
Tournament (k=3),Blend,Gaussian,0.43709,0.08092,000.00000000,000.00015264,000.00008392,000.00159279,000.25
Tournament (k=3),Blend,Gaussian,0.46371,0.08830,000.00000000,000.00005736,000.00004578,000.00116038,000.27
Tournament (k=3),Arithmetic,Uniform,1.00000,0.02183,000.00007629,000.50888622,000.66089058,000.69591206,000.18
Tournament (k=3),Blend,Gaussian,0.55369,0.27490,000.00290680,000.18479094,000.19743919,000.34348750,000.48
Tournament (k=3),Blend,Gaussian,0.47762,0.05228,000.00000000,000.00034990,000.00027275,000.01616024,000.26
Tournament (k=3),Arithmetic,Uniform,0.97087,0.04023,000.00034332,000.12378673,000.10667229,000.44191539,000.25
Tournament (k=3),Arithmetic,Uniform,0.62318,0.02382,000.00000000,000.19504814,000.17963219,000.43769333,000.17
Tournament (k=3),Arithmetic,Uniform,0.62318,0.17762,000.00008774,000.01135683,000.01016426,000.11304754,000.27
Tournament (k=3),Arithmetic,Uniform,0.74410,0.07415,000.00000000,000.00849099,000.00855255,000.05089968,000.27
Tournament (k=3),Blend,Gaussian,0.42436,0.05228,000.00000000,000.00058136,000.00042725,000.00980435,000.28
Tournament (k=3),Blend,Gaussian,0.57030,0.05228,000.00000000,000.00012426,000.00005341,000.00240426,000.23
Tournament (k=3),Blend,Gaussian,0.40000,0.04023,000.00000000,000.00197315,000.00143433,000.01765563,000.21
Tournament (k=3),Blend,Gaussian,0.53756,0.05228,000.00000000,000.00012894,000.00007629,000.00820756,000.23
Tournament (k=3),Blend,Gaussian,0.43709,0.25191,000.00078583,000.07417230,000.07971764,000.18559673,000.57
Tournament (k=3),Blend,Gaussian,0.49195,0.02837,000.00000000,000.00110784,000.00092506,000.03777130,000.27
Tournament (k=3),Blend,Gaussian,0.55369,0.09637,000.00000000,000.00000525,000.00000000,000.00041587,000.41
Tournament (k=3),Arithmetic,Uniform,0.70139,0.02183,000.00003815,000.26761395,000.29589462,000.49303821,000.24
Tournament (k=3),Arithmetic,Uniform,0.64187,0.12524,000.00000000,000.00122433,000.00104904,000.00781052,000.24
Tournament (k=3),Arithmetic,Uniform,0.66113,0.07415,000.00000000,000.01119132,000.01129150,000.04467588,000.27
Tournament (k=3),Blend,Gaussian,0.46371,0.02599,000.00000000,000.00180635,000.00085258,000.06099903,000.21
Tournament (k=3),Arithmetic,Uniform,0.72243,0.13667,000.00000000,000.00035310,000.00035477,000.00369699,000.31
Tournament (k=3),Arithmetic,Uniform,0.68096,0.11476,000.00000763,000.00141740,000.00155830,000.00914630,000.24
Tournament (k=3),Blend,Gaussian,0.47762,0.14915,000.00000000,000.00001698,000.00001526,000.00025577,000.36
Tournament (k=3),Arithmetic,Uniform,0.78941,0.27490,000.04142380,000.97106969,001.25066948,000.70050895,000.27
Tournament (k=3),Arithmetic,Uniform,0.94259,0.25191,000.00524521,000.77704412,001.13001633,000.81632614,000.40
Tournament (k=3),Arithmetic,Uniform,0.45020,0.25191,000.00513077,000.32681674,000.34215927,000.58001834,000.33
Tournament (k=3),Blend,Gaussian,0.40000,0.04390,000.00000000,000.00165939,000.00114059,000.01956389,000.22
Tournament (k=3),Blend,Gaussian,0.49195,0.08830,000.00000000,000.00007730,000.00004005,000.00299377,000.32
Tournament (k=3),Arithmetic,Uniform,0.64187,0.30000,000.07189941,001.09880507,001.31747246,000.84835076,000.35
Tournament (k=3),Blend,Gaussian,0.57030,0.05705,000.00000000,000.00006647,000.00002289,000.00800243,000.24
Tournament (k=3),Blend,Gaussian,0.53756,0.17762,000.00000000,000.00076590,000.00075722,000.00398243,000.58
Tournament (k=3),Arithmetic,Uniform,0.74410,0.08092,000.00001144,000.01034961,000.01224327,000.12269049,000.29
Tournament (k=3),Blend,Gaussian,0.57030,0.16276,000.00000000,000.00008574,000.00008392,000.00151051,000.39
Tournament (k=3),Arithmetic,Uniform,1.00000,0.08830,000.00001526,000.00676513,000.00516701,000.16673534,000.21
Tournament (k=3),Blend,Gaussian,0.58741,0.03095,000.00000000,000.00059361,000.00037003,000.13977613,000.21
Tournament (k=3),Blend,Gaussian,0.42436,0.14915,000.00000000,000.00003071,000.00002289,000.00096892,000.36
Tournament (k=3),Blend,Gaussian,0.53756,0.05705,000.00000000,000.00024652,000.00008583,000.00567396,000.27
Tournament (k=3),Blend,Gaussian,0.50670,0.05228,000.00000000,000.00033159,000.00013161,000.00351722,000.22
Tournament (k=3),Arithmetic,Uniform,0.70139,0.07415,000.00002289,000.01376123,000.01157570,000.06791293,000.20
Tournament (k=3),Arithmetic,Uniform,0.70139,0.02382,000.00009918,000.21421714,000.20595551,000.44625220,000.24
Tournament (k=3),Arithmetic,Uniform,0.83749,0.02837,000.00000000,000.10249009,000.11147499,000.36795118,000.17
Tournament (k=3),Arithmetic,Uniform,0.94259,0.08092,000.00001144,000.01229343,000.01308632,000.21948799,000.27
Tournament (k=3),Arithmetic,Uniform,0.68096,0.04023,000.00000763,000.06372485,000.06251526,000.23700054,000.19
Tournament (k=3),Arithmetic,Uniform,0.58741,0.02183,000.00003052,000.20657682,000.26791763,000.42988315,000.23
Tournament (k=3),Arithmetic,Uniform,0.60503,0.03686,000.00000381,000.05905175,000.05585098,000.24321063,000.23
Tournament (k=3),Arithmetic,Uniform,0.94259,0.02599,000.00040436,000.19878407,000.18843079,000.49015874,000.24
Tournament (k=3),Arithmetic,Uniform,0.70139,0.19383,000.00265121,000.05066171,000.04532623,000.32017609,000.25
Tournament (k=3),Blend,Gaussian,0.43709,0.27490,000.00211334,000.11272979,000.12690926,000.19589044,000.41
Tournament (k=3),Arithmetic,Uniform,0.74410,0.03095,000.00001144,000.14791512,000.15060043,000.39822701,000.18
Tournament (k=3),Arithmetic,Uniform,0.78941,0.09637,000.00000000,000.00296526,000.00291252,000.02057949,000.21
Tournament (k=3),Arithmetic,Uniform,0.91514,0.13667,000.00000000,000.00060148,000.00052643,000.00876542,000.30
Tournament (k=3),Arithmetic,Uniform,0.70139,0.08092,000.00000763,000.00830016,000.00834274,000.05266455,000.20
Tournament (k=3),Arithmetic,Uniform,0.70139,0.02599,000.00000000,000.09317169,000.09721947,000.41070941,000.22
Tournament (k=3),Blend,Gaussian,0.50670,0.05705,000.00000000,000.00036697,000.00025940,000.01139509,000.24
Tournament (k=3),Blend,Gaussian,0.52190,0.03095,000.00000000,000.00081935,000.00040245,000.09981707,000.26
Tournament (k=3),Blend,Gaussian,0.52190,0.30000,000.01692200,000.18346839,000.19826126,000.35632938,000.44
Tournament (k=3),Blend,Gaussian,0.40000,0.13667,000.00000000,000.00003858,000.00003433,000.00120220,000.35
Tournament (k=3),Blend,Gaussian,0.45020,0.14915,000.00000000,000.00003920,000.00003052,000.00056255,000.29
Tournament (k=3),Blend,Gaussian,0.53756,0.19383,000.00004578,000.00509725,000.00573730,000.02176353,000.39
Tournament (k=3),Arithmetic,Uniform,0.86261,0.04791,000.00000763,000.04417358,000.04949951,000.22573616,000.26
Tournament (k=3),Blend,Gaussian,0.55369,0.03095,000.00000000,000.00105505,000.00052071,000.10131163,000.27
Tournament (k=3),Blend,Gaussian,0.45020,0.05228,000.00000000,000.00105543,000.00079727,000.00988432,000.24
Tournament (k=3),Blend,Gaussian,0.57030,0.17762,000.00001144,000.00098433,000.00096321,000.00484705,000.45
Tournament (k=3),Arithmetic,Uniform,0.76642,0.17762,000.00074387,000.01580586,000.01649094,000.23218226,000.33
Tournament (k=3),Arithmetic,Uniform,0.55369,0.02000,000.00000000,000.32184824,000.32838440,000.48619196,000.19
Tournament (k=3),Blend,Gaussian,0.41200,0.10516,000.00000000,000.00008011,000.00006485,000.00159485,000.31
Tournament (k=3),Blend,Gaussian,0.49195,0.27490,000.00209045,000.13080153,000.15474319,000.22721876,000.45
Tournament (k=3),Arithmetic,Uniform,0.78941,0.02382,000.00001144,000.18498974,000.17592621,000.43483391,000.25
Tournament (k=3),Arithmetic,Uniform,0.83749,0.23084,000.01480103,000.42255917,000.34644699,000.70300281,000.26
Tournament (k=3),Arithmetic,Uniform,0.66113,0.23084,000.01289749,000.27929002,000.30411339,000.48117203,000.27
Tournament (k=3),Blend,Gaussian,0.52190,0.09637,000.00000000,000.00002961,000.00001717,000.00190659,000.27
Tournament (k=3),Arithmetic,Uniform,0.76642,0.03686,000.00000381,000.07702608,000.09357071,000.30155233,000.18
Tournament (k=3),Arithmetic,Uniform,0.72243,0.05228,000.00000381,000.01690469,000.01429749,000.13544299,000.19
Tournament (k=3),Blend,Gaussian,0.41200,0.25191,000.00291443,000.05668807,000.07159805,000.08116660,000.34
Tournament (k=3),Blend,Gaussian,0.43709,0.02837,000.00000000,000.00331116,000.00177956,000.10293705,000.26
Tournament (k=3),Blend,Gaussian,0.50670,0.06226,000.00000000,000.00025182,000.00018883,000.00291531,000.32
Tournament (k=3),Blend,Gaussian,0.41200,0.03095,000.00000000,000.00164018,000.00124931,000.03798265,000.27
Tournament (k=3),Blend,Gaussian,0.50670,0.16276,000.00000000,000.00004864,000.00004578,000.00091205,000.45
Tournament (k=3),Arithmetic,Uniform,0.81310,0.13667,000.00000000,000.00066338,000.00055313,000.00651861,000.31
Tournament (k=3),Arithmetic,Uniform,0.88849,0.27490,000.06610107,001.08869183,001.30268860,000.85647076,000.29
Tournament (k=3),Blend,Gaussian,0.46371,0.25191,000.00424194,000.06639385,000.08120728,000.17821412,000.45
Tournament (k=3),Blend,Gaussian,0.55369,0.03378,000.00000000,000.00086031,000.00027466,000.00972688,000.27
Tournament (k=3),Arithmetic,Uniform,0.64187,0.04023,000.00000000,000.04972529,000.05375290,000.24945089,000.26
Tournament (k=3),Blend,Gaussian,0.43709,0.08830,000.00000000,000.00011101,000.00004959,000.00171118,000.26
Tournament (k=3),Blend,Gaussian,0.45020,0.05705,000.00000000,000.00039687,000.00019836,000.00755476,000.31
Tournament (k=3),Arithmetic,Uniform,1.00000,0.02382,000.00028229,000.39060369,000.41894150,000.77711451,000.27
Tournament (k=3),Arithmetic,Uniform,0.97087,0.04390,000.00003433,000.11065698,000.09825897,000.53414965,000.27
Tournament (k=3),Arithmetic,Uniform,0.62318,0.19383,000.00029755,000.04217701,000.05377960,000.20550846,000.27
Tournament (k=3),Arithmetic,Uniform,0.74410,0.25191,000.00285339,000.66965503,000.98539543,000.74295133,000.34
Tournament (k=3),Blend,Gaussian,0.58741,0.09637,000.00000000,000.00000396,000.00000000,000.00030963,000.27
Tournament (k=3),Blend,Gaussian,0.47762,0.05705,000.00000000,000.00046496,000.00016594,000.00315546,000.29
Tournament (k=3),Blend,Gaussian,0.49195,0.03095,000.00000000,000.00141711,000.00059891,000.03181151,000.20
Tournament (k=3),Blend,Gaussian,0.43709,0.03095,000.00000000,000.00185604,000.00107956,000.02309983,000.23
Tournament (k=3),Blend,Gaussian,0.42436,0.05705,000.00000000,000.00068073,000.00034142,000.01970434,000.22
Tournament (k=3),Blend,Gaussian,0.41200,0.11476,000.00000000,000.00005798,000.00004005,000.00114993,000.38
Tournament (k=3),Arithmetic,Uniform,0.88849,0.02599,000.00010681,000.22674108,000.22124863,000.49453419,000.20
Tournament (k=3),Arithmetic,Uniform,0.55369,0.16276,000.00003815,000.00199242,000.00220108,000.01507846,000.30
Tournament (k=3),Blend,Gaussian,0.50670,0.06795,000.00000000,000.00012436,000.00005341,000.00142651,000.30
Tournament (k=3),Arithmetic,Uniform,0.64187,0.13667,000.00000000,000.00074382,000.00059128,000.00571195,000.25
Tournament (k=3),Blend,Gaussian,0.46371,0.02837,000.00000000,000.00308480,000.00185013,000.10430006,000.20
Tournament (k=3),Blend,Gaussian,0.55369,0.30000,000.00885010,000.25193915,000.30164719,000.43356824,000.46
Tournament (k=3),Arithmetic,Uniform,1.00000,0.27490,000.05948639,001.06441557,001.34939575,000.87287474,000.33
Tournament (k=3),Blend,Gaussian,0.55369,0.10516,000.00000000,000.00001135,000.00000572,000.00058950,000.32
Tournament (k=3),Arithmetic,Uniform,1.00000,0.02599,000.00112534,000.35040611,000.29877090,000.58565974,000.21
Tournament (k=3),Arithmetic,Uniform,0.66113,0.08092,000.00000000,000.00636721,000.00718880,000.07700001,000.27
Tournament (k=3),Arithmetic,Uniform,0.66113,0.02000,000.00005341,000.36213231,000.35903549,000.57268322,000.17
Tournament (k=3),Blend,Gaussian,0.40000,0.04791,000.00000000,000.00164604,000.00068092,000.01831231,000.20
Tournament (k=3),Arithmetic,Uniform,0.72243,0.14915,000.00000763,000.00069947,000.00065613,000.00754213,000.28
Tournament (k=3),Blend,Gaussian,0.57030,0.06226,000.00000000,000.00005918,000.00002670,000.00305511,000.25
Tournament (k=3),Arithmetic,Uniform,1.00000,0.09637,000.00001144,000.00285249,000.00253487,000.19760987,000.20
Tournament (k=3),Arithmetic,Uniform,0.94259,0.27490,000.03796768,001.07523024,001.36506271,000.90315098,000.33
Tournament (k=3),Arithmetic,Uniform,0.62318,0.21153,000.00318146,000.10094657,000.11419106,000.34850782,000.33
Tournament (k=3),Blend,Gaussian,0.58741,0.03378,000.00000000,000.00015578,000.00012016,000.02262683,000.21
Tournament (k=3),Blend,Gaussian,0.49195,0.09637,000.00000000,000.00004349,000.00003052,000.00152623,000.32
Tournament (k=3),Arithmetic,Uniform,0.74410,0.08830,000.00000381,000.00604391,000.00549698,000.04342398,000.27
Tournament (k=3),Arithmetic,Uniform,0.83749,0.09637,000.00000763,000.00327296,000.00312614,000.05704114,000.28
Tournament (k=3),Blend,Gaussian,0.47762,0.16276,000.00000000,000.00004849,000.00003815,000.00049596,000.38
Tournament (k=3),Arithmetic,Uniform,0.83749,0.03095,000.00000000,000.17332658,000.15847588,000.43192589,000.17
Tournament (k=3),Arithmetic,Uniform,0.88849,0.07415,000.00002289,000.01051688,000.01020050,000.17573602,000.20
Tournament (k=3),Arithmetic,Uniform,0.66113,0.02183,000.00000000,000.26687607,000.24162483,000.46722084,000.19
Tournament (k=3),Blend,Gaussian,0.42436,0.06226,000.00000000,000.00034904,000.00014114,000.00338730,000.33
Tournament (k=3),Arithmetic,Uniform,0.60503,0.04023,000.00000000,000.06759076,000.06191254,000.31337395,000.18
Tournament (k=3),Blend,Gaussian,0.53756,0.06226,000.00000000,000.00018892,000.00009346,000.00278158,000.24
Tournament (k=3),Blend,Gaussian,0.58741,0.30000,000.00229263,000.30791315,000.33948135,000.44173354,000.45
Tournament (k=3),Arithmetic,Uniform,0.94259,0.08830,000.00000381,000.00705099,000.00706863,000.27466014,000.28
Tournament (k=3),Arithmetic,Uniform,0.86261,0.12524,000.00000000,000.00048828,000.00052071,000.10153761,000.29
Tournament (k=3),Blend,Gaussian,0.42436,0.16276,000.00000000,000.00007858,000.00008583,000.00079013,000.37
Tournament (k=3),Blend,Gaussian,0.60503,0.05705,000.00000000,000.00014715,000.00004387,000.00196457,000.30
Tournament (k=3),Arithmetic,Uniform,0.70139,0.02837,000.00000000,000.12305689,000.10412407,000.35995638,000.18
Tournament (k=3),Arithmetic,Uniform,0.78941,0.10516,000.00000763,000.00174756,000.00133514,000.01557940,000.21
Tournament (k=3),Blend,Gaussian,0.53756,0.02000,000.00000000,000.00182481,000.00133324,000.19437297,000.20
Tournament (k=3),Arithmetic,Uniform,0.70139,0.08830,000.00000000,000.00457630,000.00502968,000.03287208,000.22
Tournament (k=3),Blend,Gaussian,0.62318,0.03378,000.00000000,000.00025830,000.00002480,000.00664246,000.22
Tournament (k=3),Blend,Gaussian,0.57030,0.06795,000.00000000,000.00005221,000.00001717,000.00191848,000.30
Tournament (k=3),Arithmetic,Uniform,0.72243,0.16276,000.00000000,000.00267439,000.00311089,000.01401181,000.34
Tournament (k=3),Arithmetic,Uniform,0.86261,0.05228,000.00002289,000.02245274,000.02224159,000.14436248,000.20
Tournament (k=3),Blend,Gaussian,0.52190,0.03378,000.00000000,000.00111856,000.00091171,000.01049529,000.27
Tournament (k=3),Arithmetic,Uniform,0.91514,0.14915,000.00001144,000.00144968,000.00173187,000.00603845,000.31
Tournament (k=3),Arithmetic,Uniform,0.91514,0.05705,000.00013351,000.02943082,000.03009796,000.19525169,000.19
Tournament (k=3),Blend,Gaussian,0.60503,0.17762,000.00000763,000.00111065,000.00111389,000.00531209,000.37
Tournament (k=3),Blend,Gaussian,0.64187,0.02000,000.00000000,000.00076351,000.00016785,000.21875654,000.26
Tournament (k=3),Blend,Gaussian,0.45020,0.16276,000.00000000,000.00008898,000.00007248,000.00197959,000.34
Tournament (k=3),Blend,Gaussian,0.62318,0.10516,000.00000000,000.00000229,000.00000000,000.00021196,000.33
Tournament (k=3),Blend,Gaussian,0.40000,0.14915,000.00000000,000.00004926,000.00004387,000.00220413,000.36
Tournament (k=3),Blend,Gaussian,0.43709,0.30000,000.00899506,000.17857823,000.18216515,000.35646683,000.42
Tournament (k=3),Blend,Gaussian,0.64187,0.05705,000.00000000,000.00008469,000.00002098,000.09896136,000.25
Tournament (k=3),Arithmetic,Uniform,0.94259,0.09637,000.00000763,000.00409255,000.00370216,000.25772640,000.29
Tournament (k=3),Arithmetic,Uniform,0.78941,0.02599,000.00000000,000.16066380,000.14258194,000.45327947,000.23
Tournament (k=3),Blend,Gaussian,0.60503,0.06226,000.00000000,000.00001926,000.00001144,000.00423168,000.32
Tournament (k=3),Arithmetic,Uniform,0.83749,0.25191,000.01662827,000.79220527,001.09293365,000.78479058,000.26
Tournament (k=3),Arithmetic,Uniform,0.66113,0.25191,000.01903915,000.65023404,000.76245880,000.60674405,000.26
Tournament (k=3),Blend,Gaussian,0.62318,0.03686,000.00000000,000.00017662,000.00006485,000.10223725,000.26
Tournament (k=3),Blend,Gaussian,0.46371,0.09637,000.00000000,000.00004153,000.00002289,000.00121378,000.33
Tournament (k=3),Blend,Gaussian,0.41200,0.03378,000.00000000,000.00159059,000.00070190,000.02008098,000.26
Tournament (k=3),Blend,Gaussian,0.64187,0.16276,000.00000000,000.00021749,000.00020409,000.00163322,000.31
Tournament (k=3),Blend,Gaussian,0.57030,0.07415,000.00000000,000.00004573,000.00001144,000.00192893,000.33
Tournament (k=3),Blend,Gaussian,0.49195,0.30000,000.01375198,000.23195644,000.24600029,000.41872966,000.40
Tournament (k=3),Blend,Gaussian,0.55369,0.03686,000.00000000,000.00059185,000.00028992,000.09897809,000.23
Tournament (k=3),Blend,Gaussian,0.41200,0.27490,000.00741577,000.11378865,000.12849426,000.22863784,000.35
Tournament (k=3),Arithmetic,Uniform,0.64187,0.04390,000.00000000,000.05332260,000.04386711,000.25385001,000.24
Tournament (k=3),Blend,Gaussian,0.43709,0.09637,000.00000000,000.00006394,000.00004578,000.00096756,000.26
Tournament (k=3),Arithmetic,Uniform,0.81310,0.14915,000.00000763,000.00112286,000.00081062,000.01154935,000.32
Tournament (k=3),Arithmetic,Uniform,0.68096,0.12524,000.00000000,000.00053630,000.00043488,000.01197872,000.28
Tournament (k=3),Blend,Gaussian,0.45020,0.06226,000.00000000,000.00024967,000.00017738,000.00313734,000.29
Tournament (k=3),Arithmetic,Uniform,0.97087,0.04791,000.00000000,000.08754239,000.06437111,000.44081530,000.27
Tournament (k=3),Arithmetic,Uniform,0.88849,0.30000,000.05074310,001.20364797,001.47149467,000.84202999,000.34
Tournament (k=3),Blend,Gaussian,0.66113,0.02837,000.00000000,000.00027103,000.00004959,000.01824567,000.25
Tournament (k=3),Blend,Gaussian,0.58741,0.10516,000.00000000,000.00000634,000.00000381,000.00052542,000.27
Tournament (k=3),Blend,Gaussian,0.50670,0.17762,000.00002289,000.00073156,000.00073814,000.00624079,000.44
Tournament (k=3),Arithmetic,Uniform,0.78941,0.30000,000.13414383,001.30774760,001.45242119,000.89971101,000.29
Tournament (k=3),Blend,Gaussian,0.62318,0.04023,000.00000000,000.00027246,000.00008965,000.01423550,000.27
Tournament (k=3),Blend,Gaussian,0.43709,0.03378,000.00000000,000.00271401,000.00208092,000.02607673,000.21
Tournament (k=3),Blend,Gaussian,0.46371,0.27490,000.00534821,000.12244205,000.12681961,000.25461054,000.43
Tournament (k=3),Arithmetic,Uniform,0.97087,0.14915,000.00004578,000.00192194,000.00180244,000.01896628,000.23
Tournament (k=3),Blend,Gaussian,0.49195,0.03378,000.00000000,000.00128713,000.00124741,000.11574424,000.26
Tournament (k=3),Arithmetic,Uniform,0.74410,0.27490,000.02720642,001.02582407,001.23776627,000.79258060,000.37
Tournament (k=3),Arithmetic,Uniform,0.88849,0.02837,000.00045776,000.14442468,000.16408539,000.47240642,000.24
Tournament (k=3),Blend,Gaussian,0.46371,0.03095,000.00000000,000.00196490,000.00134468,000.02149648,000.21
Tournament (k=3),Blend,Gaussian,0.50670,0.07415,000.00000000,000.00006542,000.00004578,000.00336521,000.25
Tournament (k=3),Blend,Gaussian,0.66113,0.08092,000.00000000,000.00000238,000.00000000,000.00079123,000.27
Tournament (k=3),Blend,Gaussian,0.55369,0.04023,000.00000000,000.00045161,000.00033188,000.00830240,000.30
Tournament (k=3),Arithmetic,Uniform,0.68096,0.04390,000.00000000,000.04881072,000.04944992,000.25077158,000.19
Tournament (k=3),Blend,Gaussian,0.41200,0.12524,000.00000000,000.00002370,000.00002098,000.00093060,000.35
Tournament (k=3),Blend,Gaussian,0.57030,0.02000,000.00000000,000.00140686,000.00061035,000.17146090,000.26
Tournament (k=3),Arithmetic,Uniform,0.94259,0.02837,000.00003052,000.21841097,000.18421745,000.42807463,000.25
Tournament (k=3),Arithmetic,Uniform,0.97087,0.05228,000.00058746,000.05518131,000.04690552,000.55714446,000.28
Tournament (k=3),Arithmetic,Uniform,1.00000,0.10516,000.00000000,000.00129280,000.00107574,000.10962391,000.22
Tournament (k=3),Arithmetic,Uniform,0.70139,0.21153,000.00117493,000.13642669,000.14586449,000.43423516,000.26
Tournament (k=3),Arithmetic,Uniform,1.00000,0.30000,000.02804184,001.38188207,001.79364586,001.00038064,000.34
Tournament (k=3),Arithmetic,Uniform,0.62318,0.23084,000.00775909,000.30501670,000.24249458,000.54421669,000.26
Tournament (k=3),Blend,Gaussian,0.55369,0.11476,000.00000000,000.00000396,000.00000000,000.00071693,000.35
Tournament (k=3),Arithmetic,Uniform,0.83749,0.10516,000.00000381,000.00147738,000.00130081,000.02383718,000.26
Tournament (k=3),Arithmetic,Uniform,0.74410,0.09637,000.00000000,000.00325885,000.00331116,000.02203959,000.27
Tournament (k=3),Arithmetic,Uniform,0.83749,0.03378,000.00000000,000.10032196,000.09984779,000.35005957,000.19
Tournament (k=3),Arithmetic,Uniform,0.66113,0.02382,000.00000000,000.17753816,000.17318153,000.47082788,000.17
Tournament (k=3),Blend,Gaussian,0.46371,0.03378,000.00000000,000.00130968,000.00087166,000.10025264,000.23
Tournament (k=3),Arithmetic,Uniform,0.88849,0.08092,000.00006104,000.00879459,000.00717926,000.14331262,000.21
Tournament (k=3),Blend,Gaussian,0.49195,0.10516,000.00000000,000.00002356,000.00001526,000.00059692,000.30
Tournament (k=3),Blend,Gaussian,0.66113,0.23084,000.00365448,000.08911629,000.11244583,000.23074430,000.43
Tournament (k=3),Arithmetic,Uniform,0.94259,0.03095,000.00002289,000.18372354,000.14675331,000.46411949,000.22
Tournament (k=3),Arithmetic,Uniform,0.94259,0.30000,000.12929916,001.37078238,001.56395531,000.93834829,000.44
Tournament (k=3),Blend,Gaussian,0.50670,0.19383,000.00003052,000.00275311,000.00292015,000.02281233,000.49
Tournament (k=3),Blend,Gaussian,0.42436,0.06795,000.00000000,000.00047388,000.00024796,000.00539548,000.29
Tournament (k=3),Blend,Gaussian,0.60503,0.02000,000.00000000,000.00107775,000.00046921,000.16944572,000.26
Tournament (k=3),Blend,Gaussian,0.46371,0.30000,000.01255035,000.19683757,000.21378326,000.31988311,000.46
Tournament (k=3),Blend,Gaussian,0.68096,0.04023,000.00000000,000.00022230,000.00005150,000.00810302,000.22
Tournament (k=3),Arithmetic,Uniform,0.66113,0.02599,000.00000000,000.15812273,000.14637375,000.41092283,000.17
Tournament (k=3),Arithmetic,Uniform,0.83749,0.03686,000.00009918,000.06581564,000.06824875,000.24362998,000.18
Tournament (k=3),Blend,Gaussian,0.53756,0.02183,000.00000000,000.00261483,000.00121117,000.11028431,000.20
Tournament (k=3),Blend,Gaussian,0.70139,0.02000,000.00000000,000.00015779,000.00001335,000.19475737,000.21
Tournament (k=3),Arithmetic,Uniform,0.70139,0.23084,000.01158142,000.30499750,000.28505898,000.57828170,000.30
Tournament (k=3),Blend,Gaussian,0.53756,0.21153,000.00064850,000.01647181,000.01787376,000.03531085,000.38
Tournament (k=3),Blend,Gaussian,0.70139,0.05705,000.00000000,000.00001512,000.00000000,000.00166197,000.24
Tournament (k=3),Arithmetic,Uniform,0.86261,0.05705,000.00006866,000.02756543,000.02595329,000.12769198,000.26
Tournament (k=3),Blend,Gaussian,0.52190,0.03686,000.00000000,000.00071998,000.00036049,000.01191283,000.27
Tournament (k=3),Blend,Gaussian,0.42436,0.17762,000.00000763,000.00048938,000.00050354,000.00173679,000.38
Tournament (k=3),Blend,Gaussian,0.68096,0.11476,000.00000000,000.00000005,000.00000000,000.00002149,000.36
Tournament (k=3),Blend,Gaussian,0.57030,0.19383,000.00010681,000.00805922,000.00909424,000.02107950,000.46
Tournament (k=3),Arithmetic,Uniform,0.91514,0.16276,000.00003815,000.00738125,000.00785065,000.04131411,000.31
Tournament (k=3),Blend,Gaussian,0.42436,0.07415,000.00000000,000.00032287,000.00015640,000.00383147,000.25
Tournament (k=3),Arithmetic,Uniform,0.91514,0.06226,000.00000000,000.02589378,000.02521896,000.24108000,000.26
Tournament (k=3),Blend,Gaussian,0.72243,0.02837,000.00000000,000.00017924,000.00000191,000.00697427,000.22
Tournament (k=3),Blend,Gaussian,0.70139,0.16276,000.00000000,000.00037212,000.00028229,000.00273005,000.41
Tournament (k=3),Blend,Gaussian,0.62318,0.11476,000.00000000,000.00000196,000.00000000,000.00074042,000.29
Tournament (k=3),Blend,Gaussian,0.45020,0.02000,000.00000000,000.00553465,000.00402641,000.25463581,000.25
Tournament (k=3),Blend,Gaussian,0.45020,0.17762,000.00000763,000.00040541,000.00036430,000.00298192,000.31
Tournament (k=3),Blend,Gaussian,0.72243,0.08092,000.00000000,000.00000000,000.00000000,000.00045757,000.27
Tournament (k=3),Blend,Gaussian,0.60503,0.02183,000.00000000,000.00042186,000.00008392,000.10122146,000.32
Tournament (k=3),Arithmetic,Uniform,0.78941,0.02837,000.00000000,000.15482621,000.13430214,000.44758397,000.24
Tournament (k=3),Blend,Gaussian,0.60503,0.06795,000.00000000,000.00004468,000.00000954,000.00129068,000.25
Tournament (k=3),Blend,Gaussian,0.70139,0.06226,000.00000000,000.00001588,000.00000000,000.00057652,000.26
Tournament (k=3),Arithmetic,Uniform,0.94259,0.10516,000.00001526,000.00259447,000.00188446,000.15285413,000.29
Tournament (k=3),Blend,Gaussian,0.60503,0.19383,000.00013733,000.00978999,000.00920486,000.04405490,000.41
Tournament (k=3),Arithmetic,Uniform,0.70139,0.25191,000.02538300,000.71633464,001.03994179,000.70187652,000.32
Tournament (k=3),Arithmetic,Uniform,0.83749,0.27490,000.06684113,001.11204159,001.30893707,000.89619213,000.26
Tournament (k=3),Blend,Gaussian,0.40000,0.16276,000.00000000,000.00010028,000.00011444,000.00244358,000.37
Tournament (k=3),Blend,Gaussian,0.41200,0.03686,000.00000000,000.00154996,000.00093460,000.02718375,000.26
Tournament (k=3),Blend,Gaussian,0.47762,0.06226,000.00000000,000.00032439,000.00014305,000.00464167,000.29
Tournament (k=3),Blend,Gaussian,0.57030,0.08092,000.00000000,000.00005336,000.00002098,000.00107619,000.25
Tournament (k=3),Blend,Gaussian,0.50670,0.02000,000.00000000,000.00275917,000.00133133,000.10420862,000.26
Tournament (k=3),Blend,Gaussian,0.46371,0.10516,000.00000000,000.00004816,000.00002289,000.00175305,000.33
Tournament (k=3),Arithmetic,Uniform,0.68096,0.13667,000.00000000,000.00067096,000.00068474,000.00462487,000.24
Tournament (k=3),Blend,Gaussian,0.64187,0.17762,000.00003052,000.00211072,000.00195694,000.01967573,000.32
Tournament (k=3),Arithmetic,Uniform,0.81310,0.02000,000.00024033,000.37679300,000.43275833,000.63332707,000.18
Tournament (k=3),Blend,Gaussian,0.43709,0.10516,000.00000000,000.00007553,000.00003052,000.00181399,000.28
Tournament (k=3),Arithmetic,Uniform,0.91514,0.02000,000.00012970,000.35134226,000.29076576,000.57856679,000.24
Tournament (k=3),Arithmetic,Uniform,0.55369,0.17762,000.00003052,000.00668659,000.00704765,000.03590218,000.32
Tournament (k=3),Blend,Gaussian,0.66113,0.03095,000.00000000,000.00041704,000.00013161,000.01185558,000.23
Tournament (k=3),Blend,Gaussian,0.40000,0.05228,000.00000000,000.00078173,000.00085258,000.00437605,000.21
Tournament (k=3),Arithmetic,Uniform,0.81310,0.16276,000.00013733,000.00380292,000.00379181,000.11010723,000.32
Tournament (k=3),Blend,Gaussian,0.45020,0.06795,000.00000000,000.00026565,000.00018311,000.00187540,000.29
Tournament (k=3),Blend,Gaussian,0.41200,0.30000,000.00773621,000.18317576,000.17527008,000.36219740,000.35
Tournament (k=3),Blend,Gaussian,0.72243,0.23084,000.00909424,000.11254559,000.13100433,000.27429092,000.35
Tournament (k=3),Blend,Gaussian,0.60503,0.07415,000.00000000,000.00002294,000.00000763,000.00353418,000.33
Tournament (k=3),Blend,Gaussian,0.43709,0.03686,000.00000000,000.00108013,000.00066757,000.01321268,000.26
Tournament (k=3),Blend,Gaussian,0.49195,0.03686,000.00000000,000.00051365,000.00032425,000.00906386,000.27
Tournament (k=3),Arithmetic,Uniform,0.97087,0.16276,000.00004196,000.00747943,000.00767326,000.05308630,000.29
Tournament (k=3),Blend,Gaussian,0.47762,0.06795,000.00000000,000.00033727,000.00017166,000.00394445,000.30
Tournament (k=3),Arithmetic,Uniform,0.68096,0.04791,000.00003052,000.04554224,000.04525566,000.25828713,000.20
Tournament (k=3),Blend,Gaussian,0.40000,0.17762,000.00000763,000.00037465,000.00034332,000.00285466,000.38
Tournament (k=3),Arithmetic,Uniform,0.88849,0.03095,000.00031662,000.11401067,000.10897064,000.37598625,000.25
Tournament (k=3),Blend,Gaussian,0.60503,0.21153,000.00051117,000.02632604,000.03170967,000.11205873,000.43
Tournament (k=3),Blend,Gaussian,0.50670,0.08092,000.00000000,000.00008693,000.00005913,000.00178888,000.25
Tournament (k=3),Blend,Gaussian,0.74410,0.04023,000.00000000,000.00001836,000.00000000,000.00277335,000.23
Tournament (k=3),Arithmetic,Uniform,0.74410,0.30000,000.06735229,001.35834455,001.45247078,000.84798807,000.34
Tournament (k=3),Arithmetic,Uniform,1.00000,0.11476,000.00000000,000.00065465,000.00040054,000.01658690,000.22
Tournament (k=3),Blend,Gaussian,0.57030,0.02183,000.00000000,000.00230365,000.00071335,000.10364206,000.26
Tournament (k=3),Blend,Gaussian,0.53756,0.06795,000.00000000,000.00015292,000.00006676,000.00906664,000.25
Tournament (k=3),Arithmetic,Uniform,0.55369,0.19383,000.00021744,000.03455610,000.03181839,000.20719568,000.29
Tournament (k=3),Blend,Gaussian,0.47762,0.17762,000.00000000,000.00048766,000.00043106,000.00231119,000.31
Tournament (k=3),Blend,Gaussian,0.40000,0.02000,000.00000000,000.01025114,000.00846481,000.19298206,000.24
Tournament (k=3),Blend,Gaussian,0.45020,0.07415,000.00000000,000.00014639,000.00010300,000.00273647,000.32
Tournament (k=3),Arithmetic,Uniform,0.86261,0.13667,000.00000000,000.00048018,000.00047302,000.02411242,000.30
Tournament (k=3),Blend,Gaussian,0.41200,0.13667,000.00000000,000.00003467,000.00002861,000.00043764,000.35
Tournament (k=3),Arithmetic,Uniform,0.76642,0.04023,000.00000763,000.05838785,000.06755066,000.21636026,000.18
Tournament (k=3),Blend,Gaussian,0.46371,0.03686,000.00000000,000.00066891,000.00028801,000.01520509,000.20
Tournament (k=3),Arithmetic,Uniform,0.88849,0.08830,000.00003815,000.00635185,000.00552368,000.11146771,000.20
Tournament (k=3),Arithmetic,Uniform,0.83749,0.11476,000.00000000,000.00086169,000.00079155,000.00381499,000.25
Tournament (k=3),Blend,Gaussian,0.74410,0.11476,000.00000000,000.00000000,000.00000000,000.00062423,000.30
Tournament (k=3),Arithmetic,Uniform,0.94259,0.03378,000.00002289,000.10685416,000.10668945,000.39962772,000.19
Tournament (k=3),Blend,Gaussian,0.76642,0.02000,000.00000000,000.00003834,000.00000000,000.27589846,000.27
Tournament (k=3),Blend,Gaussian,0.52190,0.10516,000.00000000,000.00002122,000.00000763,000.00049616,000.32
Tournament (k=3),Arithmetic,Uniform,0.97087,0.02000,000.00069046,000.46481675,000.57544136,000.67637998,000.24
Tournament (k=3),Blend,Gaussian,0.64187,0.02183,000.00000000,000.00078778,000.00018692,000.17168944,000.23
Tournament (k=3),Blend,Gaussian,0.68096,0.04390,000.00000000,000.00014663,000.00004196,000.00460643,000.22
Tournament (k=3),Blend,Gaussian,0.47762,0.02000,000.00000000,000.00259757,000.00200081,000.10626537,000.24
Tournament (k=3),Blend,Gaussian,0.55369,0.12524,000.00000000,000.00000334,000.00000000,000.00019122,000.36
Tournament (k=3),Blend,Gaussian,0.49195,0.11476,000.00000000,000.00001359,000.00000763,000.00045916,000.35
Tournament (k=3),Arithmetic,Uniform,0.76642,0.04390,000.00003815,000.04125214,000.04586411,000.22173442,000.19
Tournament (k=3),Blend,Gaussian,0.66113,0.25191,000.00670242,000.21418229,000.19878578,000.36065373,000.35
Tournament (k=3),Blend,Gaussian,0.46371,0.04023,000.00000000,000.00074286,000.00052643,000.01264329,000.23
Tournament (k=3),Arithmetic,Uniform,0.88849,0.09637,000.00000000,000.00293946,000.00214386,000.10783999,000.21
Tournament (k=3),Blend,Gaussian,0.50670,0.21153,000.00030518,000.01583080,000.01901627,000.03030991,000.37
Tournament (k=3),Blend,Gaussian,0.45020,0.08092,000.00000000,000.00004735,000.00002480,000.00271947,000.31
Tournament (k=3),Blend,Gaussian,0.64187,0.06226,000.00000000,000.00002980,000.00000763,000.00133593,000.30
Tournament (k=3),Blend,Gaussian,0.76642,0.05705,000.00000000,000.00000086,000.00000000,000.00056618,000.26
Tournament (k=3),Blend,Gaussian,0.52190,0.04023,000.00000000,000.00114698,000.00062561,000.02100481,000.27
Tournament (k=3),Arithmetic,Uniform,0.91514,0.06795,000.00001144,000.01742978,000.01657677,000.21863365,000.19
Tournament (k=3),Arithmetic,Uniform,0.86261,0.14915,000.00001526,000.00130877,000.00140953,000.02917667,000.39
Tournament (k=3),Blend,Gaussian,0.72243,0.03095,000.00000000,000.00006652,000.00000763,000.09906703,000.21
Tournament (k=3),Blend,Gaussian,0.42436,0.08092,000.00000000,000.00014858,000.00010109,000.00395625,000.24
Tournament (k=3),Blend,Gaussian,0.45020,0.02183,000.00000000,000.00467629,000.00203705,000.20922720,000.24
Tournament (k=3),Arithmetic,Uniform,0.91514,0.17762,000.00042725,000.02029448,000.01711845,000.18200077,000.32
Tournament (k=3),Blend,Gaussian,0.74410,0.12524,000.00000000,000.00000000,000.00000000,000.00022086,000.40
Tournament (k=3),Blend,Gaussian,0.42436,0.19383,000.00003052,000.00216985,000.00223541,000.00594164,000.39
Tournament (k=3),Blend,Gaussian,0.60503,0.02382,000.00000000,000.00038257,000.00029945,000.02201186,000.20
Tournament (k=3),Blend,Gaussian,0.62318,0.12524,000.00000000,000.00000052,000.00000000,000.00007397,000.29
Tournament (k=3),Arithmetic,Uniform,0.78941,0.03095,000.00002289,000.13990030,000.15268517,000.39587691,000.23
Tournament (k=3),Blend,Gaussian,0.45020,0.19383,000.00004196,000.00246906,000.00271225,000.00973446,000.30
Tournament (k=3),Blend,Gaussian,0.68096,0.12524,000.00000000,000.00000019,000.00000000,000.00001610,000.37
Tournament (k=3),Blend,Gaussian,0.72243,0.08830,000.00000000,000.00000110,000.00000000,000.00048098,000.27
Tournament (k=3),Arithmetic,Uniform,1.00000,0.02837,000.00120544,000.38286433,000.37940216,000.64936960,000.24
Tournament (k=3),Blend,Gaussian,0.57030,0.21153,000.00146484,000.02437320,000.02653694,000.08284240,000.41
Tournament (k=3),Blend,Gaussian,0.70139,0.06795,000.00000000,000.00000310,000.00000000,000.00058522,000.25
Tournament (k=3),Blend,Gaussian,0.70139,0.17762,000.00009918,000.00384469,000.00359154,000.02532716,000.44
Tournament (k=3),Blend,Gaussian,0.58741,0.03686,000.00000000,000.00057917,000.00028801,000.01475005,000.22
Tournament (k=3),Arithmetic,Uniform,0.94259,0.11476,000.00000000,000.00077481,000.00072670,000.02301163,000.29
Tournament (k=3),Blend,Gaussian,0.41200,0.04023,000.00000000,000.00090327,000.00073814,000.01200703,000.26
Tournament (k=3),Arithmetic,Uniform,0.83749,0.30000,000.03370667,001.23829973,001.51053429,000.90391731,000.30
Tournament (k=3),Blend,Gaussian,0.42436,0.08830,000.00000000,000.00014977,000.00008583,000.00194263,000.34
Tournament (k=3),Blend,Gaussian,0.50670,0.02183,000.00000000,000.00224919,000.00129318,000.17486306,000.25
Tournament (k=3),Blend,Gaussian,0.45020,0.02382,000.00000000,000.00301056,000.00200653,000.15000537,000.27
Tournament (k=3),Blend,Gaussian,0.66113,0.03378,000.00000000,000.00014167,000.00002480,000.01852452,000.21
Tournament (k=3),Arithmetic,Uniform,0.68096,0.14915,000.00000000,000.00054417,000.00059509,000.00663544,000.25
Tournament (k=3),Blend,Gaussian,0.40000,0.05705,000.00000000,000.00056567,000.00031281,000.00682774,000.22
Tournament (k=3),Arithmetic,Uniform,0.86261,0.16276,000.00019073,000.00660095,000.00678444,000.10547260,000.37
Tournament (k=3),Arithmetic,Uniform,0.91514,0.07415,000.00000000,000.01549945,000.01590538,000.21495654,000.40
Tournament (k=3),Arithmetic,Uniform,0.91514,0.02183,000.00053024,000.30027571,000.29671860,000.43567941,000.24
Tournament (k=3),Blend,Gaussian,0.66113,0.08830,000.00000000,000.00000181,000.00000000,000.00052597,000.27
Tournament (k=3),Blend,Gaussian,0.43709,0.11476,000.00000000,000.00005040,000.00002861,000.00073470,000.27
Tournament (k=3),Arithmetic,Uniform,0.97087,0.05705,000.00016785,000.03866663,000.03248787,000.38969979,000.26
Tournament (k=3),Blend,Gaussian,0.55369,0.04390,000.00000000,000.00026612,000.00016785,000.00446025,000.28
Tournament (k=3),Blend,Gaussian,0.46371,0.11476,000.00000000,000.00001292,000.00000763,000.00062254,000.34
Tournament (k=3),Blend,Gaussian,0.64187,0.19383,000.00004578,000.00961366,000.01074982,000.03565367,000.34
Tournament (k=3),Arithmetic,Uniform,0.81310,0.17762,000.00063324,000.02367988,000.02044678,000.21903317,000.31
Tournament (k=3),Arithmetic,Uniform,0.97087,0.17762,000.00023270,000.04111738,000.04506874,000.28747645,000.24
Tournament (k=3),Blend,Gaussian,0.49195,0.04023,000.00000000,000.00084457,000.00066566,000.01185903,000.26
Tournament (k=3),Blend,Gaussian,0.60503,0.08092,000.00000000,000.00001678,000.00000381,000.00142377,000.32
Tournament (k=3),Blend,Gaussian,0.74410,0.04390,000.00000000,000.00002408,000.00000000,000.00102966,000.22
Tournament (k=3),Blend,Gaussian,0.50670,0.08830,000.00000000,000.00007882,000.00005341,000.00394777,000.25
Tournament (k=3),Blend,Gaussian,0.40000,0.06226,000.00000000,000.00060415,000.00049591,000.00554767,000.28
Tournament (k=3),Arithmetic,Uniform,1.00000,0.12524,000.00000000,000.00026298,000.00021172,000.00854652,000.22
Tournament (k=3),Blend,Gaussian,0.47762,0.07415,000.00000000,000.00015788,000.00008583,000.00437697,000.30
Tournament (k=3),Arithmetic,Uniform,0.86261,0.17762,000.00138474,000.03042760,000.03283119,000.22188255,000.28
Tournament (k=3),Blend,Gaussian,0.76642,0.16276,000.00000000,000.00061541,000.00062561,000.01029387,000.31
Tournament (k=3),Arithmetic,Uniform,0.94259,0.12524,000.00000000,000.00031366,000.00023460,000.00305195,000.41
Tournament (k=3),Blend,Gaussian,0.53756,0.07415,000.00000000,000.00006971,000.00002480,000.00240908,000.24
Tournament (k=3),Blend,Gaussian,0.72243,0.25191,000.01680756,000.27713114,000.31609154,000.39333627,000.44
Tournament (k=3),Blend,Gaussian,0.57030,0.02382,000.00000000,000.00193052,000.00106430,000.05161913,000.25
Tournament (k=3),Blend,Gaussian,0.78941,0.02837,000.00000000,000.00001698,000.00000000,000.13923526,000.28
Tournament (k=3),Blend,Gaussian,0.40000,0.19383,000.00004196,000.00211291,000.00217628,000.00826902,000.38
Tournament (k=3),Blend,Gaussian,0.53756,0.02382,000.00000000,000.00095139,000.00035477,000.04018251,000.20
Tournament (k=3),Blend,Gaussian,0.70139,0.02183,000.00000000,000.00032034,000.00002289,000.14185539,000.20
Tournament (k=3),Blend,Gaussian,0.40000,0.02183,000.00000000,000.00628304,000.00363159,000.10605931,000.24
Tournament (k=3),Arithmetic,Uniform,0.86261,0.06226,000.00003052,000.01443429,000.01343536,000.14762512,000.19
Tournament (k=3),Blend,Gaussian,0.60503,0.23084,000.00260925,000.06096477,000.06565094,000.18744595,000.50
Tournament (k=3),Blend,Gaussian,0.40000,0.06795,000.00000000,000.00036130,000.00026703,000.00908354,000.22
Tournament (k=3),Arithmetic,Uniform,0.76642,0.04791,000.00002289,000.05965433,000.06470871,000.22638825,000.19
Tournament (k=3),Arithmetic,Uniform,0.94259,0.03686,000.00031662,000.10421018,000.10089302,000.42711684,000.25
Tournament (k=3),Blend,Gaussian,0.64187,0.02382,000.00000000,000.00019221,000.00001717,000.13992934,000.21
Tournament (k=3),Blend,Gaussian,0.68096,0.04791,000.00000000,000.00001960,000.00000381,000.00314726,000.22
Tournament (k=3),Arithmetic,Uniform,0.97087,0.02183,000.00025177,000.37820786,000.37152100,000.63407815,000.24
Tournament (k=3),Blend,Gaussian,0.47762,0.02183,000.00000000,000.00588207,000.00378990,000.20657624,000.23
Tournament (k=3),Blend,Gaussian,0.52190,0.11476,000.00000000,000.00001063,000.00000763,000.00045144,000.27
Tournament (k=3),Blend,Gaussian,0.78941,0.08092,000.00000000,000.00000081,000.00000000,000.00016955,000.48
Tournament (k=3),Blend,Gaussian,0.57030,0.23084,000.00170135,000.06508307,000.07291222,000.20696890,000.72
Tournament (k=3),Blend,Gaussian,0.47762,0.19383,000.00006866,000.00274720,000.00319290,000.00931165,000.52
Tournament (k=3),Blend,Gaussian,0.49195,0.12524,000.00000000,000.00001078,000.00000763,000.00034796,000.32
Tournament (k=3),Arithmetic,Uniform,0.88849,0.10516,000.00000000,000.00219588,000.00220680,000.06002007,000.24
Tournament (k=3),Blend,Gaussian,0.53756,0.23084,000.00505066,000.04370761,000.04822731,000.22369751,000.39
Tournament (k=3),Blend,Gaussian,0.40000,0.02382,000.00000000,000.00479980,000.00367737,000.11707066,000.24
Tournament (k=3),Blend,Gaussian,0.41200,0.14915,000.00000000,000.00002546,000.00002289,000.00060082,000.42
Tournament (k=3),Blend,Gaussian,0.55369,0.13667,000.00000000,000.00000200,000.00000000,000.00011810,000.38
Tournament (k=3),Blend,Gaussian,0.76642,0.06226,000.00000000,000.00000138,000.00000000,000.00032871,000.24
Tournament (k=3),Blend,Gaussian,0.45020,0.08830,000.00000000,000.00007930,000.00003624,000.00153755,000.30
Tournament (k=3),Blend,Gaussian,0.66113,0.27490,000.00472641,000.23656197,000.26323509,000.35205427,000.44
Tournament (k=3),Arithmetic,Uniform,0.86261,0.06795,000.00000763,000.01889429,000.02100945,000.12636381,000.27
Tournament (k=3),Arithmetic,Uniform,0.70139,0.27490,000.04792786,000.95275676,001.18406677,000.82095015,000.26
Tournament (k=3),Blend,Gaussian,0.52190,0.04390,000.00000000,000.00029740,000.00015259,000.00589662,000.27
Tournament (k=3),Blend,Gaussian,0.40000,0.21153,000.00032425,000.01013980,000.01225281,000.02137010,000.41
Tournament (k=3),Blend,Gaussian,0.58741,0.11476,000.00000000,000.00000176,000.00000000,000.00010187,000.28
Tournament (k=3),Blend,Gaussian,0.62318,0.04390,000.00000000,000.00025048,000.00012970,000.00382607,000.24
Tournament (k=3),Blend,Gaussian,0.50670,0.23084,000.00049973,000.05254016,000.05638695,000.08076417,000.41
Tournament (k=3),Arithmetic,Uniform,0.97087,0.02382,000.00190735,000.35254073,000.36191177,000.54551965,000.26
Tournament (k=3),Blend,Gaussian,0.60503,0.02599,000.00000000,000.00037522,000.00023079,000.02585682,000.21
Tournament (k=3),Blend,Gaussian,0.74410,0.13667,000.00000000,000.00000167,000.00000000,000.00010786,000.30
Tournament (k=3),Arithmetic,Uniform,0.91514,0.19383,000.00099945,000.06852822,000.06726646,000.36521584,000.31
Tournament (k=3),Arithmetic,Uniform,0.78941,0.03378,000.00000763,000.11406584,000.09355354,000.44031438,000.18
Tournament (k=3),Blend,Gaussian,0.62318,0.13667,000.00000000,000.00000129,000.00000000,000.00004206,000.29
Tournament (k=3),Arithmetic,Uniform,1.00000,0.03095,000.00073242,000.30082470,000.28318214,000.59790421,000.24
Tournament (k=3),Blend,Gaussian,0.72243,0.09637,000.00000000,000.00000000,000.00000000,000.00060120,000.26
Tournament (k=3),Blend,Gaussian,0.58741,0.04023,000.00000000,000.00018797,000.00006866,000.01266007,000.22
Tournament (k=3),Blend,Gaussian,0.43709,0.04023,000.00000000,000.00114393,000.00096130,000.02710991,000.22
Tournament (k=3),Arithmetic,Uniform,0.97087,0.02599,000.00202179,000.18732953,000.19134521,000.51229721,000.23
Tournament (k=3),Blend,Gaussian,0.45020,0.21153,000.00046539,000.01166587,000.01221848,000.02887678,000.31
Tournament (k=3),Blend,Gaussian,0.41200,0.04390,000.00000000,000.00103741,000.00100136,000.00937147,000.26
Tournament (k=3),Blend,Gaussian,0.68096,0.13667,000.00000000,000.00000110,000.00000000,000.00069062,000.33
Tournament (k=3),Blend,Gaussian,0.42436,0.21153,000.00017166,000.01067405,000.01314926,000.02791553,000.45
Tournament (k=3),Blend,Gaussian,0.70139,0.07415,000.00000000,000.00000148,000.00000000,000.00024401,000.32
Tournament (k=3),Blend,Gaussian,0.66113,0.03686,000.00000000,000.00016093,000.00003052,000.00510809,000.21
Tournament (k=3),Blend,Gaussian,0.81310,0.04023,000.00000000,000.00000296,000.00000000,000.00262570,000.22
Tournament (k=3),Blend,Gaussian,0.50670,0.02382,000.00000000,000.00167856,000.00095940,000.10230893,000.25
Tournament (k=3),Blend,Gaussian,0.45020,0.02599,000.00000000,000.00407553,000.00226021,000.02665405,000.24
Tournament (k=3),Blend,Gaussian,0.47762,0.21153,000.00101471,000.01498928,000.01770401,000.03765406,000.50
Tournament (k=3),Blend,Gaussian,0.78941,0.23084,000.01085663,000.17106232,000.17353058,000.40141171,000.36
Tournament (k=3),Blend,Gaussian,0.42436,0.09637,000.00000000,000.00005860,000.00004196,000.00389761,000.31
Tournament (k=3),Arithmetic,Uniform,0.91514,0.02382,000.00067139,000.18593559,000.16597557,000.48469099,000.18
Tournament (k=3),Blend,Gaussian,0.70139,0.19383,000.00087738,000.01728973,000.01781464,000.06366608,000.42
Tournament (k=3),Blend,Gaussian,0.50670,0.25191,000.00143433,000.07776475,000.09393311,000.21156053,000.42
Tournament (k=3),Arithmetic,Uniform,0.88849,0.03378,000.00024796,000.11625399,000.13789368,000.35645017,000.24
Tournament (k=3),Blend,Gaussian,0.66113,0.09637,000.00000000,000.00000062,000.00000000,000.00070156,000.26
Tournament (k=3),Blend,Gaussian,0.81310,0.11476,000.00000000,000.00000000,000.00000000,000.00022098,000.28
Tournament (k=3),Blend,Gaussian,0.43709,0.12524,000.00000000,000.00001979,000.00001144,000.00041925,000.27
Tournament (k=3),Arithmetic,Uniform,0.97087,0.06226,000.00000763,000.04322682,000.04133606,000.38637903,000.26
Tournament (k=3),Blend,Gaussian,0.55369,0.04791,000.00000000,000.00028543,000.00008774,000.00737340,000.28
Tournament (k=3),Blend,Gaussian,0.49195,0.04390,000.00000000,000.00056438,000.00035858,000.00887324,000.25
Tournament (k=3),Blend,Gaussian,0.74410,0.04791,000.00000000,000.00001030,000.00000000,000.00125555,000.22
Tournament (k=3),Arithmetic,Uniform,0.97087,0.19383,000.00205231,000.11039863,000.08877945,000.53503203,000.30
Tournament (k=3),Blend,Gaussian,0.50670,0.09637,000.00000000,000.00001507,000.00000954,000.00080472,000.25
Tournament (k=3),Arithmetic,Uniform,0.81310,0.19383,000.00279617,000.07372455,000.07209015,000.33074388,000.31
Tournament (k=3),Arithmetic,Uniform,1.00000,0.13667,000.00000000,000.00041056,000.00040054,000.00290741,000.22
Tournament (k=3),Blend,Gaussian,0.46371,0.12524,000.00000000,000.00001392,000.00001144,000.00025729,000.34
Tournament (k=3),Blend,Gaussian,0.64187,0.21153,000.00152206,000.03444529,000.03449631,000.07143357,000.34
Tournament (k=3),Blend,Gaussian,0.60503,0.08830,000.00000000,000.00001025,000.00000000,000.00143909,000.32
Tournament (k=3),Blend,Gaussian,0.76642,0.02183,000.00000000,000.00001597,000.00000000,000.17005734,000.27
Tournament (k=3),Blend,Gaussian,0.47762,0.08092,000.00000000,000.00010276,000.00002670,000.00345685,000.27
Tournament (k=3),Arithmetic,Uniform,0.86261,0.19383,000.00604248,000.10643649,000.09019279,000.39951542,000.31
Tournament (k=3),Arithmetic,Uniform,0.88849,0.03686,000.00004959,000.06190610,000.07813263,000.24595894,000.29
Tournament (k=3),Blend,Gaussian,0.70139,0.02382,000.00000000,000.00014377,000.00001144,000.00445967,000.20
Tournament (k=3),Blend,Gaussian,0.53756,0.02599,000.00000000,000.00041590,000.00026894,000.05664872,000.21
Tournament (k=3),Blend,Gaussian,0.46371,0.04390,000.00000000,000.00052876,000.00039673,000.01724487,000.21
Tournament (k=3),Blend,Gaussian,0.57030,0.02599,000.00000000,000.00104051,000.00028419,000.16596492,000.26
Tournament (k=3),Arithmetic,Uniform,0.76642,0.05228,000.00029755,000.02176533,000.02073479,000.16675223,000.19
Tournament (k=3),Blend,Gaussian,0.40000,0.07415,000.00000000,000.00036159,000.00020218,000.00340135,000.23
Tournament (k=3),Blend,Gaussian,0.78941,0.03095,000.00000000,000.00002966,000.00000000,000.00906681,000.28
Tournament (k=3),Blend,Gaussian,0.64187,0.02599,000.00000000,000.00046201,000.00017548,000.00810308,000.22
Tournament (k=3),Arithmetic,Uniform,0.94259,0.04023,000.00035095,000.07498293,000.09015083,000.34184700,000.25
Tournament (k=3),Blend,Gaussian,0.72243,0.03378,000.00000000,000.00011148,000.00000000,000.00697613,000.22
Tournament (k=3),Blend,Gaussian,0.64187,0.06795,000.00000000,000.00003343,000.00000954,000.00281583,000.31
Tournament (k=3),Blend,Gaussian,0.68096,0.05228,000.00000000,000.00002418,000.00000191,000.00379063,000.23
Tournament (k=3),Blend,Gaussian,0.47762,0.02382,000.00000000,000.00260596,000.00204468,000.14185117,000.25
Tournament (k=3),Blend,Gaussian,0.66113,0.10516,000.00000000,000.00000014,000.00000000,000.00032464,000.44
Tournament (k=3),Arithmetic,Uniform,0.97087,0.06795,000.00003433,000.02693667,000.02332878,000.36843693,000.42
Tournament (k=3),Blend,Gaussian,0.76642,0.17762,000.00011444,000.00637941,000.00601196,000.04220534,000.53
Tournament (k=3),Blend,Gaussian,0.57030,0.08830,000.00000000,000.00001478,000.00000763,000.00085300,000.25
Tournament (k=3),Blend,Gaussian,0.40000,0.02599,000.00000000,000.00394163,000.00248146,000.15183239,000.24
Tournament (k=3),Blend,Gaussian,0.43709,0.13667,000.00000000,000.00002198,000.00001526,000.00017353,000.52
Tournament (k=3),Arithmetic,Uniform,0.88849,0.11476,000.00000000,000.00062208,000.00057411,000.00902479,000.29
Tournament (k=3),Blend,Gaussian,0.42436,0.02000,000.00000000,000.00879240,000.00485992,000.15645547,000.18
Tournament (k=3),Arithmetic,Uniform,0.76642,0.05705,000.00000000,000.02475300,000.02060699,000.22924124,000.27
Tournament (k=3),Arithmetic,Uniform,0.86261,0.02000,000.00025940,000.26126948,000.28713226,000.51411730,000.17
Tournament (k=3),Blend,Gaussian,0.53756,0.25191,000.00487518,000.10034947,000.10873604,000.24748123,000.33
Tournament (k=3),Arithmetic,Uniform,0.86261,0.21153,000.00611115,000.17331652,000.14639854,000.47006062,000.35
Tournament (k=3),Blend,Gaussian,0.78941,0.08830,000.00000000,000.00000010,000.00000000,000.00070043,000.35
Tournament (k=3),Blend,Gaussian,0.49195,0.13667,000.00000000,000.00001020,000.00000763,000.00018606,000.37
Tournament (k=3),Blend,Gaussian,0.60503,0.25191,000.00084305,000.13344736,000.14477158,000.34207162,000.54
Tournament (k=3),Arithmetic,Uniform,0.94259,0.04390,000.00027847,000.07635155,000.07211876,000.36667344,000.26
Tournament (k=3),Blend,Gaussian,0.41200,0.16276,000.00000000,000.00009789,000.00010490,000.00044234,000.36
Tournament (k=3),Blend,Gaussian,0.62318,0.04791,000.00000000,000.00010405,000.00002861,000.00290497,000.23
Tournament (k=3),Blend,Gaussian,0.40000,0.08092,000.00000000,000.00015459,000.00008583,000.00185189,000.33
Tournament (k=3),Blend,Gaussian,0.57030,0.25191,000.00333405,000.11789785,000.14293861,000.22671890,000.41
Tournament (k=3),Blend,Gaussian,0.57030,0.02837,000.00000000,000.00083914,000.00033951,000.13907331,000.38
Tournament (k=3),Blend,Gaussian,0.45020,0.09637,000.00000000,000.00006566,000.00004387,000.00077488,000.32
Tournament (k=3),Blend,Gaussian,0.78941,0.03378,000.00000000,000.00000234,000.00000000,000.09900748,000.35
Tournament (k=3),Blend,Gaussian,0.72243,0.03686,000.00000000,000.00005050,000.00000763,000.00803396,000.30
Tournament (k=3),Blend,Gaussian,0.58741,0.12524,000.00000000,000.00000191,000.00000000,000.00015898,000.30
Tournament (k=3),Blend,Gaussian,0.40000,0.23084,000.00106812,000.02895012,000.03366661,000.06353536,000.34
Tournament (k=3),Blend,Gaussian,0.43709,0.04390,000.00000000,000.00104971,000.00079155,000.00813145,000.22
Tournament (k=3),Blend,Gaussian,0.58741,0.04390,000.00000000,000.00031724,000.00005341,000.02526272,000.23
Tournament (k=3),Blend,Gaussian,0.83749,0.02000,000.00000000,000.00000310,000.00000000,000.16970162,000.27
Tournament (k=3),Arithmetic,Uniform,1.00000,0.03378,000.00026703,000.17404810,000.14684486,000.50391018,000.24
Tournament (k=3),Blend,Gaussian,0.64187,0.07415,000.00000000,000.00001831,000.00000381,000.00051419,000.46
Tournament (k=3),Blend,Gaussian,0.62318,0.14915,000.00000000,000.00000582,000.00000381,000.00004647,000.30
Tournament (k=3),Blend,Gaussian,0.74410,0.14915,000.00000000,000.00002775,000.00002670,000.00309851,000.31
Tournament (k=3),Arithmetic,Uniform,0.91514,0.21153,000.00798798,000.26373130,000.24600983,000.57949007,000.31
Tournament (k=3),Blend,Gaussian,0.72243,0.10516,000.00000000,000.00000005,000.00000000,000.00002272,000.27
Tournament (k=3),Blend,Gaussian,0.47762,0.02599,000.00000000,000.00253801,000.00106812,000.04967832,000.35
Tournament (k=3),Blend,Gaussian,0.70139,0.08092,000.00000000,000.00000181,000.00000000,000.00114816,000.25
Tournament (k=3),Blend,Gaussian,0.41200,0.04791,000.00000000,000.00053082,000.00033760,000.00414958,000.26
Tournament (k=3),Blend,Gaussian,0.45020,0.23084,000.00083923,000.03241882,000.03634644,000.08073258,000.31
Tournament (k=3),Blend,Gaussian,0.83749,0.05705,000.00000000,000.00000019,000.00000000,000.00041025,000.31
Tournament (k=3),Blend,Gaussian,0.57030,0.03095,000.00000000,000.00031028,000.00020790,000.00777624,000.27
Tournament (k=3),Blend,Gaussian,0.50670,0.02599,000.00000000,000.00159936,000.00064850,000.01976746,000.26
Tournament (k=3),Blend,Gaussian,0.42436,0.23084,000.00151062,000.02856889,000.03245926,000.12939860,000.40
Tournament (k=3),Blend,Gaussian,0.68096,0.14915,000.00000000,000.00001163,000.00001144,000.00009314,000.40
Tournament (k=3),Blend,Gaussian,0.45020,0.02837,000.00000000,000.00201058,000.00168228,000.02276401,000.25
Tournament (k=3),Blend,Gaussian,0.58741,0.04791,000.00000000,000.00023065,000.00009537,000.00508958,000.24
Tournament (k=3),Blend,Gaussian,0.43709,0.04791,000.00000000,000.00106349,000.00068855,000.00601086,000.25
Tournament (k=3),Arithmetic,Uniform,1.00000,0.03686,000.00008392,000.18803024,000.13065338,000.54603654,000.24
Tournament (k=3),Blend,Gaussian,0.83749,0.02183,000.00000000,000.00000043,000.00000000,000.24970925,000.28
Tournament (k=3),Blend,Gaussian,0.47762,0.23084,000.00036621,000.03313708,000.03890419,000.06992488,000.32
Tournament (k=3),Blend,Gaussian,0.58741,0.13667,000.00000000,000.00000272,000.00000000,000.00017139,000.43
Tournament (k=3),Blend,Gaussian,0.53756,0.08092,000.00000000,000.00004544,000.00002289,000.00117678,000.26
Tournament (k=3),Blend,Gaussian,0.49195,0.04791,000.00000000,000.00073495,000.00065231,000.00486819,000.22
Tournament (k=3),Blend,Gaussian,0.74410,0.05228,000.00000000,000.00000443,000.00000000,000.00104587,000.23
Tournament (k=3),Arithmetic,Uniform,0.94259,0.13667,000.00000000,000.00052228,000.00044632,000.01131626,000.30
Tournament (k=3),Blend,Gaussian,0.81310,0.12524,000.00000000,000.00000000,000.00000000,000.00001193,000.29
Tournament (k=3),Blend,Gaussian,0.55369,0.05228,000.00000000,000.00019197,000.00005722,000.00359999,000.29
Tournament (k=3),Blend,Gaussian,0.50670,0.27490,000.01242828,000.12962985,000.14582443,000.22536765,000.38
Tournament (k=3),Blend,Gaussian,0.83749,0.16276,000.00000763,000.00155830,000.00171852,000.04517569,000.41
Tournament (k=3),Arithmetic,Uniform,0.97087,0.21153,000.00633240,000.27124900,000.15646553,000.61311907,000.24
Tournament (k=3),Blend,Gaussian,0.70139,0.21153,000.00422668,000.05595122,000.05975533,000.19795711,000.42
Tournament (k=3),Blend,Gaussian,0.50670,0.10516,000.00000000,000.00001726,000.00001335,000.00210745,000.26
Tournament (k=3),Blend,Gaussian,0.86261,0.02837,000.00000000,000.00000019,000.00000000,000.13929731,000.27
Tournament (k=3),Blend,Gaussian,0.83749,0.02382,000.00000000,000.00000420,000.00000000,000.00487892,000.26
Tournament (k=3),Blend,Gaussian,0.72243,0.27490,000.01834869,000.32311520,000.29637718,000.53726548,000.45
Tournament (k=3),Blend,Gaussian,0.70139,0.02599,000.00000000,000.00012250,000.00001526,000.13949312,000.21
Tournament (k=3),Blend,Gaussian,0.53756,0.02837,000.00000000,000.00199347,000.00165367,000.12324874,000.21
Tournament (k=3),Blend,Gaussian,0.76642,0.02382,000.00000000,000.00003834,000.00000000,000.00505309,000.27
Tournament (k=3),Blend,Gaussian,0.64187,0.23084,000.00320816,000.07160974,000.08678436,000.20175181,000.33
Tournament (k=3),Blend,Gaussian,0.53756,0.08830,000.00000000,000.00002379,000.00000763,000.00080951,000.27
Tournament (k=3),Blend,Gaussian,0.46371,0.13667,000.00000000,000.00001063,000.00000763,000.00015961,000.35
Tournament (k=3),Blend,Gaussian,0.52190,0.12524,000.00000000,000.00000563,000.00000381,000.00018480,000.28
Tournament (k=3),Blend,Gaussian,0.47762,0.08830,000.00000000,000.00008621,000.00004387,000.00080227,000.31
Tournament (k=3),Blend,Gaussian,0.64187,0.02837,000.00000000,000.00037160,000.00012016,000.09956653,000.21
Tournament (k=3),Blend,Gaussian,0.68096,0.16276,000.00000000,000.00023103,000.00021744,000.00562371,000.43
Tournament (k=3),Blend,Gaussian,0.68096,0.05705,000.00000000,000.00004129,000.00000000,000.00210326,000.23
Tournament (k=3),Blend,Gaussian,0.86261,0.08092,000.00000000,000.00000000,000.00000000,000.00006433,000.26
Tournament (k=3),Blend,Gaussian,0.52190,0.04791,000.00000000,000.00039315,000.00019455,000.00794215,000.28
Tournament (k=3),Blend,Gaussian,0.81310,0.13667,000.00000000,000.00000224,000.00000000,000.00020030,000.37
Tournament (k=3),Blend,Gaussian,0.76642,0.06795,000.00000000,000.00000072,000.00000000,000.00028626,000.32
Tournament (k=3),Blend,Gaussian,0.60503,0.02837,000.00000000,000.00033956,000.00009155,000.02744029,000.22
Tournament (k=3),Blend,Gaussian,0.55369,0.14915,000.00000000,000.00001054,000.00000763,000.00016493,000.38
Tournament (k=3),Blend,Gaussian,0.53756,0.03095,000.00000000,000.00059314,000.00039482,000.01282757,000.22
Tournament (k=3),Arithmetic,Uniform,0.97087,0.07415,000.00001526,000.02417431,000.01787567,000.35140279,000.26
Tournament (k=3),Blend,Gaussian,0.66113,0.11476,000.00000000,000.00000019,000.00000000,000.00054847,000.28
Tournament (k=3),Blend,Gaussian,0.40000,0.02837,000.00000000,000.00209351,000.00120163,000.02113828,000.24
Tournament (k=3),Blend,Gaussian,0.76642,0.19383,000.00055313,000.02932997,000.03169632,000.07606074,000.32
Tournament (k=3),Blend,Gaussian,0.53756,0.09637,000.00000000,000.00003629,000.00001335,000.00123954,000.29
Tournament (k=3),Arithmetic,Uniform,0.88849,0.12524,000.00000000,000.00037370,000.00043106,000.00412747,000.29
Tournament (k=3),Blend,Gaussian,0.66113,0.30000,000.01020432,000.36113706,000.35873222,000.51881886,000.46
Tournament (k=3),Blend,Gaussian,0.64187,0.03095,000.00000000,000.00015826,000.00007439,000.00646164,000.27
Tournament (k=3),Blend,Gaussian,0.52190,0.13667,000.00000000,000.00000525,000.00000381,000.00047182,000.32
Tournament (k=3),Blend,Gaussian,0.47762,0.09637,000.00000000,000.00004063,000.00002289,000.00381990,000.32
Tournament (k=3),Blend,Gaussian,0.88849,0.04023,000.00000000,000.00000000,000.00000000,000.00107553,000.23
Tournament (k=3),Blend,Gaussian,0.62318,0.05228,000.00000000,000.00007038,000.00002289,000.00494071,000.23
Tournament (k=3),Blend,Gaussian,0.40000,0.08830,000.00000000,000.00017347,000.00015068,000.00432448,000.24
Tournament (k=3),Blend,Gaussian,0.53756,0.27490,000.00306702,000.16409855,000.17267609,000.32869744,000.34
Tournament (k=3),Blend,Gaussian,0.78941,0.09637,000.00000000,000.00000000,000.00000000,000.00010899,000.35
Tournament (k=3),Blend,Gaussian,0.86261,0.23084,000.00531769,000.20806322,000.24649429,000.39120996,000.37
Tournament (k=3),Blend,Gaussian,0.66113,0.04023,000.00000000,000.00010915,000.00001335,000.00577114,000.21
Tournament (k=3),Blend,Gaussian,0.49195,0.14915,000.00000000,000.00001373,000.00000954,000.00023764,000.37
Tournament (k=3),Blend,Gaussian,0.72243,0.04023,000.00000000,000.00001554,000.00000000,000.00127615,000.21
Tournament (k=3),Blend,Gaussian,0.88849,0.11476,000.00000000,000.00000000,000.00000000,000.00417201,000.36
Tournament (k=3),Blend,Gaussian,0.78941,0.03686,000.00000000,000.00001416,000.00000000,000.02845059,000.29
Tournament (k=3),Blend,Gaussian,0.45020,0.10516,000.00000000,000.00005322,000.00004196,000.00053142,000.31
Tournament (k=3),Blend,Gaussian,0.64187,0.03378,000.00000000,000.00014157,000.00005531,000.10149880,000.24
Tournament (k=3),Blend,Gaussian,0.60503,0.27490,000.00731659,000.25569773,000.28459740,000.45465252,000.44
Tournament (k=3),Blend,Gaussian,0.81310,0.04390,000.00000000,000.00000415,000.00000000,000.00362811,000.30
Tournament (k=3),Blend,Gaussian,0.88849,0.04390,000.00000000,000.00000000,000.00000000,000.00032000,000.26
Tournament (k=3),Blend,Gaussian,0.78941,0.25191,000.00947952,000.31938297,000.34074783,000.49031085,000.35
Tournament (k=3),Blend,Gaussian,0.47762,0.02837,000.00000000,000.00179009,000.00121880,000.14585012,000.20
Tournament (k=3),Blend,Gaussian,0.57030,0.27490,000.01404572,000.16361842,000.17890167,000.35073093,000.46
Tournament (k=3),Blend,Gaussian,0.47762,0.10516,000.00000000,000.00004964,000.00003052,000.00121998,000.33
Tournament (k=3),Blend,Gaussian,0.74410,0.16276,000.00000000,000.00043349,000.00045586,000.02484271,000.31
Tournament (k=3),Blend,Gaussian,0.72243,0.11476,000.00000000,000.00000000,000.00000000,000.00002912,000.30
Tournament (k=3),Arithmetic,Uniform,0.91514,0.23084,000.02384186,000.55116719,000.64694405,000.64104080,000.31
Tournament (k=3),Blend,Gaussian,0.40000,0.25191,000.00380707,000.06396990,000.07616615,000.08088481,000.40
Tournament (k=3),Blend,Gaussian,0.70139,0.08830,000.00000000,000.00000138,000.00000000,000.00052616,000.26
Tournament (k=3),Blend,Gaussian,0.50670,0.02837,000.00000000,000.00133853,000.00107765,000.10228506,000.22
Tournament (k=3),Blend,Gaussian,0.45020,0.03095,000.00000000,000.00221024,000.00152397,000.13984589,000.19
Tournament (k=3),Blend,Gaussian,0.41200,0.05228,000.00000000,000.00076971,000.00050926,000.00670743,000.28
Tournament (k=3),Blend,Gaussian,0.57030,0.03378,000.00000000,000.00044913,000.00011253,000.01016724,000.27
Tournament (k=3),Blend,Gaussian,0.83749,0.06226,000.00000000,000.00000000,000.00000000,000.00061987,000.32
Tournament (k=3),Blend,Gaussian,0.81310,0.04791,000.00000000,000.00000148,000.00000000,000.09964951,000.24
Tournament (k=3),Blend,Gaussian,0.43709,0.05228,000.00000000,000.00065022,000.00065994,000.00621971,000.22
Tournament (k=3),Blend,Gaussian,0.45020,0.25191,000.00877380,000.06828871,000.07399750,000.10027657,000.38
Tournament (k=3),Arithmetic,Uniform,1.00000,0.14915,000.00002289,000.00249815,000.00219154,000.11343936,000.31
Tournament (k=3),Arithmetic,Uniform,1.00000,0.04023,000.00255966,000.14145651,000.11464691,000.50499529,000.25
Tournament (k=3),Blend,Gaussian,0.46371,0.04791,000.00000000,000.00054102,000.00020218,000.00850141,000.21
Tournament (k=3),Blend,Gaussian,0.74410,0.05705,000.00000000,000.00000296,000.00000000,000.00103266,000.24
Tournament (k=3),Arithmetic,Uniform,0.88849,0.04023,000.00003815,000.08215050,000.08111954,000.34384888,000.25
Tournament (k=3),Blend,Gaussian,0.47762,0.03095,000.00000000,000.00157819,000.00092125,000.01158810,000.26
Tournament (k=3),Blend,Gaussian,0.42436,0.25191,000.00435638,000.06241507,000.06936073,000.15032618,000.41
Tournament (k=3),Blend,Gaussian,0.50670,0.03095,000.00000000,000.00119109,000.00074005,000.02002942,000.21
Tournament (k=3),Blend,Gaussian,0.45020,0.03378,000.00000000,000.00180006,000.00124359,000.09959009,000.21
Tournament (k=3),Blend,Gaussian,0.91514,0.02000,000.00000000,000.00000000,000.00000000,000.13975863,000.27
Tournament (k=3),Blend,Gaussian,0.58741,0.14915,000.00000000,000.00000668,000.00000763,000.00021900,000.30
Tournament (k=3),Blend,Gaussian,0.55369,0.05705,000.00000000,000.00015759,000.00003052,000.00503115,000.30
Tournament (k=3),Blend,Gaussian,0.60503,0.09637,000.00000000,000.00000210,000.00000000,000.00023414,000.37
Tournament (k=3),Blend,Gaussian,0.57030,0.03686,000.00000000,000.00039220,000.00013351,000.01131955,000.29
Tournament (k=3),Arithmetic,Uniform,0.97087,0.23084,000.01721191,000.55357462,000.60976410,000.70328289,000.26
Tournament (k=3),Blend,Gaussian,0.91514,0.05705,000.00000000,000.00000000,000.00000000,000.00850534,000.33
Tournament (k=3),Blend,Gaussian,0.74410,0.17762,000.00001144,000.00437536,000.00490379,000.01199899,000.41
Tournament (k=3),Blend,Gaussian,0.50670,0.11476,000.00000000,000.00000882,000.00000381,000.00031375,000.28
Tournament (k=3),Blend,Gaussian,0.86261,0.03095,000.00000000,000.00000005,000.00000000,000.09898048,000.30
Tournament (k=3),Arithmetic,Uniform,1.00000,0.04390,000.00000000,000.12935504,000.11508369,000.64760822,000.30
Tournament (k=3),Blend,Gaussian,0.42436,0.02183,000.00000000,000.00436430,000.00278091,000.14142255,000.19
Tournament (k=3),Arithmetic,Uniform,0.86261,0.02183,000.00077057,000.20996055,000.24868011,000.51328242,000.18
Tournament (k=3),Blend,Gaussian,0.57030,0.09637,000.00000000,000.00001554,000.00000763,000.00094734,000.26
Tournament (k=3),Blend,Gaussian,0.94259,0.02837,000.00000000,000.00000000,000.00000000,000.23726371,000.22
Tournament (k=3),Blend,Gaussian,0.70139,0.02837,000.00000000,000.00023298,000.00003242,000.09895413,000.28
Tournament (k=3),Blend,Gaussian,0.74410,0.06226,000.00000000,000.00000520,000.00000000,000.00311649,000.30
Tournament (k=3),Blend,Gaussian,0.76642,0.02599,000.00000000,000.00001011,000.00000000,000.09909677,000.28
Tournament (k=3),Blend,Gaussian,0.46371,0.05228,000.00000000,000.00044098,000.00021553,000.00539771,000.31
Tournament (k=3),Blend,Gaussian,0.83749,0.17762,000.00023651,000.01234512,000.01343155,000.10737960,000.43
Tournament (k=3),Blend,Gaussian,0.91514,0.02183,000.00000000,000.00000000,000.00000000,000.19518192,000.29
Tournament (k=3),Blend,Gaussian,0.70139,0.23084,000.00662231,000.11812787,000.13559532,000.28995946,000.44
Tournament (k=3),Blend,Gaussian,0.64187,0.25191,000.00197983,000.16680308,000.20652008,000.35107538,000.35
Tournament (k=3),Blend,Gaussian,0.68096,0.06226,000.00000000,000.00002685,000.00000381,000.00235681,000.25
Tournament (k=3),Blend,Gaussian,0.46371,0.14915,000.00000000,000.00001421,000.00001335,000.00016322,000.38
Tournament (k=3),Blend,Gaussian,0.91514,0.16276,000.00001907,000.00336781,000.00360298,000.02299139,000.45
Tournament (k=3),Blend,Gaussian,0.86261,0.08830,000.00000000,000.00000000,000.00000000,000.10626177,000.30
Tournament (k=3),Blend,Gaussian,0.60503,0.03095,000.00000000,000.00037742,000.00011635,000.00795043,000.23
Tournament (k=3),Blend,Gaussian,0.53756,0.03378,000.00000000,000.00071630,000.00041580,000.00605250,000.22
Tournament (k=3),Blend,Gaussian,0.52190,0.05228,000.00000000,000.00040474,000.00017166,000.00291621,000.29
Tournament (k=3),Blend,Gaussian,0.81310,0.14915,000.00000000,000.00005779,000.00004578,000.00372745,000.32
Tournament (k=3),Arithmetic,Uniform,0.97087,0.08092,000.00000000,000.01462245,000.01218224,000.36926535,000.28
Tournament (k=3),Blend,Gaussian,0.76642,0.02837,000.00000000,000.00002542,000.00000000,000.11528484,000.29
Tournament (k=3),Blend,Gaussian,0.66113,0.12524,000.00000000,000.00000000,000.00000000,000.00009813,000.30
Tournament (k=3),Blend,Gaussian,0.76642,0.07415,000.00000000,000.00000067,000.00000000,000.00031418,000.35
Tournament (k=3),Blend,Gaussian,0.68096,0.17762,000.00001526,000.00231290,000.00240707,000.01298562,000.51
Tournament (k=3),Blend,Gaussian,0.68096,0.02000,000.00000000,000.00017676,000.00001526,000.10067087,000.26
Tournament (k=3),Blend,Gaussian,0.76642,0.21153,000.00586700,000.08138008,000.08592033,000.22202724,000.35
Tournament (k=3),Blend,Gaussian,0.55369,0.16276,000.00000000,000.00008340,000.00007057,000.00107984,000.40
Tournament (k=3),Blend,Gaussian,0.52190,0.14915,000.00000000,000.00001092,000.00000954,000.00008317,000.31
Tournament (k=3),Blend,Gaussian,0.62318,0.05705,000.00000000,000.00004616,000.00001144,000.00217491,000.24
Tournament (k=3),Blend,Gaussian,0.60503,0.03378,000.00000000,000.00033431,000.00014114,000.00690021,000.25
Tournament (k=3),Blend,Gaussian,0.64187,0.08092,000.00000000,000.00001493,000.00000191,000.00370089,000.32
Tournament (k=3),Blend,Gaussian,0.53756,0.03686,000.00000000,000.00079246,000.00036049,000.01665357,000.24
Tournament (k=3),Blend,Gaussian,0.74410,0.06795,000.00000000,000.00000219,000.00000000,000.00049015,000.44
Tournament (k=3),Blend,Gaussian,0.78941,0.10516,000.00000000,000.00000000,000.00000000,000.00005460,000.28
Tournament (k=3),Blend,Gaussian,0.94259,0.08092,000.00000000,000.00000000,000.00000000,000.01056104,000.49
Tournament (k=3),Blend,Gaussian,0.86261,0.09637,000.00000000,000.00000000,000.00000000,000.01530174,000.34
Tournament (k=3),Blend,Gaussian,0.58741,0.05228,000.00000000,000.00016522,000.00012016,000.00444910,000.23
Tournament (k=3),Blend,Gaussian,0.94259,0.23084,000.00660706,000.43544650,000.42265511,000.60215735,000.46
Tournament (k=3),Blend,Gaussian,0.72243,0.04390,000.00000000,000.00003262,000.00000000,000.00544614,000.29
Tournament (k=3),Blend,Gaussian,0.62318,0.16276,000.00000000,000.00011401,000.00012589,000.00137161,000.45
Tournament (k=3),Blend,Gaussian,0.78941,0.04023,000.00000000,000.00000439,000.00000000,000.09903979,000.30
Tournament (k=3),Blend,Gaussian,0.62318,0.06226,000.00000000,000.00002570,000.00000763,000.00142405,000.24
Tournament (k=3),Blend,Gaussian,0.49195,0.16276,000.00000000,000.00004506,000.00004387,000.00044450,000.38
Tournament (k=3),Blend,Gaussian,0.88849,0.04791,000.00000000,000.00000000,000.00000000,000.00101853,000.31
Tournament (k=3),Blend,Gaussian,0.49195,0.05228,000.00000000,000.00040541,000.00032806,000.00681937,000.22
Tournament (k=3),Blend,Gaussian,0.97087,0.04023,000.00000000,000.00000000,000.00000000,000.14008045,000.23
Tournament (k=3),Blend,Gaussian,0.88849,0.12524,000.00000000,000.00000000,000.00000000,000.00310474,000.39
Tournament (k=3),Blend,Gaussian,0.72243,0.12524,000.00000000,000.00000000,000.00000000,000.00009327,000.29
Tournament (k=3),Blend,Gaussian,0.78941,0.27490,000.01858521,000.49239698,000.51359558,000.54616743,000.35
Tournament (k=3),Blend,Gaussian,0.86261,0.25191,000.02854919,000.42831317,000.50082016,000.49202612,000.54
Tournament (k=3),Blend,Gaussian,0.53756,0.04023,000.00000000,000.00036006,000.00014877,000.00694114,000.30
Tournament (k=3),Blend,Gaussian,0.47762,0.25191,000.00835037,000.07641955,000.08053970,000.14587820,000.42
Tournament (k=3),Blend,Gaussian,0.70139,0.09637,000.00000000,000.00000081,000.00000000,000.00024077,000.27
Tournament (k=3),Blend,Gaussian,0.68096,0.02183,000.00000000,000.00062943,000.00015640,000.15072332,000.48
Tournament (k=3),Blend,Gaussian,0.60503,0.30000,000.01255035,000.29655400,000.31697655,000.45723560,000.49
Tournament (k=3),Blend,Gaussian,0.81310,0.05228,000.00000000,000.00000024,000.00000000,000.00176113,000.23
Tournament (k=3),Blend,Gaussian,0.57030,0.30000,000.02017593,000.35563579,000.42940903,000.40108231,000.50
Tournament (k=3),Blend,Gaussian,0.40000,0.27490,000.01099396,000.10615530,000.11080742,000.28913149,000.35
Tournament (k=3),Blend,Gaussian,0.50670,0.03378,000.00000000,000.00103741,000.00055313,000.09907956,000.21
Tournament (k=3),Blend,Gaussian,1.00000,0.02000,000.00000000,000.00002017,000.00000000,000.31072417,000.21
Tournament (k=3),Blend,Gaussian,0.68096,0.19383,000.00088882,000.01266394,000.01225662,000.04562101,000.45
Tournament (k=3),Blend,Gaussian,0.43709,0.05705,000.00000000,000.00037727,000.00033569,000.00439467,000.27
Tournament (k=3),Blend,Gaussian,0.47762,0.03378,000.00000000,000.00115333,000.00078773,000.01586402,000.26
Tournament (k=3),Blend,Gaussian,0.83749,0.06795,000.00000000,000.00000000,000.00000000,000.00034507,000.33
Tournament (k=3),Blend,Gaussian,0.83749,0.02599,000.00000000,000.00000057,000.00000000,000.00110448,000.28
Tournament (k=3),Blend,Gaussian,0.45020,0.27490,000.00677490,000.11064263,000.11619377,000.26161450,000.33
Tournament (k=3),Blend,Gaussian,0.43709,0.14915,000.00000000,000.00002422,000.00001907,000.00027660,000.28
Tournament (k=3),Blend,Gaussian,0.50670,0.30000,000.00698853,000.25310031,000.26923370,000.44813481,000.44
Tournament (k=3),Blend,Gaussian,0.97087,0.11476,000.00000000,000.00000000,000.00000000,000.09933600,000.37
Tournament (k=3),Blend,Gaussian,0.58741,0.16276,000.00000000,000.00007744,000.00007629,000.00090562,000.31
Tournament (k=3),Blend,Gaussian,0.55369,0.06226,000.00000000,000.00012202,000.00004578,000.00256941,000.29
Tournament (k=3),Arithmetic,Uniform,0.97087,0.25191,000.03401947,000.77454060,001.08345604,000.85478556,000.25
Tournament (k=3),Blend,Gaussian,0.42436,0.27490,000.00822449,000.09898343,000.10866165,000.18418233,000.42
Tournament (k=3),Blend,Gaussian,0.42436,0.02382,000.00000000,000.00460877,000.00334358,000.12325637,000.18
Tournament (k=3),Blend,Gaussian,0.57030,0.04023,000.00000000,000.00036988,000.00010681,000.01550232,000.28
Tournament (k=3),Blend,Gaussian,0.72243,0.30000,000.02158356,000.53045440,000.63058472,000.53112197,000.50
Tournament (k=3),Arithmetic,Uniform,1.00000,0.04791,000.00020599,000.05314345,000.05462646,000.36051700,000.25
Tournament (k=3),Blend,Gaussian,0.50670,0.12524,000.00000000,000.00000930,000.00000763,000.00014664,000.27
Tournament (k=3),Blend,Gaussian,1.00000,0.05705,000.00000000,000.00000000,000.00000000,000.26628050,000.25
Tournament (k=3),Blend,Gaussian,0.60503,0.10516,000.00000000,000.00000424,000.00000000,000.00095708,000.38
Tournament (k=3),Blend,Gaussian,0.91514,0.06226,000.00000000,000.00000000,000.00000000,000.21680553,000.32
Tournament (k=3),Blend,Gaussian,0.70139,0.03095,000.00000000,000.00018530,000.00001526,000.13909753,000.21
Tournament (k=3),Blend,Gaussian,0.86261,0.03378,000.00000000,000.00000000,000.00000000,000.00289871,000.29
Tournament (k=3),Blend,Gaussian,0.74410,0.19383,000.00074005,000.01969180,000.02098083,000.10895499,000.32
Tournament (k=3),Blend,Gaussian,0.83749,0.02837,000.00000000,000.00000043,000.00000000,000.00597601,000.25
Tournament (k=3),Blend,Gaussian,0.53756,0.10516,000.00000000,000.00000648,000.00000381,000.00034807,000.26
Tournament (k=3),Blend,Gaussian,0.83749,0.07415,000.00000000,000.00000000,000.00000000,000.02532477,000.34
Tournament (k=3),Blend,Gaussian,0.42436,0.02599,000.00000000,000.00255823,000.00203323,000.03058206,000.19
Tournament (k=3),Blend,Uniform,0.40000,0.02837,000.00000000,000.04996810,000.03136444,000.35310516,000.18
Tournament (k=3),Blend,Gaussian,0.91514,0.02382,000.00000000,000.00000005,000.00000000,000.21679813,000.28
Tournament (k=3),Blend,Uniform,0.40000,0.08092,000.00000000,000.00351324,000.00321960,000.02949553,000.21
Tournament (k=3),Blend,Gaussian,1.00000,0.16276,000.00020599,000.00722260,000.00769424,000.02400916,000.41
Tournament (k=3),Blend,Gaussian,0.57030,0.04390,000.00000000,000.00037041,000.00025368,000.00421655,000.29
Tournament (k=3),Blend,Gaussian,0.68096,0.06795,000.00000000,000.00001440,000.00000000,000.00096707,000.31
Tournament (k=3),Blend,Gaussian,0.76642,0.03095,000.00000000,000.00000505,000.00000000,000.09907492,000.23
Tournament (k=3),Blend,Gaussian,0.97087,0.12524,000.00000000,000.00000105,000.00000000,000.01193678,000.40
Tournament (k=3),Blend,Gaussian,0.64187,0.27490,000.01556396,000.31911951,000.34846115,000.45726290,000.34
Tournament (k=3),Blend,Gaussian,0.46371,0.16276,000.00000000,000.00006518,000.00005341,000.00054411,000.29
Tournament (k=3),Blend,Gaussian,0.91514,0.06795,000.00000000,000.00000000,000.00000000,000.10494998,000.28
Tournament (k=3),Blend,Gaussian,0.52190,0.05705,000.00000000,000.00017328,000.00013733,000.00520775,000.29
Tournament (k=3),Blend,Gaussian,0.83749,0.19383,000.00109100,000.03590555,000.03757858,000.15629002,000.42
Tournament (k=3),Blend,Uniform,0.40000,0.23084,000.00827408,000.32957882,000.32658577,000.52717865,000.31
Tournament (k=3),Blend,Gaussian,0.81310,0.16276,000.00000763,000.00137129,000.00158691,000.01681025,000.31
Tournament (k=3),Blend,Uniform,0.41200,0.04023,000.00000000,000.01678205,000.01305389,000.21932837,000.23
Tournament (k=3),Blend,Gaussian,0.70139,0.25191,000.00746155,000.17469653,000.17928505,000.36581606,000.43
Tournament (k=3),Blend,Gaussian,0.60503,0.11476,000.00000000,000.00000215,000.00000000,000.00015672,000.36
Tournament (k=3),Blend,Gaussian,0.66113,0.13667,000.00000000,000.00000072,000.00000000,000.00017326,000.29
Tournament (k=3),Blend,Gaussian,0.76642,0.08092,000.00000000,000.00000010,000.00000000,000.00009108,000.32
Tournament (k=3),Blend,Gaussian,0.64187,0.03686,000.00000000,000.00015082,000.00006104,000.01005789,000.27
Tournament (k=3),Blend,Gaussian,0.60503,0.03686,000.00000000,000.00042429,000.00012207,000.00899688,000.22
Tournament (k=3),Blend,Gaussian,0.74410,0.07415,000.00000000,000.00000091,000.00000000,000.00059183,000.25
Tournament (k=3),Blend,Gaussian,0.58741,0.05705,000.00000000,000.00008078,000.00002861,000.00139249,000.24
Tournament (k=3),Blend,Gaussian,0.72243,0.04791,000.00000000,000.00006704,000.00000763,000.00278685,000.23
Tournament (k=3),Blend,Gaussian,0.76642,0.23084,000.00323486,000.11897292,000.12212944,000.30351213,000.37
Tournament (k=3),Blend,Gaussian,0.47762,0.11476,000.00000000,000.00001788,000.00001526,000.00054052,000.34
Tournament (k=3),Blend,Gaussian,0.78941,0.04390,000.00000000,000.00000205,000.00000000,000.00247773,000.23
Tournament (k=3),Blend,Gaussian,0.64187,0.08830,000.00000000,000.00000315,000.00000000,000.00077919,000.34
Tournament (k=3),Blend,Gaussian,0.52190,0.16276,000.00000000,000.00009069,000.00007820,000.00071243,000.37
Tournament (k=3),Blend,Gaussian,0.62318,0.06795,000.00000000,000.00004330,000.00001144,000.00179573,000.24
Tournament (k=3),Blend,Gaussian,0.91514,0.07415,000.00000000,000.00000000,000.00000000,000.18132222,000.32
Tournament (k=3),Blend,Gaussian,0.78941,0.11476,000.00000000,000.00000000,000.00000000,000.00001387,000.36
Tournament (k=3),Blend,Gaussian,0.94259,0.08830,000.00000000,000.00000000,000.00000000,000.24526590,000.35
Tournament (k=3),Blend,Gaussian,0.55369,0.17762,000.00001144,000.00074992,000.00078583,000.00503298,000.41
Tournament (k=3),Blend,Gaussian,0.62318,0.17762,000.00002670,000.00183144,000.00149536,000.00763756,000.31
Tournament (k=3),Blend,Gaussian,0.88849,0.05228,000.00000000,000.00000000,000.00000000,000.00038624,000.31
Tournament (k=3),Blend,Gaussian,0.60503,0.04023,000.00000000,000.00028629,000.00018311,000.00509456,000.25
Tournament (k=3),Blend,Gaussian,0.49195,0.17762,000.00000763,000.00065832,000.00066185,000.00236360,000.39
Tournament (k=3),Blend,Gaussian,0.94259,0.25191,000.00980377,000.50030667,000.52352524,000.60937136,000.45
Tournament (k=3),Blend,Gaussian,0.97087,0.04390,000.00000000,000.00000000,000.00000000,000.21542472,000.31
Tournament (k=3),Blend,Gaussian,0.72243,0.13667,000.00000000,000.00000033,000.00000000,000.00062030,000.30
Tournament (k=3),Blend,Gaussian,0.76642,0.08830,000.00000000,000.00000000,000.00000000,000.00005340,000.37
Tournament (k=3),Blend,Gaussian,0.81310,0.05705,000.00000000,000.00000033,000.00000000,000.00113615,000.24
Tournament (k=3),Blend,Gaussian,0.58741,0.06226,000.00000000,000.00013409,000.00003052,000.00619442,000.28
Tournament (k=3),Blend,Gaussian,0.50670,0.03686,000.00000000,000.00108080,000.00058174,000.00941170,000.21
Tournament (k=3),Blend,Gaussian,1.00000,0.02183,000.00000000,000.00000091,000.00000000,000.22347042,000.21
Tournament (k=3),Blend,Gaussian,0.70139,0.10516,000.00000000,000.00000000,000.00000000,000.00003352,000.27
Tournament (k=3),Blend,Gaussian,0.62318,0.02000,000.00000000,000.00062904,000.00009918,000.14751300,000.25
Tournament (k=3),Blend,Gaussian,0.68096,0.02382,000.00000000,000.00029397,000.00002861,000.00917599,000.27
Tournament (k=3),Blend,Gaussian,0.78941,0.30000,000.00856781,000.68979520,000.84574509,000.55482751,000.35
Tournament (k=3),Blend,Gaussian,0.58741,0.02000,000.00000000,000.00099440,000.00028038,000.19472794,000.25
Tournament (k=3),Blend,Gaussian,0.86261,0.27490,000.06031799,000.62517035,000.74042892,000.55873579,000.38
Tournament (k=3),Blend,Uniform,0.42436,0.02000,000.00000000,000.11634155,000.07612228,000.49919239,000.22
Tournament (k=3),Blend,Uniform,0.41200,0.11476,000.00000000,000.00098958,000.00074387,000.00551742,000.28
Tournament (k=3),Blend,Gaussian,0.60503,0.04390,000.00000000,000.00017829,000.00006104,000.00403192,000.28
Tournament (k=3),Blend,Gaussian,0.47762,0.27490,000.00464630,000.14679798,000.16164017,000.32945096,000.43
Tournament (k=3),Blend,Gaussian,0.57030,0.10516,000.00000000,000.00000534,000.00000381,000.00046479,000.27
Tournament (k=3),Blend,Gaussian,0.68096,0.21153,000.00193787,000.04701266,000.04955673,000.18707410,000.40
Tournament (k=3),Blend,Uniform,0.42436,0.05705,000.00000000,000.00648847,000.00469398,000.06700458,000.20
Tournament (k=3),Blend,Gaussian,0.46371,0.05705,000.00000000,000.00041366,000.00031281,000.00681817,000.22
Tournament (k=3),Blend,Gaussian,0.52190,0.02000,000.00000000,000.00167022,000.00074768,000.18629837,000.25
Tournament (k=3),Blend,Gaussian,1.00000,0.02382,000.00000000,000.00000029,000.00000000,000.33406386,000.24
Tournament (k=3),Blend,Uniform,0.42436,0.02183,000.00000000,000.13853851,000.06905556,000.47968322,000.19
Tournament (k=3),Blend,Gaussian,0.43709,0.16276,000.00000000,000.00010867,000.00010490,000.00082810,000.29
Tournament (k=3),Blend,Gaussian,0.70139,0.03378,000.00000000,000.00010438,000.00000763,000.01045583,000.21
Tournament (k=3),Blend,Gaussian,0.97087,0.04791,000.00000000,000.00000000,000.00000000,000.31003949,000.31
Tournament (k=3),Blend,Gaussian,1.00000,0.06226,000.00000000,000.00000000,000.00000000,000.36206511,000.25
Tournament (k=3),Blend,Gaussian,0.74410,0.02000,000.00000000,000.00022502,000.00002480,000.21670878,000.27
Tournament (k=3),Blend,Gaussian,0.58741,0.02183,000.00000000,000.00162220,000.00086021,000.05231231,000.27
Tournament (k=3),Blend,Uniform,0.42436,0.16276,000.00000000,000.00180268,000.00195885,000.01496024,000.30
Tournament (k=3),Blend,Gaussian,0.94259,0.27490,000.09151459,000.77720249,000.96778107,000.73373240,000.48
Tournament (k=3),Blend,Gaussian,0.58741,0.17762,000.00002289,000.00102291,000.00120735,000.00862884,000.39
Tournament (k=3),Blend,Gaussian,0.86261,0.03686,000.00000000,000.00000081,000.00000000,000.00058850,000.25
Tournament (k=3),Blend,Gaussian,0.83749,0.03095,000.00000000,000.00000052,000.00000000,000.10172670,000.22
Tournament (k=3),Blend,Gaussian,0.42436,0.02837,000.00000000,000.00395641,000.00343895,000.10684610,000.20
Tournament (k=3),Blend,Uniform,0.40000,0.03095,000.00000000,000.04276967,000.03087234,000.35458684,000.19
Tournament (k=3),Blend,Gaussian,0.53756,0.11476,000.00000000,000.00000753,000.00000763,000.00027380,000.27
Tournament (k=3),Blend,Gaussian,0.42436,0.30000,000.00508118,000.18272194,000.22074127,000.28548098,000.45
Tournament (k=3),Blend,Gaussian,0.57030,0.04791,000.00000000,000.00032930,000.00018692,000.00826163,000.22
Tournament (k=3),Blend,Uniform,0.40000,0.08830,000.00000000,000.00303483,000.00181389,000.02666654,000.26
Tournament (k=3),Blend,Gaussian,0.74410,0.21153,000.00344849,000.05839863,000.07076645,000.19576873,000.36
Tournament (k=3),Blend,Gaussian,0.83749,0.08092,000.00000000,000.00000000,000.00000000,000.00005195,000.30
Tournament (k=3),Blend,Gaussian,0.68096,0.07415,000.00000000,000.00000277,000.00000000,000.00095613,000.25
Tournament (k=3),Blend,Gaussian,0.91514,0.02599,000.00000000,000.00000000,000.00000000,000.00380314,000.28
Tournament (k=3),Blend,Gaussian,0.76642,0.03378,000.00000000,000.00003734,000.00000381,000.00439165,000.25
Tournament (k=3),Blend,Gaussian,0.86261,0.30000,000.07831955,000.82185805,001.08396721,000.61649460,000.49
Tournament (k=3),Blend,Gaussian,0.74410,0.02183,000.00000000,000.00009866,000.00001526,000.00818818,000.28
Tournament (k=3),Blend,Gaussian,0.58741,0.02382,000.00000000,000.00062242,000.00017357,000.14361307,000.27
Tournament (k=3),Blend,Uniform,0.42436,0.17762,000.00007629,000.00764065,000.00807571,000.03147862,000.32
Tournament (k=3),Blend,Uniform,0.41200,0.04390,000.00000000,000.01312680,000.00998306,000.14860834,000.24
Tournament (k=3),Blend,Gaussian,0.52190,0.06226,000.00000000,000.00012755,000.00004959,000.00392641,000.29
Tournament (k=3),Blend,Gaussian,1.00000,0.17762,000.00039673,000.04346585,000.04775620,000.22290710,000.45
Tournament (k=3),Blend,Gaussian,0.81310,0.17762,000.00012207,000.00976968,000.01155853,000.03916014,000.31
Tournament (k=3),Blend,Gaussian,0.49195,0.05705,000.00000000,000.00047569,000.00036049,000.00325653,000.22
Tournament (k=3),Blend,Gaussian,0.53756,0.04390,000.00000000,000.00031085,000.00013351,000.00636320,000.22
Tournament (k=3),Blend,Uniform,0.40000,0.25191,000.01998901,000.65533966,000.78155708,000.60141665,000.33
Tournament (k=3),Blend,Gaussian,0.86261,0.10516,000.00000000,000.00000000,000.00000000,000.00037027,000.36
Tournament (k=3),Blend,Gaussian,0.64187,0.04023,000.00000000,000.00014505,000.00007629,000.00406456,000.24
Tournament (k=3),Blend,Gaussian,0.72243,0.05228,000.00000000,000.00001297,000.00000000,000.00095245,000.23
Tournament (k=3),Blend,Gaussian,0.46371,0.17762,000.00000763,000.00042887,000.00045013,000.00240219,000.38
Tournament (k=3),Blend,Gaussian,0.74410,0.08092,000.00000000,000.00000105,000.00000000,000.00021481,000.25
Tournament (k=3),Blend,Gaussian,0.60503,0.12524,000.00000000,000.00000100,000.00000000,000.00016859,000.28
Tournament (k=3),Blend,Uniform,0.43709,0.02837,000.00000000,000.08140039,000.05485725,000.44410828,000.24
Tournament (k=3),Blend,Gaussian,0.88849,0.02000,000.00000000,000.00000019,000.00000000,000.13925499,000.28
Tournament (k=3),Blend,Gaussian,0.83749,0.21153,000.00170135,000.10611562,000.12007904,000.37225905,000.42
Tournament (k=3),Blend,Gaussian,0.66113,0.14915,000.00000000,000.00001254,000.00001144,000.00037539,000.34
Tournament (k=3),Blend,Gaussian,0.78941,0.04791,000.00000000,000.00000181,000.00000000,000.00274616,000.25
Tournament (k=3),Blend,Gaussian,0.88849,0.13667,000.00000000,000.00001163,000.00000763,000.00014696,000.39
Tournament (k=3),Blend,Gaussian,0.70139,0.27490,000.03585815,000.37576050,000.34695053,000.42344427,000.45
Tournament (k=3),Blend,Gaussian,0.64187,0.09637,000.00000000,000.00000281,000.00000000,000.00086528,000.27
Tournament (k=3),Blend,Uniform,0.41200,0.04791,000.00000000,000.01424708,000.01038170,000.16248754,000.25
Tournament (k=3),Blend,Gaussian,0.94259,0.03095,000.00000000,000.00000000,000.00000000,000.13927546,000.21
Tournament (k=3),Blend,Gaussian,0.47762,0.03686,000.00000000,000.00095735,000.00029564,000.00777705,000.26
Tournament (k=3),Blend,Gaussian,0.62318,0.19383,000.00012970,000.00987191,000.01077461,000.04191730,000.31
Tournament (k=3),Blend,Gaussian,0.88849,0.05705,000.00000000,000.00000000,000.00000000,000.00117133,000.31
Tournament (k=3),Blend,Gaussian,0.58741,0.06795,000.00000000,000.00004606,000.00003815,000.00153503,000.24
Tournament (k=3),Blend,Gaussian,0.81310,0.06226,000.00000000,000.00000000,000.00000000,000.00035045,000.24
Tournament (k=3),Blend,Uniform,0.40000,0.27490,000.04901886,000.68297625,000.74544907,000.65708023,000.33
Tournament (k=3),Blend,Gaussian,0.91514,0.08092,000.00000000,000.00000000,000.00000000,000.00087532,000.35
Tournament (k=3),Blend,Gaussian,0.72243,0.14915,000.00000000,000.00001950,000.00001907,000.00324690,000.30
Tournament (k=3),Blend,Gaussian,0.94259,0.09637,000.00000000,000.00000000,000.00000000,000.00534959,000.35
Tournament (k=3),Blend,Gaussian,0.78941,0.12524,000.00000000,000.00000000,000.00000000,000.00011246,000.37
Tournament (k=3),Blend,Gaussian,0.50670,0.04023,000.00000000,000.00083613,000.00050926,000.01531200,000.27
Tournament (k=3),Blend,Gaussian,0.45020,0.30000,000.00346756,000.18827549,000.20364571,000.34306842,000.34
Tournament (k=3),Blend,Gaussian,1.00000,0.19383,000.00291061,000.11962943,000.13923836,000.38322932,000.44
Tournament (k=3),Blend,Gaussian,0.49195,0.19383,000.00012970,000.00313821,000.00302124,000.01407091,000.39
Tournament (k=3),Blend,Gaussian,0.62318,0.02183,000.00000000,000.00070300,000.00023842,000.10505912,000.26
Tournament (k=3),Blend,Gaussian,0.76642,0.09637,000.00000000,000.00000000,000.00000000,000.00004684,000.34
Tournament (k=3),Blend,Gaussian,0.70139,0.11476,000.00000000,000.00000000,000.00000000,000.00039610,000.28
Tournament (k=3),Blend,Gaussian,0.81310,0.02000,000.00000000,000.00000234,000.00000000,000.09915251,000.20
Tournament (k=3),Blend,Gaussian,0.55369,0.06795,000.00000000,000.00009756,000.00003815,000.00345656,000.30
Tournament (k=3),Blend,Gaussian,0.68096,0.02599,000.00000000,000.00010395,000.00001526,000.01217949,000.27
Tournament (k=3),Blend,Uniform,0.43709,0.08092,000.00000000,000.00197129,000.00102234,000.10870265,000.25
Tournament (k=3),Blend,Gaussian,0.66113,0.04390,000.00000000,000.00011916,000.00001144,000.00803356,000.22
Tournament (k=3),Blend,Uniform,0.42436,0.06226,000.00000000,000.00600896,000.00449753,000.10389692,000.20
Tournament (k=3),Blend,Gaussian,0.46371,0.06226,000.00000000,000.00034523,000.00018501,000.00398995,000.22
Tournament (k=3),Blend,Uniform,0.41200,0.12524,000.00000000,000.00069194,000.00062180,000.01742440,000.29
Tournament (k=3),Blend,Gaussian,0.60503,0.04791,000.00000000,000.00017600,000.00003433,000.00453056,000.28
Tournament (k=3),Blend,Gaussian,0.52190,0.02183,000.00000000,000.00153947,000.00081825,000.02816924,000.25
Tournament (k=3),Blend,Gaussian,0.70139,0.03686,000.00000000,000.00009203,000.00003052,000.00504214,000.22
Tournament (k=3),Blend,Gaussian,0.53756,0.30000,000.01881409,000.27274761,000.31957626,000.41490531,000.34
Tournament (k=3),Blend,Gaussian,1.00000,0.02599,000.00000000,000.00000010,000.00000000,000.25986964,000.28
Tournament (k=3),Blend,Gaussian,0.91514,0.08830,000.00000000,000.00000000,000.00000000,000.02806300,000.34
Tournament (k=3),Blend,Gaussian,0.43709,0.17762,000.00000763,000.00035119,000.00038528,000.00237561,000.30
Tournament (k=3),Blend,Gaussian,0.47762,0.30000,000.02519989,000.25105944,000.25312805,000.36845449,000.39
Tournament (k=3),Blend,Gaussian,0.68096,0.23084,000.00567627,000.09875274,000.10488701,000.23767588,000.39
Tournament (k=3),Blend,Gaussian,0.97087,0.05228,000.00000000,000.00000000,000.00000000,000.14343251,000.31
Tournament (k=3),Blend,Gaussian,0.86261,0.04023,000.00000000,000.00000048,000.00000000,000.00041188,000.23
Tournament (k=3),Blend,Gaussian,0.42436,0.03095,000.00000000,000.00101337,000.00035286,000.01554505,000.19
Tournament (k=3),Blend,Gaussian,0.83749,0.03378,000.00000000,000.00000162,000.00000000,000.09898432,000.22
Tournament (k=3),Blend,Gaussian,0.97087,0.13667,000.00000000,000.00003500,000.00003624,000.08942913,000.36
Tournament (k=3),Blend,Gaussian,0.70139,0.12524,000.00000000,000.00000000,000.00000000,000.00009911,000.39
Tournament (k=3),Blend,Gaussian,1.00000,0.21153,000.01067352,000.31696826,000.28799057,000.48257771,000.43
Tournament (k=3),Blend,Uniform,0.45020,0.04023,000.00000000,000.01209769,000.00492859,000.25504655,000.20
Tournament (k=3),Blend,Uniform,0.40000,0.09637,000.00000000,000.00166163,000.00118828,000.01897393,000.22
Tournament (k=3),Blend,Uniform,0.41200,0.13667,000.00000000,000.00056715,000.00041389,000.01023769,000.30
Tournament (k=3),Blend,Gaussian,0.58741,0.19383,000.00016785,000.00730081,000.00752640,000.05875380,000.40
Tournament (k=3),Blend,Gaussian,0.64187,0.30000,000.02716064,000.43243057,000.44574356,000.49624714,000.46
Tournament (k=3),Blend,Gaussian,0.60503,0.05228,000.00000000,000.00008793,000.00004578,000.00457257,000.32
Tournament (k=3),Blend,Gaussian,0.52190,0.02382,000.00000000,000.00184684,000.00187683,000.14278683,000.32
Tournament (k=3),Blend,Gaussian,0.94259,0.30000,000.13634491,000.98311996,001.23238564,000.66175652,000.50
Tournament (k=3),Blend,Gaussian,0.76642,0.03686,000.00000000,000.00000353,000.00000000,000.00311898,000.23
Tournament (k=3),Blend,Uniform,0.43709,0.23084,000.02497482,000.31630167,000.34565163,000.45522329,000.33
Tournament (k=3),Blend,Gaussian,0.68096,0.08092,000.00000000,000.00000181,000.00000000,000.00019106,000.25
Tournament (k=3),Blend,Gaussian,0.74410,0.23084,000.00248718,000.11748953,000.12404633,000.38671285,000.33
Tournament (k=3),Blend,Gaussian,0.58741,0.02599,000.00000000,000.00057960,000.00014496,000.13933419,000.24
Tournament (k=3),Blend,Gaussian,0.91514,0.02837,000.00000000,000.00000000,000.00000000,000.19493188,000.29
Tournament (k=3),Blend,Gaussian,0.74410,0.02382,000.00000000,000.00005436,000.00000381,000.00939239,000.27
Tournament (k=3),Blend,Gaussian,0.83749,0.08830,000.00000000,000.00000000,000.00000000,000.00009764,000.35
Tournament (k=3),Blend,Gaussian,0.76642,0.25191,000.00622177,000.28218022,000.29457474,000.48360085,000.35
Tournament (k=3),Blend,Gaussian,0.62318,0.07415,000.00000000,000.00003276,000.00001526,000.00145909,000.26
Tournament (k=3),Blend,Uniform,0.42436,0.19383,000.00157166,000.04305911,000.05428314,000.19165163,000.33
Tournament (k=3),Blend,Gaussian,0.52190,0.06795,000.00000000,000.00030756,000.00026321,000.00524806,000.30
Tournament (k=3),Blend,Uniform,0.45020,0.11476,000.00000000,000.00047979,000.00035095,000.00877159,000.26
Tournament (k=3),Blend,Gaussian,0.52190,0.17762,000.00000763,000.00055332,000.00056839,000.00163137,000.31
Tournament (k=3),Blend,Gaussian,0.66113,0.02000,000.00000000,000.00027537,000.00007248,000.14040285,000.24
Tournament (k=3),Blend,Gaussian,0.49195,0.06226,000.00000000,000.00030894,000.00014305,000.00495049,000.29
Tournament (k=3),Blend,Gaussian,0.81310,0.19383,000.00190735,000.03901114,000.03718758,000.15468524,000.33
Tournament (k=3),Blend,Gaussian,0.64187,0.04390,000.00000000,000.00027614,000.00011444,000.00552429,000.29
Tournament (k=3),Blend,Gaussian,0.88849,0.02183,000.00000000,000.00000000,000.00000000,000.17924665,000.21
Tournament (k=3),Blend,Uniform,0.43709,0.03095,000.00000000,000.04968920,000.03838730,000.32473347,000.24
Tournament (k=3),Blend,Uniform,0.41200,0.14915,000.00000000,000.00037909,000.00029373,000.01671813,000.33
Tournament (k=3),Blend,Gaussian,0.78941,0.05228,000.00000000,000.00000310,000.00000000,000.00234656,000.24
Tournament (k=3),Blend,Uniform,0.41200,0.05228,000.00000000,000.01329594,000.00975227,000.19153054,000.20
Tournament (k=3),Blend,Gaussian,0.66113,0.16276,000.00000000,000.00013022,000.00012589,000.00208541,000.31
Tournament (k=3),Blend,Gaussian,0.97087,0.02000,000.00000000,000.00000014,000.00000000,000.26966473,000.39
Tournament (k=3),Blend,Gaussian,0.94259,0.03378,000.00000000,000.00000000,000.00000000,000.01110994,000.22
Tournament (k=3),Blend,Gaussian,0.46371,0.19383,000.00010300,000.00349460,000.00373268,000.00919508,000.41
Tournament (k=3),Blend,Gaussian,0.60503,0.13667,000.00000000,000.00000143,000.00000000,000.00010222,000.41
Tournament (k=3),Blend,Uniform,0.43709,0.25191,000.00432205,000.72175181,001.03752518,000.64455175,000.44
Tournament (k=3),Blend,Gaussian,0.58741,0.07415,000.00000000,000.00005603,000.00001717,000.00120589,000.25
Tournament (k=3),Blend,Gaussian,0.64187,0.10516,000.00000000,000.00000086,000.00000000,000.00007507,000.35
Tournament (k=3),Blend,Gaussian,0.46371,0.02000,000.00000000,000.00410929,000.00307655,000.10021619,000.19
Tournament (k=3),Blend,Gaussian,0.57030,0.11476,000.00000000,000.00000219,000.00000000,000.00029917,000.29
Tournament (k=3),Blend,Gaussian,0.88849,0.06226,000.00000000,000.00000000,000.00000000,000.00011751,000.32
Tournament (k=3),Blend,Gaussian,0.49195,0.06795,000.00000000,000.00027299,000.00022125,000.00347614,000.30
Tournament (k=3),Blend,Gaussian,0.88849,0.14915,000.00000000,000.00021396,000.00018883,000.00247083,000.41
Tournament (k=3),Blend,Gaussian,0.91514,0.03095,000.00000000,000.00000000,000.00000000,000.11160114,000.48
Tournament (k=3),Blend,Gaussian,0.62318,0.21153,000.00075531,000.03392029,000.03417969,000.12011295,000.34
Tournament (k=3),Blend,Uniform,0.40000,0.30000,000.01126099,001.11821198,001.44284821,000.80208558,000.33
Tournament (k=3),Blend,Uniform,0.46371,0.02000,000.00000000,000.23882847,000.14402390,000.53708458,000.23
Tournament (k=3),Blend,Gaussian,0.94259,0.10516,000.00000000,000.00000000,000.00000000,000.00535094,000.29
Tournament (k=3),Blend,Gaussian,0.64187,0.04791,000.00000000,000.00014586,000.00005531,000.00420679,000.30
Tournament (k=3),Blend,Gaussian,0.70139,0.30000,000.03161621,000.49128222,000.44398880,000.60021019,000.47
Tournament (k=3),Blend,Uniform,0.42436,0.02382,000.00000000,000.12575217,000.09619904,000.44585592,000.23
Tournament (k=3),Blend,Gaussian,0.91514,0.17762,000.00060654,000.02168751,000.02360153,000.15167239,000.44
Tournament (k=3),Blend,Gaussian,0.81310,0.02183,000.00000000,000.00000229,000.00000000,000.09978902,000.20
Tournament (k=3),Blend,Gaussian,0.78941,0.13667,000.00000000,000.00000272,000.00000000,000.00054009,000.36
Tournament (k=3),Blend,Gaussian,1.00000,0.06795,000.00000000,000.00000000,000.00000000,000.25081575,000.25
Tournament (k=3),Blend,Uniform,0.46371,0.05705,000.00000000,000.00475163,000.00431824,000.05291459,000.20
Tournament (k=3),Blend,Uniform,0.42436,0.06795,000.00000000,000.00371451,000.00198936,000.03692948,000.21
Tournament (k=3),Blend,Gaussian,0.66113,0.04791,000.00000000,000.00011377,000.00001526,000.00406912,000.24
Tournament (k=3),Blend,Gaussian,0.49195,0.21153,000.00037766,000.01458612,000.01824570,000.02329311,000.36
Tournament (k=3),Blend,Uniform,0.46371,0.02183,000.00000000,000.08438792,000.03602409,000.47508708,000.22
Tournament (k=3),Blend,Uniform,0.43709,0.08830,000.00000000,000.00278478,000.00208473,000.02278037,000.27
Tournament (k=3),Blend,Gaussian,0.55369,0.02000,000.00000000,000.00350842,000.00130844,000.21769483,000.23
Tournament (k=3),Blend,Gaussian,0.60503,0.14915,000.00000000,000.00000834,000.00000763,000.00010879,000.38
Tournament (k=3),Blend,Gaussian,0.76642,0.10516,000.00000000,000.00000000,000.00000000,000.00008984,000.36
Tournament (k=3),Blend,Gaussian,0.55369,0.07415,000.00000000,000.00003204,000.00002289,000.00370974,000.31
Tournament (k=3),Blend,Gaussian,1.00000,0.02837,000.00000000,000.00000114,000.00000000,000.23722775,000.29
Tournament (k=3),Blend,Gaussian,0.57030,0.12524,000.00000000,000.00000191,000.00000000,000.00006372,000.34
Tournament (k=3),Blend,Gaussian,0.49195,0.02000,000.00000000,000.00294242,000.00150299,000.10614534,000.25
Tournament (k=3),Blend,Uniform,0.46371,0.16276,000.00000763,000.00175018,000.00098419,000.01029086,000.27
Tournament (k=3),Blend,Gaussian,0.53756,0.12524,000.00000000,000.00000286,000.00000000,000.00005475,000.34
Tournament (k=3),Blend,Uniform,0.47762,0.02837,000.00000000,000.07725868,000.04732895,000.40999556,000.19
Tournament (k=3),Blend,Gaussian,0.86261,0.04390,000.00000000,000.00000005,000.00000000,000.00251612,000.23
Tournament (k=3),Blend,Gaussian,0.88849,0.16276,000.00003815,000.00415673,000.00386429,000.03918905,000.41
Tournament (k=3),Blend,Gaussian,0.91514,0.09637,000.00000000,000.00000000,000.00000000,000.00477179,000.36
Tournament (k=3),Blend,Gaussian,0.83749,0.03686,000.00000000,000.00000086,000.00000000,000.00092684,000.22
Tournament (k=3),Blend,Uniform,0.45020,0.04390,000.00000000,000.02004428,000.01253891,000.21312577,000.20
Tournament (k=3),Blend,Uniform,0.40000,0.10516,000.00000000,000.00101628,000.00088692,000.01575638,000.24
Tournament (k=3),Blend,Gaussian,0.97087,0.05705,000.00000000,000.00000000,000.00000000,000.32691979,000.36
Tournament (k=3),Blend,Gaussian,0.97087,0.14915,000.00000000,000.00147190,000.00101852,000.02333151,000.32
Tournament (k=3),Blend,Uniform,0.47762,0.08092,000.00000000,000.00100093,000.00058365,000.02088513,000.27
Tournament (k=3),Blend,Gaussian,0.68096,0.25191,000.01235199,000.21726933,000.22105026,000.39028850,000.45
Tournament (k=3),Blend,Gaussian,0.76642,0.04023,000.00000000,000.00000381,000.00000000,000.00127630,000.23
Tournament (k=3),Blend,Uniform,0.47762,0.03095,000.00000000,000.02667398,000.01951027,000.33036670,000.19
Tournament (k=3),Blend,Gaussian,0.58741,0.21153,000.00011444,000.02238483,000.02445602,000.06847163,000.32
Tournament (k=3),Blend,Gaussian,0.49195,0.02183,000.00000000,000.00352373,000.00275040,000.14323176,000.26
Tournament (k=3),Blend,Gaussian,0.58741,0.02837,000.00000000,000.00044174,000.00011444,000.01429091,000.23
Tournament (k=3),Blend,Gaussian,0.70139,0.13667,000.00000000,000.00000076,000.00000000,000.00007626,000.43
Tournament (k=3),Blend,Uniform,0.47762,0.23084,000.01535797,000.55195624,000.61690521,000.59581554,000.33
Tournament (k=3),Blend,Gaussian,0.55369,0.19383,000.00014496,000.00553184,000.00610733,000.02539791,000.42
Tournament (k=3),Blend,Uniform,0.46371,0.17762,000.00012970,000.01052570,000.00931740,000.10894556,000.32
Tournament (k=3),Blend,Gaussian,0.76642,0.11476,000.00000000,000.00000000,000.00000000,000.00000735,000.42
Tournament (k=3),Blend,Gaussian,1.00000,0.23084,000.01868439,000.33244449,000.33887863,000.48086172,000.45
Tournament (k=3),Blend,Gaussian,0.62318,0.08092,000.00000000,000.00001111,000.00000191,000.00020406,000.27
Tournament (k=3),Blend,Gaussian,0.74410,0.25191,000.00911331,000.22252531,000.26741409,000.35784319,000.34
Tournament (k=3),Blend,Gaussian,0.83749,0.04023,000.00000000,000.00000005,000.00000000,000.00135041,000.30
Tournament (k=3),Blend,Gaussian,0.66113,0.02183,000.00000000,000.00064859,000.00014496,000.13173769,000.20
Tournament (k=3),Blend,Uniform,0.45020,0.12524,000.00000000,000.00037403,000.00016785,000.02451091,000.26
Tournament (k=3),Blend,Gaussian,0.76642,0.27490,000.00370407,000.43939123,000.49013329,000.54248363,000.37
Tournament (k=3),Blend,Gaussian,0.81310,0.06795,000.00000000,000.00000010,000.00000000,000.00042411,000.24
Tournament (k=3),Blend,Gaussian,0.88849,0.02382,000.00000000,000.00000000,000.00000000,000.09898221,000.21
Tournament (k=3),Blend,Gaussian,0.52190,0.07415,000.00000000,000.00006356,000.00002098,000.00139105,000.31
Tournament (k=3),Blend,Uniform,0.47762,0.03378,000.00000000,000.02371268,000.01146889,000.37069637,000.29
Tournament (k=3),Blend,Gaussian,0.83749,0.09637,000.00000000,000.00000000,000.00000000,000.00017897,000.45
Tournament (k=3),Blend,Uniform,0.42436,0.21153,000.00820160,000.14624754,000.15834427,000.41690385,000.37
Tournament (k=3),Blend,Uniform,0.43709,0.03378,000.00000000,000.02821374,000.01429367,000.34890833,000.24
Tournament (k=3),Blend,Gaussian,0.94259,0.03686,000.00000000,000.00000000,000.00000000,000.00238511,000.23
Tournament (k=3),Blend,Uniform,0.41200,0.05705,000.00000000,000.01069303,000.00749969,000.15013511,000.25
Tournament (k=3),Blend,Uniform,0.49195,0.04023,000.00000000,000.01254191,000.00943184,000.18116993,000.25
Tournament (k=3),Blend,Gaussian,0.52190,0.19383,000.00022125,000.00412197,000.00432396,000.01164547,000.40
Tournament (k=3),Blend,Gaussian,0.97087,0.02183,000.00000000,000.00000000,000.00000000,000.10017306,000.28
Tournament (k=3),Blend,Gaussian,0.72243,0.16276,000.00000000,000.00048504,000.00041389,000.00710343,000.34
Tournament (k=3),Blend,Gaussian,0.91514,0.10516,000.00000000,000.00000000,000.00000000,000.00073406,000.58
Tournament (k=3),Blend,Gaussian,0.78941,0.05705,000.00000000,000.00000343,000.00000000,000.00148226,000.31
Tournament (k=3),Blend,Uniform,0.41200,0.16276,000.00000763,000.00172062,000.00149536,000.01759738,000.31
Tournament (k=3),Blend,Gaussian,0.62318,0.08830,000.00000000,000.00001025,000.00000000,000.00124541,000.28
Tournament (k=3),Blend,Gaussian,0.58741,0.08092,000.00000000,000.00003247,000.00000763,000.00157182,000.25
Tournament (k=3),Blend,Uniform,0.49195,0.11476,000.00000000,000.00037975,000.00009918,000.10179444,000.24
Tournament (k=3),Blend,Uniform,0.50670,0.02000,000.00000000,000.05236583,000.01076889,000.49189463,000.19
Tournament (k=3),Blend,Uniform,0.43709,0.27490,000.07471848,000.89390242,001.10382080,000.77879465,000.34
Tournament (k=3),Blend,Uniform,0.40000,0.03378,000.00000000,000.04529829,000.03262329,000.35845438,000.19
Tournament (k=3),Blend,Uniform,0.45020,0.13667,000.00000000,000.00034466,000.00020790,000.00597722,000.32
Tournament (k=3),Blend,Gaussian,0.81310,0.07415,000.00000000,000.00000000,000.00000000,000.00011769,000.31
Tournament (k=3),Blend,Gaussian,0.88849,0.06795,000.00000000,000.00000000,000.00000000,000.02023436,000.26
Tournament (k=3),Blend,Gaussian,0.68096,0.02837,000.00000000,000.00037217,000.00014496,000.01207153,000.27
Tournament (k=3),Blend,Gaussian,0.66113,0.17762,000.00000763,000.00213141,000.00229836,000.01068601,000.50
Tournament (k=3),Blend,Uniform,0.41200,0.02000,000.00000000,000.14388680,000.11030197,000.50723618,000.23
Tournament (k=3),Blend,Gaussian,0.70139,0.04023,000.00000000,000.00009618,000.00002098,000.02735867,000.22
Tournament (k=3),Blend,Gaussian,0.64187,0.11476,000.00000000,000.00000048,000.00000000,000.00003835,000.35
Tournament (k=3),Blend,Gaussian,0.91514,0.03378,000.00000000,000.00000000,000.00000000,000.00603749,000.30
Tournament (k=3),Blend,Uniform,0.42436,0.02599,000.00000000,000.04793286,000.01663017,000.37513009,000.23
Tournament (k=3),Blend,Gaussian,0.72243,0.02000,000.00000000,000.00007291,000.00000572,000.17031892,000.27
Tournament (k=3),Blend,Gaussian,0.62318,0.23084,000.00364685,000.07671309,000.08530235,000.18415135,000.33
Tournament (k=3),Blend,Gaussian,0.76642,0.30000,000.02123642,000.59100139,000.59869194,000.58951777,000.46
Tournament (k=3),Blend,Gaussian,0.64187,0.05228,000.00000000,000.00005083,000.00001717,000.00356190,000.30
Tournament (k=3),Blend,Gaussian,0.94259,0.11476,000.00000000,000.00000000,000.00000000,000.01037675,000.30
Tournament (k=3),Blend,Uniform,0.42436,0.07415,000.00000000,000.00242100,000.00170326,000.02895051,000.21
Tournament (k=3),Blend,Gaussian,0.58741,0.08830,000.00000000,000.00001264,000.00000381,000.00070905,000.31
Tournament (k=3),Blend,Uniform,0.46371,0.06226,000.00000000,000.00810041,000.00484085,000.06887712,000.23
Tournament (k=3),Blend,Gaussian,0.66113,0.05228,000.00000000,000.00003777,000.00000000,000.00298657,000.23
Tournament (k=3),Blend,Gaussian,1.00000,0.07415,000.00000000,000.00000458,000.00000000,000.26630351,000.27
Tournament (k=3),Blend,Gaussian,0.55369,0.02183,000.00000000,000.00182586,000.00058746,000.13909981,000.20
Tournament (k=3),Blend,Uniform,0.46371,0.02382,000.00000000,000.08342604,000.05247498,000.42372105,000.22
Tournament (k=3),Blend,Uniform,0.43709,0.09637,000.00000000,000.00174804,000.00085640,000.02873146,000.25
Tournament (k=3),Blend,Uniform,0.50670,0.05705,000.00000000,000.00375452,000.00137138,000.18700084,000.26
Tournament (k=3),Blend,Gaussian,0.91514,0.19383,000.00121307,000.06929769,000.07440758,000.27993697,000.43
Tournament (k=3),Blend,Gaussian,0.72243,0.02183,000.00000000,000.00008860,000.00000763,000.03212598,000.25
Tournament (k=3),Blend,Gaussian,0.70139,0.04390,000.00000000,000.00003610,000.00000763,000.00447879,000.31
Tournament (k=3),Blend,Gaussian,0.78941,0.14915,000.00000000,000.00007706,000.00006104,000.00109001,000.40
Tournament (k=3),Blend,Gaussian,0.91514,0.03686,000.00000000,000.00000000,000.00000000,000.24733865,000.29
Tournament (k=3),Blend,Gaussian,1.00000,0.03095,000.00000000,000.00000005,000.00000000,000.29879797,000.30
Tournament (k=3),Blend,Gaussian,0.57030,0.13667,000.00000000,000.00000129,000.00000000,000.00004662,000.30
Tournament (k=3),Blend,Gaussian,0.86261,0.11476,000.00000000,000.00000000,000.00000000,000.00077032,000.33
Tournament (k=3),Blend,Gaussian,0.53756,0.13667,000.00000000,000.00000291,000.00000000,000.00016877,000.29
Tournament (k=3),Blend,Gaussian,0.64187,0.12524,000.00000000,000.00000014,000.00000000,000.00002494,000.37
Tournament (k=3),Blend,Uniform,0.42436,0.08092,000.00000000,000.00177560,000.00143814,000.03329768,000.25
Tournament (k=3),Blend,Uniform,0.45020,0.04791,000.00000000,000.01171732,000.00928879,000.16578923,000.21
Tournament (k=3),Blend,Gaussian,0.74410,0.08830,000.00000000,000.00000014,000.00000000,000.00047443,000.33
Tournament (k=3),Blend,Gaussian,0.66113,0.05705,000.00000000,000.00005927,000.00000954,000.00112732,000.27
Tournament (k=3),Blend,Uniform,0.50670,0.16276,000.00001526,000.00140352,000.00105286,000.01609145,000.36
Tournament (k=3),Blend,Gaussian,0.74410,0.02599,000.00000000,000.00005331,000.00000954,000.10195712,000.26
Tournament (k=3),Blend,Uniform,0.40000,0.11476,000.00000000,000.00096669,000.00069046,000.10152671,000.23
Tournament (k=3),Blend,Gaussian,0.86261,0.04791,000.00000000,000.00000010,000.00000000,000.00004726,000.31
Tournament (k=3),Blend,Gaussian,0.76642,0.04390,000.00000000,000.00000424,000.00000000,000.00121670,000.23
Tournament (k=3),Blend,Gaussian,0.97087,0.06226,000.00000000,000.00000000,000.00000000,000.23382308,000.33
Tournament (k=3),Blend,Gaussian,0.97087,0.16276,000.00024414,000.00712790,000.00602722,000.03725319,000.31
Tournament (k=3),Blend,Uniform,0.47762,0.08830,000.00000000,000.00123038,000.00089455,000.01826597,000.27
Tournament (k=3),Blend,Uniform,0.52190,0.02837,000.00000000,000.03039670,000.01984978,000.39335242,000.24
Tournament (k=3),Blend,Uniform,0.52190,0.08092,000.00000000,000.00091629,000.00061798,000.02888270,000.25
Tournament (k=3),Blend,Gaussian,0.83749,0.23084,000.01557159,000.28766137,000.29836273,000.45338687,000.45
Tournament (k=3),Blend,Gaussian,0.68096,0.27490,000.04155731,000.34715763,000.38406181,000.45401338,000.38
Tournament (k=3),Blend,Gaussian,0.70139,0.14915,000.00000000,000.00001512,000.00001526,000.00123798,000.31
Tournament (k=3),Blend,Gaussian,0.58741,0.23084,000.00467682,000.07200160,000.08250427,000.19290765,000.33
Tournament (k=3),Blend,Gaussian,0.66113,0.02382,000.00000000,000.00060511,000.00019646,000.02166690,000.20
Tournament (k=3),Blend,Uniform,0.40000,0.12524,000.00000000,000.00072031,000.00054932,000.01080360,000.27
Tournament (k=3),Blend,Uniform,0.47762,0.25191,000.03712845,000.76428044,001.03811073,000.66755134,000.35
Tournament (k=3),Blend,Uniform,0.46371,0.19383,000.00028229,000.05903731,000.06578636,000.29236808,000.32
Tournament (k=3),Blend,Gaussian,0.74410,0.02837,000.00000000,000.00003858,000.00000000,000.00344172,000.31
Tournament (k=3),Blend,Gaussian,0.81310,0.21153,000.00311279,000.08398294,000.10463905,000.26739120,000.44
Tournament (k=3),Blend,Gaussian,0.88849,0.02599,000.00000000,000.00000000,000.00000000,000.09899011,000.21
Tournament (k=3),Blend,Gaussian,0.86261,0.05228,000.00000000,000.00000000,000.00000000,000.00975395,000.32
Tournament (k=3),Blend,Uniform,0.47762,0.03686,000.00000000,000.00994163,000.00462532,000.26121688,000.19
Tournament (k=3),Blend,Uniform,0.50670,0.17762,000.00038147,000.01501284,000.01583862,000.15944132,000.38
Tournament (k=3),Blend,Gaussian,0.55369,0.21153,000.00145721,000.02193637,000.02717400,000.06602515,000.42
Tournament (k=3),Blend,Gaussian,0.76642,0.12524,000.00000000,000.00000000,000.00000000,000.00045323,000.41
Tournament (k=3),Blend,Gaussian,1.00000,0.25191,000.04916382,000.66997790,000.83247375,000.62722331,000.47
Tournament (k=3),Blend,Uniform,0.42436,0.23084,000.00407791,000.30097899,000.32221413,000.42733890,000.28
Tournament (k=3),Blend,Uniform,0.52190,0.23084,000.01575470,000.52872819,000.61408043,000.59875619,000.36
Tournament (k=3),Blend,Gaussian,0.94259,0.04023,000.00000000,000.00000000,000.00000000,000.15642312,000.23
Tournament (k=3),Blend,Uniform,0.41200,0.06226,000.00000000,000.00645399,000.00585556,000.08567244,000.25
Tournament (k=3),Blend,Uniform,0.49195,0.04390,000.00000000,000.01129904,000.00562859,000.24472262,000.25
Tournament (k=3),Blend,Gaussian,0.66113,0.02599,000.00000000,000.00023623,000.00006104,000.01663469,000.24
Tournament (k=3),Blend,Gaussian,0.81310,0.02382,000.00000000,000.00000281,000.00000000,000.01385709,000.21
Tournament (k=3),Blend,Gaussian,0.97087,0.02382,000.00000000,000.00000000,000.00000000,000.25578275,000.29
Tournament (k=3),Blend,Gaussian,0.83749,0.10516,000.00000000,000.00000000,000.00000000,000.00006086,000.37
Tournament (k=3),Blend,Uniform,0.40000,0.03686,000.00001907,000.03754873,000.03080750,000.25224769,000.18
Tournament (k=3),Blend,Gaussian,0.52190,0.21153,000.00096130,000.02011766,000.02276039,000.05978504,000.32
Tournament (k=3),Blend,Gaussian,0.62318,0.09637,000.00000000,000.00000229,000.00000000,000.00022805,000.28
Tournament (k=3),Blend,Gaussian,0.78941,0.06226,000.00000000,000.00000100,000.00000000,000.00096716,000.28
Tournament (k=3),Blend,Uniform,0.41200,0.17762,000.00018311,000.01090531,000.01287842,000.06511161,000.30
Tournament (k=3),Blend,Uniform,0.50670,0.02183,000.00000000,000.13821296,000.04985809,000.46521443,000.24
Tournament (k=3),Blend,Gaussian,0.83749,0.25191,000.01760864,000.44336691,000.46826744,000.55873400,000.47
Tournament (k=3),Blend,Uniform,0.43709,0.30000,000.15545654,001.14908910,001.45984650,000.75628889,000.29
Tournament (k=3),Blend,Gaussian,0.91514,0.11476,000.00000000,000.00000000,000.00000000,000.00087369,000.39
Tournament (k=3),Blend,Uniform,0.42436,0.02837,000.00000000,000.04172406,000.02226639,000.32329908,000.18
Tournament (k=3),Blend,Uniform,0.41200,0.02183,000.00000000,000.10802002,000.07259941,000.48788899,000.23
Tournament (k=3),Blend,Gaussian,0.68096,0.03095,000.00000000,000.00012922,000.00002098,000.09922122,000.28
Tournament (k=3),Blend,Gaussian,0.78941,0.02000,000.00000000,000.00002236,000.00000000,000.23352607,000.21
Tournament (k=3),Blend,Gaussian,0.76642,0.13667,000.00000000,000.00000143,000.00000000,000.00080085,000.41
Tournament (k=3),Blend,Gaussian,0.81310,0.08092,000.00000000,000.00000000,000.00000000,000.00011560,000.34
Tournament (k=3),Blend,Gaussian,0.88849,0.07415,000.00000000,000.00000000,000.00000000,000.09899607,000.34
Tournament (k=3),Blend,Uniform,0.53756,0.04023,000.00000000,000.00966549,000.00449944,000.26515728,000.22
Tournament (k=3),Blend,Uniform,0.46371,0.06795,000.00000000,000.00200219,000.00138092,000.04810615,000.23
Tournament (k=3),Blend,Gaussian,0.81310,0.23084,000.00738525,000.20178953,000.22099304,000.46130261,000.54
Tournament (k=3),Blend,Gaussian,0.55369,0.08092,000.00000000,000.00003896,000.00002289,000.00152152,000.33
Tournament (k=3),Blend,Gaussian,0.72243,0.05705,000.00000000,000.00007620,000.00000000,000.00139567,000.29
Tournament (k=3),Blend,Gaussian,0.62318,0.25191,000.00737762,000.15290399,000.18518829,000.41123006,000.36
Tournament (k=3),Blend,Gaussian,0.60503,0.16276,000.00000000,000.00015035,000.00011063,000.00138499,000.38
Tournament (k=3),Blend,Gaussian,0.66113,0.19383,000.00025177,000.01007776,000.01073837,000.05481625,000.42
Tournament (k=3),Blend,Uniform,0.46371,0.02599,000.00000000,000.09614811,000.05925941,000.48256674,000.20
Tournament (k=3),Blend,Gaussian,0.55369,0.02382,000.00000000,000.00110183,000.00038719,000.14116135,000.21
Tournament (k=3),Blend,Gaussian,0.94259,0.12524,000.00000000,000.00000010,000.00000000,000.00139456,000.36
Tournament (k=3),Blend,Uniform,0.43709,0.10516,000.00000000,000.00078859,000.00039101,000.13965054,000.24
Tournament (k=3),Blend,Gaussian,0.68096,0.08830,000.00000000,000.00000076,000.00000000,000.00067323,000.42
Tournament (k=3),Blend,Uniform,0.50670,0.06226,000.00000000,000.00340600,000.00239944,000.02221167,000.28
Tournament (k=3),Blend,Gaussian,1.00000,0.08092,000.00000000,000.00000000,000.00000000,000.10756253,000.36
Tournament (k=3),Blend,Gaussian,0.72243,0.02382,000.00000000,000.00010328,000.00001526,000.14135958,000.28
Tournament (k=3),Blend,Gaussian,0.91514,0.04023,000.00000000,000.00000000,000.00000000,000.00034209,000.23
Tournament (k=3),Blend,Gaussian,0.88849,0.17762,000.00059509,000.01682968,000.01729202,000.12654401,000.45
Tournament (k=3),Blend,Gaussian,0.70139,0.04791,000.00000000,000.00003881,000.00000954,000.00432754,000.29
Tournament (k=3),Blend,Gaussian,0.91514,0.21153,000.01241684,000.14205965,000.15092850,000.36086556,000.37
Tournament (k=3),Blend,Gaussian,0.55369,0.02599,000.00000000,000.00091972,000.00033379,000.02217730,000.24
Tournament (k=3),Blend,Uniform,0.53756,0.11476,000.00000000,000.00020819,000.00007439,000.00310111,000.27
Tournament (k=3),Blend,Gaussian,1.00000,0.03378,000.00000000,000.00000000,000.00000000,000.28187075,000.31
Tournament (k=3),Blend,Uniform,0.45020,0.05228,000.00000000,000.00714703,000.00410843,000.19375864,000.26
Tournament (k=3),Blend,Uniform,0.42436,0.08830,000.00000000,000.00175233,000.00084877,000.03391986,000.28
Tournament (k=3),Blend,Gaussian,0.74410,0.09637,000.00000000,000.00000019,000.00000000,000.00065047,000.28
Tournament (k=3),Blend,Gaussian,0.64187,0.13667,000.00000000,000.00000114,000.00000000,000.00006974,000.31
Tournament (k=3),Blend,Gaussian,0.83749,0.04390,000.00000000,000.00000067,000.00000000,000.00124262,000.31
Tournament (k=3),Blend,Gaussian,0.57030,0.14915,000.00000000,000.00001011,000.00001144,000.00011488,000.37
Tournament (k=3),Blend,Gaussian,0.78941,0.16276,000.00000763,000.00096688,000.00104523,000.02887692,000.43
Tournament (k=3),Blend,Gaussian,0.86261,0.12524,000.00000000,000.00000000,000.00000000,000.00086639,000.40
Tournament (k=3),Blend,Gaussian,0.74410,0.27490,000.01604462,000.35844389,000.37255478,000.47869664,000.37
Tournament (k=3),Blend,Uniform,0.43709,0.11476,000.00000000,000.00075631,000.00024986,000.00781718,000.30
Tournament (k=3),Blend,Gaussian,0.76642,0.04791,000.00000000,000.00000768,000.00000000,000.00161473,000.30
Tournament (k=3),Blend,Gaussian,0.97087,0.06795,000.00000000,000.00000000,000.00000000,000.23064265,000.29
Tournament (k=3),Blend,Uniform,0.55369,0.02000,000.00000000,000.07807793,000.03872299,000.42494074,000.20
Tournament (k=3),Blend,Uniform,0.47762,0.09637,000.00000000,000.00059061,000.00034523,000.01427028,000.30
Tournament (k=3),Blend,Uniform,0.43709,0.03686,000.00000000,000.01739011,000.01305771,000.32315356,000.25
Tournament (k=3),Blend,Uniform,0.52190,0.03095,000.00000000,000.01498604,000.00641823,000.31348738,000.26
Tournament (k=3),Blend,Gaussian,0.97087,0.17762,000.00050354,000.03093953,000.03128052,000.29533076,000.35
Tournament (k=3),Blend,Uniform,0.52190,0.08830,000.00000000,000.00077510,000.00044250,000.09895301,000.29
Tournament (k=3),Blend,Uniform,0.42436,0.09637,000.00000000,000.00248833,000.00105286,000.10067734,000.29
Tournament (k=3),Blend,Gaussian,0.88849,0.02837,000.00000000,000.00000000,000.00000000,000.04057240,000.24
Tournament (k=3),Blend,Uniform,0.47762,0.04023,000.00000000,000.00650616,000.00460052,000.23292311,000.21
Tournament (k=3),Blend,Gaussian,0.58741,0.25191,000.00876236,000.13641639,000.14239120,000.29326856,000.36
Tournament (k=3),Blend,Gaussian,0.74410,0.03095,000.00000000,000.00005140,000.00000000,000.00782917,000.30
Tournament (k=3),Blend,Uniform,0.49195,0.12524,000.00000000,000.00022087,000.00010300,000.09892090,000.27
Tournament (k=3),Blend,Gaussian,0.74410,0.10516,000.00000000,000.00000000,000.00000000,000.00007451,000.38
Tournament (k=3),Blend,Uniform,0.46371,0.21153,000.00832748,000.15304890,000.16063690,000.44018835,000.34
Tournament (k=3),Blend,Uniform,0.47762,0.27490,000.08485794,001.01522422,001.26231003,000.77570361,000.38
Tournament (k=3),Blend,Uniform,0.55369,0.02183,000.00000000,000.12371421,000.02886009,000.45126545,000.22
Tournament (k=3),Blend,Gaussian,0.68096,0.30000,000.01720810,000.38810644,000.40199661,000.50462699,000.46
Tournament (k=3),Blend,Gaussian,0.86261,0.05705,000.00000000,000.00000000,000.00000000,000.00695273,000.34
Tournament (k=3),Blend,Uniform,0.52190,0.03378,000.00000000,000.01496553,000.00867462,000.29868120,000.28
Tournament (k=3),Blend,Uniform,0.41200,0.06795,000.00000000,000.00666528,000.00441360,000.05666427,000.23
Tournament (k=3),Blend,Uniform,0.50670,0.19383,000.00306702,000.08729710,000.08819389,000.39480147,000.35
Tournament (k=3),Blend,Uniform,0.49195,0.04791,000.00000000,000.00677080,000.00375557,000.23986402,000.22
Tournament (k=3),Blend,Gaussian,0.94259,0.04390,000.00000000,000.00000000,000.00000000,000.00029569,000.27
Tournament (k=3),Blend,Uniform,0.45020,0.14915,000.00000000,000.00030413,000.00030708,000.00231648,000.34
Tournament (k=3),Blend,Gaussian,0.81310,0.02599,000.00000000,000.00001149,000.00000000,000.09932192,000.22
Tournament (k=3),Blend,Uniform,0.55369,0.05705,000.00000000,000.00132213,000.00089073,000.10004380,000.23
Tournament (k=3),Blend,Uniform,0.47762,0.10516,000.00000000,000.00048375,000.00027084,000.00894134,000.34
Tournament (k=3),Blend,Gaussian,0.97087,0.02599,000.00000000,000.00000000,000.00000000,000.10616685,000.24
Tournament (k=3),Blend,Uniform,0.40000,0.04023,000.00000000,000.02360001,000.01228905,000.25801897,000.20
Tournament (k=3),Blend,Uniform,0.52190,0.25191,000.05143738,000.85638058,001.11380196,000.64253551,000.36
Tournament (k=3),Blend,Gaussian,0.55369,0.23084,000.00138092,000.05254560,000.05934715,000.19107513,000.43
Tournament (k=3),Blend,Uniform,0.50670,0.02382,000.00000000,000.04222374,000.01430893,000.40978348,000.25
Tournament (k=3),Blend,Uniform,0.42436,0.03095,000.00000000,000.03363576,000.02825928,000.28222880,000.20
Tournament (k=3),Blend,Gaussian,0.52190,0.23084,000.00470734,000.04961038,000.05753136,000.15369265,000.34
Tournament (k=3),Blend,Uniform,0.45020,0.02000,000.00000000,000.19691181,000.07129478,000.50867671,000.24
Tournament (k=3),Blend,Gaussian,0.78941,0.02183,000.00000000,000.00001421,000.00000000,000.09898316,000.22
Tournament (k=3),Blend,Uniform,0.41200,0.02382,000.00000000,000.04409151,000.03126144,000.33434787,000.23
Tournament (k=3),Blend,Gaussian,0.78941,0.06795,000.00000000,000.00000076,000.00000000,000.00015414,000.34
Tournament (k=3),Blend,Uniform,0.41200,0.19383,000.00064850,000.04009533,000.03678131,000.16504982,000.33
Tournament (k=3),Blend,Gaussian,0.83749,0.11476,000.00000000,000.00000000,000.00000000,000.00005056,000.42
Tournament (k=3),Blend,Uniform,0.53756,0.04390,000.00000000,000.00718307,000.00127220,000.17308497,000.21
Tournament (k=3),Blend,Uniform,0.46371,0.07415,000.00000000,000.00319610,000.00221634,000.10441346,000.23
Tournament (k=3),Blend,Gaussian,0.68096,0.03378,000.00000000,000.00019693,000.00006294,000.09891780,000.28
Tournament (k=3),Blend,Gaussian,0.83749,0.27490,000.02942657,000.63942426,000.77212715,000.59832877,000.37
Tournament (k=3),Blend,Gaussian,0.72243,0.06226,000.00000000,000.00000114,000.00000000,000.00269595,000.25
Tournament (k=3),Blend,Uniform,0.55369,0.06226,000.00000000,000.00130439,000.00074387,000.02231993,000.32
Tournament (k=3),Blend,Gaussian,0.91514,0.12524,000.00000000,000.00000024,000.00000000,000.01135474,000.39
Tournament (k=3),Blend,Uniform,0.47762,0.30000,000.09450912,001.03378892,001.26690102,000.88278586,000.51
Tournament (k=3),Blend,Gaussian,0.88849,0.08092,000.00000000,000.00000000,000.00000000,000.00004213,000.35
Tournament (k=3),Blend,Gaussian,0.76642,0.14915,000.00000000,000.00004296,000.00003052,000.00053822,000.40
Tournament (k=3),Blend,Gaussian,0.62318,0.27490,000.01990128,000.22907963,000.23676682,000.39367408,000.34
Tournament (k=3),Blend,Uniform,0.50670,0.02599,000.00000000,000.02733598,000.01569748,000.42547566,000.25
Tournament (k=3),Blend,Uniform,0.46371,0.02837,000.00000000,000.02814670,000.02434540,000.31418514,000.24
Tournament (k=3),Blend,Gaussian,0.66113,0.06226,000.00000000,000.00001497,000.00000381,000.00090219,000.24
Tournament (k=3),Blend,Gaussian,0.62318,0.02382,000.00000000,000.00071878,000.00008774,000.13939047,000.26
Tournament (k=3),Blend,Gaussian,0.68096,0.09637,000.00000000,000.00000048,000.00000000,000.00022128,000.27
Tournament (k=3),Blend,Gaussian,0.55369,0.25191,000.00531006,000.10962935,000.11888885,000.23164618,000.45
Tournament (k=3),Blend,Gaussian,0.81310,0.25191,000.01467896,000.30822915,000.35890198,000.43022814,000.46
Tournament (k=3),Blend,Gaussian,0.91514,0.04390,000.00000000,000.00000000,000.00000000,000.03143939,000.23
Tournament (k=3),Blend,Gaussian,0.66113,0.21153,000.00061035,000.03186288,000.03508949,000.16365702,000.33
Tournament (k=3),Blend,Uniform,0.50670,0.06795,000.00000000,000.00465155,000.00191116,000.20032091,000.27
Tournament (k=3),Blend,Gaussian,0.70139,0.05228,000.00000000,000.00001025,000.00000000,000.00604496,000.23
Tournament (k=3),Blend,Gaussian,0.72243,0.02599,000.00000000,000.00011158,000.00002289,000.13997519,000.27
Tournament (k=3),Blend,Gaussian,1.00000,0.08830,000.00000000,000.00000000,000.00000000,000.01286361,000.27
Tournament (k=3),Blend,Uniform,0.55369,0.16276,000.00001526,000.00327668,000.00207710,000.01844806,000.28
Tournament (k=3),Blend,Uniform,0.45020,0.05705,000.00000000,000.00430036,000.00263405,000.06907362,000.22
Tournament (k=3),Blend,Gaussian,0.88849,0.19383,000.00220490,000.05722408,000.06405449,000.35032755,000.39
Tournament (k=3),Blend,Gaussian,1.00000,0.03686,000.00000000,000.00000000,000.00000000,000.29310060,000.30
Tournament (k=3),Blend,Uniform,0.57030,0.02837,000.00000000,000.04741430,000.00796127,000.42508698,000.21
Tournament (k=3),Blend,Gaussian,0.76642,0.05228,000.00000000,000.00000691,000.00000000,000.00201663,000.24
Tournament (k=3),Blend,Uniform,0.43709,0.04023,000.00000000,000.01442194,000.00625992,000.18807650,000.25
Tournament (k=3),Blend,Gaussian,0.68096,0.10516,000.00000000,000.00000033,000.00000000,000.00010412,000.30
Tournament (k=3),Blend,Gaussian,0.83749,0.04791,000.00000000,000.00000000,000.00000000,000.00017816,000.31
Tournament (k=3),Blend,Uniform,0.43709,0.12524,000.00000000,000.00040646,000.00031662,000.00664414,000.30
Tournament (k=3),Blend,Uniform,0.42436,0.10516,000.00000000,000.00155034,000.00068092,000.01569613,000.24
Tournament (k=3),Blend,Uniform,0.47762,0.04390,000.00000000,000.01441655,000.00859642,000.23930894,000.21
Tournament (k=3),Blend,Uniform,0.46371,0.03095,000.00000000,000.04346829,000.03264427,000.38581643,000.44
Tournament (k=3),Blend,Uniform,0.52190,0.09637,000.00000000,000.00077405,000.00034332,000.09918842,000.29
Tournament (k=3),Blend,Gaussian,0.86261,0.13667,000.00000000,000.00000625,000.00000381,000.00027852,000.40
Tournament (k=3),Blend,Gaussian,0.88849,0.03095,000.00000000,000.00000000,000.00000000,000.00054130,000.29
Tournament (k=3),Blend,Gaussian,0.72243,0.17762,000.00009155,000.00396447,000.00426292,000.02248939,000.49
Tournament (k=3),Blend,Gaussian,0.94259,0.13667,000.00000000,000.00002275,000.00001907,000.00036988,000.73
Tournament (k=3),Blend,Uniform,0.42436,0.25191,000.03049469,000.56693065,000.68785477,000.64979547,000.40
Tournament (k=3),Blend,Uniform,0.49195,0.13667,000.00000000,000.00019383,000.00012207,000.00279521,000.27
Tournament (k=3),Blend,Gaussian,0.97087,0.19383,000.00243378,000.07511707,000.08206367,000.29475304,000.43
Tournament (k=3),Blend,Gaussian,0.74410,0.03378,000.00000000,000.00002594,000.00000000,000.00430393,000.29
Tournament (k=3),Blend,Uniform,0.49195,0.02000,000.00000000,000.06060872,000.02485275,000.46271679,000.62
Tournament (k=3),Blend,Gaussian,0.78941,0.17762,000.00020599,000.00811830,000.00872421,000.10462407,000.50
Tournament (k=3),Blend,Uniform,0.55369,0.02382,000.00000000,000.03226695,000.00681877,000.40950617,000.20
Tournament (k=3),Blend,Gaussian,0.58741,0.27490,000.00141144,000.21673265,000.25231743,000.38282707,000.38
Tournament (k=3),Blend,Uniform,0.46371,0.23084,000.00399017,000.48231769,000.49453735,000.56570750,000.28
Tournament (k=3),Blend,Uniform,0.57030,0.23084,000.03724670,000.65235674,000.86304855,000.63810527,000.29
Tournament (k=3),Blend,Uniform,0.47762,0.04791,000.00000000,000.00865197,000.00439262,000.20194896,000.22
Tournament (k=3),Blend,Uniform,0.52190,0.03686,000.00000000,000.00830092,000.00557709,000.30488995,000.25
Tournament (k=3),Blend,Gaussian,0.94259,0.04791,000.00000000,000.00000000,000.00000000,000.21437864,000.24
Tournament (k=3),Blend,Uniform,0.41200,0.07415,000.00000000,000.00278096,000.00243759,000.10265490,000.26
Tournament (k=3),Blend,Uniform,0.49195,0.05228,000.00000000,000.00624714,000.00387573,000.14156316,000.26
Tournament (k=3),Blend,Uniform,0.45020,0.16276,000.00000763,000.00081882,000.00067711,000.00887667,000.28
Tournament (k=3),Blend,Uniform,0.40000,0.04390,000.00000000,000.01833672,000.01319313,000.28350636,000.19
Tournament (k=3),Blend,Uniform,0.60503,0.02000,000.00000000,000.08245277,000.00643539,000.62320036,000.19
Tournament (k=3),Blend,Gaussian,0.91514,0.04791,000.00000000,000.00000000,000.00000000,000.09940931,000.72
Tournament (k=3),Blend,Gaussian,0.81310,0.08830,000.00000000,000.00000000,000.00000000,000.00013298,000.27
Tournament (k=3),Blend,Gaussian,0.78941,0.02382,000.00000000,000.00001698,000.00000000,000.13931075,000.22
Tournament (k=3),Blend,Uniform,0.57030,0.08092,000.00000000,000.00091014,000.00028992,000.10270206,000.71
Tournament (k=3),Blend,Uniform,0.58741,0.04023,000.00000000,000.00606327,000.00268936,000.30516267,000.45
Tournament (k=3),Blend,Uniform,0.42436,0.03378,000.00000000,000.03044882,000.02688408,000.30100027,000.24
Tournament (k=3),Blend,Uniform,0.45020,0.02183,000.00000000,000.20646539,000.10591125,000.58243233,000.23
Tournament (k=3),Blend,Uniform,0.47762,0.05228,000.00000000,000.00567865,000.00374794,000.11327185,000.21
Tournament (k=3),Blend,Gaussian,0.97087,0.02837,000.00000000,000.00000000,000.00000000,000.11416141,000.29
Tournament (k=3),Blend,Uniform,0.47762,0.11476,000.00000000,000.00029531,000.00021362,000.00537591,000.30
Tournament (k=3),Blend,Uniform,0.60503,0.05705,000.00000000,000.00121140,000.00027466,000.17480870,000.27
Tournament (k=3),Blend,Gaussian,0.66113,0.06795,000.00000000,000.00001183,000.00000000,000.00127540,000.87
Tournament (k=3),Blend,Uniform,0.58741,0.11476,000.00000000,000.00005035,000.00002098,000.02963152,000.31
Tournament (k=3),Blend,Uniform,0.57030,0.25191,000.04234314,000.79556400,001.06000137,000.72857535,000.29
Tournament (k=3),Blend,Gaussian,0.97087,0.07415,000.00000000,000.00000000,000.00000000,000.27570683,000.80
Tournament (k=3),Blend,Gaussian,0.86261,0.06226,000.00000000,000.00000000,000.00000000,000.00149861,000.51
Tournament (k=3),Blend,Uniform,0.50670,0.21153,000.00949478,000.22819094,000.22497368,000.51308024,000.52
Tournament (k=3),Blend,Gaussian,0.91514,0.23084,000.02862549,000.34160653,000.37684250,000.48800093,001.05
Tournament (k=3),Blend,Uniform,0.53756,0.04791,000.00000000,000.00451641,000.00149727,000.17090178,000.21
Tournament (k=3),Blend,Uniform,0.46371,0.08092,000.00000000,000.00191569,000.00123405,000.03605605,000.22
Tournament (k=3),Blend,Uniform,0.55369,0.06795,000.00000000,000.00125675,000.00073624,000.03158908,000.22
Tournament (k=3),Blend,Uniform,0.41200,0.21153,000.00413895,000.11906195,000.12845612,000.28028437,000.33
Tournament (k=3),Blend,Gaussian,0.68096,0.03686,000.00000000,000.00004153,000.00000381,000.09899654,000.28
Tournament (k=3),Blend,Gaussian,0.72243,0.06795,000.00000000,000.00000210,000.00000000,000.00171985,000.25
Tournament (k=3),Blend,Uniform,0.53756,0.12524,000.00000000,000.00013962,000.00003624,000.00873302,000.26
Tournament (k=3),Blend,Uniform,0.42436,0.03686,000.00000000,000.02200413,000.01440239,000.25350913,000.26
Tournament (k=3),Blend,Gaussian,0.91514,0.05228,000.00000000,000.00000000,000.00000000,000.14249951,000.28
Tournament (k=3),Blend,Uniform,0.49195,0.05705,000.00000000,000.00328679,000.00225639,000.03515212,000.43
Tournament (k=3),Blend,Uniform,0.50670,0.02837,000.00000000,000.02038937,000.01309204,000.34986168,000.24
Tournament (k=3),Blend,Uniform,0.40000,0.13667,000.00000000,000.00051918,000.00041962,000.00559455,000.24
Tournament (k=3),Blend,Uniform,0.52190,0.27490,000.04175949,001.10184133,001.29804802,000.81649786,000.59
Tournament (k=3),Blend,Uniform,0.52190,0.04023,000.00000000,000.01110411,000.00696564,000.31985605,000.53
Tournament (k=3),Blend,Gaussian,0.83749,0.05228,000.00000000,000.00000024,000.00000000,000.00065835,000.79
Tournament (k=3),Blend,Gaussian,0.62318,0.30000,000.01186752,000.34109887,000.36183929,000.47131488,000.35
Tournament (k=3),Blend,Gaussian,0.62318,0.02599,000.00000000,000.00037146,000.00013733,000.10037130,000.26
Tournament (k=3),Blend,Uniform,0.60503,0.16276,000.00000381,000.00405579,000.00292587,000.11161566,000.28
Tournament (k=3),Blend,Uniform,0.46371,0.08830,000.00000000,000.00086918,000.00066376,000.03609235,000.23
Tournament (k=3),Blend,Uniform,0.46371,0.03378,000.00000000,000.02410679,000.01382446,000.38899970,000.68
Tournament (k=3),Blend,Uniform,0.41200,0.08092,000.00000000,000.00171161,000.00141335,000.02128069,000.56
Tournament (k=3),Blend,Uniform,0.62318,0.02837,000.00000000,000.01461172,000.00131607,000.38963428,000.25
Tournament (k=3),Blend,Uniform,0.55369,0.07415,000.00000000,000.00100179,000.00035095,000.10019826,000.22
Tournament (k=3),Blend,Gaussian,0.83749,0.12524,000.00000000,000.00000000,000.00000000,000.00199033,000.58
Tournament (k=3),Blend,Uniform,0.50670,0.07415,000.00000000,000.00213299,000.00175476,000.10273871,000.27
Tournament (k=3),Blend,Uniform,0.45020,0.02382,000.00000000,000.09217744,000.04983902,000.48854530,000.50
Tournament (k=3),Blend,Gaussian,1.00000,0.09637,000.00000000,000.00000091,000.00000000,000.01002629,000.28
Tournament (k=3),Blend,Gaussian,0.91514,0.13667,000.00000000,000.00001025,000.00001144,000.00095891,000.54
Tournament (k=3),Blend,Gaussian,0.81310,0.27490,000.01972198,000.50115430,000.54679298,000.52233255,000.38
Tournament (k=3),Blend,Gaussian,0.64187,0.14915,000.00000000,000.00001030,000.00001144,000.00043604,000.43
Tournament (k=3),Blend,Uniform,0.42436,0.04023,000.00000000,000.03478570,000.01747513,000.27488041,000.27
Tournament (k=3),Blend,Uniform,0.57030,0.03095,000.00000000,000.01084628,000.00649834,000.27988252,000.19
Tournament (k=3),Blend,Uniform,0.49195,0.06226,000.00000000,000.00370111,000.00234985,000.19237490,000.28
Tournament (k=3),Blend,Uniform,0.62318,0.08092,000.00000000,000.00018687,000.00002861,000.09904097,000.24
Tournament (k=3),Blend,Uniform,0.42436,0.11476,000.00000000,000.00092721,000.00049782,000.01210467,000.24
Tournament (k=3),Blend,Uniform,0.64187,0.04023,000.00000000,000.00103240,000.00013351,000.25572136,000.26
Tournament (k=3),Blend,Gaussian,1.00000,0.04023,000.00000000,000.00000000,000.00000000,000.17232102,000.30
Tournament (k=3),Blend,Uniform,0.41200,0.08830,000.00000000,000.00221162,000.00120163,000.10125814,000.28
Tournament (k=3),Blend,Uniform,0.62318,0.23084,000.05319595,000.73328739,000.80282021,000.69235981,000.29
Tournament (k=3),Blend,Gaussian,0.72243,0.07415,000.00000000,000.00000291,000.00000000,000.00040110,000.43
Tournament (k=3),Blend,Gaussian,0.88849,0.21153,000.00288773,000.15565376,000.15895081,000.41227007,000.36
Tournament (k=3),Blend,Uniform,0.52190,0.10516,000.00000000,000.00041242,000.00038719,000.00748353,000.29
Tournament (k=3),Blend,Gaussian,0.81310,0.02837,000.00000000,000.00001049,000.00000000,000.09928665,000.22
Tournament (k=3),Blend,Uniform,0.55369,0.02599,000.00000000,000.01723690,000.00255966,000.32626313,000.19
Tournament (k=3),Blend,Uniform,0.49195,0.02183,000.00000000,000.09161186,000.04452324,000.40515205,000.22
Tournament (k=3),Blend,Uniform,0.49195,0.14915,000.00000000,000.00021739,000.00020027,000.00458396,000.27
Tournament (k=3),Blend,Gaussian,0.88849,0.03378,000.00000000,000.00000005,000.00000000,000.02981115,000.29
Tournament (k=3),Blend,Gaussian,0.62318,0.02837,000.00000000,000.00054646,000.00019264,000.10228905,000.44
Tournament (k=3),Blend,Gaussian,0.74410,0.03686,000.00000000,000.00005527,000.00000763,000.09895918,000.29
Tournament (k=3),Blend,Gaussian,0.72243,0.19383,000.00062180,000.01792607,000.02027702,000.11341918,000.32
Tournament (k=3),Blend,Uniform,0.42436,0.27490,000.05300522,000.84637415,001.11601257,000.75377703,000.34
Tournament (k=3),Blend,Uniform,0.62318,0.08830,000.00000000,000.00006828,000.00002480,000.00916823,000.29
Tournament (k=3),Blend,Gaussian,0.86261,0.14915,000.00000000,000.00015125,000.00016403,000.00222773,000.41
Tournament (k=3),Blend,Uniform,0.42436,0.04390,000.00000000,000.01250997,000.01297760,000.07970083,000.36
Tournament (k=3),Blend,Gaussian,0.78941,0.19383,000.00168610,000.03417416,000.03457832,000.25705323,000.37
Tournament (k=3),Blend,Gaussian,0.94259,0.05228,000.00000000,000.00000000,000.00000000,000.10502867,000.24
Tournament (k=3),Blend,Gaussian,1.00000,0.27490,000.09741211,000.85580176,001.06685448,000.61891818,000.70
Tournament (k=3),Blend,Uniform,0.42436,0.12524,000.00000000,000.00059357,000.00040054,000.00762060,000.28
Tournament (k=3),Blend,Uniform,0.45020,0.17762,000.00001526,000.00906534,000.01055336,000.10792552,000.28
Tournament (k=3),Blend,Gaussian,0.78941,0.02599,000.00000000,000.00002227,000.00000000,000.13968408,000.21
Tournament (k=3),Blend,Gaussian,0.94259,0.14915,000.00000000,000.00044694,000.00037575,000.01169456,000.49
Tournament (k=3),Blend,Gaussian,0.78941,0.07415,000.00000000,000.00000000,000.00000000,000.00063795,000.33
Tournament (k=3),Blend,Uniform,0.47762,0.05705,000.00000000,000.00280991,000.00183868,000.14760450,000.21
Tournament (k=3),Blend,Gaussian,0.81310,0.09637,000.00000000,000.00000000,000.00000000,000.00010549,000.28
Tournament (k=3),Blend,Uniform,0.58741,0.04390,000.00000000,000.00403838,000.00090790,000.24054526,000.23
Tournament (k=3),Blend,Gaussian,0.97087,0.03095,000.00000000,000.00000000,000.00000000,000.16115554,000.23
Tournament (k=3),Blend,Uniform,0.64187,0.04390,000.00000000,000.00110531,000.00021935,000.17434365,000.41
Tournament (k=3),Blend,Uniform,0.57030,0.08830,000.00000000,000.00064044,000.00025558,000.01461631,000.29
Tournament (k=3),Blend,Uniform,0.52190,0.11476,000.00000000,000.00018592,000.00007248,000.00684860,000.41
Tournament (k=3),Blend,Gaussian,0.88849,0.23084,000.00952148,000.32304510,000.34174538,000.51091582,000.45
Tournament (k=3),Blend,Uniform,0.47762,0.12524,000.00000000,000.00024791,000.00012207,000.00391171,000.31
Tournament (k=3),Blend,Uniform,0.66113,0.02000,000.00000000,000.13810864,000.01256752,000.47334635,000.20
Tournament (k=3),Blend,Gaussian,0.66113,0.07415,000.00000000,000.00002246,000.00000381,000.00171563,000.27
Tournament (k=3),Blend,Gaussian,0.88849,0.08830,000.00000000,000.00000000,000.00000000,000.10189367,000.38
Tournament (k=3),Blend,Gaussian,0.94259,0.05705,000.00000000,000.00000000,000.00000000,000.08669253,000.30
Tournament (k=3),Blend,Uniform,0.64187,0.11476,000.00000000,000.00001583,000.00000000,000.00129998,000.31
Tournament (k=3),Blend,Uniform,0.47762,0.06226,000.00000000,000.00302610,000.00163078,000.10636409,000.24
Tournament (k=3),Blend,Uniform,0.58741,0.04791,000.00000000,000.00124459,000.00050354,000.11953264,000.23
Tournament (k=3),Blend,Gaussian,0.83749,0.30000,000.05069733,000.76822728,000.98277092,000.66360986,000.55
Tournament (k=3),Blend,Uniform,0.53756,0.05228,000.00000000,000.00231805,000.00092316,000.18096027,000.22
Tournament (k=3),Blend,Uniform,0.57030,0.27490,000.04203796,001.25896895,001.51688957,000.89431190,000.30
Tournament (k=3),Blend,Uniform,0.45020,0.19383,000.00064087,000.05867367,000.06633759,000.20316520,000.36
Tournament (k=3),Blend,Uniform,0.58741,0.12524,000.00000000,000.00002527,000.00001526,000.00124978,000.32
Tournament (k=3),Blend,Uniform,0.64187,0.04791,000.00000000,000.00120368,000.00024223,000.21745948,000.28
Tournament (k=3),Blend,Gaussian,0.81310,0.10516,000.00000000,000.00000000,000.00000000,000.00012763,000.35
Tournament (k=3),Blend,Uniform,0.66113,0.05705,000.00000000,000.00014520,000.00001526,000.13974445,000.22
Tournament (k=3),Blend,Gaussian,0.97087,0.08092,000.00000000,000.00000000,000.00000000,000.15231024,000.36
Tournament (k=3),Blend,Gaussian,0.86261,0.06795,000.00000000,000.00000000,000.00000000,000.00033004,000.34
Tournament (k=3),Blend,Uniform,0.50670,0.23084,000.01214218,000.43372446,000.51324081,000.59425062,000.34
Tournament (k=3),Blend,Gaussian,1.00000,0.30000,000.12080383,001.15102828,001.36763954,000.74789983,000.50
Tournament (k=3),Blend,Uniform,0.53756,0.13667,000.00000000,000.00013475,000.00009918,000.00376704,000.27
Tournament (k=3),Blend,Uniform,0.68096,0.02837,000.00000000,000.01126938,000.00174522,000.37236223,000.20
Tournament (k=3),Blend,Uniform,0.55369,0.17762,000.00005722,000.02421565,000.02198029,000.40271538,000.28
Tournament (k=3),Blend,Uniform,0.45020,0.06226,000.00000000,000.00389805,000.00340080,000.12471880,000.26
Tournament (k=3),Blend,Gaussian,0.74410,0.30000,000.05099487,000.63890254,000.72052956,000.63730860,000.37
Tournament (k=3),Blend,Uniform,0.41200,0.23084,000.00266266,000.30229172,000.33222771,000.43333015,000.33
Tournament (k=3),Blend,Uniform,0.66113,0.16276,000.00002289,000.01149859,000.00997925,000.22435750,000.34
Tournament (k=3),Blend,Uniform,0.50670,0.03095,000.00000000,000.01973591,000.01239395,000.29662174,000.25
Tournament (k=3),Blend,Uniform,0.40000,0.14915,000.00000000,000.00053039,000.00046921,000.00427882,000.25
Tournament (k=3),Blend,Uniform,0.52190,0.04390,000.00000000,000.00807095,000.00459862,000.24746832,000.26
Tournament (k=3),Blend,Uniform,0.68096,0.08092,000.00000000,000.00005913,000.00000763,000.09893078,000.29
Tournament (k=3),Blend,Uniform,0.66113,0.06226,000.00000000,000.00069342,000.00005531,000.10096046,000.23
Tournament (k=3),Blend,Uniform,0.46371,0.03686,000.00000000,000.01691670,000.01239967,000.28218412,000.23
Tournament (k=3),Blend,Uniform,0.43709,0.04390,000.00000000,000.01317544,000.00476646,000.21649314,000.25
Tournament (k=3),Blend,Uniform,0.40000,0.02000,000.00000381,000.17327499,000.17172813,000.46122748,000.24
Tournament (k=3),Blend,Uniform,0.68096,0.23084,000.01091003,000.94349623,001.22258759,000.74809289,000.29
Tournament (k=3),Blend,Uniform,0.60503,0.17762,000.00092697,000.03277402,000.02676964,000.28155386,000.29
Tournament (k=3),Blend,Uniform,0.52190,0.30000,000.20988464,001.28568959,001.49246216,000.82265544,000.36
Tournament (k=3),Blend,Uniform,0.68096,0.03095,000.00000000,000.00251107,000.00024414,000.30296612,000.22
Tournament (k=3),Blend,Uniform,0.43709,0.13667,000.00000000,000.00031028,000.00013924,000.00312170,000.30
Tournament (k=3),Blend,Uniform,0.45020,0.02599,000.00000000,000.03976426,000.02554703,000.42452031,000.23
Tournament (k=3),Blend,Uniform,0.70139,0.04023,000.00000000,000.00079422,000.00027657,000.25183076,000.25
Tournament (k=3),Blend,Uniform,0.53756,0.14915,000.00000000,000.00027828,000.00018501,000.00795793,000.32
Tournament (k=3),Blend,Uniform,0.50670,0.25191,000.00449371,000.81042516,001.07933426,000.75546640,000.35
Tournament (k=3),Blend,Uniform,0.55369,0.19383,000.00143051,000.08964739,000.10016060,000.37272599,000.34
Tournament (k=3),Blend,Uniform,0.57030,0.03378,000.00000000,000.01535559,000.00367737,000.33603185,000.20
Tournament (k=3),Blend,Uniform,0.72243,0.02000,000.00000000,000.00799575,000.00042343,000.43410459,000.19
Tournament (k=3),Blend,Gaussian,1.00000,0.10516,000.00000000,000.00000000,000.00000000,000.09914822,000.32
Tournament (k=3),Blend,Uniform,0.50670,0.03378,000.00000000,000.01620135,000.01032448,000.28368819,000.30
Tournament (k=3),Blend,Uniform,0.70139,0.11476,000.00000000,000.00000443,000.00000381,000.00339544,000.31
Tournament (k=3),Blend,Gaussian,0.83749,0.13667,000.00000000,000.00000358,000.00000000,000.00009237,000.41
Tournament (k=3),Blend,Uniform,0.49195,0.06795,000.00000000,000.00257216,000.00137520,000.10121098,000.27
Tournament (k=3),Blend,Uniform,0.41200,0.02599,000.00000000,000.04159355,000.03153419,000.48780102,000.24
Tournament (k=3),Blend,Uniform,0.72243,0.05705,000.00000000,000.00013194,000.00000381,000.14230315,000.23
Tournament (k=3),Blend,Uniform,0.46371,0.25191,000.03491592,000.77322251,001.13742447,000.71575499,000.28
Tournament (k=3),Blend,Uniform,0.60503,0.02183,000.00000000,000.05318313,000.00961494,000.46732798,000.20
Tournament (k=3),Blend,Uniform,0.41200,0.09637,000.00000000,000.00193310,000.00141525,000.03786259,000.28
Tournament (k=3),Blend,Uniform,0.62318,0.25191,000.06113052,001.17706203,001.33718872,000.92709816,000.29
Tournament (k=3),Blend,Gaussian,0.97087,0.21153,000.00951385,000.21828756,000.21238708,000.49399462,000.36
Tournament (k=3),Blend,Gaussian,0.81310,0.30000,000.01833344,000.67501569,000.89296150,000.62354344,000.45
Tournament (k=3),Blend,Uniform,0.49195,0.02382,000.00000000,000.09255838,000.05024147,000.47130096,000.19
Tournament (k=3),Blend,Uniform,0.57030,0.03686,000.00000000,000.00279388,000.00084496,000.19963633,000.21
Tournament (k=3),Blend,Gaussian,1.00000,0.04390,000.00000000,000.00000000,000.00000000,000.19597200,000.36
Tournament (k=3),Blend,Uniform,0.43709,0.14915,000.00000000,000.00053339,000.00031090,000.00897671,000.35
Tournament (k=3),Blend,Uniform,0.70139,0.04390,000.00000000,000.00108500,000.00010681,000.23701423,000.33
Tournament (k=3),Blend,Uniform,0.49195,0.16276,000.00000763,000.00199270,000.00184441,000.01424622,000.28
Tournament (k=3),Blend,Gaussian,0.62318,0.03095,000.00000000,000.00051455,000.00014496,000.09947282,000.28
Tournament (k=3),Blend,Uniform,0.41200,0.02837,000.00000000,000.07495256,000.05485725,000.39713228,000.22
Tournament (k=3),Blend,Uniform,0.72243,0.06226,000.00000000,000.00005679,000.00000763,000.09902105,000.22
Tournament (k=3),Blend,Gaussian,0.88849,0.03686,000.00000000,000.00000000,000.00000000,000.09898684,000.30
Tournament (k=3),Blend,Uniform,0.53756,0.16276,000.00000000,000.00352540,000.00275230,000.03998930,000.37
Tournament (k=3),Blend,Uniform,0.42436,0.04791,000.00000000,000.01592116,000.00674248,000.21250711,000.25
Tournament (k=3),Blend,Uniform,0.60503,0.02382,000.00000000,000.02995644,000.00399590,000.35774696,000.24
Tournament (k=3),Blend,Uniform,0.42436,0.13667,000.00000000,000.00030460,000.00019264,000.01351481,000.25
Tournament (k=3),Blend,Uniform,0.60503,0.06226,000.00000000,000.00110426,000.00035667,000.02411949,000.28
Tournament (k=3),Blend,Uniform,0.49195,0.07415,000.00000000,000.00157881,000.00070190,000.02701172,000.32
Tournament (k=3),Blend,Uniform,0.74410,0.02837,000.00000000,000.00470161,000.00011253,000.39797023,000.21
Tournament (k=3),Blend,Uniform,0.72243,0.16276,000.00014496,000.03998542,000.02628517,000.29921603,000.35
Tournament (k=3),Blend,Uniform,0.42436,0.30000,000.12470627,001.14179718,001.37569427,000.83525062,000.35
Tournament (k=3),Blend,Gaussian,0.97087,0.03378,000.00000000,000.00000000,000.00000000,000.23920427,000.22
Tournament (k=3),Blend,Uniform,0.41200,0.10516,000.00000000,000.00125923,000.00039482,000.00949239,000.28
Tournament (k=3),Blend,Uniform,0.57030,0.09637,000.00000000,000.00012012,000.00007248,000.00922367,000.29
Tournament (k=3),Blend,Uniform,0.41200,0.03095,000.00000000,000.03839622,000.02543449,000.33921078,000.22
Tournament (k=3),Blend,Gaussian,0.86261,0.16276,000.00003815,000.00291228,000.00288773,000.02441131,000.42
Tournament (k=3),Blend,Uniform,0.66113,0.02183,000.00000000,000.11315937,000.01615524,000.44322455,000.20
Tournament (k=3),Blend,Uniform,0.70139,0.04791,000.00000000,000.00033994,000.00003052,000.22078852,000.25
Tournament (k=3),Blend,Gaussian,0.78941,0.21153,000.00108719,000.07933293,000.08108139,000.23789066,000.43
Tournament (k=3),Blend,Uniform,0.72243,0.06795,000.00000000,000.00004964,000.00000381,000.09914228,000.27
Tournament (k=3),Blend,Uniform,0.74410,0.08092,000.00000000,000.00001235,000.00000191,000.00093629,000.25
Tournament (k=3),Blend,Uniform,0.47762,0.06795,000.00000000,000.00328765,000.00188828,000.04598971,000.21
Tournament (k=3),Blend,Gaussian,0.94259,0.06226,000.00000000,000.00000000,000.00000000,000.00080896,000.26
Tournament (k=3),Blend,Uniform,0.53756,0.05705,000.00000000,000.00246072,000.00069809,000.14693329,000.22
Tournament (k=3),Blend,Uniform,0.58741,0.05228,000.00000000,000.00167618,000.00094223,000.13480711,000.24
Tournament (k=3),Blend,Gaussian,0.86261,0.02000,000.00000000,000.00000510,000.00000000,000.19795452,000.28
Tournament (k=3),Blend,Uniform,0.64187,0.12524,000.00000000,000.00000958,000.00000763,000.00159818,000.33
Tournament (k=3),Blend,Uniform,0.76642,0.04023,000.00000000,000.00011415,000.00000000,000.28906405,000.21
Tournament (k=3),Blend,Uniform,0.46371,0.09637,000.00000000,000.00141668,000.00068474,000.01583548,000.25
Tournament (k=3),Blend,Gaussian,0.91514,0.25191,000.00762177,000.47448272,000.48124123,000.49435166,000.52
Tournament (k=3),Blend,Gaussian,0.88849,0.09637,000.00000000,000.00000000,000.00000000,000.09923776,000.45
Tournament (k=3),Blend,Gaussian,0.88849,0.25191,000.05345154,000.44119984,000.49524879,000.57348078,000.51
Tournament (k=3),Blend,Uniform,0.55369,0.08092,000.00000000,000.00091138,000.00061035,000.02278321,000.23
Tournament (k=3),Blend,Uniform,0.70139,0.05228,000.00000000,000.00060992,000.00015068,000.23626120,000.30
Tournament (k=3),Blend,Gaussian,0.97087,0.08830,000.00000000,000.00000000,000.00000000,000.13841718,000.29
Tournament (k=3),Blend,Uniform,0.62318,0.03095,000.00000000,000.01559882,000.00176811,000.40749356,000.27
Tournament (k=3),Blend,Uniform,0.58741,0.05705,000.00000000,000.00266261,000.00111389,000.18194117,000.22
Tournament (k=3),Blend,Uniform,0.53756,0.06226,000.00000000,000.00358324,000.00246811,000.10111372,000.22
Tournament (k=3),Blend,Uniform,0.40000,0.16276,000.00000763,000.00147548,000.00146866,000.14082128,000.26
Tournament (k=3),Blend,Uniform,0.43709,0.02000,000.00000000,000.21491556,000.16903877,000.51275969,000.44
Tournament (k=3),Blend,Uniform,0.45020,0.06795,000.00000000,000.00595675,000.00454903,000.10530586,000.27
Tournament (k=3),Blend,Uniform,0.57030,0.30000,000.15684509,001.52505147,001.76655388,000.81372297,000.46
Tournament (k=3),Blend,Uniform,0.50670,0.08092,000.00000000,000.00099392,000.00035477,000.10740695,000.28
Tournament (k=3),Blend,Gaussian,0.94259,0.06795,000.00000000,000.00000000,000.00000000,000.22745828,000.27
Tournament (k=3),Blend,Gaussian,0.86261,0.07415,000.00000000,000.00000000,000.00000000,000.00040117,000.33
Tournament (k=3),Blend,Uniform,0.57030,0.10516,000.00000000,000.00017939,000.00004387,000.00269179,000.42
Tournament (k=3),Blend,Uniform,0.66113,0.17762,000.00037003,000.09601021,000.09832191,000.35204786,000.32
Tournament (k=3),Blend,Uniform,0.41200,0.25191,000.01127625,000.47729707,000.48718071,000.57547235,000.34
Tournament (k=3),Blend,Uniform,0.66113,0.06795,000.00000000,000.00029507,000.00010300,000.09899804,000.23
Tournament (k=3),Blend,Uniform,0.74410,0.23084,000.06280518,001.16099703,001.41673088,000.95999748,000.54
Tournament (k=3),Blend,Uniform,0.46371,0.04023,000.00000000,000.01665916,000.00740433,000.17489630,000.21
Tournament (k=3),Blend,Uniform,0.68096,0.08830,000.00000000,000.00003858,000.00000954,000.00526639,000.29
Tournament (k=3),Blend,Gaussian,0.91514,0.14915,000.00000000,000.00033321,000.00034714,000.00543853,000.43
Tournament (k=3),Blend,Uniform,0.40000,0.04791,000.00000000,000.01543074,000.00649261,000.17822166,000.19
Tournament (k=3),Blend,Uniform,0.40000,0.02183,000.00000000,000.17496963,000.09245872,000.48259738,000.23
Tournament (k=3),Blend,Gaussian,0.81310,0.03095,000.00000000,000.00000658,000.00000000,000.00534581,000.22
Tournament (k=3),Blend,Uniform,0.53756,0.02000,000.00000000,000.12466545,000.03650475,000.44884837,000.24
Tournament (k=3),Blend,Uniform,0.45020,0.02837,000.00000000,000.04944272,000.03047752,000.35961553,000.24
Tournament (k=3),Blend,Uniform,0.58741,0.02000,000.00000000,000.26632375,000.07975769,000.54068875,000.25
Tournament (k=3),Blend,Uniform,0.60503,0.19383,000.00479889,000.14173818,000.15320969,000.44396549,000.28
Tournament (k=3),Blend,Uniform,0.50670,0.08830,000.00000000,000.00081687,000.00049973,000.02528997,000.28
Tournament (k=3),Blend,Uniform,0.55369,0.21153,000.00952911,000.31586695,000.33980560,000.54265016,000.28
Tournament (k=3),Blend,Uniform,0.50670,0.03686,000.00000000,000.01697054,000.01153374,000.22827202,000.25
Tournament (k=3),Blend,Uniform,0.68096,0.25191,000.19028854,001.35946572,001.53466988,000.82446086,000.34
Tournament (k=3),Blend,Gaussian,1.00000,0.11476,000.00000000,000.00000038,000.00000000,000.02281396,000.29
Tournament (k=3),Blend,Uniform,0.50670,0.27490,000.10313034,001.01675642,001.28661346,000.79782218,000.35
Tournament (k=3),Blend,Uniform,0.57030,0.11476,000.00000000,000.00004163,000.00003052,000.00219599,000.31
Tournament (k=3),Blend,Uniform,0.62318,0.09637,000.00000000,000.00011096,000.00004768,000.00432557,000.26
Tournament (k=3),Blend,Uniform,0.40000,0.05228,000.00000000,000.01670532,000.01373863,000.15879363,000.20
Tournament (k=3),Blend,Uniform,0.70139,0.12524,000.00000000,000.00001407,000.00000381,000.00055989,000.32
Tournament (k=3),Blend,Gaussian,0.88849,0.27490,000.00973511,000.69537556,000.91684341,000.58119500,000.46
Tournament (k=3),Blend,Uniform,0.46371,0.27490,000.08129883,000.85050452,001.04732895,000.67729902,000.29
Tournament (k=3),Blend,Uniform,0.58741,0.02183,000.00000000,000.07982483,000.00686646,000.43976778,000.20
Tournament (k=3),Blend,Gaussian,0.72243,0.21153,000.00096130,000.05801167,000.06403542,000.15672587,000.33
Tournament (k=3),Blend,Uniform,0.49195,0.02599,000.00000000,000.05432062,000.02532196,000.44736347,000.24
Tournament (k=3),Blend,Uniform,0.53756,0.02183,000.00000000,000.05158787,000.01882935,000.42461681,000.25
Tournament (k=3),Blend,Gaussian,0.83749,0.14915,000.00000000,000.00016704,000.00012970,000.00305328,000.41
Tournament (k=3),Blend,Gaussian,0.81310,0.03378,000.00000000,000.00000043,000.00000000,000.00203890,000.29
Tournament (k=3),Blend,Uniform,0.60503,0.21153,000.01147461,000.38367811,000.39488602,000.70604211,000.29
Tournament (k=3),Blend,Uniform,0.50670,0.09637,000.00000000,000.00094223,000.00065994,000.00855050,000.29
Tournament (k=3),Blend,Gaussian,0.94259,0.16276,000.00005341,000.00551958,000.00460243,000.14863834,000.42
Tournament (k=3),Blend,Uniform,0.49195,0.17762,000.00012970,000.01112385,000.01092529,000.07923313,000.27
Tournament (k=3),Blend,Uniform,0.60503,0.02599,000.00000000,000.01673527,000.00185776,000.52391899,000.20
Tournament (k=3),Blend,Uniform,0.78941,0.02000,000.00000000,000.15958934,000.00005722,000.61168611,000.26
Tournament (k=3),Blend,Uniform,0.52190,0.12524,000.00000000,000.00006914,000.00003052,000.00568569,000.31
Tournament (k=3),Blend,Uniform,0.43709,0.16276,000.00000763,000.00200033,000.00176430,000.00774297,000.32
Tournament (k=3),Blend,Uniform,0.42436,0.05228,000.00000000,000.01067486,000.00702667,000.18124348,000.25
Tournament (k=3),Blend,Uniform,0.76642,0.11476,000.00000000,000.00000267,000.00000000,000.00081974,000.32
Tournament (k=3),Blend,Uniform,0.47762,0.13667,000.00000000,000.00017505,000.00008774,000.00991277,000.32
Tournament (k=3),Blend,Uniform,0.58741,0.02382,000.00000000,000.02694039,000.01095772,000.42402318,000.22
Tournament (k=3),Blend,Uniform,0.53756,0.17762,000.00038147,000.02616940,000.02921486,000.21548919,000.28
Tournament (k=3),Blend,Uniform,0.42436,0.14915,000.00000000,000.00055547,000.00040054,000.00458192,000.26
Tournament (k=3),Blend,Uniform,0.49195,0.02837,000.00000000,000.04844232,000.02188301,000.36365315,000.24
Tournament (k=3),Blend,Uniform,0.60503,0.06795,000.00000000,000.00046368,000.00012207,000.00844887,000.28
Tournament (k=3),Blend,Uniform,0.78941,0.05705,000.00000000,000.00004067,000.00000000,000.09940267,000.31
Tournament (k=3),Blend,Gaussian,0.81310,0.03686,000.00000000,000.00000124,000.00000000,000.01731806,000.26
Tournament (k=3),Blend,Uniform,0.60503,0.02837,000.00000000,000.04049053,000.00983047,000.39741105,000.21
Tournament (k=3),Blend,Uniform,0.41200,0.03378,000.00000000,000.01534166,000.01328278,000.24151468,000.20
Tournament (k=3),Blend,Gaussian,0.97087,0.03686,000.00000000,000.00000000,000.00000000,000.10970777,000.23
Tournament (k=3),Blend,Uniform,0.72243,0.17762,000.00137329,000.17044568,000.18227386,000.42651847,000.28
Tournament (k=3),Blend,Uniform,0.66113,0.02382,000.00000000,000.04049897,000.00216866,000.43590620,000.20
Tournament (k=3),Blend,Uniform,0.46371,0.30000,000.14076996,001.30723751,001.51108932,000.84236664,000.41
Tournament (k=3),Blend,Uniform,0.78941,0.16276,000.00013733,000.07855286,000.07484436,000.37700480,000.37
Tournament (k=3),Blend,Uniform,0.45020,0.21153,000.00162506,000.14996748,000.14583206,000.38817191,000.29
Tournament (k=3),Blend,Uniform,0.78941,0.02183,000.00000000,000.01776218,000.00001526,000.42384186,000.27
Tournament (k=3),Blend,Uniform,0.76642,0.04390,000.00000000,000.00036869,000.00001335,000.21627955,000.21
Tournament (k=3),Blend,Uniform,0.47762,0.07415,000.00000000,000.00348721,000.00167084,000.03870119,000.22
Tournament (k=3),Blend,Uniform,0.52190,0.04791,000.00000000,000.00371089,000.00326920,000.11105551,000.23
Tournament (k=3),Blend,Uniform,0.81310,0.02837,000.00000000,000.00018964,000.00000000,000.33646390,000.27
Tournament (k=3),Blend,Uniform,0.58741,0.02599,000.00000000,000.04424186,000.00812721,000.42597511,000.26
Tournament (k=3),Blend,Gaussian,0.86261,0.02183,000.00000000,000.00000739,000.00000000,000.26436797,000.28
Tournament (k=3),Blend,Uniform,0.76642,0.12524,000.00000000,000.00000372,000.00000000,000.09899661,000.33
Tournament (k=3),Blend,Uniform,0.64187,0.13667,000.00000000,000.00003214,000.00001717,000.00242357,000.33
Tournament (k=3),Blend,Uniform,0.49195,0.03095,000.00000000,000.01220675,000.00612068,000.29302204,000.25
Tournament (k=3),Blend,Uniform,0.43709,0.04791,000.00000000,000.01319728,000.00564766,000.25617760,000.22
Tournament (k=3),Blend,Uniform,0.70139,0.05705,000.00000000,000.00012078,000.00002670,000.10386045,000.22
Tournament (k=3),Blend,Uniform,0.55369,0.08830,000.00000000,000.00043659,000.00023651,000.09933561,000.24
Tournament (k=3),Blend,Uniform,0.62318,0.03378,000.00000000,000.00279183,000.00040245,000.27454475,000.21
Tournament (k=3),Blend,Gaussian,0.86261,0.17762,000.00006866,000.02146931,000.02099991,000.23144576,000.46
Tournament (k=3),Blend,Uniform,0.58741,0.06226,000.00000000,000.00110426,000.00081635,000.14518149,000.22
Tournament (k=3),Blend,Uniform,0.53756,0.06795,000.00000000,000.00071998,000.00040436,000.05340379,000.23
Tournament (k=3),Blend,Uniform,0.55369,0.02837,000.00000000,000.02816992,000.01187325,000.37827548,000.19
Tournament (k=3),Blend,Uniform,0.43709,0.02183,000.00000000,000.14357404,000.08703041,000.50142264,000.23
Tournament (k=3),Blend,Uniform,0.58741,0.02837,000.00000000,000.00649843,000.00088310,000.35483667,000.21
Tournament (k=3),Blend,Uniform,0.52190,0.05228,000.00000000,000.00411949,000.00210953,000.11438300,000.24
Tournament (k=3),Blend,Uniform,0.45020,0.07415,000.00000000,000.00387011,000.00264359,000.12451720,000.27
Tournament (k=3),Blend,Uniform,0.40000,0.17762,000.00000763,000.00574741,000.00559998,000.02879667,000.30
Tournament (k=3),Blend,Gaussian,0.88849,0.10516,000.00000000,000.00000000,000.00000000,000.02582257,000.37
Tournament (k=3),Blend,Gaussian,0.97087,0.09637,000.00000000,000.00000000,000.00000000,000.08753351,000.37
Tournament (k=3),Blend,Uniform,0.72243,0.02183,000.00000000,000.02073064,000.00025558,000.42008486,000.26
Tournament (k=3),Blend,Uniform,0.81310,0.08092,000.00000000,000.00000033,000.00000000,000.19889335,000.30
Tournament (k=3),Blend,Gaussian,0.91514,0.27490,000.06948853,000.68195379,000.74892998,000.62924969,000.47
Tournament (k=3),Blend,Uniform,0.46371,0.04390,000.00000000,000.01038036,000.00768280,000.07957100,000.21
Tournament (k=3),Blend,Uniform,0.66113,0.07415,000.00000000,000.00010705,000.00001717,000.00551551,000.23
Tournament (k=3),Blend,Uniform,0.40000,0.02382,000.00000000,000.09904871,000.05356979,000.41080031,000.22
Tournament (k=3),Blend,Uniform,0.68096,0.09637,000.00000000,000.00003057,000.00000763,000.09900738,000.27
Tournament (k=3),Blend,Uniform,0.83749,0.04023,000.00000000,000.00003452,000.00000000,000.25318897,000.21
Tournament (k=3),Blend,Uniform,0.41200,0.27490,000.03230286,000.81028718,001.10951233,000.67547202,000.34
Tournament (k=3),Blend,Uniform,0.57030,0.04023,000.00000000,000.00303774,000.00115585,000.17469797,000.21
Tournament (k=3),Blend,Uniform,0.76642,0.13667,000.00000000,000.00012975,000.00005341,000.00947702,000.38
Tournament (k=3),Blend,Uniform,0.62318,0.27490,000.10688782,001.45840001,001.75210571,001.00058997,000.30
Tournament (k=3),Blend,Uniform,0.45020,0.03095,000.00000000,000.03207149,000.00867081,000.32366273,000.24
Tournament (k=3),Blend,Uniform,0.74410,0.25191,000.08142090,001.48440480,001.72224045,000.90827692,000.38
Tournament (k=3),Blend,Uniform,0.72243,0.02382,000.00000000,000.01906614,000.00017548,000.43104458,000.24
Tournament (k=3),Blend,Uniform,0.81310,0.23084,000.16064453,001.51439059,001.80591774,000.83269721,000.37
Tournament (k=3),Blend,Uniform,0.40000,0.05705,000.00000000,000.00451369,000.00283051,000.12000699,000.20
Tournament (k=3),Blend,Gaussian,0.97087,0.23084,000.02386475,000.38452655,000.38176537,000.55210215,000.35
Tournament (k=3),Blend,Uniform,0.55369,0.23084,000.00737381,000.51078761,000.59834099,000.72342634,000.29
Tournament (k=3),Blend,Uniform,0.46371,0.04791,000.00000000,000.00528665,000.00190735,000.16627935,000.22
Tournament (k=3),Blend,Gaussian,1.00000,0.04791,000.00000000,000.00000000,000.00000000,000.25076193,000.32
Tournament (k=3),Blend,Uniform,0.83749,0.11476,000.00000000,000.00000019,000.00000000,000.00064741,000.33
Tournament (k=3),Blend,Uniform,0.68096,0.27490,000.19924164,001.58737266,001.93806267,001.04002607,000.32
Tournament (k=3),Blend,Uniform,0.57030,0.12524,000.00000000,000.00002832,000.00000763,000.00083372,000.30
Tournament (k=3),Blend,Uniform,0.74410,0.03095,000.00000000,000.00072365,000.00000000,000.24193321,000.20
Tournament (k=3),Blend,Uniform,0.83749,0.04390,000.00000000,000.00001726,000.00000000,000.25765240,000.25
Tournament (k=3),Blend,Uniform,0.50670,0.30000,000.12245178,001.29335237,001.44285202,000.80222142,000.38
Tournament (k=3),Blend,Uniform,0.49195,0.08092,000.00000000,000.00128665,000.00046349,000.02888195,000.29
Tournament (k=3),Blend,Uniform,0.70139,0.13667,000.00000000,000.00003438,000.00002289,000.00296763,000.34
Tournament (k=3),Blend,Uniform,0.86261,0.02000,000.00000000,000.03918071,000.00000000,000.51873046,000.20
Tournament (k=3),Blend,Uniform,0.50670,0.10516,000.00000000,000.00039501,000.00021362,000.00881594,000.30
Tournament (k=3),Blend,Uniform,0.72243,0.07415,000.00000000,000.00003238,000.00001526,000.00202303,000.24
Tournament (k=3),Blend,Uniform,0.49195,0.19383,000.00124741,000.08387013,000.09011650,000.35536149,000.29
Tournament (k=3),Blend,Uniform,0.64187,0.05228,000.00000000,000.00054646,000.00010872,000.04113123,000.27
Tournament (k=3),Blend,Uniform,0.74410,0.08830,000.00000000,000.00000281,000.00000000,000.00098741,000.24
Tournament (k=3),Blend,Gaussian,0.88849,0.30000,000.07696533,000.81142443,001.03829575,000.70339960,000.44
Tournament (k=3),Blend,Uniform,0.62318,0.30000,000.16280365,001.69575858,001.89387321,000.97632921,000.41
Tournament (k=3),Blend,Uniform,0.58741,0.13667,000.00000000,000.00006666,000.00002670,000.00146767,000.36
Tournament (k=3),Blend,Uniform,0.52190,0.13667,000.00000000,000.00014973,000.00009346,000.00715167,000.35
Tournament (k=3),Blend,Uniform,0.46371,0.10516,000.00000000,000.00061464,000.00052071,000.01492786,000.24
Tournament (k=3),Blend,Uniform,0.55369,0.25191,000.03797531,000.85634768,001.08200645,000.73833501,000.37
Tournament (k=3),Blend,Uniform,0.53756,0.19383,000.00445175,000.08947454,000.08559608,000.35561553,000.30
Tournament (k=3),Blend,Gaussian,1.00000,0.05228,000.00000000,000.00000000,000.00000000,000.18397813,000.36
Tournament (k=3),Blend,Gaussian,0.94259,0.17762,000.00084686,000.03827725,000.03157234,000.23638232,000.45
Tournament (k=3),Blend,Uniform,0.41200,0.03686,000.00000000,000.01875710,000.01555443,000.29773238,000.19
Tournament (k=3),Blend,Uniform,0.60503,0.03095,000.00000000,000.00815163,000.00272369,000.32889390,000.24
Tournament (k=3),Blend,Uniform,0.60503,0.07415,000.00000000,000.00035682,000.00020599,000.01602713,000.29
Tournament (k=3),Blend,Uniform,0.86261,0.05705,000.00000000,000.00000062,000.00000000,000.01490996,000.26
Tournament (k=3),Blend,Uniform,0.47762,0.02000,000.00000000,000.16906647,000.09410095,000.46731564,000.18
Tournament (k=3),Blend,Uniform,0.78941,0.06226,000.00000000,000.00000582,000.00000000,000.01724658,000.29
Tournament (k=3),Blend,Uniform,0.57030,0.13667,000.00000000,000.00012188,000.00006104,000.00239217,000.38
Tournament (k=3),Blend,Uniform,0.66113,0.02599,000.00000000,000.01365190,000.00158119,000.39012390,000.22
Tournament (k=3),Blend,Uniform,0.76642,0.04791,000.00000000,000.00007672,000.00000191,000.21539761,000.22
Tournament (k=3),Blend,Uniform,0.86261,0.16276,000.00080872,000.18453360,000.13903618,000.53551537,000.31
Tournament (k=3),Blend,Uniform,0.78941,0.02382,000.00000000,000.07907090,000.00017929,000.42616934,000.26
Tournament (k=3),Blend,Uniform,0.64187,0.05705,000.00000000,000.00098047,000.00045013,000.13978465,000.26
Tournament (k=3),Blend,Uniform,0.72243,0.19383,000.01767349,000.43143502,000.39198303,000.66439158,000.35
Tournament (k=3),Blend,Uniform,0.78941,0.17762,000.00751114,000.39710110,000.35719490,000.58322954,000.35
Tournament (k=3),Blend,Uniform,0.49195,0.03378,000.00000000,000.01925864,000.01371384,000.35879338,000.19
Tournament (k=3),Blend,Uniform,0.64187,0.02000,000.00000000,000.07339306,000.00481224,000.45821849,000.28
Tournament (k=3),Blend,Uniform,0.68096,0.03378,000.00000000,000.00231347,000.00015259,000.39234960,000.26
Tournament (k=3),Blend,Uniform,0.88849,0.02837,000.00000000,000.00167747,000.00000000,000.43673539,000.23
Tournament (k=3),Blend,Uniform,0.81310,0.03095,000.00000000,000.00041027,000.00000381,000.35452542,000.27
Tournament (k=3),Blend,Uniform,0.70139,0.06226,000.00000000,000.00006537,000.00000381,000.01633202,000.22
Tournament (k=3),Blend,Gaussian,0.86261,0.02382,000.00000000,000.00000043,000.00000000,000.10292827,000.28
Tournament (k=3),Blend,Uniform,0.60503,0.03378,000.00000000,000.00815449,000.00182915,000.32879576,000.24
Tournament (k=3),Blend,Uniform,0.62318,0.03686,000.00000000,000.00429072,000.00076675,000.33171350,000.23
Tournament (k=3),Blend,Uniform,0.58741,0.06795,000.00000000,000.00130973,000.00040817,000.10276917,000.22
Tournament (k=3),Blend,Gaussian,0.94259,0.07415,000.00000000,000.00000000,000.00000000,000.10195979,000.33
Tournament (k=3),Blend,Uniform,0.86261,0.06226,000.00000000,000.00000038,000.00000000,000.16968343,000.28
Tournament (k=3),Blend,Uniform,0.55369,0.03095,000.00000000,000.01098075,000.00479126,000.41330242,000.19
Tournament (k=3),Blend,Uniform,0.53756,0.07415,000.00000000,000.00153918,000.00070190,000.01754738,000.23
Tournament (k=3),Blend,Uniform,0.66113,0.19383,000.00263596,000.31945258,000.30962944,000.54979295,000.34
Tournament (k=3),Blend,Uniform,0.58741,0.03095,000.00000000,000.00737643,000.00115204,000.23976395,000.20
Tournament (k=3),Blend,Uniform,0.49195,0.03686,000.00000000,000.02220588,000.01210594,000.28104860,000.21
Tournament (k=3),Blend,Uniform,0.52190,0.05705,000.00000000,000.00277071,000.00094604,000.10954367,000.22
Tournament (k=3),Blend,Uniform,0.64187,0.02183,000.00000000,000.10286994,000.00802803,000.51601583,000.23
Tournament (k=3),Blend,Uniform,0.45020,0.08092,000.00000000,000.00166397,000.00087547,000.04675307,000.27
Tournament (k=3),Blend,Uniform,0.81310,0.03378,000.00000000,000.00009160,000.00000000,000.23941833,000.23
Tournament (k=3),Blend,Uniform,0.60503,0.03686,000.00000000,000.00502915,000.00099945,000.18406063,000.21
Tournament (k=3),Blend,Uniform,0.86261,0.17762,000.00699234,000.40748149,000.35318375,000.63583368,000.34
Tournament (k=3),Blend,Uniform,0.40000,0.02599,000.00000000,000.05015283,000.03543282,000.48776242,000.23
Tournament (k=3),Blend,Uniform,0.62318,0.10516,000.00000000,000.00002432,000.00000763,000.00778527,000.26
Tournament (k=3),Blend,Uniform,0.57030,0.04390,000.00000000,000.00565839,000.00315094,000.17204484,000.21
Tournament (k=3),Blend,Uniform,0.88849,0.03095,000.00000000,000.00002432,000.00000000,000.39893326,000.29
Tournament (k=3),Blend,Uniform,0.53756,0.02382,000.00000000,000.02795439,000.01528168,000.39089343,000.24
Tournament (k=3),Blend,Gaussian,0.86261,0.19383,000.00024414,000.05216060,000.06142044,000.16001943,000.49
Tournament (k=3),Blend,Uniform,0.45020,0.03378,000.00000000,000.02599058,000.02321815,000.23234765,000.24
Tournament (k=3),Blend,Gaussian,0.97087,0.10516,000.00000000,000.00000000,000.00000000,000.11091939,000.38
Tournament (k=3),Blend,Uniform,0.68096,0.10516,000.00000000,000.00001535,000.00000000,000.00293510,000.31
Tournament (k=3),Blend,Uniform,0.72243,0.02599,000.00000000,000.04711814,000.00094604,000.43045571,000.20
Tournament (k=3),Blend,Uniform,0.60503,0.23084,000.01331711,000.79307282,001.07137680,000.79453140,000.29
Tournament (k=3),Blend,Uniform,0.41200,0.30000,000.07698059,001.21467948,001.46830940,000.88818377,000.34
Tournament (k=3),Blend,Uniform,0.40000,0.06226,000.00000000,000.01017461,000.00408363,000.13914019,000.20
Tournament (k=3),Blend,Uniform,0.76642,0.14915,000.00000000,000.00859547,000.00672531,000.16433316,000.35
Tournament (k=3),Blend,Gaussian,0.91514,0.30000,000.08253479,000.96730739,001.23323822,000.65540409,000.48
Tournament (k=3),Blend,Uniform,0.46371,0.05228,000.00000000,000.00851979,000.00444031,000.14872172,000.25
Tournament (k=3),Blend,Uniform,0.47762,0.14915,000.00000000,000.00043001,000.00036240,000.00921407,000.26
Tournament (k=3),Blend,Uniform,0.74410,0.03378,000.00000000,000.00028925,000.00000572,000.21118234,000.21
Tournament (k=3),Blend,Uniform,0.43709,0.17762,000.00006866,000.01056805,000.01032639,000.14634815,000.28
Tournament (k=3),Blend,Uniform,0.83749,0.04791,000.00000000,000.00000634,000.00000000,000.14392695,000.22
Tournament (k=3),Blend,Uniform,0.74410,0.27490,000.34870529,001.84369624,002.07017136,001.07153261,000.36
Tournament (k=3),Blend,Uniform,0.81310,0.25191,000.32543182,001.72001231,002.02092934,001.02918768,000.36
Tournament (k=3),Blend,Uniform,0.72243,0.02837,000.00000000,000.00375571,000.00034142,000.41505143,000.20
Tournament (k=3),Blend,Uniform,0.52190,0.02000,000.00000000,000.25245070,000.08744431,000.56294727,000.24
Tournament (k=3),Blend,Gaussian,0.97087,0.25191,000.03581619,000.62642515,000.75458717,000.68290603,000.35
Tournament (k=3),Blend,Uniform,0.88849,0.08092,000.00000000,000.00000000,000.00000000,000.01049836,000.30
Tournament (k=3),Blend,Uniform,0.86261,0.19383,000.10784531,000.85616291,001.13135338,000.68395048,000.35
Tournament (k=3),Blend,Uniform,0.40000,0.06795,000.00000000,000.00500665,000.00359344,000.04735888,000.21
Tournament (k=3),Blend,Uniform,0.68096,0.30000,000.51823044,002.18072200,002.45139122,000.93632597,000.36
Tournament (k=3),Blend,Uniform,0.49195,0.08830,000.00000000,000.00072260,000.00041008,000.01473517,000.28
Tournament (k=3),Blend,Uniform,0.72243,0.08092,000.00000000,000.00001016,000.00000000,000.00281635,000.25
Tournament (k=3),Blend,Uniform,0.50670,0.11476,000.00000000,000.00011802,000.00008965,000.00386268,000.30
Tournament (k=3),Blend,Uniform,0.70139,0.14915,000.00000000,000.00130401,000.00079155,000.15130506,000.34
Tournament (k=3),Blend,Uniform,0.91514,0.04023,000.00000000,000.00000153,000.00000000,000.30876121,000.21
Tournament (k=3),Blend,Gaussian,0.94259,0.02000,000.00000000,000.00000000,000.00000000,000.18146284,000.28
Tournament (k=3),Blend,Uniform,0.46371,0.11476,000.00000000,000.00049195,000.00032806,000.00585774,000.25
Tournament (k=3),Blend,Uniform,0.43709,0.05228,000.00000000,000.00735579,000.00330353,000.18083999,000.20
Tournament (k=3),Blend,Uniform,0.76642,0.16276,000.00011444,000.04966416,000.04191780,000.29577559,000.38
Tournament (k=3),Blend,Uniform,0.52190,0.02183,000.00000000,000.09826998,000.05943680,000.46982518,000.23
Tournament (k=3),Blend,Uniform,0.58741,0.14915,000.00000000,000.00031815,000.00019836,000.02105535,000.33
Tournament (k=3),Blend,Uniform,0.55369,0.27490,000.13342285,001.16188407,001.48852921,000.85893989,000.30
Tournament (k=3),Blend,Uniform,0.53756,0.21153,000.00562668,000.31202516,000.26458931,000.58168602,000.28
Tournament (k=3),Blend,Uniform,0.55369,0.09637,000.00000000,000.00019126,000.00010109,000.00508135,000.24
Tournament (k=3),Blend,Uniform,0.78941,0.06795,000.00000000,000.00000496,000.00000000,000.13925704,000.24
Tournament (k=3),Blend,Uniform,0.60503,0.08092,000.00000000,000.00045671,000.00014687,000.00954592,000.25
Tournament (k=3),Blend,Uniform,0.91514,0.11476,000.00000000,000.00000143,000.00000000,000.06252248,000.33
Tournament (k=3),Blend,Uniform,0.43709,0.19383,000.00018692,000.05109930,000.05056953,000.26561925,000.42
Tournament (k=3),Blend,Uniform,0.43709,0.02382,000.00000000,000.12193961,000.06752205,000.47794542,000.24
Tournament (k=3),Blend,Uniform,0.40000,0.07415,000.00000000,000.00520000,000.00432396,000.06517189,000.31
Tournament (k=3),Blend,Uniform,0.88849,0.23084,000.16342926,001.68289828,001.94882584,000.89980704,000.48
Tournament (k=3),Blend,Gaussian,0.94259,0.19383,000.00556183,000.07137299,000.07090950,000.31727809,000.41
Tournament (k=3),Blend,Uniform,0.78941,0.02599,000.00000000,000.00285439,000.00005341,000.32532892,000.27
Tournament (k=3),Blend,Uniform,0.57030,0.14915,000.00000000,000.00051918,000.00037766,000.01729805,000.33
Tournament (k=3),Blend,Uniform,0.64187,0.06226,000.00000000,000.00032706,000.00009918,000.03269956,000.29
Tournament (k=3),Blend,Uniform,0.70139,0.06795,000.00000000,000.00013022,000.00002289,000.01390501,000.24
Tournament (k=3),Blend,Uniform,0.94259,0.02000,000.00000000,000.14440140,000.00000000,000.53472310,000.21
Tournament (k=3),Blend,Uniform,0.50670,0.04023,000.00000000,000.00787540,000.00432968,000.18730234,000.27
Tournament (k=3),Blend,Uniform,0.40000,0.19383,000.00117111,000.03427348,000.03396034,000.22845653,000.28
Tournament (k=3),Blend,Uniform,0.58741,0.07415,000.00000000,000.00036087,000.00015259,000.03516827,000.24
Tournament (k=3),Blend,Uniform,0.50670,0.12524,000.00000000,000.00012975,000.00005722,000.00338238,000.43
Tournament (k=3),Blend,Uniform,0.68096,0.03686,000.00000000,000.00168858,000.00097656,000.28222281,000.28
Tournament (k=3),Blend,Uniform,0.55369,0.03378,000.00000000,000.00618496,000.00303459,000.29041597,000.22
Tournament (k=3),Blend,Uniform,0.86261,0.06795,000.00000000,000.00000019,000.00000000,000.00747678,000.26
Tournament (k=3),Blend,Uniform,0.70139,0.16276,000.00019836,000.02416706,000.02176857,000.23794183,000.44
Tournament (k=3),Blend,Uniform,0.62318,0.04023,000.00000000,000.00277109,000.00060654,000.32485831,000.28
Tournament (k=3),Blend,Uniform,0.81310,0.08830,000.00000000,000.00000052,000.00000000,000.00466356,000.32
Tournament (k=3),Blend,Uniform,0.72243,0.21153,000.03090668,000.78809792,001.06185913,000.76243478,000.38
Tournament (k=3),Blend,Gaussian,1.00000,0.12524,000.00000000,000.00000377,000.00000000,000.09431325,000.35
Tournament (k=3),Blend,Uniform,0.78941,0.19383,000.00496292,000.65371400,001.00725937,000.71606243,000.38
Tournament (k=3),Blend,Uniform,0.55369,0.10516,000.00000000,000.00016546,000.00010300,000.01453423,000.35
Tournament (k=3),Blend,Uniform,0.58741,0.03378,000.00000000,000.00614734,000.00213051,000.31652689,000.22
Tournament (k=3),Blend,Uniform,0.53756,0.23084,000.04928970,000.62419415,000.67375946,000.60811216,000.46
Tournament (k=3),Blend,Uniform,0.64187,0.02382,000.00000000,000.11145668,000.00971031,000.48701152,000.20
Tournament (k=3),Blend,Uniform,0.52190,0.06226,000.00000000,000.00127263,000.00075722,000.10223555,000.23
Tournament (k=3),Blend,Uniform,0.60503,0.04023,000.00000000,000.00469985,000.00115395,000.21861653,000.22
Tournament (k=3),Blend,Uniform,0.94259,0.05705,000.00000000,000.00000000,000.00000000,000.21919501,000.25
Tournament (k=3),Blend,Uniform,0.58741,0.08092,000.00000000,000.00050640,000.00017357,000.01109673,000.25
Tournament (k=3),Blend,Uniform,0.91514,0.12524,000.00000000,000.00009341,000.00001526,000.12073314,000.35
Tournament (k=3),Blend,Uniform,0.45020,0.08830,000.00000000,000.00226874,000.00165367,000.02921696,000.29
Tournament (k=3),Blend,Uniform,0.86261,0.07415,000.00000000,000.00000000,000.00000000,000.00171521,000.26
Tournament (k=3),Blend,Uniform,0.66113,0.21153,000.04776001,000.50694472,000.60461426,000.64847285,000.40
Tournament (k=3),Blend,Uniform,0.62318,0.11476,000.00000000,000.00001569,000.00000381,000.00085039,000.27
Tournament (k=3),Blend,Uniform,0.53756,0.02599,000.00000000,000.02346764,000.01211929,000.24819444,000.26
Tournament (k=3),Blend,Uniform,0.45020,0.03686,000.00000000,000.02188320,000.01021767,000.31312084,000.26
Tournament (k=3),Blend,Uniform,0.88849,0.03378,000.00000000,000.00000391,000.00000000,000.32310724,000.29
Tournament (k=3),Blend,Uniform,0.83749,0.12524,000.00000000,000.00001068,000.00000763,000.02640822,000.35
Tournament (k=3),Blend,Uniform,0.97087,0.02837,000.00000000,000.00003471,000.00000000,000.37349725,000.29
Tournament (k=3),Blend,Uniform,0.94259,0.16276,000.00413513,000.38973790,000.36248398,000.62018538,000.38
Tournament (k=3),Blend,Uniform,0.64187,0.02599,000.00000000,000.03456240,000.00381470,000.42964908,000.21
Tournament (k=3),Blend,Uniform,0.68096,0.11476,000.00000000,000.00001297,000.00000763,000.00109990,000.34
Tournament (k=3),Blend,Uniform,0.60503,0.04390,000.00000000,000.00431914,000.00090218,000.17205577,000.23
Tournament (k=3),Blend,Uniform,0.86261,0.02183,000.00000000,000.03177815,000.00000000,000.49980038,000.28
Tournament (k=3),Blend,Uniform,0.52190,0.06795,000.00000000,000.00153599,000.00054932,000.03637151,000.27
Tournament (k=3),Blend,Uniform,0.74410,0.09637,000.00000000,000.00000062,000.00000000,000.00257496,000.25
Tournament (k=3),Blend,Uniform,0.60503,0.25191,000.18537140,001.10169530,001.34785461,000.71465981,000.35
Tournament (k=3),Blend,Uniform,0.49195,0.21153,000.00555420,000.19025913,000.18519974,000.52417326,000.29
Tournament (k=3),Blend,Uniform,0.74410,0.03686,000.00000000,000.00064821,000.00001335,000.32278934,000.21
Tournament (k=3),Blend,Uniform,0.45020,0.23084,000.03134537,000.45322102,000.52142906,000.52601779,000.30
Tournament (k=3),Blend,Uniform,0.97087,0.08092,000.00000000,000.00000138,000.00000000,000.14929770,000.32
Tournament (k=3),Blend,Gaussian,0.86261,0.21153,000.00953293,000.09804492,000.09960175,000.33650565,000.49
Tournament (k=3),Blend,Uniform,0.53756,0.02837,000.00000000,000.02589417,000.00560570,000.39552516,000.26
Tournament (k=3),Blend,Uniform,0.72243,0.03095,000.00000000,000.00049295,000.00005150,000.30014259,000.20
Tournament (k=3),Blend,Uniform,0.83749,0.05228,000.00000000,000.00000734,000.00000000,000.18534532,000.22
Tournament (k=3),Blend,Uniform,0.62318,0.12524,000.00000000,000.00001416,000.00001144,000.00229758,000.32
Tournament (k=3),Blend,Uniform,0.88849,0.03686,000.00000000,000.00000167,000.00000000,000.29793352,000.29
Tournament (k=3),Blend,Uniform,0.97087,0.23084,000.30892181,001.93214488,002.11675262,001.09975624,000.40
Tournament (k=3),Blend,Uniform,0.66113,0.23084,000.00200653,000.86217296,001.06384277,000.92875212,000.40
Tournament (k=3),Blend,Uniform,0.47762,0.02183,000.00000000,000.15984201,000.09624290,000.48629954,000.19
Tournament (k=3),Blend,Uniform,0.74410,0.30000,000.10447311,001.98650551,002.28133011,001.27712345,000.32
Tournament (k=3),Blend,Uniform,0.66113,0.02837,000.00000000,000.00234327,000.00058937,000.39218262,000.21
Tournament (k=3),Blend,Uniform,0.70139,0.02000,000.00000000,000.02986674,000.00471306,000.52246779,000.26
Tournament (k=3),Blend,Uniform,0.88849,0.08830,000.00000000,000.00000000,000.00000000,000.16575149,000.30
Tournament (k=3),Blend,Uniform,0.76642,0.05228,000.00000000,000.00004506,000.00000000,000.16966686,000.23
Tournament (k=3),Blend,Uniform,0.72243,0.08830,000.00000000,000.00000525,000.00000000,000.00062134,000.24
Tournament (k=3),Blend,Uniform,0.91514,0.04390,000.00000000,000.00000010,000.00000000,000.24213888,000.25
Tournament (k=3),Blend,Uniform,0.64187,0.14915,000.00000000,000.00028267,000.00017166,000.01166096,000.35
Tournament (k=3),Blend,Uniform,0.81310,0.27490,000.10485077,002.05680203,002.35047150,001.05580401,000.41
Tournament (k=3),Blend,Uniform,0.49195,0.09637,000.00000000,000.00088763,000.00062752,000.04328949,000.30
Tournament (k=3),Blend,Uniform,0.43709,0.05705,000.00000000,000.00526299,000.00268364,000.06360071,000.25
Tournament (k=3),Blend,Uniform,0.86261,0.21153,000.05158997,001.26609349,001.52756119,000.79175377,000.37
Tournament (k=3),Blend,Gaussian,0.94259,0.02183,000.00000000,000.00000000,000.00000000,000.10187294,000.29
Tournament (k=3),Blend,Uniform,0.72243,0.03378,000.00000000,000.00119648,000.00005341,000.32408679,000.27
Tournament (k=3),Blend,Uniform,0.52190,0.02382,000.00000000,000.03306937,000.01473618,000.41535506,000.26
Tournament (k=3),Blend,Gaussian,0.97087,0.27490,000.01997375,000.88308316,001.14735413,000.75133365,000.50
Tournament (k=3),Blend,Uniform,0.78941,0.07415,000.00000000,000.00000839,000.00000000,000.09898199,000.25
Tournament (k=3),Blend,Uniform,0.76642,0.17762,000.00047302,000.32771987,000.32830048,000.48605445,000.38
Tournament (k=3),Blend,Uniform,0.70139,0.02183,000.00000000,000.04385800,000.00082779,000.48749843,000.22
Tournament (k=3),Blend,Uniform,0.66113,0.03095,000.00000000,000.00543346,000.00045395,000.36141405,000.24
Tournament (k=3),Blend,Uniform,0.66113,0.08092,000.00000000,000.00014620,000.00002289,000.00573072,000.29
Tournament (k=3),Blend,Uniform,0.55369,0.30000,000.36237717,001.42719030,001.57650375,000.88302648,000.32
Tournament (k=3),Blend,Uniform,0.53756,0.08092,000.00000000,000.00054522,000.00036621,000.02296048,000.24
Tournament (k=3),Blend,Uniform,1.00000,0.04023,000.00000000,000.00007663,000.00000000,000.44668913,000.22
Tournament (k=3),Blend,Uniform,0.58741,0.16276,000.00000000,000.00522070,000.00298309,000.04450788,000.35
Tournament (k=3),Blend,Uniform,0.43709,0.02599,000.00000000,000.06347714,000.05722237,000.35024199,000.24
Tournament (k=3),Blend,Uniform,0.76642,0.05705,000.00000000,000.00001321,000.00000000,000.13999647,000.27
Tournament (k=3),Blend,Uniform,0.76642,0.02000,000.00000000,000.10278697,000.00004387,000.49386296,000.34
Tournament (k=3),Blend,Uniform,0.70139,0.07415,000.00000000,000.00008011,000.00001717,000.09918308,000.24
Tournament (k=3),Blend,Uniform,0.72243,0.03686,000.00000000,000.00450931,000.00070953,000.34166783,000.27
Tournament (k=3),Blend,Uniform,0.94259,0.02183,000.00000000,000.01922164,000.00000000,000.43639529,000.21
Tournament (k=3),Blend,Uniform,0.49195,0.10516,000.00000000,000.00028505,000.00014305,000.01686531,000.32
Tournament (k=3),Blend,Uniform,0.50670,0.04390,000.00000000,000.00572782,000.00186157,000.22794352,000.22
Tournament (k=3),Blend,Uniform,0.81310,0.03686,000.00000000,000.00000939,000.00000000,000.20737217,000.23
Tournament (k=3),Blend,Uniform,0.88849,0.25191,000.41299057,001.97395015,002.27361870,001.06974757,000.40
Tournament (k=3),Blend,Uniform,0.55369,0.03686,000.00000000,000.01048713,000.00632095,000.24001524,000.22
Tournament (k=3),Blend,Gaussian,0.94259,0.21153,000.00273514,000.23968987,000.20434761,000.51201880,000.41
Tournament (k=3),Blend,Uniform,0.57030,0.16276,000.00001526,000.00455413,000.00253677,000.05151479,000.37
Tournament (k=3),Blend,Uniform,0.57030,0.04791,000.00000000,000.00614223,000.00329971,000.15603419,000.23
Tournament (k=3),Blend,Uniform,0.68096,0.04023,000.00000000,000.00106964,000.00016022,000.24403585,000.29
Tournament (k=3),Blend,Uniform,0.40000,0.21153,000.00532532,000.10124226,000.11186600,000.27508512,000.34
Tournament (k=3),Blend,Uniform,0.62318,0.04390,000.00000000,000.00128179,000.00043297,000.17350043,000.29
Tournament (k=3),Blend,Uniform,0.50670,0.13667,000.00000000,000.00017934,000.00012970,000.00612818,000.34
Tournament (k=3),Blend,Uniform,0.81310,0.09637,000.00000000,000.00000000,000.00000000,000.03281910,000.33
Tournament (k=3),Blend,Uniform,0.70139,0.08092,000.00000000,000.00006552,000.00001335,000.00568166,000.26
Tournament (k=3),Blend,Gaussian,1.00000,0.13667,000.00000000,000.00009503,000.00007057,000.00881964,000.34
Tournament (k=3),Blend,Uniform,0.70139,0.17762,000.00220490,000.09010486,000.07427788,000.46077973,000.37
Tournament (k=3),Blend,Uniform,0.78941,0.21153,000.10555267,000.97486228,001.25546265,000.84511584,000.35
Tournament (k=3),Blend,Uniform,0.94259,0.02382,000.00000000,000.00007906,000.00000000,000.34488627,000.21
Tournament (k=3),Blend,Uniform,0.53756,0.25191,000.03271484,000.73106575,000.85190010,000.66913837,000.31
Tournament (k=3),Blend,Uniform,0.86261,0.08092,000.00000000,000.00000114,000.00000000,000.00187681,000.25
Tournament (k=3),Blend,Uniform,0.81310,0.04023,000.00000000,000.00001111,000.00000000,000.25364515,000.25
Tournament (k=3),Blend,Uniform,0.94259,0.06226,000.00000000,000.00000000,000.00000000,000.19196030,000.32
Tournament (k=3),Blend,Uniform,0.72243,0.04023,000.00000000,000.00045986,000.00003433,000.16958934,000.30
Tournament (k=3),Blend,Uniform,0.57030,0.05228,000.00000000,000.00388627,000.00168228,000.04815572,000.24
Tournament (k=3),Blend,Uniform,0.45020,0.09637,000.00000000,000.00110116,000.00058556,000.01457467,000.29
Tournament (k=3),Blend,Uniform,0.72243,0.23084,000.10449982,001.02615392,001.24674606,000.80288965,000.46
Tournament (k=3),Blend,Uniform,0.64187,0.02837,000.00000000,000.00592937,000.00103378,000.31183767,000.20
Tournament (k=3),Blend,Uniform,0.52190,0.14915,000.00000000,000.00021081,000.00013161,000.00364985,000.32
Tournament (k=3),Blend,Uniform,0.47762,0.16276,000.00001907,000.00112486,000.00132179,000.00804348,000.33
Tournament (k=3),Blend,Uniform,0.60503,0.04791,000.00000000,000.00230885,000.00127792,000.15063451,000.21
Tournament (k=3),Blend,Uniform,0.68096,0.04390,000.00000000,000.00048780,000.00011063,000.16948649,000.28
Tournament (k=3),Blend,Uniform,0.52190,0.07415,000.00000000,000.00102091,000.00044823,000.02947626,000.22
Tournament (k=3),Blend,Uniform,0.57030,0.17762,000.00040436,000.02069936,000.02275276,000.22356026,000.36
Tournament (k=3),Blend,Uniform,0.74410,0.10516,000.00000000,000.00000253,000.00000000,000.00035124,000.25
Tournament (k=3),Blend,Uniform,0.86261,0.02382,000.00000000,000.03603201,000.00000000,000.49387482,000.27
Tournament (k=3),Blend,Uniform,0.94259,0.17762,000.01525879,000.75263762,001.01006699,000.80515522,000.36
Tournament (k=3),Blend,Uniform,0.60503,0.27490,000.09231186,001.34916902,001.55434036,000.82611257,000.30
Tournament (k=3),Blend,Uniform,0.81310,0.04390,000.00000000,000.00000281,000.00000000,000.10332146,000.25
Tournament (k=3),Blend,Uniform,0.64187,0.03095,000.00000000,000.00664830,000.00269318,000.29437119,000.20
Tournament (k=3),Blend,Uniform,0.68096,0.12524,000.00000000,000.00001416,000.00000763,000.00034665,000.37
Tournament (k=3),Blend,Uniform,0.86261,0.08830,000.00000000,000.00000000,000.00000000,000.00010461,000.27
Tournament (k=3),Blend,Uniform,0.49195,0.23084,000.01092148,000.36507115,000.44474983,000.48007029,000.35
Tournament (k=3),Blend,Uniform,0.53756,0.03095,000.00000000,000.00629215,000.00295258,000.23851390,000.25
Tournament (k=3),Blend,Uniform,0.45020,0.25191,000.01012421,000.64817637,000.86614037,000.64995551,000.29
Tournament (k=3),Blend,Uniform,0.83749,0.05705,000.00000000,000.00000138,000.00000000,000.13926192,000.22
Tournament (k=3),Blend,Uniform,0.97087,0.08830,000.00000000,000.00000019,000.00000000,000.14823776,000.31
Tournament (k=3),Blend,Uniform,0.53756,0.27490,000.05649185,001.08017886,001.26414871,000.82368052,000.35
Tournament (k=3),Blend,Uniform,0.47762,0.02382,000.00000000,000.02823749,000.02300072,000.34547749,000.19
Tournament (k=3),Blend,Uniform,1.00000,0.11476,000.00000000,000.00001264,000.00000000,000.10545614,000.34
Tournament (k=3),Blend,Uniform,0.88849,0.04023,000.00000000,000.00002141,000.00000000,000.34313577,000.26
Tournament (k=3),Blend,Gaussian,0.86261,0.02599,000.00000000,000.00000062,000.00000000,000.00110146,000.24
Tournament (k=3),Blend,Uniform,0.88849,0.09637,000.00000000,000.00000000,000.00000000,000.02999982,000.25
Tournament (k=3),Blend,Uniform,0.52190,0.16276,000.00000763,000.00156660,000.00124168,000.10146276,000.35
Tournament (k=3),Blend,Uniform,0.72243,0.09637,000.00000000,000.00000496,000.00000000,000.00170170,000.24
Tournament (k=3),Blend,Uniform,0.91514,0.04791,000.00000000,000.00000019,000.00000000,000.26979607,000.22
Tournament (k=3),Blend,Uniform,0.97087,0.25191,000.66705704,002.33291817,002.79973793,001.05750287,000.37
Tournament (k=3),Blend,Uniform,0.60503,0.08830,000.00000000,000.00028744,000.00010872,000.00975079,000.29
Tournament (k=3),Blend,Uniform,0.66113,0.25191,000.07530975,001.23275065,001.47201729,000.85227746,000.36
Tournament (k=3),Blend,Uniform,0.43709,0.21153,000.00389862,000.15159898,000.16020203,000.38135347,000.29
Tournament (k=3),Blend,Uniform,0.43709,0.06226,000.00000000,000.00457296,000.00276566,000.04380059,000.26
Tournament (k=3),Blend,Uniform,0.52190,0.02599,000.00000000,000.01741157,000.00521469,000.42828488,000.25
Tournament (k=3),Blend,Gaussian,0.94259,0.02382,000.00000000,000.00000000,000.00000000,000.26595166,000.29
Tournament (k=3),Blend,Uniform,0.64187,0.06795,000.00000000,000.00032201,000.00016785,000.01284656,000.28
Tournament (k=3),Blend,Uniform,0.64187,0.16276,000.00002289,000.00631924,000.00547600,000.13084422,000.34
Tournament (k=3),Blend,Uniform,0.70139,0.02382,000.00000000,000.08259215,000.00086403,000.46018422,000.21
Tournament (k=3),Blend,Uniform,0.57030,0.02000,000.00000000,000.09572711,000.01557732,000.51270586,000.20
Tournament (k=3),Blend,Uniform,0.66113,0.03378,000.00000000,000.00154762,000.00016022,000.25445837,000.22
Tournament (k=3),Blend,Uniform,0.81310,0.30000,000.09085846,002.22287059,002.57976532,001.17042983,000.38
Tournament (k=3),Blend,Uniform,0.49195,0.25191,000.04833221,000.74696010,001.03696060,000.58625537,000.38
Tournament (k=3),Blend,Uniform,0.86261,0.23084,000.07067108,001.49774230,001.96688080,000.93512678,000.37
Tournament (k=3),Blend,Uniform,0.66113,0.08830,000.00000000,000.00006695,000.00001717,000.00361825,000.24
Tournament (k=3),Blend,Uniform,0.78941,0.08092,000.00000000,000.00000434,000.00000000,000.00733405,000.31
Tournament (k=3),Blend,Uniform,0.76642,0.02183,000.00000000,000.03110275,000.00012398,000.46110031,000.20
Tournament (k=3),Blend,Gaussian,0.97087,0.30000,000.09571075,001.07665300,001.41489983,000.74560857,000.39
Tournament (k=3),Blend,Uniform,0.76642,0.19383,000.01802826,000.49926144,000.52684975,000.72972876,000.36
Tournament (k=3),Blend,Uniform,0.76642,0.06226,000.00000000,000.00002012,000.00000000,000.10022000,000.24
Tournament (k=3),Blend,Uniform,0.72243,0.10516,000.00000000,000.00000162,000.00000000,000.00369878,000.29
Tournament (k=3),Blend,Uniform,1.00000,0.04390,000.00000000,000.00000572,000.00000000,000.32265717,000.29
Tournament (k=3),Blend,Uniform,0.58741,0.03686,000.00000000,000.00577855,000.00176620,000.28938466,000.21
Tournament (k=3),Blend,Uniform,0.43709,0.06795,000.00000000,000.00390654,000.00312233,000.14174382,000.26
Tournament (k=3),Blend,Uniform,0.58741,0.17762,000.00061035,000.02863369,000.02632141,000.26182640,000.32
Tournament (k=3),Blend,Uniform,0.55369,0.04023,000.00000000,000.00523500,000.00443649,000.05614062,000.20
Tournament (k=3),Blend,Uniform,0.97087,0.03095,000.00000000,000.00235181,000.00000000,000.44920808,000.20
Tournament (k=3),Blend,Uniform,0.62318,0.04791,000.00000000,000.00356312,000.00082970,000.22340639,000.21
Tournament (k=3),Blend,Uniform,0.64187,0.07415,000.00000000,000.00027032,000.00006104,000.01284088,000.29
Tournament (k=3),Blend,Uniform,0.58741,0.08830,000.00000000,000.00038576,000.00019455,000.01931131,000.28
Tournament (k=3),Blend,Uniform,0.91514,0.13667,000.00000381,000.00503230,000.00224304,000.32968462,000.34
Tournament (k=3),Blend,Uniform,0.64187,0.17762,000.00044632,000.05622583,000.04207230,000.29156679,000.34
Tournament (k=3),Blend,Uniform,0.94259,0.02599,000.00000000,000.00060291,000.00000000,000.45096031,000.20
Tournament (k=3),Blend,Uniform,0.78941,0.08830,000.00000000,000.00000072,000.00000000,000.01066013,000.30
Tournament (k=3),Blend,Uniform,0.70139,0.08830,000.00000000,000.00001550,000.00000381,000.09896663,000.25
Tournament (k=3),Blend,Uniform,0.66113,0.09637,000.00000000,000.00005035,000.00001717,000.00144452,000.31
Tournament (k=3),Blend,Uniform,0.83749,0.13667,000.00000000,000.00042715,000.00019455,000.15029103,000.34
Tournament (k=3),Blend,Uniform,0.88849,0.27490,000.46808243,002.08067441,002.44319534,001.25366807,000.37
Tournament (k=3),Blend,Uniform,0.74410,0.04023,000.00000000,000.00008292,000.00000191,000.21682034,000.22
Tournament (k=3),Blend,Uniform,0.81310,0.10516,000.00000000,000.00000057,000.00000000,000.00055719,000.32
Tournament (k=3),Blend,Uniform,0.76642,0.06795,000.00000000,000.00002565,000.00000000,000.09994911,000.30
Tournament (k=3),Blend,Uniform,0.72243,0.04390,000.00000000,000.00036778,000.00000763,000.14092983,000.21
Tournament (k=3),Blend,Uniform,0.94259,0.06795,000.00000000,000.00000000,000.00000000,000.16354339,000.23
Tournament (k=3),Blend,Uniform,0.57030,0.05705,000.00000000,000.00286441,000.00098038,000.17351238,000.21
Tournament (k=3),Blend,Uniform,0.70139,0.19383,000.01221466,000.35909659,000.39084625,000.51283658,000.35
Tournament (k=3),Blend,Uniform,0.76642,0.21153,000.01293182,000.99586594,001.24424553,000.83992726,000.36
Tournament (k=3),Blend,Uniform,0.46371,0.12524,000.00000000,000.00024557,000.00007820,000.00525991,000.24
Tournament (k=3),Blend,Uniform,0.45020,0.10516,000.00000000,000.00062866,000.00062180,000.02215075,000.29
Tournament (k=3),Blend,Uniform,0.62318,0.13667,000.00000000,000.00002699,000.00001526,000.00399501,000.30
Tournament (k=3),Blend,Uniform,0.68096,0.04791,000.00000000,000.00084257,000.00012970,000.22398469,000.24
Tournament (k=3),Blend,Uniform,0.64187,0.03378,000.00000000,000.00297551,000.00148773,000.22051461,000.20
Tournament (k=3),Blend,Uniform,0.72243,0.25191,000.17316818,001.42919958,001.63966370,000.80581146,000.36
Tournament (k=3),Blend,Uniform,0.74410,0.11476,000.00000000,000.00000353,000.00000000,000.00152615,000.26
Tournament (k=3),Blend,Uniform,0.86261,0.02599,000.00000000,000.00042620,000.00000000,000.45076734,000.25
Tournament (k=3),Blend,Uniform,0.81310,0.04791,000.00000000,000.00002847,000.00000000,000.19717182,000.22
Tournament (k=3),Blend,Uniform,0.47762,0.17762,000.00003815,000.01429834,000.01538467,000.12690067,000.32
Tournament (k=3),Blend,Uniform,0.72243,0.04791,000.00000000,000.00064030,000.00014114,000.22198245,000.24
Tournament (k=3),Blend,Uniform,0.57030,0.19383,000.00250244,000.11133470,000.13067245,000.35184777,000.34
Tournament (k=3),Blend,Uniform,0.53756,0.03378,000.00000000,000.01017332,000.00311470,000.26346609,000.25
Tournament (k=3),Blend,Uniform,0.64187,0.19383,000.01220703,000.25298399,000.22919273,000.50343269,000.37
Tournament (k=3),Blend,Uniform,0.60503,0.30000,000.10874939,001.54411066,001.93715096,000.98188591,000.33
Tournament (k=3),Blend,Uniform,0.81310,0.11476,000.00000000,000.00000014,000.00000000,000.00375543,000.30
Tournament (k=3),Blend,Uniform,0.94259,0.19383,000.09358597,001.11545277,001.32834625,000.87424356,000.36
Tournament (k=3),Blend,Uniform,0.83749,0.06226,000.00000000,000.00000110,000.00000000,000.19622333,000.23
Tournament (k=3),Blend,Uniform,0.47762,0.02599,000.00000000,000.07226495,000.02309799,000.41689816,000.19
Tournament (k=3),Blend,Uniform,0.97087,0.09637,000.00000000,000.00000014,000.00000000,000.12205655,000.25
Tournament (k=3),Blend,Uniform,0.46371,0.13667,000.00000000,000.00028834,000.00027084,000.00734410,000.27
Tournament (k=3),Blend,Uniform,0.45020,0.27490,000.04700089,000.85681009,001.11855316,000.78292996,000.35
Tournament (k=3),Blend,Uniform,0.94259,0.07415,000.00000000,000.00000014,000.00000000,000.19515681,000.39
Tournament (k=3),Blend,Uniform,0.91514,0.05228,000.00000000,000.00000076,000.00000000,000.14057156,000.22
Tournament (k=3),Blend,Uniform,0.53756,0.08830,000.00000000,000.00045257,000.00024605,000.10241816,000.23
Tournament (k=3),Blend,Uniform,0.88849,0.04390,000.00000000,000.00000019,000.00000000,000.27326289,000.28
Tournament (k=3),Blend,Uniform,1.00000,0.12524,000.00000000,000.00025520,000.00007629,000.11038310,000.29
Tournament (k=3),Blend,Uniform,0.88849,0.10516,000.00000000,000.00000000,000.00000000,000.09905876,000.30
Tournament (k=3),Blend,Uniform,0.53756,0.30000,000.09993744,001.41810870,001.56357765,000.95897669,000.37
Tournament (k=3),Blend,Uniform,0.70139,0.02599,000.00000000,000.00505304,000.00067520,000.45578977,000.22
Tournament (k=3),Blend,Uniform,0.55369,0.11476,000.00000000,000.00008302,000.00002289,000.00387093,000.25
Tournament (k=3),Blend,Uniform,0.60503,0.09637,000.00000000,000.00012221,000.00004578,000.09893633,000.29
Tournament (k=3),Blend,Uniform,0.50670,0.04791,000.00000000,000.00485349,000.00357056,000.19251901,000.25
Tournament (k=3),Blend,Gaussian,0.94259,0.02599,000.00000000,000.00000000,000.00000000,000.01366125,000.29
Tournament (k=3),Blend,Uniform,0.52190,0.17762,000.00026703,000.01946540,000.01779747,000.25568178,000.38
Tournament (k=3),Blend,Uniform,0.97087,0.27490,000.09059906,002.50428247,003.00286865,001.27901649,000.36
Tournament (k=3),Blend,Uniform,0.83749,0.06795,000.00000000,000.00000329,000.00000000,000.09897625,000.27
Tournament (k=3),Blend,Uniform,0.83749,0.02000,000.00000000,000.13705721,000.00053978,000.54604548,000.26
Tournament (k=3),Blend,Uniform,0.66113,0.27490,000.20323944,001.54759860,001.76683235,000.89372790,000.37
Tournament (k=3),Blend,Uniform,0.49195,0.27490,000.00469589,000.97200936,001.23142433,000.77347714,000.28
Tournament (k=3),Blend,Uniform,0.53756,0.09637,000.00000000,000.00035954,000.00020981,000.00895900,000.27
Tournament (k=3),Blend,Uniform,1.00000,0.04791,000.00000000,000.00000014,000.00000000,000.25563055,000.22
Tournament (k=3),Blend,Uniform,0.76642,0.02382,000.00000000,000.04982939,000.00006676,000.41845608,000.26
Tournament (k=3),Blend,Uniform,0.55369,0.04390,000.00000000,000.00380177,000.00133514,000.21678361,000.20
Tournament (k=3),Blend,Uniform,0.72243,0.11476,000.00000000,000.00000148,000.00000000,000.09899597,000.26
Tournament (k=3),Blend,Uniform,0.94259,0.02837,000.00000000,000.00000014,000.00000000,000.32490772,000.20
Tournament (k=3),Blend,Uniform,0.60503,0.05228,000.00000000,000.00086060,000.00019264,000.10968526,000.21
Tournament (k=3),Blend,Uniform,0.91514,0.05705,000.00000000,000.00000057,000.00000000,000.21911296,000.41
Tournament (k=3),Blend,Uniform,0.70139,0.02837,000.00000000,000.00141048,000.00014305,000.37864453,000.30
Tournament (k=3),Blend,Uniform,0.62318,0.05228,000.00000000,000.00124540,000.00043106,000.17538473,000.28
Tournament (k=3),Blend,Uniform,0.97087,0.03378,000.00000000,000.00010138,000.00000000,000.34488186,000.28
Tournament (k=3),Blend,Uniform,0.78941,0.23084,000.04530334,001.27579939,001.38367653,000.91954827,000.36
Tournament (k=3),Blend,Uniform,0.64187,0.08092,000.00000000,000.00011644,000.00002480,000.00505162,000.29
Tournament (k=3),Blend,Uniform,0.45020,0.30000,000.14688873,001.12621796,001.34418106,000.78741193,000.48
Tournament (k=3),Blend,Uniform,0.70139,0.09637,000.00000000,000.00001783,000.00000000,000.09904809,000.24
Tournament (k=3),Blend,Uniform,0.58741,0.09637,000.00000000,000.00025587,000.00017548,000.00576670,000.30
Tournament (k=3),Blend,Uniform,0.94259,0.08092,000.00000000,000.00000000,000.00000000,000.19641539,000.46
Tournament (k=3),Blend,Uniform,0.83749,0.07415,000.00000000,000.00000796,000.00000000,000.02778011,000.24
Tournament (k=3),Blend,Uniform,0.58741,0.19383,000.00343704,000.14300485,000.11759949,000.39792880,000.35
Tournament (k=3),Blend,Uniform,0.66113,0.10516,000.00000000,000.00000682,000.00000000,000.00097990,000.25
Tournament (k=3),Blend,Gaussian,1.00000,0.14915,000.00000381,000.00115056,000.00093842,000.05988738,000.42
Tournament (k=3),Blend,Uniform,0.91514,0.14915,000.00056458,000.07172713,000.07312202,000.48029390,000.34
Tournament (k=3),Blend,Uniform,0.46371,0.14915,000.00000000,000.00033159,000.00029564,000.00409271,000.56
Tournament (k=3),Blend,Uniform,0.76642,0.07415,000.00000000,000.00001445,000.00000000,000.01024208,000.24
Tournament (k=3),Blend,Uniform,0.94259,0.03095,000.00000000,000.00002074,000.00000000,000.31109056,000.23
Tournament (k=3),Blend,Uniform,0.74410,0.04390,000.00000000,000.00013418,000.00000954,000.16979304,000.27
Tournament (k=3),Blend,Uniform,0.86261,0.09637,000.00000000,000.00000024,000.00000000,000.00659227,000.25
Tournament (k=3),Blend,Uniform,0.83749,0.14915,000.00001526,000.01643100,000.01403618,000.19845904,000.35
Tournament (k=3),Blend,Uniform,0.57030,0.06226,000.00000000,000.00188842,000.00096130,000.10435390,000.22
Tournament (k=3),Blend,Uniform,0.70139,0.03095,000.00000000,000.00121207,000.00017166,000.23952182,000.26
Tournament (k=3),Blend,Uniform,0.64187,0.03686,000.00000000,000.00477281,000.00169182,000.30507758,000.21
Tournament (k=3),Blend,Uniform,0.86261,0.02837,000.00000000,000.00014420,000.00000000,000.37420884,000.21
Tournament (k=3),Blend,Uniform,0.88849,0.30000,000.56593704,002.54074812,002.80686378,001.07240379,000.39
Tournament (k=3),Blend,Uniform,0.78941,0.02837,000.00000000,000.00385861,000.00001526,000.38424656,000.27
Tournament (k=3),Blend,Uniform,0.81310,0.05228,000.00000000,000.00000391,000.00000000,000.10052596,000.22
Tournament (k=3),Blend,Uniform,0.68096,0.13667,000.00000000,000.00002656,000.00001907,000.01119726,000.32
Tournament (k=3),Blend,Uniform,0.62318,0.14915,000.00000000,000.00027475,000.00016975,000.00589155,000.29
Tournament (k=3),Blend,Uniform,0.66113,0.11476,000.00000000,000.00000749,000.00000381,000.00099261,000.31
Tournament (k=3),Blend,Uniform,0.94259,0.08830,000.00000000,000.00000196,000.00000000,000.19894385,000.32
Tournament (k=3),Blend,Uniform,0.72243,0.27490,000.30141830,001.58978033,001.92476082,000.97687900,000.32
Tournament (k=3),Blend,Uniform,0.70139,0.21153,000.01651764,000.61149579,000.73804283,000.78655815,000.35
Tournament (k=3),Blend,Uniform,0.76642,0.23084,000.08209991,001.35760915,001.58527184,000.79733086,000.37
Tournament (k=3),Blend,Uniform,0.47762,0.19383,000.00140762,000.08775119,000.10322189,000.34648260,000.34
Tournament (k=3),Blend,Uniform,0.53756,0.03686,000.00000000,000.00820932,000.00359917,000.24242018,000.25
Tournament (k=3),Blend,Uniform,0.74410,0.04791,000.00000000,000.00008216,000.00000000,000.11021915,000.25
Tournament (k=3),Blend,Uniform,0.57030,0.21153,000.00494003,000.35215893,000.42493629,000.53266168,000.29
Tournament (k=3),Blend,Uniform,0.57030,0.02183,000.00000000,000.03647738,000.00376892,000.44408575,000.19
Tournament (k=3),Blend,Uniform,0.64187,0.21153,000.02674103,000.56463075,000.59520340,000.60459834,000.29
Tournament (k=3),Blend,Uniform,0.78941,0.03095,000.00000000,000.00088201,000.00000381,000.34701073,000.23
Tournament (k=3),Blend,Uniform,0.81310,0.05705,000.00000000,000.00002151,000.00000000,000.13975781,000.23
Tournament (k=3),Blend,Uniform,0.88849,0.11476,000.00000000,000.00000381,000.00000000,000.03029629,000.25
Tournament (k=3),Blend,Uniform,0.97087,0.10516,000.00000000,000.00000000,000.00000000,000.09911709,000.33
Tournament (k=3),Blend,Uniform,0.43709,0.07415,000.00000000,000.00480318,000.00317001,000.10269687,000.26
Tournament (k=3),Blend,Uniform,0.81310,0.12524,000.00000000,000.00000973,000.00000000,000.00568041,000.35
Tournament (k=3),Blend,Uniform,0.55369,0.12524,000.00000000,000.00010343,000.00004005,000.00194417,000.26
Tournament (k=3),Blend,Uniform,0.50670,0.14915,000.00000000,000.00026827,000.00024223,000.00268012,000.32
Tournament (k=3),Blend,Uniform,0.94259,0.21153,000.06688690,001.46010017,001.82564926,000.87291318,000.37
Tournament (k=3),Blend,Uniform,0.50670,0.05228,000.00000000,000.00258994,000.00136948,000.10985703,000.26
Tournament (k=3),Blend,Uniform,0.86261,0.25191,000.18237305,001.94594216,002.44189835,001.08615744,000.37
Tournament (k=3),Blend,Uniform,0.60503,0.10516,000.00000000,000.00009599,000.00002861,000.00343491,000.30
Tournament (k=3),Blend,Uniform,0.78941,0.09637,000.00000000,000.00000105,000.00000000,000.00101727,000.25
Tournament (k=3),Blend,Uniform,1.00000,0.05228,000.00000000,000.00003643,000.00000000,000.49511203,000.22
Tournament (k=3),Blend,Uniform,0.52190,0.19383,000.00054932,000.08477049,000.10484123,000.34240842,000.30
Tournament (k=3),Blend,Uniform,0.53756,0.10516,000.00000000,000.00011916,000.00007057,000.00501637,000.26
Tournament (k=3),Blend,Uniform,0.49195,0.30000,000.18398666,001.22948778,001.50532341,000.86808836,000.29
Tournament (k=3),Blend,Uniform,0.55369,0.04791,000.00000000,000.00210862,000.00049019,000.16968744,000.26
Tournament (k=3),Blend,Uniform,0.76642,0.02599,000.00000000,000.00083990,000.00000572,000.34765303,000.26
Tournament (k=3),Blend,Uniform,0.72243,0.12524,000.00000000,000.00000281,000.00000000,000.00187175,000.26
Tournament (k=3),Blend,Uniform,0.66113,0.30000,000.23320770,001.86908984,002.13099670,001.05457842,000.37
Tournament (k=3),Blend,Uniform,0.47762,0.21153,000.00435638,000.19281359,000.20767593,000.44672799,000.39
Tournament (k=3),Blend,Uniform,0.76642,0.25191,000.26206589,001.35818648,001.53603745,000.88560677,000.46
Tournament (k=3),Blend,Uniform,0.62318,0.05705,000.00000000,000.00126424,000.00044632,000.19584088,000.27
Tournament (k=3),Blend,Uniform,0.68096,0.05228,000.00000000,000.00047498,000.00008774,000.15027572,000.23
Tournament (k=3),Blend,Uniform,0.83749,0.08092,000.00000000,000.00000291,000.00000000,000.01420053,000.23
Tournament (k=3),Blend,Uniform,0.97087,0.03686,000.00000000,000.00000315,000.00000000,000.32729614,000.28
Tournament (k=3),Blend,Uniform,0.70139,0.10516,000.00000000,000.00000439,000.00000000,000.00095104,000.28
Tournament (k=3),Blend,Uniform,0.64187,0.08830,000.00000000,000.00008855,000.00000763,000.00498925,000.29
Tournament (k=3),Blend,Uniform,0.58741,0.10516,000.00000000,000.00021482,000.00010109,000.00778731,000.30
Tournament (k=3),Blend,Uniform,0.72243,0.05228,000.00000000,000.00029769,000.00001335,000.08404170,000.21
Tournament (k=3),Blend,Uniform,0.88849,0.12524,000.00000000,000.00002694,000.00000763,000.14161512,000.38
Tournament (k=3),Blend,Uniform,0.94259,0.03378,000.00000000,000.00110211,000.00000000,000.49310240,000.21
Tournament (k=3),Blend,Uniform,0.76642,0.08092,000.00000000,000.00001044,000.00000000,000.00474318,000.24
Tournament (k=3),Blend,Uniform,0.78941,0.25191,000.06639481,001.59207129,001.82886696,000.92150712,000.37
Tournament (k=3),Blend,Uniform,0.60503,0.11476,000.00000000,000.00007491,000.00004578,000.00526159,000.31
Tournament (k=3),Blend,Uniform,0.52190,0.21153,000.00811768,000.32090300,000.35716438,000.49125233,000.34
Tournament (k=3),Blend,Uniform,0.78941,0.10516,000.00000000,000.00000114,000.00000000,000.00198290,000.34
Tournament (k=3),Blend,Uniform,0.55369,0.05228,000.00000000,000.00177259,000.00105286,000.14232984,000.24
Tournament (k=3),Blend,Uniform,0.91514,0.16276,000.00049973,000.35763520,000.32171822,000.62343758,000.36
Tournament (k=3),Blend,Uniform,0.70139,0.03378,000.00000000,000.00272207,000.00027847,000.31654099,000.21
Tournament (k=3),Blend,Uniform,0.86261,0.10516,000.00000000,000.00000019,000.00000000,000.02365047,000.30
Tournament (k=3),Blend,Uniform,0.86261,0.03095,000.00000000,000.00003333,000.00000000,000.32395399,000.20
Tournament (k=3),Blend,Uniform,0.66113,0.03686,000.00000000,000.00135088,000.00012589,000.23688646,000.21
Tournament (k=3),Blend,Uniform,0.57030,0.06795,000.00000000,000.00164232,000.00036430,000.10032268,000.27
Tournament (k=3),Blend,Uniform,0.97087,0.04023,000.00000000,000.00005960,000.00000000,000.32904825,000.25
Tournament (k=3),Blend,Uniform,0.91514,0.02000,000.00000000,000.07132163,000.00000000,000.48218882,000.27
Tournament (k=3),Blend,Uniform,0.83749,0.16276,000.00072479,000.10005055,000.08738899,000.50275350,000.35
Tournament (k=3),Blend,Uniform,1.00000,0.13667,000.00000763,000.04000230,000.02005768,000.48122758,000.27
Tournament (k=3),Blend,Uniform,0.88849,0.04791,000.00000000,000.00000000,000.00000000,000.23617950,000.28
Tournament (k=3),Blend,Uniform,0.66113,0.12524,000.00000000,000.00001054,000.00000572,000.00655921,000.26
Tournament (k=3),Blend,Uniform,0.57030,0.02382,000.00000000,000.09863186,000.00551605,000.54085952,000.19
Tournament (k=3),Blend,Uniform,0.62318,0.16276,000.00001526,000.00408421,000.00336266,000.14822668,000.30
Tournament (k=3),Blend,Uniform,0.68096,0.14915,000.00000000,000.00106130,000.00060654,000.07643005,000.34
Tournament (k=3),Blend,Uniform,0.74410,0.05228,000.00000000,000.00008688,000.00000000,000.14054181,000.24
Tournament (k=3),Blend,Uniform,0.78941,0.03378,000.00000000,000.00026336,000.00000000,000.27086321,000.21
Tournament (k=3),Blend,Uniform,0.94259,0.09637,000.00000000,000.00000005,000.00000000,000.10251597,000.32
Tournament (k=3),Blend,Uniform,0.86261,0.03378,000.00000000,000.00016785,000.00000000,000.31085178,000.22
Tournament (k=3),Blend,Uniform,0.70139,0.23084,000.04087830,001.08583391,001.28494072,000.72661781,000.36
Tournament (k=3),Blend,Uniform,0.72243,0.30000,000.39811707,002.16811442,002.41327095,000.89944059,000.37
Tournament (k=3),Blend,Uniform,0.97087,0.30000,001.17002869,002.90621686,003.19357300,001.02508450,000.33
Tournament (k=3),Blend,Uniform,0.97087,0.11476,000.00000000,000.00000296,000.00000000,000.00212519,000.27
Tournament (k=3),Blend,Uniform,0.86261,0.11476,000.00000000,000.00000038,000.00000000,000.09955870,000.31
Tournament (k=3),Blend,Uniform,0.55369,0.13667,000.00000000,000.00007091,000.00004578,000.00106101,000.27
Tournament (k=3),Blend,Uniform,0.91514,0.02183,000.00000000,000.05169363,000.00000000,000.43073452,000.27
Tournament (k=3),Blend,Uniform,1.00000,0.05705,000.00000000,000.00000005,000.00000000,000.36727402,000.22
Tournament (k=3),Blend,Uniform,0.62318,0.02000,000.00000000,000.05007167,000.00560760,000.48151556,000.19
Tournament (k=3),Blend,Uniform,0.81310,0.13667,000.00000000,000.00039835,000.00009537,000.10604680,000.34
Tournament (k=3),Blend,Uniform,0.58741,0.21153,000.00353241,000.35554090,000.44388580,000.45963758,000.28
Tournament (k=3),Blend,Uniform,0.64187,0.23084,000.04586792,000.81977427,001.05565834,000.77596009,000.43
Tournament (k=3),Blend,Uniform,0.74410,0.05705,000.00000000,000.00007930,000.00000763,000.09959455,000.23
Tournament (k=3),Blend,Uniform,1.00000,0.14915,000.00050735,000.20379500,000.17024612,000.57983708,000.36
Tournament (k=3),Blend,Uniform,0.94259,0.23084,000.16022491,001.80931056,002.15342140,000.93078357,000.37
Tournament (k=3),Blend,Uniform,0.86261,0.27490,000.35583878,002.28188133,002.66244125,001.12225890,000.37
Tournament (k=3),Blend,Uniform,0.74410,0.12524,000.00000000,000.00000501,000.00000000,000.00620175,000.32
Tournament (k=3),Blend,Uniform,0.76642,0.02837,000.00000000,000.00147023,000.00010109,000.29731086,000.27
Tournament (k=3),Blend,Uniform,0.72243,0.13667,000.00000000,000.00004239,000.00003052,000.00283564,000.27
Tournament (k=3),Blend,Uniform,0.62318,0.17762,000.00082016,000.05706267,000.05843163,000.26939660,000.35
Tournament (k=3),Blend,Uniform,0.68096,0.02000,000.00000000,000.14711818,000.00261497,000.58170295,000.26
Tournament (k=3),Blend,Uniform,1.00000,0.02000,000.00000000,000.10834823,000.00000000,000.58046573,000.26
Tournament (k=3),Blend,Uniform,0.68096,0.05705,000.00000000,000.00042343,000.00016022,000.10015050,000.26
Tournament (k=3),Blend,Uniform,0.83749,0.08830,000.00000000,000.00000095,000.00000000,000.00154302,000.25
Tournament (k=3),Blend,Uniform,0.94259,0.03686,000.00000000,000.00011301,000.00000000,000.37092853,000.21
Tournament (k=3),Blend,Uniform,0.88849,0.13667,000.00000000,000.00125370,000.00081062,000.15827042,000.27
Tournament (k=3),Blend,Uniform,0.76642,0.08830,000.00000000,000.00000148,000.00000000,000.00142668,000.24
Tournament (k=3),Blend,Uniform,0.64187,0.09637,000.00000000,000.00004678,000.00001717,000.09900940,000.31
Tournament (k=3),Blend,Uniform,0.76642,0.27490,000.33856201,001.98598576,002.28902626,001.05832887,000.38
Tournament (k=3),Blend,Uniform,0.70139,0.03686,000.00000000,000.00065289,000.00007629,000.23603788,000.21
Tournament (k=3),Blend,Uniform,0.83749,0.02183,000.00000000,000.02469330,000.00000000,000.43632290,000.26
Tournament (k=3),Blend,Uniform,0.78941,0.11476,000.00000000,000.00000153,000.00000000,000.09696271,000.26
Tournament (k=3),Blend,Uniform,0.81310,0.14915,000.00000000,000.01542997,000.01261902,000.24467050,000.33
Tournament (k=3),Blend,Uniform,0.60503,0.12524,000.00000000,000.00001750,000.00000381,000.00154332,000.32
Tournament (k=3),Blend,Uniform,0.76642,0.03095,000.00000000,000.00151682,000.00000000,000.36110955,000.24
Tournament (k=3),Blend,Uniform,0.57030,0.07415,000.00000000,000.00068111,000.00033379,000.02148463,000.23
Tournament (k=3),Blend,Uniform,0.78941,0.27490,000.04590988,001.71557236,002.08913612,001.07380247,000.38
Tournament (k=3),Blend,Uniform,0.81310,0.06226,000.00000000,000.00000048,000.00000000,000.13927853,000.30
Tournament (k=3),Blend,Uniform,0.91514,0.06226,000.00000000,000.00000000,000.00000000,000.14358056,000.30
Tournament (k=3),Blend,Uniform,0.57030,0.02599,000.00000000,000.01387548,000.00601196,000.36551231,000.19
Tournament (k=3),Blend,Uniform,0.91514,0.17762,000.01874924,000.69836265,001.00910759,000.79012251,000.36
Tournament (k=3),Blend,Uniform,0.97087,0.04390,000.00000000,000.00000019,000.00000000,000.39240086,000.29
Tournament (k=3),Blend,Uniform,1.00000,0.02183,000.00000000,000.00204306,000.00000000,000.45629188,000.28
Tournament (k=3),Blend,Uniform,0.83749,0.09637,000.00000000,000.00000005,000.00000000,000.09929746,000.29
Tournament (k=3),Blend,Uniform,0.88849,0.05228,000.00000000,000.00000033,000.00000000,000.25569263,000.29
Tournament (k=3),Blend,Uniform,0.78941,0.03686,000.00000000,000.00007000,000.00000000,000.32959485,000.21
Tournament (k=3),Blend,Uniform,0.66113,0.13667,000.00000000,000.00002365,000.00001526,000.09946263,000.27
Tournament (k=3),Blend,Uniform,0.86261,0.03686,000.00000000,000.00000696,000.00000000,000.23811677,000.21
Tournament (k=3),Blend,Uniform,0.83749,0.17762,000.00169754,000.43121871,000.37709236,000.67531472,000.36
Tournament (k=3),Blend,Uniform,0.68096,0.16276,000.00004578,000.01722817,000.01531601,000.16677381,000.35
Tournament (k=3),Blend,Uniform,0.94259,0.10516,000.00000000,000.00000000,000.00000000,000.08510202,000.33
Tournament (k=3),Blend,Uniform,0.74410,0.02000,000.00000000,000.03629990,000.00027466,000.46171126,000.26
Tournament (k=3),Blend,Uniform,1.00000,0.06226,000.00000000,000.00000043,000.00000000,000.29947770,000.23
Tournament (k=3),Blend,Uniform,0.62318,0.02183,000.00000000,000.08330669,000.00427437,000.51528543,000.20
Tournament (k=3),Blend,Uniform,0.86261,0.12524,000.00000000,000.00001593,000.00000000,000.00727723,000.27
Tournament (k=3),Blend,Uniform,0.62318,0.06226,000.00000000,000.00060177,000.00013733,000.05449098,000.28
Tournament (k=3),Blend,Uniform,0.55369,0.14915,000.00000000,000.00032473,000.00024986,000.00353277,000.28
Tournament (k=3),Blend,Uniform,0.97087,0.04791,000.00000000,000.00000000,000.00000000,000.32967189,000.27
Tournament (k=3),Blend,Uniform,0.70139,0.25191,000.14381409,001.30964017,001.56474876,000.85608548,000.37
Tournament (k=3),Blend,Uniform,0.81310,0.06795,000.00000000,000.00000730,000.00000000,000.00426157,000.32
Tournament (k=3),Blend,Uniform,0.97087,0.12524,000.00000000,000.00030937,000.00005341,000.05599158,000.35
Tournament (k=3),Blend,Uniform,0.66113,0.04023,000.00000000,000.00166030,000.00009537,000.20244941,000.21
Tournament (k=3),Blend,Uniform,1.00000,0.02382,000.00000000,000.09986214,000.00000000,000.54306781,000.31
Tournament (k=3),Blend,Uniform,0.74410,0.13667,000.00000000,000.00009980,000.00002861,000.09947954,000.28
Tournament (k=3),Blend,Uniform,0.72243,0.14915,000.00000000,000.00207448,000.00139236,000.15799619,000.27
Tournament (k=3),Blend,Uniform,0.58741,0.23084,000.01290512,000.66017830,000.78293991,000.64193887,000.38
Tournament (k=3),Blend,Uniform,1.00000,0.16276,000.02474213,000.51377785,000.57143021,000.67935747,000.37
Tournament (k=3),Blend,Uniform,0.68096,0.06226,000.00000000,000.00032496,000.00006676,000.10193553,000.23
Tournament (k=3),Blend,Uniform,0.62318,0.19383,000.00728607,000.26514715,000.27499771,000.42903906,000.30
Tournament (k=3),Blend,Uniform,0.86261,0.30000,000.59489441,002.53962111,002.76270676,001.07089913,000.39
Tournament (k=3),Blend,Uniform,0.94259,0.25191,000.20775604,002.23841381,002.48801804,001.07675195,000.40
Tournament (k=3),Blend,Uniform,0.68096,0.02183,000.00000000,000.17433271,000.00911522,000.57639855,000.26
Tournament (k=3),Blend,Uniform,0.94259,0.04023,000.00000000,000.00000119,000.00000000,000.23721263,000.27
Tournament (k=3),Blend,Uniform,0.74410,0.02183,000.00000000,000.05369992,000.00035477,000.48121908,000.30
Tournament (k=3),Blend,Uniform,0.88849,0.14915,000.00002289,000.06491546,000.05763817,000.36462066,000.29
Tournament (k=3),Blend,Uniform,0.62318,0.06795,000.00000000,000.00056453,000.00024605,000.02868141,000.29
Tournament (k=3),Blend,Uniform,0.64187,0.10516,000.00000000,000.00003276,000.00000763,000.00418375,000.32
Tournament (k=3),Blend,Uniform,0.83749,0.02382,000.00000000,000.01732569,000.00000000,000.41190594,000.28
Tournament (k=3),Blend,Uniform,0.78941,0.12524,000.00000000,000.00000815,000.00000000,000.04256969,000.27
Tournament (k=3),Blend,Uniform,0.91514,0.02382,000.00000000,000.07849846,000.00000000,000.52753228,000.21
Tournament (k=3),Blend,Uniform,0.76642,0.03378,000.00000000,000.00013924,000.00000572,000.28384036,000.28
Tournament (k=3),Blend,Uniform,0.60503,0.13667,000.00000000,000.00003095,000.00002289,000.00349742,000.32
Tournament (k=3),Blend,Uniform,0.91514,0.06795,000.00000000,000.00000048,000.00000000,000.19534735,000.24
Tournament (k=3),Blend,Uniform,0.78941,0.30000,000.49292755,002.12678385,002.38071632,001.15906310,000.31
Tournament (k=3),Blend,Uniform,0.76642,0.30000,000.47589874,002.13667345,002.41711807,001.06386399,000.36
Tournament (k=3),Blend,Uniform,0.81310,0.16276,000.00007248,000.10982318,000.10227203,000.36293393,000.36
Tournament (k=3),Blend,Uniform,0.74410,0.06226,000.00000000,000.00002909,000.00000381,000.14415830,000.23
Tournament (k=3),Blend,Uniform,0.74410,0.14915,000.00000381,000.00307312,000.00152397,000.20680381,000.37
Tournament (k=3),Blend,Uniform,0.78941,0.04023,000.00000000,000.00045638,000.00000572,000.33403739,000.25
Tournament (k=3),Blend,Uniform,0.88849,0.05705,000.00000000,000.00000334,000.00000000,000.17048728,000.30
Tournament (k=3),Blend,Uniform,0.91514,0.19383,000.05805206,000.96055353,001.16193962,000.80891347,000.34
Tournament (k=3),Blend,Uniform,0.66113,0.14915,000.00000381,000.00057282,000.00038147,000.02520640,000.28
Tournament (k=3),Blend,Uniform,0.86261,0.04023,000.00000000,000.00002398,000.00000000,000.26971325,000.29
Tournament (k=3),Blend,Uniform,0.62318,0.02382,000.00000000,000.06612911,000.00641632,000.47350177,000.20
Tournament (k=3),Blend,Uniform,0.64187,0.25191,000.08403778,001.18155277,001.48867226,000.80983084,000.36
Tournament (k=3),Blend,Uniform,1.00000,0.06795,000.00000000,000.00000038,000.00000000,000.24472778,000.24
Tournament (k=3),Blend,Uniform,0.62318,0.07415,000.00000000,000.00018549,000.00003433,000.00482420,000.30
Tournament (k=3),Blend,Uniform,0.94259,0.27490,000.19968033,002.44493723,002.88242912,001.12610292,000.38
Tournament (k=3),Blend,Uniform,0.83749,0.02599,000.00000000,000.00023808,000.00000000,000.35496184,000.28
Tournament (k=3),Blend,Uniform,0.97087,0.05228,000.00000000,000.00000639,000.00000000,000.30235329,000.23
Tournament (k=3),Blend,Uniform,0.94259,0.11476,000.00000000,000.00000224,000.00000000,000.09962762,000.32
Tournament (k=3),Blend,Uniform,0.66113,0.04390,000.00000000,000.00165052,000.00012589,000.22426155,000.22
Tournament (k=3),Blend,Uniform,0.81310,0.02000,000.00000000,000.13785282,000.00017166,000.52259821,000.27
Tournament (k=3),Blend,Uniform,0.81310,0.07415,000.00000000,000.00000000,000.00000000,000.00108492,000.27
Tournament (k=3),Blend,Uniform,0.60503,0.14915,000.00000000,000.00020523,000.00016594,000.10672185,000.32
Tournament (k=3),Blend,Uniform,1.00000,0.02599,000.00000000,000.05455976,000.00000000,000.55679613,000.28
Tournament (k=3),Blend,Uniform,0.68096,0.06795,000.00000000,000.00036702,000.00008774,000.05014903,000.23
Tournament (k=3),Blend,Uniform,0.97087,0.13667,000.00000000,000.02910695,000.01713562,000.34150696,000.35
Tournament (k=3),Blend,Uniform,0.70139,0.27490,000.11398315,001.45963359,001.75109673,000.94292325,000.37
Tournament (k=3),Blend,Uniform,0.94259,0.04390,000.00000000,000.00000000,000.00000000,000.26992166,000.21
Tournament (k=3),Blend,Uniform,0.83749,0.10516,000.00000000,000.00000000,000.00000000,000.01354927,000.25
Tournament (k=3),Blend,Uniform,0.88849,0.02000,000.00000000,000.08463106,000.00001526,000.51186049,000.26
Tournament (k=3),Blend,Uniform,0.68096,0.02382,000.00000000,000.07018165,000.00086594,000.47435805,000.25
Tournament (k=3),Blend,Uniform,0.58741,0.25191,000.03550339,000.94733906,001.24811935,000.70225883,000.32
Tournament (k=3),Blend,Uniform,0.74410,0.02382,000.00000000,000.01174941,000.00017929,000.39247879,000.26
Tournament (k=3),Blend,Uniform,0.62318,0.21153,000.01387024,000.62788731,000.92594337,000.66415477,000.30
Tournament (k=3),Blend,Uniform,1.00000,0.17762,000.02882385,000.95618248,001.24948311,000.79293424,000.37
Tournament (k=3),Blend,Uniform,0.88849,0.16276,000.00284576,000.25294447,000.20100021,000.62587482,000.31
Tournament (k=3),Blend,Uniform,0.68096,0.17762,000.00082397,000.06260671,000.06555557,000.36393821,000.29
Tournament (k=3),Blend,Uniform,0.76642,0.03686,000.00000000,000.00038681,000.00001526,000.28441462,000.27
Tournament (k=3),Blend,Uniform,0.91514,0.07415,000.00000000,000.00000134,000.00000000,000.22145301,000.24
Tournament (k=3),Blend,Uniform,0.83749,0.19383,000.04053497,000.76517034,001.01974487,000.68543869,000.35
Tournament (k=3),Blend,Uniform,0.91514,0.02599,000.00000000,000.00178690,000.00000000,000.51146680,000.30
Tournament (k=3),Blend,Uniform,0.78941,0.13667,000.00000000,000.00034332,000.00014305,000.19390300,000.34
Tournament (k=3),Blend,Uniform,0.74410,0.06795,000.00000000,000.00001369,000.00000000,000.13969196,000.23
Tournament (k=3),Blend,Uniform,0.86261,0.13667,000.00000000,000.00113640,000.00017548,000.13997553,000.32
Tournament (k=3),Blend,Uniform,0.62318,0.02599,000.00000000,000.02596006,000.00316620,000.47879326,000.19
Tournament (k=3),Blend,Uniform,0.86261,0.04390,000.00000000,000.00000663,000.00000000,000.30879405,000.22
Tournament (k=3),Blend,Uniform,0.78941,0.04390,000.00000000,000.00001974,000.00000000,000.23742914,000.25
Tournament (k=3),Blend,Uniform,0.88849,0.06226,000.00000000,000.00000000,000.00000000,000.29452831,000.27
Tournament (k=3),Blend,Uniform,0.74410,0.16276,000.00013351,000.03420005,000.02939987,000.34805760,000.28
Tournament (k=3),Blend,Uniform,0.81310,0.17762,000.00841141,000.41785207,000.41816902,000.56268561,000.35
Tournament (k=3),Blend,Uniform,1.00000,0.07415,000.00000000,000.00000000,000.00000000,000.19523428,000.28
Tournament (k=3),Blend,Uniform,0.91514,0.21153,000.04740524,001.49673760,001.69775009,000.84143066,000.37
Tournament (k=3),Blend,Uniform,0.66113,0.04791,000.00000000,000.00058222,000.00006104,000.21096869,000.21
Tournament (k=3),Blend,Uniform,0.83749,0.02837,000.00000000,000.00135150,000.00000000,000.36674273,000.27
Tournament (k=3),Blend,Uniform,0.81310,0.02183,000.00000000,000.00263529,000.00000000,000.47939029,000.22
Tournament (k=3),Blend,Uniform,1.00000,0.02837,000.00000000,000.02775984,000.00000000,000.46603605,000.22
Tournament (k=3),Blend,Uniform,0.64187,0.27490,000.12098694,001.43571758,001.76198196,000.95657057,000.38
Tournament (k=3),Blend,Uniform,0.88849,0.17762,000.00672913,000.56891698,000.57557297,000.68733931,000.30
Tournament (k=3),Blend,Uniform,0.68096,0.07415,000.00000000,000.00004239,000.00000572,000.14352562,000.23
Tournament (k=3),Blend,Uniform,0.94259,0.30000,000.25505829,002.86598468,003.35604858,001.28373170,000.38
Tournament (k=3),Blend,Uniform,0.94259,0.04791,000.00000000,000.00000014,000.00000000,000.19528456,000.22
Tournament (k=3),Blend,Uniform,0.76642,0.09637,000.00000000,000.00000124,000.00000000,000.00101953,000.29
Tournament (k=3),Blend,Uniform,0.68096,0.02599,000.00000000,000.01576166,000.00091553,000.40369266,000.22
Tournament (k=3),Blend,Uniform,0.94259,0.12524,000.00000000,000.00006332,000.00002289,000.01514366,000.35
Tournament (k=3),Blend,Uniform,0.88849,0.02183,000.00000000,000.00045304,000.00000000,000.42359975,000.26
Tournament (k=3),Blend,Uniform,0.74410,0.17762,000.00172424,000.29209167,000.27090645,000.52965778,000.28
Tournament (k=3),Blend,Uniform,0.97087,0.14915,000.00034332,000.14050913,000.12281990,000.52883101,000.35
Tournament (k=3),Blend,Uniform,0.70139,0.30000,000.18470764,001.91526568,002.34307289,001.12618780,000.37
Tournament (k=3),Blend,Uniform,0.91514,0.08092,000.00000000,000.00000019,000.00000000,000.16973785,000.24
Tournament (k=3),Blend,Uniform,0.97087,0.05705,000.00000000,000.00000429,000.00000000,000.36358672,000.30
Tournament (k=3),Blend,Uniform,0.58741,0.27490,000.21894073,001.35661483,001.53135681,000.78085613,000.36
Tournament (k=3),Blend,Uniform,0.97087,0.02000,000.00000000,000.02881246,000.00000000,000.41829059,000.20
Tournament (k=3),Blend,Uniform,0.86261,0.04791,000.00000000,000.00000510,000.00000000,000.23105879,000.22
Tournament (k=3),Blend,Uniform,0.91514,0.02837,000.00000000,000.00037012,000.00000000,000.38312200,000.27
Tournament (k=3),Blend,Uniform,1.00000,0.19383,000.05141449,001.21559238,001.49246597,000.89670771,000.35
Tournament (k=3),Blend,Uniform,0.68096,0.19383,000.01612854,000.31003195,000.26578331,000.58777225,000.32
Tournament (k=3),Blend,Uniform,0.88849,0.06795,000.00000000,000.00000000,000.00000000,000.10838326,000.24
Tournament (k=3),Blend,Uniform,0.78941,0.14915,000.00001526,000.00812135,000.00503731,000.23394147,000.31
Tournament (k=3),Blend,Uniform,0.74410,0.02599,000.00000000,000.04103556,000.00002098,000.44293851,000.26
Tournament (k=3),Blend,Uniform,0.86261,0.14915,000.00000763,000.04161544,000.03614426,000.36641905,000.32
Tournament (k=3),Blend,Uniform,0.83749,0.21153,000.05155563,001.05170608,001.38555336,000.87193584,000.36
Tournament (k=3),Blend,Uniform,1.00000,0.08092,000.00000000,000.00001011,000.00000000,000.19428259,000.27
Tournament (k=3),Blend,Uniform,0.66113,0.05228,000.00000000,000.00093598,000.00006485,000.17176263,000.22
Tournament (k=3),Blend,Uniform,0.64187,0.30000,000.14790344,001.81369627,002.21671867,000.94782060,000.37
Tournament (k=3),Blend,Uniform,1.00000,0.03095,000.00000000,000.00002937,000.00000000,000.40474185,000.21
Tournament (k=3),Blend,Uniform,0.81310,0.19383,000.01586914,000.70020288,000.96569061,000.65761977,000.35
Tournament (k=3),Blend,Uniform,0.83749,0.03095,000.00000000,000.00000825,000.00000000,000.34117740,000.27
Tournament (k=3),Blend,Uniform,0.81310,0.02382,000.00000000,000.00541763,000.00000381,000.37243682,000.26
Tournament (k=3),Blend,Uniform,0.94259,0.05228,000.00000000,000.00000000,000.00000000,000.23625183,000.22
Tournament (k=3),Blend,Uniform,0.88849,0.02382,000.00000000,000.10517607,000.00000000,000.56391180,000.20
Tournament (k=3),Blend,Uniform,0.91514,0.23084,000.10064697,001.80343783,002.05367088,001.07440400,000.37
Tournament (k=3),Blend,Uniform,0.78941,0.04791,000.00000000,000.00005498,000.00000000,000.14136100,000.25
Tournament (k=3),Blend,Uniform,0.74410,0.07415,000.00000000,000.00001755,000.00000000,000.00415108,000.27
Tournament (k=3),Blend,Uniform,0.76642,0.10516,000.00000000,000.00000110,000.00000000,000.00055573,000.25
Tournament (k=3),Blend,Uniform,0.91514,0.08830,000.00000000,000.00000000,000.00000000,000.00130481,000.25
Tournament (k=3),Blend,Uniform,0.97087,0.02183,000.00000000,000.00276399,000.00000000,000.40161127,000.23
Tournament (k=3),Blend,Uniform,0.94259,0.13667,000.00000000,000.00896516,000.00701714,000.18505283,000.31
Tournament (k=3),Blend,Uniform,0.86261,0.05228,000.00000000,000.00000072,000.00000000,000.09898949,000.23
Tournament (k=3),Blend,Uniform,0.88849,0.19383,000.00963974,000.89507836,001.10830498,000.80549550,000.37
Tournament (k=3),Blend,Uniform,0.97087,0.06226,000.00000000,000.00000019,000.00000000,000.34142748,000.28
Tournament (k=3),Blend,Uniform,0.74410,0.19383,000.02101135,000.50693917,000.67593956,000.57545280,000.33
Tournament (k=3),Blend,Uniform,1.00000,0.03378,000.00000000,000.00001063,000.00000000,000.40692344,000.24
Tournament (k=3),Blend,Uniform,0.97087,0.16276,000.00988770,000.44039312,000.47091484,000.62032306,000.36
Tournament (k=3),Blend,Uniform,0.58741,0.30000,000.11905670,001.66297472,002.01120567,000.80781037,000.36
Tournament (k=3),Blend,Uniform,0.91514,0.03095,000.00000000,000.00222645,000.00000000,000.38150609,000.31
Tournament (k=3),Blend,Uniform,0.88849,0.02599,000.00000000,000.00911026,000.00000000,000.42128062,000.20
Tournament (k=3),Blend,Uniform,1.00000,0.08830,000.00000000,000.00000939,000.00000000,000.33504298,000.27
Tournament (k=3),Blend,Uniform,0.88849,0.07415,000.00000000,000.00000000,000.00000000,000.13935705,000.31
Tournament (k=3),Blend,Uniform,0.83749,0.03378,000.00000000,000.00034833,000.00000000,000.31626651,000.28
Tournament (k=3),Blend,Uniform,0.81310,0.02599,000.00000000,000.02712226,000.00000000,000.47391137,000.27
Tournament (k=3),Blend,Uniform,1.00000,0.21153,000.18707275,001.73464394,002.05576706,000.90607166,000.37
Tournament (k=3),Blend,Uniform,0.97087,0.02382,000.00000000,000.00028334,000.00000000,000.54999590,000.20
Tournament (k=3),Blend,Uniform,0.78941,0.05228,000.00000000,000.00001101,000.00000000,000.09900127,000.22
Tournament (k=3),Blend,Uniform,0.83749,0.23084,000.06248093,001.51351607,001.61225700,001.05343270,000.36
Tournament (k=3),Blend,Uniform,0.68096,0.21153,000.06893539,000.87175703,001.08249664,000.72780538,000.35
Tournament (k=3),Blend,Uniform,0.81310,0.21153,000.05562592,001.03611863,001.35469627,000.87744784,000.35
Tournament (k=3),Blend,Uniform,0.94259,0.14915,000.00011063,000.07134595,000.06923103,000.46651930,000.27
Tournament (k=3),Blend,Uniform,0.91514,0.09637,000.00000000,000.00000005,000.00000000,000.15098412,000.30
Tournament (k=3),Blend,Uniform,0.97087,0.06795,000.00000000,000.00000067,000.00000000,000.21309847,000.25
Tournament (k=3),Blend,Uniform,1.00000,0.03686,000.00000000,000.00000582,000.00000000,000.36730063,000.21
Tournament (k=3),Blend,Uniform,0.91514,0.03378,000.00000000,000.00000052,000.00000000,000.26039177,000.20
Tournament (k=3),Blend,Uniform,0.91514,0.25191,000.14145660,002.28283358,002.62038803,001.14528739,000.33
Tournament (k=3),Blend,Uniform,0.88849,0.21153,000.07630920,001.15989113,001.41595650,000.90022731,000.33
Tournament (k=3),Blend,Uniform,0.97087,0.17762,000.02700043,000.86426294,001.13553238,000.87286037,000.28
Tournament (k=3),Blend,Uniform,0.97087,0.02599,000.00000000,000.00007029,000.00000000,000.41394717,000.19
Tournament (k=3),Blend,Uniform,0.83749,0.03686,000.00000000,000.00003686,000.00000000,000.26947507,000.23
Tournament (k=3),Blend,Uniform,1.00000,0.09637,000.00000000,000.00000014,000.00000000,000.10053591,000.26
Tournament (k=3),Blend,Uniform,0.74410,0.21153,000.07124329,000.89453346,001.18963242,000.80262440,000.32
Tournament (k=3),Blend,Uniform,1.00000,0.23084,000.30192947,002.30446172,002.52878571,001.17421353,000.29
Tournament (k=3),Blend,Uniform,0.97087,0.07415,000.00000000,000.00000067,000.00000000,000.20380898,000.20
Tournament (k=3),Blend,Uniform,0.91514,0.03686,000.00000000,000.00000134,000.00000000,000.26137725,000.19
Tournament (k=3),Blend,Uniform,0.91514,0.10516,000.00000000,000.00000000,000.00000000,000.00065176,000.24
Tournament (k=3),Blend,Uniform,0.83749,0.25191,000.31646347,001.89341772,002.11541367,001.00339258,000.30
Tournament (k=3),Blend,Uniform,0.91514,0.27490,000.46964264,002.35268378,002.70277405,001.14016438,000.26
Tournament (k=3),Blend,Uniform,1.00000,0.10516,000.00000000,000.00000253,000.00000000,000.12902990,000.21
Tournament (k=3),Blend,Uniform,0.97087,0.19383,000.08420944,001.26809847,001.48348236,000.95484215,000.25
Tournament (k=3),Blend,Uniform,1.00000,0.25191,000.52320099,002.39734674,002.67315674,001.21165895,000.24
Tournament (k=3),Blend,Uniform,0.83749,0.27490,000.19271851,002.11830902,002.42245293,001.26854134,000.25
Tournament (k=3),Blend,Uniform,0.91514,0.30000,000.21530914,002.65109777,003.10550499,001.27971625,000.25
Tournament (k=3),Blend,Uniform,0.97087,0.21153,000.21075821,001.51380372,001.73173904,001.09224033,000.24
Tournament (k=3),Blend,Uniform,1.00000,0.27490,000.07058334,002.77887845,003.06040955,001.21703959,000.24
Tournament (k=3),Blend,Uniform,0.83749,0.30000,000.91658020,002.45710063,002.76971054,000.95510876,000.25
Tournament (k=3),Blend,Uniform,1.00000,0.30000,000.85055923,002.84228992,003.26700592,001.32761419,000.25
